0.026315434,0.020940898,0.019666025,0.017382853,0.024102371,0.04238777,0.15887587,0.69131935,1.0,0.44394603,0.102697395,0.048082944
0.0093292175,0.011041814,0.009600339,0.0073219426,0.008627382,0.019178571,0.14294372,0.769505,1.0,0.34841916,0.0602138,0.021045089
0.0091437595,0.012739963,0.014369933,0.010209877,0.03121264,0.03972537,0.35064006,1.0,0.5857994,0.09820324,0.023320828,0.014230772
0.012461429,0.018471599,0.027851371,0.032533277,0.12295414,0.42714706,1.0,0.9797519,0.28578648,0.029795326,0.014476895,0.013224704
0.0226227,0.023341252,0.034934316,0.068913445,0.23636371,0.505895,1.0,0.7007818,0.14813784,0.04419572,0.031443197,0.026953267
0.016589683,0.0154221,0.014271858,0.015017284,0.07132796,0.18735869,0.6725951,1.0,0.45240405,0.08763608,0.018660408,0.018950937
0.007794889,0.016504202,0.015758581,0.0049645277,0.01700792,0.055619504,0.22491582,0.7847713,1.0,0.33491117,0.06190935,0.019369043
0.005055138,0.0117561985,0.019158458,0.003875003,0.0033320312,0.004085221,0.011351919,0.26597017,1.0,0.51279134,0.04374084,0.00806996
0.0057489197,0.023883015,0.020504773,0.0031237598,0.0018487378,0.0057931626,0.033621408,0.32824317,1.0,0.42260545,0.025849327,0.0040561394
0.008417935,0.039972667,0.025679119,0.011257042,0.0031170347,0.002279203,0.052715704,0.5767698,1.0,0.23817837,0.01162744,0.0036699383
0.01575922,0.070106596,0.03876365,0.024293125,0.003391088,0.002842056,0.10234358,0.9254984,1.0,0.12325203,0.0074720248,0.004743818
0.021843163,0.059179157,0.027653733,0.01245365,0.0014974133,0.0057651605,0.21009731,1.0,0.49615958,0.026970578,0.004978031,0.005139215
0.022116598,0.033098023,0.013945982,0.0036016647,0.0006883786,0.0066001853,0.25618592,1.0,0.32304808,0.011746037,0.0034475278,0.0039100996
0.026781136,0.051901497,0.009420266,0.0024506398,0.00057124905,0.005251949,0.1982997,1.0,0.46060053,0.021556094,0.0021120817,0.002403115
0.020921115,0.071126685,0.011048859,0.0026812071,0.000681035,0.0033528414,0.12244155,1.0,0.8110795,0.06026127,0.0021043736,0.0020641321
0.005428057,0.038559884,0.00975203,0.0023267309,0.00074547855,0.0011169404,0.048317783,0.75578517,1.0,0.10702583,0.002650662,0.0013144999
0.0032666042,0.020330165,0.0079795085,0.0015234998,0.0005772782,0.0012350345,0.023945365,0.5565758,1.0,0.14701064,0.0036189011,0.0015780288
0.004096452,0.011996493,0.007566083,0.001235552,0.0006655554,0.0010167068,0.014159397,0.36864915,1.0,0.20769753,0.005035778,0.0017557169
0.0032912977,0.015927829,0.007664348,0.0020193097,0.0007718946,0.0021752664,0.03041641,0.49792475,1.0,0.15982156,0.0039260807,0.0014602441
0.013153762,0.04654949,0.009327865,0.002575067,0.00092469336,0.0024163306,0.091878794,0.9950752,1.0,0.08229234,0.0022312035,0.0012607864
0.031168643,0.047077503,0.0076222094,0.0015593816,0.0011074179,0.006460125,0.21317,1.0,0.37160316,0.016609073,0.0011522858,0.001148743
0.035764843,0.026369853,0.009184872,0.0017371638,0.0009331999,0.011480348,0.34084022,1.0,0.18878727,0.0061640204,0.0011323085,0.0016449894
0.033822373,0.03167811,0.007608862,0.0017376351,0.0008598218,0.00673986,0.25411046,1.0,0.2588778,0.007956529,0.0014898994,0.001458359
0.017214391,0.0308942,0.0068505225,0.0028230709,0.00083267974,0.0032004379,0.1298135,1.0,0.51485276,0.016457967,0.0012553245,0.0009170817
0.007419059,0.019917326,0.008313484,0.0069031296,0.0016449938,0.0033242574,0.058837146,0.8640762,1.0,0.077208616,0.0016578315,0.002173646
0.009041323,0.0079168165,0.0057107583,0.0058386624,0.0020756598,0.0029724103,0.013050238,0.40229365,1.0,0.14940251,0.0022461158,0.0033418173
0.012286342,0.0078087333,0.0061724936,0.006103114,0.002986802,0.0031550378,0.009256902,0.29866502,1.0,0.17367508,0.0031689976,0.004935649
0.008246765,0.012724826,0.00963683,0.008108611,0.0028438882,0.0035611766,0.03787388,0.64836496,1.0,0.09965294,0.0023130218,0.004864589
0.008493118,0.015465154,0.01596201,0.0064516785,0.0022242633,0.004383079,0.123866975,1.0,0.6043787,0.02637561,0.0009890101,0.0026605905
0.0129908435,0.017155439,0.022473158,0.006123609,0.002697623,0.00559262,0.19151857,1.0,0.28461623,0.00596571,0.0007437501,0.002274644
0.011259589,0.016372103,0.0260596,0.013164855,0.0035092104,0.0045536435,0.13314022,1.0,0.5052505,0.01736806,0.0010083176,0.005599542
0.022169711,0.008295223,0.016078405,0.02362856,0.0052702073,0.002550294,0.03751767,0.72507876,1.0,0.09398453,0.0017867861,0.01532674
0.035798684,0.003799947,0.008272357,0.028356869,0.0065726405,0.002018734,0.007931942,0.34663495,1.0,0.16573706,0.0025348144,0.016272347
0.0351655,0.0046146754,0.017178016,0.043909136,0.008528988,0.0023007873,0.014402505,0.3787772,1.0,0.1513462,0.0030548684,0.020874834
0.034866687,0.01570725,0.07582654,0.063536026,0.01299596,0.004050502,0.0890311,1.0,0.994382,0.073360935,0.008670376,0.06191144
0.019458605,0.060908955,0.14266114,0.049929086,0.01280114,0.010584523,0.30847505,1.0,0.3469492,0.019804792,0.02844747,0.06700179
0.02336571,0.18568486,0.2763072,0.07160803,0.012848839,0.031397708,0.730041,1.0,0.08199312,0.009837306,0.06008134,0.04967236
0.014465905,0.14134775,0.36121726,0.08907094,0.009505958,0.019405857,0.50879586,1.0,0.18018106,0.025457894,0.023088003,0.01806407
0.007857526,0.041727398,0.29535,0.24178687,0.016791193,0.007959606,0.17569101,1.0,0.7019316,0.08751931,0.023445854,0.010764478
0.0064026434,0.015405449,0.14675462,0.35930052,0.035454787,0.0034283027,0.03454035,0.56319153,1.0,0.12705012,0.01853014,0.004895289
0.006179101,0.016005412,0.09564286,0.4484484,0.08343494,0.0049350574,0.013305528,0.36623824,1.0,0.15520914,0.0073344614,0.0024982586
0.005065006,0.020071868,0.1477183,0.5953508,0.13262889,0.01582098,0.03026805,0.44562295,1.0,0.15799497,0.0032982493,0.0014054948
0.0014770139,0.010076615,0.11629906,0.18305247,0.023764648,0.0072022756,0.08691693,1.0,0.920558,0.07587966,0.002650761,0.0010460371
0.00044344095,0.008473411,0.090896465,0.042068653,0.0039008965,0.0058368007,0.18709014,1.0,0.45210022,0.022413945,0.0014533687,0.0009870237
0.00084047107,0.010830465,0.07868688,0.020176912,0.0037801454,0.0077917418,0.25264028,1.0,0.28873372,0.0069033615,0.0010549434,0.0032061187
0.013493717,0.007974047,0.0925357,0.056762595,0.0045097065,0.0040411465,0.1598263,1.0,0.6625436,0.048503853,0.0025680948,0.015920263
0.073141836,0.015576169,0.048933137,0.12628832,0.1020849,0.039430812,0.060072463,0.5529604,1.0,0.35116085,0.049740348,0.026129682
0.06250147,0.03154963,0.015335175,0.3737948,1.0,0.31278816,0.036649045,0.10597567,0.5858481,0.79558367,0.08906836,0.009751548
0.04767596,0.021595726,0.018721677,0.42085296,0.6674341,0.1302067,0.013375052,0.07337175,1.0,0.9206155,0.039947424,0.0071840086
0.045197256,0.008059213,0.061502155,0.27524522,0.13388434,0.014604633,0.030240402,0.30452552,1.0,0.41237092,0.020397764,0.046640165
0.034957293,0.039376814,0.14045936,0.11329184,0.034141205,0.04258012,0.35906163,1.0,0.46291593,0.06949802,0.18570267,0.25310546
0.016651683,0.056148656,0.11863064,0.02620045,0.029969586,0.050365347,0.54182017,1.0,0.078678206,0.015687244,0.3379866,0.39241135
0.06503495,0.026779145,0.14066894,0.06739893,0.021782437,0.03577965,0.26546606,1.0,0.27486217,0.013326731,0.15151346,0.37684977
0.24573779,0.017341292,0.14464964,0.28761718,0.039486226,0.03090988,0.08322485,0.71836966,1.0,0.09243709,0.024662087,0.2642422
0.2362496,0.027756788,0.04682301,0.31231418,0.07216081,0.013933028,0.028548772,0.17078939,1.0,0.21807587,0.0059293057,0.06510991
0.2248788,0.034285016,0.028511873,0.30255175,0.09177772,0.012516854,0.029668443,0.12077346,1.0,0.2780457,0.005158401,0.04136844
0.25043198,0.02222753,0.07994816,0.30255714,0.059572797,0.024462748,0.05154514,0.36707816,1.0,0.16239196,0.009878759,0.14840575
0.14006078,0.016198484,0.14572628,0.1364526,0.02580737,0.044391263,0.18677834,1.0,0.50532603,0.027025044,0.081253864,0.4340677
0.028973814,0.020858236,0.08677503,0.025928246,0.020509299,0.038241036,0.3129953,1.0,0.12582666,0.005664276,0.17158723,0.40561748
0.04768165,0.017234761,0.09093219,0.039455343,0.019248942,0.036282,0.28872263,1.0,0.19385825,0.0073870756,0.13782984,0.38817143
0.28144255,0.018538682,0.1516983,0.25778374,0.04681354,0.054181047,0.17896564,0.9823073,1.0,0.07905676,0.04922471,0.42169574
0.2565031,0.029048242,0.055085085,0.32344642,0.09104058,0.030586567,0.061582237,0.22873902,1.0,0.2278686,0.006877617,0.09535864
0.15224111,0.03953352,0.015542291,0.29143587,0.16401587,0.019289518,0.046399657,0.07968944,1.0,0.50149846,0.010446139,0.018636443
0.09233259,0.026433855,0.013382874,0.23396195,0.13628237,0.013361194,0.032923616,0.08758701,1.0,0.48433912,0.00984949,0.011658972
0.08378524,0.012182039,0.05228502,0.18706971,0.058422603,0.022273686,0.049936265,0.41147783,1.0,0.21895684,0.006778027,0.04115594
0.02903659,0.019800868,0.1139146,0.07256729,0.0160892,0.029722184,0.22725205,1.0,0.44252118,0.025380976,0.009594088,0.05180109
0.0034601248,0.070959784,0.200466,0.029196218,0.013104115,0.024375154,0.40306056,1.0,0.115921184,0.007965696,0.008391145,0.020190826
0.0058721798,0.20241942,0.5495478,0.068701,0.011251429,0.02112657,0.32142723,1.0,0.19440073,0.011829522,0.0038201048,0.007165191
0.003509027,0.1057573,0.40901288,0.12067109,0.018272752,0.02281809,0.19748177,1.0,0.694079,0.08043897,0.0069508874,0.002723295
0.0012721963,0.003687045,0.042309657,0.5087069,0.98520136,0.16968367,0.02699765,0.24949342,1.0,0.65292823,0.048506033,0.0021244788
0.0014031099,0.0013673961,0.008560573,0.44589224,1.0,0.12789337,0.008506786,0.025705526,0.45510143,0.49571902,0.026654962,0.00091075484
0.004818575,0.0016729146,0.015261917,0.43695813,0.5792874,0.04946162,0.011825923,0.077196315,1.0,0.6685864,0.022509165,0.0022035735
0.01824368,0.0021301403,0.029199619,0.14459236,0.06482641,0.012546397,0.017053848,0.29338327,1.0,0.25751382,0.00699085,0.018814133
0.036131687,0.010799453,0.080931306,0.07374656,0.026081938,0.03837704,0.13338415,1.0,0.9340297,0.108816214,0.037326775,0.11623034
0.01314234,0.023004085,0.078865774,0.013778494,0.023684878,0.030452166,0.3397636,1.0,0.1330561,0.013057394,0.10035475,0.19810969
0.03114182,0.014834732,0.0969729,0.03265681,0.008545034,0.017298855,0.21069852,1.0,0.25492585,0.0082748,0.053945404,0.20056097
0.121357605,0.008584183,0.13686277,0.14930108,0.009764383,0.015747372,0.08677379,1.0,0.8865632,0.0415322,0.018204516,0.21667649
0.14488274,0.010304333,0.061548945,0.21632901,0.029466953,0.007937299,0.019304434,0.3280482,1.0,0.13149275,0.0046382262,0.077684544
0.1502144,0.015995363,0.029792713,0.23888321,0.049932808,0.004709946,0.011332808,0.14708132,1.0,0.20010296,0.0027348965,0.034712497
0.16221422,0.01511254,0.03673653,0.2581386,0.045266893,0.005350956,0.012447777,0.17675048,1.0,0.16470417,0.0019239495,0.041014455
0.16201852,0.010744852,0.05925933,0.24665964,0.030524846,0.0070740986,0.016672658,0.30845526,1.0,0.10812863,0.0026650445,0.07107348
0.13765962,0.0077405665,0.12553416,0.1964105,0.015084039,0.011610931,0.047530416,0.859132,1.0,0.05496402,0.0119147515,0.18202636
0.05464828,0.0063713626,0.10012925,0.054738376,0.005918214,0.0095631685,0.08062436,1.0,0.45655194,0.012236803,0.02332914,0.2182931
0.058836177,0.00630897,0.09394029,0.053986046,0.0080135185,0.011586533,0.09162393,1.0,0.46634075,0.012251831,0.023212884,0.2183386
0.14900087,0.009153248,0.099826284,0.20024295,0.02547261,0.016626926,0.052417763,0.7105764,1.0,0.085953854,0.010007201,0.16376017
0.14730494,0.017439377,0.038017895,0.24930172,0.05749204,0.008120971,0.018322827,0.1955175,1.0,0.21740657,0.0038310022,0.042714067
0.14029996,0.0212237,0.021847848,0.25413606,0.074836455,0.006134624,0.014954414,0.11201996,1.0,0.27421018,0.0044051944,0.022201197
0.1613256,0.016618151,0.039513703,0.25639907,0.055151314,0.008486629,0.018481791,0.19453928,1.0,0.19870853,0.0044225743,0.05230456
0.20072004,0.012444102,0.11447823,0.24593498,0.03016757,0.018966716,0.0619338,0.68234485,1.0,0.09436917,0.017853323,0.21977396
0.045650557,0.017859109,0.08924737,0.04275538,0.014894565,0.023153502,0.25619105,1.0,0.25242957,0.012087576,0.10705239,0.2925282
0.010884912,0.028233709,0.06584598,0.011963221,0.015617136,0.026723683,0.4578216,1.0,0.08028847,0.009216569,0.19504024,0.26974928
0.015960291,0.022502724,0.07219422,0.015016701,0.012769353,0.0223842,0.38360342,1.0,0.09809704,0.007666336,0.15433867,0.2690238
0.07216444,0.013449045,0.10815242,0.05080778,0.013020357,0.02484663,0.18409255,1.0,0.31240746,0.009627033,0.0640699,0.3343305
0.230219,0.009547343,0.17126589,0.1896329,0.022645026,0.039038878,0.099228896,1.0,0.88126916,0.032564927,0.027581109,0.42638403
0.25759143,0.008541546,0.14543477,0.25899264,0.022739286,0.033374272,0.05864899,0.64834803,1.0,0.049952812,0.008655291,0.27147824
0.25171635,0.009981128,0.11687607,0.28369418,0.024740713,0.02656919,0.043373518,0.46699217,1.0,0.06542398,0.0042972285,0.17758329
0.25169855,0.010335442,0.14308777,0.26276752,0.026360853,0.03278254,0.061178003,0.69232345,1.0,0.057225842,0.011806286,0.2547887
0.117694944,0.012231136,0.1535778,0.11149466,0.01829558,0.03344908,0.13199344,1.0,0.4885823,0.01695159,0.053778756,0.367349
0.032841593,0.013433736,0.09038398,0.026122695,0.012377855,0.02227156,0.1993256,1.0,0.18890414,0.0053535583,0.08853813,0.31873253
0.0594233,0.009056175,0.104691334,0.046373017,0.011459989,0.022940457,0.13768265,1.0,0.33151966,0.008049829,0.049705096,0.31590053
0.111163266,0.0075723277,0.15381996,0.09977042,0.0141477855,0.02954679,0.09161261,1.0,0.54713756,0.013583862,0.025540086,0.33548936
0.13332117,0.008441512,0.18454148,0.13064076,0.016846597,0.03555257,0.08972861,1.0,0.6390565,0.017433641,0.021560756,0.337058
0.18570134,0.008504831,0.20150217,0.18834332,0.021283418,0.043273102,0.0903065,1.0,0.84598947,0.02870647,0.022086998,0.3816275
0.22606309,0.007983142,0.20352466,0.25441748,0.021567864,0.040338386,0.07027899,0.8859776,1.0,0.038008492,0.013368922,0.32998332
0.19436179,0.0077383504,0.21593913,0.2559884,0.020361803,0.036972772,0.07014137,0.9557706,1.0,0.03412928,0.012088826,0.29813614
0.113842115,0.009978212,0.19227067,0.16104831,0.01676026,0.028902479,0.09445452,1.0,0.63934916,0.018480236,0.024532836,0.27312383
0.032660846,0.018969048,0.10974988,0.03972825,0.0135646295,0.021631144,0.24019723,1.0,0.2160457,0.007768547,0.085167214,0.24987726
0.008002819,0.035449214,0.067827255,0.0066281483,0.0139964,0.021639712,0.54530656,1.0,0.065798454,0.008526782,0.17902373,0.20506245
0.009642561,0.027773153,0.06623426,0.0074716676,0.010754462,0.018642558,0.48464537,1.0,0.08024574,0.007935283,0.15292624,0.19478038
0.027123693,0.010737207,0.07592846,0.023070635,0.005918864,0.012754854,0.19160324,1.0,0.23315495,0.006168725,0.04980476,0.19107124
0.1022639,0.006468055,0.09813383,0.085446015,0.009030387,0.014791332,0.082924806,1.0,0.67271376,0.022496503,0.020729156,0.23476063
0.16931783,0.00640541,0.07882498,0.16205823,0.015492492,0.014522934,0.034805916,0.5959523,1.0,0.06167265,0.006556734,0.15978362
0.1635431,0.006964179,0.065283686,0.1955351,0.018569332,0.012833584,0.023472339,0.38084674,1.0,0.07990678,0.0035886941,0.09780869
0.16146149,0.0058380673,0.08476596,0.17870902,0.013526043,0.015577849,0.028606467,0.5765082,1.0,0.05579405,0.0058003655,0.13716985
0.14855191,0.0049362923,0.099694744,0.1368769,0.010135276,0.01823832,0.0428657,0.8753666,1.0,0.038516756,0.009346265,0.19606218
0.094317466,0.0045151976,0.093686536,0.08088314,0.007710769,0.016398365,0.054049913,1.0,0.7893586,0.024156539,0.013491556,0.20430195
0.04363589,0.0050796214,0.07399666,0.03603917,0.0055907243,0.014907265,0.08205494,1.0,0.45275882,0.010075514,0.017478172,0.16823599
0.03630348,0.0056056143,0.06303576,0.024623344,0.00497407,0.012456335,0.097084835,1.0,0.34050813,0.006180168,0.023245657,0.1827047
0.0872424,0.0052544703,0.071436495,0.06629994,0.007411295,0.012434007,0.07224001,1.0,0.6675549,0.023421006,0.020046983,0.219168
0.15496258,0.008173345,0.0476598,0.1409345,0.01684948,0.008735873,0.024546124,0.4599104,1.0,0.08909763,0.0057282504,0.11035965
0.16072154,0.017050158,0.023280984,0.15860927,0.035269104,0.0055747177,0.012182228,0.17199941,1.0,0.19602945,0.0042231567,0.042542823
0.14770053,0.025937214,0.0128199505,0.1612321,0.05755942,0.004260896,0.01060168,0.096563764,1.0,0.31282395,0.005219821,0.021102466
0.15677638,0.02144353,0.019758461,0.14776425,0.04430462,0.0054028435,0.01204661,0.15607505,1.0,0.254274,0.004907027,0.040122867
0.1711472,0.010452303,0.06230384,0.12423029,0.014990643,0.010513381,0.03084454,0.57160234,1.0,0.09361544,0.008343989,0.14670844
0.06951795,0.0057839174,0.07919029,0.050704252,0.005482882,0.011027561,0.07557821,1.0,0.52720034,0.015298259,0.020413721,0.20940296
0.060927466,0.004651446,0.07145651,0.043461323,0.004726853,0.01002516,0.07407963,1.0,0.50490355,0.011602568,0.020216264,0.20906441
0.14032148,0.005446648,0.0956137,0.13049412,0.009425453,0.012986997,0.052019935,0.9209912,1.0,0.043101877,0.012855856,0.22102684
0.16828445,0.0074301776,0.06721313,0.18741226,0.01673103,0.011388992,0.021448392,0.38922417,1.0,0.07786519,0.0038029605,0.11150527
0.1970331,0.017180575,0.047582958,0.17627244,0.02621827,0.011486138,0.019057136,0.2882311,1.0,0.12251788,0.0052829213,0.07142672
0.15436983,0.020220807,0.051475305,0.09419256,0.034391917,0.02118957,0.04178826,0.6755742,1.0,0.11697853,0.013675598,0.08011544
0.042445477,0.004715011,0.05401662,0.036879424,0.009813393,0.0094464915,0.06833972,1.0,0.6049871,0.019007739,0.022503965,0.14312807
0.045455802,0.003910346,0.05521567,0.028041447,0.006316696,0.010134117,0.09172292,1.0,0.41531488,0.010319065,0.02915765,0.22386542
0.07217296,0.0041092355,0.08924682,0.075149044,0.015370502,0.021658905,0.07846378,1.0,0.62413424,0.0212532,0.018727653,0.22963789
0.20709175,0.007156441,0.16938044,0.25187188,0.040071387,0.043600947,0.06262501,0.8758975,1.0,0.054129265,0.015199015,0.34070984
0.29182106,0.013673884,0.15847,0.3228823,0.05934619,0.046143204,0.042157765,0.41182762,1.0,0.121204525,0.020279327,0.37061885
0.64146996,0.11938934,0.22263558,0.401305,0.21615562,0.1998531,0.23723952,0.5297297,0.945433,0.44479847,0.2644093,1.0
0.7962602,0.25381777,0.21621466,0.41777298,0.48296294,0.53774655,0.48623902,0.42748544,0.35124704,0.5419368,0.5555162,1.0
1.0,0.24218112,0.18561254,0.39505985,0.690357,0.6374981,0.47138932,0.40986243,0.18014455,0.30706745,0.46642703,0.8736113
0.77836645,0.41086784,0.33221415,0.30370677,0.39557365,0.30505443,0.1690566,0.3570008,0.4046863,0.43022648,0.6722534,1.0
0.7014547,0.5075443,0.43316916,0.69067836,0.8413006,0.39274287,0.3329119,0.3037705,0.38583073,0.5299363,0.70815146,1.0
0.41022804,0.26739532,0.21244766,0.43430445,0.40831634,0.43431216,0.19158235,0.31742954,0.8507361,1.0,0.43922946,0.4956957
0.14046916,0.06827775,0.07017021,0.0785673,0.17400871,0.3051122,0.116842836,0.15602145,0.7278769,1.0,0.3213736,0.22764099
0.5853192,0.37185112,0.30651078,0.25524223,0.39696872,0.39427832,0.3751,0.31636313,0.6339293,1.0,0.7321281,0.84386885
0.8072726,0.51987344,0.31438383,0.23734953,0.33238134,0.2603079,0.3480074,0.5577744,0.7353465,0.77137494,0.8381993,1.0
0.9524498,0.66170007,0.49392986,0.3929909,0.43452042,0.44346848,0.41426924,0.58296424,0.6004847,0.58457136,0.7894439,1.0
0.9787302,0.7320132,0.5401579,0.4723968,0.51804084,0.50989264,0.45416537,0.49518007,0.55731064,0.6312417,0.79324776,1.0
0.9368405,0.6245223,0.36203903,0.24633272,0.22883376,0.2521386,0.32459858,0.46478596,0.58935046,0.680452,0.8342106,1.0
0.9614096,0.73466,0.54687655,0.40309358,0.30193594,0.27540368,0.35573602,0.49731988,0.62060994,0.696302,0.8406313,1.0
0.7953857,0.8688065,1.0,0.87518567,0.6306115,0.45117456,0.4146978,0.3646035,0.30183032,0.33604187,0.48865965,0.6855439
0.19167787,0.4474067,1.0,0.77529246,0.37619472,0.5803199,0.9543048,0.44437137,0.14589785,0.1816327,0.25782666,0.17352934
0.1081104,0.12800953,0.23409854,0.3783006,0.5191983,0.8240613,1.0,0.5181955,0.15779229,0.12472742,0.17092216,0.13689028
0.15285958,0.11110517,0.082639486,0.28135008,0.55826205,0.9255869,1.0,0.5738677,0.2909287,0.1963828,0.3349581,0.25373644
0.5399357,0.49211538,0.6453459,0.79152966,0.6329826,0.76999617,0.72344583,0.5606887,0.66316897,0.6979898,1.0,0.7849432
1.0,0.7403138,0.68174225,0.93074536,0.9005079,0.75310326,0.8073302,0.71427155,0.6583053,0.69796735,0.8517425,0.98809814
0.67500854,1.0,0.9130249,0.6844084,0.67246556,0.6319737,0.36363268,0.3802658,0.4032976,0.3668755,0.42846656,0.4966056
0.657312,1.0,0.99290955,0.8122424,0.9053088,0.8577615,0.49711716,0.41880563,0.43665916,0.39891714,0.41556978,0.5030505
1.0,0.9731854,0.89446425,0.83071023,0.80338514,0.69798625,0.51668,0.44911242,0.46427023,0.5608954,0.73784184,0.9141379
1.0,0.9087441,0.8460445,0.8108657,0.7898793,0.7158909,0.5996121,0.5774841,0.6105755,0.68538696,0.81478006,0.96953875
0.6684547,0.62691927,0.6769935,0.6464177,0.6071755,0.56883943,0.5847734,0.77557546,0.97545195,1.0,0.8824693,0.7602333
1.0,0.9142387,0.8786907,0.6709356,0.44679955,0.33005333,0.28948605,0.37669647,0.4862399,0.56997514,0.7276917,0.9547691
1.0,0.82914317,0.6345507,0.4379817,0.2784253,0.20385408,0.18371266,0.22178495,0.27047613,0.36738014,0.61138725,0.9345988
1.0,0.69911504,0.38989,0.21998146,0.15488641,0.15560432,0.21800193,0.32508042,0.41113818,0.49759945,0.6994503,0.9888688
1.0,0.668476,0.37091875,0.20132,0.1495044,0.13994926,0.15316682,0.21372607,0.2719155,0.38976914,0.67668074,0.99793965
0.92037517,0.55893475,0.29730904,0.17034684,0.13449962,0.12087271,0.17337555,0.32728538,0.5150894,0.65433544,0.83543956,1.0
0.9184704,0.58372825,0.29310462,0.15360598,0.12045607,0.11483006,0.16263334,0.27139738,0.37823105,0.59366834,0.8384127,1.0
0.8380962,0.6451552,0.27662042,0.19841063,0.20662463,0.16770005,0.2086873,0.56249994,0.45999736,0.79079074,0.99480474,1.0
0.52187043,0.5395891,0.3935507,0.36843586,0.39636216,0.29648456,0.30982456,0.9234646,0.8970666,1.0,0.94991714,0.61820006
0.63405967,0.58046335,0.46894893,0.3947707,0.4022158,0.37346205,0.36250886,0.8366106,0.95995337,0.9152611,1.0,0.7478686
0.8533161,0.519833,0.32562253,0.22755173,0.21268204,0.1940669,0.24047981,0.40736055,0.5288696,0.7072686,0.94546443,1.0
0.9091508,0.6284376,0.401795,0.27198365,0.24426734,0.24100861,0.26442567,0.44858897,0.5591595,0.7325606,0.9093778,1.0
0.8996407,0.67226,0.42976314,0.3422629,0.42087483,0.4193387,0.3995899,0.6096762,0.7404428,0.82932687,0.978971,1.0
1.0,0.86791337,0.8110243,0.79338956,0.83466077,0.78363913,0.5831616,0.47943294,0.41729286,0.49392262,0.7174438,0.9459365
0.9496538,0.7196681,0.5997706,0.560018,0.5974651,0.57177377,0.53652257,0.6394155,0.7668408,0.8452642,0.9254602,1.0
0.93262875,0.5977171,0.28346768,0.1541396,0.21482943,0.26748836,0.27392235,0.4447266,0.6016167,0.6933423,0.8379357,1.0
1.0,0.9238405,0.7254501,0.66912913,0.7235421,0.6130405,0.36486784,0.2942589,0.35189173,0.41366687,0.71094984,0.97272825
0.97455496,0.86007625,0.7163176,0.64513904,0.8987358,0.6621569,0.42518455,0.28777075,0.3813889,0.49959743,0.72442156,1.0
0.90632886,0.62090933,0.35384202,0.38984922,0.7244015,0.6219704,0.45813242,0.4165042,0.51446384,0.63335663,0.86150026,1.0
0.51994956,0.3396605,0.30244923,0.4196895,0.64108545,1.0,0.43914348,0.33177927,0.56315905,0.7409905,0.7072412,0.70328665
0.41483694,0.24939494,0.24564327,0.290311,0.5624834,1.0,0.48171958,0.20891982,0.38939333,0.70754725,0.56848836,0.6507048
0.3965547,0.4118069,0.44508028,0.64553845,1.0,0.9438525,0.601007,0.46005872,0.48233315,0.53273326,0.49960443,0.50872844
0.5732004,0.4842261,0.4225278,0.5062208,0.872293,1.0,0.75319767,0.7935415,0.6662767,0.62163776,0.68586785,0.7044651
0.2372638,0.3232421,0.59359723,0.53950214,0.39436483,0.57700026,0.79955506,0.5550241,0.514952,1.0,0.79887193,0.30696917
0.12668005,0.09480202,0.17341706,0.36054134,0.4954852,0.21239257,0.23725237,1.0,0.7979303,0.8583466,0.4331439,0.07796444
0.24715495,0.14262202,0.13304716,0.34475458,0.4336166,0.18872526,0.15366112,0.9261605,1.0,0.73342025,0.39476678,0.15095167
0.49128705,0.20816897,0.2224742,0.26390553,0.41087234,0.19092336,0.15983209,1.0,0.88353735,0.8661204,0.5237524,0.32573175
0.23367135,0.33207437,0.34680152,0.21678856,0.52088934,0.2642625,0.18345474,1.0,0.75238055,0.50969446,0.45984733,0.15854721
0.19060878,0.4394547,0.30577865,0.16509596,0.52294546,0.25618255,0.25797373,1.0,0.8975762,0.7597209,0.77258384,0.14078546
0.049910817,0.11790765,0.16192047,0.13088839,0.15578009,0.15519756,0.24813604,1.0,0.7844111,0.7387361,0.46805272,0.09606568
0.04208198,0.19553371,0.21639766,0.13683663,0.10477621,0.18911606,0.26243776,1.0,0.6277281,0.53870213,0.311772,0.066533
0.06693198,0.14370285,0.24883737,0.1791402,0.11073939,0.10189647,0.20228325,1.0,0.7921791,0.30452615,0.17459594,0.08171462
0.4598633,0.19831459,0.1331993,0.095979325,0.1083095,0.08749493,0.16891521,1.0,0.79147816,0.5889421,0.3129497,0.2746066
0.23952574,0.11117095,0.067344695,0.059207976,0.08438497,0.04970207,0.20297725,1.0,0.57575727,0.45247844,0.2453494,0.12673156
0.13555898,0.100203745,0.059633534,0.0498052,0.08908573,0.049138475,0.17802367,1.0,0.6059195,0.37926155,0.19870381,0.08145142
0.13871148,0.12773396,0.06645888,0.07554693,0.19167337,0.11975024,0.19389378,1.0,0.75378793,0.5466477,0.28314424,0.19566526
0.12765115,0.10068403,0.12299272,0.10570899,0.11388228,0.17106515,0.2259131,0.83103704,0.44414395,1.0,0.680994,0.34014085
0.17300582,0.1754015,0.2502802,0.458494,0.7137507,0.65560514,0.58254445,1.0,0.39952958,0.6886419,0.54538137,0.33678186
0.53425175,1.0,0.73189497,0.43851534,0.30579787,0.24668032,0.4218457,0.4602358,0.27902213,0.23074515,0.16146664,0.28416476
0.23734573,0.7243381,1.0,0.88654196,0.4911497,0.19350201,0.3372005,0.3277586,0.14949514,0.158664,0.37152344,0.4004425
0.19721162,0.13161805,0.5179096,1.0,0.956355,0.35003626,0.099535406,0.15260848,0.08831736,0.08945996,0.27700746,0.32353684
0.13428737,0.12013697,0.15701857,0.32806227,0.7839287,1.0,0.6424395,0.20368445,0.099558614,0.076847546,0.15405229,0.12085396
0.13769865,0.4180751,0.15552463,0.07825767,0.11318431,0.24528332,1.0,0.6621124,0.08753472,0.04093134,0.066979185,0.03697354
0.046389192,0.28578362,0.2616502,0.049758196,0.07613297,0.09396775,0.7023865,1.0,0.1594253,0.016789915,0.056958046,0.049123995
0.038053803,0.07241682,0.24856122,0.09170444,0.028167838,0.050940976,0.24481083,1.0,0.37804523,0.014666626,0.0258767,0.101922624
0.098632745,0.024149008,0.15240604,0.25696525,0.059958063,0.053196233,0.086648785,0.7263771,1.0,0.24766487,0.028753115,0.11411682
0.054924395,0.038084418,0.026465926,0.16284032,0.16292419,0.041416366,0.026149983,0.12484738,0.6182636,1.0,0.38096088,0.05149887
0.018851312,0.01233001,0.014116029,0.020724732,0.052990362,0.04558531,0.013619201,0.008907921,0.07021563,0.5655606,1.0,0.31447646
0.2409565,0.021650843,0.02009867,0.018830476,0.005597584,0.02363195,0.022968905,0.0113651585,0.014802241,0.106713675,0.82010543,1.0
1.0,0.31598392,0.026985677,0.013649549,0.0034701054,0.0039858813,0.011457156,0.017635942,0.0083809765,0.008759314,0.16573729,0.84472144
0.6470173,1.0,0.19891714,0.005693836,0.004488208,0.01088608,0.0034475639,0.011301301,0.020168222,0.005752155,0.009019178,0.12785569
0.121410854,1.0,0.7149282,0.050487712,0.0053619524,0.025359375,0.011949165,0.0034575604,0.025778407,0.018746609,0.0035607344,0.009165202
0.017297342,0.3134184,1.0,0.5518323,0.050609224,0.012180661,0.014237893,0.0026997195,0.008514966,0.018028097,0.005585023,0.003995333
0.001343989,0.018696995,0.29093885,1.0,0.27711672,0.005979684,0.0020431306,0.0011771654,0.0005850058,0.0025297825,0.0033939057,0.0012026482
0.00034005224,0.0019618869,0.06790335,1.0,0.62407583,0.015716134,0.00048168591,0.001018925,0.00036774634,0.00030192465,0.002794712,0.0017371015
0.00029813245,0.00029107626,0.021864386,0.7266362,1.0,0.057627197,0.00059442164,0.0008099676,0.0006659815,0.00013735096,0.0023062676,0.0033362424
0.00035133882,7.28312e-05,0.0043080077,0.3065242,1.0,0.12636428,0.0011116111,0.00038066687,0.0007579368,7.565698e-05,0.0009673671,0.0032277114
0.0004138532,0.00014032121,0.0026122916,0.1849858,1.0,0.2080873,0.0022526835,0.00034088016,0.00082472357,9.294128e-05,0.00045543254,0.0025697667
0.00057789485,0.0019824735,0.03538771,0.3410413,1.0,0.25624457,0.0065014344,0.00069583044,0.000941081,0.00016331022,0.0005512949,0.0021790506
0.0030993794,0.03549282,0.55977625,1.0,0.39531514,0.11286757,0.012812638,0.003976775,0.0020138402,0.0013877185,0.0019374905,0.00214608
0.0045079575,0.106126115,1.0,0.84805495,0.088186316,0.011372395,0.008582974,0.025467576,0.024155572,0.012211823,0.0062369364,0.0041882624
0.02363799,0.082798176,0.5238849,0.91674095,1.0,0.2504398,0.032969892,0.037669968,0.04606941,0.031076139,0.03223735,0.06243907
0.008205773,0.0016089409,0.01575612,0.46739367,1.0,0.11541688,0.004036425,0.0020243367,0.0020781225,0.0013929977,0.0049242717,0.02187495
0.0028657045,0.0004112222,0.008565644,0.37383202,1.0,0.113945365,0.0012739862,0.0008629988,0.0011455503,0.00033802204,0.002460495,0.012678815
0.00718033,0.0006781376,0.0034965435,0.20452571,1.0,0.17689961,0.0017813147,0.0007363145,0.0018328117,0.00033333208,0.00563428,0.03855883
0.016954092,0.002057728,0.0043898914,0.19865185,1.0,0.15844478,0.0028543796,0.0020341028,0.005274193,0.0006976369,0.02192829,0.1252109
0.028658064,0.0041117053,0.007245327,0.25997323,1.0,0.11820449,0.0039372607,0.007300013,0.016186891,0.0014923116,0.057189047,0.26294872
0.02763201,0.0052161347,0.0087873805,0.2931001,1.0,0.102853104,0.0029798627,0.008047127,0.016930887,0.0017610427,0.063723266,0.27647
0.026105208,0.0034334287,0.0071204123,0.27027404,1.0,0.11900284,0.0020300315,0.0038966772,0.009805292,0.0015801146,0.052660014,0.24391799
0.029395616,0.0018872509,0.005254147,0.24098091,1.0,0.15425247,0.002776514,0.002148123,0.006170706,0.0011616092,0.041396216,0.21112938
0.049424317,0.001520517,0.0037533198,0.13282943,1.0,0.30667418,0.0063229124,0.001308968,0.00598681,0.0012015445,0.017344015,0.16666804
0.039187264,0.0018864737,0.0052036126,0.16462222,1.0,0.28365326,0.0080967005,0.0013932331,0.0049547544,0.001166135,0.010622188,0.109930165
0.0059082406,0.0008883149,0.007294434,0.36484483,1.0,0.11429618,0.0029151167,0.0017030028,0.0033721295,0.0006892277,0.0060749766,0.029708963
0.00093048264,0.00018351748,0.0069121523,0.39766628,1.0,0.106898256,0.0012935979,0.0011487008,0.001801801,0.00034756042,0.00144749,0.006375827
0.001054331,0.00032324935,0.0039915107,0.25422215,1.0,0.2107474,0.0045893267,0.00077852805,0.0011099477,0.00023527822,0.0009970207,0.005634123
0.0014464275,0.00093515305,0.0045010275,0.18202645,1.0,0.29274195,0.008842207,0.0011489124,0.0010757957,0.00035458326,0.0008752881,0.0057514897
0.0014996409,0.00082829,0.0032990645,0.14894047,1.0,0.3158294,0.005433801,0.00060555583,0.001148301,0.0004170784,0.00083127647,0.0051251845
0.0010002904,0.0003036523,0.0017836348,0.117870726,1.0,0.35611206,0.0059140637,0.0004810127,0.001776491,0.00056766614,0.00087509275,0.0033014538
0.0008183317,0.00015181843,0.0019331129,0.19990478,1.0,0.18488288,0.002066553,0.0006710254,0.0019825983,0.00049177674,0.0016639928,0.006053466
0.0010755515,7.494161e-05,0.0017815796,0.23302756,1.0,0.12546767,0.00086171896,0.00068974664,0.0018508245,0.00035551147,0.0022234162,0.00979144
0.0016468201,6.341854e-05,0.0014216529,0.20892893,1.0,0.13899931,0.0010876582,0.00052027806,0.001428861,0.00022646433,0.0022922761,0.012657852
0.0028035557,0.00019711937,0.0013136093,0.17515028,1.0,0.16937687,0.0016699256,0.00049645646,0.0013988534,0.0002452453,0.0025736724,0.017363254
0.0047055506,0.00040864522,0.001505182,0.15186675,1.0,0.19327071,0.0024477914,0.0005593886,0.0013963638,0.00031378734,0.00368553,0.027057197
0.008676384,0.00064533163,0.002099557,0.15342633,1.0,0.18991952,0.0032382356,0.000699756,0.001297862,0.00040609852,0.006100543,0.04672931
0.017693082,0.0008250795,0.002603489,0.11380125,1.0,0.2702352,0.006023298,0.0012108849,0.0012577104,0.00046049533,0.0062321182,0.06485109
0.01677747,0.0009327202,0.0034364562,0.09179879,1.0,0.33068258,0.0075983345,0.0014533623,0.001883835,0.00072250084,0.004179071,0.04906251
0.0058127325,0.0022090531,0.014248288,0.22366565,1.0,0.22948395,0.0070531797,0.0028145618,0.00826195,0.0019166714,0.0029167072,0.018442698
0.0032401443,0.0068323216,0.040992957,0.400526,1.0,0.2819834,0.03323438,0.006797302,0.01310119,0.0023588354,0.0020696893,0.0068604825
0.0009387063,0.0015332422,0.0078023206,0.10438247,1.0,0.784208,0.044701375,0.0016795502,0.001341295,0.00032414752,0.00026607362,0.0010449153
0.00049497286,7.7146484e-05,0.0009946605,0.084459625,1.0,0.69251174,0.02420004,0.00026220895,0.00023956614,8.8650304e-05,0.00010833036,0.0009777932
0.0006557087,0.00025372105,0.0026350329,0.15849425,1.0,0.43112472,0.011890484,0.0003569319,0.00037941852,9.775916e-05,0.0002043328,0.0015953025
0.0013138624,0.0008980835,0.014225227,0.41694352,1.0,0.19675921,0.0051285154,0.00047382925,0.00032267874,0.000104769824,0.0010130539,0.0025795542
0.0022948147,0.002970101,0.10185831,1.0,0.8477105,0.059998974,0.0014532162,0.0005107726,0.00024597274,0.00029959352,0.002991059,0.0031970516
0.0010844053,0.014956883,0.32692602,1.0,0.3451101,0.023502298,0.0008495319,0.00032178118,0.00015969475,0.0005708935,0.0019815513,0.000835912
0.0061685075,0.14159915,1.0,0.98336726,0.11532849,0.0075040534,0.0020220862,0.0009760611,0.00057412783,0.0014504814,0.0017283119,0.0020161632
0.02118987,0.33649972,1.0,0.5231258,0.11766192,0.024562597,0.006562314,0.0023950315,0.0015840685,0.0017490423,0.0024215477,0.0041358913
0.15754502,0.47528875,1.0,0.6764785,0.40200245,0.21028258,0.09930952,0.10532179,0.118927576,0.11903221,0.109288424,0.107327834
1.0,0.7787648,0.6078708,0.49210215,0.3942296,0.25588182,0.22310556,0.27650675,0.37135497,0.48648143,0.70149153,0.97288275
1.0,0.7904937,0.63333154,0.44394207,0.24178733,0.13847572,0.14033744,0.21158342,0.30469722,0.4248112,0.67501855,0.9691393
1.0,0.7585585,0.5597249,0.35703045,0.16361885,0.08793056,0.12221829,0.23215811,0.3543536,0.47192064,0.69709545,0.9825026
0.9743268,0.69744194,0.45826125,0.33599502,0.2829047,0.26716545,0.30114463,0.43261147,0.5781428,0.6634086,0.7960734,1.0
0.97426146,0.62686247,0.3077001,0.17057908,0.15363923,0.13997363,0.23173496,0.3802375,0.49765357,0.58480495,0.7508405,1.0
0.9403802,0.6159709,0.4180461,0.39462823,0.56312984,0.39606833,0.34963885,0.45418653,0.55644876,0.6154755,0.7677757,1.0
0.71183854,0.46385106,0.42070302,0.6358322,1.0,0.6393843,0.3206126,0.28959036,0.36170986,0.41457224,0.5895734,0.7889918
0.9554918,0.74415916,0.66318417,0.6225397,0.53524697,0.44624043,0.37180746,0.38949305,0.45037994,0.5643014,0.8262126,1.0
0.9433447,0.7508237,0.6782661,0.54425967,0.40601134,0.34116283,0.33755687,0.41957715,0.5424559,0.66058356,0.8674381,1.0
0.8625525,0.52940124,0.2835518,0.18463653,0.16226651,0.1764348,0.207545,0.24475373,0.3231839,0.5146163,0.9010967,1.0
0.72902584,0.43498752,0.29398656,0.24950127,0.2796215,0.3163751,0.32160792,0.42306346,0.62534636,0.78657115,1.0,0.9228805
0.80609643,0.47130963,0.29425648,0.2590039,0.35153556,0.37126318,0.25649402,0.28805527,0.4661084,0.68125147,1.0,0.98163354
0.9125235,0.5953739,0.4414325,0.36003068,0.4107193,0.39394647,0.21534035,0.21035789,0.24996793,0.41580245,0.78554285,1.0
0.79882467,0.54783,0.4795868,0.51082146,0.7015412,0.7248787,0.78992534,1.0,0.9804926,0.8583186,0.8622235,0.9035831
0.030132405,0.045038197,0.11173506,0.19168422,0.4555507,0.5654361,0.81456494,1.0,0.37975904,0.081866324,0.042296074,0.0375346
0.043911397,0.118764654,0.198063,0.37393486,0.8569197,1.0,0.7036832,0.4279244,0.13595267,0.026876966,0.040454376,0.073360614
0.12784497,0.27160892,0.5375295,0.872918,1.0,0.868698,0.70789784,0.24964052,0.07857873,0.07734772,0.08669137,0.15582745
0.15614048,0.4305171,1.0,0.8698542,0.48122877,0.3607109,0.46105015,0.2809081,0.4546648,0.39830527,0.13149288,0.15026598
0.1252139,0.2327829,0.5266542,0.57478666,0.47462225,0.71224886,0.8638576,0.96516764,1.0,0.4553554,0.09797921,0.093682095
0.05646318,0.05449788,0.27806026,1.0,0.5528236,0.3981135,0.25688127,0.04442211,0.062112875,0.21159187,0.23287238,0.100059174
0.017231494,0.015340515,0.13339129,1.0,0.74653107,0.12956876,0.06028619,0.008543675,0.009244111,0.067303374,0.17684337,0.09446861
0.0056679836,0.0026686203,0.027359689,0.51890856,1.0,0.11487489,0.008716209,0.0021169456,0.0025201896,0.00839245,0.04651533,0.0553096
0.003146971,0.000704038,0.005233557,0.26304868,1.0,0.14931226,0.0034321107,0.0015061116,0.003186717,0.00066797767,0.005040023,0.021983651
0.0014450381,0.0015113181,0.029620431,0.598325,1.0,0.10071338,0.0066878316,0.0048421193,0.009436642,0.0015531001,0.0041973116,0.011794948
0.00089870347,0.0028850592,0.05604829,0.6818422,1.0,0.2666743,0.032516524,0.006495498,0.005600163,0.0013792885,0.002139913,0.004408395
0.0008212331,0.00048787348,0.0059121023,0.12273697,1.0,0.6514202,0.027383856,0.0009916099,0.00031400257,0.00017243868,0.00029697464,0.0016694287
0.0014024198,0.000105341474,0.00075704156,0.07682658,1.0,0.8062048,0.033184387,0.0003736097,0.00020294989,0.0001630767,0.0001646915,0.0017617331
0.0016380657,0.00015956885,0.00067262625,0.060666863,1.0,0.93701065,0.04367456,0.00055163493,0.00024182076,0.00011477489,0.000138514,0.0018382772
0.0013954953,0.00017692235,0.00085373264,0.043667972,0.88148934,1.0,0.06084609,0.00051498256,0.00013804379,8.933548e-05,0.00010970288,0.0012756524
0.0008882362,0.00018441262,0.0012214169,0.042798106,0.8505318,1.0,0.064181566,0.0002980207,6.45635e-05,4.923949e-05,5.3167507e-05,0.0007257524
0.0007148575,0.00056464097,0.007583916,0.13059297,1.0,0.7815777,0.0422613,0.00043053998,0.00014106433,6.746556e-05,8.984501e-05,0.0008870816
0.0012149304,0.0044257375,0.034464948,0.3279477,1.0,0.52920854,0.042845882,0.0012620962,0.0005270548,0.00017677082,0.00017537345,0.00091071695
0.004667318,0.019564182,0.09548917,0.39412513,1.0,0.356582,0.05022048,0.0047097253,0.00188252,0.00083984213,0.00075752754,0.001507007
0.0036247699,0.0054029888,0.0054748105,0.092268795,1.0,0.7454917,0.025144272,0.0034935547,0.0022640042,0.002011482,0.0024964798,0.003066685
0.0011367587,0.0013508407,0.01680748,0.26499325,1.0,0.46765545,0.020200735,0.0008753414,0.00046548268,0.000121491976,0.00014236801,0.00045186764
0.0011602829,0.00088571233,0.00623035,0.1877358,1.0,0.5722161,0.033006668,0.001574869,0.00025751474,0.000105071995,0.0001425948,0.0012355316
0.0048723547,0.0006291725,0.0033710916,0.07598289,0.95868504,1.0,0.10035356,0.0029124233,0.00078839203,0.00041125002,0.0003977959,0.0042260764
0.008756089,0.0017124466,0.006678178,0.065895215,0.9761386,1.0,0.105021045,0.0065840697,0.0017214273,0.0008886274,0.0013487802,0.012170484
0.022557983,0.0023585805,0.010357208,0.08440149,1.0,0.69090843,0.03672052,0.0060309474,0.0020482864,0.0010240535,0.0027991957,0.03977898
0.035504013,0.003529547,0.012459874,0.11000218,1.0,0.59631145,0.035260044,0.0046138903,0.0022398944,0.0015539847,0.006010382,0.07368546
0.013144926,0.0084818825,0.017540563,0.24289866,1.0,0.25751257,0.028806876,0.00437324,0.0024472787,0.0031133795,0.0131244585,0.068579845
0.012982306,0.007909631,0.014466875,0.299116,1.0,0.1642425,0.024913555,0.0036342049,0.00228048,0.0036366405,0.0251368,0.11740017
0.030771114,0.0035036253,0.007833483,0.22825018,1.0,0.21023996,0.017271252,0.0031190917,0.0021256278,0.0027710355,0.03782341,0.23173451
0.03474156,0.0011124932,0.0038900373,0.22392756,1.0,0.18001333,0.012011751,0.0022146774,0.0015699285,0.0023949996,0.04619681,0.27614197
0.020916445,0.00069433916,0.003196221,0.23568507,1.0,0.1476852,0.0081315795,0.0012483016,0.0010606291,0.0018881882,0.038152162,0.19763586
0.012404399,0.00059416355,0.0031277232,0.20991842,1.0,0.15864089,0.005335105,0.00084603095,0.0006860253,0.001088339,0.019143214,0.10732288
0.0051014377,0.0004999952,0.003529535,0.24487461,1.0,0.13433865,0.00364239,0.00059379835,0.0004332048,0.00060529064,0.010549144,0.048258595
0.001631537,0.00025896457,0.003813434,0.3158644,1.0,0.09915181,0.0020514654,0.00036186576,0.00039880342,0.00026847786,0.007744903,0.022497853
0.0014926267,0.00014100388,0.002227483,0.22997361,1.0,0.1489963,0.002005503,0.00035233266,0.00065998686,0.00017520034,0.003362844,0.013258474
0.0019969763,0.00012407944,0.0009218237,0.12889783,1.0,0.22770935,0.00263543,0.00046919758,0.0011879611,0.00023143916,0.0012513192,0.0102287475
0.002404238,7.952315e-05,0.00054900965,0.110605724,1.0,0.26287758,0.0031721552,0.0005263411,0.0016240797,0.00026616553,0.0010481402,0.010546005
0.004202032,0.0001128818,0.000499817,0.072946236,1.0,0.4372142,0.006938152,0.0005216643,0.0020536445,0.00050988706,0.00074933894,0.010773234
0.0073965564,0.0002882861,0.0012262383,0.047080863,1.0,0.61997664,0.011822193,0.0007491248,0.0046290993,0.0014931874,0.0008874447,0.01367452
0.011072478,0.00050030946,0.0022963507,0.04674438,1.0,0.6423558,0.013323369,0.0013633163,0.011753651,0.0033729817,0.0013411198,0.02093036
0.022329729,0.0007001615,0.0026199429,0.05025198,1.0,0.6679234,0.01627764,0.0031851106,0.032106016,0.008486224,0.0018449598,0.037419144
0.05282267,0.0011972324,0.0030595767,0.04883388,1.0,0.73106575,0.018877722,0.0055937893,0.057968132,0.014955751,0.0030560207,0.07786794
0.07888416,0.0013525584,0.0026763906,0.070638135,1.0,0.5460598,0.012073162,0.003033752,0.02423235,0.0069432436,0.0073771016,0.15308337
0.10963051,0.0014955145,0.0017964456,0.076627895,1.0,0.47381854,0.009621508,0.00336324,0.011694206,0.0046207504,0.0116508445,0.23389885
0.16079997,0.002456272,0.0014673084,0.060743388,1.0,0.5719456,0.01266364,0.0027063112,0.009052991,0.0046325056,0.011180571,0.2769101
0.18216246,0.0027608473,0.0011742758,0.058095958,1.0,0.5790644,0.013590004,0.0017242564,0.002173263,0.0015480861,0.012933694,0.31332937
0.1337669,0.001594986,0.0012451143,0.09076775,1.0,0.37168938,0.008999751,0.0022130366,0.0023637763,0.00085053034,0.025282152,0.3710225
0.117061175,0.0010749121,0.0010490218,0.10251938,1.0,0.30848363,0.0065076216,0.0017063642,0.0028142212,0.000734267,0.03140703,0.40462834
0.110788815,0.0008079569,0.00084666023,0.11156726,1.0,0.28417447,0.004412255,0.0007774415,0.001444626,0.0005953906,0.03763233,0.42841908
0.09395465,0.00057072856,0.0011268579,0.14570412,1.0,0.22344035,0.0028129325,0.0005157743,0.001239916,0.0005342204,0.054769617,0.4789036
0.093399584,0.0006258626,0.001583434,0.1658189,1.0,0.19890463,0.0033589194,0.0011054336,0.0030751294,0.0010168225,0.06495102,0.52221197
0.10577294,0.00094937766,0.0019097654,0.16046979,1.0,0.20747006,0.0056917476,0.0019852675,0.0054050274,0.002663324,0.06581206,0.5521267
0.13595413,0.0013043354,0.0015060924,0.13788459,1.0,0.24475579,0.005490328,0.0023496293,0.0028164736,0.0020172289,0.062333234,0.60991615
0.14168209,0.0020315447,0.0019342152,0.1476712,1.0,0.238995,0.0046333806,0.008276907,0.0136969285,0.0025853463,0.07390823,0.6791461
0.13656396,0.0016145176,0.0021446515,0.15662418,1.0,0.22406873,0.0042689047,0.008057707,0.025249662,0.004020959,0.080132514,0.6988308
0.12819155,0.0011346426,0.0019124679,0.15796572,1.0,0.22508192,0.0031977964,0.004832419,0.017520802,0.0050094267,0.07705755,0.6667685
0.14341941,0.0012663895,0.0018342327,0.1455288,1.0,0.24540295,0.0036351946,0.0035499623,0.013682913,0.0049155094,0.06994799,0.6598934
0.16077878,0.0018131122,0.0012597522,0.12382837,1.0,0.2772439,0.005926881,0.0038388742,0.008050513,0.003229579,0.061849095,0.6570421
0.15140314,0.0019061815,0.0011948902,0.13266641,1.0,0.2569875,0.0062196893,0.0031997631,0.005926488,0.0025940542,0.06640306,0.6624733
0.17111015,0.0018425649,0.0012387037,0.120538406,1.0,0.28384426,0.0049205995,0.0023299123,0.0036478748,0.0013557822,0.05926158,0.65761954
0.12716632,0.0014892914,0.0022196698,0.18387036,1.0,0.21301349,0.004295281,0.0029672573,0.0055954554,0.0028898013,0.11281068,0.7161478
0.07439705,0.0013168192,0.005747245,0.33945894,1.0,0.114483185,0.003610089,0.004938444,0.0073883818,0.009024629,0.26369548,0.8732135
0.056329496,0.0020119594,0.009717201,0.46888518,1.0,0.083273426,0.005915284,0.017708983,0.022309396,0.010020683,0.3772545,0.95289207
0.05594207,0.0022557818,0.008698706,0.41933072,1.0,0.09135664,0.0044061686,0.04039183,0.06922775,0.0089237,0.28882346,0.8327615
0.07089952,0.003584219,0.0074308324,0.3090886,1.0,0.13661541,0.007948962,0.04830848,0.099791735,0.016326234,0.15984707,0.65048695
0.101708956,0.0026816884,0.0038979438,0.21190527,1.0,0.18809412,0.007212202,0.017286895,0.04218508,0.011207176,0.09742596,0.646021
0.1186172,0.0023760516,0.003658469,0.1948084,1.0,0.19260427,0.009011722,0.017959375,0.05546287,0.010985167,0.10268923,0.7203228
0.12627469,0.0024002118,0.0030723428,0.15270686,1.0,0.24645433,0.012645653,0.015547021,0.048184622,0.010990135,0.07349413,0.610395
0.13279025,0.001298873,0.0016536557,0.11395606,1.0,0.30371684,0.0069705746,0.004103421,0.014418783,0.0059762793,0.04709624,0.5114271
0.10884815,0.000951971,0.0019509825,0.14110312,1.0,0.2529984,0.0049846596,0.0087686945,0.027078327,0.007264596,0.057707828,0.5149088
0.07162166,0.001544674,0.0033195203,0.13119528,1.0,0.27954862,0.007924825,0.031316727,0.13293368,0.023638181,0.034489922,0.3163727
0.047094844,0.0012540967,0.0023589716,0.09302379,1.0,0.36897978,0.009234938,0.024927916,0.13250278,0.022892507,0.010969931,0.13926569
0.017288797,0.00045746242,0.0023000308,0.12258912,1.0,0.29938993,0.0048172665,0.0046765255,0.026856575,0.00599376,0.0036860348,0.049799606
0.0035784456,0.00057734275,0.01345466,0.34284216,1.0,0.16032606,0.0018027055,0.0006737654,0.0018098525,0.00046101282,0.001843962,0.013647844
0.0013739216,0.0018591876,0.031291317,0.5424967,1.0,0.113969095,0.002051041,0.0013236685,0.002521578,0.00043367967,0.00160989,0.0061334483
0.0023349572,0.0017917657,0.01791737,0.30682647,1.0,0.28766775,0.0063661193,0.0012936842,0.0030684147,0.0009375282,0.00086649635,0.0042539034
0.0048171994,0.0008176401,0.0034113207,0.15000321,1.0,0.7002148,0.05822161,0.004583527,0.0016664029,0.0007216162,0.00052570394,0.0051478213
0.012618638,0.0015508928,0.0016400113,0.02854372,0.40537626,1.0,0.21893656,0.008537821,0.0011858633,0.0010722447,0.000404311,0.007403004
0.015758766,0.0014779867,0.00086973264,0.051878713,0.7122387,1.0,0.13628066,0.0031460267,0.0015801045,0.002057625,0.00069615064,0.009660117
0.009250738,0.00061153906,0.0016509327,0.11225474,1.0,0.58868796,0.023661839,0.00079522707,0.0008596534,0.0017496416,0.0013294235,0.011371129
0.0068433685,0.00029443146,0.0022054312,0.16480479,1.0,0.31282496,0.008952945,0.0003511097,0.0003530252,0.0007060398,0.0028469737,0.018633336
0.004424396,0.0001882791,0.0026292196,0.17859916,1.0,0.26050252,0.005704835,0.0005885642,0.00068828574,0.00039945287,0.0042788316,0.019686121
0.0017198072,0.00042456074,0.004904548,0.259886,1.0,0.18194152,0.0050181304,0.0043001836,0.003927196,0.00038077688,0.003389407,0.011987846
0.0020698872,0.00095380406,0.0067029293,0.34495315,1.0,0.13761225,0.005311836,0.014331705,0.019117516,0.0011344111,0.003685751,0.011724776
0.0021977024,0.0021076014,0.0066799405,0.3074143,1.0,0.14586622,0.004994438,0.015287583,0.025212863,0.002610531,0.004411064,0.011889844
0.0018114297,0.0016479992,0.004477777,0.23412251,1.0,0.18589203,0.0036342153,0.004144326,0.008451412,0.0013901656,0.0015105482,0.0057409722
0.001233408,0.00080409803,0.00475334,0.23958303,1.0,0.18581916,0.0029819042,0.0031324485,0.0061976807,0.0011742184,0.0012615155,0.003591605
0.0016464874,0.0011006477,0.0065390114,0.33825588,1.0,0.13479291,0.0021443872,0.004969053,0.008152475,0.0010569671,0.002004314,0.0055131265
0.0020778514,0.001074617,0.01040548,0.45916572,1.0,0.09495361,0.0014255978,0.002278708,0.0028885005,0.0004895607,0.0029620319,0.0068049645
0.0026032666,0.00047916727,0.0069721583,0.3439553,1.0,0.13464622,0.0018286098,0.0016755149,0.0026643947,0.00032553586,0.0033560104,0.010892083
0.0033164755,0.00021470811,0.0024532476,0.19015822,1.0,0.24436602,0.0033837995,0.0013000394,0.0026318913,0.0003113309,0.0013273262,0.007936636
0.0015312317,0.00013314084,0.0011752115,0.116888545,1.0,0.3673158,0.005759573,0.00048650886,0.0010604535,0.00024094596,0.00049393723,0.0034479762
0.0026429223,0.00022665584,0.0009648565,0.11427573,1.0,0.34334108,0.004998092,0.000727235,0.0022904347,0.00039757192,0.0008375032,0.006066162
0.0014828837,0.00031808837,0.0013771132,0.156,1.0,0.23832868,0.0026998343,0.0004798363,0.0012352928,0.00019907692,0.00066996063,0.0046154396
0.000653525,0.00018734588,0.0023526757,0.2208511,1.0,0.15742286,0.0014369411,0.00045595682,0.00035644375,8.660967e-05,0.0007231161,0.0036027525
0.00058555487,0.00013926906,0.0035672712,0.29289037,1.0,0.113965794,0.0007892169,0.0004251337,0.00039922027,8.5684434e-05,0.0009605739,0.0039113555
0.00048022295,7.9784964e-05,0.0033587087,0.29876488,1.0,0.10945358,0.00072073314,0.00034250604,0.0004803115,8.111997e-05,0.0009854638,0.0039847456
0.0005476268,7.7260134e-05,0.0026263932,0.26118,1.0,0.1268994,0.0009675106,0.00034174256,0.00062265876,0.000104657396,0.0008681385,0.004067858
0.0010404843,5.096336e-05,0.0018054529,0.19642472,1.0,0.18378514,0.0015875575,0.00038210858,0.0011247603,0.00026484494,0.0007512899,0.0051442096
0.0020953475,7.661952e-05,0.0010129054,0.12871534,1.0,0.26660475,0.002691761,0.0004031713,0.0018564863,0.00045574427,0.000729703,0.0077995514
0.002964461,9.170064e-05,0.0011045736,0.14849336,1.0,0.2299864,0.0021571957,0.00039602752,0.0017332293,0.00029759234,0.0015375713,0.013954072
0.0075208037,0.00012472302,0.0015364736,0.18676181,1.0,0.17857704,0.00135132,0.00024192699,0.00087620405,0.00018344121,0.003968567,0.035559196
0.020075094,0.00028321813,0.0020053582,0.20112872,1.0,0.18087025,0.0014978481,0.00015813237,0.0005341355,0.00010775064,0.006884579,0.07475569
0.029226426,0.0006361578,0.0019068772,0.14497457,1.0,0.3376099,0.0063254274,0.00016106563,0.0005137421,0.00015796527,0.005279633,0.0760926
0.023955908,0.0015650826,0.0012442365,0.06115692,1.0,0.8062679,0.028962517,0.00048639538,0.0011162214,0.0007332955,0.0017456838,0.033504274
0.013139487,0.0022484448,0.0016394949,0.050603934,1.0,0.9101192,0.038004484,0.0005634219,0.0011130829,0.0006920639,0.00071797613,0.013552081
0.0045553045,0.0016699131,0.0021521302,0.08848723,1.0,0.5839736,0.017812837,0.0005485438,0.0014383591,0.00043867645,0.00071108626,0.007813569
0.0029796155,0.00085025234,0.002416375,0.14089526,1.0,0.38185734,0.0076335366,0.0012150387,0.005967247,0.0012513464,0.0010236588,0.0071974774
0.007501665,0.00079833885,0.0020316145,0.1187209,1.0,0.48274645,0.011931004,0.001969718,0.016626725,0.00505887,0.0013068354,0.0142106805
0.013704528,0.0006693395,0.0018674955,0.08015318,1.0,0.6983824,0.02437893,0.0019170863,0.028851945,0.015558832,0.0024327491,0.0238591
0.010036595,0.0015430351,0.008492718,0.114590116,1.0,0.7250566,0.036542807,0.0014432778,0.020711321,0.015603006,0.0031804007,0.01764521
0.004169739,0.009200181,0.052500047,0.3873758,1.0,0.5208694,0.061357502,0.0021474704,0.0066812546,0.004705791,0.0014144101,0.0050589624
0.00708164,0.027203904,0.08981512,0.48575935,1.0,0.3229571,0.047458466,0.0034402907,0.001070569,0.0005345413,0.0012940576,0.0026293285
0.0005281075,0.0008163247,0.005937536,0.09163474,0.70700675,1.0,0.09883051,0.0047702966,0.0022127854,0.0006223905,0.0004464687,0.00043693834
0.0014776768,0.00042050602,0.0034469797,0.07742927,0.6353266,1.0,0.20932175,0.016016107,0.0031623177,0.0011323697,0.0002535173,0.0016743907
0.0026009378,0.0005654646,0.0035758985,0.10426375,1.0,0.9884163,0.12561515,0.007714829,0.0028586243,0.0010880188,0.00047830187,0.0049842116
0.0023177147,0.0011366318,0.005171094,0.1277809,1.0,0.54762805,0.02450705,0.0019144354,0.0034943288,0.0008186215,0.0007326762,0.00693914
0.0027033635,0.0018317937,0.007891574,0.13185969,1.0,0.48293945,0.011536515,0.0018216618,0.0066637057,0.0016219432,0.0008499045,0.0071982834
0.0036485328,0.0016203241,0.009800164,0.09250657,1.0,0.6287154,0.018784769,0.0011974367,0.012034989,0.003652204,0.0005045369,0.0068251067
0.0041043605,0.001790836,0.010831139,0.0893893,1.0,0.63780427,0.020488039,0.0022632745,0.01762324,0.0053523774,0.00069501495,0.0077825505
0.0027439883,0.0026684909,0.011057772,0.1558652,1.0,0.4207651,0.010672717,0.0038189138,0.01819489,0.0034435336,0.00095062173,0.00749346
0.001122775,0.0033601436,0.011515422,0.3153126,1.0,0.19904304,0.0039728037,0.0074549406,0.018990025,0.001551948,0.0014467858,0.006540001
0.00066223205,0.003957163,0.013266846,0.41115272,1.0,0.12617849,0.0016628369,0.012008389,0.02410897,0.0014589702,0.0017461966,0.005810943
0.0013697288,0.0036929143,0.013930183,0.30098194,1.0,0.25376916,0.009957363,0.0128974505,0.03986923,0.006503545,0.0013558858,0.005708637
0.007094846,0.0025451935,0.011816868,0.111816,0.8707184,1.0,0.12507924,0.0078524,0.05472756,0.043857504,0.0022535126,0.005031732
0.008064014,0.0013282696,0.0061440165,0.022320727,0.35145783,1.0,0.17310748,0.0031229246,0.02286569,0.051371507,0.0032536238,0.0019824845
0.007618662,0.0013137048,0.0073299836,0.04356086,0.70797694,1.0,0.10252872,0.0031606557,0.04792107,0.060869493,0.0028744673,0.0044686906
0.003291627,0.0017349024,0.0079874,0.12547444,1.0,0.5589519,0.024652796,0.006469813,0.052148934,0.023971027,0.0013969311,0.006420169
0.0010225317,0.0022035227,0.0079899095,0.24348857,1.0,0.24250078,0.004315209,0.011597013,0.038340956,0.003588437,0.0010973372,0.0055995523
0.0009780881,0.002221097,0.007982561,0.26261294,1.0,0.20634562,0.002935,0.01655484,0.056131247,0.0044045374,0.0010885143,0.0059128925
0.0015051586,0.0017176731,0.0071312026,0.18997398,1.0,0.28723052,0.005286538,0.0152349165,0.07480295,0.008720535,0.0010047235,0.0064156577
0.0016647172,0.0012558541,0.005743774,0.13661921,1.0,0.3877986,0.007813182,0.0095566865,0.0689269,0.010651498,0.0006938885,0.0052817576
0.0013281074,0.0010556908,0.004454735,0.13782029,1.0,0.3936875,0.0076742144,0.009264769,0.062518105,0.008768169,0.0005452535,0.0045107533
0.0015318036,0.0010026478,0.004358526,0.12130008,1.0,0.4239243,0.0085726315,0.008931682,0.06435009,0.010121078,0.0005429208,0.0044863583
0.0022652778,0.0012436844,0.004689766,0.111178815,1.0,0.46237433,0.0098700905,0.007933976,0.06959028,0.0128759295,0.00054689386,0.0050279014
0.0038127333,0.0014203028,0.006484699,0.08876799,1.0,0.55086076,0.01395058,0.006335157,0.06450171,0.014501704,0.0005261338,0.0059294053
0.002814765,0.0013912636,0.005481527,0.10841265,1.0,0.47428834,0.010861894,0.0054698214,0.051162176,0.010871624,0.0007109439,0.0058740447
0.0032212986,0.0011349153,0.0040621655,0.099343844,1.0,0.69972605,0.046740383,0.006394011,0.04804653,0.015420408,0.0010278601,0.0048341504
0.00422558,0.0024237863,0.0024063976,0.028514339,0.3613829,1.0,0.4006989,0.026579823,0.014112999,0.018120762,0.0033920999,0.0013690091
0.002623299,0.0050669173,0.0014842115,0.010500371,0.06763037,0.5645686,1.0,0.17808487,0.005212016,0.007181552,0.0064796726,0.0007126938
0.0007177076,0.003816411,0.0017531443,0.00647928,0.022787329,0.163289,1.0,0.34440196,0.00839552,0.0019473736,0.0059914766,0.0011342373
0.0014742848,0.0042361743,0.0010441144,0.008008299,0.025523761,0.29958764,1.0,0.23102178,0.0050867065,0.002982447,0.0066754897,0.00098841
0.0076065166,0.0077438815,0.0011446119,0.011527087,0.072569154,0.8804066,1.0,0.07731418,0.0022639409,0.009841541,0.0070249275,0.0012520853
0.013584365,0.0039797425,0.0014586184,0.008991038,0.22816117,1.0,0.3510412,0.010684933,0.0055628126,0.014383706,0.0028793155,0.00529436
0.01203285,0.0016997821,0.0019855867,0.014565631,0.46445274,1.0,0.12464034,0.0037428257,0.010646101,0.015091322,0.0018461464,0.0063314657
0.007414785,0.0014258872,0.0018231367,0.01166611,0.38819033,1.0,0.16196367,0.0042182803,0.006449229,0.0120864455,0.0015874793,0.002488704
0.0062061776,0.0023601954,0.0014753154,0.008825187,0.16407415,1.0,0.43074113,0.013169507,0.0022070955,0.008090674,0.0015219819,0.00092123967
0.0054373923,0.004993503,0.0014202665,0.0133993765,0.06304929,1.0,0.90351766,0.040303405,0.0006068459,0.003727709,0.0016635656,0.00025324148
0.0048842942,0.0072998167,0.0011062239,0.010978502,0.04365859,0.82236165,1.0,0.05966387,0.0009557808,0.0017167701,0.0013250733,0.00023230462
0.00929009,0.009566963,0.0013107113,0.006644898,0.05204926,0.87264556,1.0,0.062356167,0.002934027,0.0017359456,0.0010514971,0.00085502316
0.016615942,0.004412708,0.00086366903,0.012492241,0.24123259,1.0,0.39848676,0.014307464,0.0016582338,0.0012141113,0.0010449286,0.007642051
0.013292044,0.0012966497,0.00073866965,0.045697644,0.770838,1.0,0.11894154,0.0032344782,0.004059788,0.0018846758,0.0021611992,0.013430791
0.001291543,0.00022293495,0.00059455144,0.07752786,1.0,0.689319,0.026562758,0.0021793132,0.0026205815,0.00079044775,0.00047668128,0.002027857
0.0005080396,0.00016619153,0.00045182227,0.057015877,0.958631,1.0,0.06932811,0.002131096,0.00055180176,0.00011526145,5.250179e-05,0.00035113245
0.00091429113,0.00026005035,0.00014980546,0.0107791545,0.33522967,1.0,0.26635388,0.00738854,0.0002480668,0.000103474566,3.1316093e-05,0.00018229838
0.0010255639,0.00078337395,9.5026466e-05,0.002194155,0.09280558,1.0,0.8873115,0.04037535,0.0002950751,0.0001390821,5.2867228e-05,8.776228e-05
0.00042298753,0.0008220676,9.8313765e-05,0.00028901146,0.014125058,0.58000654,1.0,0.062355176,0.0003969378,0.00020693988,6.716678e-05,4.9240014e-05
0.0004370013,0.0006401788,0.000104339844,0.00038023316,0.03704992,0.8773759,1.0,0.046491224,0.00040363858,0.00025272192,9.479508e-05,7.0438145e-05
0.00022493849,0.00017564007,0.00013167871,0.0020588702,0.13474053,1.0,0.4223174,0.010101978,0.00024597414,0.00019129686,8.6886794e-05,9.9456505e-05
0.00044631818,0.00018821038,0.0003528193,0.008448353,0.37938058,1.0,0.13906299,0.0019323549,0.0005525521,0.00047671655,0.00017573137,0.00033496754
0.0019364861,0.00023374647,0.00032390235,0.021092594,0.71389943,1.0,0.061157387,0.0009885052,0.0006047556,0.00036004657,0.00017200454,0.0013030339
0.0058057993,0.0005424614,0.00015993312,0.017542496,0.64591455,1.0,0.06190099,0.0004998383,0.00040900186,0.00032140475,0.00012775161,0.002427194
0.02132976,0.008712649,0.00036686726,0.0072063534,0.35452113,1.0,0.15306887,0.002426063,0.00035827133,0.0003811419,0.00015241778,0.0028782976
0.05528637,0.055918623,0.00207246,0.0023293677,0.12854396,1.0,0.51230174,0.015367763,0.00043692128,0.00035304038,0.0002044543,0.0024242585
0.036859218,0.06502224,0.0028993834,0.0003700562,0.030244606,0.7916273,1.0,0.053290095,0.00043050575,0.00018208167,0.000111509464,0.0006871718
0.016371835,0.027045745,0.0013199874,0.0006526401,0.035098486,0.82193494,1.0,0.05325583,0.00040842633,0.00032446434,0.00016496124,0.00038990114
0.011049161,0.0075258636,0.00079014595,0.009238156,0.20362718,1.0,0.46097344,0.016000152,0.0019153209,0.002990183,0.0009129674,0.0027321428
0.0057042306,0.0011635682,0.00081497675,0.029419024,0.6226834,1.0,0.11022827,0.002280489,0.0070837936,0.010202963,0.001287071,0.004560516
0.0027839944,0.00035732295,0.0006366089,0.04127177,0.8592743,1.0,0.06339816,0.00066088146,0.0049340627,0.006388024,0.0004715917,0.0021977786
0.0024600457,0.0008225952,0.0027104435,0.07781582,0.9793187,1.0,0.07204062,0.0010408413,0.0011793253,0.0010494603,0.0002972795,0.0017108062
0.0014680858,0.0032062014,0.019516861,0.22715652,1.0,0.7195102,0.07444016,0.0022460006,0.0007966054,0.00035319998,0.00034405797,0.0011865385
0.0018426855,0.010425445,0.08426765,0.4280175,1.0,0.3841541,0.069573626,0.006486909,0.001181646,0.00040142244,0.00040122075,0.0007267675
0.0012859517,0.0028976025,0.009852828,0.12933438,1.0,0.46872354,0.016907625,0.0033814695,0.000857115,0.00036127295,0.00037373873,0.0005848387
0.0015850164,0.0019472484,0.0042322637,0.08215924,0.8863692,1.0,0.16773449,0.019629829,0.0023529544,0.00051360886,0.0005216072,0.0009531319
0.00094447116,0.00043071853,0.0009385337,0.02003686,0.37948042,1.0,0.3619282,0.019604627,0.0006528555,7.415622e-05,0.00010134218,0.00034888193
0.0012229774,0.0006812947,0.00027199776,0.0078058243,0.23032102,1.0,0.53343105,0.027327092,0.0003825654,8.434405e-05,4.784162e-05,0.0001690113
0.0012294796,0.0016228639,0.00020823564,0.0031596324,0.09886416,0.81794506,1.0,0.11525037,0.0017552444,0.00038776232,0.00040633438,0.00012659661
0.0003439727,0.001363342,0.0003967265,0.0012971486,0.010311839,0.22572942,1.0,0.3667339,0.009840346,0.00091899664,0.0022776064,0.000655205
0.00014831896,0.0011725872,0.0007114031,0.0011343067,0.0057826918,0.085574195,1.0,0.6669502,0.025933499,0.0016041972,0.0063210893,0.0021766976
0.00059500855,0.0017334778,0.000550255,0.0020360632,0.016749036,0.3036964,1.0,0.30647233,0.014017057,0.0019761797,0.00569845,0.0012794543
0.0027288678,0.0026422888,0.0006314184,0.0045000874,0.09494498,1.0,0.9465462,0.0688172,0.0022733898,0.0032650442,0.0030101968,0.0005851861
0.0049877814,0.0015730505,0.0021032386,0.019491633,0.34609362,1.0,0.26929832,0.01809397,0.002330494,0.0016905214,0.00079112686,0.0030939952
0.0114030335,0.0013728328,0.0018052255,0.052084614,0.87700194,1.0,0.09038242,0.0077206157,0.0031620925,0.0010919984,0.0010352223,0.012060683
0.011053678,0.0007210914,0.00083321135,0.042181328,0.82323843,1.0,0.07946079,0.0016540772,0.0018716397,0.0009725706,0.0004751784,0.008806086
0.00733265,0.0011328262,0.0011064853,0.017310275,0.41031808,1.0,0.21606033,0.008373279,0.0015993186,0.0026795366,0.0007961749,0.0025591673
0.0048982743,0.0028985452,0.001801574,0.019753551,0.14817485,1.0,0.87825656,0.059636258,0.002472899,0.011930453,0.009566846,0.0010901508
0.0009885412,0.0023854445,0.0009507231,0.015800247,0.026143685,0.45851517,1.0,0.1280796,0.0028618118,0.011616797,0.014063046,0.00066744955
0.001072092,0.0036249857,0.00058866525,0.005286612,0.017524144,0.3370069,1.0,0.14540997,0.0016046872,0.0025960186,0.004418186,0.00028257945
0.009127956,0.008305327,0.0013535593,0.009726461,0.05286258,0.7633091,1.0,0.091563545,0.0010220213,0.0006354839,0.00061810657,0.0005710815
0.01874809,0.0050674006,0.0025920556,0.017577436,0.27682945,1.0,0.3341062,0.015104095,0.0005913656,0.00052690075,0.00029683555,0.0051379134
0.015563968,0.0012782617,0.0022064527,0.06342025,0.9695519,1.0,0.08069952,0.0017482939,0.00046698595,0.0002495628,0.0007561029,0.014514109
0.004302978,0.00023670672,0.0011758985,0.10763188,1.0,0.42960528,0.010651964,0.0008178282,0.00034382386,0.00011461064,0.0014981555,0.013739418
0.0102632865,0.0007040484,0.0012486564,0.093405314,1.0,0.63800395,0.03469865,0.0019085469,0.00051649706,0.000347766,0.0029962258,0.02533306
0.0124320425,0.0025442077,0.00066710415,0.018347885,0.40995196,1.0,0.27918133,0.009567597,0.00047197493,0.0002810011,0.0010725441,0.010092568
0.005907644,0.0049709706,0.00032065605,0.0025549922,0.09178049,0.945592,1.0,0.05641045,0.00043891027,0.0001982868,0.00013503416,0.0007287452
0.0011030963,0.0023761527,0.00025381794,0.0005965651,0.011565714,0.474437,1.0,0.08050307,0.0005311626,0.00016615346,8.762974e-05,7.728911e-05
0.0020806005,0.0027028027,0.00023342216,0.00044397602,0.018997703,0.6188215,1.0,0.066115886,0.00054965727,0.00019504291,9.807136e-05,0.00011863039
0.005708163,0.0026373295,0.00018052822,0.0023332988,0.11961423,1.0,0.6180238,0.022362422,0.00027158068,0.00012721516,6.530332e-05,0.0006000707
0.00595718,0.0008105395,0.00021858371,0.011262052,0.38779768,1.0,0.19024472,0.0033127114,0.00020300214,0.00014044085,8.040583e-05,0.002112393
0.0041811243,0.0006851918,0.0036891382,0.12246181,1.0,0.7476694,0.0552517,0.0016951542,0.0016908242,0.0008493827,0.00041356165,0.0036916463
0.000567997,0.00043640987,0.004661952,0.21694776,1.0,0.2586326,0.006299474,0.00076126255,0.0010633307,0.00063495274,0.00024350289,0.0009919715
0.0002735139,0.00016978636,0.0022964834,0.12775984,1.0,0.87241405,0.11744833,0.003659477,0.0002592076,0.00014498831,0.000112653644,0.0003018243
0.00034357738,0.0002571038,0.00039185258,0.009689758,0.21373296,1.0,0.55400616,0.028573722,0.0005151845,0.0001858304,0.00013702028,0.00016062743
0.00010689498,0.00019837513,8.610473e-05,0.00097027206,0.027683632,0.48224545,1.0,0.15655951,0.0023150572,0.0001164228,0.00010217221,4.977062e-05
6.35394e-05,0.00028312925,0.00013112288,0.00068828504,0.005897297,0.15869889,1.0,0.29259565,0.0051338193,0.00010382871,8.698623e-05,3.986635e-05
0.00023306033,0.00037827305,0.00028989313,0.0014281279,0.024344113,0.4411576,1.0,0.17366761,0.0034347638,0.00041262366,0.00021269267,0.0001928679
0.00030696078,0.00026512038,0.00039609714,0.011730502,0.25629798,1.0,0.5002637,0.029297644,0.0013232471,0.000505144,0.00026325733,0.00028139693
0.00047238264,0.00028379308,0.002612754,0.10826062,0.9880955,1.0,0.12394388,0.003976781,0.0011734506,0.00038362376,0.00023672923,0.0004804099
0.00027232926,0.0002474723,0.003953439,0.22273901,1.0,0.2841991,0.011140478,0.0012509912,0.00085682713,0.00022427707,0.00016817421,0.00030767996
0.00022728584,0.00027475695,0.0035977352,0.18262944,1.0,0.44042122,0.025329389,0.001944468,0.00040894485,0.000105051746,0.0001384878,0.00018336454
0.0003213422,0.00033962898,0.0012299508,0.04358344,0.5212212,1.0,0.30408022,0.014713138,0.0010298828,0.00033300553,0.00034722907,0.00033524155
0.00026630648,0.00028387172,0.0005131169,0.005467914,0.09943084,0.8933159,1.0,0.09895163,0.0020600646,0.00046704165,0.00036893133,0.00027716378
6.63929e-05,0.0001702287,0.00019934916,0.001346336,0.0121051185,0.27328554,1.0,0.21312277,0.003344002,0.00016058305,9.019821e-05,5.2766747e-05
0.00028247363,0.0004622144,0.00031880132,0.0026207708,0.029563706,0.38873342,1.0,0.1909733,0.0037285504,0.00025024445,0.00013624248,9.848519e-05
0.0015590627,0.000845878,0.0014915152,0.023809737,0.2560465,1.0,0.5872183,0.046545826,0.0030842638,0.0006698443,0.0005933605,0.0010717008
0.0018835071,0.0009779307,0.017595518,0.2796266,1.0,0.85388094,0.14216965,0.005333718,0.0014610649,0.0004985679,0.0032545489,0.00617432
0.0016153445,0.0008571482,0.042261623,0.71225363,1.0,0.13805978,0.020765997,0.0012815497,0.0003439089,0.00035974281,0.008804749,0.014635265
0.015334504,0.0018952544,0.019889748,0.3850952,1.0,0.36904663,0.027654842,0.0010324771,0.00015253252,0.0001388941,0.004755984,0.023041395
0.039436333,0.008005164,0.002359579,0.06398072,0.6541458,1.0,0.2052517,0.0064600487,0.00047155924,5.7689565e-05,0.00061318034,0.013739338
0.020613484,0.009458166,0.0006343613,0.008850897,0.15300846,1.0,0.831819,0.06258141,0.0010970018,6.4810665e-05,8.930647e-05,0.0023774498
0.001895957,0.0035268427,0.00027114796,0.0010802399,0.039638374,0.63189864,1.0,0.0908234,0.00074899755,6.1017665e-05,8.86834e-05,7.927421e-05
0.00082706916,0.0008487763,0.00034213014,0.007779178,0.1431205,1.0,0.6662227,0.03932014,0.00080545124,0.00083209394,0.00011050409,0.00010977768
0.0005868523,0.0001901562,0.0022840917,0.083266914,0.6942661,1.0,0.19716845,0.0051051783,0.0021694389,0.0027665957,0.00023555738,0.00053087954
0.0002981004,0.00016782689,0.0062389597,0.24125877,1.0,0.38076425,0.023082206,0.0011333862,0.0011649425,0.0008576951,0.0002983696,0.00096940564
0.0006644838,0.0004792533,0.0069120848,0.2029572,1.0,0.5174076,0.033865128,0.001523521,0.00082225254,0.0005481142,0.00043140096,0.0010973314
0.0013105533,0.00065581885,0.001391187,0.034655597,0.4845814,1.0,0.24876855,0.009717162,0.000994953,0.0021355157,0.0008819442,0.0006024888
0.0014052176,0.0013844824,0.00034136526,0.004908628,0.13637058,1.0,0.8665948,0.06797574,0.0012002086,0.0050587934,0.004093251,0.0003802171
0.0007704847,0.0019829941,0.00040077747,0.004027383,0.025739659,0.40757284,1.0,0.15058841,0.002057452,0.003599483,0.00463184,0.00039919984
0.0031437874,0.0031346588,0.0009300163,0.010049145,0.072305195,0.62438846,1.0,0.13419542,0.00248322,0.0012818564,0.0013592881,0.00079432677
0.008248615,0.0017394153,0.0010021082,0.026015792,0.39644212,1.0,0.32070813,0.017335353,0.0004566648,0.00021262823,0.0003524377,0.005248405
0.011137395,0.00043348342,0.0013172616,0.09733402,1.0,0.7226185,0.06951425,0.0017768637,9.489687e-05,6.771554e-05,0.0024284513,0.029537486
0.037681356,0.0013115442,0.0011201112,0.086128704,1.0,0.729638,0.04480465,0.0010237445,0.00013739672,0.00014461105,0.0060206726,0.07829993
0.045272116,0.00490897,0.0004259399,0.019921709,0.45256278,1.0,0.18583958,0.003554885,0.00012030599,0.000113436115,0.0021797547,0.036303952
0.02255227,0.009469356,0.00046936615,0.003070134,0.14205045,1.0,0.67139274,0.03943241,0.0007590053,0.00036997767,0.0002763295,0.0035720558
0.0032453022,0.007036108,0.00096389884,0.00072988146,0.017533507,0.38662553,1.0,0.15619414,0.0027721766,0.0007303847,0.00046634866,0.000488286
0.0032533803,0.008907727,0.0012737847,0.0006040182,0.010674719,0.3165433,1.0,0.17448892,0.0027012995,0.0006040955,0.00045980158,0.0004501382
0.015890202,0.013613407,0.0009145015,0.0025739486,0.111782044,1.0,0.90846646,0.06689663,0.0009939132,0.00022506111,0.0001758779,0.0013956194
0.01465071,0.0030506726,0.00033516448,0.010807874,0.3456642,1.0,0.24839477,0.0065342924,0.00016843024,6.031293e-05,0.00013090941,0.004744859
0.013627295,0.00082101295,0.00052311295,0.03172921,0.769404,1.0,0.080206536,0.0017591028,0.0002660682,0.00015971244,0.00028786037,0.0105204005
0.011701535,0.0011221487,0.00048466347,0.022961518,0.5929811,1.0,0.1165072,0.00272212,0.00023694313,0.00013525665,0.00019183857,0.0067474227
0.0078075356,0.003724449,0.00036840173,0.006526505,0.20607111,1.0,0.4211531,0.014607651,0.00018337175,4.5002074e-05,6.04189e-05,0.0013882039
0.0063054548,0.009523103,0.00058761734,0.0012549362,0.05400654,0.8163936,1.0,0.05886817,0.00034097608,0.00010925607,7.017977e-05,0.00020842043
0.009653253,0.011165,0.00062563573,0.00041601594,0.041986685,0.81394917,1.0,0.062192023,0.0010509938,0.00032349254,0.0002019843,0.00053683313
0.016705303,0.0070309723,0.000503695,0.0052258396,0.16392903,1.0,0.5130177,0.021338971,0.0009900511,0.00028504024,0.0002668442,0.0028045725
0.014681645,0.001745633,0.0026329374,0.09155017,0.8357619,1.0,0.15816216,0.00407337,0.00038833605,0.00032746265,0.0018586625,0.014564106
0.003029807,0.0005765956,0.0044941213,0.20508726,1.0,0.33182156,0.013239854,0.0007145072,0.00020164443,0.0003107953,0.002736923,0.012985582
0.0021246565,0.0008039552,0.003939266,0.15279964,1.0,0.7178028,0.06915392,0.0040372484,0.0013519494,0.0009757679,0.0014292283,0.005689821
0.0019732863,0.0012302134,0.001906068,0.019782677,0.32408854,1.0,0.37646234,0.016978338,0.0022328093,0.0013296903,0.0011412575,0.0017335673
0.0017008218,0.0014440999,0.0009133866,0.0040163295,0.08343571,1.0,0.9554919,0.048121054,0.001039451,0.00055849913,0.0006968547,0.0010495818
0.002747916,0.0008769798,0.0005100533,0.008192902,0.220941,1.0,0.49111763,0.022082536,0.00038949435,0.00014266299,0.00021912681,0.0010585341
0.00432355,0.0006573338,0.0019007208,0.07806053,0.82895714,1.0,0.12723748,0.0029231482,0.0004984105,0.00033741564,0.0007489633,0.005803668
0.002799332,0.00035447552,0.0035926956,0.16585901,1.0,0.44670236,0.025110872,0.0014427698,0.00039084876,0.000298509,0.0014637981,0.009325273
0.003156308,0.0005626873,0.0029432229,0.09519257,0.8176974,1.0,0.18594179,0.006041954,0.0003188114,0.00022217832,0.00070727017,0.004858195
0.0027337854,0.0012212523,0.00021041499,0.0062380717,0.17476135,1.0,0.44803107,0.012962662,0.00013175313,4.303091e-05,4.339829e-05,0.0003828945
0.019238172,0.0032900705,0.0002564307,0.007149128,0.14733417,1.0,0.44839096,0.012351338,0.00043659628,0.0001401458,0.00012228565,0.0047084005
0.07673909,0.010441195,0.00063856243,0.022604655,0.41156352,1.0,0.1681158,0.004917027,0.00030558373,0.00015017312,0.00042104037,0.021213377
0.10273313,0.04391953,0.001819254,0.014041185,0.2594444,1.0,0.41042647,0.018268023,0.00031608902,0.00010073814,0.0002947919,0.015607057
0.03992334,0.050961174,0.0031098425,0.002257876,0.045942355,0.7115911,1.0,0.09799526,0.0013840604,0.00047571913,0.0002969562,0.0019624345
0.0027065107,0.008304631,0.0010738606,0.0012609041,0.007904372,0.28709868,1.0,0.19736513,0.002989119,0.00041892836,0.00028903573,0.00021754658
0.00056704006,0.0014959128,0.0016460005,0.010909635,0.07287037,0.44603935,1.0,0.3056643,0.013480227,0.00094974326,0.00047159256,0.0003119145
0.0010019421,0.002018241,0.0095433,0.06006213,0.30775622,1.0,0.43324947,0.18422168,0.024672957,0.0026859955,0.0008608995,0.00054340076
0.00074714416,0.0012160564,0.011524972,0.18323024,0.8901035,1.0,0.14228897,0.008558457,0.0020240764,0.00045052994,0.0002595552,0.00037906997
0.0004558614,0.0029547673,0.020206418,0.34374696,1.0,0.27680603,0.010741548,0.0023779327,0.00045550495,8.7256e-05,0.00011888863,0.00029689152
0.000109784494,0.0012137665,0.03267407,0.5811836,1.0,0.1533111,0.0041070804,0.0009874915,0.00017449546,4.183539e-05,0.00019118261,0.000367926
7.6986194e-05,0.00041245387,0.034554873,0.7439815,1.0,0.09215708,0.0011388147,0.00041064393,9.8902725e-05,2.7166661e-05,0.0004202007,0.00064728584
0.00021774622,0.0028412526,0.1194204,1.0,0.8081737,0.06785881,0.0008094526,0.00039458764,9.362504e-05,9.239213e-05,0.00090795464,0.00073541893
0.0035895826,0.061417963,0.5193315,1.0,0.26081124,0.016618697,0.0007649048,0.00037558304,0.00017708137,0.00062256755,0.001311856,0.00071511144
0.101763636,0.5073393,1.0,0.510231,0.08509807,0.0046114046,0.0010233412,0.0011614497,0.0013335886,0.0023240743,0.006513892,0.01982212
0.71659774,1.0,0.5792559,0.08582597,0.044209503,0.012177436,0.00187713,0.0029351658,0.006428097,0.034503356,0.21856503,0.51735365
0.14078365,0.07951277,0.016576845,0.006561675,0.007344682,0.00284963,0.0008400152,0.0008112581,0.008534552,0.17188416,1.0,0.91430616
0.12093902,0.012086012,0.0065974873,0.002425691,0.002247091,0.0012487429,0.001070517,0.0008948473,0.0053378735,0.105049655,0.89199317,1.0
0.2526562,0.010175135,0.0036691716,0.0021244646,0.0013826241,0.0009539975,0.0016832125,0.0021374796,0.0025121158,0.027356183,0.3845033,1.0
0.2952349,0.011912839,0.0019894359,0.0015576971,0.0009672883,0.00075854093,0.0016114643,0.0010484424,0.0011662776,0.016110944,0.31685308,1.0
0.16337512,0.0065187463,0.0026240894,0.0020761203,0.0010504709,0.0013587879,0.0014878872,0.0007250109,0.0022295357,0.07219156,0.7750225,1.0
0.02821888,0.0034863367,0.0024711804,0.0016122398,0.0013756716,0.001367166,0.00058757846,0.001452361,0.020768054,0.30773413,1.0,0.3537239
0.013081295,0.006590938,0.0056213588,0.0019218985,0.0017584335,0.0025484753,0.0026568312,0.0036607487,0.024924796,0.44895983,1.0,0.17993642
0.10897722,0.013560568,0.009250921,0.002949039,0.001885133,0.0037695062,0.0065763323,0.005793293,0.016518129,0.21755175,1.0,0.7083884
0.37272656,0.023081874,0.0026231504,0.0011943533,0.0007625927,0.0013367825,0.0070883185,0.0037173314,0.00232991,0.023345811,0.29547074,1.0
0.43053445,0.02594639,0.0016213811,0.000665715,0.00071954937,0.0009558789,0.0061940714,0.0036609706,0.0013583015,0.014158258,0.20633788,1.0
0.17532583,0.010469645,0.002012204,0.0013375576,0.0017172684,0.0022518958,0.003005254,0.0045365873,0.018073648,0.21801063,1.0,0.9231586
0.0121432105,0.003057308,0.0011000559,0.00063479354,0.0011321224,0.001527562,0.0011884641,0.007262239,0.0708674,0.7769121,1.0,0.14415903
0.0043041734,0.001595589,0.0014371955,0.0004940994,0.0011173879,0.0012808901,0.0013765439,0.009622451,0.072363034,0.91627127,1.0,0.08811748
0.016556168,0.0012396645,0.0007790175,0.0002798895,0.0004295319,0.000564825,0.00046577587,0.0025685604,0.017384991,0.3432709,1.0,0.27280286
0.11069211,0.00420822,0.0009235005,0.00043238566,0.00038443736,0.00052030815,0.0008915282,0.0007474852,0.0025845696,0.113074675,0.99546427,1.0
0.1928913,0.00473222,0.0010563902,0.00029749985,0.00015342144,0.0003829705,0.001568131,0.0004856549,0.0006327192,0.016431846,0.3567371,1.0
0.1515682,0.0030888503,0.0003961112,0.00020415553,8.814673e-05,0.0007672517,0.0019540386,0.00078089285,0.00241931,0.035945997,0.5191748,1.0
0.033919346,0.001408496,0.0006985263,0.00026535444,0.00044372262,0.0015824807,0.002061462,0.0029573971,0.005494828,0.15872271,1.0,0.542231
0.065493956,0.015031396,0.0066121244,0.0016668721,0.0023367703,0.022514818,0.021096738,0.0056941197,0.011626456,0.18031725,1.0,0.5859861
0.17845158,0.031134984,0.012922527,0.008788955,0.007175385,0.107451834,0.32832217,0.13364738,0.009889612,0.06698938,0.617701,1.0
0.4848725,0.06006674,0.005856682,0.021000719,0.033999186,0.0706615,0.6428286,1.0,0.16395698,0.013201218,0.12188557,0.59348786
0.29505172,0.0742374,0.0035310904,0.015407259,0.052677657,0.010742947,0.1604788,1.0,0.27306104,0.0055559934,0.0078034108,0.078295775
0.25166816,0.033671696,0.0061196336,0.04948475,0.056142285,0.04411363,0.5435926,1.0,0.13864149,0.003971711,0.026542438,0.19852978
0.07964243,0.0056288876,0.026430177,0.048263337,0.04122805,0.47855046,1.0,0.3704711,0.015462188,0.040465396,0.4528833,0.39787388
0.0069530946,0.003031575,0.021377679,0.008544086,0.06087476,0.7338193,0.3642974,0.019106856,0.002049249,0.111357294,1.0,0.29918963
0.01410574,0.0026493485,0.02775719,0.018704744,0.048908632,0.74794024,0.49333483,0.016082926,0.0013344166,0.0871865,1.0,0.48169413
0.05614403,0.0022115821,0.030675625,0.06573092,0.017524539,0.4197732,1.0,0.11632172,0.0017243851,0.013535073,0.29025745,0.43873
0.14468057,0.0053741788,0.011883773,0.065664195,0.019073531,0.15489084,1.0,0.30045176,0.0053685685,0.0018564612,0.039346576,0.2909296
0.23871987,0.011309137,0.005933828,0.03788988,0.0277577,0.27113557,1.0,0.35153553,0.009030146,0.018991657,0.16213205,0.48299772
0.39547703,0.095022075,0.04864643,0.03442501,0.046022486,0.76097447,1.0,0.20834476,0.03327776,0.08590719,0.5926486,0.7602658
0.8640017,1.0,0.90302145,0.4622805,0.13403319,0.30908334,0.69906545,0.3868387,0.19372362,0.13993886,0.26264104,0.5833336
0.120557636,0.38067102,0.7546772,1.0,0.85787517,0.33665654,0.04514896,0.036830213,0.05834664,0.074361384,0.045670073,0.036675803
0.024497649,0.011988396,0.06295812,0.2658543,1.0,0.78008175,0.062973045,0.0017308622,0.0012153169,0.0047087204,0.008719856,0.023519615
0.027253661,0.012338682,0.054694805,0.34559608,1.0,0.72788256,0.07015447,0.0066702813,0.00427231,0.004969847,0.01612756,0.030262291
0.21988954,0.20720577,0.32877192,0.8114182,1.0,0.4006182,0.1550321,0.10271967,0.08167822,0.09488358,0.097919516,0.1380455
0.6573498,0.5148101,0.31127277,0.20012549,0.27100754,0.21836187,0.39511684,1.0,0.8562016,0.48917437,0.50897765,0.5886524
0.1511133,0.1301825,0.04895422,0.024866216,0.0181063,0.051305767,0.19320755,0.85072356,1.0,0.22865112,0.052387834,0.06219154
0.08757479,0.114251286,0.17226566,0.0948383,0.012242784,0.020927718,0.09830317,0.539252,1.0,0.79434824,0.22740105,0.035166536
0.018385889,0.044910703,0.28462198,0.46460074,0.100505345,0.01377292,0.018634615,0.11903064,0.3988635,1.0,0.68386525,0.05545231
0.025931232,0.005277812,0.12317435,0.8440655,1.0,0.16075559,0.007875062,0.0050912835,0.009330603,0.18527381,0.51643085,0.2415601
0.08119444,0.0024066234,0.0066776583,0.15924247,1.0,0.4135039,0.009818363,0.0010655711,0.0012019704,0.004328003,0.034800995,0.18993452
0.18886153,0.0043326006,0.0019291207,0.046089802,1.0,0.7686645,0.020894177,0.0010035135,0.001453281,0.0019243587,0.010002263,0.24114887
0.14924234,0.0038614217,0.00367065,0.05380646,1.0,0.6714866,0.01754301,0.0015894024,0.0024710319,0.002542092,0.009651813,0.21058068
0.06104215,0.0025441477,0.006581372,0.08924187,1.0,0.59966004,0.016556373,0.0014897559,0.0017379327,0.0018842425,0.0050045047,0.0834026
0.015379632,0.0014466305,0.0135544855,0.27147347,1.0,0.33081102,0.010370399,0.00084828207,0.0012663481,0.0011019465,0.0024331491,0.019986754
0.0016221089,0.0046092886,0.045825504,0.50246394,1.0,0.21088174,0.012048747,0.00075204717,0.0015289589,0.002343806,0.0018889171,0.0028778918
0.029130239,0.21309434,0.57372147,0.9468063,1.0,0.3675341,0.036288127,0.0022278342,0.0033753547,0.0028509728,0.0036355143,0.004535528
0.24860106,1.0,0.79296154,0.12052102,0.037531503,0.01815956,0.00646869,0.002670078,0.003521258,0.002762616,0.003539843,0.014191347
0.39407203,1.0,0.24197964,0.050170653,0.054057073,0.02645678,0.010792005,0.03464676,0.044835657,0.025689337,0.0366108,0.064702846
0.25225747,1.0,0.70982575,0.13436465,0.21540599,0.12936088,0.078210905,0.110059395,0.0798828,0.049081232,0.062978886,0.05972887
0.021334054,0.0966232,0.14807941,0.2828682,1.0,0.83235604,0.18408886,0.056017574,0.035153635,0.013676067,0.011351799,0.011180748
0.0016889228,0.0031439706,0.021435518,0.2827663,1.0,0.48530915,0.04766406,0.013382752,0.011899916,0.0026232372,0.0029400527,0.004124736
0.00048131152,0.0024858667,0.13527685,1.0,0.745199,0.109304056,0.0052907867,0.0034888096,0.0022677998,0.0010730323,0.0014894014,0.0015820579
0.00050400407,0.0020365508,0.14352259,1.0,0.3442672,0.009673786,0.00062028994,0.00051903405,0.00045381245,0.0003582322,0.0006827711,0.00055826985
0.0005043072,0.0011172113,0.0693161,1.0,0.9233757,0.061003666,0.0010957542,0.00039910985,0.00035654023,0.00040723188,0.0006625135,0.000628211
0.0001861351,0.00018838745,0.008644785,0.3231954,1.0,0.19692804,0.003363544,0.00013333067,0.00013732897,9.0239344e-05,0.00017569672,0.0002760704
0.0001978154,0.00012208115,0.0021508657,0.14461432,1.0,0.30550167,0.0050648437,0.00010080426,0.00013417583,5.2426047e-05,9.8583296e-05,0.0004579438
0.00023431018,0.00015363202,0.0033962831,0.24131528,1.0,0.18141043,0.0023788263,0.00013185141,0.00013106025,5.5056116e-05,0.00019041455,0.000857463
0.00012546331,0.00013418704,0.005749608,0.35165855,1.0,0.11491622,0.0011517706,0.00015851612,0.0001540469,3.892063e-05,0.00020717451,0.0006769788
6.180418e-05,6.365836e-05,0.007700949,0.41977665,1.0,0.09766771,0.00082061184,0.00016532328,0.00018604935,2.6333813e-05,0.00022027886,0.0005867478
0.00011597391,5.467786e-05,0.005204923,0.30331507,1.0,0.16793782,0.0025537452,0.00013312724,0.00015767272,2.3251947e-05,0.0001752981,0.0006122674
0.00058112544,8.093089e-05,0.0017148672,0.11937865,1.0,0.58651227,0.022278411,0.00024909893,0.00015559801,5.214851e-05,6.4097665e-05,0.00069266185
0.0021396468,0.00017459835,0.00033470494,0.025593232,0.67092144,1.0,0.06300263,0.00041041712,0.00014107714,9.927048e-05,4.8673377e-05,0.0011420443
0.0039730426,0.0003838268,0.00079897046,0.046625424,0.8368359,1.0,0.060736336,0.0005526361,0.00020471058,0.00017387667,0.0002749594,0.0035521663
0.0016590371,0.00026829235,0.006132977,0.22688851,1.0,0.38449943,0.014086552,0.00041933393,0.0001801525,0.00013157882,0.0007261708,0.0040983628
0.00027994244,0.0001755596,0.017047884,0.5654483,1.0,0.09065867,0.0025482073,0.0002649653,0.00010409607,6.0315175e-05,0.00089713326,0.0022058233
0.00031612077,0.00018157084,0.009332158,0.3152605,1.0,0.2700856,0.009159152,0.00024685144,0.000108654094,4.61215e-05,0.00027363878,0.00088166737
0.0012011883,0.00024212812,0.0013332029,0.07347277,0.90130347,1.0,0.07664019,0.0010240247,0.00025490578,0.0001578986,0.00011869761,0.000880298
0.0017462305,0.00022691963,0.00025013866,0.009169582,0.36748824,1.0,0.11333666,0.0010624313,0.0004143834,0.0002937375,0.000107289685,0.0006097926
0.0030320114,0.00033255818,0.00081147015,0.04286511,0.6959159,1.0,0.08637792,0.0012020702,0.0012375099,0.0007460148,0.0004359661,0.0029081982
0.0014419924,0.00019164436,0.004802319,0.24950598,1.0,0.3270878,0.012604433,0.0040803803,0.005510244,0.00072735536,0.0017642301,0.0059518265
0.0006595922,0.00025157497,0.0117806895,0.53876215,1.0,0.07793601,0.0021495256,0.0054583717,0.0062426487,0.0007361455,0.0041959425,0.0064050597
0.0015011673,0.0003901423,0.006434777,0.30370918,1.0,0.38060933,0.04050016,0.00259618,0.0013928253,0.00056644477,0.002067504,0.0046171085
0.0024957738,0.0013105922,0.0017958727,0.06917948,0.5796314,1.0,0.6366852,0.084337406,0.0018009077,0.0005339637,0.00047430748,0.0019178252
0.00046117065,0.0015365465,0.000899734,0.0017539832,0.03167772,0.2674006,1.0,0.4155524,0.009193724,0.00029148246,0.00034720305,0.00016117381
0.00012918636,0.0023317726,0.0027476612,0.00037794356,0.0019321344,0.036764126,0.941362,1.0,0.033074148,0.00051142805,0.0005349735,0.0002729712
0.00034933645,0.005663992,0.0042374427,0.00037016848,0.0014764064,0.047080178,1.0,0.8553975,0.02522265,0.00036034253,0.0006117993,0.00029137012
0.0016789918,0.008033317,0.0018946232,0.0001937844,0.002533903,0.18522008,1.0,0.27135855,0.0037900982,0.0002089612,0.0005466497,0.000108563305
0.0062902756,0.010843343,0.000638724,0.0002554388,0.010582787,0.5143583,1.0,0.07831982,0.00048679204,0.0004991121,0.0005626573,0.00015692275
0.018080577,0.011151071,0.0003620496,0.0015734038,0.08091713,1.0,0.7735253,0.025884928,0.00023411437,0.00076393166,0.00042474837,0.0022235105
0.027758956,0.004208584,0.0016341405,0.02381059,0.355317,1.0,0.23984173,0.004760696,0.00032193246,0.00063889613,0.0013507112,0.014593349
0.038257875,0.0026610722,0.014872662,0.1526373,0.88717806,1.0,0.11111796,0.0023172726,0.0006974919,0.0014567061,0.008153126,0.04188957
0.029147368,0.02739603,0.16216588,0.684535,1.0,0.7401494,0.38924232,0.029564759,0.0026126811,0.008664736,0.031873245,0.039831527
0.0033834039,0.002386968,0.0028394696,0.015154293,0.08060589,0.98504627,1.0,0.17429854,0.008199374,0.0012660801,0.0012990924,0.0023936534
0.0014470688,0.001105809,0.0016778407,0.014195843,0.22145095,1.0,0.59645367,0.078733675,0.004537143,0.0009008883,0.0011862156,0.0014627819
0.002081778,0.0010876488,0.0011216542,0.009624491,0.23510131,1.0,0.41772878,0.03894054,0.001840102,0.0014482213,0.0023577102,0.0025473423
0.049911533,0.034517795,0.032005303,0.044699114,0.27200985,1.0,0.7046921,0.14933497,0.07003011,0.06906941,0.07746212,0.06614304
0.6399727,0.39492086,0.34647194,0.4233407,0.49267372,0.7337181,1.0,0.6073638,0.4075291,0.4459335,0.699739,0.75369936
1.0,0.76708114,0.6297032,0.5078999,0.34122735,0.26900113,0.33062205,0.24260752,0.22696081,0.34995475,0.6836494,0.9600834
0.98793143,0.905972,0.5721032,0.38111964,0.54603016,0.9806856,0.7143681,0.37936446,0.49524644,0.65550226,0.9346811,1.0
0.70532966,0.43358716,0.21015476,0.15891452,0.42773888,1.0,0.5261882,0.32949936,0.39669424,0.4632749,0.5812936,0.73189515
0.9636486,0.6396365,0.4051131,0.29683134,0.25827184,0.34337023,0.39538255,0.4856311,0.6210189,0.69926214,0.8224222,1.0
0.97176564,0.62822276,0.34564188,0.20727374,0.12114727,0.12543713,0.19604878,0.33032262,0.46813837,0.5722032,0.7562406,1.0
0.9799484,0.6820398,0.4338997,0.28107956,0.16802292,0.13721023,0.18929297,0.32518658,0.44894242,0.5533427,0.75635874,1.0
0.948827,0.6567376,0.68518615,0.45312777,0.2143289,0.21487385,0.32155588,0.4774133,0.5511025,0.63465935,0.80624133,1.0
0.2169663,0.23520486,0.7593297,1.0,0.42234197,0.33337495,0.39215526,0.2226299,0.16340663,0.14592235,0.17144108,0.20989369
0.04536551,0.14391923,0.6642474,1.0,0.6073722,0.37526992,0.8192795,0.15864106,0.025802618,0.012817055,0.015777724,0.032107648
0.009594252,0.04960165,0.5169717,1.0,0.3460059,0.1073113,0.2552238,0.06941109,0.012483998,0.007749249,0.007581121,0.00801545
0.031725626,0.096817926,0.6488307,1.0,0.54610157,0.16153699,0.17920555,0.070061736,0.032995764,0.02960567,0.031836435,0.032101
0.0362558,0.09116911,0.47307178,1.0,0.6601762,0.43553904,0.81352866,0.19119878,0.031779513,0.023828048,0.02391159,0.030509437
0.007264206,0.03163499,0.36839893,1.0,0.5134091,0.20591976,0.35940424,0.09869137,0.017537698,0.0074125957,0.005148231,0.003955368
0.014891601,0.053240217,0.46822566,1.0,0.6579037,0.24381578,0.13389944,0.052344535,0.017195275,0.0128182275,0.014775315,0.013695821
0.07061679,0.09140465,0.2448146,0.5969109,1.0,0.41032735,0.08580801,0.040207185,0.026595762,0.0392199,0.06362989,0.06872296
0.26834813,0.23124222,0.24931288,0.5463492,1.0,0.7592782,0.25762805,0.08616144,0.09280269,0.19632241,0.35193786,0.28617445
0.88471687,0.56405634,0.43458605,0.46129936,0.54784566,0.6675341,0.54302233,0.4951829,0.61691266,0.76315665,0.9282928,1.0
0.93478966,0.6503581,0.5003076,0.42097196,0.43309143,0.5655613,0.6560419,0.669182,0.7636013,0.8248678,0.9185508,1.0
0.47251576,0.40856123,0.41583985,0.46346405,0.55837435,0.78809476,1.0,0.6633184,0.5703232,0.5542812,0.521071,0.4849106
0.4307924,0.41741914,0.4945371,0.6453018,0.84121954,0.97719204,1.0,0.92420715,0.81924486,0.7172827,0.5764931,0.4757565
0.8476067,0.74329585,0.7110571,0.75623405,0.8270379,0.8878994,0.9240321,0.8805712,1.0,0.997185,0.9576734,0.91092217
0.9742036,0.7678742,0.63908696,0.754328,0.52834326,0.43281704,0.40863216,0.43872496,0.60277283,0.6625005,0.83206594,1.0
0.1368651,0.1342443,0.15514487,0.3293693,0.5015306,0.77730393,1.0,0.44115227,0.30699685,0.27081338,0.15385833,0.1368996
0.09302315,0.11790779,0.11429193,0.2538279,0.53942144,0.81855905,1.0,0.43564367,0.5299282,0.46814355,0.22854933,0.10957707
0.7051326,0.62262344,0.4841384,0.48751476,0.54262614,0.6173618,0.56783396,0.6909848,1.0,0.7549111,0.57910275,0.68824804
0.5692325,0.24176686,0.25683147,0.29247403,0.28949896,0.71787584,1.0,0.67287886,0.471016,0.24150583,0.41907892,0.8249752
0.425056,0.14463624,0.07638912,0.052734777,0.08288847,0.3474607,1.0,0.618333,0.11434415,0.041916717,0.13927194,0.479005
0.77260387,0.7721065,0.5779677,0.15023157,0.11123993,0.3071186,1.0,0.8047072,0.27223566,0.25762814,0.14556997,0.4623204
0.105129555,0.35363373,1.0,0.83956623,0.11888309,0.06435261,0.07683257,0.062299453,0.11214116,0.33918175,0.24851204,0.06848836
0.022206165,0.026927281,0.298889,1.0,0.42312187,0.024309956,0.010279999,0.0100494,0.011102016,0.08746008,0.31009614,0.13942052
0.037438605,0.013483375,0.038440518,0.5170569,1.0,0.09574407,0.005353511,0.0061151376,0.0051469235,0.011984446,0.13290735,0.24049388
0.030827673,0.009576061,0.010299612,0.23918995,1.0,0.13996588,0.0072907708,0.003239315,0.0049640946,0.003972075,0.04023731,0.17752849
0.05239968,0.0052287416,0.0076591307,0.14759755,1.0,0.284729,0.009420455,0.0031395233,0.0060287947,0.0029533955,0.017310312,0.15798019
0.075026624,0.0029494162,0.0059764534,0.097941995,1.0,0.3797109,0.010418771,0.0029242185,0.0041483226,0.0018622971,0.016066598,0.20504077
0.06354745,0.004932308,0.0058511808,0.10703172,1.0,0.34717944,0.010469584,0.0033091253,0.004120781,0.0021181141,0.018883912,0.19445254
0.1288916,0.0058945008,0.0064925165,0.071474746,1.0,0.59928876,0.021018973,0.0050314316,0.005174676,0.002820019,0.010536312,0.19282465
0.18393369,0.0073874616,0.007223522,0.046385143,1.0,0.8930173,0.039103676,0.010123128,0.0044045225,0.0028684773,0.005822615,0.17983568
0.27708417,0.02330918,0.006698881,0.019342525,0.5453264,1.0,0.0886336,0.010144276,0.003320728,0.0022676995,0.0030463114,0.11862879
0.26178196,0.043326594,0.0034949023,0.0067297225,0.18670943,1.0,0.1862224,0.006109238,0.0023086793,0.0022535946,0.0011537952,0.04395535
0.20687209,0.07552687,0.003134257,0.005940972,0.09943081,1.0,0.38322723,0.010081896,0.0032061285,0.005760679,0.0027942497,0.017529326
0.1829657,0.22314279,0.0105093885,0.005974335,0.050765388,0.9352175,1.0,0.050012954,0.0024947643,0.009506553,0.0069267936,0.0071663065
0.07084801,0.20622535,0.016108321,0.002755292,0.009732624,0.3728129,1.0,0.08457112,0.001415075,0.0037621467,0.005298279,0.0017660547
0.02337822,0.08940405,0.0093324045,0.001381779,0.0047018803,0.30069238,1.0,0.10068234,0.0018891904,0.002006959,0.0025755248,0.0008924328
0.012128305,0.034401752,0.0029386515,0.000529084,0.005365279,0.38738024,1.0,0.0824173,0.0012130834,0.0013260745,0.0015316412,0.00061127316
0.0074492604,0.021589734,0.0018330417,0.0002472379,0.0044626878,0.33923173,1.0,0.10195493,0.00093431823,0.00061973935,0.0009716685,0.00043253868
0.0017427197,0.006317776,0.0017524381,0.0002756423,0.002046386,0.17182508,1.0,0.22765009,0.0034450556,0.00026844963,0.00045744682,0.00030298388
0.0017434328,0.012697914,0.0037515508,0.00031750815,0.0021323224,0.1347994,1.0,0.31732666,0.0061158873,0.00022866375,0.0004396772,0.00028048796
0.0030943232,0.016568076,0.0030625171,0.00030221412,0.0034681798,0.19231617,1.0,0.25260058,0.005447928,0.00032775383,0.00037622242,0.0004694674
0.0016778659,0.012094859,0.0034230726,0.00021979878,0.002215901,0.14042735,1.0,0.35458836,0.007254337,0.0005989403,0.00028504746,0.00030920122
0.0016824215,0.012690322,0.0031302103,0.00031825187,0.0021531254,0.16044427,1.0,0.2909447,0.004864022,0.0007613365,0.00034979155,0.00027308913
0.0012979838,0.007735137,0.0013356932,0.00029128112,0.0026429815,0.22850281,1.0,0.17906797,0.0025396394,0.0005406457,0.0003881717,0.00016369972
0.0005000431,0.003132474,0.0005460234,0.00013786108,0.0020127064,0.20229404,1.0,0.18479876,0.0017355509,0.00024702528,0.0004409535,9.277168e-05
0.00036296973,0.0019253385,0.00037857558,0.00010885896,0.0020835057,0.20242962,1.0,0.18421306,0.0018241176,0.00017532236,0.00042839316,7.8522935e-05
0.00049125956,0.0016161992,0.00032514107,0.00017798932,0.004147536,0.29397127,1.0,0.12172258,0.0012156101,0.00027379705,0.00037850678,0.00010783607
0.00027739286,0.0012644753,0.000262804,0.00010963364,0.0026763417,0.21348563,1.0,0.18857463,0.0021175025,0.00021608551,0.00026793446,7.827919e-05
0.0001310759,0.0008633603,0.00019111195,0.000106297535,0.0009981034,0.13353296,1.0,0.27439132,0.0033409623,0.00011592021,0.00016790972,3.552921e-05
0.00043400278,0.0033639567,0.0008282986,9.212448e-05,0.0012355511,0.16009519,1.0,0.23369387,0.002404574,0.00011902985,0.00020258107,5.603336e-05
0.0027964357,0.029442407,0.010477881,0.00044432166,0.002445234,0.2230647,1.0,0.17982091,0.0016671675,0.00020903164,0.00035152302,8.320562e-05
0.0051620356,0.03949575,0.012136608,0.0015647864,0.0049448814,0.30364454,1.0,0.14017014,0.0016112289,0.00037003204,0.00048385738,0.000106395135
0.0034219471,0.017750071,0.0025205787,0.0010445078,0.00731557,0.3454406,1.0,0.13773566,0.0020609011,0.000588227,0.0008812984,0.0001321006
0.002046161,0.010449911,0.0015655904,0.00046082799,0.016861053,0.5333427,1.0,0.09821284,0.002037468,0.00058533286,0.0007885802,0.00011376175
0.00043442586,0.0016438538,0.0003182759,0.00031080804,0.015524438,0.5223412,1.0,0.101619236,0.0008586741,0.00019048518,0.00019559545,8.078058e-05
0.00014962541,0.00032164596,0.0002134504,0.00032879072,0.006324549,0.33752543,1.0,0.15484858,0.0019281729,0.00023850959,0.0001306171,5.8372036e-05
0.0024509411,0.004262781,0.00069248467,0.0013954126,0.0077296356,0.31898355,1.0,0.19012149,0.004095037,0.001074666,0.0007747331,0.00013597716
0.007054071,0.008661194,0.0005038932,0.00067110907,0.01226683,0.5083243,1.0,0.09033466,0.0015087271,0.0022719132,0.0016076695,0.00026117827
0.019493116,0.024439113,0.000821903,0.00055714534,0.012662814,0.6000866,1.0,0.057441704,0.0007466445,0.0014640116,0.0010356712,0.00047261998
0.08420303,0.08241989,0.0019298859,0.00082913745,0.022608243,0.86541575,1.0,0.03536878,0.0013574188,0.0006912983,0.00043830278,0.0020891733
0.15344597,0.14953141,0.003476295,0.0010604137,0.030203318,1.0,0.9624275,0.027813882,0.0016434919,0.0006951829,0.00039916357,0.0037048867
0.10635278,0.16037273,0.005718345,0.000979917,0.015789106,0.7175363,1.0,0.0403115,0.0015126972,0.0010718949,0.0007693654,0.0018369624
0.0823376,0.1654564,0.0073474892,0.00076114765,0.010159628,0.59146,1.0,0.046086095,0.0018358213,0.0016403485,0.0016402983,0.0012210116
0.070922814,0.17789383,0.010173827,0.0006736699,0.0068665985,0.47102526,1.0,0.059751976,0.0019687386,0.0014337037,0.0019349648,0.00095219415
0.042746965,0.14828897,0.011788584,0.00064856705,0.0037340403,0.32876143,1.0,0.086378604,0.0024161974,0.0013200962,0.0015423413,0.00054226175
0.0148035595,0.06374729,0.0068010893,0.0007001101,0.0067447955,0.27919102,1.0,0.1144416,0.0027310306,0.0014436451,0.003006988,0.00047864107
0.0031519604,0.015321539,0.0023796682,0.0026057365,0.038815685,0.5064802,1.0,0.10705128,0.0032889333,0.0018939517,0.004787509,0.0005102278
0.0010074965,0.0038135545,0.0008609339,0.003603152,0.0512741,0.6578871,1.0,0.12632567,0.004496258,0.001155695,0.0019514331,0.00021091379
0.00058774423,0.0021142063,0.0003403351,0.00024208149,0.013514954,0.48887262,1.0,0.11252825,0.0013002658,0.00018947375,8.4873966e-05,7.978053e-05
0.00055160216,0.001123577,0.00028212968,0.00038570556,0.027019981,0.702774,1.0,0.07508299,0.0006021912,0.00019712032,8.9354005e-05,0.00010694172
0.00042301792,0.00071196875,0.00031745795,0.0012677676,0.053112097,0.9590283,1.0,0.055299178,0.00062556035,0.00013457939,5.4614986e-05,6.7145425e-05
0.0006032959,0.0015152362,0.0051887846,0.049377292,0.301841,1.0,0.5595686,0.034625523,0.001304897,0.00026570976,0.00016215777,0.00021848179
0.0011771236,0.016581746,0.12177152,0.5275422,1.0,0.7868792,0.18974723,0.011434428,0.0012782504,0.0005674895,0.0006581583,0.00076728826
0.010858414,0.09622786,0.49875847,1.0,0.53712577,0.086088076,0.019595731,0.0032185027,0.001199188,0.0008559671,0.0010727649,0.0034410625
0.24674012,0.64804834,1.0,0.94829917,0.47653005,0.10599149,0.08402152,0.03059924,0.0102641685,0.007763011,0.012146941,0.057637375
0.111388594,0.10060541,0.10400017,0.21045859,0.4842594,1.0,0.735249,0.13531208,0.086590014,0.10516052,0.13602602,0.12842447
0.12525612,0.10664473,0.109616846,0.15318447,0.25257343,1.0,0.853747,0.14041784,0.09684314,0.10431147,0.12265757,0.12929648
0.49119607,0.42476723,0.47611636,0.53139675,0.6692497,1.0,0.9664556,0.70217204,0.71037155,0.67484707,0.5892039,0.5414768
0.43577182,0.48628876,0.66870415,0.8740849,1.0,0.9910933,0.91817075,0.9118358,0.94459987,0.85164857,0.6468212,0.48622873
1.0,0.9022503,0.85267997,0.78091955,0.70723736,0.6276803,0.55109525,0.5967323,0.72196853,0.7993668,0.8778116,0.98802024
1.0,0.86589944,0.76531434,0.64805585,0.5427098,0.5193394,0.4364774,0.36753395,0.42199177,0.52686334,0.7124924,0.9475675
0.6443479,0.546847,0.592613,0.64304805,0.7358589,0.83367383,1.0,0.58112276,0.47694787,0.489074,0.54182965,0.63925177
0.9922374,0.7471573,0.5841742,0.4275946,0.34168604,0.3745494,0.5334004,0.47198832,0.55143714,0.6330295,0.7909172,1.0
0.9786115,0.70408404,0.4983238,0.36107263,0.26333284,0.24154516,0.3253551,0.43492177,0.5502595,0.6339891,0.78416544,1.0
0.9210013,0.5433376,0.22969693,0.10649816,0.09274953,0.1300903,0.2356053,0.4299399,0.6307142,0.726153,0.8347398,1.0
0.94628155,0.6199369,0.3351603,0.20043711,0.15359707,0.1706333,0.27370262,0.4654178,0.6417348,0.72028327,0.8206541,1.0
0.9000761,0.51714253,0.30154037,0.25565535,0.254539,0.30730307,0.6320266,0.6132549,0.5784406,0.8326451,0.7947637,1.0
0.9030066,0.5941875,0.48402715,0.42718223,0.344823,0.38657132,0.84979916,0.71562815,0.59499395,0.9249422,0.80202276,1.0
0.93335044,0.59414965,0.39616832,0.2830737,0.23658861,0.24859875,0.34608364,0.2950684,0.3027281,0.5030321,0.74911547,1.0
0.8600053,0.5372308,0.3607617,0.3183123,0.30394018,0.30013144,0.37172374,0.48160505,0.62279683,0.7365243,0.9466712,1.0
0.86029214,0.5900404,0.49886626,0.3897117,0.34583843,0.35119423,0.41220182,0.55293995,0.6545633,0.7536025,0.9536147,1.0
0.29965398,0.6847524,1.0,0.7348083,0.84794,0.6064895,0.21832813,0.107599616,0.09982068,0.11832738,0.16794966,0.19662657
0.2143331,0.661334,1.0,0.56590253,0.36742246,0.2877981,0.097448334,0.04864476,0.08660235,0.11080892,0.11278895,0.08183051
0.33030975,0.56367254,1.0,0.5393565,0.22691151,0.18582772,0.100705765,0.083042204,0.2724944,0.33194467,0.21502607,0.19164157
0.34775713,0.3760133,0.56725675,0.6023359,0.42876977,0.30709055,0.28763664,0.2792224,0.89865154,1.0,0.77921814,0.44431773
0.036865726,0.04777859,0.15648198,0.39033887,0.76061493,1.0,0.36457556,0.16474919,0.07805955,0.07279349,0.17334348,0.11457413
0.155793,0.024841756,0.02101703,0.107721455,0.53853273,1.0,0.18480876,0.081946775,0.03997948,0.017142301,0.038955886,0.11934376
0.13284892,0.049806744,0.006306502,0.028547583,0.26550576,1.0,0.6699533,0.08339676,0.008638528,0.004242216,0.008041406,0.051088076
0.027281301,0.040515263,0.009958395,0.0018223573,0.029046454,0.3161128,1.0,0.31136593,0.0055510667,0.0006164817,0.0012527589,0.0045805615
0.0015654957,0.026205575,0.024586152,0.000743094,0.00086878036,0.056730613,1.0,0.7528478,0.018487789,0.0001730648,0.0012483044,0.0006709416
0.0004467444,0.022412293,0.030399146,0.0009920239,0.00039368452,0.027749814,0.99588716,1.0,0.026422998,0.0002720795,0.0017039609,0.0011077162
0.0002691657,0.009648446,0.012239777,0.000595061,0.00087757735,0.050483167,1.0,0.7279697,0.017266521,0.0006211464,0.0015148732,0.0008329991
0.00034633378,0.006779347,0.006146316,0.0013180576,0.003865797,0.117411576,1.0,0.46582374,0.012001552,0.0011994594,0.0013732858,0.00066353736
0.00024257279,0.003857903,0.0028244199,0.0011785595,0.00859554,0.24488294,1.0,0.2647916,0.013152811,0.0011294386,0.00085011293,0.0002934239
0.00022496328,0.0017389354,0.0013013112,0.00065159745,0.0038787052,0.19286802,1.0,0.29629716,0.0074876477,0.00040400412,0.00020278584,8.94364e-05
0.00061560556,0.003315368,0.002213734,0.002126702,0.006071397,0.12033692,1.0,0.60760677,0.03155613,0.003052111,0.0010033062,0.0003727729
0.0010613758,0.011876296,0.0062842956,0.0014969185,0.0023019265,0.05095857,1.0,0.91591007,0.050675422,0.0047573857,0.004396592,0.0010790082
0.010586365,0.023761343,0.0039122617,0.0004897953,0.0038257076,0.13633692,1.0,0.49807534,0.015219694,0.0019410375,0.0046477537,0.0013070876
0.098016664,0.050551496,0.0037034457,0.008184304,0.07014703,0.5122097,1.0,0.22511093,0.00986643,0.011289612,0.013650223,0.03539176
0.35298648,0.07992632,0.09413155,0.2552318,0.6168907,1.0,0.5512775,0.10411745,0.12240532,0.3684366,0.5776311,0.4877427
0.058727466,0.13733411,0.13447599,0.09398755,0.08550695,0.04542719,0.027453039,0.15645245,1.0,0.724345,0.30367225,0.12225519
0.027623082,0.110095106,0.042492367,0.005893459,0.0036798902,0.0060051596,0.0063718343,0.13151093,1.0,0.4670446,0.039971348,0.009245546
0.021833451,0.063752174,0.042391673,0.028152386,0.024774773,0.0102117825,0.004566166,0.06682244,0.7214015,1.0,0.30840778,0.05612588
0.29493123,0.03956001,0.0328631,0.13392712,0.43402386,0.48314363,0.06873302,0.013740789,0.19574545,1.0,0.8702262,0.504928
0.39080283,0.09977523,0.0030838395,0.014483247,0.22054136,1.0,0.29810163,0.0067374273,0.003871561,0.018424785,0.032972094,0.1264246
0.2718397,0.13903585,0.0021781952,0.0007974204,0.06081942,1.0,0.5126366,0.009149367,0.0035483034,0.013112639,0.0041324925,0.014477867
0.23116577,0.19867483,0.004960018,0.00050981477,0.036788534,1.0,0.9240154,0.030691419,0.0035818082,0.007400247,0.0033967711,0.007411372
0.08897082,0.14665003,0.0058359434,0.00044140423,0.011962117,0.60326755,1.0,0.047535654,0.00098626,0.0043202606,0.0042633805,0.0018198672
0.067095675,0.12008454,0.0048892233,0.00046655603,0.011917971,0.64509803,1.0,0.04321956,0.0011443736,0.0038232796,0.003154301,0.0013440388
0.05012859,0.11231133,0.0058263117,0.0004067962,0.008105826,0.5202569,1.0,0.054616902,0.0016696753,0.0036147938,0.0037232486,0.0009636642
0.03978241,0.11604818,0.007469872,0.00039729377,0.004429017,0.38830507,1.0,0.06866974,0.0011798562,0.0029423102,0.0035568639,0.0006279059
0.032139648,0.10288861,0.007176063,0.00045974617,0.0037247771,0.34976223,1.0,0.077563345,0.00093305355,0.002291677,0.0031294462,0.00045772106
0.04147936,0.111909874,0.0067335228,0.00056282565,0.005221087,0.41277632,1.0,0.06637747,0.0012300621,0.003102646,0.003631432,0.0005797434
0.04673782,0.12040468,0.00684076,0.00025180302,0.0059415773,0.46071702,1.0,0.05865748,0.0010005344,0.0027771555,0.0029374121,0.0006605023
0.04231126,0.114719436,0.0067297905,0.00031887885,0.0050060633,0.42288148,1.0,0.06390487,0.0011647597,0.0020621629,0.002669751,0.00061311194
0.050766382,0.12787443,0.0070447745,0.00054812577,0.0056782435,0.44232157,1.0,0.060256068,0.0015939882,0.0035710863,0.0037531224,0.0007982721
0.043779235,0.12059629,0.0072665187,0.00048571068,0.0050122095,0.411479,1.0,0.064694256,0.0015414063,0.00373212,0.004446534,0.0006306492
0.032563407,0.1063082,0.007525238,0.00043039973,0.00402652,0.36346355,1.0,0.07350202,0.00069146155,0.0019634678,0.00303229,0.00038469792
0.026126476,0.105733715,0.009670003,0.00036198407,0.0027588464,0.28852046,1.0,0.09565775,0.0009163013,0.0018983292,0.0035504964,0.00038188612
0.019465892,0.099554874,0.011035443,0.00022338453,0.0016559378,0.22680064,1.0,0.11653975,0.0011151816,0.0022136709,0.0043583876,0.0003938539
0.022039248,0.102413565,0.010296743,0.00027479103,0.0019703037,0.24531603,1.0,0.108677104,0.001084067,0.0015606079,0.0030002627,0.0003666023
0.0405398,0.14292994,0.011203799,0.0005779831,0.0034709335,0.31929427,1.0,0.08532104,0.0015165681,0.0023402728,0.0028048095,0.00053877337
0.06782017,0.201557,0.013260934,0.000664214,0.004659563,0.38662043,1.0,0.06938487,0.0018534958,0.002650098,0.0037503026,0.00090681604
0.057457577,0.18735452,0.013230754,0.0006387757,0.0039894613,0.35520795,1.0,0.07666242,0.0020557386,0.0027076728,0.0043384875,0.000726213
0.05300163,0.17553279,0.012558377,0.00080586906,0.0040749814,0.3488477,1.0,0.07774826,0.0027012124,0.0032305673,0.0041086343,0.0007312027
0.08155896,0.20482437,0.01175343,0.0009535496,0.0065434324,0.44459128,1.0,0.063690186,0.0022097144,0.0035163432,0.004766251,0.0011616792
0.15416224,0.24561523,0.009763911,0.0017935197,0.013451788,0.65329975,1.0,0.04460576,0.0025565526,0.0042072693,0.004784566,0.0030387326
0.15994091,0.27135426,0.011412299,0.00478704,0.0139334,0.61477757,1.0,0.0472974,0.0044173603,0.0053432523,0.005472201,0.0030796658
0.113848805,0.2750608,0.014900941,0.0067611737,0.011323862,0.48896,1.0,0.05668857,0.004003579,0.004725828,0.005484679,0.0014393289
0.13503365,0.31071207,0.016311102,0.010379084,0.013930282,0.5109712,1.0,0.053741526,0.0022213366,0.004448605,0.004991041,0.0017736981
0.23388375,0.34304512,0.0141380755,0.016490474,0.022432178,0.7021829,1.0,0.04341638,0.002464609,0.0044821957,0.0037033274,0.004423354
0.43055114,0.33961985,0.009084305,0.019347701,0.042068325,1.0,0.8257393,0.02377911,0.0028472596,0.005987129,0.0025200236,0.0130705815
0.43211624,0.27086782,0.006165544,0.011421367,0.07996997,1.0,0.52334285,0.012301918,0.0026420322,0.0048110196,0.0018827548,0.019070089
0.22826046,0.11309526,0.0092753535,0.036670685,0.29067037,1.0,0.2693354,0.008349783,0.003177846,0.002230198,0.0015979537,0.023810085
0.057121877,0.0308829,0.07307782,0.2130506,0.7082884,1.0,0.18844838,0.011404896,0.004803849,0.0019222827,0.0034062453,0.025385559
0.11713861,0.27580836,0.41439638,0.32972586,0.1851066,1.0,0.80669713,0.047775842,0.011434056,0.0069956193,0.009576106,0.02867981
0.024285823,0.02033176,0.006636166,0.007947351,0.069025986,1.0,0.57263845,0.01803469,0.0041917907,0.0036634277,0.0039425846,0.006256545
0.018180208,0.017024258,0.0036162918,0.005380354,0.09527408,1.0,0.5485427,0.01304012,0.0019827154,0.0013769867,0.0019775508,0.0035458107
0.011993697,0.0107838735,0.0041263397,0.005316773,0.13169715,1.0,0.47242934,0.014404616,0.003305474,0.0031180796,0.0043003117,0.006092552
0.30713236,0.20968197,0.085541174,0.052868154,0.16638325,1.0,0.56904256,0.10233782,0.11757374,0.13816154,0.17387308,0.23157962
1.0,0.65527356,0.32790244,0.21666712,0.21590793,0.28088456,0.31123847,0.44737676,0.633015,0.7198047,0.81871456,0.9891839
0.93736076,0.5517447,0.21929914,0.17293149,0.27816,0.37915596,0.33400214,0.50328517,0.6865802,0.7755065,0.8620895,1.0
0.9617623,0.61447954,0.39434275,0.3927293,0.50292283,0.59784114,0.3962365,0.43152815,0.53066415,0.64553165,0.8351407,1.0
0.9523792,0.5612632,0.31131646,0.25774273,0.3155136,0.35169855,0.26776937,0.29929054,0.3857598,0.5141616,0.7768897,1.0
0.93148196,0.6460107,0.44408098,0.33725137,0.28638396,0.25645956,0.24687882,0.31082645,0.4310875,0.5657861,0.83624107,1.0
0.8764907,0.60628647,0.45577225,0.37368125,0.31434202,0.30928344,0.40257373,0.58056647,0.75261265,0.8432374,0.96627337,1.0
0.8878696,0.5532765,0.3894517,0.27564242,0.17891778,0.15821517,0.25002173,0.40787745,0.5504973,0.6795807,0.88896966,1.0
0.9918444,0.7602281,0.5626161,0.37446615,0.28965667,0.26372457,0.2174304,0.26658985,0.37655643,0.5228755,0.78704476,1.0
0.9848776,0.6724676,0.4665743,0.45367485,0.6448792,0.7103316,0.4868171,0.50154704,0.6412265,0.7241382,0.81624734,1.0
1.0,0.65622526,0.38338882,0.3595997,0.52983403,0.6052051,0.4346939,0.30170095,0.32755426,0.41440836,0.6383351,0.96633226
1.0,0.78113836,0.64071137,0.59327084,0.6140954,0.61155194,0.5353239,0.55898696,0.6610432,0.7204468,0.8264211,0.9988198
1.0,0.7526161,0.5878141,0.53988886,0.5891871,0.5741268,0.47853887,0.48456007,0.5549762,0.6277869,0.78711957,0.9993538
1.0,0.68740106,0.45757413,0.35495847,0.39330828,0.37475005,0.23148721,0.22065812,0.29886833,0.41351694,0.67431885,0.98714715
0.91118914,0.60690117,0.38804415,0.29906005,0.3245743,0.3788467,0.41934302,0.59994364,0.7949284,0.8611028,0.90968025,1.0
0.72091734,0.4403965,0.2229532,0.16692373,0.20681675,0.2898162,0.42999068,0.7062836,0.9654202,1.0,0.91530395,0.86348516
0.95592386,0.6820406,0.45651805,0.29234004,0.20033202,0.18861441,0.2508205,0.42914307,0.61694634,0.71210283,0.8311547,1.0
0.73364675,0.8299691,1.0,0.96893823,0.89877546,0.77718914,0.55631477,0.5458609,0.6551296,0.6820751,0.6806807,0.70622087
0.22613479,0.23134074,0.26229185,0.28590694,0.29798734,0.32011294,0.87591285,1.0,0.43779555,0.20536362,0.17449021,0.19734587
0.21979631,0.4302961,0.27907068,0.59413755,0.52464247,0.25721386,0.6477788,1.0,0.27296516,0.07905538,0.07976454,0.098828636
0.30765605,0.2476868,0.1933775,0.38092336,0.26947355,0.13889228,0.18268088,0.21572626,0.18725061,0.5802894,1.0,0.77713203
0.5751175,0.10888097,0.05496637,0.05381268,0.046767127,0.055081084,0.041537866,0.05618704,0.090984,0.18042755,0.6843969,1.0
0.24352412,0.09960339,0.07394969,0.10656826,0.52211654,1.0,0.41054335,0.27740288,0.18751153,0.091111936,0.17669958,0.22250053
0.116689175,0.06854933,0.008731359,0.020187372,0.20654815,1.0,0.6021266,0.074090764,0.025620662,0.009107394,0.009637157,0.02337009
0.10245152,0.144953,0.007675243,0.005398838,0.064363174,0.79205745,1.0,0.062003758,0.008073166,0.0046339566,0.0033043786,0.0067012007
0.17318816,0.22977778,0.009279385,0.005277556,0.017967049,0.65582937,1.0,0.05254979,0.0050291307,0.00588701,0.0037560833,0.0049324334
0.35343897,0.34636813,0.012348257,0.02392466,0.03953991,0.95582336,1.0,0.040519528,0.004259469,0.00647948,0.003999229,0.0107165305
0.114466295,0.24717903,0.021965466,0.023540936,0.031797025,0.40803534,1.0,0.09847664,0.0033689116,0.0035502699,0.0053854245,0.003095898
0.029938351,0.19179834,0.028656607,0.016516237,0.0324202,0.18743032,1.0,0.15237364,0.002246169,0.0023818142,0.006616294,0.0009610372
0.029760895,0.19375628,0.028825548,0.016895292,0.033487804,0.17817001,1.0,0.15470736,0.0028224473,0.0034003204,0.0075139566,0.0010384284
0.036883146,0.1928528,0.02317969,0.016458906,0.027878419,0.22418411,1.0,0.12145801,0.0026348946,0.004257817,0.009316746,0.0012747346
0.028376117,0.12347012,0.013245227,0.006518048,0.013847812,0.32791713,1.0,0.09154055,0.0013082898,0.0033534265,0.007885527,0.001117487
0.03154455,0.0639088,0.0055342684,0.002423255,0.060431868,0.75992596,1.0,0.07076767,0.0014953285,0.00283217,0.004031784,0.0018675192
0.025992995,0.021738088,0.0021492639,0.006522617,0.17613488,1.0,0.5151754,0.056009185,0.005560445,0.0037262999,0.0019152109,0.0034039605
0.012836708,0.022627676,0.003284129,0.0065112663,0.1094802,1.0,0.9703167,0.19296989,0.025640674,0.008559422,0.0034358487,0.0025127344
0.0046311184,0.009527829,0.002510165,0.0011817681,0.017553119,0.36124676,1.0,0.3291232,0.015132432,0.0011410831,0.0005827407,0.00070140953
0.0007524231,0.0069378703,0.0025828385,0.00094285666,0.003983349,0.13523564,1.0,0.39586323,0.007840618,0.0005329583,0.000277686,0.00018647082
0.00050867774,0.0062454697,0.0020995256,0.0006869005,0.0035600592,0.1270751,1.0,0.39943022,0.0082327025,0.0005224432,0.0007876453,0.00027114846
0.00063883286,0.006981894,0.0029489652,0.0018036928,0.013908548,0.1808895,1.0,0.48614112,0.025081955,0.0008045331,0.0013563083,0.0005439755
0.0021355143,0.008438227,0.004443659,0.022657622,0.21375652,0.6858002,1.0,0.44474205,0.052686416,0.002955406,0.0017213182,0.00096149737
0.012886137,0.054809794,0.18874222,0.46523315,1.0,0.80236167,0.16450107,0.030483646,0.010147249,0.006542188,0.004315797,0.004791125
0.25244787,0.6053965,1.0,0.5893391,0.17984705,0.05648583,0.062309835,0.028224234,0.026358647,0.06585039,0.048213717,0.085345656
0.896392,0.99131346,1.0,0.3304702,0.2990704,0.24662633,0.10265905,0.2074142,0.67112505,0.51409006,0.22265002,0.380086
0.20801438,0.16029373,0.16144426,0.3023544,0.30247042,0.29091442,0.12598884,0.21264109,0.43773216,1.0,0.55309516,0.13742846
0.035619583,0.044394154,0.11374428,0.21976161,0.09994075,0.029904213,0.02968582,0.023251371,0.13875441,1.0,0.9306316,0.162926
0.11448892,0.027897201,0.071926855,0.31136492,0.60174686,0.19445844,0.033683527,0.011681407,0.07180478,0.6563996,1.0,0.5454382
0.45988917,0.2068823,0.017875863,0.14000696,0.7353115,1.0,0.5204293,0.038237218,0.008572674,0.03815571,0.14988327,0.39757797
0.18680972,0.3146243,0.022029804,0.0055828746,0.05701031,0.54459447,1.0,0.08252685,0.0020849842,0.0050746524,0.012040208,0.025190106
0.08999409,0.26826924,0.018611535,0.0014536914,0.0066019665,0.38855842,1.0,0.07538901,0.0024274082,0.0018979132,0.00346818,0.0019787347
0.1033356,0.27284172,0.016125325,0.0012590461,0.007100554,0.44270042,1.0,0.06344888,0.0061978833,0.0024615305,0.0027414302,0.0021372444
0.109371655,0.25846076,0.014162578,0.001754654,0.008069786,0.4711328,1.0,0.062104415,0.013256282,0.0057934145,0.004815865,0.005272462
0.1454669,0.26055503,0.011121927,0.0017435228,0.011120659,0.5817726,1.0,0.056499165,0.017726194,0.0063715014,0.0054027126,0.005923915
0.16610844,0.2320991,0.008197365,0.0022301357,0.015621495,0.70122623,1.0,0.052844778,0.019722126,0.0038423208,0.003791428,0.0056437105
0.043919716,0.076580174,0.0039350744,0.00262806,0.029992273,0.6321987,1.0,0.05815539,0.009339327,0.0030396325,0.0021625243,0.0018370504
0.008742631,0.0171085,0.0023677559,0.011890351,0.12917559,0.9810944,1.0,0.05362995,0.0031070337,0.0018954491,0.0013904459,0.0009505899
0.0047598495,0.008502256,0.004574899,0.026537288,0.2044124,1.0,0.9416297,0.10081392,0.005200408,0.002342748,0.0028051157,0.0016697915
0.004741445,0.015005165,0.0047430834,0.0066757966,0.11156445,0.9757185,1.0,0.21037342,0.021909444,0.0072246217,0.008459387,0.0019785154
0.0028467916,0.004019531,0.0011429604,0.0149898,0.062427208,0.47605726,1.0,0.25545037,0.010124432,0.0030859627,0.0030761403,0.0005743178
0.0032623739,0.0047318544,0.0010092537,0.0139568895,0.027295372,0.45006877,1.0,0.22748418,0.008397056,0.0032645613,0.002822273,0.0010040278
0.014582977,0.012420194,0.0014961087,0.013798825,0.025243897,0.5473234,1.0,0.11716437,0.0072187367,0.0034654213,0.00371597,0.0027446572
0.033073973,0.018334912,0.0017317227,0.0039538015,0.0141856205,0.45819935,1.0,0.111636765,0.004669093,0.0064754062,0.004464447,0.008897415
0.012427893,0.006078509,0.002257191,0.0015367665,0.005536158,0.1967134,1.0,0.27097756,0.008616676,0.0060993726,0.0055971486,0.007068195
0.0063596587,0.0043771463,0.0028371548,0.0030447042,0.009183785,0.14426139,1.0,0.29854912,0.010356083,0.0034523737,0.0043707886,0.0046272823
0.007622292,0.010480939,0.0034673961,0.002917758,0.0071810884,0.2314596,1.0,0.16229121,0.004064417,0.0028492936,0.0035465218,0.004367719
0.012199928,0.018626804,0.0047099176,0.0029152194,0.0121063525,0.45436886,1.0,0.09509199,0.0038336285,0.004461655,0.0061259717,0.004115967
0.011522009,0.0168206,0.005421914,0.0027950264,0.040327903,1.0,0.97688144,0.0361341,0.0030683444,0.005706608,0.0065469677,0.0035516506
0.013372876,0.01705182,0.005159756,0.0024903906,0.06463844,1.0,0.5646234,0.012660795,0.0019825406,0.0032334256,0.0025622977,0.0030315206
0.029363686,0.024313733,0.0055077244,0.003104543,0.10345385,1.0,0.35526276,0.008372752,0.0025107577,0.0014597118,0.0012464873,0.0026511718
0.042904694,0.028388608,0.0060027223,0.006870377,0.1408609,1.0,0.30473948,0.008714183,0.004086749,0.0017661871,0.0010351847,0.0031143813
0.023378612,0.013752977,0.0033366329,0.0067550596,0.095016055,1.0,0.55332625,0.01827869,0.0032279782,0.0023266382,0.0027288254,0.0027820969
0.010865266,0.009640997,0.0024734319,0.015348678,0.16041048,1.0,0.6680688,0.04056686,0.004143582,0.0044400897,0.005326325,0.0035542587
0.003943013,0.0048254267,0.008484236,0.07297981,0.588198,1.0,0.32596827,0.045177825,0.01233116,0.006968899,0.0036250171,0.0018980119
0.0025955865,0.003473194,0.010534705,0.08465716,0.6623037,1.0,0.13379227,0.020472748,0.00941375,0.0047736117,0.0022018373,0.002019119
0.0031201222,0.0028174897,0.004040553,0.027243614,0.43813416,1.0,0.21391405,0.007939852,0.004059625,0.0016449104,0.0022210178,0.00282171
0.0009975254,0.0008934789,0.0040984442,0.1418722,1.0,0.61557066,0.08122825,0.009794672,0.0021187349,0.0012666644,0.00077019085,0.0008807835
0.0014689141,0.0019480889,0.008438436,0.23611602,1.0,0.33496493,0.027274435,0.0047270497,0.0018808531,0.000915523,0.00083606824,0.0011979466
0.0032229898,0.0015907343,0.0033955115,0.037897784,0.414034,1.0,0.45149055,0.037485216,0.002351204,0.0012579134,0.000847491,0.001330719
0.005865404,0.002235889,0.0015272906,0.008485986,0.21020705,1.0,0.5623277,0.0348631,0.0012758799,0.0032343855,0.0008512277,0.0008115231
0.0065093376,0.0032710782,0.0019025503,0.008527336,0.12906888,1.0,0.6346983,0.030861933,0.002863182,0.018927487,0.0058407537,0.0008552512
0.01153239,0.01133305,0.010198249,0.02728926,0.15147428,1.0,0.8062508,0.09909177,0.022240302,0.06519499,0.028463075,0.0054568234
