0.019682582,0.050638877,0.40883473,1.0,0.5566711,0.12720324,0.045580935,0.025997397,0.019151205,0.015719242,0.014997793,0.015791839
0.0022251233,0.013081166,0.37016374,1.0,0.27265954,0.020871134,0.0063659013,0.0028050344,0.0019864675,0.0016296413,0.0016214568,0.0016361999
0.0017539151,0.043745533,0.6489837,1.0,0.17578349,0.0090488065,0.002921387,0.00029543476,9.3158626e-05,0.000107642605,0.0002061193,0.0005176334
0.02518085,0.32993072,1.0,0.45704558,0.047740698,0.0049883844,0.0016744718,0.00025778628,0.00020616225,0.00020685063,0.00040958813,0.0012577503
0.15523343,1.0,0.9477671,0.14628832,0.009084531,0.0047302274,0.000739311,0.0005006046,0.00063994783,0.0005857719,0.0008511151,0.0057208636
0.30234614,1.0,0.47148615,0.044936214,0.016573725,0.0053541167,0.0008976398,0.0006053662,0.000734925,0.0008554911,0.0018856032,0.01347752
0.4452868,1.0,0.62643814,0.11472947,0.014335504,0.003160168,0.0011832598,0.0010195307,0.0013382963,0.0035609745,0.007370081,0.063351154
0.4353112,1.0,0.45225346,0.119118795,0.098650016,0.03808127,0.019367795,0.020617057,0.023632137,0.056264676,0.070363104,0.15374872
0.3817027,0.55265653,0.6522055,1.0,0.82731944,0.24449839,0.15506585,0.39335042,0.84258664,0.65767616,0.3422217,0.3219616
0.10803878,0.3878892,0.83306015,0.9020384,1.0,0.2285375,0.10446636,0.323904,0.7346281,0.6209423,0.29116812,0.105358355
0.34593895,0.7270543,0.93433934,0.55030817,0.74272066,0.22201957,0.14064814,0.44136438,0.84678257,1.0,0.4474381,0.2701306
0.16209152,0.39559272,0.32578844,0.15150224,0.15335025,0.08002401,0.116821416,0.295539,1.0,0.67037976,0.2000642,0.111709215
0.15261674,0.21073596,0.1867743,0.20409727,0.3863583,0.12608506,0.26464787,0.69088495,1.0,0.523613,0.33641374,0.18635353
0.1281904,0.08470496,0.12408604,0.24178344,0.5652155,0.24033497,0.3996315,1.0,0.65891004,0.32733083,0.31846383,0.1974072
0.08656333,0.095542096,0.22282869,0.39921296,0.4084179,0.26325873,0.5141488,1.0,0.58578974,0.29960868,0.13405493,0.1128262
0.29068893,0.42068788,0.6832543,0.7475626,0.28891706,0.24840453,0.42879865,0.3643772,0.7587806,1.0,0.2645804,0.14617091
0.3382014,0.41508842,0.27469665,0.28955337,0.19377872,0.15794791,0.4151226,0.88995856,1.0,0.9320955,0.24708185,0.09764802
0.11926643,0.098421596,0.08207677,0.06650046,0.0540965,0.045058303,0.18747088,1.0,0.5597597,0.26865718,0.12767264,0.04646032
0.06626255,0.04600869,0.050791796,0.022730554,0.028332625,0.0699591,0.22633806,1.0,0.57102454,0.36172906,0.18388113,0.049247105
0.1450717,0.12832643,0.11963631,0.08319893,0.04632084,0.11613568,0.47363877,1.0,0.6873496,0.6083225,0.26524934,0.14153899
0.10941705,0.09823686,0.08028605,0.08043804,0.06512612,0.31452894,1.0,0.7080065,0.4524895,0.51800776,0.14151183,0.10772298
0.12054245,0.08002402,0.053984053,0.06335285,0.06692036,0.43374163,1.0,0.7274941,0.50005025,0.2759238,0.097678475,0.124635145
0.3642415,0.2744243,0.17924753,0.16954388,0.153418,0.30580607,0.7484841,1.0,0.67622805,0.5216386,0.30460188,0.34246963
1.0,0.73959655,0.17124075,0.05904311,0.033015274,0.031412423,0.03411128,0.041840054,0.026156876,0.032828927,0.098868795,0.44114813
0.37578812,1.0,0.7374396,0.1400965,0.011851693,0.0030662236,0.0016556367,0.0019082249,0.0015921056,0.0027142253,0.008560927,0.058742
0.03426878,0.36465025,1.0,0.6653704,0.14966671,0.013995937,0.0013550845,0.0005330015,0.00036822617,0.0004274434,0.000906217,0.0029730245
0.0036264744,0.045522302,0.3633925,1.0,0.88918257,0.26222357,0.03092307,0.0020765553,0.00045933816,0.00030327006,0.0012201347,0.0027462638
0.0034575094,0.0037032417,0.035910483,0.2979695,1.0,0.708449,0.10348878,0.008437659,0.0031012078,0.0007978085,0.0010157388,0.00566968
0.0048966366,0.001956888,0.013174417,0.09877509,1.0,0.81854814,0.099242985,0.0155779915,0.017066365,0.0026189547,0.0013488651,0.008609962
0.0011206798,0.00042928822,0.0036070293,0.18862951,1.0,0.21754539,0.0030431682,0.0015688273,0.0030615246,0.0003755573,0.0006373012,0.0044768183
0.00062496203,0.000107178865,0.001382398,0.14769511,1.0,0.25211135,0.0026857876,0.00015446873,0.00038026815,8.719015e-05,0.0002655886,0.0023442414
0.0015286095,0.00010965918,0.0005288844,0.06600021,1.0,0.5930748,0.012281429,0.00010265218,0.00043295856,0.0001722468,0.0001217149,0.0020916956
0.0030224354,0.00015978358,0.00031210005,0.029843286,1.0,0.95327944,0.02557142,0.00015436817,0.0004093545,0.00024932672,0.000118605705,0.0025631546
0.0026147,0.00014677555,0.00030381224,0.038935665,1.0,0.7493275,0.016356446,0.00022619593,0.00038050226,0.0002089194,0.00015012482,0.0027817811
0.0018737016,0.00013737894,0.00029196643,0.053632017,1.0,0.51461095,0.0075308057,0.00019153053,0.00045591858,0.00017880707,0.00020267595,0.0033709528
0.001256805,0.000106440166,0.00049083505,0.08771082,1.0,0.3552424,0.0039658435,0.00014648197,0.00049509376,0.00014703145,0.0003540184,0.003764979
0.00068119966,9.293249e-05,0.002349833,0.23155123,1.0,0.1681656,0.0013895279,0.00023924815,0.0005367907,8.9787725e-05,0.0012966531,0.0050945915
0.00040093102,9.373931e-05,0.0075891167,0.49544007,1.0,0.063232005,0.0003302658,0.00042727846,0.0005696711,7.455459e-05,0.0034489688,0.007197801
0.0002769119,0.00018044106,0.0114692105,0.6282695,1.0,0.046595946,0.00039827114,0.00055986346,0.0006124211,9.075176e-05,0.0034563525,0.0060104327
0.00018448193,0.00040191167,0.026877375,0.9075724,1.0,0.037736744,0.0007436892,0.0009507708,0.0006489497,0.000142948,0.0037067123,0.004370418
8.775021e-05,0.00033310894,0.057805754,1.0,0.5603755,0.011319481,0.00022842898,0.0009727803,0.00028883643,0.0003023228,0.0059948666,0.0032038747
8.418751e-05,0.0004476181,0.07244272,1.0,0.41062826,0.005961948,0.00019690632,0.0011658539,0.00025812027,0.0005800155,0.00905897,0.0036395178
0.00029747974,0.0051680463,0.17491247,1.0,0.30442083,0.0040294146,0.00040639675,0.0014479882,0.0013687238,0.014058483,0.02638535,0.0042407652
0.0055519664,0.0983004,0.9345378,1.0,0.13951261,0.0040323487,0.002200703,0.0045399363,0.047390044,0.28484544,0.12790054,0.007104722
0.017491974,0.09647092,0.7606205,1.0,0.66232955,0.15138774,0.019565133,0.009219783,0.053328425,0.33880103,0.22415438,0.045203805
0.041397057,0.023319444,0.11419424,0.59232116,1.0,0.4786883,0.11964352,0.06695697,0.04859322,0.046360854,0.07229247,0.04789361
0.10986597,0.07596398,0.03306195,0.27649102,1.0,0.98193103,0.46760625,0.60486275,0.95669025,0.74200386,0.20653218,0.058543675
0.0090897335,0.0023459618,0.003920792,0.019954504,0.007592359,0.0058544595,0.011028347,0.046561588,0.25127065,0.81609464,1.0,0.24133812
0.031049458,0.00879037,0.003689764,0.0059531224,0.0046747276,0.0058693024,0.009146872,0.019318078,0.047621887,0.24410002,1.0,0.47349668
0.10761939,0.033297773,0.011025374,0.011722077,0.016284116,0.017694594,0.03290442,0.06311478,0.14571474,0.50266176,1.0,0.61073273
0.20829998,0.11338482,0.3050056,0.2854941,0.20983851,0.1297237,0.109235205,0.12834561,0.29834563,1.0,0.7989564,0.34628052
0.011515241,0.0038108022,0.02093311,0.023895519,0.0089907,0.009478661,0.050063808,0.25861043,0.8887798,1.0,0.40646836,0.07269557
0.0014468097,0.00036072783,0.0002055233,0.0016415882,0.0029272358,0.0017203429,0.008733365,0.08941327,0.7149681,1.0,0.24537106,0.012590386
0.00077157153,0.00054890435,9.184276e-05,0.0010624756,0.001993127,0.000610077,0.0019497294,0.02944224,0.6054525,1.0,0.13556445,0.0038331032
0.00077698176,0.0008780144,9.871888e-05,0.0005299466,0.0010593229,0.0001732624,0.00027184663,0.012949362,0.57149506,1.0,0.077111304,0.0016602763
0.00038785365,0.0004426598,0.00010088946,0.00028581894,0.0006500468,0.00014802537,0.0002703224,0.0117101725,0.54971504,1.0,0.068727195,0.00094843464
7.3864445e-05,6.4407104e-05,6.2344225e-05,0.0020751196,0.0065973178,0.000646958,0.00027140815,0.009963378,0.5212967,1.0,0.06818829,0.00042920723
0.0002146549,0.00024368614,0.00018630167,0.00974422,0.037891418,0.005170628,0.0008350995,0.017252361,0.68390745,1.0,0.055652417,0.00065261923
0.0005477608,0.00048080465,0.00036542834,0.008520101,0.02313642,0.009300573,0.028477754,0.15784411,1.0,0.7997496,0.034071624,0.00050015835
0.0005459677,0.00061775,0.0015354671,0.0077635674,0.016918046,0.052597657,0.186524,0.6069207,1.0,0.36525545,0.012910356,0.00046566298
0.00087871647,0.0015455596,0.0053466232,0.018115584,0.053652655,0.14898798,0.40534812,1.0,0.69688684,0.16798232,0.01441146,0.0010119826
0.0023927898,0.0065586986,0.017260797,0.02813579,0.0625574,0.067745924,0.11070058,1.0,0.83238477,0.15422955,0.027285837,0.0043764655
0.013080182,0.012337215,0.013015068,0.015651772,0.021055378,0.022090096,0.16444549,0.9308344,1.0,0.9084518,0.098244265,0.021176929
1.0,0.5322696,0.2616973,0.13635316,0.1700126,0.106387295,0.20213434,0.3929637,0.6356959,0.96831614,0.748391,0.8324794
0.0670419,0.0428234,0.029832825,0.02315525,0.026892548,0.018014178,0.05175186,0.41871485,1.0,0.54896057,0.16223587,0.075779445
0.010731172,0.008815772,0.008869618,0.008954677,0.011443282,0.008928768,0.015950046,0.21838653,1.0,0.61250746,0.08898997,0.023897579
0.003299186,0.0036759225,0.0067224,0.007958827,0.0071832635,0.0060828887,0.009161088,0.13295127,1.0,0.7116863,0.060899768,0.012962923
0.0032369874,0.0035710684,0.009479908,0.022398762,0.011650665,0.006781003,0.016260214,0.13573305,1.0,0.6834761,0.12570024,0.013515442
0.0028337513,0.0039586937,0.007872775,0.02099295,0.016213283,0.008096066,0.013546075,0.15535125,1.0,0.7556822,0.1616979,0.010304541
0.0022989141,0.002405897,0.004543966,0.023468034,0.024581663,0.0070533906,0.0076450817,0.11044424,1.0,0.54120034,0.052083276,0.010023516
0.0008735414,0.0012328667,0.0032590867,0.037383463,0.02021629,0.0038876245,0.004468488,0.09555308,1.0,0.3980205,0.015603991,0.0034118278
0.0007825102,0.000708568,0.004172688,0.08045654,0.048747245,0.0027029968,0.0030130325,0.10800554,1.0,0.36231545,0.006611648,0.0010213017
0.0006681623,0.0004781234,0.0032178238,0.07002631,0.043634247,0.0018118304,0.0016938492,0.108777836,1.0,0.35435995,0.0074620107,0.001466877
0.00094261154,0.0008236571,0.0014035462,0.01551442,0.007061867,0.0010232363,0.0035009077,0.12697376,1.0,0.33067822,0.007033001,0.0014239788
0.0009919504,0.0005772879,0.00079813425,0.0036525733,0.0014894336,0.0016333697,0.009892626,0.33665794,1.0,0.1772431,0.0044130497,0.0010586131
0.00057934894,0.00025276202,0.00045195455,0.0012201793,0.0006526707,0.0017363352,0.027493026,0.66242516,1.0,0.07598503,0.00410604,0.00091727654
0.0002237698,0.00022019152,0.00025884566,0.00037101677,0.00032766434,0.0009976315,0.026876684,0.50859374,1.0,0.2677076,0.020585919,0.0010417072
0.00021602256,0.0004606415,0.00043200102,0.00048619646,0.0004187898,0.0006636459,0.008399617,0.10418905,0.98034495,1.0,0.06349188,0.0008046046
0.0002931369,0.00036532106,0.00041182665,0.0011520215,0.0007943879,0.00057297986,0.0026095537,0.04743478,1.0,0.9273507,0.04415195,0.0011818564
0.00068196916,0.00035344355,0.0002409047,0.0017380526,0.0014458565,0.0004125026,0.0011223818,0.05060366,1.0,0.8171171,0.029386397,0.0010213228
0.0015155696,0.00063297426,0.000110980145,0.0015750736,0.001230555,0.00015365859,0.000885784,0.05077326,1.0,0.7485753,0.022594506,0.0004608147
0.0031205853,0.0011864074,0.00021924029,0.001939493,0.0011960438,0.00035388622,0.0013831023,0.064183615,1.0,0.64003044,0.017094377,0.0006952298
0.003584849,0.00092149735,0.00046856573,0.005285428,0.0019191998,0.00040032764,0.0014211005,0.09179654,1.0,0.43203107,0.009059103,0.00091905356
0.0018116698,0.00032766318,0.0009818294,0.012494841,0.0037333358,0.00020002796,0.0008151429,0.09398471,1.0,0.33117723,0.0039346935,0.00040824988
0.00043840663,8.848252e-05,0.0010683665,0.013821778,0.003886265,0.00022251527,0.0007437746,0.09155985,1.0,0.3247047,0.0035501765,0.00017687904
0.00014628319,3.731192e-05,0.0010536639,0.014344287,0.0043802923,0.00017403984,0.00056579243,0.08710912,1.0,0.3323283,0.0034763843,0.00012144224
5.840126e-05,2.2174972e-05,0.00084407226,0.016349597,0.007789234,0.00028576233,0.0007393465,0.06403325,1.0,0.4715128,0.006632345,0.00010852631
8.190879e-05,3.1134405e-05,0.0005534858,0.01549014,0.009764195,0.00023223455,0.00040512925,0.05032205,1.0,0.58583564,0.009538259,9.576757e-05
9.053573e-05,3.6310747e-05,0.000450876,0.010592771,0.005873044,0.00014865333,0.0005286443,0.06168493,1.0,0.5037236,0.0078645665,5.5258985e-05
0.00010627336,4.078228e-05,0.0003369161,0.004796271,0.0020004625,0.00058371405,0.010329959,0.20481011,1.0,0.31568146,0.0047924295,0.00017609852
7.072894e-05,2.5998095e-05,0.0001444428,0.0007951256,0.00029759732,0.0011187851,0.030524835,0.56739724,1.0,0.110971384,0.0018327417,0.0002409873
7.276319e-05,2.935639e-05,0.00013366838,0.0010060667,0.00033785086,0.00037706888,0.009663647,0.2976651,1.0,0.19717912,0.002427456,0.00012714839
9.105292e-05,5.0148843e-05,0.00012624782,0.001109273,0.0003958607,7.9212325e-05,0.0010974674,0.108393215,1.0,0.4174286,0.0073979897,0.00014708829
8.930677e-05,5.4338052e-05,7.838222e-05,0.0008101539,0.00046477502,6.4951746e-05,0.00065993634,0.07103437,1.0,0.57080406,0.013298619,0.00034302988
6.0772836e-05,2.69958e-05,8.863441e-05,0.0012989747,0.00075116847,9.389285e-05,0.00056209246,0.07626082,1.0,0.5729913,0.014003817,0.00041708467
7.380277e-05,2.6190208e-05,8.469515e-05,0.0014768218,0.00087419915,7.752611e-05,0.00042166602,0.074668184,1.0,0.5556585,0.012510174,0.00039873354
0.00014233823,8.174189e-05,0.00017987039,0.0019591276,0.0008434616,0.00018053346,0.000767888,0.09551731,1.0,0.4499467,0.008388119,0.00030331768
0.00027722341,0.00017033442,0.00025860325,0.002264512,0.0009677395,0.00030324367,0.0012349407,0.09909674,1.0,0.43498045,0.007881805,0.0005161131
0.0002982188,9.679498e-05,0.000112669324,0.0012661609,0.00069773017,0.00023338798,0.0008897272,0.08308647,1.0,0.57565904,0.01452634,0.0005193071
0.00042203988,0.00014166445,0.00011732706,0.0011382008,0.001378771,0.0007852757,0.0015615732,0.06309089,1.0,0.888616,0.0350282,0.00094849354
0.0019746067,0.00031061357,0.00035055735,0.0013236846,0.0011606937,0.0011742221,0.008069999,0.13396256,1.0,0.6577305,0.028993674,0.002004352
0.008190399,0.0028798166,0.0026544584,0.006690065,0.023572067,0.05827716,0.15699235,0.5511763,1.0,0.3703349,0.021837596,0.0112010855
0.043289676,0.019209202,0.03148157,0.38375112,1.0,0.6915009,0.6098698,0.8590302,0.5061267,0.07733565,0.04582636,0.108259775
0.011470009,0.0056580296,0.02214573,0.40858856,1.0,0.21385454,0.02524577,0.009992008,0.0056380564,0.001995987,0.038587213,0.0941404
0.018350728,0.003474594,0.016464727,0.18114486,1.0,0.6491255,0.046068486,0.005835819,0.005727648,0.003288729,0.015028855,0.057277538
0.015601204,0.002043957,0.00631376,0.022339555,0.39387214,1.0,0.1735748,0.007285166,0.0052116574,0.009243711,0.0014003313,0.0068601235
0.009611548,0.0024274841,0.0024401695,0.00818261,0.17098817,1.0,0.2966797,0.0064063896,0.005135891,0.02276862,0.0028655275,0.0012410361
0.0070292526,0.0015927411,0.002810038,0.011140584,0.24769238,1.0,0.25312278,0.0059243944,0.017434435,0.0397842,0.0032670263,0.0014864773
0.0059102452,0.0029738331,0.0258004,0.19325052,0.8541303,1.0,0.12283598,0.008625246,0.031110654,0.0319941,0.0013637323,0.0033836055
0.0013761017,0.008019423,0.10760583,1.0,0.9918555,0.23105206,0.057342045,0.0076339925,0.0049050967,0.0023156828,0.00019013476,0.0010297028
0.00028827542,0.003474825,0.09699706,1.0,0.7582758,0.045434374,0.0039647943,0.000633261,0.000104473445,5.7802004e-05,8.300257e-05,7.472219e-05
0.0004061617,0.01082504,0.2708348,1.0,0.37927857,0.021061536,0.00080322206,0.0001716944,7.3614e-05,3.0688178e-05,4.430349e-05,6.774006e-05
0.0007328717,0.056392908,0.77586603,1.0,0.11155539,0.004898337,0.0010404923,0.00014716641,4.5640965e-05,2.8710814e-05,6.8050926e-05,0.00010686361
0.0012422637,0.113550834,1.0,0.66327745,0.034650933,0.001301283,0.0004193383,4.6212586e-05,2.1966185e-05,4.7601814e-05,0.00012269214,0.00014006064
0.003508851,0.21438308,1.0,0.39325756,0.020796863,0.0006921743,5.8464615e-05,3.082677e-05,4.1641375e-05,7.278803e-05,8.7782464e-05,0.00015197611
0.009086276,0.31321368,1.0,0.28310236,0.0118604675,0.00073832227,0.00013967261,0.00010904556,0.00010695264,0.00017351442,0.00015184832,0.0004660994
0.012337963,0.3062089,1.0,0.40762186,0.023279307,0.000892656,0.00033125267,0.0002063443,0.00018120612,0.0002577644,0.00035544552,0.0012473735
0.030226285,0.45492917,1.0,0.39638168,0.048830487,0.0035040565,0.0010435368,0.00035214235,0.00040016067,0.00055356586,0.0011400521,0.0018743135
0.1560627,0.7522598,1.0,0.24037963,0.029374082,0.023633521,0.010011844,0.0044746776,0.005389845,0.0070129754,0.010880886,0.023659706
0.53935504,0.5981649,1.0,0.6008305,0.3638731,0.21399654,0.16783078,0.26335114,0.29024908,0.31237713,0.3761683,0.5052416
0.87475663,0.5968152,0.6083899,0.59734726,0.45116135,0.42567638,0.47199363,0.69811165,0.9095295,0.9625894,0.96199393,1.0
0.45700908,0.30151138,0.18597946,0.13350683,0.1606319,0.7424209,1.0,0.55910397,0.48778248,0.5083085,0.4944709,0.51006585
0.3901324,0.2600878,0.14759447,0.08721906,0.083685346,0.5480164,1.0,0.65712166,0.35484678,0.33026505,0.35431617,0.41232565
0.2633371,0.1764736,0.12893102,0.11966724,0.14978828,0.4617938,1.0,0.47991273,0.26877502,0.23298821,0.23739801,0.27446538
0.036984295,0.028098233,0.030873656,0.06423115,0.29208085,0.9144338,1.0,0.62067705,0.19323032,0.058198392,0.028469289,0.03634428
0.0034378672,0.002619268,0.0056594964,0.017777042,0.09831346,0.32936636,0.43475497,1.0,0.33500072,0.06210507,0.012327879,0.0040612873
0.0053559076,0.004620986,0.00839912,0.018900681,0.09766567,0.3002473,0.26114628,1.0,0.36645547,0.111806795,0.041554607,0.008118567
0.043745648,0.03163182,0.023737688,0.034958985,0.21423326,0.68241614,0.678511,1.0,0.65866876,0.2226634,0.070375316,0.048727483
0.053475976,0.03764125,0.027974315,0.025797302,0.10135362,0.37608993,1.0,0.887745,0.6782605,0.22175552,0.072378896,0.058330268
0.008565863,0.006132353,0.0052204533,0.006219736,0.028056737,0.18778194,0.6060116,1.0,0.3134173,0.040646385,0.012795634,0.0090794265
0.004170238,0.0026885914,0.0016727557,0.0021665907,0.016035693,0.117920995,0.59151334,1.0,0.19241095,0.016350305,0.0032600309,0.003703529
0.021125844,0.015623816,0.013661225,0.015105039,0.021012448,0.07966693,0.53116584,1.0,0.41780314,0.068056114,0.02468168,0.022530748
0.046460014,0.044134136,0.044089288,0.039988477,0.051005203,0.23757632,0.61346495,1.0,0.47224814,0.109441265,0.05103884,0.04912283
0.21341954,0.17481269,0.1282559,0.0959487,0.110158235,0.62325966,1.0,0.71806717,0.38478106,0.19691807,0.16360109,0.20506142
0.43722123,0.37396234,0.21740863,0.14572088,0.117382325,0.42654073,1.0,0.8912948,0.45810312,0.2635809,0.28561828,0.39489728
0.07080771,0.10000335,0.08917917,0.06516188,0.13184647,0.46102348,0.8579695,1.0,0.9448928,0.37330964,0.1304103,0.07626689
0.000311937,0.00026267438,0.0009496416,0.00201362,0.010018202,0.09136656,0.5758272,1.0,0.39308095,0.03267383,0.0051301243,0.0010781701
0.00015926822,0.00026635907,0.0008623079,0.00071169046,0.0021865857,0.015482117,0.30287635,1.0,0.30345845,0.009416557,0.00078173116,0.00025702678
0.0003547245,0.00035769126,0.00082857575,0.0006074673,0.00071739394,0.0036362703,0.12615997,1.0,0.51611423,0.015782377,0.0007626342,0.00048038404
0.00047522917,0.00048680053,0.0006992126,0.0009020962,0.00037386853,0.0014829304,0.038874652,0.8118868,1.0,0.11545493,0.0035252855,0.00046234924
0.0003059747,0.00029874162,0.0003989729,0.0009374324,0.0002494779,0.00025729203,0.00881377,0.32135478,1.0,0.2833161,0.0064678825,0.00018322984
0.0004408979,0.00020348352,0.0002532793,0.00068483985,0.0002586789,0.00016674194,0.005030569,0.13855849,1.0,0.5319357,0.013963565,0.00012823787
0.0023333216,0.00054006785,0.00019841091,0.00092778413,0.00040029996,0.00025973405,0.0023114863,0.07300907,1.0,0.68298644,0.023882158,0.00040742726
0.002513743,0.000588363,0.0006604128,0.0051032007,0.0012893018,0.00019000728,0.0015080939,0.11463635,1.0,0.33244422,0.0057004187,0.0005553141
0.0006037381,0.00015391364,0.000761048,0.005776447,0.0011443165,0.00011406169,0.0010891269,0.14520998,1.0,0.21015304,0.0015213689,0.00023471638
0.00021178028,5.9819944e-05,0.00064691086,0.005205467,0.00097512855,0.0001152287,0.0010118791,0.14858526,1.0,0.19155467,0.0011826234,0.0001052545
8.858522e-05,4.602618e-05,0.0006409025,0.0066757686,0.0016776668,0.00026866441,0.00089807867,0.122860976,1.0,0.23815118,0.0020213637,6.135398e-05
6.383309e-05,6.5320426e-05,0.0006036561,0.009351805,0.0037604298,0.0004970002,0.0007346422,0.08291793,1.0,0.38206363,0.0050308346,6.15486e-05
9.361058e-05,9.675274e-05,0.0005658461,0.012690811,0.007245221,0.0004439778,0.000547445,0.05635447,1.0,0.5706232,0.010801293,0.00014438014
0.00020591929,0.00012237362,0.00074711186,0.014218354,0.0074481955,0.0002540595,0.00043276427,0.062710315,1.0,0.52361906,0.009737677,0.0005469969
0.00018033924,0.0001287135,0.0006943277,0.014821404,0.009398132,0.000282126,0.0002535343,0.054764103,1.0,0.6051771,0.0127371205,0.0005052923
0.000100581514,0.00010056384,0.0006092022,0.014897271,0.009705696,0.0003093149,0.0002787326,0.054041926,1.0,0.6173876,0.012754235,0.00017598223
9.944902e-05,0.00010079058,0.00074678345,0.015663542,0.008638757,0.00031913,0.0003357572,0.05970698,1.0,0.55438274,0.010538089,0.00017243985
9.034943e-05,0.000113518436,0.0007536844,0.013117637,0.006154091,0.00029403222,0.0005281945,0.06603886,1.0,0.50047064,0.00855178,0.00016147774
6.592067e-05,7.5050106e-05,0.00079156534,0.011805078,0.0044078054,0.00014271351,0.0007484606,0.08503319,1.0,0.41189972,0.005972328,0.00013262141
6.821979e-05,4.5365283e-05,0.0008172043,0.012412272,0.004298129,0.00010944399,0.00061444764,0.09314878,1.0,0.37386212,0.0048582144,0.00013698477
7.8552934e-05,3.0067442e-05,0.00093207083,0.012007372,0.0035113392,9.1215894e-05,0.0008329202,0.11806367,1.0,0.31591976,0.003906517,0.00018451332
8.1847385e-05,3.5200228e-05,0.0009279706,0.011567963,0.0034939281,0.00019962918,0.0013725533,0.119065635,1.0,0.3524082,0.005636801,0.0001602176
0.00012219616,9.147268e-05,0.00063916313,0.012911273,0.0077248113,0.00053992245,0.0008909404,0.06020255,1.0,0.6363668,0.015536397,0.0002730385
0.00018988483,0.00016758691,0.00045239687,0.013721356,0.013502381,0.00060317526,0.00035220006,0.03863143,1.0,0.8933392,0.029503379,0.0003002797
0.00011653843,8.9965135e-05,0.00032884366,0.013781828,0.016266905,0.0005128191,0.00031684217,0.03408107,0.9819747,1.0,0.036615673,0.00022722101
3.727531e-05,2.2617816e-05,0.0005190031,0.01521356,0.012398142,0.00030054938,0.00029100594,0.056375068,1.0,0.7131617,0.0203878,0.000106789834
8.205532e-05,5.286981e-05,0.00074405683,0.012436791,0.0053931405,0.00015896345,0.000475004,0.08566287,1.0,0.4310416,0.007248046,0.00014316682
0.00023995481,0.00015769752,0.00077866117,0.009067562,0.0029350035,0.00026255328,0.0008707918,0.10026671,1.0,0.36692187,0.00540472,0.00034836875
0.00033858942,0.00024004403,0.00057313935,0.009114523,0.005165997,0.00028414806,0.0006242191,0.07159347,1.0,0.55127066,0.012774969,0.00042215938
0.0010582964,0.000766833,0.00090544386,0.012574947,0.012360154,0.0006011086,0.00052188133,0.040975768,1.0,0.89404035,0.03084883,0.0012920769
0.001749677,0.0011399843,0.0010523505,0.015029093,0.018285314,0.0011056719,0.001102435,0.028417237,0.88681906,1.0,0.041115005,0.0022174488
0.0010709249,0.0006654266,0.00057380827,0.0143415565,0.018456647,0.00080256833,0.00066004903,0.027333964,0.89029455,1.0,0.03973454,0.0014268768
0.00040662359,0.00023996741,0.0005918029,0.017917661,0.017567102,0.00077340193,0.0014053709,0.040708426,1.0,0.9130187,0.031146387,0.0007926503
0.00015406901,7.972902e-05,0.0009165504,0.02061445,0.012855935,0.0005588357,0.0016770728,0.06337687,1.0,0.6083748,0.015097923,0.00029840798
0.00012457572,6.517133e-05,0.0017662984,0.020870466,0.007032876,0.00029073082,0.0013136356,0.12305939,1.0,0.3385652,0.0049228114,0.00016075898
0.00020145474,9.51571e-05,0.001993345,0.01880705,0.004838604,0.0002524429,0.0013355314,0.14060803,1.0,0.2963474,0.0045821946,0.00020870302
0.00017307239,0.00010736055,0.0011124751,0.02060707,0.010106439,0.00024478594,0.0005878336,0.07473208,1.0,0.5450883,0.012510309,0.00034193535
0.00018900466,0.00012477417,0.00066227926,0.021672422,0.019760357,0.0005477701,0.0003440783,0.04285431,1.0,0.89673996,0.03289241,0.00049333443
0.00012619232,7.034929e-05,0.00041856436,0.018306103,0.021345498,0.0006908789,0.00037649233,0.034848854,0.9681924,1.0,0.04015532,0.00037793518
0.00011411286,4.423812e-05,0.000371421,0.016669268,0.018504165,0.0005774578,0.00031079404,0.03865073,1.0,0.966792,0.03602585,0.00029283809
4.812722e-05,2.7764945e-05,0.00068970455,0.019550087,0.014608417,0.00043066838,0.0005032683,0.057128824,1.0,0.716613,0.022701569,0.00019359124
1.4533833e-05,1.42769695e-05,0.0015793798,0.023980245,0.008727669,0.00017100124,0.00069707335,0.09895278,1.0,0.3974914,0.0069384584,0.0001297611
1.9291927e-05,1.8963796e-05,0.0023264205,0.026180297,0.006678502,0.000121430494,0.00082391786,0.12562692,1.0,0.30681646,0.0038010138,0.00011173187
2.593075e-05,2.5656356e-05,0.0018919692,0.027737143,0.011816536,0.0002949962,0.00075509783,0.089893326,1.0,0.5411353,0.017306002,0.00013574646
5.766871e-05,3.024277e-05,0.00045746152,0.01472694,0.017412528,0.0006692313,0.0002904941,0.02490613,0.7587283,1.0,0.05714759,0.0002961247
0.00011591788,5.059942e-05,0.00011518461,0.0071203723,0.015131179,0.0008191649,0.0002460695,0.012013919,0.56259704,1.0,0.07210684,0.00054321263
0.00015765625,6.686713e-05,0.00024560353,0.011140049,0.016735408,0.00083982013,0.0005621406,0.022724643,0.7535831,1.0,0.054911874,0.00062930153
6.27327e-05,2.7098868e-05,0.00090615527,0.02440521,0.01835176,0.0009357009,0.0012451533,0.057104703,1.0,0.7349458,0.02323467,0.00021981519
5.595782e-05,3.2636013e-05,0.001637618,0.029560065,0.013092883,0.00048489543,0.00092866004,0.07835118,1.0,0.47170454,0.008510573,0.000110701214
8.747937e-05,4.2918942e-05,0.0015261405,0.030458992,0.015150727,0.00039263064,0.00066829106,0.06646499,1.0,0.57474166,0.013394637,0.00016161487
0.0002874065,0.00014394608,0.0010227133,0.035051413,0.030706182,0.0011739763,0.00077337277,0.040100817,1.0,0.89605224,0.029633742,0.0004750619
0.0005817112,0.00030239022,0.0010418465,0.041044805,0.039477833,0.0013469018,0.0008338618,0.036735665,1.0,0.9346461,0.031278033,0.0008029242
0.0009679121,0.0006016086,0.001251957,0.037578467,0.03307355,0.0009793418,0.001041898,0.03801303,1.0,0.913903,0.031098686,0.0012751523
0.0009118334,0.0006218191,0.0010177235,0.013089461,0.015005278,0.014050192,0.033002086,0.12570742,1.0,0.8581238,0.049996443,0.003456881
0.0011938168,0.0008279258,0.0017113198,0.009317044,0.032622963,0.07646437,0.15180238,0.40360034,1.0,0.79657614,0.12215839,0.010653517
0.015163218,0.011467527,0.0142358225,0.054587275,0.21924618,0.4379299,0.5788154,1.0,0.99991685,0.89368004,0.36321822,0.062475387
0.17098412,0.13881582,0.15326172,0.46089724,1.0,0.56034887,0.15164307,0.18370798,0.21617568,0.24315993,0.15076244,0.16669229
0.010299562,0.017131332,0.07295842,0.21782774,0.997364,1.0,0.46633023,0.15701239,0.054480407,0.023895223,0.012760119,0.012561957
0.0018175504,0.0023550778,0.013144663,0.15946488,1.0,0.9939842,0.17558432,0.032861996,0.019257626,0.0060012965,0.0017221634,0.0026834824
0.0013915346,0.0004301244,0.0020804084,0.09233373,1.0,0.831139,0.05579983,0.0039092023,0.00460227,0.0014036429,0.00041626184,0.002262068
0.013461682,0.0012261507,0.0012317123,0.08237755,1.0,0.66286975,0.02289845,0.00065296766,0.00044308713,0.00024521403,0.0006914532,0.014000659
0.059663426,0.006922145,0.0022516735,0.09094151,1.0,0.6664686,0.023638612,0.0007476446,0.00038442411,0.00020201979,0.0013710405,0.04249843
0.026601043,0.00472805,0.0054525947,0.06937869,0.9898063,1.0,0.059693865,0.0013428777,0.0011357304,0.00032619722,0.00069684844,0.015802229
0.003889807,0.010467996,0.047286708,0.2520454,1.0,0.82831985,0.08526017,0.005291293,0.004037238,0.0008193645,0.0007649664,0.002112353
0.015025331,0.055921525,0.19011746,0.6440931,1.0,0.610221,0.20167673,0.02710403,0.010562126,0.0018805407,0.001969431,0.0057693343
0.055827618,0.13148583,0.13373394,0.35944396,0.68556976,1.0,0.40652868,0.10132626,0.06639471,0.026428616,0.031857356,0.034912135
0.05335993,0.060515206,0.11757121,0.60799205,1.0,0.84757644,0.23678133,0.07274988,0.04286042,0.057777915,0.087229535,0.07089336
0.007382074,0.032842513,0.08971829,0.71933436,1.0,0.5299582,0.25528905,0.053596452,0.030207364,0.012686295,0.0050132666,0.0043000714
0.0006614258,0.003199939,0.039389923,0.40480727,1.0,0.57870257,0.07685588,0.0074194307,0.0071977,0.0028239281,0.0005493604,0.0008245353
0.0013396041,0.0008114449,0.015152705,0.23972149,1.0,0.60560155,0.040019274,0.00251953,0.0019213001,0.00081364275,0.00020860376,0.0013706068
0.0071154004,0.00089589227,0.002798601,0.06646558,0.584903,1.0,0.30774614,0.019501116,0.0006967271,0.00026945086,0.00029218334,0.0044382424
0.0047908085,0.00064903306,0.00031791136,0.004575704,0.090223655,0.8994643,1.0,0.08091854,0.0015473278,0.00046644945,0.00035234942,0.0030157617
0.0002386792,0.00022271773,0.00014211725,0.00088610814,0.045013208,0.7554137,1.0,0.07618048,0.0011657943,0.0003802056,0.00031617197,0.00018028688
0.0006136422,0.0002968909,0.0006887989,0.016307106,0.2487629,1.0,0.45181772,0.024248557,0.00089034584,0.0003240848,0.0003467996,0.0008312239
0.009404739,0.0013280335,0.01149045,0.22305639,1.0,0.8014247,0.0975842,0.0036054617,0.0005775979,0.00037109037,0.0027236813,0.019809451
0.014859101,0.010994694,0.16210322,0.90085363,1.0,0.2431522,0.013006347,0.00089324015,0.00011437972,0.00052415195,0.008389978,0.034118656
0.00268982,0.024057403,0.45661154,1.0,0.2148748,0.026271684,0.003542536,0.00040137445,0.00014457651,0.0013516913,0.0045172437,0.004178958
0.0021007233,0.016641771,0.32328287,1.0,0.33055925,0.037602887,0.0059408112,0.0026062333,0.0041584843,0.007408619,0.006509844,0.002725151
0.004990345,0.032365702,0.18831351,1.0,0.55509186,0.041398324,0.009746063,0.011353556,0.009391228,0.009349338,0.004790782,0.0019294764
0.015849182,0.1095755,0.47362784,1.0,0.5332438,0.056146327,0.014866495,0.0135392295,0.004288592,0.0025327422,0.0015892665,0.0017831277
0.15830481,0.4609506,0.9011493,1.0,0.869598,0.42326462,0.10392659,0.04138004,0.02384757,0.027990038,0.03893813,0.06446558
1.0,0.7359183,0.50729674,0.376734,0.28205067,0.21754345,0.19357006,0.25540024,0.3370614,0.477128,0.7242449,0.99547124
0.9530198,0.6205376,0.33942226,0.24008599,0.24459273,0.25270855,0.263611,0.37094843,0.47851118,0.5996012,0.79019237,1.0
0.9897974,0.7084586,0.46161124,0.32819027,0.26189184,0.22627681,0.19215463,0.22544788,0.3055156,0.39862338,0.6680496,1.0
0.93317163,0.5448754,0.27485833,0.1676046,0.14966169,0.13558547,0.17984827,0.3406459,0.47545224,0.58056664,0.80074644,1.0
0.04334057,0.06173425,0.042128373,0.05568639,0.1511065,0.46134996,0.917042,1.0,0.53496504,0.16451259,0.052082103,0.030365318
0.022262016,0.09197617,0.04571642,0.019993953,0.06522059,0.29414833,1.0,0.80469555,0.17647323,0.037794296,0.008701148,0.0058815707
0.012033548,0.15473686,0.14028643,0.011231368,0.019420564,0.122091636,1.0,0.91499275,0.07652753,0.00789618,0.0012906966,0.0010872124
0.0022916326,0.06797984,0.17387408,0.028842488,0.0015017475,0.013526925,0.39891797,1.0,0.19564661,0.0051588155,0.0006249296,0.0005537021
0.00048678878,0.012434272,0.10899251,0.049712755,0.0020321086,0.0030794388,0.1401931,1.0,0.48067048,0.015211756,0.00076264184,0.00063471746
0.0002779023,0.002622375,0.042225074,0.031245818,0.0021114692,0.0036030817,0.07562491,1.0,0.6769944,0.020990731,0.0011170479,0.0005713101
0.00027354556,0.0009910887,0.009141172,0.005705188,0.0015637216,0.008491316,0.18271013,1.0,0.49236706,0.023857616,0.0037424872,0.00085342996
0.00050791044,0.001251493,0.003888991,0.0030440772,0.0046360535,0.029669235,0.3197973,1.0,0.3656027,0.04880121,0.009503988,0.0016110396
0.0026380112,0.0022870451,0.0022739677,0.0042390665,0.0072286376,0.015754415,0.093631074,0.55476224,1.0,0.7927135,0.16537336,0.010743752
0.0013600986,0.0010482826,0.0009319881,0.0009288017,0.0013882255,0.0008937088,0.009669017,0.04390764,0.3432922,1.0,0.24757089,0.008995595
0.0009420906,0.00089323096,0.0012045298,0.00081838004,0.0014740505,0.0013928869,0.0034296403,0.03700574,0.39423195,1.0,0.21226695,0.0083533
0.0014642021,0.0011678636,0.0018386171,0.00221814,0.0034448784,0.0024212818,0.0036859203,0.04223546,0.6186006,1.0,0.120412335,0.0040952046
0.0017446018,0.0011243601,0.0011060083,0.0014972093,0.0023318178,0.0014752351,0.0017753831,0.025672393,0.5443293,1.0,0.12946008,0.0055630864
0.0019865292,0.0010360687,0.00053455133,0.00053195667,0.0006273778,0.00041445397,0.0005481401,0.0069571165,0.23078139,1.0,0.30977976,0.013616086
0.0022918812,0.0008818179,0.000241238,0.00010263754,0.00015570174,0.00023988917,0.00057887693,0.0040927134,0.1807754,1.0,0.4185758,0.020958602
0.005730331,0.002825935,0.0013534547,0.0009132339,0.00075234316,0.0010137694,0.0018429887,0.027669532,0.37862468,1.0,0.37505645,0.02903559
0.052155223,0.03377225,0.020864496,0.015413552,0.011753333,0.010246804,0.02375402,0.34507442,1.0,0.7774706,0.27426335,0.10984684
0.043637928,0.016142646,0.008457413,0.005418688,0.005933173,0.008414019,0.007811827,0.06576912,0.40215883,1.0,0.97600645,0.2784299
0.12392612,0.007480125,0.002159997,0.001357361,0.0016297571,0.004096247,0.00437318,0.006881261,0.045790605,0.27053592,1.0,0.8485974
0.31018016,0.010750034,0.0013990552,0.0004733559,0.0002687469,0.0010169309,0.003022254,0.0013562449,0.0020059606,0.018452413,0.30333647,1.0
0.43451756,0.014754461,0.0008972792,0.0004599993,0.00024281692,0.0012514229,0.0067053987,0.0016928571,0.000689944,0.0089389635,0.152416,1.0
0.27553803,0.011050251,0.00079017144,0.00059072324,0.0007099036,0.004686939,0.009989046,0.0028351003,0.012144487,0.13040881,0.64214754,1.0
0.04897635,0.0040571876,0.0009874935,0.0006291298,0.0022898915,0.005884516,0.0039296867,0.0070414054,0.19089091,0.8942548,1.0,0.3159953
0.0073337853,0.00096213236,0.0007259986,0.000336533,0.0008284579,0.0007551804,0.0009968344,0.030138202,0.59174514,1.0,0.19105618,0.042380497
0.0018413361,0.0011245047,0.0006263749,0.00055608264,0.00063230615,0.0006038816,0.0011344722,0.05343292,0.79007554,1.0,0.115982294,0.0081034545
0.0020671766,0.0018058069,0.0014095311,0.00053707644,0.000598164,0.0004616212,0.00077232445,0.026035957,0.5551715,1.0,0.1622388,0.006965805
0.0012260171,0.0009800899,0.0007598434,0.00029669935,0.0005369764,0.0006591753,0.00056641863,0.011922495,0.34356177,1.0,0.2480084,0.008600485
0.0010148736,0.00045937838,0.00042313355,0.00048118053,0.00077561487,0.0012138155,0.002195203,0.010497591,0.30929285,1.0,0.29185513,0.0121044945
0.0015092748,0.00085810164,0.0005466783,0.00037712362,0.00063962035,0.0010734039,0.0016831844,0.04292964,0.6331545,1.0,0.19340217,0.0114823
0.0019074643,0.0011559975,0.0004872745,0.00019339062,0.00033451867,0.0022412925,0.010760338,0.15658118,1.0,0.64247304,0.05558236,0.0065822112
0.002729626,0.0011489502,0.0008020786,0.0004791295,0.0004861961,0.0016079156,0.020639721,0.2941522,1.0,0.48514885,0.040999647,0.009800254
0.002605606,0.0012057255,0.0008085651,0.0003251854,0.0010454672,0.004320985,0.013615611,0.20274559,1.0,0.8007423,0.11511791,0.020007528
0.009029721,0.0037018203,0.0022169207,0.0019419525,0.0035133257,0.0037874447,0.0038027389,0.13261557,0.8424181,1.0,0.2965386,0.045823514
0.011615338,0.005818001,0.00454122,0.0034583828,0.004682137,0.0059216307,0.010283586,0.20949563,1.0,0.7260301,0.17144322,0.040494844
0.04147999,0.015115146,0.008560571,0.0036674328,0.0031522778,0.003119154,0.0073112305,0.20165297,1.0,0.85549885,0.1747292,0.05604599
1.0,0.49154246,0.10979742,0.013445628,0.0034537115,0.004606461,0.014808419,0.010898103,0.014740577,0.02993385,0.179702,0.70581686
1.0,0.48206753,0.16228783,0.04093276,0.006210467,0.005140979,0.038796786,0.023819037,0.0027845763,0.009055938,0.12026181,0.7991229
1.0,0.3265436,0.14414656,0.06277536,0.012764555,0.007368266,0.13328864,0.1813967,0.012765389,0.0055120164,0.08137792,0.9133396
1.0,0.1710045,0.0069803605,0.007965909,0.0073074917,0.0035834045,0.123446934,0.48600575,0.07674715,0.0033225133,0.011747696,0.33778274
1.0,0.33361682,0.007902984,0.002609335,0.005469242,0.0018291811,0.046650525,0.59440964,0.22553487,0.0051694456,0.0035062612,0.11415016
1.0,0.46338663,0.010592521,0.0021270753,0.0046295878,0.0019773291,0.032707684,0.71505576,0.40053594,0.006947171,0.0015855853,0.0756012
1.0,0.59854984,0.015182607,0.0034650469,0.007865745,0.0039943727,0.035842936,0.9671681,0.66426563,0.01249635,0.0010202837,0.056481592
1.0,0.7804162,0.02282669,0.0016781657,0.007537042,0.004305765,0.032671563,0.990067,0.7947258,0.016598932,0.00151652,0.044745058
0.9331982,1.0,0.042965032,0.0013200013,0.0040760976,0.0032087031,0.016932216,0.5121924,0.47614217,0.0124210585,0.0013438965,0.034419898
0.74281394,1.0,0.06897833,0.0013074442,0.00080808345,0.0010070672,0.0029153635,0.07507824,0.08069787,0.0029622328,0.0011392527,0.023020117
0.63091743,1.0,0.084878795,0.0017837664,0.0006854463,0.00052710203,0.000346186,0.0038885204,0.004226444,0.0006211071,0.0020542156,0.021939995
0.46277863,1.0,0.12744531,0.0029982175,0.0012229352,0.0005564974,0.00015010459,0.00046446853,0.0010382977,0.0006362132,0.001465849,0.012634002
0.59298575,1.0,0.11885123,0.0029354277,0.0010195787,0.0005619479,0.00017779082,0.00062068,0.0013227306,0.00028138078,0.00074399845,0.030278526
0.9022312,1.0,0.07202803,0.0018343569,0.0007052925,0.00054642657,0.00015329507,0.000508562,0.0009276277,0.00029036994,0.0009883199,0.052789547
1.0,0.99206793,0.068003714,0.0025797666,0.000791615,0.00034995656,0.00015306071,0.0002967058,0.00045724763,0.0003721026,0.001733839,0.06291328
0.83911854,1.0,0.12968849,0.00413572,0.0005489217,0.00016733758,0.000113462396,0.00018712893,0.00026442466,0.00027684704,0.0026260708,0.06579224
0.8507622,1.0,0.2774814,0.018050067,0.0010010927,0.00033084367,0.00017566435,0.00015538643,0.0002735688,0.00032954683,0.008609562,0.1787328
1.0,0.9861526,0.60034955,0.1163247,0.009650905,0.0026309092,0.0014177415,0.00088850985,0.0017366468,0.0056434628,0.1237066,0.8850647
0.30377716,0.13394003,0.03295024,0.016571933,0.0037594254,0.0025131607,0.0029301962,0.005155383,0.009598794,0.03093934,0.45624387,1.0
0.6334317,1.0,0.9669867,0.3049144,0.08710593,0.021249918,0.012759358,0.033753946,0.04892888,0.062098015,0.22125904,0.43470755
0.04608043,0.46475324,1.0,0.32705534,0.03704174,0.0067912126,0.003177257,0.0040926565,0.020174235,0.032604173,0.008521557,0.015723653
0.0043388973,0.10959169,1.0,0.99440217,0.12669826,0.007206572,0.001710766,0.0010385237,0.0059105153,0.017013678,0.0056316894,0.0023962893
0.00075407495,0.024520187,0.51720107,1.0,0.18427283,0.014701751,0.0015425612,0.0011083058,0.0011108298,0.005662078,0.005589547,0.0009909172
0.00046584717,0.008746829,0.26667267,1.0,0.22629999,0.018357094,0.0018231553,0.002866105,0.0005368837,0.0025653215,0.008664918,0.0018794765
0.00058408384,0.0025484685,0.12012791,1.0,0.34018365,0.006793382,0.0014633287,0.006011323,0.0010203613,0.0023648227,0.017526953,0.0051186457
0.0006579724,0.014734013,0.35278928,1.0,0.19506316,0.0037448574,0.0034623228,0.0059335143,0.0021310525,0.04044151,0.06867828,0.0063084494
0.0012860757,0.067840435,1.0,0.7578009,0.038846582,0.001908956,0.009743959,0.0043959506,0.012136443,0.24330066,0.15746345,0.004170923
0.0018082885,0.085508384,1.0,0.561121,0.017083678,0.0013510518,0.011533273,0.0035022092,0.014972852,0.28877106,0.14641191,0.0025636915
0.0012029319,0.036737386,0.80325085,1.0,0.058864012,0.0014212044,0.008955486,0.0055082613,0.006380674,0.16593266,0.14806178,0.0045976876
0.0005573531,0.007873364,0.39141285,1.0,0.10383194,0.0010428843,0.0030576563,0.0061783087,0.00096903136,0.028932737,0.0675242,0.0047937375
0.0010655525,0.019109713,0.50512016,1.0,0.092062,0.0011810657,0.0026965595,0.0060083596,0.0007804677,0.019426562,0.048140932,0.0036936142
0.0063379197,0.1625968,1.0,0.52731514,0.021077994,0.00053358066,0.0017958413,0.0014651365,0.001251519,0.022973098,0.020838117,0.0010209066
0.034628376,0.4253887,1.0,0.19254719,0.004253746,0.00065385073,0.0014384987,0.00035708246,0.0016200817,0.013477515,0.0051857396,0.0015599784
0.062871784,0.55497223,1.0,0.18059826,0.009038297,0.0015666854,0.0015112493,0.00035466492,0.0012817762,0.006638515,0.001877648,0.003622941
0.017355997,0.25340864,1.0,0.97444236,0.295859,0.076618925,0.01919042,0.005305567,0.002505474,0.0025959483,0.0021758925,0.0017497875
0.004663888,0.03463156,0.23545992,1.0,0.4971937,0.09454809,0.019452587,0.0051094224,0.002188519,0.0015020194,0.0025406035,0.0017666658
0.0057601957,0.11700444,0.9090952,1.0,0.18027681,0.018494321,0.0030328648,0.0006126484,0.00067693123,0.0027060674,0.0022913322,0.0013942692
0.097117186,0.8049548,1.0,0.14071774,0.011065495,0.002528191,0.0016028105,0.009411204,0.0137564475,0.008780697,0.01017211,0.010968424
0.22464976,1.0,0.53391737,0.03845004,0.014658874,0.009428245,0.0034053228,0.02932988,0.037590396,0.011565947,0.013437581,0.0133633
0.41275868,1.0,0.22040673,0.02348044,0.02346745,0.017652037,0.00869343,0.06289433,0.07607378,0.013788412,0.012553107,0.016550167
0.25655353,1.0,0.21917266,0.011859945,0.012668194,0.007318021,0.008547978,0.03568457,0.04070051,0.010974528,0.00570595,0.008178758
0.09328965,1.0,0.46059993,0.013271131,0.00254292,0.005064043,0.006998931,0.013289823,0.031179957,0.02269006,0.008693985,0.003988935
0.12554416,1.0,0.37562004,0.008133728,0.0020252434,0.0038062574,0.0039976356,0.015317658,0.048664227,0.019169703,0.00463646,0.0027931212
0.33347827,1.0,0.14099291,0.0033384664,0.0028293729,0.003021789,0.004150641,0.033864904,0.08287194,0.009511839,0.0013626348,0.0060445163
0.37680382,1.0,0.10330823,0.001980158,0.0012379354,0.0010159254,0.002140747,0.018825285,0.040432677,0.0050501092,0.0010939272,0.006028351
0.30122036,1.0,0.14760686,0.0074082715,0.0032126799,0.001495171,0.00081950973,0.006014306,0.014362733,0.0029754566,0.0008820569,0.0044616964
0.31764325,1.0,0.325586,0.101508416,0.040242463,0.00512505,0.0015860548,0.005893533,0.009370081,0.0021022742,0.0017403661,0.008798277
0.3369773,0.86509293,1.0,0.88815737,0.6610611,0.22460364,0.1626839,0.07510826,0.018824952,0.007896891,0.010159575,0.028344445
0.06701985,0.21256307,0.32971162,0.539593,1.0,0.708584,0.9812515,0.5418074,0.14379284,0.03924363,0.026930708,0.021771196
0.14733644,0.2691082,0.2271922,0.7516389,1.0,0.44871154,0.4645254,0.19919485,0.06864192,0.053399105,0.11146029,0.06689358
0.1919342,1.0,0.6879683,0.2364062,0.36074433,0.1975301,0.70074815,0.38947064,0.061217196,0.02746969,0.08292005,0.03249289
0.06334301,0.5457049,1.0,0.43188265,0.10807874,0.065398514,0.3424617,0.3684834,0.16707504,0.038260926,0.026929962,0.018718464
0.02706386,0.12538004,0.679172,1.0,0.31606996,0.031318236,0.06744604,0.17090076,0.43438706,0.28361878,0.032880887,0.01225142
0.02037715,0.01728367,0.15460092,0.8095929,0.58962643,0.04862275,0.019392455,0.13498718,0.93715495,1.0,0.14110422,0.01136841
0.0063116057,0.012481102,0.027124528,0.09427192,0.11773917,0.030107247,0.046449445,0.4344454,1.0,0.7006191,0.14715187,0.012733292
0.040914945,0.036206577,0.042942166,0.06880606,0.059469305,0.056854185,0.22693855,1.0,0.703031,0.27340886,0.20613211,0.1196427
0.01170355,0.008631391,0.022150712,0.103148244,0.5157988,0.46898022,0.076613255,0.019155495,0.2128161,1.0,0.8362995,0.16360755
0.018758968,0.024100991,0.083531424,0.56106967,0.915378,0.36814302,0.051957067,0.068651095,0.454068,1.0,0.50830907,0.07731666
0.041753244,0.025277235,0.21537404,1.0,0.40671062,0.055549555,0.017345758,0.25530428,0.81849605,0.28164962,0.054907046,0.025780434
0.048484262,0.0058482382,0.10688013,0.6658408,0.1544811,0.0034947956,0.004765482,0.1847356,1.0,0.19279552,0.0034238498,0.017903704
0.07482404,0.0077179098,0.05020935,0.37277976,0.079197034,0.0015825249,0.0028356372,0.14249524,1.0,0.20502768,0.0033119244,0.020224512
0.11913876,0.029492414,0.026614815,0.30528045,0.13098177,0.003376207,0.0031920527,0.09380127,1.0,0.38680807,0.0087559745,0.01769023
0.20123209,0.11865888,0.015344182,0.4271039,0.41288868,0.013012001,0.004016949,0.04311028,1.0,0.8507001,0.025661789,0.010221459
0.31676707,0.23911408,0.019864973,0.6519594,0.7843073,0.027309628,0.004311433,0.029087942,0.8581721,1.0,0.04071396,0.010257386
0.545082,0.28761885,0.039143942,0.9235707,0.9130578,0.029589195,0.0062370123,0.058222067,1.0,0.88638717,0.03620566,0.040062383
0.64678293,0.10690202,0.14114898,0.65078956,0.2752636,0.010246078,0.014307294,0.283355,1.0,0.33549726,0.019741515,0.28738827
0.6396646,0.039650936,0.46541697,0.49022374,0.037908338,0.008279852,0.05937601,0.97120005,0.98853016,0.11756307,0.05624891,1.0
0.560442,0.02511958,0.46088696,0.5490891,0.036821645,0.0061843554,0.05670233,0.9315339,0.91696304,0.06434285,0.051510118,1.0
0.6121364,0.05917562,0.23391475,1.0,0.26397353,0.0071945284,0.01522935,0.33655354,0.9549221,0.2362082,0.018466843,0.38516307
0.27825254,0.10006328,0.054971337,1.0,0.7887307,0.024569724,0.001949286,0.04889348,0.64698344,0.45435777,0.01879129,0.039792556
0.1284513,0.06935254,0.06671307,1.0,0.79382604,0.02618478,0.0022691868,0.03747153,0.46698296,0.35869056,0.016565464,0.01031144
0.103314176,0.032679778,0.33906788,1.0,0.29004788,0.008575515,0.0118329935,0.19218363,0.5131628,0.1562893,0.007102903,0.03083295
0.048548423,0.14780343,1.0,0.606808,0.03674068,0.004643813,0.09991306,0.63097245,0.43163273,0.036843944,0.0097309975,0.05647412
0.011457163,0.34802166,1.0,0.13109158,0.0054753004,0.008850859,0.18747354,0.55007607,0.14362675,0.008837724,0.012790955,0.027731849
0.0091048805,0.28157333,1.0,0.26260132,0.013367287,0.008265883,0.13618654,0.43770793,0.17929971,0.018648097,0.0073121265,0.00737011
0.0036450645,0.045265682,0.4859446,0.8950762,0.20301734,0.006810752,0.038245507,0.40495178,1.0,0.2925493,0.013896368,0.0056602675
0.0039054956,0.0056889877,0.07673586,0.7035813,0.31746334,0.008338677,0.011823734,0.14121783,1.0,0.4642797,0.021826997,0.0054701837
0.008647348,0.081760734,0.5122978,0.75479186,0.1589079,0.011569582,0.10668065,0.69739485,1.0,0.24522631,0.015620559,0.007788629
0.030749157,0.65002894,1.0,0.19809072,0.016536014,0.036506355,0.4627541,0.88931346,0.2987802,0.02103285,0.007860975,0.0086349975
0.047407795,1.0,0.98061097,0.06261275,0.008001461,0.04544614,0.5500801,0.5594936,0.06424677,0.0060475394,0.0044667833,0.0041162847
0.026293498,0.4538716,1.0,0.37763292,0.027117144,0.026252048,0.3187253,0.93366396,0.43739527,0.042504072,0.009076241,0.009065251
0.005384357,0.030498026,0.2955356,0.57597506,0.18277271,0.012393201,0.07773821,0.5743128,1.0,0.3127995,0.022813797,0.0053553423
0.0020678267,0.003693582,0.03468633,0.50729674,0.5259713,0.028701933,0.017031325,0.13290069,1.0,0.8272724,0.070577905,0.0037818868
0.0013796805,0.0016489435,0.026216287,0.37541705,0.3967218,0.02663597,0.014326148,0.180509,1.0,0.761178,0.08957583,0.0069196643
0.0034564296,0.0019382185,0.020367876,0.07481926,0.04373861,0.009046104,0.05402718,0.44921675,1.0,0.27677736,0.025640355,0.008773501
0.030671842,0.025797706,0.041516,0.030669479,0.0148088755,0.07782662,0.3425876,0.9926574,1.0,0.31254348,0.08551638,0.039360378
0.75670207,0.74303365,0.73923373,0.700755,0.75566584,0.9270314,0.97120494,0.97470105,1.0,0.9109655,0.76729155,0.73158926
0.6210892,0.63929635,0.6865225,0.9023504,1.0,0.8258889,0.6337239,0.57461846,0.5409512,0.5284052,0.5398543,0.60204834
0.5711509,0.5487522,0.6319381,0.8428031,1.0,0.95538545,0.7473685,0.6174537,0.5749048,0.5631496,0.5608425,0.58431166
0.75945574,0.6811993,0.7210732,0.83488905,0.9989806,1.0,0.7467792,0.64355123,0.660384,0.6678815,0.6435028,0.7753139
0.7648294,0.50575006,0.4861508,0.511377,0.6943386,0.6678948,0.47930798,0.6618623,0.9479325,1.0,0.7654046,0.8248541
1.0,0.81066406,0.72605324,0.6034147,0.43269488,0.30810165,0.27784875,0.3879637,0.509787,0.641403,0.7732127,0.93931204
1.0,0.7376323,0.44931564,0.35313305,0.4099903,0.4179181,0.46829715,0.7522834,0.6552005,0.5223068,0.7208474,0.9665724
0.18633915,0.16807367,0.14544784,0.1082119,0.09605072,0.09471664,0.27181083,1.0,0.5513785,0.21816917,0.16953993,0.18345825
0.1678171,0.13124685,0.1253697,0.06754186,0.098815344,0.58356524,1.0,0.75041825,0.43897566,0.36060625,0.26846457,0.18952025
0.040525936,0.036655582,0.035024766,0.036514785,0.10469467,0.66409403,1.0,0.38440666,0.15421961,0.1344402,0.068878666,0.050316818
0.0152182095,0.014749263,0.020679912,0.02783613,0.055076767,0.5036733,1.0,0.29480603,0.18995455,0.077769496,0.0225881,0.018663572
0.0060767005,0.008915645,0.008150019,0.009264593,0.03877052,0.5188845,1.0,0.4222797,0.26395303,0.07941771,0.012327568,0.0072373445
0.0042975363,0.006198483,0.0043147975,0.006008755,0.0231496,0.29598385,1.0,0.3751642,0.10829145,0.07682631,0.021357829,0.004827418
0.0073344675,0.0060233893,0.006253767,0.007929108,0.037187077,0.39180776,1.0,0.34361628,0.10807031,0.034439865,0.016379768,0.008226842
0.015484651,0.010739163,0.00634969,0.009327049,0.06809092,0.42034823,1.0,0.5053692,0.12188741,0.018499706,0.016196564,0.017752133
0.08388116,0.061069608,0.042861734,0.037230294,0.05952905,0.28608498,1.0,0.52204686,0.18811601,0.08028974,0.07840311,0.08942681
0.4243763,0.28403607,0.15270399,0.12363407,0.15263043,0.42541662,1.0,0.9477903,0.55224293,0.23169059,0.28457373,0.41631994
1.0,0.8652632,0.7534611,0.5618144,0.34800318,0.29698846,0.5250946,0.83490187,0.7920114,0.64893717,0.75903374,0.9687656
0.7609526,0.68921137,0.62977386,0.47428364,0.2902016,0.21233417,0.4346005,0.92601377,1.0,0.5334406,0.57640123,0.72336185
0.5042331,0.44772017,0.3638903,0.3245058,0.31135133,0.30982885,0.6751894,0.90744853,1.0,0.7003642,0.51969093,0.45609275
0.7014735,0.53786284,0.3763118,0.7130081,0.6353306,0.2767344,0.3776942,0.41643903,0.66769534,1.0,0.87040365,0.57708406
0.9675083,1.0,0.44792998,0.06377874,0.022465171,0.017451342,0.018740496,0.06026826,0.10337968,0.06477007,0.10331819,0.41653356
0.3336548,1.0,0.76434994,0.15430544,0.020089928,0.003719535,0.0024717087,0.0118828835,0.018449288,0.011467086,0.023133408,0.084286556
0.043764245,0.5241432,1.0,0.36139607,0.03790292,0.0025886283,0.0008638008,0.0013921749,0.0019534738,0.0020832233,0.0030300464,0.0067723086
0.029751884,0.3402208,1.0,0.6274944,0.78658986,0.49120125,0.04858321,0.006386693,0.006417544,0.0046116463,0.0054083676,0.007867104
0.003475132,0.00595253,0.025786381,0.24843003,1.0,0.5650476,0.06977999,0.0069194683,0.0020437601,0.0035001168,0.008032704,0.0067381905
0.0032558362,0.0023564817,0.04755727,0.687819,1.0,0.40445825,0.08874532,0.012016857,0.0015509406,0.010154369,0.07094789,0.024954468
0.0020836878,0.0019412558,0.088073105,1.0,0.42892888,0.02646074,0.012778333,0.0033276966,0.0008174355,0.02329692,0.26025665,0.09301104
0.012701883,0.0022106506,0.053115387,1.0,0.93892163,0.048196577,0.0016173101,0.00064471515,0.0006349508,0.01509672,0.31373477,0.29592407
0.0318943,0.0012075123,0.007430512,0.34269542,1.0,0.12337659,0.0021022742,0.00050718844,0.000921004,0.0017260393,0.0748467,0.26919615
0.046886396,0.0008636545,0.003230438,0.2306632,1.0,0.14922518,0.002257615,0.000675872,0.0018816435,0.0017441361,0.09050886,0.37995407
0.030147659,0.0017130248,0.011030728,0.5048229,1.0,0.082597785,0.0018865296,0.0021614728,0.0028857281,0.00743406,0.34193355,0.547279
0.016076028,0.0037929767,0.03755081,1.0,0.9147598,0.03220221,0.001499404,0.0057489565,0.0048607234,0.025032563,0.81716245,0.6922793
0.0065777907,0.0030088096,0.05264716,0.7416282,0.3612256,0.0089630205,0.0012217459,0.0034267385,0.0035483015,0.061336137,1.0,0.44173527
0.0033561734,0.0012632464,0.04118097,0.38015425,0.12571684,0.0039685206,0.00094636856,0.0022517024,0.0031760898,0.07963659,1.0,0.32611716
0.0031084167,0.0012520689,0.040260457,0.34667492,0.10448568,0.0058749043,0.0016155065,0.001841928,0.0019403736,0.07971631,1.0,0.30942675
0.0014686302,0.0011881824,0.043591816,0.26485795,0.05472329,0.005466068,0.0013039868,0.001253978,0.0013097175,0.14298852,1.0,0.17718431
0.0030120146,0.0026969993,0.047162797,0.1387003,0.022004245,0.0035166605,0.0016693757,0.0013705398,0.013945509,0.37837365,1.0,0.100870445
0.0335872,0.012494337,0.060041614,0.07416866,0.030823916,0.011605807,0.010135683,0.010842463,0.07151117,1.0,0.9067298,0.10313739
0.36562994,0.13463262,0.08773809,0.15429044,0.32962462,0.33942306,0.17996043,0.10635184,0.17515065,0.95069754,1.0,0.55990654
0.6008472,0.3920548,0.20152621,0.14035401,0.3116592,0.713242,0.7927118,1.0,0.44510818,0.13562195,0.21893603,0.38846153
0.035461552,0.05337329,0.113158494,0.08732873,0.041584257,0.13828687,0.23996885,1.0,0.9008387,0.30386052,0.07681425,0.024531495
0.0069131847,0.0114211645,0.037764,0.032545578,0.08513291,0.3905633,0.15247732,0.20964047,0.8575396,1.0,0.20343952,0.015442666
0.0061072726,0.008270795,0.024709681,0.02199934,0.064472504,0.29422793,0.1444217,0.10610368,0.47227234,1.0,0.28428054,0.02844307
0.013664312,0.010281183,0.014908657,0.010310626,0.024799384,0.06843735,0.11335841,0.3932146,0.83822024,1.0,0.35380113,0.081073366
0.0039741094,0.0005325254,0.0001578331,0.00024097804,0.0022580223,0.001803318,0.0011736846,0.026810046,0.2863213,1.0,0.76445174,0.0769732
0.00517636,0.00036416878,0.00012534918,9.033062e-05,0.0018009454,0.00413497,0.00067839096,0.0071290876,0.11409059,0.77931696,1.0,0.15535948
0.0076869056,0.00078777166,0.00029001213,9.27002e-05,0.0020056942,0.008518742,0.0014133244,0.0016072235,0.027364781,0.35789606,1.0,0.24839485
0.015259917,0.0009636124,0.00044201082,0.0002758135,0.002908027,0.0124573745,0.0030956864,0.0003385514,0.004183909,0.11434943,1.0,0.5491404
0.021454344,0.00037746408,0.0003487578,0.0002879443,0.00044749724,0.00430069,0.003040795,0.00025125465,0.0014775676,0.057913627,1.0,0.79196745
0.009757209,0.00033248297,0.00030686645,0.00016905664,0.00053175236,0.0069744643,0.0034853434,0.00013891126,0.0008823411,0.084281,1.0,0.50350463
0.0048962696,0.00049741496,0.00047440515,0.00015112793,0.0014321305,0.014312269,0.0038791604,0.00015708599,0.0023594687,0.19452162,1.0,0.26211897
0.0023716534,0.00049545325,0.00058564154,0.00011545183,0.0019637654,0.014978132,0.00288997,0.00019099256,0.003178568,0.2710001,1.0,0.1473596
0.0011497576,0.00018256836,0.00031456113,3.8843413e-05,0.0008629242,0.0047580246,0.00066681684,0.00016570746,0.0039284877,0.27951103,1.0,0.14354318
0.0010362574,0.000116248346,0.00014869125,3.5746863e-05,0.0006339692,0.0018177244,0.00026930086,0.0029386461,0.05874267,0.677773,1.0,0.09696995
0.0007129661,7.8276e-05,7.154505e-05,5.212326e-05,0.0004157511,0.0004773311,0.0010793759,0.02114869,0.26145852,1.0,0.51224345,0.02954625
0.0015881122,0.000101797305,6.561383e-05,7.7238125e-05,0.00023448128,0.00073946617,0.006399957,0.07219793,0.4923904,1.0,0.24152675,0.024702292
0.019385103,0.0050662304,0.002389451,0.0015108541,0.001665266,0.005021378,0.015059392,0.037923556,0.274301,1.0,0.48521316,0.0664867
0.032203387,0.022132033,0.013788699,0.008348918,0.005176903,0.004921622,0.005761475,0.014891494,0.29633263,1.0,0.35408497,0.04428037
0.088119775,0.018149236,0.0094359815,0.0048558256,0.0031055391,0.0029286805,0.005248052,0.042037874,0.3127856,0.75713974,1.0,0.38739112
0.08914465,0.009955144,0.0016739148,0.00029259463,0.0005628001,0.0027681326,0.0015788914,0.00094526674,0.034118354,0.38768578,1.0,0.5645575
0.15059458,0.038921908,0.012237267,0.0034684914,0.0011994044,0.003511978,0.0022064985,0.00043694378,0.0154014565,0.2779476,1.0,0.6041046
0.16155376,0.06736871,0.029886652,0.013647091,0.005602798,0.0058828704,0.0024418347,0.00053151353,0.0086197825,0.20831186,1.0,0.47128347
0.014349396,0.007561372,0.007377661,0.007892032,0.008340422,0.02625847,0.006152555,0.0006403605,0.003086616,0.14008771,1.0,0.27184868
0.0097633535,0.0015916651,0.0006414436,0.00012455549,0.004257052,0.06275444,0.020562368,0.000969443,0.0017070265,0.09282431,1.0,0.38592586
0.005739853,0.0008628131,0.00040647655,0.00016357504,0.0054825284,0.09161935,0.033451635,0.0011302814,0.0014789788,0.100643426,1.0,0.36206752
0.0066639497,0.0010347831,0.0004121811,0.00021511,0.004211562,0.07081657,0.026932811,0.00090034277,0.0015144638,0.09635452,1.0,0.38117915
0.0051675127,0.00061162224,0.00019899993,8.94525e-05,0.0014918093,0.02337965,0.008750104,0.0003741961,0.0013800951,0.115022995,1.0,0.34180725
0.0025636023,0.00036494771,0.00010511337,4.7567064e-05,0.00048078215,0.0047517936,0.0014883948,0.00034955342,0.00471001,0.2700198,1.0,0.18145578
0.0008487028,0.00024358292,5.5470624e-05,2.149647e-05,0.00011830824,0.000514901,0.00014356685,0.00032269798,0.010949526,0.4965937,1.0,0.079070136
0.00090913137,0.00014172167,1.9815227e-05,7.088721e-06,2.0467089e-05,5.751955e-05,3.0810777e-05,0.0002322136,0.009124423,0.48179832,1.0,0.07954919
0.001255376,0.00012808149,2.8104096e-05,8.504974e-06,1.9972846e-05,5.1529652e-05,3.467667e-05,0.0003139774,0.005245925,0.35141093,1.0,0.11637947
0.0026737235,0.00021035611,5.673037e-05,2.499837e-05,4.319624e-05,0.000100053316,6.6350345e-05,0.00034581148,0.0027390905,0.22349033,1.0,0.20050226
0.0051873527,0.00047744944,9.9855846e-05,2.8752558e-05,7.799107e-05,0.0003967814,0.00016083746,0.00013165777,0.0011627133,0.11737551,1.0,0.3648619
0.00707813,0.0003531192,0.0001857101,3.5131518e-05,0.0001029637,0.0013648305,0.00054314104,4.344634e-05,0.00053205655,0.08014251,1.0,0.4543873
0.006766296,0.0002447808,0.0001537412,3.303654e-05,0.00011933279,0.0016017803,0.0006341309,4.7679318e-05,0.0005494568,0.093391635,1.0,0.41582978
0.0042792894,0.00031480996,6.8609865e-05,3.6469242e-05,0.00020699744,0.0017081483,0.00049538544,5.213738e-05,0.0009502746,0.1360322,1.0,0.29496405
0.0023181094,0.00014941952,9.694991e-05,4.182039e-05,0.0004365411,0.0021110442,0.00033106,6.9117326e-05,0.0025355043,0.23466319,1.0,0.18910237
0.0011544129,0.00023157538,8.3131075e-05,3.116077e-05,0.0005470535,0.0017967197,0.00021358386,8.556258e-05,0.0052109123,0.37537095,1.0,0.10000848
0.0006808743,0.00021995342,7.136685e-05,3.803746e-05,0.0005559525,0.0019075288,0.00031792032,0.000283906,0.0051950538,0.36920872,1.0,0.09941563
0.0009761198,0.00011024578,0.00011297539,5.1701092e-05,0.0005763458,0.0026043507,0.0004777688,0.00040703782,0.003596266,0.28977406,1.0,0.13572267
0.0017151313,0.00024389972,0.00021552065,0.00010167712,0.0006625896,0.0041374317,0.0008844384,0.00021867403,0.0019419512,0.1974377,1.0,0.19570729
0.0023527164,0.00039464392,0.00026067247,9.498236e-05,0.0007921193,0.0062769866,0.0015641182,0.00015172656,0.0009886941,0.15435956,1.0,0.24158834
0.0033399216,0.00052015047,0.00022539012,6.914134e-05,0.0007318179,0.0067824,0.0018340414,0.00020179355,0.0007992342,0.12785646,1.0,0.2872325
0.0035227612,0.0002044996,8.189051e-05,5.0596977e-05,0.0011009251,0.008963969,0.0021547936,0.00030807525,0.0009869562,0.12441341,1.0,0.29703805
0.0020716966,0.00015142724,6.169866e-05,4.9041784e-05,0.0020670842,0.012436392,0.0036379101,0.0014710554,0.0045954664,0.20090342,1.0,0.19145754
0.0011742092,0.00019920929,0.000104585866,0.00014628905,0.0055026645,0.020127812,0.008656684,0.0047316332,0.011203549,0.31822038,1.0,0.10993935
0.0014527322,0.00033852205,0.00029171346,0.00034566477,0.01079054,0.04097028,0.008821009,0.004734004,0.009673136,0.33819368,1.0,0.11489347
0.0040094284,0.00049355434,0.0004624585,0.00048502814,0.01622414,0.13505568,0.05980812,0.010774028,0.008198481,0.17512326,1.0,0.2645626
0.006187127,0.0011400664,0.000952627,0.0011531519,0.02737642,0.20609955,0.11767901,0.018129231,0.016478006,0.16731896,1.0,0.34226885
0.0111714285,0.0038487283,0.002078583,0.0018801311,0.01918382,0.07617544,0.039714914,0.030184146,0.10977486,0.5387339,1.0,0.2891777
0.033242393,0.011264829,0.006172018,0.0035886397,0.009485983,0.024271559,0.039954696,0.10782517,0.32980368,1.0,0.79161936,0.30856815
0.014725733,0.006381613,0.003577887,0.002488197,0.0023424942,0.002904055,0.0034535918,0.006542949,0.07466288,0.6769747,1.0,0.19425328
0.07800162,0.012522217,0.005155429,0.0010914116,0.001010633,0.0014684504,0.0044778907,0.036923606,0.20496444,1.0,0.61372346,0.2635415
0.04364739,0.017265461,0.00558386,0.0003475097,0.0010756752,0.0018114572,0.00034814986,0.004553176,0.07363516,0.6285334,1.0,0.3508578
0.034348756,0.017209928,0.006363811,0.00032868233,0.0025091348,0.004225888,0.00028335655,0.0014649928,0.03229432,0.53286064,1.0,0.21608943
0.010200935,0.0069115176,0.0035212168,0.00024925897,0.0077129807,0.017105337,0.0011401551,0.00026642557,0.010647703,0.4700435,1.0,0.09679944
0.0018445605,0.00028816037,0.0003555101,0.000103487626,0.008496798,0.04053636,0.005399302,0.00012265523,0.0036970726,0.27128994,1.0,0.16025397
0.002423318,0.00014142264,0.00020297209,7.76631e-05,0.0052611707,0.04976079,0.010465232,0.00016000126,0.0010460769,0.13786583,1.0,0.2557654
0.002989448,0.00020198995,0.0001242829,7.968443e-05,0.004777792,0.046857726,0.0102158,0.00034417445,0.0010510992,0.115216106,1.0,0.28073645
0.002073781,0.00015058482,6.106443e-05,4.9630977e-05,0.0038204766,0.035545837,0.0071811294,0.00043881653,0.0016831016,0.14371066,1.0,0.22412254
0.0014740636,0.00010162929,6.6129505e-05,8.2432234e-05,0.0030867206,0.024523508,0.0045310273,0.00045035745,0.0021748173,0.16569673,1.0,0.19200614
0.0026053607,0.00054663396,0.00016929861,0.00033859693,0.00370388,0.014929192,0.0024901112,0.00207802,0.010445542,0.24770595,1.0,0.15523304
0.0019508024,0.00035269847,0.00010129286,0.00048453073,0.0062333783,0.013565984,0.0013293339,0.0011622612,0.015678613,0.43225044,1.0,0.08660068
0.0010859203,0.00017226874,0.00010516519,0.0005683343,0.011971892,0.016737098,0.0009325705,0.0007741786,0.025510952,0.6780431,1.0,0.05074573
0.0010984608,0.00021195243,0.00010888924,0.00021714046,0.0065078833,0.011409183,0.0010045425,0.0007467526,0.011920166,0.5038984,1.0,0.079643965
0.0013971389,0.00026005085,0.00011025451,0.0002033586,0.0017441114,0.006382179,0.0013722423,0.0016902989,0.00594526,0.2578358,1.0,0.13555759
0.001861772,0.00025095275,6.677508e-05,0.0002919762,0.001968675,0.007442001,0.0017806913,0.0016284416,0.0073371315,0.21856576,1.0,0.14944792
0.0017074306,0.00030869793,7.504248e-05,0.00012924075,0.0012600509,0.0054559535,0.0012657295,0.0006918919,0.0055392166,0.21929531,1.0,0.14565206
0.0015562895,0.00029036545,8.5097105e-05,5.9409795e-05,0.0007702134,0.0034553218,0.00052981585,0.00023904348,0.0028587282,0.21589075,1.0,0.15100783
0.0016217014,0.00029478793,0.00018575392,6.9764756e-05,0.00038042956,0.0014494178,0.00034484398,0.0005626922,0.0041494495,0.19930609,1.0,0.17493197
0.001398306,0.00024940382,0.00019338724,8.3177394e-05,0.00040119156,0.00088801683,0.00036810024,0.0013117568,0.015356751,0.42500806,1.0,0.11182474
0.00064182223,0.00027117363,0.0001618881,0.00011031562,0.0005335938,0.0008521888,0.00022045472,0.0008670515,0.013662277,0.5977428,1.0,0.056714233
0.0006431836,0.00027222247,0.00026460693,0.00018863227,0.00047232135,0.0007850563,0.00020650531,0.0007678161,0.006720287,0.4045957,1.0,0.09155897
0.0012541602,0.00019324392,0.00015056647,9.3304894e-05,0.00025886897,0.0006920673,0.0002671897,0.0006622116,0.0026991167,0.2306358,1.0,0.15775967
0.0026170495,0.0002557779,0.00030970934,7.550403e-05,0.00022419005,0.0010194866,0.0006264871,0.0012038135,0.0022674971,0.15017004,1.0,0.23576964
0.003452539,0.00044667246,0.0004728368,8.912855e-05,0.00027706887,0.0016647473,0.0011217975,0.0018982026,0.0028597398,0.11473481,1.0,0.28857714
0.0037038187,0.00032348916,0.00022362014,8.8300905e-05,0.00025968283,0.0015503503,0.0008871997,0.0012025225,0.0017616058,0.10636001,1.0,0.29839998
0.0023758172,0.00032330872,0.00016625298,8.053738e-05,0.00022467,0.0007354434,0.00050041685,0.0007120873,0.0019762237,0.17029557,1.0,0.2155743
0.0007996123,0.00020907469,0.00015549228,4.768226e-05,0.000228385,0.0005159562,0.00029091482,0.0002585672,0.0089551415,0.43020737,1.0,0.099046886
0.00046086631,0.0002248361,0.00010655844,3.961628e-05,0.00032518303,0.00045466173,0.00015557781,0.00018249944,0.025655728,0.8581754,1.0,0.040549695
0.00029993415,0.00023941188,0.00012803404,4.9141443e-05,0.00051543565,0.00062010216,0.00011624292,0.00017072396,0.028930798,0.9390395,1.0,0.03379449
0.00041349453,0.0002051112,9.6590906e-05,5.7487632e-05,0.00087142806,0.0028297945,0.00056775956,0.00016142847,0.017721973,0.6635301,1.0,0.058079436
0.0013133099,0.00015185126,5.6431014e-05,9.542494e-05,0.002833379,0.024292037,0.006216363,0.00027695158,0.0045617237,0.30885944,1.0,0.1302853
0.0013675347,0.0002042874,0.00017417154,9.904925e-05,0.0042201895,0.044067517,0.013450227,0.0005152842,0.0061927736,0.31070933,1.0,0.1353542
0.000647846,0.00021391519,0.00017039856,5.842496e-05,0.0015484262,0.011798164,0.0037698576,0.0040065134,0.118966065,0.98522604,1.0,0.063556045
0.00044503677,0.0001260176,4.191533e-05,2.2478862e-05,0.0001223121,0.00016525316,8.930514e-05,0.009112404,0.32363108,1.0,0.3004918,0.012279948
0.0006720638,0.00011175904,2.4862104e-05,2.913783e-05,7.063653e-05,5.4292297e-05,0.00018005332,0.008577408,0.3860982,1.0,0.14174116,0.0053564
0.0025701448,0.00022739757,8.547169e-05,4.749211e-05,0.00017389921,0.00015954117,0.0013400927,0.005749093,0.14568599,1.0,0.5059087,0.052032325
0.0052981377,0.00034141057,0.00017373986,6.786544e-05,0.00020771714,0.0003810242,0.0011780949,0.0057954444,0.025236528,0.5749784,1.0,0.12664165
0.003219757,0.00039462862,0.00020505064,0.0001319626,0.00080659107,0.0013919851,0.00029567306,0.0017601394,0.01080855,0.47057492,1.0,0.09201354
0.0013742743,0.0004923516,0.00028705303,0.0004963844,0.0049388683,0.0050307945,0.00078852044,0.00079320394,0.027169919,0.72034395,1.0,0.060791414
0.0009286423,0.000593725,0.00086064846,0.008392164,0.016104378,0.008186957,0.0031740598,0.017938945,0.27515316,1.0,0.47833472,0.021122107
0.00035474548,0.00027969916,0.005858429,0.043237284,0.01742598,0.004720987,0.008890485,0.14079207,1.0,0.47067267,0.033029355,0.0016616408
0.00016456115,9.967069e-05,0.0039218776,0.040323425,0.016307535,0.0015642564,0.0034143976,0.09771856,1.0,0.40337393,0.009234528,0.0002600798
0.00013847677,8.699356e-05,0.0014185859,0.040085856,0.039594904,0.0014307855,0.00087768055,0.040443532,1.0,0.94310415,0.032624435,0.0003587996
0.00016108599,0.00014538721,0.00044667252,0.024069399,0.043748684,0.002692228,0.0015310564,0.010997175,0.5397898,1.0,0.062849544,0.0005591017
0.00041145278,0.00031279214,0.0003795775,0.010372057,0.03101815,0.006703105,0.0025565426,0.00627968,0.26552534,1.0,0.14433767,0.0014955095
0.002468841,0.0015919599,0.0010073448,0.0042931964,0.024515035,0.03857005,0.017380618,0.0062178574,0.15683237,1.0,0.19157717,0.002551628
0.0049025253,0.002790472,0.0013589935,0.005960694,0.029137013,0.067396894,0.021689866,0.00840873,0.2370945,1.0,0.13922359,0.0023675517
0.0043862867,0.002817971,0.0015518385,0.010007138,0.043323975,0.051045686,0.019383278,0.01941633,0.32465526,1.0,0.09987608,0.0024855216
0.0026476977,0.0022073071,0.0019308697,0.009235767,0.04412055,0.06453863,0.030870533,0.029619182,0.3046126,1.0,0.11566433,0.002495401
0.0015274165,0.0015323241,0.0020488892,0.010567939,0.03338219,0.036229238,0.03598124,0.07307016,0.44387776,1.0,0.13907923,0.0031696688
0.003675336,0.0038092963,0.0061337417,0.02628293,0.063289315,0.09916818,0.2005498,0.4698062,1.0,0.84997666,0.15900643,0.01467188
0.004449675,0.0056725903,0.015497551,0.05568858,0.1592974,0.29840228,0.46598163,0.9889049,1.0,0.35625786,0.1124171,0.033823628
0.0066731926,0.00575832,0.0056982036,0.0053055924,0.014635779,0.032794982,0.090833336,0.3993624,1.0,0.6716973,0.13273042,0.0136941355
0.012122991,0.009008786,0.008656516,0.008569025,0.009603029,0.018001584,0.1393924,1.0,0.8521122,0.23787136,0.066304274,0.017677248
0.018723259,0.011424827,0.008224588,0.0081092315,0.010141735,0.01127023,0.08753879,1.0,0.94704556,0.23369226,0.052727006,0.021575239
0.080396615,0.012493225,0.0060592983,0.0053243972,0.008012474,0.0073214434,0.013949382,0.25641346,0.59929854,1.0,0.57850325,0.19864638
0.07144483,0.0067895274,0.0008477753,0.00033719474,0.0011621659,0.0035183365,0.0012471665,0.0032343706,0.06822635,0.5588983,1.0,0.4531546
0.09534906,0.022689238,0.00586175,0.0013086982,0.0010042757,0.0036925431,0.0013401706,0.00087244797,0.026680376,0.38213518,1.0,0.42831567
0.076593705,0.03114297,0.012008437,0.0040822458,0.001643644,0.0039268117,0.0011669595,0.0004795571,0.011361999,0.28379127,1.0,0.28562632
0.007226179,0.003901134,0.003098783,0.0023342401,0.0020827798,0.009300599,0.0019405396,0.0003644664,0.002817162,0.20763034,1.0,0.18710846
0.0055484427,0.0004181068,0.00014910163,6.411864e-05,0.0017708748,0.023591254,0.007725384,0.0011819764,0.0013499766,0.11986082,1.0,0.32010004
0.0077419993,0.0006172747,0.000169903,0.00011796438,0.0032173458,0.049283743,0.018485123,0.0028502848,0.0010751004,0.074450076,1.0,0.44763651
0.009594009,0.00054542295,0.00011215239,0.00013863493,0.0035017214,0.055598706,0.024286933,0.0021223933,0.0010902464,0.07786522,1.0,0.47490877
0.0059743375,0.00025762775,0.0001241264,0.00017618507,0.0031206051,0.03990029,0.017728746,0.002306671,0.0024995958,0.113455586,1.0,0.3579445
0.0034202132,0.0004640582,0.00026452675,0.0004748282,0.0032135972,0.026267173,0.010636161,0.0023121154,0.0032598963,0.14154819,1.0,0.26623148
0.0021962032,0.0004253875,0.00097320543,0.0015299284,0.0046174247,0.017815959,0.0061223735,0.0010773874,0.0050233863,0.26497602,1.0,0.17057414
0.0012095505,0.00071798975,0.001575082,0.0010455941,0.0025230956,0.006060345,0.0010148364,0.00045175626,0.012364649,0.4092007,1.0,0.09858464
0.0005379946,0.0002387694,0.00039699205,0.00015894776,0.0009212711,0.002047421,0.0002468826,0.00041263967,0.051296465,0.9344437,1.0,0.05082337
0.00095940125,0.00010827177,3.866335e-05,1.8447265e-05,0.00020124273,0.00025192526,7.80045e-05,0.00056054303,0.057910528,1.0,0.898904,0.036151607
0.0015694471,0.00022255999,4.4406785e-05,2.4810051e-05,2.759189e-05,4.150897e-05,8.0631566e-05,0.00047177373,0.019250363,0.5545344,1.0,0.08073279
0.0014528589,0.00046372,9.20885e-05,2.9279574e-05,5.2197884e-05,0.00018124247,6.347882e-05,0.00016476944,0.0048910617,0.32584697,1.0,0.13105403
0.0022871904,0.00064130634,0.000115699586,2.6578648e-05,0.00010409073,0.0005355689,0.00011556126,5.1689636e-05,0.002446699,0.21472222,1.0,0.20016366
0.004574846,0.00017879753,6.985648e-05,3.709716e-05,0.00017293813,0.00131068,0.0003874725,0.000104183,0.0017105825,0.12090198,1.0,0.33760217
0.0047606616,0.00010420655,0.00012641218,0.00010887033,0.00046081867,0.003211861,0.00079906185,0.00026944865,0.0031930143,0.15909345,1.0,0.3208719
0.001454756,8.684347e-05,0.00012468522,0.00010231895,0.001297257,0.004004664,0.00045658022,0.00020497595,0.007529481,0.38492694,1.0,0.1335728
0.00049463595,0.0002060408,0.00014857696,0.000162238,0.0035147578,0.005015609,0.0002400231,0.0001932682,0.021168733,0.7255655,1.0,0.05567806
0.0002691779,0.00022935387,0.00013201596,0.00019549642,0.005821517,0.0057672574,0.00019556166,0.00018365638,0.033519227,0.9516671,1.0,0.03737634
0.0005337718,0.00012635597,6.0760824e-05,0.00016625533,0.005886243,0.007944347,0.0003628616,0.00024821184,0.024649337,0.81375635,1.0,0.043459628
0.0007293125,9.4182054e-05,3.888294e-05,0.00011372879,0.005950043,0.0133988345,0.00083000725,0.0005080845,0.01287937,0.5727881,1.0,0.06283632
0.0005535065,0.00011159511,4.747017e-05,0.00010122706,0.008099672,0.0240933,0.0016121434,0.0005529343,0.0073191263,0.42503425,1.0,0.08011687
0.00046608987,0.000102416,5.5111264e-05,0.0002166497,0.016644578,0.04448041,0.0026640904,0.00052363804,0.0073163416,0.43984777,1.0,0.07585409
0.00037226884,6.277402e-05,6.34313e-05,0.00045921808,0.031308364,0.06621595,0.0032996102,0.00068091165,0.009925553,0.5176202,1.0,0.063434735
0.00041850415,0.000100322075,8.409505e-05,0.0006121871,0.03767677,0.06486739,0.0027550966,0.0010217432,0.012904133,0.5925629,1.0,0.05618523
0.0003131412,6.971964e-05,9.181346e-05,0.0005177962,0.02830209,0.049348805,0.0020023664,0.00050849444,0.00991696,0.5157412,1.0,0.064309135
0.00030947773,4.9838905e-05,4.337794e-05,0.0002673446,0.015042843,0.030863518,0.0015010344,0.00022684783,0.008143866,0.47900036,1.0,0.067931056
0.0005074115,7.0847724e-05,3.022425e-05,0.00013268493,0.007861875,0.019843504,0.0014506502,0.00018483252,0.006936885,0.41446698,1.0,0.0883184
0.0011090904,0.0001813593,7.792538e-05,0.00011136892,0.0036388454,0.019514581,0.002908248,0.00038817793,0.003197911,0.24215259,1.0,0.14607783
0.0014534956,0.00030024367,0.00016454599,0.00018893353,0.0052548596,0.033275336,0.0056210193,0.0006596464,0.0022628289,0.20963202,1.0,0.15714008
0.0014129013,0.00024838228,0.00014972809,0.00014932247,0.006605485,0.043813534,0.0066344594,0.00036822844,0.001798835,0.19727741,1.0,0.16251078
0.0011244639,0.00015013464,9.5227675e-05,0.00015429931,0.007770998,0.04580163,0.006002691,0.0003943523,0.0024527,0.21064107,1.0,0.154062
0.0012959506,0.00030840217,9.6146e-05,0.00015180124,0.0068543823,0.03270952,0.003688385,0.00044043304,0.0039453874,0.26366088,1.0,0.13091117
0.0010161244,0.00023415696,7.1960625e-05,0.00026015315,0.009520348,0.01828445,0.0012211344,0.0005067459,0.015864018,0.55981606,1.0,0.07421121
0.0004986019,0.00012031202,5.339835e-05,0.00077147933,0.018547721,0.01300577,0.000515331,0.00057599193,0.048416454,1.0,0.7520159,0.022864887
0.00023897791,9.9525525e-05,4.1342144e-05,0.0009137629,0.021152414,0.011546909,0.0004427769,0.0006565251,0.056495834,1.0,0.5121809,0.008063646
0.00015362477,6.18902e-05,2.407338e-05,0.00085021416,0.022820795,0.015263838,0.00039852434,0.00050668675,0.04949273,1.0,0.6537232,0.014704583
0.00023613562,4.4874945e-05,2.4480285e-05,0.00036289918,0.014809795,0.020864028,0.00090406137,0.00019392188,0.021007549,0.73304635,1.0,0.04786758
0.00070698455,0.00010696599,6.111687e-05,0.0002073684,0.008301339,0.0228849,0.0016934611,0.0005136125,0.0073278174,0.4031577,1.0,0.07916424
0.0008057833,0.00015747432,9.18719e-05,0.00019636948,0.007497393,0.022903983,0.0018547947,0.0006424568,0.006609739,0.38484377,1.0,0.083240755
0.0003386882,7.155485e-05,4.9879887e-05,0.00028505898,0.012851437,0.02303493,0.0011957532,0.00042097495,0.014153546,0.5985589,1.0,0.057026934
0.00013509934,5.919542e-05,3.61048e-05,0.0015291859,0.025843332,0.016970206,0.0007425957,0.0012553806,0.06687286,1.0,0.69549614,0.021308014
0.00011457915,0.00012673397,4.8837574e-05,0.0047334298,0.037350386,0.008561787,0.0006452858,0.0020013554,0.16439076,1.0,0.23691627,0.004055049
0.0001059175,0.00010910398,4.807199e-05,0.004832946,0.03990622,0.008794375,0.00029399898,0.0016187286,0.16295902,1.0,0.2320562,0.0032338377
0.00018234218,7.7185134e-05,5.8627473e-05,0.0021139751,0.0326124,0.019734142,0.0005470964,0.0008847189,0.07926916,1.0,0.5270185,0.011271424
0.0010030988,0.00075729686,0.00042978523,0.0007909964,0.024374288,0.031103209,0.007435282,0.02193595,0.11421457,1.0,0.77998656,0.027663665
0.009736407,0.006209984,0.0025858379,0.002092436,0.022477359,0.039200585,0.08700599,0.24311325,0.6150896,1.0,0.5001118,0.05109748
0.022641923,0.01264869,0.004769721,0.005356664,0.037648104,0.10490053,0.231743,0.566032,1.0,0.85686255,0.1707828,0.05697335
0.00965278,0.004795208,0.002866372,0.004915292,0.011399245,0.015953979,0.0132030975,0.10444437,0.7848903,1.0,0.27211788,0.022551695
0.034120936,0.011201092,0.013393945,0.01545127,0.010569329,0.008641808,0.0672893,0.2735687,1.0,0.7451641,0.39520195,0.120209955
0.008164197,0.0063554673,0.006754836,0.0079288175,0.005256485,0.00068507757,0.004102818,0.06405123,0.62302005,1.0,0.3521315,0.058031715
0.0036855566,0.0033138816,0.0031213106,0.012307719,0.008482477,0.00044945464,0.0012095402,0.048738442,0.86772305,1.0,0.17085554,0.023532575
0.0008128832,0.00045248325,0.0015639496,0.028740939,0.014086441,0.00036454457,0.0005850752,0.06058338,1.0,0.6567699,0.026427152,0.0022690604
0.00027486414,0.00014924906,0.0025693264,0.04668685,0.018651249,0.0004214594,0.00072731613,0.06838521,1.0,0.47780508,0.011248779,0.00083362457
0.00016591103,9.716728e-05,0.002514554,0.047613867,0.02051769,0.00074550585,0.0013270722,0.06539098,1.0,0.46126807,0.0074848146,0.0005209377
7.609315e-05,7.542607e-05,0.0016864159,0.028978722,0.01194755,0.0007814323,0.001713568,0.08014222,1.0,0.37438756,0.004978854,0.00025636176
0.000102475155,6.9765505e-05,0.000899214,0.014435472,0.0055465475,0.0003668688,0.0012084862,0.07317002,1.0,0.40309942,0.0053065955,0.00018395922
0.00012708933,6.243359e-05,0.00051643763,0.009912193,0.005225503,0.00033200847,0.001536084,0.057721645,1.0,0.52445465,0.008403044,0.00019062287
0.00013738032,3.921489e-05,0.00034414502,0.0077585196,0.0047849645,0.00017693004,0.0008169749,0.05300177,1.0,0.57830155,0.010159052,0.000255382
7.944495e-05,1.7590435e-05,0.00028782702,0.0077236765,0.0048995772,0.00019211635,0.00030585987,0.048781767,1.0,0.6312089,0.01251062,0.00014534767
4.6739722e-05,1.9436908e-05,0.000256283,0.008339375,0.0072020683,0.00047445446,0.0003948196,0.03728452,1.0,0.82861066,0.021875923,0.00018477789
0.00011527087,4.8119306e-05,0.00024575487,0.0071630646,0.008355196,0.0011493965,0.0011244799,0.030216137,0.92650396,1.0,0.04363406,0.0007887143
0.00051574,0.000559007,0.00031064515,0.008338939,0.02884881,0.010311241,0.0023093359,0.010705561,0.40167558,1.0,0.117332876,0.0014005114
0.002840592,0.003582706,0.0018559819,0.051834352,0.12479952,0.03143523,0.012619252,0.024933307,0.40590456,1.0,0.119564936,0.001857145
0.0032539077,0.0030062853,0.003453379,0.101553775,0.12998736,0.015433792,0.013613086,0.048164155,0.91613483,1.0,0.046166874,0.0015719701
0.0010136515,0.00071600336,0.002757219,0.08817293,0.09247498,0.004119125,0.002142216,0.035797253,1.0,0.98391306,0.03166916,0.0008082066
0.0002660991,0.0001618567,0.0013876219,0.049464248,0.059289455,0.0030686841,0.0015609374,0.028445572,0.8970074,1.0,0.037224505,0.00069043
0.0003241594,0.00013564681,0.00056517625,0.023684358,0.03402587,0.0030888978,0.00090191356,0.026739331,0.8889526,1.0,0.03912512,0.0007016314
0.0001510989,0.00010486742,0.00043726986,0.016857997,0.01901724,0.0014440473,0.00055804895,0.033753805,1.0,0.972087,0.032139387,0.0005022879
9.000103e-05,4.981171e-05,0.00036280008,0.017337129,0.020963408,0.00095622265,0.00035949977,0.028165383,0.9215635,1.0,0.036595486,0.00035169977
0.00019809864,0.00011945344,0.0004517614,0.020142509,0.025715109,0.0012281772,0.00062884926,0.02451109,0.8584175,1.0,0.03939702,0.00074482267
0.0008824803,0.0006017759,0.0013027258,0.027785873,0.02411495,0.0013895694,0.0016917163,0.050810456,1.0,0.79239833,0.025952408,0.0018196108
0.0006771729,0.00047429124,0.0025098394,0.026698994,0.010667478,0.0010681752,0.002836095,0.11443587,1.0,0.3723574,0.0070123174,0.0011354184
0.0001210218,8.177989e-05,0.0026243718,0.023466857,0.0057399496,0.00077250623,0.0022194104,0.14039528,1.0,0.2546601,0.0030570165,0.00034861444
5.8438814e-05,3.249582e-05,0.001296234,0.019043997,0.0071346443,0.0006774515,0.0007273663,0.086468615,1.0,0.3862173,0.005429303,0.00018285957
6.441278e-05,3.6515867e-05,0.00085058383,0.021850888,0.013587674,0.000647892,0.000596055,0.055155512,1.0,0.58206445,0.01148411,0.00026690288
7.688903e-05,2.7791071e-05,0.0006434577,0.024935922,0.025925213,0.0010766184,0.0009250918,0.036677737,1.0,0.92177963,0.02769336,0.00026018673
5.965037e-05,1.8178082e-05,0.00033973693,0.01942719,0.02809054,0.0011455427,0.00087024673,0.025477864,0.8459928,1.0,0.0382328,0.00027624442
4.509229e-05,2.5235706e-05,0.00030182765,0.016790453,0.022716923,0.0009615671,0.0007392001,0.026940245,0.8800507,1.0,0.037782047,0.0002695807
7.487144e-05,5.5518114e-05,0.00035906138,0.010827935,0.009587605,0.000620214,0.000852533,0.05647924,1.0,0.69183826,0.01834487,0.00033974985
0.00015818494,6.9092515e-05,0.00026635532,0.005094368,0.0033116704,0.0005574616,0.0013024273,0.09974968,1.0,0.40058428,0.0071444605,0.00072394713
0.00010271496,3.8508057e-05,6.382278e-05,0.0005690304,0.00027562887,0.00025471344,0.002759095,0.20102282,1.0,0.2403182,0.002602956,0.00024806164
6.870035e-05,5.2294334e-05,3.9134586e-05,0.00016659751,6.829186e-05,0.00016370244,0.002848638,0.23288445,1.0,0.21350601,0.0025740769,0.00022313009
0.00012535663,5.4904292e-05,5.099917e-05,0.00032117535,0.0001563168,0.00021149339,0.0024618355,0.1700444,1.0,0.33066413,0.0056379037,0.00019723573
9.8055774e-05,4.493345e-05,5.99021e-05,0.00058620475,0.00034977967,0.00026840204,0.0015063329,0.0888756,1.0,0.53506446,0.011695985,0.00030778404
0.000110058645,6.648207e-05,0.000114037255,0.0013669849,0.0013094423,0.00027327036,0.00094155874,0.055312652,1.0,0.7983743,0.034506038,0.00057751447
7.8816316e-05,4.0307426e-05,8.621863e-05,0.0013340015,0.0033861648,0.0003384312,0.00033321476,0.014188,0.5519563,1.0,0.08817099,0.0007484658
9.149781e-05,3.1110958e-05,4.5661138e-05,0.0016781745,0.003334286,0.0002148136,0.00016666307,0.013150864,0.5435738,1.0,0.0841661,0.00057531643
0.00016685376,5.642048e-05,0.00016444184,0.0054591196,0.0062990184,0.0002494065,0.00031695873,0.028405534,0.82936054,1.0,0.06409231,0.0010268069
0.0002833057,0.00013010239,0.00028625707,0.009833749,0.0109255435,0.00040135023,0.00071991934,0.038787678,1.0,0.9075603,0.037315153,0.00087903626
0.00030491228,8.762419e-05,0.00020178281,0.009777935,0.012010598,0.0005492013,0.0008477551,0.02592146,0.8088814,1.0,0.054415565,0.00074481475
0.0010721242,6.911688e-05,0.000726556,0.021497792,0.024687318,0.0012379634,0.0014104261,0.036396157,0.8536995,1.0,0.058245484,0.003294749
0.0015590849,6.672384e-05,0.002168619,0.037106715,0.022065723,0.0009956235,0.0014019229,0.07637037,1.0,0.60107183,0.022933573,0.003873212
0.0008522153,6.5746666e-05,0.0015436421,0.034579106,0.02117853,0.00055411295,0.0006047594,0.05819819,1.0,0.6146353,0.015598915,0.0017102814
0.00036732192,0.00014340084,0.001280896,0.03619494,0.027338786,0.00066293904,0.00046947628,0.050039325,1.0,0.71804374,0.020430697,0.0006537746
0.00021530557,0.00012308003,0.001133045,0.04132203,0.037299342,0.0009710267,0.00045423774,0.041224245,1.0,0.85515195,0.026161283,0.00041476294
9.6898184e-05,5.680308e-05,0.0009493921,0.038255,0.036058813,0.0010610577,0.00036437018,0.03967646,1.0,0.89675003,0.031134002,0.00028181233
0.00016417433,9.3227216e-05,0.001102161,0.028417688,0.019538645,0.0006828455,0.0004179927,0.059844494,1.0,0.6236322,0.016330019,0.0005469593
0.0002205298,0.00014738423,0.0014399983,0.02169613,0.008445204,0.00027285737,0.00062475394,0.093159765,1.0,0.40065417,0.006447209,0.00063712685
0.00013589431,0.00011195465,0.001851483,0.025508838,0.0083593065,0.0002676036,0.00061418937,0.10315721,1.0,0.3528357,0.004868349,0.00028817495
0.00015548848,9.822871e-05,0.0022439426,0.04051562,0.020413548,0.0010201142,0.00082467747,0.073635675,1.0,0.47545108,0.008142797,0.0003699298
0.00028367748,0.00018833144,0.0023691945,0.054267887,0.040465012,0.002063075,0.0015423114,0.050734013,1.0,0.6932209,0.018735163,0.0005810095
0.0002065759,0.00011695329,0.0011040521,0.038667627,0.045237746,0.0017229161,0.00059560855,0.02914751,0.87920654,1.0,0.042403713,0.00044842577
7.658264e-05,3.1801108e-05,0.00055175944,0.031879086,0.045856707,0.0015910133,0.00023402763,0.021995613,0.80142397,1.0,0.04315874,0.00034142076
0.000107625216,7.145661e-05,0.0013827711,0.05228673,0.051080022,0.0014145476,0.0005154005,0.043330483,1.0,0.8833356,0.032127444,0.00070794876
8.408414e-05,5.6461733e-05,0.0026385882,0.04617857,0.024859238,0.00059172243,0.0011054324,0.09201426,1.0,0.46891943,0.01001231,0.0004843242
2.4801697e-05,5.179829e-05,0.0075111,0.041178644,0.006938265,0.00030960978,0.003675924,0.2500698,1.0,0.17811081,0.0023151038,0.000136305
4.687947e-05,8.0279315e-05,0.011038367,0.043150723,0.004063202,0.00015249482,0.0049147075,0.34241143,1.0,0.10662671,0.0007166865,9.76858e-05
4.5004035e-05,5.0476494e-05,0.0069963885,0.034167994,0.0039698286,0.0001618965,0.00337954,0.27222,1.0,0.14276245,0.001268824,7.551099e-05
2.9205197e-05,2.6847169e-05,0.0036680384,0.032674626,0.008805691,0.0002974484,0.0018172619,0.13988312,1.0,0.34410784,0.005942102,9.366632e-05
4.2347205e-05,1.532197e-05,0.0015294441,0.03350041,0.01974957,0.0005285843,0.00046918387,0.054087095,1.0,0.637319,0.0145231625,0.00018016096
3.7546066e-05,2.4844747e-05,0.0012783102,0.037027534,0.02496838,0.00061178155,0.00030562558,0.05338619,1.0,0.6376027,0.0142284995,0.00017269603
7.657221e-05,6.841096e-05,0.002042345,0.037599027,0.018697198,0.00034525697,0.0005784248,0.08059742,1.0,0.48228392,0.009310859,0.00027149759
9.9899575e-05,0.00013789971,0.00553566,0.041036334,0.009650442,0.00025721072,0.0018473627,0.16794552,1.0,0.25269315,0.0036470671,0.00029525932
0.00022281572,0.0005791662,0.023611436,0.06608662,0.006745536,0.00060918496,0.006350164,0.35593325,1.0,0.11927882,0.0015632751,0.0004224075
0.00049566396,0.0015618884,0.07596756,0.15571037,0.010498169,0.0006943757,0.011428068,0.5315179,1.0,0.07474791,0.0012451945,0.00056206743
0.00066046946,0.0010318639,0.06861479,0.21667986,0.025275974,0.0004620482,0.0071071833,0.3944163,1.0,0.12249619,0.0015372459,0.0004044145
0.0008543158,0.00046301208,0.0309004,0.2426799,0.064599335,0.00086859777,0.00224945,0.18974333,1.0,0.24508119,0.00303663,0.00045621584
0.0022460434,0.00069945934,0.025735559,0.34392753,0.1339749,0.0020709818,0.0011948386,0.10459309,1.0,0.37817645,0.005750117,0.0006887836
0.006848632,0.0014720977,0.044293378,0.4943457,0.1756968,0.00252267,0.0015243309,0.09765646,1.0,0.40340182,0.0066722194,0.0013329524
0.0053969226,0.0012042236,0.055636726,0.34852424,0.08032995,0.0012429251,0.0030657689,0.2076424,1.0,0.23185517,0.0029512665,0.0015114844
0.0015661287,0.0006707659,0.035081502,0.12134323,0.016817193,0.00047039852,0.0065942337,0.3705486,1.0,0.12706035,0.0013103266,0.0008896455
0.00025017065,0.00025121868,0.011000598,0.027738646,0.0022242933,0.00015501167,0.011677156,0.54121566,1.0,0.07940225,0.0008423601,0.000282745
8.971459e-05,8.729139e-05,0.00419153,0.0150762005,0.0018294537,0.00013858241,0.0070258062,0.35239697,1.0,0.16916873,0.0025798234,0.00015277376
6.923962e-05,4.2669344e-05,0.0017644324,0.018382477,0.005792656,0.0002272123,0.0018342925,0.13824955,1.0,0.37660715,0.006728426,0.00022658746
0.00013955802,7.066554e-05,0.0011388531,0.026700318,0.018924996,0.00066543947,0.0006111646,0.06073157,1.0,0.71700686,0.021836143,0.00044014293
0.00010009136,5.2441683e-05,0.00079164235,0.03442333,0.036184795,0.0010638006,0.00041850825,0.035432372,0.98934966,1.0,0.037260577,0.00030214182
0.00011862044,7.436787e-05,0.0007379615,0.031365264,0.033072844,0.0009553524,0.0004226427,0.042314053,1.0,0.9202705,0.0340271,0.00039506922
9.284537e-05,5.4787393e-05,0.0019864924,0.033364303,0.01753628,0.00043402123,0.000975202,0.09779822,1.0,0.51131755,0.014150264,0.0003469331
0.00012752658,8.060919e-05,0.0037569478,0.037681986,0.009024398,0.00014065509,0.0013992223,0.15138407,1.0,0.2850953,0.0037774367,0.00040541333
8.793691e-05,6.417537e-05,0.0030530656,0.033028625,0.00902488,0.00015163897,0.0010733041,0.11815369,1.0,0.38464716,0.0069463127,0.0002767547
8.65879e-05,4.7930305e-05,0.001293175,0.023889743,0.013087811,0.00042173723,0.00055607286,0.0586019,1.0,0.68639106,0.018598696,0.00031361933
9.873004e-05,4.0504787e-05,0.0008913229,0.027972655,0.023610003,0.0012950762,0.00088627444,0.042081945,1.0,0.85223556,0.02608811,0.0004085014
9.7949785e-05,5.8348392e-05,0.0028271284,0.04536167,0.024793193,0.0008998764,0.001454628,0.08293395,1.0,0.58006847,0.014610445,0.00032861193
6.3530446e-05,0.00015156214,0.010261977,0.06127054,0.013924673,0.000664218,0.003923224,0.22814326,1.0,0.22375599,0.0040419823,0.0003395334
8.104767e-05,0.00031120612,0.022407396,0.061264247,0.005030488,0.0005640563,0.0091186995,0.4387157,1.0,0.09167888,0.0014080119,0.00030254014
0.00020171423,0.00036119297,0.017479891,0.03622336,0.0021469484,0.0004907305,0.008588763,0.43126512,1.0,0.09449357,0.0014779889,0.00060064084
0.000542596,0.0003754701,0.003498183,0.010199966,0.0031373072,0.0051587718,0.03203905,0.4322506,1.0,0.12106054,0.0027428905,0.0010436464
0.0011464916,0.00082405325,0.0019364867,0.008306928,0.02141469,0.048946556,0.16939048,0.7360628,1.0,0.15954345,0.01083544,0.0022404345
0.006559323,0.010292785,0.027873645,0.07650083,0.18298596,0.31668377,0.6385881,1.0,0.96744996,0.30607882,0.05802048,0.011548541
0.32194915,0.9378835,1.0,0.22506863,0.09222145,0.03449385,0.014938553,0.090185635,0.26519796,0.09540739,0.023879705,0.07151681
0.11121917,0.6365536,1.0,0.2099686,0.008991034,0.0037169685,0.0030201392,0.01810315,0.15163045,0.24000503,0.04385062,0.023286225
0.01894605,0.26076043,1.0,0.3399348,0.0109423995,0.0009936151,0.0008815955,0.0023802875,0.04982829,0.21227266,0.053277716,0.0040971283
0.0021418477,0.095064886,1.0,0.7926556,0.051269226,0.0014795464,0.0004738914,0.00029434307,0.010612783,0.10598103,0.043199793,0.0012280868
0.006843058,0.039905954,0.61386603,1.0,0.16255488,0.008988566,0.0020425715,0.0012344854,0.0018953535,0.011459156,0.011975603,0.0036084375
0.1382882,0.228653,0.7367439,1.0,0.36663097,0.064982936,0.019609144,0.010155941,0.0052678343,0.007295178,0.013305264,0.067619994
0.7357418,0.43198547,0.2554947,0.16174379,0.0675763,0.10626843,0.0561185,0.023516525,0.018645057,0.105494134,0.5104509,1.0
0.0073014284,0.038562264,0.20468894,0.6847244,1.0,0.5742039,0.14188777,0.0328044,0.006143684,0.00707032,0.018686606,0.013191924
0.0015687881,0.0080050845,0.044729512,0.34529185,1.0,0.5115849,0.056881774,0.014335549,0.0034697037,0.00077386684,0.0005214323,0.00076567027
0.007889964,0.0061536585,0.006365901,0.11893094,0.7360362,1.0,0.4452224,0.060547452,0.0025585522,0.00031659706,0.000177644,0.0008328627
0.011373354,0.0102081355,0.0013325983,0.0068043624,0.0791378,0.6075313,1.0,0.14850672,0.0038901772,0.00015577037,0.00021580276,0.00084107317
0.017860726,0.016124643,0.0013914119,0.0050716605,0.115002126,0.90894765,1.0,0.10249002,0.002811987,0.00023837906,0.00034316786,0.001633241
0.025114052,0.015685674,0.01104425,0.13916814,0.66724163,1.0,0.2920444,0.015812365,0.00034817783,0.00015199254,0.0007704955,0.006576378
0.004671674,0.010584367,0.16630292,0.8573071,1.0,0.3343647,0.038595006,0.00395437,0.00034331498,0.0007945405,0.0033960582,0.0054987785
0.0036253643,0.121885106,0.86290187,1.0,0.2471696,0.03242192,0.0060644383,0.0024009948,0.0008990501,0.005428032,0.004626546,0.0010996409
0.023915075,0.36308023,1.0,0.29231495,0.02692971,0.008636495,0.004254548,0.00086134503,0.0011971564,0.006080962,0.002056526,0.0016207963
0.16859187,0.70994693,1.0,0.31655604,0.023609713,0.0061661983,0.0047899163,0.0011551346,0.001860323,0.006343398,0.009084173,0.029749818
1.0,0.8954998,0.6511103,0.40107796,0.11195064,0.028662916,0.00787086,0.004500733,0.011716005,0.043122537,0.115000814,0.46195927
0.51695234,0.37867525,0.31956443,0.26449805,0.7418903,1.0,0.3959404,0.17340752,0.15174256,0.16956326,0.19876836,0.46857682
0.58279413,0.6778727,1.0,0.67663205,0.5998706,0.5943309,0.46422845,0.36512238,0.35847268,0.36887524,0.4537007,0.5335286
0.18661846,0.5080458,1.0,0.70495135,0.3862408,0.21390796,0.040734336,0.019056242,0.023117233,0.019211572,0.03008275,0.08948025
0.040404633,0.35714316,1.0,0.43635446,0.09521106,0.028623004,0.0054650954,0.0015490559,0.011303994,0.017672148,0.0028840858,0.009179884
0.0044868374,0.09520281,1.0,0.91297394,0.0820909,0.00404172,0.0035714463,0.00079130713,0.0027020993,0.0064564743,0.0027802947,0.0016607363
0.0011294743,0.020245282,0.5334309,1.0,0.10055587,0.0023695307,0.003417945,0.0012308417,0.000470649,0.0040493086,0.006575936,0.00095423555
0.0005124714,0.00560835,0.28160262,1.0,0.12468023,0.001582827,0.0013878096,0.0012098632,0.00020283926,0.0028778713,0.009091724,0.001158943
0.00025794347,0.0033164162,0.24205722,1.0,0.14665133,0.0011937676,0.0008116551,0.0017904174,0.00014668894,0.0016100815,0.008079487,0.0011526088
0.00058175164,0.027431095,0.64226145,1.0,0.09065944,0.0009772732,0.0029961977,0.0039611394,0.00029162815,0.0037252065,0.0077410955,0.0007281906
0.003785049,0.1678645,1.0,0.4220599,0.0155456355,0.0004324885,0.0021097672,0.001911479,0.0006189163,0.00513474,0.003179654,0.0005454612
0.008542349,0.34691533,1.0,0.17732891,0.0056689354,0.000526921,0.0005839774,0.00026916608,0.002467005,0.012359269,0.0021180615,0.00068922504
0.006467322,0.23406859,1.0,0.37072808,0.024454087,0.0014760607,0.00063393445,0.00025854565,0.0023899707,0.014899828,0.003689549,0.0006260153
0.0014936265,0.04933139,0.6412471,1.0,0.16265993,0.0043395897,0.00092450547,0.00033197572,0.00042129535,0.004729762,0.0037557064,0.00048827453
0.00021340205,0.0063941157,0.23567621,1.0,0.29447314,0.006072057,0.0011434357,0.0005132055,0.00010986264,0.0004214539,0.0012210241,0.00029977376
0.00019751993,0.0032628514,0.18094705,1.0,0.36060292,0.0074611404,0.0007124087,0.00048953574,6.499536e-05,0.00014824289,0.0007114601,0.00033903946
0.00033128343,0.011303854,0.3049126,1.0,0.26426423,0.0059863674,0.00054317346,0.00023325483,5.227251e-05,0.00031688283,0.00095076044,0.00027521298
0.003453407,0.108661525,1.0,0.96460336,0.1134713,0.0032215435,0.0006729254,0.00031348728,0.00042195135,0.0037054948,0.0021611052,0.00041571347
0.007864967,0.2726604,1.0,0.2639623,0.01199007,0.00056441245,0.00053180114,0.00013065197,0.0014837388,0.008415003,0.0016321839,0.00086538965
0.006474334,0.2468193,1.0,0.27703485,0.008380841,0.0007979569,0.0008989551,0.0001951325,0.0016393994,0.009693438,0.0020617985,0.0009985229
0.0025777386,0.10985567,1.0,0.7186361,0.049147543,0.0012788568,0.00083974,0.00030204526,0.000617863,0.0061969077,0.0032793346,0.00046957986
0.00058725424,0.025052402,0.47813234,1.0,0.175586,0.003707583,0.00028506867,0.00017146314,0.00012274813,0.001208054,0.0015690404,0.00029660232
0.00028609415,0.0053284084,0.22482187,1.0,0.29678875,0.006556664,0.00057136244,0.00019278498,8.7505825e-05,0.00015691202,0.0003569655,0.0001567687
0.0005407274,0.014111272,0.37235394,1.0,0.22625053,0.005378379,0.0005819817,0.0002227417,0.0002010682,0.0005670579,0.0006042873,0.00018313837
0.0037147033,0.12616928,1.0,0.67011106,0.06127487,0.002119924,0.0013076713,0.0003703053,0.0008734988,0.004131314,0.0013569418,0.00042125632
0.0075723873,0.3379694,1.0,0.15839788,0.003599391,0.0011813922,0.0016423687,0.00037454467,0.0026414192,0.008499681,0.0010468122,0.0006750615
0.00939083,0.34559068,1.0,0.15700264,0.0035546345,0.0010338618,0.001206073,0.00030408497,0.0022165838,0.008310336,0.0011835472,0.0014833456
0.007254723,0.1698248,1.0,0.41014794,0.015128267,0.001398022,0.00048223202,0.0001960438,0.0008950362,0.006541993,0.0022298577,0.0017815144
0.0027237004,0.06600892,0.945285,1.0,0.09886188,0.0072954716,0.0008363428,0.00016197751,0.0002809998,0.0028297263,0.002092354,0.00072296464
0.0009546505,0.024420375,0.5757526,1.0,0.14093608,0.0029920135,0.00064354436,0.00015874211,0.00016758191,0.0004451138,0.00059497793,0.00029030358
0.0027809173,0.11602601,1.0,0.82851595,0.076126054,0.0015661954,0.0005644663,0.00021479477,0.00032713223,0.0017793284,0.0010139764,0.00039553817
0.02438925,0.43688062,1.0,0.26630917,0.012280428,0.00095715834,0.00035163536,0.00017803894,0.0012726291,0.00254447,0.00069497037,0.000751828
0.09825523,1.0,0.7644315,0.053576186,0.0037026268,0.0014072477,0.00043785787,0.00039172044,0.005652551,0.0036090424,0.00022895267,0.0013180583
0.07382872,0.79082423,1.0,0.18608294,0.014376386,0.0014435739,0.0006172029,0.0005954109,0.006688596,0.0075027733,0.00083291763,0.001680146
0.009230217,0.16870621,1.0,0.6369958,0.04644155,0.0024747932,0.0016204686,0.0028612365,0.0073684584,0.00576528,0.0019786933,0.0011921213
0.0016986041,0.0767826,1.0,0.95625997,0.072922885,0.0029881904,0.0017729752,0.004416704,0.006682321,0.006339074,0.0048325607,0.00077739806
0.004098703,0.11852968,1.0,0.667084,0.04249439,0.0019096986,0.0007634826,0.0013649763,0.0020669613,0.0059392815,0.0041002706,0.0005586138
0.009820609,0.3078659,1.0,0.2612884,0.0108254915,0.00134112,0.00044149425,0.0003790235,0.0026538076,0.0066539305,0.0013066763,0.00062602886
0.014414487,0.29311714,1.0,0.4534287,0.061447296,0.0037991847,0.0007792348,0.00039297165,0.0021329839,0.0056860666,0.001282595,0.00092952617
0.0014965563,0.022181218,0.2191511,1.0,0.5703457,0.025666462,0.0009936405,0.0029121381,0.0008117591,0.0008178474,0.0044584232,0.002395985
0.00026802666,0.0018312883,0.075866796,1.0,0.76450187,0.03436631,0.00084532634,0.003767259,0.001042072,0.0027938818,0.016649904,0.0061625093
0.0022892244,0.034371335,0.2934711,1.0,0.5142331,0.025285924,0.001870224,0.0045367125,0.04272726,0.16659361,0.106595635,0.011573327
0.038873944,0.40806425,0.56712127,0.24860449,0.035361245,0.011359105,0.0059317145,0.055695575,1.0,0.95635074,0.119816296,0.0044728843
0.041881934,0.3360859,0.13651024,0.012360966,0.0041531227,0.0044215433,0.0015302632,0.073914334,1.0,0.39939317,0.008037559,0.00065281236
0.048214942,0.4319079,0.16383937,0.0061418507,0.0015870665,0.0012717177,0.0006621201,0.07762786,1.0,0.338258,0.0039796536,0.0006054538
0.042551342,0.6542103,0.4038524,0.011606508,0.0012736444,0.0022357146,0.0011316324,0.04573018,1.0,0.61187035,0.01048185,0.00062745623
0.02818945,0.4892323,0.32755992,0.009705997,0.0011370957,0.0040146396,0.0014577407,0.03682352,1.0,0.6992089,0.012247391,0.000415743
0.031634558,0.38176233,0.17740908,0.004363624,0.0010093956,0.0081701735,0.002672374,0.050858658,1.0,0.52854955,0.0077489144,0.0008845746
0.11939798,0.65465003,0.1750067,0.0038458002,0.0022133507,0.015746016,0.004711415,0.08989875,1.0,0.37250397,0.005410885,0.00397578
0.42637163,1.0,0.109330125,0.0029877515,0.0011976063,0.0037218821,0.0010317436,0.040871907,0.20136914,0.035783693,0.0009997619,0.00923072
0.3450892,1.0,0.17425898,0.0042800377,0.0004002021,0.00024446074,9.5381896e-05,0.0045785448,0.027107032,0.006197617,0.00041176853,0.006679852
0.16338018,1.0,0.38715145,0.010265025,0.000585323,0.00026855755,0.00011262378,0.0014470939,0.021282807,0.010376189,0.0005722238,0.0034638562
0.11841458,1.0,0.439695,0.011315125,0.0009174634,0.00046746695,0.000280884,0.0014243549,0.0190035,0.008861117,0.0008838999,0.0038164405
0.17484766,1.0,0.32614702,0.0068237176,0.00096059934,0.00057662063,0.0002952073,0.001834947,0.016925702,0.0062257675,0.0015238991,0.006694495
0.3189726,1.0,0.29990482,0.008478522,0.0021632495,0.00052988686,0.00018990043,0.0015503378,0.01034212,0.0035623368,0.003515559,0.023183722
0.8473598,1.0,0.34795946,0.03740555,0.0086672325,0.001019268,0.00023528496,0.00059825095,0.0023110814,0.0022367546,0.038919073,0.318001
0.79736006,0.60769105,0.20967388,0.12285431,0.06405702,0.026326777,0.0032467027,0.0013198537,0.0021128273,0.011054879,0.21019003,1.0
0.111816384,0.29671955,0.9643914,1.0,0.19243853,0.023182182,0.002707206,0.0010180742,0.0015695867,0.021855095,0.025164174,0.047152806
0.0025615594,0.01175019,0.2620781,1.0,0.37934625,0.021091655,0.0012299069,0.00089913676,0.00050963776,0.009076663,0.009833183,0.0018663144
0.0009028623,0.003127998,0.11599028,1.0,0.55867594,0.036200266,0.0019813941,0.0027594946,0.0006114301,0.003440712,0.0081686815,0.0027535118
0.0005402253,0.0022418592,0.077044934,1.0,0.51874584,0.02722699,0.0028260192,0.010646736,0.0017231307,0.0015703457,0.017612228,0.0064431056
0.0007648362,0.0032191086,0.10669685,1.0,0.37016192,0.0063528977,0.0048275576,0.028540457,0.0041455766,0.0057209446,0.05549198,0.01645099
0.0021630384,0.015241568,0.3851057,1.0,0.2007479,0.0050010793,0.018230166,0.03513679,0.0055906344,0.09230221,0.16507591,0.016569305
0.0051240106,0.07600027,1.0,0.73164296,0.041865285,0.0042772,0.043359037,0.01951724,0.031631164,0.6043464,0.36552784,0.008553239
0.0059600715,0.08501029,1.0,0.52411187,0.021181876,0.0048291655,0.046740446,0.014044131,0.053227678,0.9067402,0.4111222,0.0062514357
0.0052220332,0.037538465,0.7340418,1.0,0.09231956,0.0037179613,0.03662096,0.029572247,0.022505,0.49303916,0.39497027,0.013078096
0.0020112859,0.008019466,0.23167746,1.0,0.19827227,0.003244922,0.0077172644,0.022498379,0.0036329022,0.046349294,0.10484193,0.011354814
0.0021629636,0.017114082,0.38326964,1.0,0.15835,0.0023550661,0.003772451,0.011250983,0.0018022739,0.020117238,0.04599282,0.0058485405
0.005219759,0.1697254,1.0,0.5165711,0.030241597,0.001058439,0.0042180414,0.0024738444,0.002231201,0.030696416,0.024137745,0.0013456737
0.010108392,0.39559352,1.0,0.1390511,0.004427388,0.00062168884,0.0015590079,0.00037958482,0.0033791936,0.022593297,0.0052157263,0.00046406302
0.010926246,0.34286687,1.0,0.281606,0.015907034,0.0008062523,0.0004853029,0.00023860791,0.002076076,0.014721773,0.0055241254,0.00071745063
0.0031950756,0.06290143,0.7123424,1.0,0.115100525,0.002657657,0.00087197556,0.0005467121,0.00045757895,0.006730344,0.010425205,0.0012201546
0.00474911,0.021342115,0.4407258,1.0,0.14102757,0.002495203,0.000495126,0.00032101414,0.00016510091,0.0009063537,0.0020786242,0.00062314066
0.013335768,0.13880455,1.0,0.6688586,0.04775707,0.0011880961,0.0006835272,0.00031183977,0.0010493433,0.0039819553,0.0014749644,0.0018554317
0.023566455,0.49706715,1.0,0.1336904,0.0029676587,0.0005814476,0.0004800168,0.00068548426,0.007121688,0.0054711336,0.0006304062,0.0009687966
0.07126536,0.89738226,1.0,0.10285616,0.0025410117,0.0017168755,0.0004849511,0.004281009,0.028003195,0.009728249,0.000653456,0.0015747552
0.21031511,1.0,0.36893606,0.041986786,0.0053088046,0.0048780213,0.0007481211,0.030371586,0.108602576,0.014654497,0.0028194,0.005802104
0.24761872,1.0,0.18758774,0.008280791,0.005993827,0.004432401,0.0020484987,0.047185272,0.1455083,0.024536552,0.0086453315,0.011296011
0.11258624,1.0,0.41424447,0.014189136,0.0026705677,0.0026982168,0.0020421706,0.015254367,0.073448315,0.024810843,0.0055377977,0.0052117524
0.109147064,1.0,0.36462456,0.008475012,0.0008760412,0.0016974098,0.0011050836,0.010985165,0.084340155,0.030612214,0.0029431097,0.002497633
0.1679581,1.0,0.22123659,0.0042880946,0.001043242,0.0013573032,0.00092306186,0.017388312,0.11050881,0.025764236,0.0023760109,0.0024493218
0.28852063,1.0,0.14676851,0.003933915,0.0014203067,0.0013098423,0.00097090186,0.03797694,0.1504938,0.018420676,0.0009872209,0.003766758
0.26231882,1.0,0.17144835,0.003923432,0.0015751428,0.0014206339,0.00075952447,0.029877959,0.11588522,0.015103248,0.00095429044,0.003803524
0.13833073,1.0,0.3486853,0.016224744,0.0032644158,0.0015958634,0.0009798715,0.011610207,0.056855533,0.0118581345,0.0012113918,0.0023069016
0.085655436,1.0,0.9428083,0.23127355,0.037616517,0.017661411,0.010088416,0.009893267,0.029975107,0.007774057,0.0053362628,0.0053024287
0.033613876,0.48706636,1.0,0.5263315,0.11783643,0.10419187,0.08615986,0.024574127,0.013039966,0.006422968,0.011714987,0.009358735
0.13043608,0.29575387,0.71707857,1.0,0.8471699,0.7000492,0.62578696,0.30944636,0.114360556,0.050265346,0.039696757,0.043536726
0.08720651,0.36200568,0.8819458,1.0,0.2756488,0.13482313,0.20914857,0.10522489,0.04122728,0.030049533,0.013169333,0.035466086
0.08333506,0.45267734,1.0,0.44615373,0.111511044,0.12968826,0.26909876,0.22302797,0.050489895,0.014249571,0.02064705,0.02343659
0.030513933,0.2531999,1.0,0.62448883,0.09883823,0.026758911,0.06845004,0.21520808,0.17502134,0.046242848,0.009047228,0.012215978
0.017128594,0.09713892,0.6711937,1.0,0.27256176,0.013137494,0.02042397,0.14084765,0.46724203,0.26305366,0.020541882,0.010285402
0.012064645,0.017270895,0.10371394,0.6197369,0.39717835,0.03399231,0.067603886,0.3181379,1.0,0.7006091,0.08259117,0.017311241
0.00930703,0.009589934,0.021502804,0.086017124,0.09322235,0.077441186,0.27552575,1.0,0.85528386,0.48826656,0.14302821,0.028496245
0.028727664,0.04344002,0.08642583,0.3197432,0.6124511,1.0,0.8133589,0.66962355,0.8848601,0.5497711,0.2122927,0.04742752
0.018911222,0.017848575,0.14535044,0.9263898,0.47739232,0.038830414,0.021874662,0.28097606,1.0,0.6046432,0.12294685,0.03162677
0.0058216997,0.014059661,0.35577694,1.0,0.2213565,0.007580196,0.019159067,0.29326817,0.5248799,0.14578745,0.017366353,0.009654536
0.003771027,0.033104733,0.55041546,0.5392357,0.05499308,0.0031058597,0.09183121,1.0,0.4316018,0.01905586,0.004501645,0.014525925
0.0065001827,0.015243576,0.21424131,0.12352017,0.0045885034,0.0013185141,0.063947394,1.0,0.60138357,0.015988024,0.001925094,0.015351486
0.011037943,0.0038039875,0.10397145,0.17908134,0.015041764,0.0008148048,0.019075746,0.63594383,1.0,0.07136667,0.0010104155,0.010264682
0.009296292,0.0021594197,0.037162036,0.20887697,0.0782488,0.0023119277,0.0031372157,0.19908135,1.0,0.28583294,0.0052085887,0.003149909
0.006102953,0.0032849344,0.011928515,0.24904312,0.27254933,0.011202139,0.0010685336,0.05482801,1.0,0.8836633,0.026206886,0.0007882404
0.007594482,0.0022799529,0.015270768,0.23161323,0.23570599,0.010268511,0.0019129964,0.07462157,1.0,0.84653246,0.025401507,0.0021087278
0.01686783,0.00675355,0.09795467,0.19183753,0.052741416,0.002998402,0.02098655,0.45301324,1.0,0.27475658,0.006870103,0.017144777
0.015030103,0.021101324,0.2611507,0.14446583,0.0061065336,0.0033045374,0.0744448,1.0,0.55355614,0.029086096,0.0049421624,0.038171135
0.0237858,0.015641665,0.29874712,0.41980043,0.032730103,0.008146438,0.055879634,0.9467588,1.0,0.060476713,0.0030494996,0.03009544
0.02457798,0.004554246,0.120445915,0.6006384,0.1447026,0.008745475,0.009821124,0.2723411,1.0,0.1867243,0.0031468987,0.009419985
0.033120167,0.017008912,0.048782118,0.873296,0.7438797,0.027829189,0.0025556441,0.077158295,1.0,0.70141524,0.021631159,0.004106682
0.048594482,0.02963718,0.025895031,0.8436279,1.0,0.037243657,0.00095055916,0.022031631,0.6138327,0.7088211,0.027062014,0.0031453234
0.05011495,0.019273883,0.12882309,1.0,0.6145826,0.018105304,0.0027255341,0.08432075,0.7276402,0.38766435,0.01120501,0.0066276127
0.028522357,0.017363202,0.48134866,1.0,0.20057696,0.00842036,0.012000702,0.36572975,0.91960657,0.17137843,0.0048607537,0.011635057
0.009952468,0.016089836,0.45966548,0.75132334,0.05486907,0.0055747377,0.017245322,0.51521367,1.0,0.10746411,0.003840478,0.007304446
0.04451547,0.021723704,0.09621371,0.49759483,0.15070535,0.013209176,0.017434314,0.18657103,1.0,0.3361619,0.013103007,0.01554488
0.037290685,0.017570235,0.021905234,0.45505312,0.47050977,0.023990268,0.01009223,0.06325741,1.0,0.97906184,0.05956393,0.0124262525
0.0038383743,0.0038777268,0.043938242,0.39925754,0.35034794,0.016175717,0.0058037015,0.13094208,1.0,0.79716784,0.053584293,0.0018269806
0.002819702,0.045082554,0.28084722,0.35825858,0.10089182,0.005281479,0.094706744,0.7415621,1.0,0.267373,0.01601457,0.0026128558
0.007615484,0.24380028,0.5264887,0.06712158,0.0041377954,0.012709777,0.38649574,1.0,0.2203567,0.018358711,0.005832007,0.004320063
0.01164187,0.31091532,0.70664275,0.11374535,0.006645118,0.023581069,0.46788847,1.0,0.1689228,0.010425626,0.003698214,0.0039864695
0.008531954,0.091696665,0.6240319,0.51790065,0.08120278,0.022369372,0.1990939,1.0,0.83287066,0.123292886,0.013001826,0.007316097
0.0042104525,0.0073376447,0.07415088,0.4082517,0.19396995,0.01260824,0.046858005,0.262507,1.0,0.45515454,0.03955486,0.0053531663
0.0052676983,0.0056674816,0.035903577,0.27855608,0.23626882,0.019919466,0.03424274,0.25116828,1.0,0.6530517,0.073661946,0.008715803
0.018019356,0.023758689,0.11451428,0.15725808,0.0896829,0.032537587,0.10427949,0.524976,1.0,0.4738564,0.08446859,0.02206998
0.6709445,0.6053832,0.6043435,0.43895316,0.2631534,0.3273728,0.4490422,0.95328903,1.0,0.5882691,0.51114094,0.64070314
1.0,0.7741027,0.62704015,0.40120423,0.21539445,0.20322879,0.31056684,0.4944101,0.44085556,0.4769947,0.68225336,0.94797415
0.96831906,0.71757394,0.5429654,0.43127877,0.31956252,0.3315354,0.39507663,0.5659044,0.6770686,0.75777704,0.8757404,1.0
0.9844576,0.6038062,0.39012456,0.30385998,0.29853538,0.31440032,0.27965385,0.35554737,0.43691334,0.52533543,0.7512697,1.0
0.9101163,0.6858128,0.5347173,0.5111777,0.5611336,0.5754038,0.6114784,0.74134815,0.8862847,0.93534523,0.9752918,1.0
0.9503333,0.70609164,0.51916176,0.5359241,0.6707235,0.68598676,0.60314673,0.62217593,0.64638036,0.71955985,0.87771976,1.0
0.97833014,0.7736861,0.6757366,0.6373533,0.66098064,0.64992785,0.47144514,0.36812678,0.41831246,0.55894595,0.8006295,1.0
0.8881394,0.63461024,0.58772206,0.6373019,0.8934133,1.0,0.7952326,0.5897695,0.5134034,0.46913666,0.6833026,0.9169652
0.653964,0.56358784,0.49104378,0.5707878,0.8475804,0.97656554,0.70878065,0.9765564,1.0,0.67965776,0.5938119,0.6489175
0.7961802,0.7642101,0.71345836,0.85156906,0.95840263,1.0,0.9706105,0.584374,0.6601633,0.62591696,0.55316883,0.61446244
0.022084564,0.020142179,0.01267628,0.018598476,0.035062116,0.15402503,0.41496426,1.0,0.65014774,0.19698812,0.03877308,0.029025257
0.004385235,0.0034981747,0.004463427,0.0072635654,0.012513576,0.08046933,0.6402981,1.0,0.3903758,0.12771808,0.03744666,0.009564094
0.0035829167,0.0024997564,0.0065535987,0.009013933,0.03233929,0.22694331,1.0,0.83881915,0.27773675,0.062027562,0.043842502,0.009743387
0.0049647493,0.0028866143,0.007975465,0.032594226,0.0725985,0.35839397,1.0,0.79910654,0.29750812,0.08631265,0.06325222,0.00960684
0.02426059,0.01907801,0.02336327,0.079717584,0.16908145,0.5163831,1.0,0.66914886,0.46064457,0.191014,0.07810034,0.026836969
0.047005627,0.03634533,0.04338442,0.10795693,0.15193185,0.35516366,1.0,0.6437826,0.3077279,0.0820745,0.047687594,0.048263613
0.22980723,0.16513468,0.19519134,0.31944042,0.14833628,0.2590817,1.0,0.81314164,0.30163655,0.1851341,0.1933951,0.24057932
0.90596616,0.58086276,0.3375107,0.29532456,0.18406078,0.343453,0.71856105,0.87716126,0.85454065,0.85823447,0.8916488,1.0
0.62463087,0.40699568,0.2394006,0.17818534,0.18938121,0.51075304,1.0,0.55258876,0.5104936,0.5001271,0.55171746,0.66323596
0.8626921,0.65394753,0.48235974,0.33437523,0.24025974,0.70190644,1.0,0.31824768,0.24303637,0.26582628,0.49502805,0.80809754
0.9568748,0.59372926,0.283287,0.15973549,0.13654931,0.17200273,0.24508034,0.33745313,0.46370155,0.5756454,0.7698154,1.0
0.90492445,0.60273194,0.38251048,0.28066704,0.24331176,0.26530862,0.360259,0.5632233,0.7787272,0.8564066,0.9165839,1.0
0.97816527,0.62348735,0.27640107,0.13605094,0.11531437,0.16190484,0.26249427,0.45383304,0.65427005,0.72005534,0.7816481,1.0
1.0,0.88056606,0.45560023,0.18849996,0.08275061,0.08208074,0.122945696,0.23602694,0.3242196,0.4335902,0.606135,0.87748325
0.8670656,1.0,0.66233087,0.2756692,0.10114561,0.09593914,0.13491616,0.23605368,0.293495,0.39269498,0.5699574,0.72178817
0.36320722,0.5638505,1.0,0.7174211,0.4735088,0.28384835,0.1994825,0.17083722,0.16091573,0.18596728,0.16604082,0.26097584
0.028873332,0.28414246,1.0,0.42509162,0.050909948,0.015383513,0.014338192,0.021892024,0.039766405,0.023721948,0.016757065,0.023550903
0.006916873,0.098475814,1.0,0.7916953,0.07656323,0.0021033701,0.0015939747,0.0035467918,0.008080918,0.017343571,0.007399729,0.0053372136
0.0057773143,0.05343023,0.9559145,1.0,0.08467943,0.0022253839,0.0020690593,0.0015398001,0.0060370467,0.06416117,0.046603143,0.0041718152
0.0050644185,0.026448356,0.81533384,1.0,0.0590077,0.0027044027,0.0030087589,0.0021153018,0.005112856,0.16107127,0.20171858,0.007742516
0.0034830763,0.016102977,0.5605011,1.0,0.072093755,0.002058487,0.0029697218,0.0042711445,0.0031319582,0.18011396,0.37971574,0.02157471
0.0034751613,0.009862005,0.32518494,1.0,0.120011896,0.0023971237,0.004551832,0.010600755,0.0019810956,0.14604421,0.594647,0.059848472
0.0049124113,0.009586006,0.23022264,1.0,0.15543932,0.0030113556,0.0068573137,0.019852236,0.0030169203,0.18179838,0.92708087,0.11024399
0.0047055874,0.009648079,0.20721357,1.0,0.18456176,0.003236868,0.0061363033,0.021723902,0.0036554753,0.14471637,0.8617536,0.12375695
0.003609241,0.009422336,0.13695796,1.0,0.2769715,0.0046264245,0.0038007372,0.017143741,0.0034358536,0.061108887,0.45688698,0.09950849
0.03300736,0.11176107,0.3871338,1.0,0.2510671,0.0054896837,0.0026293432,0.0066931904,0.0025420275,0.011347978,0.107111976,0.05541825
0.15635945,0.4392129,0.9922426,1.0,0.18127045,0.012272545,0.0042410605,0.0048848465,0.0068705296,0.02455437,0.08456654,0.09116448
0.4653792,0.9804786,1.0,0.6081687,0.44843963,0.4977964,0.0761263,0.01886634,0.032508917,0.111569755,0.26623538,0.23553069
0.010881684,0.017779462,0.01294938,0.061686836,0.22809699,1.0,0.59772205,0.08881585,0.033430677,0.013724571,0.03052459,0.010644456
0.0005921565,0.0011064204,0.0026772665,0.018442098,0.08861958,0.6703755,1.0,0.27840704,0.02692067,0.0030484407,0.0026575443,0.000614149
0.00014436607,0.0009857818,0.000832939,0.0019810698,0.0094850855,0.19479011,1.0,0.46029058,0.01616265,0.0009186494,0.00040798602,9.0409776e-05
0.00011668971,0.0015606607,0.00095600734,0.00047708134,0.0036606507,0.1000306,1.0,0.54829246,0.014877683,0.00022481728,0.00017258445,5.8250018e-05
0.00022908098,0.0015573103,0.00067867426,0.0011472291,0.011111225,0.23249003,1.0,0.35490894,0.0094777085,0.0003435327,0.00017080318,6.697694e-05
0.00051267806,0.0015337779,0.00063696934,0.0059322873,0.057937875,0.5155291,1.0,0.2326007,0.008742609,0.001459875,0.00020392772,0.000102578866
0.0027311814,0.004192534,0.007742659,0.03195408,0.19483602,0.7493731,1.0,0.27828035,0.030964969,0.0058161,0.0014448646,0.0006388971
0.04211926,0.034432083,0.0026083002,0.003200936,0.07032575,0.6107308,1.0,0.20192152,0.008695502,0.0028170592,0.0012977199,0.001688813
0.005131839,0.0059252023,0.0016082623,0.0012880937,0.013459489,0.33670083,1.0,0.43932918,0.057125546,0.0067681647,0.001227011,0.0003195642
0.0009292624,0.004149512,0.0026035737,0.00096263003,0.008090983,0.17700021,1.0,0.7249502,0.10841036,0.011906426,0.0015814791,0.000251876
0.003186043,0.008601334,0.0023725098,0.00070266495,0.0039329287,0.10716897,1.0,0.56487435,0.06935682,0.00825158,0.0013115526,0.00041623067
0.0048622675,0.008678216,0.0012677821,0.00024675726,0.0027037142,0.18813136,1.0,0.23055701,0.0038506018,0.00043256546,0.00054375845,0.00055503304
0.0026784602,0.005557864,0.0008054983,0.00030070636,0.010985925,0.43857285,1.0,0.12233088,0.0017964853,0.00036363106,0.00054358545,0.00016257036
0.017549189,0.029284157,0.0018235615,0.00063034834,0.04230645,1.0,0.9879856,0.04048295,0.0010490771,0.00071536633,0.00042442352,0.0003524622
0.024340902,0.036507506,0.0024048008,0.0006853614,0.05639526,1.0,0.723118,0.021953393,0.00042208922,0.00062534574,0.0002779224,0.00052972685
0.015032127,0.019400708,0.0013658477,0.0018976334,0.046521112,0.95681834,1.0,0.051267393,0.0008226841,0.0006165887,0.00054913736,0.0005085184
0.004869975,0.008944445,0.006822919,0.026146542,0.12457887,0.88144803,1.0,0.10263869,0.0056000547,0.0015788124,0.0014815455,0.00058695086
0.004187658,0.0122709125,0.03196319,0.0974184,0.46155375,1.0,0.59976125,0.15454137,0.021017883,0.0044007665,0.0022706469,0.0010756518
0.0030643546,0.010062642,0.019199904,0.02742261,0.23355095,1.0,0.4017989,0.019991862,0.008675865,0.0024426489,0.00063110155,0.00088081957
0.00067929144,0.0007152613,0.0007577704,0.004437712,0.083639376,1.0,0.6002036,0.022480339,0.0034575635,0.0009388074,0.00035991412,0.0002413928
0.00037556601,0.0003865359,0.00056673033,0.005863924,0.13713926,1.0,0.42463332,0.017895026,0.0020330057,0.0008521318,0.00034951177,0.00025829798
0.000795695,0.00089491403,0.0010988901,0.0021389995,0.09634746,1.0,0.9176257,0.088970296,0.0069736177,0.0024815125,0.0009617836,0.0007550082
0.00049964996,0.0012672374,0.0005442432,0.0017704142,0.03333883,0.3542337,1.0,0.43356463,0.05123881,0.0027243223,0.000284787,0.00016966884
0.0016308081,0.003465423,0.00047834284,0.00084556686,0.015841078,0.35851753,1.0,0.34589303,0.028546767,0.0014147887,0.000299104,0.00017075698
0.004796717,0.0051989877,0.00040138746,0.00072927965,0.009253563,0.3584696,1.0,0.17988342,0.009055556,0.0010814759,0.00032409068,0.0005255214
0.002488312,0.0017597628,0.00019280528,0.00034101578,0.009790172,0.41728386,1.0,0.11350076,0.0017233273,0.0007218846,0.00022652997,0.00053839077
0.00019360159,0.00032518565,6.738507e-05,9.958968e-05,0.011329975,0.5152791,1.0,0.07711611,0.0009121922,0.00024439886,0.00011172446,8.289444e-05
0.0003166344,0.00054065,6.5318345e-05,9.992685e-05,0.013185181,0.54961133,1.0,0.06855697,0.00067669805,0.00017483043,8.169081e-05,3.6354508e-05
0.00075930596,0.00090142863,8.550107e-05,0.00015846056,0.027688472,0.85107565,1.0,0.04181991,0.00036189225,0.00019727618,0.00010336128,5.3829328e-05
0.00079486,0.0012616578,0.00013545428,0.0001255603,0.019896219,0.72026426,1.0,0.048186436,0.00029265825,0.00012202316,0.00010418722,4.221824e-05
0.00071240973,0.001652466,0.00018448159,9.70574e-05,0.008864012,0.51095986,1.0,0.06378746,0.0004646266,0.00021190092,0.00016945373,3.9282044e-05
0.0024334767,0.0032402745,0.0007997901,0.00062162377,0.0120007545,0.58552086,1.0,0.057749387,0.001171258,0.00090669387,0.000645192,0.00044278768
0.010468288,0.013852256,0.0018631575,0.0025919143,0.019146407,0.72512394,1.0,0.046250533,0.0031994325,0.003276569,0.002658918,0.0010071823
0.009190568,0.016043259,0.0016117966,0.001928644,0.013800523,0.59510756,1.0,0.05327249,0.0021986996,0.0028587496,0.0026336694,0.0008705185
0.0042216945,0.007458301,0.0014552738,0.0013449974,0.0118031325,0.52072465,1.0,0.059539445,0.00080714514,0.001569142,0.0013982925,0.00062498584
0.001190847,0.003210005,0.0005740459,0.00048930023,0.0072951177,0.42803663,1.0,0.076395705,0.0006694791,0.0006745885,0.0008174507,0.00015411554
0.00094874133,0.0037875448,0.00069232093,0.00030447927,0.0045806165,0.32312566,1.0,0.119897254,0.0010655468,0.0004171282,0.0006665355,0.0001443765
0.0006981858,0.004361768,0.0018717566,0.0033481591,0.021276612,0.35362756,1.0,0.17449562,0.0030783273,0.0003758078,0.00024660732,9.3253235e-05
0.0047718836,0.016012805,0.016268916,0.045935728,0.14183564,0.7592652,1.0,0.17643285,0.015449352,0.0025385579,0.001896915,0.0011543214
0.015495329,0.053862356,0.027580744,0.04898004,0.07999976,0.4204826,1.0,0.19580017,0.012821527,0.0020621049,0.0033486031,0.0028341818
0.012354039,0.052046005,0.009727051,0.004449851,0.020835279,0.19589478,1.0,0.31152254,0.012751132,0.006066652,0.0040250802,0.0018245871
0.022349508,0.0748406,0.027997108,0.010850076,0.02984704,0.26463795,1.0,0.6148939,0.14487909,0.06211433,0.034720615,0.0145235015
0.018902808,0.06172835,0.009068655,0.0019109931,0.005518548,0.27150047,1.0,0.20642833,0.016490137,0.0060421648,0.0040185037,0.0016377916
0.027986493,0.06851732,0.004520728,0.00047077128,0.004493037,0.34272546,1.0,0.112011574,0.0012171383,0.0004980921,0.000558965,0.00042023245
0.06033207,0.10940062,0.005424657,0.0014476448,0.010122826,0.48992363,1.0,0.081463024,0.006271685,0.0041290247,0.0022839913,0.0015394902
0.08228413,0.14177062,0.01823246,0.015563776,0.041370004,0.48132697,1.0,0.24634746,0.12733307,0.0977058,0.038546775,0.007889723
0.06165188,0.19154209,0.01969064,0.007261397,0.018986486,0.32774928,1.0,0.18651871,0.070480645,0.057745922,0.018838234,0.0037662778
0.06894679,0.23603222,0.018806027,0.0010377461,0.0063439338,0.33893174,1.0,0.11049377,0.0054580336,0.0029386845,0.0029772464,0.0015724543
0.08140434,0.24052249,0.02248634,0.0026929176,0.02069918,0.3930431,1.0,0.2279817,0.025763337,0.021357499,0.054036293,0.014500298
0.012163766,0.022252021,0.0056409156,0.010135209,0.090197295,0.85242844,1.0,0.34796807,0.109830424,0.037424892,0.06702292,0.014986411
0.0040145293,0.007020086,0.0023402032,0.012731253,0.12903596,1.0,0.95879376,0.124353856,0.032976706,0.008792083,0.006069832,0.0014420873
0.0017099052,0.003654106,0.0024262278,0.013341645,0.10677565,0.6404367,1.0,0.18077333,0.0066683865,0.0016915113,0.0013100137,0.0007519471
0.0063313916,0.007938571,0.009572996,0.015324188,0.043411203,0.3252455,1.0,0.4167098,0.046031065,0.014634741,0.007882172,0.006543276
