0.37236702,0.10159204,0.06092678,0.04901895,0.054689847,0.112798415,0.08645727,0.037532248,0.0722635,0.2652676,0.8494001,1.0
0.2320489,0.023202833,0.007300508,0.008857298,0.009495666,0.044609603,0.051671274,0.01378388,0.021925634,0.085009724,0.622519,1.0
0.7244814,0.13847432,0.011863226,0.006689171,0.0066734157,0.013450558,0.033170093,0.02605607,0.010905645,0.028978113,0.24527082,1.0
1.0,0.40439788,0.023268862,0.002818444,0.004628533,0.0022930617,0.0063120318,0.018416192,0.006537755,0.006995617,0.038404804,0.3275478
1.0,0.5188515,0.023888145,0.0021430636,0.003926873,0.002385547,0.004519658,0.01808739,0.0066428976,0.003011925,0.0145992795,0.17822066
1.0,0.32919586,0.01672077,0.0036169654,0.0051599136,0.0025749675,0.007684443,0.022240529,0.0043257745,0.0026830789,0.03432897,0.39842418
0.6701459,0.09861685,0.0068241125,0.0063403044,0.004676144,0.00429431,0.014584033,0.0155192325,0.0027622725,0.018164076,0.24425884,1.0
0.23784673,0.010383055,0.0029039502,0.004614105,0.0034082711,0.008759337,0.01482302,0.0059260903,0.0027596892,0.054377858,0.62799186,1.0
0.09472486,0.006544155,0.0036759742,0.0051104287,0.009428962,0.029507527,0.025347754,0.011280879,0.009165168,0.16430713,1.0,0.80642766
0.27386594,0.03676305,0.009178451,0.01422976,0.019660823,0.036533713,0.04978761,0.034010697,0.016649453,0.1314866,0.82220024,1.0
1.0,0.32884338,0.029969554,0.02062113,0.017390436,0.011468386,0.025659207,0.035753276,0.015277194,0.020526752,0.18577282,0.7654013
1.0,0.96588415,0.1007884,0.01101049,0.009584008,0.006008502,0.013897391,0.02811374,0.031980228,0.007758081,0.015019081,0.12562907
0.7275589,1.0,0.14246976,0.0058847037,0.002440054,0.0033252554,0.0073952116,0.015816597,0.03068246,0.0036963918,0.0053188736,0.062620826
1.0,0.8955254,0.14468075,0.004707264,0.0029412673,0.0036146329,0.0051531806,0.020517286,0.029247116,0.0053714197,0.03882387,0.2987151
0.8233295,0.5734669,0.14111912,0.02498443,0.044872697,0.047823954,0.015658569,0.03622187,0.029982757,0.017766446,0.103037395,1.0
1.0,0.7742326,0.28009787,0.055820663,0.1200374,0.17913653,0.04210762,0.019222045,0.015122934,0.03358484,0.12396214,0.7785703
0.56254286,1.0,0.6164605,0.15264568,0.30838022,0.32094812,0.13470821,0.04979286,0.024781415,0.05268215,0.25754434,0.78573835
0.1669316,1.0,0.84797597,0.34749046,0.70347947,0.49838695,0.19892134,0.09452827,0.045189098,0.10952133,0.3450172,0.3909898
0.14092492,1.0,0.89820683,0.49662113,0.91148305,0.64082474,0.12047908,0.08149333,0.07333114,0.16802928,0.2872777,0.26366034
0.12967826,0.77722836,0.9947413,0.58191943,1.0,0.6578228,0.121021174,0.042883936,0.05625276,0.16167156,0.18848276,0.23661959
0.17745236,0.7919756,1.0,0.7279832,0.99749714,0.59322804,0.14284036,0.066350624,0.071322374,0.16205019,0.21166502,0.33972844
0.12259991,0.57314634,1.0,0.59077597,0.6447201,0.45869464,0.14952157,0.097755894,0.1054699,0.13913266,0.23674986,0.32443187
0.06292182,0.38595963,0.64764,0.48859462,0.7238759,1.0,0.16912954,0.10441631,0.08177646,0.117179774,0.31113732,0.2430293
0.013384272,0.12586837,0.2097568,0.22086896,0.5949272,1.0,0.1181583,0.044342846,0.034909055,0.13695763,0.25431877,0.08278699
0.016696695,0.114703976,0.13470884,0.34526682,0.85302603,1.0,0.48973304,0.13670042,0.17658526,0.72757393,0.63132125,0.10002001
0.06999924,0.13801526,0.12484004,0.17626368,0.42226192,0.36382106,0.5616917,0.36699852,0.6312903,1.0,0.43316552,0.09337053
0.22650908,0.18239,0.22083125,0.22707637,0.2337837,0.17773184,0.2663778,0.2693218,0.86155343,1.0,0.2999369,0.09632387
0.40309834,0.1634637,0.69763815,1.0,0.18857624,0.14659671,0.12766214,0.16153479,0.59416986,0.5764229,0.1498255,0.17782135
0.10269341,0.03399883,0.49705976,1.0,0.1791548,0.045188177,0.031251192,0.18418235,0.2350637,0.039127596,0.016651178,0.1015244
0.06377894,0.13785689,0.89917624,1.0,0.19664769,0.04126718,0.12688583,0.70970213,0.40067032,0.026009575,0.019403344,0.083981045
0.10449597,0.48479047,0.76293766,0.36658555,0.16936554,0.08142008,0.5349355,1.0,0.24086988,0.05322159,0.07304297,0.038240172
0.8421867,1.0,0.5736647,0.89301234,0.38894528,0.37174165,0.8035666,0.66068256,0.24295823,0.58309907,0.2975567,0.14117216
0.9008839,0.37178156,1.0,0.8304405,0.30882648,0.31067783,0.09456018,0.116620354,0.56724775,0.7610212,0.16352078,0.4654447
0.31037617,0.4250035,1.0,0.33548462,0.32194915,0.10491547,0.04689581,0.37501147,0.6985964,0.24421826,0.32705894,0.86431295
0.116000764,0.36953297,0.45031065,0.5907146,0.3318062,0.03628574,0.13875575,0.84212244,0.3619432,0.18653278,1.0,0.64705163
0.13942502,0.32984492,0.7073632,1.0,0.41280222,0.07276044,0.18249059,0.65136665,0.15630966,0.25941756,0.87558407,0.24456699
0.045092404,0.117704175,0.48374838,1.0,0.62395144,0.10483433,0.06868701,0.24768229,0.06899136,0.02938323,0.06881158,0.052808564
0.020450905,0.08692209,0.43031812,1.0,0.5711005,0.10309095,0.07180969,0.3199232,0.070387594,0.013166242,0.022442125,0.024154877
0.051459447,0.2920447,0.77069396,1.0,0.25553554,0.039898995,0.060301725,0.15383619,0.028568033,0.0122529175,0.02137104,0.031820364
0.06279494,0.33821005,0.84361506,1.0,0.290316,0.065885626,0.020883886,0.012123154,0.0074797343,0.007966282,0.009311708,0.019284416
0.04343456,0.12638693,0.43105972,0.8370318,1.0,0.5478693,0.1944935,0.059509203,0.021703165,0.006715431,0.006272957,0.019165298
0.05262276,0.05965067,0.11035972,0.23701462,0.5671282,1.0,0.91139704,0.5940778,0.33995476,0.21133147,0.14118591,0.07495768
0.6096834,0.2633202,0.107276276,0.06876176,0.090493105,0.24355422,0.4364902,0.5127303,0.5116506,0.7029219,1.0,0.97819793
1.0,0.9912443,0.52035207,0.17912458,0.03852301,0.016515197,0.01822867,0.0283444,0.026200438,0.10522992,0.32183582,0.61096454
0.29202843,0.80063117,1.0,0.9830269,0.5402877,0.1095336,0.010386787,0.008496353,0.0067427517,0.009424003,0.014581931,0.05305339
0.024924988,0.053910874,0.15350136,0.5739391,1.0,0.49761537,0.1346046,0.05724663,0.017698616,0.00783453,0.013516811,0.026284542
0.03419407,0.01956053,0.0212045,0.11709756,0.57656246,1.0,0.85305554,0.8669893,0.7224619,0.36218256,0.10366774,0.04971637
0.07447572,0.014886565,0.018475719,0.015951438,0.017915694,0.041377008,0.09782073,0.32843032,0.6772113,1.0,0.8997706,0.37175843
0.5707201,0.03981826,0.015241481,0.01518516,0.0042994036,0.003341525,0.0053730886,0.013830712,0.037216116,0.17912643,0.5499726,1.0
0.7822855,0.04115268,0.005856692,0.007028079,0.0021112517,0.0013525103,0.0017006004,0.002545945,0.0028980619,0.0065563763,0.116482474,1.0
0.17301224,0.006029289,0.0016825416,0.00148358,0.00071803265,0.0032251591,0.002650958,0.00068893295,0.0012490293,0.057231266,0.67187333,1.0
0.072562784,0.0013882096,0.00034806837,0.00044892236,0.0004587793,0.0049158884,0.0043908213,0.0008233148,0.0009973522,0.04875011,0.85055536,1.0
0.09894962,0.000952624,0.00014845005,0.0003088534,0.00025167517,0.00197916,0.004556517,0.0036399404,0.0008248769,0.014315336,0.43848836,1.0
0.15313888,0.0028022393,0.00043788544,0.00032268808,0.00016097735,0.0004328661,0.0030453443,0.005240116,0.0026283266,0.010814967,0.36593524,1.0
0.24982028,0.021237088,0.0043080756,0.0023423126,0.0015937679,0.00058096234,0.0032296367,0.010294349,0.030077387,0.050891694,0.3593147,1.0
0.25963086,0.082022645,0.03058689,0.08027551,0.031853747,0.0042484873,0.01560995,0.13976446,1.0,0.5691536,0.51636446,0.8295572
0.07007306,0.059739914,0.27007833,0.19942963,0.02118876,0.0056584105,0.06492494,0.60980165,1.0,0.21294641,0.02289334,0.031375047
0.01275902,0.12992693,0.5404478,0.14705688,0.015771942,0.039589558,0.6059993,1.0,0.2543914,0.034432713,0.010507511,0.0074218065
0.0044857855,0.08406547,0.15738073,0.06317236,0.106322326,0.11253196,1.0,0.553594,0.022926513,0.007659169,0.011007105,0.0039154803
0.008766904,0.07346588,0.06287724,0.08083743,0.36994597,0.25407955,1.0,0.38715568,0.014396953,0.005610583,0.014406325,0.0053558443
0.041695956,0.1058976,0.0792133,0.19302921,0.6713606,0.98996776,1.0,0.21980071,0.043250673,0.020852508,0.016025739,0.009250363
0.14301252,0.21692885,0.37226382,0.78049654,1.0,0.83855605,0.29321998,0.061233442,0.051295504,0.05014959,0.066638276,0.08859336
0.79442173,0.6192147,0.5797084,1.0,0.6326514,0.40434825,0.50754666,0.5673866,0.7231728,0.83508813,0.9385332,0.97434723
0.15958895,0.107280195,0.08550766,0.08107771,0.14231026,0.38037002,1.0,0.96989363,0.69122016,0.79676485,0.3987245,0.34911138
0.2919551,0.21451779,0.14324991,0.098605335,0.11772817,0.28284934,0.62821776,0.7519319,0.9292237,1.0,0.7592429,0.5934911
1.0,0.9058749,0.48685616,0.21470556,0.087136984,0.11004848,0.09374049,0.11215547,0.18400414,0.3164124,0.57728577,0.8173608
0.49976403,0.889083,0.88096184,1.0,0.687919,0.3006095,0.048698217,0.060277656,0.058698464,0.038429085,0.07462851,0.17577007
0.023890378,0.071956016,0.12669769,0.5970511,1.0,0.2270498,0.0335671,0.04957852,0.063577674,0.009494317,0.012134007,0.013629208
0.008144782,0.051515345,0.08174514,0.57982254,1.0,0.17183302,0.020199865,0.057523366,0.09046833,0.019279474,0.030348541,0.019286616
0.05937862,0.34498167,0.58844256,1.0,0.95206964,0.2640837,0.06549837,0.20861116,0.35873526,0.14519398,0.2007151,0.07696592
0.48416814,0.96009594,0.9495371,0.52333224,0.3050559,0.19878569,0.2207906,0.7265279,1.0,0.35944837,0.40816283,0.1757605
0.87819874,0.5285038,0.50049627,0.59806985,0.4186466,0.25917548,0.45363498,1.0,0.8490062,0.4274521,0.37856978,0.4963455
0.52417684,0.36595646,0.33353192,0.73139584,0.47216466,0.3901451,0.79249364,1.0,0.85004485,0.48282158,0.53623766,0.871726
0.37474614,0.32393718,0.37054554,0.5091407,0.6282845,0.9811902,0.9295726,0.7383924,1.0,0.4664216,0.686847,0.6019291
0.1344838,0.11918923,0.19923635,0.21081565,0.47144783,1.0,0.57629836,0.5188947,0.61680835,0.47606638,0.6016144,0.17084368
0.055075966,0.075995125,0.09527457,0.16847456,0.48040375,0.4301319,0.30194873,0.45340684,0.46742257,1.0,0.49096808,0.054299794
0.0508829,0.056102842,0.13882731,0.3388158,0.3075763,0.23142247,0.3727798,0.42019126,1.0,0.8528752,0.19250011,0.03497877
0.05350629,0.07874821,0.3809365,0.3910185,0.20318042,0.49278435,0.44630313,1.0,0.9751359,0.23751773,0.1181028,0.11004579
0.043896243,0.19210216,0.30780318,0.12442412,0.22009607,0.33776608,0.7952401,1.0,0.2761397,0.085152134,0.27403942,0.1735523
0.11867219,0.28022468,0.09499463,0.11664978,0.15404512,0.42698538,1.0,0.3471187,0.10693963,0.07643168,0.20753005,0.077249534
0.30103764,0.18377456,0.09635429,0.14212427,0.21889435,1.0,0.6112201,0.11091913,0.054539613,0.056556072,0.06299642,0.12003179
0.44088274,0.18711504,0.32892618,0.26716515,0.73376435,1.0,0.37097874,0.18939005,0.13927373,0.060699806,0.094544835,0.50465685
0.31990522,0.5613619,0.49161017,1.0,0.8572641,0.49443904,0.43766108,0.34001553,0.16677596,0.059065174,0.28984028,0.4836115
0.41105527,0.33584526,0.6709985,1.0,0.4263025,0.40474868,0.3648033,0.28756583,0.04037026,0.08627748,0.1624597,0.10364101
0.53760964,0.2711985,1.0,0.8638853,0.9268127,0.46939656,0.43937206,0.17160703,0.06826008,0.14299075,0.09913759,0.3831536
0.22600405,0.27662653,0.4148126,1.0,0.73656875,0.40947327,0.1505721,0.0567054,0.088211104,0.056104578,0.15880075,0.4579148
0.26189604,0.26819447,0.6247196,1.0,0.77999914,0.40617985,0.1124798,0.121646,0.088969246,0.067965895,0.27414942,0.2569664
0.33113876,0.22074187,0.555432,1.0,0.9093642,0.24042906,0.31673792,0.2415477,0.11717547,0.16469376,0.21303433,0.38224843
0.37484592,0.32855797,0.42801854,1.0,0.65674627,0.6640245,0.76153487,0.63660544,0.5239748,0.2746637,0.27493212,0.55918443
0.23732452,0.30768183,0.34463638,0.49272856,0.62196946,0.6552957,0.55869275,1.0,0.57044756,0.4238102,0.38847238,0.29509297
0.27774662,0.35467374,0.55029947,1.0,0.7997404,0.41620022,0.47206393,0.4753735,0.4401857,0.44664022,0.35805798,0.28680664
0.20438142,0.48178875,0.88513917,0.95597345,1.0,0.59030247,0.40366015,0.52180207,0.37474722,0.227385,0.18326123,0.11905637
0.13956763,0.3528533,0.6667733,0.6119926,1.0,0.92843044,0.595952,0.2873589,0.15517364,0.13308494,0.11328405,0.10816105
0.29836175,0.2599195,0.3832604,0.44614562,0.68937296,1.0,0.95367926,0.2838835,0.16360982,0.11676328,0.14647718,0.28777057
0.48841804,0.42777514,0.64025795,1.0,0.74539405,0.86270636,0.7674752,0.36143512,0.29755688,0.19419077,0.20103848,0.47859433
0.63382035,0.47126365,0.6693788,0.89171606,0.6598131,0.8143551,1.0,0.8072815,0.4671727,0.36004013,0.22993822,0.38296852
0.67585325,0.37380463,0.5595265,0.96011263,0.8766527,0.86438906,0.7790844,1.0,0.7767648,0.42688122,0.36928627,0.45955127
0.8586703,0.57126784,0.7047071,1.0,0.825605,0.5785269,0.5344318,0.70681024,0.6348378,0.763654,0.67282313,0.7079107
0.69494784,0.7021112,0.87225217,0.92452973,1.0,0.6510182,0.8026149,0.69907606,0.53745216,0.65192646,0.84054655,0.7501459
0.39610857,0.31569895,0.38796923,0.6347809,0.7312124,0.5710624,0.6758118,0.63380426,0.39676073,0.35420263,1.0,0.85346216
0.32402307,0.27757594,0.27811724,0.54137236,0.72179896,0.86701274,1.0,0.9621224,0.6478624,0.5551007,0.7051699,0.5751732
0.34191832,0.3602101,0.26534304,0.45185438,0.83009875,1.0,0.76400125,0.902916,0.699891,0.466515,0.36810818,0.30399716
0.1498156,0.17885788,0.23539549,0.42624912,0.5749363,0.5506929,0.45910725,0.67517626,1.0,0.5489022,0.33503196,0.19460608
0.12966262,0.1958704,0.24920805,0.42145735,0.6244569,0.33633164,0.36511815,0.41388807,1.0,0.717785,0.3654451,0.19556487
0.20255713,0.31281874,0.2700322,0.5269345,0.5599856,0.26260972,0.32334456,0.37132612,0.6294462,1.0,0.8359188,0.21501131
0.17679182,0.24178271,0.21688142,0.29482538,0.33551234,0.20805418,0.21649282,0.286058,0.37808278,0.88886285,1.0,0.20133671
0.1636428,0.2385359,0.2504736,0.20264709,0.34858155,0.4080272,0.2734657,0.2768529,0.2399008,0.80390316,1.0,0.2246353
0.33361587,0.49088287,0.59534967,0.568314,0.5655954,0.71496165,0.8724244,0.5734299,0.2659397,0.5576423,1.0,0.63338
0.6409125,0.664888,0.8205465,1.0,0.5830368,0.72533035,0.97014695,0.6135853,0.2535568,0.60301846,0.75347984,0.7163857
0.53764063,0.90618384,0.8103333,0.82398754,0.71791667,1.0,0.86940527,0.38694027,0.32770663,0.50752,0.399061,0.40341184
0.13291962,0.30930042,1.0,0.8056663,0.39663747,0.339037,0.30425283,0.15146491,0.16926348,0.2525735,0.24125393,0.15881373
0.033874094,0.06195313,0.3495237,1.0,0.3935769,0.10401904,0.078452334,0.05816382,0.036082998,0.069072,0.10252593,0.065495186
0.027602384,0.029498745,0.11862195,1.0,0.8119714,0.28419864,0.088473566,0.04022486,0.024865603,0.027293002,0.04022195,0.046489548
0.029841196,0.02189929,0.053606153,0.58349675,1.0,0.71314526,0.20362508,0.036838636,0.01661746,0.0148321865,0.024955597,0.034979142
0.038107622,0.029506749,0.056191403,0.19837053,0.8987768,1.0,0.29774648,0.060020264,0.03327314,0.024624685,0.023612749,0.022886002
0.0560271,0.09847959,0.20486581,0.75718945,1.0,0.65553385,0.22736683,0.055846803,0.05475432,0.042399187,0.039540265,0.04122901
0.46318248,0.21081984,0.40384457,0.9236657,1.0,0.44097742,0.15712453,0.10988683,0.16649233,0.39078015,0.31613958,0.40659344
0.7490039,1.0,0.6941969,0.23281054,0.20114349,0.2272929,0.11809279,0.08996372,0.14499666,0.38491705,0.2693744,0.34110773
0.53647393,1.0,0.4875415,0.19089493,0.08398207,0.04301651,0.033550613,0.07097362,0.060825266,0.055298846,0.045380402,0.102417074
0.55407465,1.0,0.29120633,0.077011384,0.049833078,0.024465472,0.018980743,0.050266113,0.04009885,0.023498302,0.021415154,0.060055487
0.47430465,1.0,0.37801585,0.123159505,0.107308134,0.06141394,0.08051453,0.08728865,0.07724688,0.06025078,0.032299805,0.04886397
0.41959724,1.0,0.97498375,0.55508256,0.4836911,0.45118946,0.90577626,0.4125977,0.24750096,0.26608473,0.15970005,0.13601792
0.33032805,0.52777594,0.5123757,0.7815888,0.49025738,0.54041517,1.0,0.39286903,0.22054417,0.29687983,0.25345954,0.12387883
0.15679573,0.2353448,0.27739963,0.33128652,0.32689875,0.25743526,0.956031,1.0,0.2503297,0.13402885,0.2961099,0.3030032
0.2581046,0.10426805,0.20994908,0.32472962,0.17902939,0.24655509,0.6825803,1.0,0.53959453,0.123902656,0.18235795,0.36672783
0.3463517,0.19568048,0.1952077,0.50325555,0.21570371,0.30811682,0.70483285,0.5152702,1.0,0.2753883,0.12284308,0.20059764
0.18605332,0.17062925,0.12911606,0.21725488,0.101372324,0.21088201,0.76424843,1.0,0.876942,0.22721514,0.07485503,0.104709566
0.07869097,0.075549416,0.05733476,0.0742693,0.05008578,0.11826371,0.635561,1.0,0.22428459,0.07897161,0.070658855,0.08454678
0.14873497,0.11323601,0.0885073,0.107116096,0.06541194,0.1956215,0.6002219,1.0,0.2589583,0.081936866,0.048429906,0.06742269
0.18033613,0.13394478,0.35557985,0.25772858,0.21523002,0.66843086,0.50388455,1.0,0.93718934,0.36766627,0.112186745,0.172162
0.053642523,0.09298261,0.24664272,0.14372636,0.12977916,0.17645934,0.20252235,1.0,0.7681276,0.15852563,0.053130127,0.06513124
0.2965008,0.4751184,0.1961691,0.091872014,0.08737756,0.13972043,0.31609,1.0,0.6043154,0.17584315,0.092310205,0.047903657
1.0,0.95706797,0.06800957,0.051619798,0.07260886,0.41202402,0.19235909,0.17855008,0.17380293,0.4665842,0.1063007,0.05134387
0.74326116,0.35926685,0.032390367,0.04263244,0.34318617,1.0,0.12536949,0.043259613,0.384711,0.8249719,0.07785994,0.12607719
0.35272068,0.14172418,0.24242236,0.3798554,0.89164037,1.0,0.090507016,0.1475346,0.86408645,0.7877688,0.14561234,0.28136382
0.6094829,0.88233435,0.9829485,1.0,0.6815756,0.3355438,0.26044732,0.41565567,0.82125145,0.62841004,0.4566519,0.605623
0.6821191,0.59392375,0.5720839,0.6412487,0.22880642,0.24789783,0.42376912,0.52698374,0.74505776,0.5073329,0.6110647,1.0
0.40846497,0.33477157,0.58402556,0.4014787,0.27159092,0.52237195,0.5276193,0.8397898,1.0,0.68780464,0.6591428,0.6332259
1.0,0.5164934,0.49211693,0.32680008,0.4454859,0.6281333,0.5065657,0.45594695,0.47679302,0.46599457,0.29122353,0.7764383
1.0,0.33530456,0.3038143,0.35471302,0.29422235,0.3671173,0.2231522,0.3732354,0.52721524,0.40607184,0.1643878,0.43131232
1.0,0.43344614,0.18788335,0.3144129,0.22778974,0.39205346,0.14991455,0.3499973,0.5552099,0.50153095,0.10830375,0.2675282
1.0,0.39076635,0.30889416,0.6235147,0.45689064,0.5289283,0.303312,0.6022424,0.78678894,0.8375889,0.16903093,0.35787037
0.7718457,0.37055612,0.25942594,0.5647449,0.6452761,0.6245024,0.45014137,0.8197681,0.95344615,1.0,0.17673738,0.35479987
0.18260486,0.21091382,0.4735472,1.0,0.9191439,0.4407355,0.20917249,0.32550174,0.3591634,0.2844522,0.12059278,0.17590074
0.043599777,0.055482112,0.31992432,1.0,0.65332884,0.10401922,0.051917356,0.02599133,0.041302953,0.053156614,0.07848491,0.06078145
0.07803281,0.03944179,0.13609734,0.61106014,1.0,0.83553743,0.36820942,0.080522545,0.05197627,0.0570032,0.062189955,0.10927597
0.057070386,0.04051941,0.02285512,0.047876485,0.36667004,1.0,0.9767204,0.7250564,0.47881725,0.15582567,0.021557245,0.036637727
0.029832814,0.030699572,0.010542189,0.0072192596,0.03362106,0.15204342,0.3012077,0.5117824,1.0,0.6057398,0.050204627,0.00759542
0.02597512,0.027431697,0.005239972,0.0037437754,0.0062690936,0.00826016,0.015378144,0.0756568,0.78766805,1.0,0.11329231,0.013336603
0.019249585,0.021618953,0.006863322,0.0058781705,0.008331252,0.012186239,0.014064054,0.033837043,0.32401243,1.0,0.22985478,0.026387697
0.06801679,0.054236177,0.021897567,0.017498078,0.032075807,0.02852465,0.021457711,0.054596238,0.2036922,1.0,0.61115366,0.11741724
0.6216836,0.25307718,0.16049576,0.19426346,0.19412014,0.28997117,0.15994042,0.3336373,0.3083578,0.67042035,0.9923465,1.0
0.91420233,0.6187841,0.26852182,0.35351047,0.27995303,0.5699214,0.33137318,0.81137764,1.0,0.55727214,0.18415248,0.28443643
1.0,0.6927924,0.2450277,0.35075232,0.22891149,0.4391844,0.2301953,0.6609003,0.91983396,0.71528393,0.24569027,0.26282758
0.6639347,0.5145343,0.3149613,0.46025494,0.41507724,0.39392427,0.2338408,0.67178535,1.0,0.55128,0.3002029,0.33462676
1.0,0.5226986,0.13038419,0.086276755,0.09616364,0.14568354,0.25076893,0.48415932,0.33652478,0.21628483,0.34109494,0.79162526
0.7565173,0.4706995,0.14369407,0.044904433,0.2333631,0.65753067,0.2593784,0.21484093,0.09870155,0.20325081,0.8223089,1.0
0.07508357,0.09236186,0.08646223,0.030213889,0.31611174,1.0,0.16430455,0.08363689,0.045151565,0.12622581,0.40744856,0.1686663
0.008502745,0.028642412,0.054410096,0.024995442,0.25723055,1.0,0.16070288,0.066957064,0.046655387,0.12075408,0.31541553,0.04079948
0.011783302,0.025410283,0.056372806,0.03102664,0.18179025,1.0,0.26288876,0.10400192,0.107972875,0.13832767,0.53943026,0.1093576
0.02577508,0.042903375,0.08962652,0.06548784,0.08828047,0.63459647,0.28381523,0.2802396,0.37456027,0.26691726,1.0,0.23197623
0.041989144,0.07127248,0.10353344,0.07517596,0.0897649,0.26109087,0.12364442,0.21789981,0.47812515,0.73439974,1.0,0.18547054
0.03755583,0.044492044,0.052754793,0.037628923,0.15139459,0.18712732,0.09902069,0.22015077,0.55717754,1.0,0.68291515,0.13607633
0.06244393,0.025079254,0.020666985,0.029402945,0.059705667,0.11421498,0.09259972,0.056792565,0.0688877,0.46796033,1.0,0.16088697
0.089393966,0.024101108,0.015101884,0.027510941,0.037699427,0.05718466,0.06496295,0.048155185,0.031306002,0.40888426,1.0,0.14641814
0.061647523,0.023427904,0.011329949,0.018607633,0.032440644,0.02666954,0.040177688,0.037359547,0.031155968,0.53000635,1.0,0.117879584
0.04902731,0.014235269,0.008902764,0.010643361,0.01738198,0.0198713,0.024545658,0.019015003,0.017831998,0.3009261,1.0,0.36840716
0.06940097,0.0142962495,0.016789919,0.017601198,0.021048926,0.07443685,0.059389748,0.01962932,0.018937647,0.09093959,1.0,0.798927
0.065982744,0.019380203,0.043558408,0.05555406,0.19839872,0.74500656,0.15169655,0.027782034,0.03200129,0.11822415,1.0,0.59777826
0.03448124,0.023851965,0.056212816,0.08250043,0.30913046,1.0,0.19214688,0.02204306,0.029736822,0.09444072,0.72688663,0.28464863
0.056771677,0.061882824,0.20496789,0.21651842,0.24571481,0.59322584,0.3172885,0.041716684,0.052169453,0.10492645,1.0,0.47713897
0.037507277,0.039711356,0.17368536,0.14868295,0.16813572,0.5322913,0.46721846,0.048031036,0.10797383,0.08053535,1.0,0.705762
0.03168432,0.030395636,0.24953851,0.14340514,0.15592948,0.5228108,0.4961388,0.046142686,0.13693827,0.07233622,1.0,0.787823
0.021482099,0.046526615,0.6191668,0.2685673,0.1976054,0.6410075,0.53286934,0.05087933,0.17524634,0.08171252,1.0,0.7055131
0.02551378,0.06183862,1.0,0.48513156,0.1874026,0.60639346,0.5506643,0.041901685,0.153308,0.07112777,0.8223176,0.6586926
0.04837091,0.07679553,1.0,0.56591016,0.1698852,0.450396,0.44029874,0.032182768,0.10234604,0.05355007,0.6283054,0.58889043
0.16440098,0.20271578,1.0,0.64460737,0.18555824,0.35699165,0.38478184,0.050050847,0.09078566,0.05199136,0.73124653,0.8767604
0.22643816,0.29014483,0.5314352,0.49838492,0.14323853,0.15028438,0.2638695,0.10228483,0.08034889,0.0598252,0.791103,1.0
0.14296979,0.1666846,0.5092839,0.7724762,0.20478597,0.17515022,0.3767953,0.19129291,0.10406534,0.084516264,0.87444216,1.0
0.09344334,0.09939185,0.68565667,0.90317684,0.31316364,0.25475463,0.36602086,0.15911749,0.14700808,0.10757402,1.0,0.94123155
0.056859605,0.0748696,0.51194793,0.6785356,0.23522039,0.23527777,0.193275,0.09996292,0.073349096,0.09963453,1.0,0.5333909
0.026263883,0.058286145,0.42148456,0.29328316,0.12758876,0.24745257,0.11542367,0.052839927,0.06697383,0.10159359,1.0,0.4165972
0.026625508,0.0649962,0.5158037,0.21412356,0.16111566,0.24149024,0.10900866,0.035859764,0.08946405,0.08988851,1.0,0.45038167
0.04073595,0.053198867,0.5988812,0.33713162,0.17358328,0.24537542,0.20605041,0.041960314,0.09651937,0.0743788,1.0,0.80968034
0.044908397,0.0398331,0.5465761,0.36768112,0.10533092,0.22916733,0.22566658,0.039767496,0.07119559,0.06066301,1.0,0.98732585
0.020889578,0.031851895,0.45335692,0.25106445,0.13129939,0.2492703,0.16870396,0.030636596,0.069682404,0.06813767,1.0,0.6736095
0.038606096,0.036097325,0.396473,0.35170212,0.32692677,0.33382484,0.19291684,0.044781096,0.11362469,0.071825914,1.0,0.61152637
0.045618087,0.029926531,0.25776315,0.3049691,0.24426563,0.34515592,0.2437213,0.02819707,0.06810415,0.055933326,1.0,0.71007645
0.036151443,0.022737393,0.27341774,0.22205843,0.09062043,0.27744034,0.29872045,0.016255692,0.030751629,0.04252313,0.97980595,1.0
0.045133576,0.027702048,0.30662033,0.2645899,0.08828688,0.22878896,0.27767834,0.017234245,0.031481892,0.0410752,0.76552284,1.0
0.052270763,0.0388876,0.31589454,0.28151533,0.15250328,0.2798033,0.26756465,0.018264975,0.038532525,0.059289202,0.8998001,1.0
0.054710705,0.025444772,0.23313494,0.26107696,0.16422091,0.3469914,0.2879886,0.018849961,0.031656913,0.052945673,1.0,0.98517233
0.023281489,0.018725937,0.21522366,0.18870595,0.14331882,0.39545384,0.2554246,0.01374455,0.025010025,0.052729283,1.0,0.6510664
0.024594862,0.02194742,0.14416143,0.24296919,0.32293257,0.4166842,0.1716454,0.01800577,0.035519835,0.08587862,1.0,0.42448848
0.034437425,0.020085061,0.082498044,0.24747045,0.3387349,0.41153628,0.15832083,0.01873892,0.0351643,0.08772662,1.0,0.39903486
0.02286245,0.01360168,0.07396224,0.13790005,0.1430034,0.5639313,0.2681183,0.012752269,0.020178614,0.0643209,1.0,0.5252106
0.020511769,0.01583167,0.08304527,0.16147636,0.19323047,0.78880376,0.24384472,0.0104335435,0.032065403,0.106825076,1.0,0.36815694
0.021123618,0.016025098,0.10254147,0.17388393,0.22537632,0.7628742,0.1603567,0.008080451,0.030773247,0.14141,1.0,0.23844554
0.016840318,0.015458687,0.08970917,0.20578441,0.38049483,0.932354,0.14547928,0.011543649,0.02612089,0.18963297,1.0,0.19382851
0.012738737,0.022699328,0.06634741,0.24993841,0.76153105,1.0,0.06624471,0.019092709,0.0392441,0.38031617,0.7354342,0.059032954
0.0066544306,0.03830263,0.082963064,0.1714569,0.9647234,1.0,0.033244316,0.012522442,0.033746555,0.6107399,0.6430511,0.024911607
0.0065770876,0.03679079,0.06828754,0.11041743,0.9753859,1.0,0.036064327,0.0075366953,0.028551742,0.65503037,0.75944453,0.039961554
0.009438569,0.027697241,0.06533582,0.12379834,0.8168407,0.96041083,0.058915302,0.007994517,0.03325602,0.63212126,1.0,0.0785639
0.009201345,0.03177293,0.08499686,0.12690483,0.8745532,1.0,0.057831783,0.008653224,0.030187855,0.553416,0.9221938,0.07672858
0.007876944,0.03127812,0.06354466,0.14344451,1.0,0.5946934,0.015963782,0.009080582,0.04037063,0.58138454,0.38110176,0.021444013
0.008973465,0.038379032,0.059374213,0.13998291,1.0,0.5306047,0.012914535,0.008149506,0.05371105,0.7928011,0.4281698,0.021266926
0.013221603,0.042871438,0.046609093,0.2118004,1.0,0.36990368,0.010350221,0.0088161845,0.08087814,0.768714,0.31705362,0.014188267
0.015245894,0.030615678,0.042281635,0.3484664,1.0,0.14043933,0.0062445505,0.0069402503,0.107383154,0.51594526,0.09786296,0.010881526
0.013656981,0.01976259,0.038192995,0.46174932,1.0,0.07578691,0.0042844503,0.009719304,0.16462438,0.4544172,0.047924165,0.008252998
0.018172173,0.012966079,0.07233892,1.0,0.681924,0.025247399,0.003041362,0.01577568,0.2406175,0.22327664,0.016163187,0.0055280994
0.013742289,0.011520612,0.11470322,1.0,0.3851684,0.008324907,0.0027020827,0.022361772,0.25166366,0.09628827,0.009052367,0.006931044
0.00919288,0.016529404,0.3832892,1.0,0.1647646,0.006439688,0.0032688861,0.05072335,0.1776954,0.05159994,0.013018289,0.006837212
0.0085338745,0.032162882,0.7603023,1.0,0.056562584,0.005282388,0.005424676,0.1308704,0.15406957,0.028285205,0.02002903,0.010153438
0.0065127094,0.08512857,1.0,0.4765369,0.02106399,0.0044143046,0.009786348,0.11687467,0.0796712,0.026521567,0.015696345,0.008431443
0.016207425,0.13317248,1.0,0.42267412,0.02186339,0.0058602644,0.0196976,0.15479882,0.06380071,0.020284194,0.0143583985,0.012651317
0.020443136,0.14963463,1.0,0.37931198,0.020728644,0.0078060064,0.018848386,0.1951667,0.080093965,0.029576804,0.01782645,0.020238908
0.020364966,0.11015849,1.0,0.3665267,0.0191046,0.0096264435,0.019330448,0.22605732,0.09836507,0.0380205,0.018238716,0.025335351
0.043644026,0.18666653,1.0,0.67650115,0.036732163,0.01990473,0.023786385,0.3907738,0.3559964,0.046626825,0.020115796,0.03139255
0.05212459,0.26921946,1.0,0.6419882,0.041433524,0.018728709,0.02244412,0.37632546,0.38191196,0.06265003,0.028522333,0.029748442
0.100685865,0.31081048,1.0,0.32895225,0.026648555,0.016375018,0.0460382,0.30946836,0.14740781,0.07360638,0.034362562,0.03976384
0.5172127,1.0,0.5253882,0.10787942,0.015124301,0.02590105,0.058452584,0.12634178,0.068980485,0.037451733,0.0284335,0.03657266
0.48985615,1.0,0.22460873,0.035755392,0.0197144,0.04070691,0.078544706,0.06028672,0.065733664,0.03851968,0.06042871,0.06269226
0.870043,1.0,0.17557512,0.058864918,0.033476878,0.09592133,0.112700395,0.09440041,0.097042315,0.06866443,0.07625753,0.0893679
1.0,0.4875535,0.03203352,0.02399537,0.017584786,0.082285985,0.054851867,0.028553257,0.028204525,0.021208482,0.017459476,0.06743336
1.0,0.24602512,0.009653516,0.0120326495,0.0379515,0.09442915,0.025928784,0.00906987,0.010602452,0.008638552,0.011053887,0.27376845
0.8665768,0.05549014,0.009497708,0.016350713,0.1417037,0.10867176,0.009844895,0.006685173,0.011437034,0.00634152,0.042169876,1.0
0.43952903,0.010171588,0.0058067087,0.01514691,0.13495508,0.0621074,0.004132017,0.010734847,0.024781715,0.005865786,0.061969932,1.0
0.23007344,0.01230946,0.0077746385,0.02486702,0.11084763,0.029628512,0.01462244,0.07630832,0.07514193,0.016140686,0.17564802,1.0
0.09996387,0.012479186,0.008901215,0.040976625,0.10705776,0.016035168,0.032722626,0.09813435,0.052756432,0.02928696,0.32060114,1.0
0.107457,0.012777047,0.006658479,0.03361899,0.11003163,0.018640414,0.052967053,0.06346852,0.019761007,0.03983876,0.25845087,1.0
0.10422274,0.010920413,0.005173436,0.036833,0.08184099,0.018036403,0.046853747,0.03548021,0.007770495,0.035750818,0.4051925,1.0
0.027257422,0.006363259,0.010273665,0.059904847,0.032789454,0.010228035,0.021485293,0.021666171,0.012753153,0.09313037,1.0,0.5210192
0.0070093255,0.013402618,0.026803657,0.04813339,0.020324232,0.008910758,0.015380779,0.009502102,0.056289006,0.26409778,1.0,0.22348017
0.013814909,0.13275312,0.14213218,0.032430105,0.010614363,0.0064739576,0.007604395,0.032485723,0.61808896,1.0,0.8450055,0.13714248
0.042921737,0.27450433,0.08993871,0.003981059,0.0015451104,0.002600611,0.0014528334,0.1274725,1.0,0.3707594,0.034854114,0.005795349
0.07140547,0.33344692,0.055721775,0.0009622992,0.0010982043,0.00200788,0.0012323143,0.19415523,1.0,0.13013436,0.0030377803,0.0027571467
0.10369458,0.3965157,0.05989947,0.00075054093,0.0006989501,0.0012559135,0.0014734071,0.20750272,1.0,0.12842937,0.0019881509,0.0023438395
0.27195,0.49048212,0.046796575,0.0029046712,0.0032817535,0.0016033589,0.009355302,0.444472,1.0,0.08570335,0.0027025596,0.010404585
0.59198725,0.39922878,0.03013659,0.035129167,0.015020407,0.012673947,0.057148542,1.0,0.7069764,0.037127506,0.01359546,0.04456641
0.6480881,0.21855368,0.015060195,0.032781195,0.0074943798,0.022833573,0.094822556,1.0,0.31125042,0.031993575,0.0115199275,0.07927442
0.6605902,0.16754861,0.0104259765,0.015127494,0.004203367,0.018939367,0.12434836,1.0,0.23121376,0.01977364,0.0063809743,0.10930389
0.600023,0.112906575,0.030041574,0.015234409,0.0050048884,0.021721542,0.29711565,1.0,0.1760493,0.009033813,0.012440584,0.22031057
0.47990942,0.07662402,0.048908435,0.01445988,0.009005211,0.17646372,1.0,0.7311519,0.059667394,0.011338182,0.16656391,0.71882355
0.12795222,0.10167019,0.04181493,0.011142185,0.06706448,0.79424924,1.0,0.16273558,0.024235167,0.08191571,0.78180695,0.7808595
0.07575442,0.085472636,0.027520936,0.089736775,0.3734289,0.9882472,0.26614544,0.06217553,0.27504382,0.76876795,1.0,0.31801552
0.018441748,0.027128559,0.1976452,0.38994715,0.2759361,0.18051168,0.064660326,0.2957956,1.0,0.9273847,0.22197317,0.03486814
0.0295248,0.2642285,0.83261114,0.3509917,0.028572626,0.03576618,0.33677825,1.0,0.6322827,0.12862442,0.025056273,0.02337704
0.33171135,1.0,0.5518349,0.05177823,0.01721697,0.26297158,0.90014833,0.5492618,0.06662938,0.0063548842,0.013913269,0.027751295
0.8288866,1.0,0.14704889,0.009411782,0.10529233,0.72415394,0.7902992,0.1440377,0.015039951,0.0085698785,0.022694582,0.122040465
0.8971489,0.30186486,0.087612405,0.24533357,0.61646974,1.0,0.3944681,0.07180719,0.034476187,0.07314537,0.3756253,0.8634817
0.093708694,0.16326039,0.8083387,1.0,0.29927573,0.080295935,0.055583682,0.1408251,0.2985561,0.7006277,0.8393624,0.5023685
0.094106995,0.37537944,0.7957014,0.47824115,0.11086462,0.03420238,0.1851492,0.61484516,1.0,0.7498385,0.20551728,0.11540689
0.12185227,0.2006498,0.3165164,0.21608654,0.11626467,0.2399055,0.66959506,1.0,0.73247105,0.23906673,0.26590976,0.25094137
0.3085783,0.55092436,1.0,0.5944815,0.46820235,0.44438925,0.41620615,0.37925115,0.40635052,0.49226314,0.83968836,0.43584117
1.0,0.48142457,0.39116403,0.4233048,0.4132813,0.12104294,0.12051266,0.46373168,0.9359072,0.46734807,0.34239373,0.5753145
0.99569315,0.31284794,0.30286705,0.3105607,0.28685835,0.27967292,0.5464953,0.7934744,1.0,0.32864055,0.4667348,0.82953566
0.38827342,0.4437864,0.59569114,0.6185958,1.0,0.8345511,0.97996664,0.65569115,0.79399437,0.34238443,0.62411535,0.6833647
0.20369288,0.14209768,0.34577006,0.5426015,1.0,0.28062388,0.38696036,0.50813425,0.9780461,0.27627987,0.25024393,0.5590128
0.12370672,0.07019892,0.14061879,0.25858122,1.0,0.3909444,0.3719353,0.33154103,0.78109634,0.28404713,0.15453592,0.2754061
0.11605671,0.05598915,0.122369446,0.2184129,1.0,0.6150253,0.5162746,0.3528688,0.79957855,0.3692541,0.24861276,0.35458037
0.13642448,0.11383494,0.23240992,0.43258578,1.0,0.82696724,0.46385747,0.3403416,0.6117783,0.40023035,0.24198073,0.26626804
0.15971881,0.2230309,0.36081415,0.73940605,1.0,0.9025493,0.46055126,0.39781243,0.317381,0.38130406,0.3882768,0.23850238
0.1909018,0.16857696,0.4190714,1.0,0.8285921,0.60425204,0.4548707,0.31439036,0.2679192,0.65245616,0.9240122,0.46598047
0.37980455,0.46236673,0.5879736,0.5875576,0.8753767,1.0,0.64416707,0.41205376,0.34409857,0.7159065,0.7008164,0.5392404
0.21632937,0.37140036,1.0,0.9582189,0.42253152,0.4799391,0.59085137,0.33548614,0.13956766,0.30795157,0.23309073,0.20080316
0.013348014,0.031077925,0.26449057,1.0,0.47822657,0.06694522,0.09731288,0.08091513,0.029517867,0.07553455,0.06841485,0.018641645
0.009957022,0.018166184,0.08861899,0.93339974,1.0,0.29362956,0.04278007,0.04936873,0.040025935,0.021934474,0.035107553,0.021355348
0.0073625,0.00916915,0.03278861,0.37023196,1.0,0.6836034,0.052347265,0.026316803,0.024937067,0.01127557,0.012596804,0.014001362
0.06653094,0.10946001,0.14499691,0.26998356,1.0,0.87828124,0.08383685,0.063320205,0.065483235,0.03224852,0.026805926,0.04017183
1.0,0.8251751,0.51906645,0.58582395,0.91100246,0.51225036,0.15644547,0.2734715,0.25591007,0.16680714,0.3762085,0.8076686
0.738747,0.35074005,0.14361635,0.30354717,0.30879694,0.15581527,0.11003127,0.15512672,0.16589133,0.21912095,0.69507915,1.0
0.55632436,0.47482806,0.24273674,0.2787595,0.33483204,0.33754283,0.29299295,0.42106616,0.36310154,0.41155,1.0,0.7858913
0.62097746,0.5413774,0.37495178,0.23098516,0.30935577,0.34710845,0.29569912,0.31267226,0.47094196,1.0,0.9596803,0.6459935
0.2249606,0.25413007,0.20193554,0.079885826,0.13500813,0.37371767,0.9178285,1.0,0.60740954,0.51995474,0.761937,0.40641803
0.006252648,0.005698092,0.005449898,0.009154308,0.056453582,0.41426507,1.0,0.5313741,0.07283598,0.03344459,0.028138248,0.012739908
0.00225639,0.0015097172,0.0015961052,0.005451353,0.033957656,0.30935585,1.0,0.33839265,0.029804612,0.04007548,0.03459816,0.006999221
0.0014166152,0.0026161356,0.00096458156,0.0012247621,0.013858391,0.23572269,1.0,0.260929,0.015349277,0.028574517,0.019231679,0.0030275087
0.00047137498,0.0019570151,0.00059802673,0.00025370574,0.007909294,0.220994,1.0,0.3301456,0.008428968,0.001723235,0.0010660621,0.0005642366
0.00025480092,0.0009926616,0.0004180999,0.0008857228,0.009186146,0.19101182,1.0,0.39253458,0.0099322405,0.00011270725,0.00010521214,0.00016752175
0.0001890186,0.0005779047,0.0006884357,0.005785519,0.072884016,0.56753254,1.0,0.28968456,0.010061142,0.0005009799,0.00017560428,8.031352e-05
0.00050337036,0.0011502804,0.0026313271,0.01656442,0.21422943,1.0,0.8860146,0.19337302,0.017961908,0.002031389,0.0007941639,0.00036525298
0.0009718963,0.0016406927,0.003798614,0.03650227,0.19612667,0.5577438,1.0,0.26489532,0.021470033,0.0027060732,0.0027343505,0.0016427384
0.0053347982,0.010242039,0.029218271,0.2065524,0.7119712,1.0,0.79962754,0.15540202,0.054873157,0.021882698,0.010621212,0.007581914
0.04211289,0.1334147,0.3071987,0.52568424,0.40035066,0.9739618,1.0,0.19757731,0.10567844,0.045138605,0.05170718,0.05615704
0.040174022,0.07206163,0.036462165,0.07465952,0.15773752,1.0,0.95309997,0.13493918,0.060879335,0.031221444,0.026762908,0.017229792
0.04165463,0.08566554,0.03335953,0.08432675,0.15722507,0.6730296,1.0,0.21082671,0.034172744,0.019599225,0.020011755,0.019844193
0.09984217,0.13100065,0.16326134,0.30161324,0.3858154,0.3805,1.0,0.34111193,0.10381514,0.12633489,0.10737623,0.080742024
0.13746096,0.163665,0.6260103,1.0,0.550573,0.34412134,0.4406682,0.28225234,0.24051757,0.31337276,0.1824572,0.10776377
0.022196863,0.035960846,0.08652344,0.10642413,0.022324273,0.01706932,0.09361404,0.41239843,1.0,0.86424816,0.19589369,0.027997198
0.017321909,0.037420593,0.17111975,0.06877323,0.004697916,0.005931384,0.07972769,0.7050425,1.0,0.5757375,0.17780879,0.05206421
0.11022447,0.09243277,0.37508866,0.15840992,0.01576392,0.025362572,0.19506532,1.0,0.63595176,0.16942471,0.103497565,0.15454932
1.0,0.3010279,0.23144911,0.3165697,0.12179481,0.065036155,0.1898354,0.49205396,0.75632995,0.41831303,0.15902148,0.37094215
1.0,0.5963898,0.14147042,0.098950945,0.0969578,0.096626,0.111200556,0.09596708,0.14286205,0.34771484,0.47732908,0.5531617
0.68590635,0.42824632,0.21009772,0.06684152,0.03648783,0.037407447,0.076294996,0.05754478,0.025859814,0.05286909,0.29999614,1.0
1.0,0.1580862,0.07895947,0.034263406,0.015043946,0.011328764,0.04477463,0.053473644,0.008619473,0.013752859,0.07208284,0.9167705
1.0,0.1086595,0.019815302,0.009893132,0.0067880154,0.005129539,0.026202785,0.0415252,0.0047530616,0.006352772,0.023681132,0.59298503
0.72039217,0.10466888,0.0506161,0.019734396,0.0074663917,0.014080751,0.053436458,0.030334974,0.007835709,0.006953544,0.1222288,1.0
0.20839575,0.08165889,0.13015115,0.044229794,0.0312598,0.062444832,0.07150548,0.019445214,0.017209576,0.042557623,0.43354777,1.0
0.5895425,0.29261065,0.77404475,1.0,0.2749597,0.15082854,0.07812991,0.27623874,0.3614257,0.22587493,0.71718484,0.9978914
0.5464328,0.06453396,0.6142587,1.0,0.08382959,0.013458208,0.021284292,0.34023738,0.32511944,0.023800166,0.04249667,0.62496644
0.63941973,0.22029114,0.6370499,1.0,0.25707865,0.07529249,0.045137618,0.27510753,0.39719772,0.057374176,0.03151139,0.48534504
0.66292995,0.67483115,0.6250504,1.0,0.88712674,0.38804066,0.23274472,0.22344929,0.269597,0.08394705,0.05464818,0.20940138
0.6973743,1.0,0.3407258,0.18399234,0.25353828,0.2836788,0.1646875,0.13726941,0.07322236,0.031704117,0.028425183,0.07240915
0.5546959,1.0,0.65187913,0.20999704,0.0866304,0.20191574,0.24979913,0.18388513,0.06525848,0.063725896,0.08580094,0.12610011
0.30275694,0.7650335,1.0,0.77213997,0.21629767,0.2678667,0.2966542,0.14295566,0.08992445,0.071644165,0.10508174,0.19182393
0.019783935,0.06350018,0.5696962,1.0,0.2357713,0.032392737,0.014473832,0.010774426,0.009192278,0.008183822,0.009542329,0.011404453
0.0127941705,0.03479875,0.36717808,1.0,0.34651923,0.034875993,0.014631724,0.013982269,0.017023701,0.008771282,0.004685099,0.004443639
0.01699533,0.029487545,0.24397817,1.0,0.48062617,0.04932625,0.061635856,0.031108988,0.09393106,0.056866992,0.010044464,0.007746999
0.033100393,0.03511006,0.18583113,1.0,0.7731796,0.12538236,0.28102157,0.11182993,0.24622934,0.23838358,0.040806603,0.025880398
0.046143305,0.031579938,0.18235345,1.0,0.7103838,0.18399914,0.49698284,0.25939316,0.16555935,0.22615404,0.055832036,0.03760803
0.07437738,0.076769434,0.5172422,1.0,0.3186755,0.13070801,0.59213513,0.34847572,0.15212633,0.1576545,0.06552397,0.055569924
0.111288,0.26919928,1.0,0.7597466,0.3659111,0.25846776,0.5253855,0.3337485,0.18526757,0.26836878,0.16112311,0.11059611
0.31393304,0.20315059,0.25030726,0.77131546,1.0,0.5034553,0.2528941,0.42597926,0.30634987,0.2554951,0.30768225,0.2577074
0.3140014,0.14543815,0.110234186,0.44766274,1.0,0.54042625,0.2142834,0.5309432,0.4058829,0.14927307,0.25992072,0.38095748
0.19508079,0.11033769,0.21120955,0.75531137,1.0,0.49029443,0.37983027,0.89476997,0.61389273,0.30493835,0.86152685,0.9138275
0.13375111,0.19745497,0.56480086,0.3818995,0.20179224,0.16090386,0.28366184,0.3677103,0.29216143,0.6481814,1.0,0.48164827
0.17066194,0.51984376,1.0,0.23986784,0.12815405,0.23244606,0.28366277,0.19213751,0.31285065,0.6689374,0.33416536,0.21237576
0.22612092,0.46344867,1.0,0.41421258,0.31979325,0.27735212,0.39607692,0.57542807,0.959085,0.7736293,0.79774266,0.5129795
0.071624264,0.05997594,0.10174773,0.16538037,0.26488537,0.11732394,0.1181962,0.32859293,1.0,0.37269133,0.33184606,0.3140362
0.05200852,0.06447548,0.14946917,0.27127123,0.31881934,0.15311825,0.08336901,0.22859274,1.0,0.25930426,0.06626276,0.13351622
0.102810204,0.1980536,0.52282506,1.0,0.9082384,0.30915162,0.124569155,0.2013037,0.6401144,0.22486587,0.12926511,0.112907186
0.063492626,0.088310234,0.12797035,0.39200884,1.0,0.37794736,0.11800436,0.12658724,0.10200923,0.0977789,0.119367264,0.123378634
0.11238586,0.11610166,0.15555309,0.33808187,1.0,0.5714456,0.24184093,0.46625927,0.32745072,0.17748755,0.21160576,0.23714332
0.2420291,0.18354987,0.25808543,0.31575236,0.45847085,0.34997296,0.30291092,1.0,0.7594489,0.2607129,0.3016431,0.57542515
0.15590194,0.28523502,0.4340288,0.49984184,0.46259564,0.29590183,0.39428505,1.0,0.804857,0.39140737,0.24701077,0.26807168
0.2260709,0.30474144,0.41158396,0.41690135,0.38690186,0.217928,0.35431394,0.93515664,1.0,0.7875544,0.5434209,0.3987674
0.27525678,0.07280619,0.07847537,0.061580542,0.060656544,0.044032022,0.05965782,0.10294979,0.14159477,0.36763096,1.0,0.9215238
0.65349835,0.35909232,0.18568458,0.10743508,0.07171003,0.053357817,0.062215827,0.057916347,0.0889756,0.1968543,0.65958834,1.0
0.43177825,0.5064302,0.5224352,0.62576056,0.99642915,1.0,0.60825574,0.25733408,0.12476306,0.26053306,0.34933215,0.35751396
0.0172255,0.054156605,0.05339489,0.06430014,0.20549121,0.8905254,1.0,0.16774918,0.016906446,0.028110413,0.0407097,0.024609922
0.0124207735,0.052499924,0.01831475,0.004709001,0.02397998,0.39002302,1.0,0.23309661,0.0075415494,0.0043661976,0.009098297,0.008015347
0.017735055,0.08146169,0.030821238,0.003801055,0.0103736445,0.1392637,1.0,0.4790174,0.018703964,0.0044959327,0.005593334,0.0055947066
0.04650636,0.10978578,0.029781988,0.012613414,0.0833054,0.37948844,1.0,0.44773465,0.025376294,0.0074071093,0.0057037678,0.016056508
0.04992714,0.06986609,0.040176537,0.16625306,0.64108974,1.0,0.4810568,0.10591002,0.02082881,0.013668639,0.016673705,0.03493537
0.010523006,0.04350101,0.4673012,1.0,0.8218788,0.4399631,0.14425296,0.03969001,0.049542435,0.08733561,0.07544671,0.030181741
0.0048569026,0.07282761,0.8017139,1.0,0.29554248,0.056974106,0.03660839,0.022194855,0.05834776,0.13927473,0.059137117,0.0126624275
0.011674616,0.031473465,0.25428966,0.8686027,1.0,0.7523977,0.58549345,0.32797965,0.11217997,0.03678424,0.022338608,0.016598962
0.01149991,0.030475235,0.029643852,0.05671114,0.1411047,0.21203826,0.6147255,1.0,0.2580519,0.017408902,0.004373429,0.0052686464
0.023236923,0.047955886,0.023178903,0.0076133516,0.010518298,0.022732865,0.18795231,1.0,0.56801176,0.032888494,0.0065509765,0.010771687
0.055903472,0.09202466,0.03404354,0.015610328,0.016146649,0.044658393,0.18233614,1.0,0.75682217,0.05678658,0.02146126,0.032669656
0.18510148,0.39564154,0.18342297,0.10683046,0.28284672,0.7398936,1.0,0.9733012,0.3271069,0.06628166,0.071230575,0.08143768
0.06479905,0.11334498,0.08707591,0.20710994,1.0,0.9101017,0.23327535,0.064563006,0.024569118,0.019373102,0.041561894,0.07523073
0.024377264,0.019960403,0.083953254,0.7071519,1.0,0.4291825,0.07460256,0.04133153,0.02160979,0.051547755,0.13647164,0.06781177
0.03411983,0.020860303,0.16225465,1.0,0.76958567,0.7078769,0.5545584,0.2102839,0.085984446,0.14580734,0.29542303,0.097194195
0.032081638,0.028398925,0.029327977,0.056954775,0.1727259,0.40417412,1.0,0.35380256,0.0430062,0.025418403,0.035867617,0.03499941
0.030196482,0.031110337,0.02993509,0.023355216,0.048341148,0.23436482,1.0,0.5058805,0.072126515,0.012613742,0.02524228,0.04610817
0.022917178,0.009066462,0.0060952124,0.0076280786,0.01760545,0.09787678,0.5336768,1.0,0.26267254,0.015817154,0.01295997,0.029038465
0.012449356,0.0046570045,0.0048237923,0.0098534655,0.022625245,0.12325157,0.61479515,1.0,0.29395628,0.019762794,0.0069350763,0.009566834
0.022174465,0.02827558,0.063907124,0.32735056,0.7185119,0.96956193,1.0,0.48958912,0.1360649,0.06863231,0.043583374,0.023044942
0.08753359,0.08895035,0.27123532,0.9718333,1.0,0.6682706,0.46794158,0.30200142,0.2675942,0.19133656,0.1604601,0.10737865
0.14039096,0.16082703,0.09455823,0.27214998,1.0,0.8841546,0.38078648,0.094110385,0.11904119,0.11679944,0.30380088,0.23664738
0.1826749,0.16238809,0.16249105,0.6665145,1.0,0.5420194,0.18317482,0.066879146,0.049693145,0.05997639,0.19671893,0.19541323
0.08473696,0.06337093,0.17385842,1.0,0.82001036,0.22434917,0.07039811,0.051685352,0.025868718,0.055342484,0.12581886,0.10979623
0.047571715,0.063421525,0.16454327,1.0,0.57873386,0.07972148,0.040999558,0.0408899,0.028413787,0.0579532,0.16837347,0.1251793
0.13296597,0.12389567,0.19273838,0.8836914,1.0,0.098888114,0.047151737,0.06287572,0.049205575,0.112194225,0.22655712,0.29500347
0.26615417,0.19840729,0.10890926,0.46601442,1.0,0.11329078,0.035782497,0.073539,0.05545413,0.14573278,0.19306497,0.4644958
0.5175688,0.2383465,0.060563356,0.2539341,0.72283137,0.11075025,0.026551068,0.07228687,0.10644015,0.20529708,0.49428,1.0
0.8879494,0.24929194,0.06405802,0.43940547,0.53290933,0.055998214,0.02727068,0.07454537,0.27561933,0.3081462,0.5642112,1.0
0.48981977,0.09904724,0.25671384,1.0,0.48327017,0.048720513,0.05529763,0.1428475,0.43532062,0.32567748,0.1341864,0.31757638
0.1107083,0.123055674,0.8921876,1.0,0.16820194,0.034517094,0.03400116,0.14837326,0.27814823,0.11155861,0.04423686,0.070938945
0.042079687,0.118523106,0.8702251,1.0,0.24392276,0.032321863,0.010782053,0.06729166,0.07897335,0.018251523,0.013546257,0.033173047
0.017218675,0.017240187,0.12578584,0.8420208,1.0,0.17478204,0.007805855,0.011259357,0.021416763,0.013311704,0.0045862533,0.010933578
0.0021243007,0.005465988,0.00880469,0.24959134,1.0,0.35944533,0.025139334,0.005071069,0.004654283,0.012256683,0.00557483,0.0014355809
0.0020697273,0.0063128,0.0030998876,0.062688656,0.80082566,1.0,0.14875281,0.010726663,0.005479062,0.009236843,0.011142906,0.0024194692
0.0062573855,0.008561544,0.011740678,0.13550606,0.814421,1.0,0.20650966,0.02498691,0.022394855,0.04017876,0.016506543,0.007021342
0.039151553,0.021277674,0.1576912,0.8932469,1.0,0.40657347,0.14652416,0.08715009,0.19853254,0.322484,0.09068846,0.04171578
0.052312404,0.064357005,0.66594684,1.0,0.20476045,0.024234485,0.039927263,0.17095369,0.64862627,0.57962257,0.20633045,0.1461113
0.05437463,0.08627288,0.7981892,1.0,0.25628206,0.053131722,0.06762033,0.25942206,0.50452125,0.31331286,0.18273975,0.21537493
0.023424843,0.036141235,0.33673954,1.0,0.48411956,0.10101357,0.047102474,0.08200045,0.1037113,0.06264042,0.063021496,0.058040768
0.017515847,0.09323411,0.58253044,1.0,0.39679393,0.19727159,0.045094725,0.01147591,0.015500454,0.050715804,0.11449549,0.028228616
0.032652054,0.06959703,0.15787877,0.29415742,0.643489,1.0,0.36091253,0.031721897,0.01835686,0.037396863,0.068760134,0.033266027
0.012487454,0.012614074,0.017689588,0.043468002,0.30087808,1.0,0.6590685,0.09744204,0.0341929,0.021913337,0.020895828,0.02860389
0.054755256,0.044248328,0.110051565,0.40546608,0.7372314,0.64285195,1.0,0.8958187,0.58453804,0.13566042,0.1160951,0.16720529
0.1402144,0.102314,0.18504886,0.65274745,0.80682355,0.48632598,0.4191305,1.0,0.97288746,0.19104454,0.15504439,0.2391504
0.12201712,0.13046962,0.16415156,0.33693558,0.66767484,0.7600954,0.6479534,0.89578027,1.0,0.7855334,0.27341864,0.081778914
0.06012443,0.04278557,0.039484747,0.104535356,0.6665566,1.0,0.71160454,0.52908164,0.45097807,0.33499548,0.27262446,0.16630855
0.057474967,0.039082736,0.035537902,0.11136649,1.0,0.7937317,0.17015839,0.09044427,0.06824816,0.043508045,0.09839556,0.20293558
0.15426058,0.0267449,0.020578472,0.09633408,1.0,0.5893727,0.050967935,0.017863784,0.036345456,0.016720774,0.04416449,0.33066398
0.27314967,0.0837408,0.023102699,0.061678115,0.45718035,1.0,0.5429789,0.055804905,0.037879664,0.031656478,0.019799288,0.18897247
0.06440906,0.07473282,0.042429112,0.025039962,0.07171218,0.54533833,1.0,0.35834005,0.018270833,0.010621418,0.008468339,0.013095061
0.008454979,0.07573296,0.10789658,0.013242358,0.07802226,0.2101045,1.0,0.99564075,0.054040898,0.0055658123,0.0076782475,0.005898212
0.024005383,0.113147125,0.10744512,0.03415856,0.1702433,0.26310876,0.8062072,1.0,0.090247445,0.009663136,0.011358032,0.009890068
0.059608404,0.12864949,0.09067343,0.21027972,1.0,0.9997318,0.74700135,0.61465895,0.14455135,0.030550798,0.024462517,0.028314551
0.13900033,0.08156039,0.094656974,0.16267233,0.6873241,1.0,0.8733842,0.61876947,0.11753075,0.045492373,0.048149742,0.09555824
0.19608161,0.10308933,0.09116972,0.15392528,0.4972495,0.629746,1.0,0.68987495,0.11431757,0.047546145,0.049286183,0.16681269
0.25505316,0.24811362,0.47921258,0.7037636,0.6202689,0.58323896,1.0,0.39807108,0.21784079,0.18954168,0.23526266,0.38333312
0.24015257,0.29894996,0.44385698,0.7898085,1.0,0.48221096,0.29760325,0.21805874,0.27630115,0.71275485,0.5159039,0.4536983
0.2066141,0.24527879,0.26236877,0.37510175,0.6388971,0.46067622,0.26625913,0.16841662,0.31814522,1.0,0.51623213,0.27875206
0.15557161,0.14916725,0.19226974,0.20997913,0.4176621,0.3644382,0.32169414,0.24544169,0.41353753,1.0,0.5974946,0.18454514
0.57481563,0.19811687,0.5358957,0.50882447,0.61546826,0.5790511,0.8998227,0.78633034,0.97791857,1.0,0.57853365,0.5954186
0.85702085,0.20828834,0.41144863,0.6616939,1.0,0.9960932,0.915168,0.68788576,0.45937064,0.3903193,0.41623196,0.81879866
0.43038008,0.20649423,0.33397308,0.46957386,0.83190614,1.0,0.5935755,0.42602718,0.17822962,0.14072108,0.16761324,0.41467652
0.36137825,0.43019745,0.77894163,0.77072567,1.0,0.9775298,0.79759556,0.4815939,0.28930724,0.24184132,0.29473853,0.45495135
0.7305867,0.38299656,0.38903984,0.39489487,0.54371953,0.50179845,0.61541396,0.43488562,0.46735063,0.5486045,0.8123983,1.0
0.9281839,0.4656935,0.26747444,0.0961588,0.20127928,0.23579799,0.2372213,0.33959052,0.4401244,0.28026545,0.42258006,1.0
0.7068472,0.65323704,0.8904742,0.40605575,0.9138442,1.0,0.8789892,0.7789165,0.8036596,0.6714507,0.4785145,0.6632189
1.0,0.29033703,0.3428114,0.46675655,0.7147876,0.88384867,0.9776201,0.557856,0.43969893,0.45796874,0.4031673,0.7186927
0.79429096,0.29166844,0.25757858,0.3590048,0.6050116,0.78279036,1.0,0.54826665,0.30168372,0.3205322,0.2490126,0.5252923
0.5350973,0.20469575,0.20429936,0.36758125,0.55813825,1.0,0.7478659,0.3964267,0.19189297,0.20700048,0.15654142,0.49791998
0.17009096,0.1313475,0.16405353,0.30297387,0.40316013,1.0,0.9560041,0.29556358,0.14366695,0.17848398,0.13231128,0.17539293
0.13172688,0.10669854,0.12526807,0.20486742,0.6303263,1.0,0.9579982,0.3111455,0.16126387,0.18381439,0.18516028,0.1810402
0.40081528,0.21047422,0.1870272,0.2294776,1.0,0.9882131,0.7215197,0.33691782,0.18477893,0.23592065,0.14970183,0.19916396
0.32577983,0.20573218,0.2675961,0.32095462,1.0,0.86190075,0.47839767,0.24583104,0.22091319,0.259509,0.14651625,0.38261876
0.43261516,0.22813475,0.23586847,0.32313648,0.77751774,1.0,0.39236003,0.21130587,0.27936855,0.28879192,0.1345402,0.39860624
0.40624258,0.20311207,0.20278955,0.3435218,0.92348796,1.0,0.46902135,0.4788597,0.3213827,0.26631418,0.14964491,0.24891315
0.111913785,0.09720888,0.13599503,0.22927259,0.6106634,1.0,0.5761241,0.35092977,0.21679245,0.12796295,0.15975341,0.1547225
0.12933429,0.09735958,0.16213049,0.22189857,0.6996429,1.0,0.5096235,0.255545,0.19678767,0.10581606,0.12145682,0.13992684
0.219672,0.16933016,0.26457235,0.44148284,0.82869613,1.0,0.61027014,0.45506197,0.32778093,0.21154092,0.20587467,0.20100953
0.29321977,0.22506748,0.35546646,0.5441935,0.8567367,1.0,0.92933667,0.58658004,0.28778842,0.29015544,0.18292685,0.20276217
0.16501828,0.12557192,0.14500369,0.23097739,0.5866376,1.0,0.72958964,0.29337418,0.11765686,0.14561205,0.09089892,0.072494105
0.25833127,0.23367737,0.41515282,0.6949527,0.96318495,1.0,0.85726,0.62818927,0.35096672,0.37857956,0.21645083,0.27245122
0.5781566,0.4241451,0.55070186,0.83823323,1.0,0.9890471,0.7701903,0.6610662,0.5516156,0.56983054,0.28787056,0.631766
0.1635296,0.22858994,0.36967564,0.38864222,0.7110552,1.0,0.6786025,0.35327512,0.24794978,0.3151789,0.19659576,0.18430017
0.18476892,0.78096896,1.0,0.37941548,0.72900385,0.83633083,0.7304448,0.8327099,0.33327478,0.23802899,0.21699825,0.18483299
0.26133427,0.91012645,0.94504416,0.80021256,1.0,0.8821587,0.99204946,0.9827988,0.4376579,0.3625285,0.32776737,0.19794652
0.1715117,0.29037413,0.3301239,1.0,0.7309135,0.55702597,0.43227133,0.3996354,0.21049242,0.36087903,0.30490854,0.15337297
0.08365335,0.14009328,0.39382687,1.0,0.6407246,0.7914262,0.29794237,0.15110576,0.31755632,0.41281518,0.3335601,0.11169583
0.02419068,0.072372526,0.46519306,0.7378338,0.44970676,1.0,0.46997732,0.06723521,0.16300373,0.3681993,0.36429146,0.112357415
0.0334958,0.07212963,0.2599499,0.41163382,0.47825977,1.0,0.47585374,0.10232857,0.11682608,0.19809704,0.18544722,0.08928543
0.074644655,0.30491066,0.7339767,0.56384254,0.43749785,1.0,0.6538238,0.21601832,0.19029112,0.20242836,0.14510979,0.08677283
0.020242456,0.07105327,0.3977316,1.0,0.722134,0.23448555,0.16652851,0.14000435,0.0959558,0.12969495,0.12288847,0.043052144
0.010482375,0.012400375,0.050436113,0.3854254,1.0,0.83886766,0.15412809,0.04601362,0.037709355,0.03613515,0.035388507,0.019378806
0.003312977,0.0062514525,0.021607133,0.059376873,0.6315831,1.0,0.16844662,0.020621205,0.011434467,0.007949693,0.005680031,0.0034464938
0.011689156,0.033936113,0.066264644,0.057571802,0.59745544,1.0,0.21610937,0.026901474,0.0125378985,0.016833076,0.008283094,0.009203672
0.12323946,0.1844078,0.22469647,0.37843522,1.0,0.7010537,0.2855793,0.16527769,0.08715181,0.20297979,0.17830843,0.13631795
0.35097644,0.27972537,0.367444,0.64836514,0.5653133,0.79979086,0.5329089,0.272278,0.33516482,1.0,0.6963696,0.3903057
0.4273265,0.5268937,0.77133936,1.0,0.59189826,0.9188614,0.9164401,0.6976387,0.63943267,0.95233715,0.77247804,0.52466816
0.15379535,0.33042952,0.76451874,1.0,0.9138546,0.45824215,0.15210992,0.21035491,0.27997443,0.10928937,0.14563143,0.19207929
0.2204047,0.38626522,0.7299268,1.0,0.80208147,0.6669709,0.28332365,0.615413,0.53311235,0.3739801,0.3510705,0.20711762
0.12688412,0.2789042,0.35014975,0.31131524,0.38111058,1.0,0.48423663,0.37100843,0.3375624,0.3467827,0.21461543,0.09550966
0.048836388,0.08051981,0.06217292,0.062153827,0.17399608,1.0,0.78742796,0.17770313,0.072575174,0.07038977,0.04298006,0.022609564
0.050185196,0.07644409,0.044373002,0.10177966,0.13865127,1.0,0.9957741,0.1457689,0.04990842,0.03785935,0.026958,0.011757601
0.03381178,0.087287545,0.030739933,0.11340127,0.12583433,0.43122748,1.0,0.17308524,0.042970322,0.036365885,0.031380482,0.0076747104
0.014492311,0.06314243,0.03380578,0.0672541,0.16667402,0.16809635,1.0,0.47872078,0.05252388,0.022984864,0.030939164,0.012594877
0.03125946,0.057077464,0.09716615,0.07980973,0.23762566,0.15834597,0.6637904,1.0,0.31841397,0.046383854,0.052980244,0.046255555
0.06872331,0.09048631,0.14309162,0.08155685,0.10884632,0.11787167,0.37042034,1.0,0.6274991,0.15328747,0.14160568,0.10630102
0.10005742,0.13415712,0.098184295,0.059608866,0.06523885,0.1798078,0.9545538,1.0,0.6351874,0.34697962,0.30580682,0.123586126
0.25678217,0.15031716,0.09418873,0.11208881,0.1403852,0.4616415,1.0,0.53123444,0.2061331,0.17513011,0.21315163,0.1460766
0.12374239,0.07948674,0.077876404,0.06322647,0.26744467,1.0,0.73173255,0.15843771,0.063921794,0.0525474,0.044899877,0.088211216
0.037348833,0.021594089,0.019581806,0.029451469,0.3750246,1.0,0.3419724,0.05371382,0.042870704,0.021825748,0.014015944,0.022815047
0.03774287,0.027147653,0.014454634,0.035925172,0.25752568,1.0,0.53268474,0.09828808,0.07912859,0.025281835,0.010129221,0.01460869
0.02591236,0.04052636,0.053514898,0.052725565,0.10948551,0.5216684,1.0,0.5714342,0.12439594,0.04241989,0.026398832,0.04835915
0.05581232,0.03154624,0.14626873,0.06047335,0.0674936,0.14099336,0.42571986,1.0,0.22166005,0.0799989,0.06565294,0.17021519
0.05559684,0.023864426,0.10883643,0.050212502,0.043583643,0.19075085,0.6555551,1.0,0.18920934,0.04686978,0.072600365,0.17852575
0.0073868413,0.011548431,0.018390322,0.010499547,0.051900066,0.46758196,1.0,0.41290766,0.04577454,0.038875453,0.053296514,0.034484953
0.010308122,0.015803108,0.026034225,0.063450344,0.2580804,1.0,0.9579091,0.2315153,0.067264535,0.16470894,0.07857991,0.008977811
0.218069,0.26447436,0.39138547,0.57717174,0.82261825,1.0,0.60226977,0.29996666,0.18857424,0.3637809,0.17308317,0.17332013
0.6236673,0.45644847,0.33152825,0.27903304,0.19492953,0.542998,1.0,0.67148054,0.58168155,0.7922248,0.92347115,0.7488099
0.34538883,0.43722385,0.32255802,0.41884887,0.61436045,0.8931631,0.90212166,0.79387105,1.0,0.9766672,0.6224759,0.3194532
0.17394571,0.28297386,0.44268447,0.35215825,0.42475718,0.43551102,0.36531523,0.53725827,1.0,0.545865,0.2873701,0.22648828
0.1734714,0.1750607,0.19762023,0.25417328,0.29463848,0.30319643,0.18028182,0.42274067,1.0,0.9266826,0.31583837,0.13158561
0.17392075,0.15550722,0.21425658,0.26311734,0.3649888,0.41639826,0.28649095,0.48733667,0.69450665,1.0,0.54154336,0.3043319
0.27788576,0.46026528,0.6650164,0.5459328,0.7723278,1.0,0.39387867,0.49315363,0.4742399,0.54582953,0.40308142,0.49597865
0.30163637,0.9162942,0.7867887,0.549157,1.0,0.969442,0.461451,0.72355974,0.6921545,0.97066796,0.43167087,0.25662205
0.20877607,0.36636904,0.5092865,0.90889674,0.56852204,0.356139,0.69286305,0.51845586,0.54309046,1.0,0.43458915,0.3218263
0.29348233,0.28082564,0.5324078,1.0,0.6112581,0.21453544,0.45176697,0.29554278,0.25038445,0.80810964,0.7225377,0.3871911
0.54318035,0.36614662,0.69190234,0.7314559,0.704966,1.0,0.31555563,0.1446651,0.25996336,0.57187754,0.700936,0.60461354
0.13418709,0.059439987,0.059214525,0.12053118,0.5006411,1.0,0.26342544,0.0700768,0.054917876,0.08527558,0.04823511,0.086631455
0.02042659,0.015090053,0.035232935,0.11855778,0.81573236,1.0,0.25872344,0.08266095,0.016483981,0.01354409,0.008601682,0.01099188
0.02164255,0.05430274,0.13228293,0.3955689,1.0,0.8625429,0.15995787,0.019842632,0.007567845,0.0059282347,0.0067744055,0.011481303
0.29619935,0.44318667,0.5826245,0.9030493,1.0,0.77085483,0.1873084,0.05791038,0.065391295,0.10975459,0.20587103,0.2717594
0.37476227,0.27911183,0.13913916,0.12744908,0.18675795,0.40575415,0.30873397,0.29979306,0.35183674,0.6275284,1.0,0.8635849
0.39326176,0.5062322,0.4497601,0.58077645,0.5427803,0.9759199,1.0,0.6997059,0.64200807,0.9013966,0.8353942,0.6425228
0.30645505,0.7209982,0.73759407,0.5617875,0.5448799,0.45920655,0.45236206,0.5879767,0.45043322,0.8084715,1.0,0.4276528
0.12742238,0.3649726,0.34505898,0.31077635,0.34980407,0.24046779,0.3500885,1.0,0.54707116,0.3441507,0.3037276,0.17115298
0.30242574,0.7430595,1.0,0.8413996,0.2557066,0.1328615,0.14845322,0.31961975,0.18652439,0.10090442,0.09748341,0.14914946
0.6163091,0.8668617,1.0,0.98342484,0.4476925,0.3830328,0.15955605,0.06576504,0.08303624,0.09893663,0.08772752,0.1980695
0.8351569,1.0,0.50043243,0.46383765,0.4361476,0.51173365,0.4072402,0.107438765,0.057329267,0.14509185,0.18235642,0.17370665
0.3613396,0.6927712,0.55864596,0.34306607,0.37352312,0.21360458,0.8734741,1.0,0.10158304,0.111442,0.40011084,0.27305678
0.041243333,0.10285947,0.0970168,0.05706725,0.06497918,0.04461898,0.6543218,1.0,0.09582457,0.049130466,0.19874515,0.11867454
0.11080826,0.14607272,0.0620829,0.06442784,0.07118544,0.11687372,0.7602071,1.0,0.24628122,0.26585144,0.3647521,0.12886336
0.5182883,0.24100801,0.10535983,0.14081374,0.24439664,0.4047541,0.39207354,0.44696856,0.7570302,1.0,0.691998,0.6558755
0.4452247,0.11796225,0.09237553,0.10319292,0.23343432,0.3250953,0.18494874,0.29884353,0.93688625,1.0,0.44457877,0.70733166
0.23005362,0.0853681,0.039514642,0.056251816,0.14965574,0.5224527,0.21832348,0.13388073,0.60900325,1.0,0.19686502,0.11943317
0.13409369,0.18898618,0.09824367,0.1601908,0.3505927,1.0,0.5232885,0.17690986,0.2667548,0.5420079,0.15134142,0.035397395
0.14677274,0.34952885,0.27244222,0.30542487,0.49697867,1.0,0.8047552,0.6652815,0.28074026,0.16616462,0.108802386,0.072435774
0.011986586,0.021885328,0.02150044,0.008688279,0.011171832,0.065345384,0.71225387,1.0,0.15942782,0.015042321,0.010978096,0.010917715
0.0069811507,0.0058091213,0.0040866933,0.0022264274,0.004729636,0.1443444,1.0,0.6436433,0.037343983,0.0077045853,0.0046039824,0.0029462252
0.012109746,0.0073504522,0.0023660755,0.0041269166,0.05896822,0.48477805,1.0,0.32576644,0.039971594,0.031811614,0.010265377,0.010460467
0.06905244,0.03272531,0.0058694035,0.03337982,0.46335506,1.0,0.42579833,0.10780218,0.14499073,0.16501552,0.084800474,0.11354061
0.39026573,0.1167786,0.022890275,0.08314635,1.0,0.8147527,0.12194878,0.08303863,0.14862114,0.22532487,0.15938848,0.47273156
1.0,0.65648234,0.101437114,0.060254008,0.39039946,0.7025431,0.1357671,0.022614114,0.024162997,0.039876483,0.0437274,0.28198496
0.8079269,1.0,0.31786752,0.33451086,0.2966558,0.6859168,0.36000374,0.06829834,0.044887047,0.033690315,0.0898339,0.17770909
0.1571753,0.23703662,0.18075421,0.34437793,0.4086921,0.4965826,0.9066168,1.0,0.9118547,0.30560616,0.14194942,0.12962288
0.062402405,0.041051105,0.037611645,0.020109432,0.028849987,0.054864638,0.58068776,1.0,0.56498736,0.20347102,0.09997429,0.11817185
0.18102229,0.07633265,0.05524593,0.032466613,0.04377371,0.12832949,1.0,0.62065774,0.10542328,0.07400621,0.16450725,0.40184322
0.28643817,0.0984129,0.087051965,0.08126248,0.13032286,0.54424465,0.9517525,0.25363034,0.08992983,0.11417979,0.37529483,1.0
0.35394147,0.32483798,0.2723465,0.20184416,0.58499944,0.9091351,0.37423444,0.16561536,0.22811365,0.23365112,0.5528482,1.0
0.32312956,0.5184343,0.46667832,0.2630939,1.0,0.7721443,0.2076155,0.3110202,0.41902864,0.28096122,0.25068223,0.423285
0.1391848,0.11785552,0.14944783,0.0870424,0.338158,1.0,0.5999787,0.2153941,0.18605573,0.18422689,0.1202745,0.18283847
0.058985483,0.041688908,0.05507628,0.039413348,0.09245186,0.7288885,1.0,0.4951662,0.11198428,0.13920012,0.17895608,0.12185627
0.022559663,0.022755014,0.06402974,0.0227394,0.04413457,0.19151276,0.67008877,1.0,0.16291527,0.057326388,0.12095712,0.12515403
0.010751004,0.01931058,0.03577861,0.085982166,0.33737403,0.72591966,1.0,0.5808276,0.13188455,0.16915743,0.116234854,0.048914943
0.03377335,0.11459659,0.22654296,0.4556715,0.89646024,1.0,0.435858,0.14018127,0.27440542,0.2606714,0.07348085,0.017109964
0.48505378,1.0,0.96085024,0.76877123,0.70276314,0.45129943,0.14753886,0.18812248,0.45801014,0.21220371,0.13618194,0.21879119
0.87193924,0.81920373,0.29336515,0.07051688,0.06257291,0.12283955,0.15746212,0.20639323,0.39896312,0.412271,0.8740203,1.0
0.20956504,0.15591182,0.14660677,0.17598517,0.27695987,0.34975886,0.3786729,0.44512272,0.6356136,1.0,0.96903604,0.47063354
0.51689416,0.7140967,0.5530393,0.5443916,0.64842093,0.9525096,0.65710425,0.85517937,0.93969905,1.0,0.5033486,0.36631545
0.20850947,0.28249085,0.24976689,0.28855324,0.327647,0.6714066,0.47104633,0.6972135,0.7893253,1.0,0.3186998,0.21212754
0.31423742,0.27891427,0.36727664,0.505535,0.51178575,0.46031052,0.304314,0.6861608,0.74906385,1.0,0.35043514,0.32048005
0.3447531,0.38081092,0.7381234,1.0,0.4425165,0.26473293,0.35336822,0.35863614,0.23690438,0.24202988,0.14209759,0.35093868
0.12615637,0.37621972,1.0,0.96722555,0.36867553,0.21032546,0.34604058,0.5291907,0.40366745,0.18231046,0.11977791,0.1430763
0.09243278,0.23965062,0.29791924,0.31523752,0.22981896,0.09723666,0.09560073,0.4833337,1.0,0.42562506,0.18555169,0.08449298
0.21413814,0.89728063,0.7736911,0.11022538,0.30288452,0.19518657,0.16362107,0.39123046,1.0,0.7615491,0.5394147,0.27630603
0.056565143,0.38422358,0.69747627,0.12050484,0.29987487,0.31592807,0.57796144,1.0,0.40088797,0.28292662,0.20988728,0.21339652
0.025084296,0.06966005,0.22493878,0.0807517,0.11186398,0.17851685,0.43527585,1.0,0.2581721,0.069765046,0.03925854,0.04605975
0.033486106,0.053289022,0.11404586,0.07298099,0.0978871,0.07462137,0.20022051,1.0,0.33311963,0.02626737,0.032122392,0.027328033
0.03643828,0.07595706,0.122183025,0.10785747,0.21358792,0.14108041,0.47553766,1.0,0.173785,0.029929915,0.032527946,0.025845002
0.055405136,0.38007742,0.16864076,0.23156956,0.35046807,0.20562099,1.0,0.805157,0.05664769,0.049769435,0.019627595,0.014319458
0.058018293,0.58027583,0.23258379,0.15035038,0.14103402,0.09527843,1.0,0.44665235,0.031038126,0.044313986,0.010223767,0.011434875
0.039896592,0.6776918,0.5227348,0.0773321,0.06469008,0.05952575,1.0,0.62791187,0.03612368,0.080006175,0.023552187,0.02286689
0.014970535,0.32503822,0.51020074,0.045757968,0.01938836,0.02410251,0.775172,1.0,0.04686785,0.034190886,0.012084245,0.0116125215
0.002940123,0.09492136,0.32133174,0.033987217,0.0045478414,0.012476163,0.48711893,1.0,0.07270613,0.004416199,0.002101612,0.0032463786
0.007655443,0.10153119,0.381266,0.04744371,0.0060978415,0.015306105,0.29636708,1.0,0.15741721,0.011842822,0.0034049493,0.0051803566
0.031769495,0.19151582,0.3742524,0.09132422,0.02523069,0.036767542,0.23401183,1.0,0.8673362,0.19493605,0.022127103,0.014608029
0.02513017,0.069222055,0.08610168,0.076796874,0.036425,0.040253397,0.22397178,0.5373523,1.0,0.4869071,0.045678835,0.017030317
0.075777724,0.47897473,0.40925378,0.1407485,0.086365834,0.11306972,0.5510987,1.0,0.29600653,0.15637197,0.0516308,0.058560487
0.1002902,0.5970946,0.49306563,0.22378553,0.15631542,0.19421163,0.43536246,1.0,0.4093991,0.23193303,0.09386717,0.12800175
0.059981164,0.27459103,0.27131557,0.16416423,0.12600356,0.107766844,0.3639537,1.0,0.3608605,0.18236348,0.045825537,0.054887034
0.02243873,0.110977225,0.121327184,0.053639233,0.06965987,0.05721184,0.36486056,1.0,0.22850688,0.0715892,0.020808637,0.025520878
0.017258817,0.081385165,0.096070826,0.04988864,0.06879208,0.055026103,0.6092625,1.0,0.1931348,0.042240053,0.018733455,0.0195544
0.04753413,0.37793067,0.5335775,0.17025436,0.12289381,0.09764944,0.9048156,1.0,0.2675827,0.097612806,0.042989653,0.038372714
0.07566416,0.35639784,0.53003937,0.18702313,0.17615676,0.17519791,0.8065715,1.0,0.24860005,0.11156597,0.044418167,0.080063105
0.0947923,0.2894924,0.31237966,0.14188085,0.15731242,0.18843266,0.75905085,1.0,0.31542704,0.1335535,0.06486845,0.113235265
0.2608335,0.5628609,1.0,0.8449045,0.31750903,0.2293499,0.4394675,0.91239953,0.76459223,0.532328,0.5225829,0.3606788
0.14557159,0.55271393,1.0,0.72606015,0.22602963,0.1950381,0.3378734,0.55114734,0.580302,0.39325374,0.6586661,0.31745082
0.19310623,0.64315975,1.0,0.705516,0.2535918,0.32030717,0.5152944,0.6199648,0.65111345,0.48370063,0.7522888,0.33083698
0.5542252,0.7642421,0.8628065,0.7216302,0.34420604,0.6852264,0.94307464,0.896056,1.0,0.7960329,0.6950347,0.45063606
0.92296004,0.94648623,0.6059195,0.5467957,0.3760901,0.6850913,0.5718115,0.8738171,1.0,0.83934104,0.8518698,0.7714792
0.7265772,0.6776104,0.64865077,0.5958258,0.39593497,0.57410175,0.67713815,0.9359594,0.6847221,0.91302675,1.0,0.807163
0.23263438,0.6382011,1.0,0.64389235,0.46418646,0.5361933,0.7383662,0.8693588,0.6334258,0.8890571,0.89450985,0.35633746
0.24524367,0.51395434,0.62306017,0.4767751,0.30865407,0.36206242,0.71551013,0.805093,0.6869696,1.0,0.73686427,0.27246445
0.24451524,0.3694457,0.37338287,0.2970845,0.29389504,0.48008174,0.6160366,1.0,0.73558086,0.6624095,0.43863097,0.2722265
0.12517671,0.19544104,0.26505822,0.20852913,0.21572492,0.26064044,0.550432,1.0,0.5068688,0.24063241,0.14754482,0.12662332
0.15766656,0.24009757,0.39774933,0.32003325,0.24253447,0.31005508,0.6309291,1.0,0.51373506,0.32282382,0.26742244,0.20391753
0.16719377,0.21544032,0.3737399,0.36129647,0.32442364,0.39016598,0.43693367,1.0,0.60339546,0.47069484,0.39096075,0.2161485
0.20095883,0.1873627,0.19962166,0.2781442,0.33820313,0.37737694,0.5898767,1.0,0.79154694,0.5998664,0.5585283,0.3239043
0.2735237,0.20428121,0.18914056,0.26658514,0.44555324,0.5022645,0.78600127,0.7434045,0.8735025,1.0,0.73212856,0.38543308
0.24386206,0.093626454,0.044297665,0.0727561,0.09152762,0.08639758,0.11542266,0.16788575,0.27774754,0.61738443,1.0,0.64961493
0.41794363,0.19503297,0.14210615,0.14875452,0.15131257,0.07353409,0.03851769,0.04729485,0.085072,0.35486716,1.0,0.8952579
0.29874328,0.20111513,0.19643985,0.2799968,0.625268,1.0,0.63223344,0.14149372,0.038193163,0.18708803,0.52612287,0.4740525
0.022299694,0.036009427,0.029856998,0.017639153,0.10266423,0.49768713,1.0,0.5373906,0.064904846,0.021849282,0.038842108,0.01897515
0.006510488,0.038846757,0.09071748,0.01275253,0.010630781,0.064812034,0.6123484,1.0,0.12887459,0.013979897,0.016376548,0.0049301027
0.008068251,0.05448691,0.23382388,0.05209911,0.011066545,0.017927513,0.411324,1.0,0.12875843,0.012809307,0.012256173,0.006582851
0.0057981065,0.0422125,0.23595673,0.086434744,0.03477887,0.05110881,0.4892892,1.0,0.14532088,0.010346011,0.00995215,0.0049692537
0.0050230226,0.02596086,0.07758732,0.060734905,0.063332744,0.2451352,1.0,0.75150937,0.08668522,0.0143385185,0.010688101,0.0058042286
0.011698999,0.017694812,0.018840503,0.024647143,0.038108762,0.3598108,1.0,0.29949442,0.08055509,0.056554686,0.039730757,0.011451902
0.047554214,0.034617916,0.019730229,0.02145252,0.028627576,0.27929953,1.0,0.3460037,0.119204916,0.23233733,0.23873024,0.04355038
0.18742985,0.11951008,0.038754877,0.025696171,0.03762695,0.5218533,1.0,0.28379714,0.08655038,0.262246,0.2917034,0.088053614
0.55767673,0.5395682,0.2315749,0.061231606,0.111917235,1.0,0.85437113,0.20842902,0.11969908,0.29676023,0.3669637,0.1653662
0.3789708,0.40916622,0.2527936,0.090824515,0.1320825,1.0,0.88097507,0.25415862,0.27839375,0.4018591,0.33716795,0.2484
0.31239343,0.2403165,0.072842464,0.049752507,0.06995052,0.8341412,1.0,0.20143758,0.37337255,0.528342,0.3584791,0.39644676
0.26082864,0.22782306,0.12389967,0.1254515,0.112953365,0.68296295,1.0,0.46010625,0.31752422,0.40706697,0.543908,0.5625697
0.15547852,0.09402074,0.20811403,0.22257282,0.1383396,0.34041375,0.7776643,0.9092119,0.31511557,0.12819585,0.53205204,1.0
0.118566245,0.071733445,0.16201289,0.16635884,0.15463983,0.42117542,1.0,0.81161034,0.3835655,0.102540046,0.33658877,0.77465886
0.04447263,0.045802716,0.059945483,0.06888198,0.08012801,0.2800112,1.0,0.72230536,0.16594768,0.05292838,0.06421977,0.08445516
0.043802075,0.04371389,0.0547843,0.08624847,0.31807148,1.0,0.7708911,0.32220083,0.11411786,0.06820151,0.0835535,0.074853525
0.045824625,0.051997244,0.07378157,0.16883977,0.66841024,1.0,0.35304812,0.16609761,0.10263941,0.07244267,0.08325111,0.07251259
0.26356784,0.4995105,0.4666364,0.5812869,0.49626112,0.7574938,1.0,0.5145381,0.29741734,0.30360538,0.43163824,0.4344928
0.34102535,0.5268162,0.6213529,0.78814673,0.6484313,0.7168821,0.6128208,0.8411082,0.53928035,0.5880403,1.0,0.5044071
0.26753145,0.35664797,0.3787787,0.52211225,0.5248197,0.5877434,0.49099246,0.75164884,0.83310246,0.85102785,1.0,0.4260751
0.4580818,0.6084492,0.43588376,0.31738156,0.4943837,0.8191521,0.49281448,0.47704542,0.704333,0.73169035,1.0,0.4654558
0.4598823,0.9695853,1.0,0.30335736,0.26725584,0.6048958,0.64271253,0.41325215,0.3327422,0.48180303,0.46352246,0.24689758
0.13860905,0.3274994,0.6895409,0.5225278,0.2755769,0.4537364,1.0,0.72356135,0.16927071,0.606518,0.6157748,0.09592594
0.21624695,0.30041188,0.2787796,0.39078408,0.43805093,0.7106282,0.9672577,1.0,0.54433155,0.7515873,0.60064787,0.19130859
0.068286784,0.1481668,0.17275572,0.042010948,0.057943445,0.1499319,0.39837942,1.0,0.2827554,0.114938855,0.07535017,0.071489155
0.021844195,0.030408641,0.13111083,0.039008263,0.029354507,0.077478684,0.21088746,1.0,0.20928647,0.039571974,0.049071293,0.034622528
0.02517242,0.033104837,0.1814115,0.109583154,0.10901442,0.15462619,0.29291475,1.0,0.21310116,0.06520625,0.08301599,0.019762969
0.043009177,0.09607863,0.3167305,0.21838944,0.18471725,0.16606258,0.49554443,1.0,0.30144456,0.0629199,0.07016766,0.041270565
0.020128714,0.04852632,0.13161558,0.03295198,0.02168296,0.027854238,0.3345595,1.0,0.21503115,0.02069196,0.021725383,0.021516448
0.026609793,0.07542184,0.06478656,0.01903338,0.026829991,0.13052689,0.9955298,1.0,0.15071478,0.054757044,0.045299977,0.034799602
0.026965065,0.054056283,0.024613317,0.013265065,0.021844093,0.16855353,1.0,0.40505975,0.038747575,0.07439159,0.10307689,0.046192113
0.017775403,0.024937352,0.0145550035,0.009142653,0.020821787,0.10881207,1.0,0.72081643,0.058339596,0.072186776,0.13994582,0.043755732
0.014719679,0.15492064,0.13282917,0.012775569,0.0140325455,0.08047814,0.6102266,1.0,0.34169498,0.07310666,0.021214921,0.009569694
0.10012598,1.0,0.83111113,0.06395643,0.017183661,0.16453256,0.91561824,0.74021834,0.2066183,0.03897567,0.011211371,0.005810595
0.35189274,0.9936543,0.71727604,0.2078404,0.09014255,0.81398857,1.0,0.20784496,0.055911716,0.031609837,0.02295304,0.022956794
0.8309552,0.95859736,0.2918885,0.2146452,0.10119395,1.0,0.75753665,0.15368836,0.070442736,0.039185353,0.023674501,0.03791237
0.7402174,0.9121953,0.20642501,0.054073602,0.024966996,0.22487845,0.7564056,1.0,0.21769057,0.022035355,0.021886872,0.058234528
0.084731966,0.10066647,0.075585365,0.021706214,0.035152808,0.18358998,0.71785986,1.0,0.26632577,0.019635908,0.016468054,0.03314421
0.024041403,0.030411132,0.027153322,0.023158148,0.08480806,0.439718,1.0,0.6738629,0.20916064,0.025904018,0.014075172,0.010510811
0.025588183,0.03765742,0.05131524,0.044235293,0.04380901,0.08238363,0.31835198,1.0,0.7397081,0.13214564,0.026342202,0.012785937
0.20700541,0.21788295,0.15357812,0.09672641,0.06477001,0.09906549,0.19174719,0.5642376,1.0,0.5824988,0.13117997,0.03331027
0.7250498,0.64612746,0.32324234,0.18803768,0.10569418,0.32305813,0.6966691,1.0,0.38623893,0.343627,0.22975515,0.09650856
0.73378927,0.6224887,0.37549874,0.24328582,0.09565182,0.5401046,1.0,0.940773,0.2828393,0.13412897,0.15018314,0.08505281
0.78330255,0.62554777,0.5267967,0.2510082,0.1081384,0.48878548,1.0,0.7162606,0.22407238,0.15192549,0.1524893,0.12821224
0.4534729,0.44496655,0.46970996,0.2154384,0.27134845,1.0,0.8992697,0.5429026,0.41753602,0.4173989,0.38255426,0.2504872
0.069880284,0.0609446,0.030936265,0.018661898,0.022574732,0.062315725,0.06898316,0.15320113,0.4986999,1.0,0.8481842,0.16353308
0.26233503,0.30492687,0.060991578,0.009141936,0.01155483,0.008749529,0.09877522,0.8503931,1.0,0.4458412,0.25631636,0.07829182
0.25125748,0.25811544,0.08856757,0.035944108,0.025648927,0.008920294,0.18879506,1.0,0.5152063,0.16760984,0.14045674,0.075587794
0.1331083,0.114549026,0.18004549,0.10530643,0.0748643,0.01663376,0.29500246,1.0,0.16967595,0.15993673,0.33711192,0.10555244
0.06985511,0.115123406,0.33032036,0.060214337,0.05890172,0.022745997,0.4001034,1.0,0.101206906,0.072675236,0.3763486,0.49076456
0.16072798,0.11912032,0.4489248,0.080061056,0.042414222,0.045486365,0.28509048,1.0,0.14679804,0.024515511,0.27714002,0.7998629
0.2816752,0.13921748,0.6227694,0.14895159,0.08021446,0.10057715,0.16791302,1.0,0.20706573,0.0357295,0.12352537,0.42388564
0.31341204,0.21960069,0.7034663,0.2747731,0.12733197,0.121080294,0.14198059,1.0,0.3246529,0.06594686,0.17983998,0.28372642
0.5319071,0.1992063,0.33775917,0.28126714,0.09875976,0.102739,0.1317554,1.0,0.77679896,0.13632694,0.4361008,0.37670073
0.6755799,0.19147183,0.09122088,0.082301,0.040557455,0.13675408,0.4095468,1.0,0.65811455,0.23541705,0.5907876,0.55118644
0.16600871,0.099668466,0.09083492,0.050672088,0.03937358,0.14408962,0.4898351,1.0,0.28812766,0.13277303,0.15525514,0.16584907
0.026182415,0.031122543,0.025318421,0.015363032,0.01390026,0.041663095,0.4430465,1.0,0.28406665,0.040329587,0.019114377,0.03184483
0.18798758,0.04921832,0.036384717,0.068831466,0.017886372,0.14813425,0.99097097,1.0,0.24959667,0.0487598,0.054416142,0.25019196
0.2600056,0.12533697,0.21403103,0.66052043,0.14276181,0.24992444,1.0,0.33239868,0.05980825,0.04196393,0.09461752,0.42384097
0.19221467,0.76047504,0.5359853,0.8019474,0.20701316,0.28947985,1.0,0.16442002,0.022191782,0.04251132,0.10937571,0.3282709
0.10336397,1.0,0.6577351,0.099505864,0.03169937,0.1211617,0.80814046,0.23291111,0.015450942,0.022351045,0.037902605,0.06639235
0.045923956,0.5677145,0.42855784,0.07245132,0.036938444,0.13170618,1.0,0.32251146,0.020841682,0.02569765,0.028436806,0.02199935
0.04311562,0.19546409,0.27700207,0.22387753,0.084419705,0.22672582,1.0,0.428649,0.022209888,0.034996532,0.045697257,0.05076998
0.04319869,0.10153072,0.25005227,0.34684783,0.10021649,0.36507222,1.0,0.31304145,0.020397378,0.02193445,0.07553192,0.1347676
0.021713523,0.032645244,0.04757655,0.07210463,0.24895142,1.0,0.5995242,0.12811002,0.01127279,0.015321538,0.07515646,0.06847925
0.0048911613,0.0047238753,0.0046471143,0.006290055,0.2513588,1.0,0.33802107,0.022757968,0.005241729,0.0063113156,0.014672741,0.0070338445
0.0046307067,0.004353284,0.0036772443,0.008986726,0.3494312,1.0,0.19761083,0.0077932384,0.007192927,0.0073953015,0.011637157,0.004824644
0.0044805272,0.008515117,0.006824992,0.019582948,0.33179435,1.0,0.30497205,0.023591688,0.008945231,0.008545381,0.013363611,0.0044321883
0.017962774,0.044602614,0.041030057,0.057082076,0.14820136,0.78354895,1.0,0.21314272,0.037858404,0.025229746,0.043692075,0.026734954
0.13567269,0.24725302,0.21877371,0.08749335,0.08504995,0.19496156,1.0,0.86668164,0.1428296,0.06832731,0.0735128,0.08431423
0.1939354,0.21866442,0.19994262,0.16956441,0.119886905,0.08652084,0.7327392,1.0,0.15946756,0.08743126,0.103291065,0.08905829
0.08688765,0.13549574,0.09227971,0.10578017,0.060143374,0.15682593,1.0,0.5606492,0.09085603,0.10534482,0.10960532,0.051151767
0.16884603,0.26570648,0.061451312,0.03781864,0.03341436,0.34159148,1.0,0.28912643,0.07241747,0.175708,0.10356674,0.02705573
0.45122945,0.32679236,0.052906528,0.055337254,0.1914637,0.88533217,0.6674482,0.20915848,0.28427997,1.0,0.22238658,0.059633125
0.16752028,0.07098113,0.0380526,0.099689685,0.5992787,0.90771127,0.15814473,0.17289194,0.33687428,1.0,0.14900762,0.045751993
0.011849701,0.010189761,0.010199719,0.052232023,0.47155148,1.0,0.38365057,0.053761464,0.04408752,0.1017663,0.022451608,0.013307694
0.015821807,0.0063717104,0.007289542,0.018371364,0.13398474,0.74577487,1.0,0.26281327,0.028137784,0.018666625,0.011735758,0.01411701
0.03530865,0.009288289,0.0036766108,0.004424994,0.020024454,0.14371198,0.9922518,1.0,0.13724053,0.030482644,0.013203628,0.01953222
0.022410218,0.009831077,0.003482572,0.0024040763,0.0032512783,0.029164677,0.46628377,1.0,0.2261992,0.026292592,0.0078077447,0.009687088
0.029396014,0.0356483,0.0147069935,0.018213626,0.052526828,0.2045973,1.0,0.79848975,0.11135081,0.014043796,0.012353647,0.018984653
0.09323686,0.14851473,0.1812245,0.7417412,1.0,0.9548223,0.9114445,0.1764974,0.05470697,0.037427757,0.058561355,0.08219362
0.2280875,0.30469498,0.52731234,0.6929057,1.0,0.47285467,0.16823915,0.08699769,0.08314209,0.06748126,0.21388,0.4093521
0.12910265,0.121807806,0.19539414,0.44414413,1.0,0.38138723,0.102743246,0.043136362,0.049935646,0.038128525,0.25433087,0.5094296
0.11890509,0.0474563,0.033854928,0.21412036,0.46448734,0.17880028,0.075383075,0.040840592,0.048485804,0.030243438,0.37678313,1.0
0.1142391,0.021289712,0.013605351,0.058001984,0.12231632,0.050258297,0.043088533,0.04103324,0.048208207,0.016092645,0.28568006,1.0
0.07985463,0.030323043,0.020703698,0.061968282,0.09340365,0.04916029,0.058376454,0.2256292,0.109956324,0.07327944,0.8579405,1.0
0.015074074,0.02306185,0.018397357,0.054978248,0.044577874,0.059776418,0.10152815,0.63279295,0.16687173,0.16257201,1.0,0.3379994
0.012845398,0.031983864,0.059905503,0.097181894,0.045709677,0.09542672,0.27741274,1.0,0.18955466,0.08108622,0.25043443,0.059001938
0.055680133,0.36510804,0.73506075,0.31850907,0.1376771,0.19493674,0.84051937,1.0,0.20416325,0.12234536,0.12341601,0.04323537
0.062136877,0.7490095,1.0,0.20160945,0.06374841,0.032695267,0.059922416,0.06133012,0.15522054,0.12059906,0.07170182,0.024493812
0.11654767,1.0,0.80514586,0.07849284,0.028284023,0.009801347,0.008564142,0.03547375,0.14532211,0.14803241,0.08241774,0.018906713
0.24006653,1.0,0.5814384,0.08031429,0.01923692,0.011802096,0.0071376604,0.020097297,0.05553573,0.06958248,0.04893662,0.0231564
0.3454906,1.0,0.36664653,0.099610776,0.028637832,0.018632373,0.012656436,0.013053782,0.017889122,0.018780762,0.025261464,0.042987514
0.094759114,0.47382048,0.8888423,0.93526417,1.0,0.97259456,0.6041979,0.14526871,0.0586219,0.07700366,0.094359115,0.08274391
0.057548963,0.050065406,0.051855966,0.28196567,1.0,0.767159,0.4789493,0.14089975,0.05501781,0.054293387,0.09167728,0.07682776
0.07738112,0.07357195,0.117394224,0.542165,1.0,0.46960914,0.47751546,0.39302444,0.13234952,0.066665046,0.12150437,0.13572085
0.058116265,0.08816887,0.4431156,1.0,0.4322318,0.1868487,0.33077356,0.394743,0.082503036,0.047978483,0.06479107,0.057088345
0.03575414,0.3939721,1.0,0.45190734,0.10646192,0.06522748,0.12086269,0.08917378,0.0645713,0.12741624,0.028885407,0.008770868
0.0757733,0.97259283,1.0,0.119920865,0.04836506,0.016964607,0.0206789,0.029133415,0.25024906,0.35810402,0.024007222,0.007050129
0.117297396,1.0,0.65498555,0.049432054,0.020149894,0.010094872,0.0105953645,0.025546962,0.23539321,0.21700954,0.0146605335,0.012318558
0.3987674,1.0,0.44313678,0.033611044,0.008910804,0.008646368,0.01924013,0.043598562,0.14299555,0.099239185,0.0443998,0.12082287
1.0,0.877186,0.23551166,0.030823277,0.018511908,0.035521157,0.08509803,0.11463181,0.15193538,0.24072291,0.546839,0.8310068
0.2642257,0.3883737,0.20165753,0.08435838,0.08222505,0.098984726,0.14929618,0.20738165,0.288464,0.6000179,1.0,0.6167556
0.58229274,1.0,0.6656956,0.2906957,0.24190408,0.2246322,0.20459862,0.23336142,0.24362244,0.22007698,0.2684263,0.33796272
0.8103994,1.0,0.78483856,0.36088833,0.29674944,0.24801283,0.1994148,0.21632375,0.17416592,0.19834934,0.3405134,0.7643816
0.82442933,1.0,0.7327209,0.57441086,0.51336247,0.2968484,0.25017282,0.26205,0.21301739,0.26693702,0.6295811,0.957537
0.6574319,0.81390905,0.7741624,0.80710006,0.6468158,0.28502482,0.1973573,0.28316846,0.20842126,0.2896768,1.0,0.8005124
1.0,0.44161847,0.12280835,0.078163885,0.047672044,0.025187792,0.028996775,0.042682733,0.035322912,0.06994468,0.22071974,0.64143574
1.0,0.4107041,0.13404681,0.06758113,0.028574115,0.009205973,0.01497546,0.02533678,0.022087412,0.051883217,0.17151363,0.6888515
0.9426424,0.591197,1.0,0.6635983,0.13033357,0.03884454,0.09449199,0.12568139,0.098883495,0.12852642,0.24423972,0.80915254
0.4087827,0.75875556,1.0,0.52308375,0.09786567,0.07940543,0.19973716,0.23930436,0.17676075,0.13105007,0.26576558,0.3781499
0.41271222,0.41303033,0.28166083,0.080754966,0.04768713,0.09078558,0.109167404,0.13390224,0.25583458,0.6108106,1.0,0.81859595
0.16944481,0.1776086,0.22476824,0.11872676,0.15625106,0.14414378,0.16949196,0.32841855,0.5288021,1.0,0.831896,0.4474182
0.2926873,0.38033873,0.40826946,0.43383402,0.4221546,0.18759619,0.20607877,0.55115175,0.32083333,0.3916625,0.81835794,1.0
0.26441088,0.19053656,0.20930205,0.25717017,0.33628923,0.08661261,0.10560953,0.3232933,0.13009554,0.11715813,0.53241986,1.0
0.7237419,0.9628467,0.9522311,0.515852,0.60715425,0.27532887,0.2777006,0.5352669,0.1792685,0.12872307,0.3965734,1.0
0.46087465,0.7375648,0.9651477,0.6966218,0.9039234,1.0,0.6940171,0.3956879,0.18340363,0.15964061,0.44568974,0.90355855
0.03156985,0.0568651,0.07475663,0.106557205,0.18767634,1.0,0.90239537,0.23429085,0.074425235,0.06440665,0.06476399,0.045294635
0.0689274,0.21889217,0.32528946,0.30586115,0.2903264,1.0,0.9031292,0.363686,0.12113603,0.12338839,0.093575776,0.05543726
0.28696007,0.654331,1.0,0.57227194,0.27334577,0.4431893,0.48240775,0.40412965,0.2632827,0.26760116,0.2488227,0.19048375
0.6582937,1.0,0.82237685,0.43848893,0.2803656,0.4989119,0.7529477,0.6336217,0.47228336,0.34377214,0.46207044,0.50669515
0.52127117,0.5953601,0.48607156,0.5565067,0.4721559,0.45465997,1.0,0.51133513,0.23975396,0.2653751,0.43940645,0.47097033
0.47883445,0.7041015,0.6223376,0.62412083,0.80155015,0.90973836,1.0,0.39782187,0.2376652,0.13594466,0.17527263,0.24690334
0.398653,0.93482447,0.9614139,0.45481813,0.46643043,0.7152579,0.9464405,1.0,0.6978728,0.3670211,0.29272828,0.22728477
0.7328024,1.0,0.6780187,0.30681074,0.14059153,0.11531749,0.11984329,0.23667166,0.2879987,0.2980009,0.32685602,0.45196334
0.14913474,0.31962317,0.5922665,1.0,0.45678937,0.06416237,0.017651677,0.018979535,0.031371944,0.032130912,0.062396828,0.093589574
0.014031585,0.0127728935,0.13959327,1.0,0.7534361,0.060854975,0.0053187152,0.011080712,0.01553978,0.011237011,0.037544753,0.058853433
0.0038175795,0.0032217642,0.122534364,1.0,0.6727068,0.047724742,0.0027112055,0.009037505,0.008553735,0.012146251,0.093323514,0.072366334
0.00330179,0.027692849,0.37386128,1.0,0.28163868,0.011642691,0.0027715908,0.0067515136,0.005600313,0.0163261,0.07731559,0.036344215
0.0071281684,0.062056426,0.46218765,1.0,0.19352986,0.02505609,0.00937761,0.0120313335,0.008705978,0.01063019,0.020254938,0.0076100146
0.010128966,0.025260206,0.31674457,1.0,0.26129234,0.041525535,0.022722641,0.028111648,0.02131443,0.019029798,0.018748244,0.009806885
0.018906709,0.040928755,0.2478564,1.0,0.5740531,0.093834564,0.047010127,0.05316012,0.039284013,0.03217697,0.038027097,0.028207276
0.07941777,0.12801203,0.28061706,1.0,0.953823,0.22830375,0.18208055,0.20355922,0.12872449,0.14724089,0.17662062,0.103211984
0.13007116,0.124416016,0.47783852,1.0,0.4144952,0.2148909,0.30715418,0.31968006,0.17524604,0.23646823,0.3278402,0.2557981
0.14739744,0.17896096,0.665409,1.0,0.8083188,0.6466,0.4284872,0.50480837,0.37738797,0.18980356,0.17765863,0.20409292
0.036050864,0.041385304,0.25080833,1.0,0.39554778,0.14884493,0.20413712,0.21825401,0.0980767,0.026909629,0.015603592,0.03457043
0.03121534,0.043766133,0.24878137,1.0,0.16284585,0.036196906,0.3583694,0.17322075,0.02460542,0.03261232,0.016309604,0.051407404
0.13334979,0.18720144,0.39224488,1.0,0.43311363,0.099401124,0.75692207,0.5875026,0.06725393,0.059708595,0.03242216,0.10302214
0.17440517,0.30251956,0.6064544,1.0,0.68137497,0.34161448,0.40689322,0.68520236,0.17192917,0.118985586,0.105832785,0.14247085
0.042078406,0.041684166,0.100332335,0.42895263,1.0,0.50579643,0.086275436,0.07048456,0.050312497,0.07646464,0.0839098,0.07119794
0.023394553,0.025844157,0.023902394,0.23132044,1.0,0.42861688,0.08596102,0.049887996,0.026967028,0.072372034,0.05855852,0.013042891
0.035578318,0.02331018,0.17723158,1.0,0.9039316,0.22805884,0.189596,0.1305451,0.040820565,0.072924696,0.062456597,0.026857492
0.026047502,0.1315927,0.59674674,1.0,0.2800041,0.09897503,0.11432008,0.07361137,0.034728788,0.03758042,0.045619536,0.03183214
0.23044902,0.68102235,1.0,0.7274598,0.28174755,0.12280509,0.10211468,0.16313145,0.1694657,0.08846963,0.056715623,0.08193916
0.435795,0.36849445,0.3547876,1.0,0.45218706,0.12761772,0.19472349,0.5040831,0.43459097,0.16208223,0.16178693,0.38015187
0.3235178,0.55604714,0.78983676,1.0,0.39358443,0.09946228,0.1792773,0.43115076,0.26465905,0.117854066,0.17598026,0.43184444
0.25755444,0.8923789,1.0,0.6219233,0.457425,0.2781292,0.14819717,0.22785416,0.12292903,0.10963242,0.17324702,0.26666096
0.2675768,0.5257763,0.4716126,0.30586532,0.369685,1.0,0.90845835,0.19622602,0.10387453,0.18030955,0.24711652,0.22871496
0.111474216,0.098433204,0.09218678,0.11826069,0.1623873,0.9140586,1.0,0.15089896,0.14089602,0.31763396,0.27446386,0.12747787
0.07755248,0.04669363,0.12628782,0.25698274,0.2380721,0.41650063,0.36176157,0.22654074,0.5498333,1.0,0.56148213,0.16171357
0.068887316,0.04431665,0.08734342,0.19740918,0.15143056,0.11070461,0.21219204,0.358521,0.92502606,1.0,0.2238493,0.088227674
0.13104746,0.10839879,0.14254518,0.29155084,0.19251178,0.23008189,0.9806349,0.6822908,0.7860513,1.0,0.2583702,0.19145526
0.31011847,0.3716578,0.30546698,0.2539776,0.22728844,0.29193318,1.0,0.69933516,0.34871683,0.40628377,0.27447158,0.28006378
0.9666945,1.0,0.8429124,0.64261776,0.55862826,0.309238,0.30109987,0.35787824,0.37938714,0.6287816,0.7801381,0.9664674
0.24251047,0.30516905,0.54826725,1.0,0.9704069,0.27534986,0.1016779,0.18503919,0.25974673,0.5660942,0.51659745,0.3220199
0.09637673,0.15407798,0.35500032,1.0,0.7296536,0.18577918,0.102069534,0.19368757,0.27579576,0.5783117,0.5501744,0.19240594
0.46167135,0.4315365,0.38967136,0.66664255,0.6886499,0.31350556,0.2543995,0.429492,0.5643555,0.65034926,1.0,0.5778549
0.08183832,0.075280726,0.20261547,1.0,0.65589476,0.2042949,0.20814672,0.2727983,0.36284643,0.3950616,0.63656384,0.2751908
0.022945648,0.09819087,0.5121961,1.0,0.4749473,0.27509958,0.21120884,0.14382279,0.14626102,0.284918,0.41691414,0.0974094
0.24499056,0.491944,1.0,0.9461029,0.64098966,0.8018211,0.59570754,0.21718681,0.119478576,0.30587453,0.6737809,0.34913364
0.54282105,0.5006473,0.39344385,0.2973034,0.3251289,0.84847414,0.682269,0.22295983,0.120415024,0.17872658,0.70386136,1.0
0.9032144,0.5157514,0.35963088,0.3312123,0.37028798,0.47860518,0.4166555,0.22962372,0.11809275,0.17584988,0.58137935,1.0
1.0,0.73716706,0.20508236,0.24817432,0.3229823,0.10382382,0.098771356,0.17506634,0.107195236,0.07933268,0.08503971,0.3168796
0.60903907,0.19509926,0.0843378,0.06440424,0.066158496,0.07808556,0.13023783,0.12235283,0.09758616,0.12917885,0.5294674,1.0
0.08149121,0.032344945,0.06380441,0.014756143,0.015941786,0.07496805,0.046213202,0.023358643,0.034416042,0.18182775,1.0,0.5753378
0.09560616,0.12391394,0.5512974,0.3507448,0.04262218,0.109018974,0.03830583,0.018656725,0.037807938,0.16954142,1.0,0.37036312
0.064762995,0.111817956,1.0,0.97473085,0.1159541,0.094507284,0.06483777,0.022232387,0.025989175,0.060678598,0.37305483,0.16385806
0.044133667,0.048897956,0.7223816,1.0,0.24962279,0.104840845,0.12512791,0.053103264,0.029104706,0.059827242,0.28611672,0.21387497
0.19025746,0.19605146,0.116730765,0.36103788,1.0,0.3496252,0.3506678,0.33072194,0.10740887,0.061758477,0.10040038,0.105756454
0.07309634,0.073854275,0.10796097,0.25829774,0.24139982,0.30954173,1.0,0.39261812,0.08793407,0.047750853,0.04199598,0.08027808
0.015423495,0.021266751,0.16034006,0.12954764,0.09961871,0.60600793,1.0,0.2619216,0.058414266,0.029717822,0.11355537,0.08439209
0.014797446,0.045115627,0.30445722,0.107758425,0.16199464,1.0,0.4892651,0.12070078,0.10122482,0.050400242,0.34745672,0.11197249
0.017278878,0.0946825,0.53776777,0.15416364,0.22588992,1.0,0.21123564,0.0927924,0.3216375,0.11529245,0.71035683,0.17347331
0.026616145,0.12888741,1.0,0.38358286,0.40565574,0.7262341,0.24401814,0.1505107,0.7121746,0.19658452,0.89049846,0.31751868
0.040809844,0.063621975,1.0,0.9533554,0.7727005,0.5989489,0.35304567,0.16103233,0.87722003,0.30452156,0.44103193,0.4341619
0.051761236,0.035841398,0.39753085,1.0,0.7494462,0.72125334,0.77647763,0.31881982,0.5997874,0.28806007,0.10360535,0.22760712
0.059348356,0.055267658,0.10733405,0.48118442,0.5516679,0.54879177,1.0,0.92119783,0.52324176,0.12849899,0.050267294,0.053037718
0.102300726,0.16827482,0.06663968,0.1290407,0.4912673,0.5972548,0.38229918,0.7906087,1.0,0.17595556,0.052511755,0.03856952
0.23542163,0.27927995,0.084534846,0.0761233,0.26478314,0.29137436,0.09222292,0.32454446,1.0,0.41881824,0.26872176,0.25269008
0.32570413,0.28910097,0.24544805,0.17493789,0.26105112,0.18618266,0.17645648,0.4357647,1.0,0.88453656,0.98821014,0.83800143
0.12117835,0.39595664,0.6137835,0.44385058,0.29248357,0.26730776,0.23432401,0.548294,1.0,0.91660345,0.9643605,0.5611523
0.16956714,0.20957625,0.52496,0.5514715,0.25131616,0.12627386,0.16157728,0.5039707,0.85219896,0.9307054,1.0,0.58464384
0.11054093,0.11475861,0.24750572,0.26543128,0.11856853,0.053238597,0.04836151,0.19502762,0.4171354,0.8984068,1.0,0.3580847
0.31243232,0.10999932,0.07968467,0.25107723,0.203546,0.09685453,0.09222601,0.16346687,0.48115325,1.0,0.71465755,0.45100948
0.86301696,0.12900326,0.038886108,0.31041905,0.2864238,0.06996153,0.08299702,0.10938074,0.3206716,0.4970661,0.46564624,1.0
1.0,0.20866226,0.026257435,0.17331944,0.19755967,0.023967464,0.019354409,0.04132996,0.11998086,0.12885033,0.10405338,0.7324776
0.9611615,0.2106229,0.032294933,0.23801091,0.20751402,0.028557139,0.022400877,0.059392203,0.16712502,0.12474888,0.22453041,1.0
0.34887975,0.04831742,0.044759303,0.30408317,0.28497073,0.09401391,0.064898565,0.14182001,0.32507244,0.27449235,0.6845978,1.0
0.061865803,0.009540392,0.13695519,0.74882436,0.60960275,0.20696095,0.13818446,0.39321223,0.96981585,0.6295588,1.0,0.43475494
0.013221614,0.013732554,0.12364858,1.0,0.4222162,0.07769532,0.08615017,0.24445379,0.5142948,0.33765385,0.39362875,0.14895846
0.2785068,0.15202776,0.16673392,1.0,0.4461564,0.07734911,0.10727192,0.2590843,0.50155973,0.2773097,0.33148354,0.40483308
0.4531358,1.0,0.59857947,0.42568627,0.15854047,0.036866676,0.050776202,0.11260922,0.20402585,0.12990661,0.11041994,0.15555981
0.13480385,1.0,0.80418324,0.18800266,0.06563011,0.023838794,0.02558942,0.05073953,0.057751916,0.042580888,0.030368278,0.014044327
0.20579349,1.0,0.6234919,0.18549278,0.05899051,0.029147852,0.04955862,0.0476823,0.03538289,0.025443466,0.020645935,0.013858666
0.6390805,1.0,0.3771974,0.360785,0.1738237,0.10783478,0.16986124,0.098889776,0.049570635,0.0399725,0.064760216,0.15603499
0.44442382,0.33878997,0.37601098,1.0,0.5404532,0.5793209,0.882184,0.22954778,0.115463376,0.15334234,0.33238477,0.3999609
0.015258696,0.052364048,0.4615511,0.7381127,0.29606047,0.6404656,1.0,0.15521668,0.10141173,0.21907347,0.24121329,0.048620038
0.056336485,0.099987805,0.5890947,0.38484412,0.18250716,0.7077617,1.0,0.16248535,0.15417658,0.44534338,0.40580893,0.0967408
0.5753487,0.9585124,1.0,0.27994084,0.10832688,0.19831882,0.1678627,0.07213782,0.18603088,0.66652375,0.8527559,0.61518174
0.20327717,0.68234664,1.0,0.2950434,0.048554987,0.06939704,0.074665904,0.026446056,0.014942305,0.014496514,0.019640476,0.034196902
0.5826143,1.0,0.8465296,0.27819028,0.08409032,0.19546387,0.14614609,0.038842198,0.025563998,0.021199258,0.02793992,0.12766157
1.0,0.501213,0.49947113,0.27482158,0.20870674,0.5405259,0.23094301,0.052878205,0.03993393,0.02583826,0.08018513,0.5494127
0.6186246,0.1507988,0.17829756,0.13502787,0.14401315,0.37803432,0.12938443,0.032781392,0.018387184,0.031729985,0.28184816,1.0
0.2471906,0.041455854,0.037481494,0.03182476,0.04304524,0.10393021,0.035477236,0.015624422,0.012153701,0.1630943,0.8750114,1.0
0.06336013,0.02591043,0.02166157,0.013973125,0.02017609,0.033916555,0.021624243,0.01766775,0.06141423,0.4933047,1.0,0.43497935
0.03218489,0.07571225,0.0787023,0.07066583,0.0434512,0.08833742,0.20468165,0.4729885,0.7694624,1.0,0.5567654,0.09025288
0.28778556,0.15447745,0.08293514,0.0918402,0.40565342,0.8625583,0.9416,1.0,0.440926,0.07594719,0.07893524,0.33128908
0.5040495,0.04955984,0.016768683,0.15539415,1.0,0.9426376,0.1913257,0.119503774,0.04421301,0.013507175,0.1545402,0.95924777
0.7657053,0.09009871,0.009095616,0.11843238,1.0,0.97690433,0.17225902,0.057787307,0.042670857,0.041592773,0.10554124,0.7685654
0.58500624,0.37958133,0.043100897,0.023319352,0.3144407,1.0,0.576825,0.081464976,0.06526671,0.1890305,0.09578985,0.1332748
0.6478519,0.9751394,0.4356798,0.16779707,0.159551,0.7969167,1.0,0.565545,0.29642,0.4232835,0.29173145,0.21729572
0.15187055,0.21283849,0.3613511,0.45484522,0.08849097,0.0984634,0.23448189,0.9512861,1.0,0.2116743,0.082225636,0.16165158
0.03331611,0.031167362,0.13879217,0.29196712,0.12653142,0.23209535,0.37314928,1.0,0.8248838,0.12736927,0.022721078,0.038054395
0.035430685,0.041633323,0.045369714,0.055191353,0.13544266,0.60497504,1.0,0.521312,0.16308188,0.036780395,0.022141473,0.01606051
0.08485075,0.028385146,0.009214224,0.04623623,0.3951147,1.0,0.47946417,0.06757822,0.018497443,0.028636781,0.019389687,0.042336732
0.08166495,0.0076924604,0.006790571,0.08155614,0.8927568,1.0,0.10960296,0.014937197,0.026042042,0.0181661,0.009261414,0.07849192
0.05036784,0.021669546,0.007228976,0.053084183,0.58812267,1.0,0.35903358,0.07558072,0.031563193,0.016515113,0.0060667987,0.028186189
0.05162297,0.07643788,0.05165973,0.073102675,0.24597324,0.9493585,1.0,0.6758423,0.6500544,0.4871033,0.24650797,0.06709199
0.007731649,0.006782677,0.010141808,0.04280014,0.082350984,0.05949447,0.046262767,0.0886555,0.44537088,1.0,0.5956527,0.085869886
0.014038939,0.004721235,0.0070736306,0.04138351,0.07973933,0.04526493,0.027235622,0.045869283,0.32013512,1.0,0.65196425,0.110786885
0.03519047,0.07605951,0.14490369,0.16261174,0.1975999,0.15623297,0.20466709,0.58667654,1.0,0.9097497,0.40269032,0.0941884
0.3818646,0.906339,0.4334013,0.12951906,0.12717922,0.25293845,0.82126343,1.0,0.39171714,0.100151,0.08667649,0.08125133
1.0,0.71760744,0.110850975,0.023503087,0.08717511,0.3470185,0.30760226,0.098340474,0.021242995,0.012357818,0.028072175,0.1821172
1.0,0.18454129,0.020531587,0.015434307,0.12298766,0.32754895,0.06348287,0.008231601,0.016116407,0.020325193,0.011264637,0.30804053
1.0,0.3796024,0.04302822,0.012910281,0.046726752,0.21294613,0.15535572,0.034825422,0.019455537,0.050718464,0.037979938,0.18538168
1.0,0.65027934,0.21901959,0.13781449,0.070654385,0.13577685,0.2945558,0.1959232,0.09460839,0.115995556,0.12715527,0.18763302
1.0,0.872407,0.222992,0.20713931,0.18434617,0.098688096,0.07802036,0.10598669,0.14637405,0.29623225,0.2732055,0.20037992
0.99240845,0.86043555,0.60046196,0.12644872,0.1301854,0.27932534,0.06594571,0.038723398,0.095833614,0.3904857,1.0,0.41892093
1.0,0.7395722,0.7178106,0.30758616,0.23334247,0.2496427,0.13051645,0.23603827,0.28479463,0.48616335,0.79050684,0.46082255
0.9251083,1.0,0.81009483,0.45199868,0.20976919,0.3499737,0.61108553,0.7054317,0.41459128,0.27853677,0.28422385,0.7461261
0.852976,0.5455734,0.36087996,0.23532592,0.46784043,0.4875735,0.45902246,0.4566437,0.41391322,0.23048045,0.34355032,1.0
0.6556989,0.22036956,0.10689037,0.266895,0.784101,0.54117364,0.26929438,0.45558697,0.53391194,0.10955293,0.41211435,1.0
1.0,0.39139074,0.27071145,0.22361831,0.24437936,0.47775057,0.71328425,0.38934144,0.1930329,0.12513316,0.37827152,0.6984209
1.0,0.51941276,0.3269459,0.41338113,0.17274384,0.12402243,0.3057984,0.21058764,0.10869699,0.07565629,0.2283293,0.58432657
0.3305095,1.0,0.72274137,0.21908101,0.062658854,0.023705633,0.053456847,0.035192393,0.03498445,0.035534214,0.043769304,0.11819332
0.121827394,1.0,0.6765727,0.041308064,0.020212749,0.01023185,0.010641716,0.009895532,0.020916443,0.016159384,0.0130232535,0.018934568
0.3801098,1.0,0.36458874,0.024487108,0.01623237,0.018188506,0.030605461,0.030660039,0.02319216,0.010716552,0.02660797,0.08834334
0.7024348,1.0,0.21138401,0.05665259,0.07466449,0.1691725,0.13881658,0.07322955,0.04178172,0.07168827,0.22797798,0.4288942
0.22336543,1.0,0.22592421,0.030097242,0.18694778,0.1211954,0.030318636,0.018636698,0.024078403,0.115675524,0.10453446,0.06803863
0.22639938,1.0,0.21610397,0.03834444,0.15861492,0.05804977,0.016171338,0.010669407,0.01700731,0.06720204,0.02321921,0.009894854
0.09383516,0.68599945,1.0,0.71188545,0.271501,0.17349428,0.09841,0.028753651,0.017863393,0.03781035,0.03317321,0.012540176
0.02904622,0.1512842,0.5367362,1.0,0.5563675,0.18616086,0.11067575,0.05909073,0.060168367,0.04453328,0.016286535,0.011656745
0.14701892,0.57720953,0.71918076,0.7687657,1.0,0.44758826,0.30904174,0.1281793,0.19096735,0.28389734,0.09011127,0.07113968
0.18803675,0.33891994,0.6999712,0.63682395,0.7167396,1.0,0.8832139,0.31303224,0.546584,0.53471524,0.15549599,0.15388608
0.22733496,0.15288478,0.24150638,0.3460233,0.53496265,0.5740376,0.55695665,0.3826765,1.0,0.911188,0.8251987,0.6400403
0.237067,0.25952786,0.15071501,0.2676348,0.47117856,0.14112481,0.15795486,0.2169046,0.29475936,0.4197667,1.0,0.70358366
0.5013829,1.0,0.30720627,0.29713377,0.5720408,0.11537275,0.13620555,0.15722272,0.070292674,0.12784514,0.1752774,0.13639492
0.22766067,0.9930472,1.0,0.20715399,0.22496775,0.20309806,0.09556153,0.12446169,0.068913974,0.037318263,0.0753623,0.057821576
0.08737854,0.3384162,1.0,0.4436254,0.20081672,0.3955676,0.23654695,0.13777705,0.30119306,0.12022119,0.17763737,0.1980283
0.09616904,0.3266637,0.43854228,0.3257089,0.30788812,0.54800016,0.28544173,0.29894307,1.0,0.47577515,0.11258122,0.121104546
0.7494288,1.0,0.573064,0.25185028,0.21890336,0.23643075,0.1746176,0.20967579,0.50303006,0.31550413,0.07361466,0.19250491
1.0,0.50656265,0.09356936,0.027599694,0.022598563,0.016364392,0.013401269,0.013212685,0.01996562,0.058782674,0.2647834,0.7649918
0.3609461,0.102154106,0.019896941,0.016756477,0.020140769,0.02179206,0.026749305,0.0572908,0.19264847,0.55354923,1.0,0.8636393
0.028224323,0.013334247,0.01728622,0.03491475,0.07217977,0.15404281,0.2314648,0.30363253,0.5951266,1.0,0.76367694,0.20341337
0.020165706,0.01921232,0.053054985,0.19835976,0.6488964,1.0,0.36400566,0.13455965,0.13038816,0.17868562,0.1044201,0.033922516
0.028003503,0.02245823,0.058555447,0.21910168,0.67369473,1.0,0.30247506,0.06538408,0.026464824,0.0184846,0.018492222,0.028069189
0.23477665,0.16068995,0.13921577,0.20491967,0.37162402,0.8501378,1.0,0.6893472,0.55536425,0.335411,0.24966875,0.2502989
0.78304964,0.65962553,0.36715528,0.44041458,0.7730848,0.5749203,0.29877767,0.36496782,0.8441326,1.0,0.7249979,0.4770314
0.32294327,0.5167585,0.35795432,0.19213834,0.36196622,0.98384285,1.0,0.2304217,0.095925935,0.2396144,0.3741296,0.25631613
0.3416463,0.5161297,0.6371171,0.5301268,0.48748142,0.85529083,1.0,0.53791255,0.13748549,0.07273963,0.13486734,0.17998186
0.39440447,0.939072,0.6592664,0.9574991,0.4626373,0.6709184,1.0,0.940765,0.2163263,0.13209446,0.25699377,0.14112905
0.16557138,0.47905087,0.3405144,0.3626086,0.34661412,0.22817743,1.0,0.6117882,0.13647252,0.0647971,0.1591075,0.31023577
0.30904156,0.16789688,0.3907266,0.2899605,0.52943474,0.32483718,0.97100526,0.38763902,0.059917677,0.040945202,0.23191418,1.0
0.5644592,0.49253917,0.3391554,0.09555249,0.29798564,1.0,0.8373718,0.15788484,0.023278482,0.012699158,0.066001475,0.49781653
0.17446819,0.6309002,0.8882191,0.2673983,0.10936617,0.78387475,1.0,0.25690973,0.0932947,0.15572867,0.050415054,0.03458371
0.020794172,0.20487438,0.69537246,0.35797378,0.16293426,0.15978965,0.23658632,0.11082287,0.25915995,1.0,0.51149434,0.12518406
0.024622463,0.010444922,0.016505007,0.031177647,0.04701995,0.030157352,0.014336528,0.013538738,0.18484499,0.9008374,1.0,0.24573568
0.10182934,0.0689229,0.033190235,0.026261402,0.035396926,0.053197205,0.040105727,0.03610188,0.08605607,0.28255218,1.0,0.6900316
0.15722302,0.09935353,0.06301424,0.06643673,0.05001533,0.07459807,0.1308585,0.29760247,0.7846367,0.8828109,1.0,0.7202562
0.03176993,0.03883817,0.03786564,0.07139592,0.05617809,0.08505398,0.3935467,1.0,0.7762946,0.3050858,0.08085511,0.039780427
0.085435994,0.09653688,0.051929988,0.09234722,0.10086688,0.088547535,0.58933777,1.0,0.23629715,0.067282476,0.05210445,0.07364187
0.72110367,0.8008742,0.5647731,0.5738214,0.5919009,0.5678221,1.0,0.7718948,0.45590022,0.419073,0.50330055,0.68036765
0.53400856,0.78832936,0.66882324,1.0,0.65397704,0.58078104,0.6903214,0.47179776,0.48685578,0.55187005,0.5085241,0.4524619
0.22597459,0.290242,0.3238339,0.47083476,0.22618318,0.43403646,1.0,0.3363945,0.115480505,0.10669684,0.12834986,0.14385451
0.17447217,0.4034227,0.55756897,0.25115028,0.28773463,0.52993685,1.0,0.3634295,0.1728886,0.14244038,0.12008518,0.16313827
0.6636689,0.74774164,0.54408395,0.16513608,0.61866075,1.0,0.8894315,0.29490602,0.28327808,0.20773143,0.12229055,0.32372522
0.40888864,0.42128378,0.14190531,0.119215205,0.21284848,0.45165867,1.0,0.2119659,0.09799841,0.07566829,0.08584391,0.20066285
0.1600055,0.15792948,0.27517185,0.37014994,0.2986848,0.5406161,1.0,0.21055222,0.08609277,0.07782815,0.12997189,0.3612402
0.20625675,0.29232243,0.48224527,0.6606533,0.62184143,0.5920049,1.0,0.36069012,0.19729793,0.11073686,0.14011931,0.3345043
0.11292733,0.19157264,0.28290024,0.18111892,0.24792942,0.5573723,1.0,0.26154026,0.18069148,0.10302212,0.084553614,0.2039663
0.57570046,0.8479269,0.8723137,0.56169236,0.44230577,0.6325576,0.9283878,0.6271246,1.0,0.8108668,0.56889975,0.43144476
0.29393205,0.34712994,0.14375766,0.10531437,0.08072447,0.047596425,0.040728845,0.20011717,0.42495462,0.4325924,1.0,0.9814967
0.65452075,0.73932225,0.17027114,0.13615537,0.24872258,0.062219944,0.07609959,0.20303693,0.2467999,0.56062317,1.0,0.91734546
0.66069406,0.54090315,0.10683275,0.16083853,0.2718,0.061366364,0.17635894,0.17459424,0.4652465,1.0,0.2988156,0.3370375
0.15158369,0.09480138,0.04335619,0.11922567,0.107361384,0.033582993,0.056731254,0.054632932,0.5548569,1.0,0.10717728,0.074094065
0.17601715,0.07015986,0.05772492,0.37950754,0.20253561,0.0867171,0.0670716,0.071889035,0.93280226,1.0,0.13209406,0.08566507
0.2640495,0.07017337,0.19533525,1.0,0.29828238,0.19782169,0.12878072,0.18451545,0.9456025,0.35766858,0.17119701,0.2009279
0.19870436,0.09999684,0.76192915,1.0,0.21823767,0.3375638,0.1557576,0.4978241,0.62236226,0.19480357,0.19502132,0.3706269
0.08310039,0.24565658,1.0,0.30238822,0.1912563,0.25877962,0.21891373,0.7935254,0.22849901,0.10975648,0.16434146,0.2267974
0.3214659,1.0,0.9313824,0.16519882,0.19387929,0.18202186,0.5716011,0.99873453,0.22847602,0.08968278,0.10651528,0.0903825
1.0,0.8362093,0.16066054,0.08522676,0.053345434,0.074720114,0.22094314,0.27045202,0.10238218,0.04204677,0.026835693,0.20773394
1.0,0.26433703,0.07122377,0.073988095,0.13726789,0.06720237,0.20073207,0.18183115,0.09560528,0.03034762,0.0863114,0.8335608
0.3438668,0.17169924,0.11981289,0.31526232,0.36834848,0.20730859,0.35057208,0.3616563,0.15624136,0.053051498,0.4431289,1.0
0.38087553,0.39415964,0.5756661,0.82330906,0.53904897,0.6941222,1.0,0.85720736,0.16218291,0.53517073,0.94348425,0.3461379
0.5571456,1.0,0.9220583,0.5916023,0.98146474,0.90862316,0.89487416,0.32293543,0.21435277,0.5676581,0.28526828,0.19358951
1.0,0.73328024,0.44842255,0.48082364,0.7523607,0.91261715,0.46799695,0.16313495,0.09654984,0.09513095,0.18498172,0.6287828
0.23901576,0.21204461,0.23491247,0.2637878,0.8013831,1.0,0.32151532,0.05013701,0.026116086,0.10759894,0.25322646,0.3193959
0.071381986,0.169168,0.19451469,0.7853167,1.0,0.3798409,0.06417277,0.023755504,0.06768566,0.110406615,0.061053917,0.021003436
0.032428868,0.13302682,0.7387586,1.0,0.37100902,0.10758745,0.05509058,0.06979683,0.073610455,0.028275486,0.014860215,0.016988683
0.07480001,0.59963036,1.0,0.7429995,0.70128554,0.25136715,0.14464287,0.1060009,0.046052035,0.06078451,0.104031354,0.04724144
0.09763608,0.29150942,0.41279718,1.0,0.95369667,0.74042636,0.23118904,0.04089718,0.052731447,0.12771784,0.0836384,0.043459084
0.06749262,0.14632948,0.3528711,0.6460937,1.0,0.9545032,0.37366077,0.052910343,0.039214063,0.07459365,0.06495442,0.061271895
0.13450967,0.26562935,0.25429848,0.3712703,0.74458104,1.0,0.4562366,0.08879924,0.030093221,0.05116193,0.066102475,0.104050405
0.37062693,0.71738493,0.36216512,0.35857868,0.7254234,1.0,0.61484176,0.1551895,0.053894956,0.099803045,0.1362002,0.2739575
0.5346614,1.0,0.4800354,0.52044725,0.7216605,0.96684337,0.6294456,0.17197567,0.1514075,0.18620367,0.24256162,0.4603504
0.6036127,0.7807112,0.500074,0.7686615,1.0,0.79986775,0.36549255,0.22100234,0.36447692,0.26825705,0.29002142,0.43928072
0.4271726,0.37226135,0.58110636,1.0,0.90073234,0.5078021,0.2752716,0.3583259,0.20501406,0.16888201,0.20575535,0.2697774
0.59687245,0.33628163,0.45267317,0.87738806,1.0,0.401578,0.2994894,0.48274717,0.18697904,0.1384427,0.18721507,0.39861953
1.0,0.41147912,0.47056383,0.48705375,0.6679207,0.49996656,0.5062362,0.56874174,0.28058517,0.2287988,0.31649262,0.7714498
1.0,0.5745783,0.6310597,0.39878896,0.40875554,0.5974393,0.48018426,0.41834503,0.4802161,0.48510185,0.46625328,0.6195885
0.40933347,0.31349334,0.31376928,0.35023218,0.5013316,0.52809393,0.3720192,0.48949006,1.0,0.5975313,0.422241,0.3759077
0.56365395,0.22543252,0.19943804,0.32121432,0.49824265,0.6749036,0.5625379,0.66048586,1.0,0.46153393,0.35926244,0.42952815
0.4740476,0.3119217,0.19145784,0.42679915,0.68059087,0.9954898,0.88004154,1.0,0.9527364,0.43049046,0.34547836,0.49931598
0.2313299,0.21263799,0.17073257,0.38963488,0.4939324,0.4146037,0.40352267,0.7276078,1.0,0.54792947,0.22808123,0.23677358
0.24450997,0.122559674,0.1591121,0.41681927,0.41431066,0.30990177,0.30785942,0.48579237,1.0,0.7048982,0.24784647,0.29277337
0.44938058,0.24132074,0.30421382,0.7045974,0.7020727,0.743375,0.83753985,0.8001863,1.0,0.52228516,0.46585536,0.6494288
0.35674378,0.27140123,0.27830198,0.57514334,0.5904179,0.83981514,1.0,0.86645633,0.882827,0.62837064,0.4274643,0.31138685
0.24311939,0.23923604,0.25783333,0.5400338,0.422618,0.468391,0.5793775,0.70182204,0.83824307,1.0,0.5575102,0.19336908
0.41018862,0.38960165,0.41691104,0.6713739,0.54806626,0.72796476,0.70034456,0.77218086,0.8491423,1.0,0.79869294,0.31370646
0.36926788,0.4170239,0.4255098,0.49147668,0.4888277,0.70749724,0.6746161,0.6011129,0.73833823,1.0,0.9251226,0.3896107
0.298356,0.26090798,0.2118541,0.2621394,0.3057848,0.37953982,0.37045392,0.26766104,0.4389218,0.7534492,1.0,0.40135843
