0.03383101,0.025504723,0.11589413,0.51425517,1.0,0.6852345,0.28421673,0.061281122,0.039134223,0.036271367,0.027667582,0.036376268
0.045869637,0.1271015,0.25805,0.78535765,1.0,0.36611602,0.17774919,0.035045847,0.023815814,0.027129522,0.027969992,0.032279283
0.2952001,1.0,0.88594955,0.36053827,0.16944002,0.06827287,0.06618359,0.027088514,0.022774165,0.023763252,0.042789146,0.08061489
0.35853937,0.8911105,1.0,0.7580914,0.6184489,0.3374806,0.10209962,0.049422197,0.03603739,0.05859618,0.129814,0.16748004
0.77606714,0.42959395,0.5128545,0.5529645,0.6202507,0.8820534,0.58703405,0.26582026,0.11308588,0.06575355,0.2847091,1.0
0.72267175,0.522062,0.27871087,0.21868445,0.09968397,0.3414691,0.8105674,0.46998796,0.15381071,0.039840765,0.25908932,1.0
0.6233215,0.54383737,0.2736833,0.23067294,0.13980238,0.21464927,1.0,0.78228515,0.18621072,0.064455934,0.27784193,0.73632675
0.42748025,0.22819304,0.21479292,0.12708338,0.07691944,0.11133214,0.44865438,1.0,0.21651202,0.04040727,0.10790516,0.48032415
0.21114464,0.091433465,0.10568289,0.06042763,0.050769053,0.08184205,0.2857604,1.0,0.21850851,0.01719613,0.033081815,0.1567424
0.03819213,0.017925663,0.035243146,0.049391977,0.07194952,0.08235259,0.39419156,1.0,0.16194366,0.015731504,0.026040673,0.047050804
0.017697448,0.013267707,0.024279835,0.05763854,0.14645316,0.16513464,0.94807994,1.0,0.11008029,0.022499966,0.023320038,0.015508714
0.016898412,0.009560302,0.012767747,0.01798876,0.06840587,0.3093078,1.0,0.32630143,0.03623018,0.013521623,0.020445818,0.016776815
0.007026377,0.0032856278,0.0072061475,0.008477046,0.04296767,0.7615509,1.0,0.11346182,0.025790755,0.010263104,0.03127614,0.019270312
0.0042928536,0.0013862258,0.0039674896,0.0066693746,0.022914078,0.5249631,1.0,0.15825371,0.007941997,0.0032449844,0.015054453,0.01823448
0.010935768,0.0028041664,0.0022544842,0.00500313,0.0071862885,0.20675325,1.0,0.48069704,0.032730024,0.0038565027,0.009456369,0.020270199
0.01832124,0.005251006,0.0027475676,0.0036872653,0.0058414917,0.053360175,0.38600728,1.0,0.36305165,0.019838292,0.00946664,0.013889176
0.0080257775,0.006048516,0.008515475,0.00982449,0.009181876,0.023655172,0.10533899,1.0,0.60392225,0.029189024,0.008845788,0.007937888
0.012530798,0.019073179,0.027661027,0.022745993,0.018067492,0.036027968,0.16386922,1.0,0.39374068,0.036595814,0.022972433,0.01648407
0.016856318,0.021774236,0.023510873,0.02510763,0.041098025,0.046045057,0.4061629,1.0,0.2172776,0.03144741,0.016072512,0.014131728
0.025142029,0.024108348,0.020366592,0.047212362,0.09550737,0.2042166,1.0,0.86984795,0.10702043,0.018909816,0.011824556,0.01946134
0.2274039,0.10635778,0.063502006,0.13209416,0.16664265,0.9464122,1.0,0.24465644,0.047223136,0.04027053,0.02291362,0.10619728
0.72158825,0.34687272,0.13986595,0.20281875,0.13273819,1.0,0.6166425,0.09779325,0.038716067,0.050434537,0.03749287,0.2283329
0.5777619,0.33097973,0.12608409,0.14102094,0.079149954,0.6849415,1.0,0.15627983,0.05022169,0.059404563,0.099226914,0.2559977
0.19926624,0.07774344,0.032153327,0.0354186,0.044982243,0.3598914,1.0,0.2719186,0.03686165,0.03521519,0.105515,0.21362838
0.06514103,0.021711616,0.017134922,0.020658333,0.063050784,0.50274557,1.0,0.349161,0.039810106,0.032001704,0.06954323,0.10379245
0.04107613,0.050447118,0.044387482,0.04875187,0.10885165,0.69841915,1.0,0.4429381,0.17013295,0.059906133,0.057902653,0.060789905
0.059593063,0.055859588,0.04775725,0.053265534,0.049712155,0.46380177,1.0,0.49096602,0.5400199,0.09130432,0.056949023,0.038031653
0.012048416,0.007871865,0.020472622,0.019215606,0.016763825,0.036498666,0.12663612,0.3594614,1.0,0.4187905,0.051461138,0.017712707
0.014199086,0.010721463,0.03508848,0.01069138,0.0049145627,0.008374184,0.051352657,0.54013956,1.0,0.3440147,0.030900925,0.011835589
0.08228193,0.033756863,0.071623474,0.013672001,0.0033382194,0.028638717,0.26090828,1.0,0.9569241,0.2638616,0.033730544,0.09624798
0.2757466,0.060217723,0.066444956,0.056769647,0.01077318,0.21768287,1.0,0.57453805,0.15870552,0.044937894,0.12370214,0.6047313
0.11617456,0.04799878,0.060142994,0.0732246,0.015608575,0.2291618,1.0,0.19249222,0.078751184,0.07570344,0.1393516,0.40062305
0.07426711,0.09187409,0.071146846,0.030228607,0.008274469,0.19796295,1.0,0.1851352,0.061118655,0.07888385,0.05868131,0.11990703
0.08394008,0.14715506,0.16524898,0.07317188,0.01667399,0.11809101,1.0,0.5411681,0.068303615,0.10750937,0.033827513,0.050387084
0.051285196,0.059211493,0.14023651,0.13694608,0.022771513,0.029897537,0.80362797,1.0,0.11017568,0.18960385,0.12065028,0.058031537
0.022670468,0.03161464,0.069841176,0.07925218,0.010433051,0.012718203,0.5680873,1.0,0.06914792,0.05511452,0.08448515,0.03224491
0.0057545677,0.05635122,0.084129274,0.017327616,0.0033086434,0.017758746,0.7068527,1.0,0.049078938,0.0065538324,0.010793166,0.012212584
0.013655353,0.3157565,0.3954545,0.02254338,0.002101504,0.03433685,1.0,0.9710404,0.028831717,0.001257762,0.0031326138,0.0039161877
0.21833187,0.86746657,0.35710123,0.02479658,0.008044293,0.10494074,1.0,0.66071326,0.021370444,0.0073773684,0.013279995,0.006501836
0.9554717,1.0,0.06531882,0.022960141,0.015484321,0.13408409,0.30261487,0.11605162,0.014053247,0.05551723,0.06262006,0.045913044
1.0,0.3414869,0.015972728,0.014830785,0.022083253,0.07912707,0.028358707,0.023642873,0.027215373,0.05350063,0.022522788,0.13889924
1.0,0.15667465,0.024837509,0.01688335,0.046705987,0.11379398,0.030846486,0.041739866,0.07735205,0.10482421,0.012830192,0.30292487
1.0,0.46619147,0.0545038,0.020935424,0.026294872,0.07690667,0.08030849,0.05558692,0.04637245,0.10277108,0.052706335,0.18288612
0.7412141,1.0,0.2701799,0.03544378,0.061192717,0.11195473,0.63534933,0.8895735,0.11957457,0.09079432,0.15707463,0.14703958
0.051085383,0.07071602,0.10047621,0.04021451,0.032212105,0.0896962,0.5325291,1.0,0.25154424,0.020961141,0.032440625,0.08129503
0.15536138,0.038022727,0.085848816,0.091350965,0.025293306,0.12795803,0.4310222,1.0,0.46761516,0.059756946,0.01953218,0.15071903
0.03835262,0.01588954,0.016613306,0.013115593,0.0066656433,0.020657703,0.18341546,1.0,0.42795062,0.028737374,0.007909349,0.03441336
0.015723782,0.0072910595,0.011267485,0.010771552,0.0029921539,0.0069586034,0.07879711,1.0,0.7582552,0.038389254,0.004389738,0.0037782758
0.00952478,0.0030315702,0.006145057,0.005881345,0.0043261014,0.00998094,0.12445167,1.0,0.57266486,0.022990968,0.0028046165,0.0043054665
0.006682161,0.0022980627,0.004280084,0.002406252,0.0074078073,0.011064096,0.25603282,1.0,0.24774635,0.0058510154,0.0012518469,0.006110887
0.010222383,0.01179621,0.01799654,0.0036458143,0.011273793,0.014723446,0.35966128,1.0,0.154741,0.002567431,0.0014460239,0.009306337
0.03527384,0.053450733,0.048705287,0.0073830876,0.018575534,0.030086318,0.6088899,1.0,0.10907886,0.0044057444,0.004950966,0.01789405
0.08704243,0.09131695,0.07739838,0.031625777,0.044382844,0.057324074,0.9781057,1.0,0.06100109,0.015011891,0.018725123,0.07705811
0.10239704,0.37843484,0.27730763,0.12254025,0.11463331,0.07312333,1.0,0.9518999,0.06579474,0.03370754,0.041361436,0.15076114
0.17893057,1.0,0.4462179,0.11301319,0.11173152,0.056809604,0.83480316,0.6809826,0.04874144,0.03567336,0.05817955,0.15790895
0.24474934,0.6235422,0.3219223,0.10985567,0.12024422,0.057593673,1.0,0.82104677,0.0742997,0.063986436,0.079794526,0.28936765
0.21859552,0.15268858,0.11811835,0.091323026,0.087944165,0.061435558,1.0,0.6668521,0.05626819,0.070529446,0.085124716,0.380784
0.12414457,0.08130628,0.080976866,0.07536743,0.06290557,0.058141377,1.0,0.67232376,0.045907497,0.071692504,0.09611919,0.3583666
0.08458331,0.04114763,0.060976196,0.063899405,0.05439213,0.05511703,1.0,0.7521902,0.043140516,0.057492763,0.085899755,0.3086759
0.105852745,0.04486705,0.047890637,0.037562452,0.03456342,0.05347763,1.0,0.73627144,0.042427093,0.063613854,0.0812241,0.2853479
0.16740318,0.060272157,0.051459387,0.03468442,0.021562407,0.049978297,1.0,0.8197057,0.04512522,0.07852839,0.06569801,0.3282576
0.15292776,0.04260835,0.047539774,0.021372158,0.019756293,0.029823989,0.5903838,1.0,0.064479016,0.05948495,0.048388947,0.24159193
0.2191024,0.059787516,0.05054696,0.015893444,0.018531326,0.01904627,0.4601426,1.0,0.067711234,0.05189616,0.034938913,0.15063478
0.28059223,0.08533651,0.051192455,0.0163009,0.01731382,0.018272916,0.35301855,1.0,0.092004746,0.04275288,0.022269076,0.14659294
0.24101059,0.08739116,0.050837338,0.016267091,0.014023219,0.015146676,0.23338601,1.0,0.12914431,0.04331167,0.03271705,0.1024784
0.1992136,0.11919369,0.064204596,0.015210897,0.009989692,0.012349749,0.178084,1.0,0.16519949,0.048900962,0.034990676,0.07021054
0.089429766,0.1768691,0.18096654,0.014820008,0.007972804,0.011135504,0.29487112,1.0,0.12076935,0.033763684,0.034571268,0.032554682
0.04969035,0.29878858,0.45389548,0.02143175,0.010888556,0.015494643,0.5079755,1.0,0.05662277,0.020689115,0.024693117,0.019824145
0.04690449,0.21355847,0.40918848,0.02313303,0.013874775,0.015842326,0.4893381,1.0,0.058380377,0.04535504,0.026700638,0.023744425
0.089062,0.1763409,0.2737667,0.016934298,0.010504576,0.01741647,0.6417562,1.0,0.054222345,0.042880323,0.02412701,0.056118242
0.12692583,0.20826787,0.22201121,0.012786546,0.008419843,0.017605862,0.6838171,1.0,0.056082048,0.022570819,0.023242554,0.056663424
0.118310235,0.16803361,0.2430484,0.01508169,0.009514473,0.015466355,0.53630674,1.0,0.060579654,0.04209872,0.033292226,0.04483813
0.09309535,0.066113725,0.2006178,0.019517966,0.018911261,0.018588845,0.3333487,1.0,0.081878625,0.05734381,0.046635684,0.029226921
0.023620248,0.09453,0.2762484,0.025966361,0.027039176,0.026840659,0.3358949,1.0,0.08366876,0.040125664,0.04716134,0.0070761433
0.022744486,0.47204983,0.5231873,0.023286719,0.021619951,0.035069577,0.7737939,1.0,0.045237638,0.016205072,0.020863447,0.0054901834
0.07995184,0.4597089,0.3912779,0.017519789,0.019881168,0.0305266,0.7857417,1.0,0.04754758,0.033047304,0.016843455,0.028150162
0.14708047,0.21197298,0.20541823,0.018646404,0.02370091,0.022528687,0.5800796,1.0,0.06538734,0.039504908,0.028831411,0.052384302
0.13417307,1.0,0.5266029,0.021114696,0.018137172,0.04625948,0.9907416,0.82812685,0.043645333,0.044373065,0.02711264,0.02916622
0.07032867,1.0,0.4882552,0.012628147,0.011208239,0.03873915,0.7196848,0.40138793,0.012558016,0.030587729,0.008106962,0.009170962
0.06307041,0.9395738,0.64338946,0.021665175,0.022966502,0.047271486,1.0,0.7345945,0.0251109,0.057974335,0.019153083,0.013147595
0.1306262,1.0,0.28505567,0.007039356,0.00636175,0.041483857,0.4551078,0.21096984,0.0061995843,0.011908945,0.0047830814,0.0034316918
0.24701695,1.0,0.10775526,0.0017290043,0.0016751805,0.035428014,0.15054138,0.025035407,0.00080924307,0.0007995297,0.0007886799,0.0019768465
0.36389673,1.0,0.06231266,0.0011089143,0.001447432,0.048858523,0.12144249,0.009253584,0.00025284637,0.00095981394,0.0010277901,0.0032957175
0.50823665,1.0,0.044878364,0.0010370247,0.00202932,0.0788669,0.13407497,0.0077680224,0.00030677483,0.0018031123,0.0022885157,0.006808429
0.8275015,1.0,0.029327273,0.0011886377,0.0035207525,0.110318735,0.12537503,0.004911616,0.00039378848,0.0035869468,0.0031497234,0.017212847
1.0,0.77774113,0.0145993335,0.0015723725,0.004221039,0.09152998,0.066691704,0.0017701535,0.0010038292,0.0063412148,0.0029547417,0.0301121
1.0,0.4555,0.007362531,0.0013148076,0.0062488834,0.067965984,0.027120922,0.00086086476,0.0026257294,0.0075718034,0.0024070842,0.06733778
1.0,0.2069134,0.003323738,0.0016968389,0.010029224,0.069170214,0.015896194,0.0019023431,0.006544306,0.012366331,0.003966102,0.12458668
1.0,0.16014318,0.004075234,0.0019768104,0.024683649,0.10984798,0.022649448,0.0059875324,0.009094553,0.009273572,0.0059022345,0.18588597
1.0,0.087926924,0.0032550565,0.0023651456,0.05979944,0.1432662,0.015686568,0.0070174374,0.011799489,0.010541318,0.008733991,0.3691523
1.0,0.058986656,0.006891815,0.0041853134,0.1273169,0.25581408,0.018794464,0.012884885,0.018504472,0.020411892,0.028049212,0.46791384
1.0,0.07166702,0.027910952,0.009491139,0.3378304,0.5285767,0.031218193,0.059453033,0.036357068,0.08458085,0.118663974,0.60146344
1.0,0.08341137,0.037036534,0.012510013,0.43216676,0.56281066,0.02757633,0.07259961,0.032009985,0.11681264,0.14871305,0.6855157
0.7553066,0.06636014,0.022875221,0.019557381,0.36035097,0.2806021,0.017109575,0.050053857,0.016398733,0.09820731,0.11993121,1.0
0.30197328,0.02994271,0.0061102733,0.029687522,0.22256522,0.06469641,0.01188268,0.027600449,0.005942796,0.03887839,0.10934792,1.0
0.15802951,0.02398304,0.0037508234,0.07461296,0.29218477,0.037803493,0.010721307,0.015480278,0.005592729,0.02409003,0.18055467,1.0
0.09360289,0.021004453,0.0064335214,0.17053206,0.37923935,0.03456966,0.016402785,0.012119279,0.009247755,0.02838717,0.41861397,1.0
0.046366658,0.010165271,0.026033467,0.3128662,0.20837834,0.015642442,0.0264571,0.008393413,0.01814837,0.06321943,1.0,0.7136725
0.02179163,0.005618076,0.08590742,0.56304777,0.13359724,0.009996978,0.0220666,0.004368548,0.013748706,0.0935148,1.0,0.30066195
0.018852303,0.006157711,0.29754224,1.0,0.12479816,0.007202213,0.0125288945,0.0037721472,0.0073613035,0.12212379,0.68012995,0.11471946
0.010411033,0.0153749,0.5819384,1.0,0.06208006,0.005100122,0.0067007346,0.010237751,0.015408384,0.14333683,0.30925182,0.029195724
0.007325663,0.04659978,1.0,0.7957477,0.026007993,0.004031128,0.0038161643,0.012210792,0.023031937,0.20414776,0.16993791,0.01314761
0.0051673967,0.07211689,1.0,0.45253032,0.008809291,0.002187744,0.002471441,0.010647938,0.015930474,0.132385,0.07220047,0.007542684
0.0049173073,0.121235676,1.0,0.29521954,0.006695762,0.0023313577,0.0025309061,0.012314641,0.02102789,0.12138367,0.037403777,0.0070054024
0.009534444,0.34091613,1.0,0.1341319,0.0032715434,0.0014092054,0.0037303881,0.0112391645,0.03935823,0.11605832,0.019956931,0.0064547677
0.049427055,1.0,0.9924254,0.05358672,0.0028480736,0.0028198266,0.007905384,0.015825287,0.08197297,0.086226664,0.007993453,0.005791882
0.12078217,1.0,0.39398432,0.012323506,0.003372209,0.0037806744,0.0062031834,0.014647825,0.06461268,0.02474528,0.0027910678,0.003720534
0.45276448,1.0,0.14847282,0.007925124,0.0069773677,0.0052801515,0.007284408,0.045267675,0.07453784,0.008999442,0.0027265018,0.01703211
1.0,0.61604285,0.03285876,0.0063495673,0.0073821046,0.0035700575,0.012147539,0.094218664,0.055515755,0.007624657,0.008959924,0.10669005
1.0,0.1934395,0.011467756,0.006859112,0.003983277,0.002172471,0.026532007,0.08225904,0.016458295,0.008097335,0.013115012,0.3755887
1.0,0.07021482,0.015221928,0.022479702,0.007548706,0.004001839,0.055264056,0.06734763,0.0053916927,0.006278053,0.04649667,0.957721
0.5271912,0.03402758,0.012503939,0.02473738,0.0063167545,0.0093378285,0.05203234,0.025477618,0.0029519722,0.006001313,0.1596956,1.0
0.12267736,0.009919167,0.020536527,0.012507524,0.002519055,0.03977816,0.06792719,0.0073339744,0.004320708,0.02499315,0.63397574,1.0
0.029745238,0.025928605,0.049102835,0.012820441,0.0069507584,0.06289398,0.036106814,0.002939012,0.0064198994,0.08324865,1.0,0.60116726
0.020900603,0.03797004,0.035547797,0.0065501323,0.015581892,0.049898565,0.0103246765,0.0030581292,0.00525394,0.19360028,1.0,0.2972574
0.05016368,0.027005868,0.026644262,0.024823317,0.09563198,0.098098926,0.0084520085,0.0054359357,0.029267292,0.58051956,1.0,0.1666594
0.03236559,0.0115239,0.029487714,0.060294084,0.24678285,0.092617266,0.0046357615,0.0055506784,0.14086176,1.0,0.40811726,0.055265684
0.014582994,0.011380517,0.023938095,0.068235815,0.26139662,0.040659856,0.0012098402,0.00608548,0.28793946,1.0,0.1734661,0.015171973
0.011917982,0.0187818,0.01807884,0.16767035,0.32098097,0.022903575,0.0009935539,0.019706579,0.5984197,1.0,0.09168567,0.012913474
0.01475946,0.01657774,0.034094844,0.33490136,0.27828136,0.011979205,0.002377776,0.07768637,1.0,0.79847264,0.04445231,0.019866887
0.013057592,0.014391877,0.20045875,0.48631653,0.083960555,0.0028909585,0.014731017,0.35320756,1.0,0.2678506,0.013379259,0.011291124
0.008430554,0.04723596,0.6350777,0.53295356,0.025267413,0.0030104714,0.08633521,1.0,0.8257414,0.049339656,0.009540711,0.0045896647
0.009139798,0.18955527,0.75833,0.17277299,0.0035788608,0.008922186,0.29223585,1.0,0.2782828,0.014886943,0.007104542,0.004405712
0.09717904,0.958677,1.0,0.07174246,0.004188877,0.08007161,0.850407,0.9544653,0.09367708,0.019807778,0.016131746,0.0075490396
0.5276267,1.0,0.26694533,0.010739992,0.020505533,0.24170415,0.5523787,0.20178932,0.0145235015,0.019967994,0.020738363,0.0499561
1.0,0.40797305,0.032332733,0.03302152,0.19926716,0.3342354,0.1484645,0.018547533,0.007881015,0.020140775,0.083560854,0.52218485
0.32395715,0.041300472,0.06580496,0.38176933,0.46185845,0.11551389,0.0154890735,0.011498712,0.014195521,0.17040098,0.8931537,1.0
0.013163035,0.029269114,0.22056751,0.34465224,0.12482516,0.010578005,0.010819275,0.00898129,0.069590636,0.6752915,1.0,0.2270894
0.010983817,0.10913716,0.21295819,0.087501995,0.023695633,0.043455914,0.022110973,0.024278726,0.3643785,1.0,0.36970082,0.027056359
0.067380376,0.28904155,0.1419115,0.11222961,0.124336675,0.13715982,0.037397157,0.16001381,1.0,0.67001,0.08164114,0.022023043
0.3896731,0.38474062,0.08054484,0.2372313,0.7017765,0.2815768,0.05866622,0.6415071,1.0,0.18192804,0.019223347,0.05676667
0.27580494,0.06685964,0.015851011,0.18893117,1.0,0.5101092,0.12054954,0.36228752,0.1255889,0.014196588,0.007181174,0.097268954
0.4334994,0.035307914,0.028770503,0.23071483,0.9212942,1.0,0.38643223,0.3232852,0.033275712,0.022577591,0.03191998,0.42315292
0.38727254,0.034471825,0.067237295,0.25757918,0.22892809,0.33474624,0.5128057,0.20898165,0.021048132,0.03751324,0.17791376,1.0
0.110746175,0.02715358,0.13565819,0.16587438,0.026727188,0.1485858,0.25624537,0.05485617,0.023402035,0.044750176,0.6048848,1.0
0.027890746,0.02878688,0.11275513,0.042894464,0.029531162,0.14506333,0.0833961,0.0069063096,0.011996569,0.17116256,1.0,0.51572156
0.01482826,0.0723815,0.049578406,0.012789934,0.08767821,0.11681647,0.02165185,0.006433218,0.06126366,0.7524429,1.0,0.13487335
0.04062186,0.07531355,0.010357396,0.019920876,0.08618555,0.03817362,0.003193514,0.008328129,0.20560895,1.0,0.36944753,0.01731827
0.18127324,0.091745146,0.02000734,0.07925355,0.07863036,0.013043143,0.0067835464,0.06309225,0.626209,1.0,0.21101977,0.060538717
0.44203064,0.07456512,0.11158198,0.21960227,0.08328786,0.017947834,0.062618375,0.48244742,1.0,0.46907914,0.39604032,0.6351965
0.26131624,0.0683904,0.06471603,0.10653668,0.05790964,0.054585576,0.097420044,0.3071928,0.28857675,0.39069223,0.82729137,1.0
0.18619587,0.09582132,0.05985872,0.11652103,0.094421566,0.068582356,0.04971157,0.052670296,0.18193609,0.48853955,0.95509344,1.0
0.4696325,0.24948227,0.11417034,0.07730245,0.08012828,0.11038803,0.11535624,0.291407,0.55487525,0.25892696,0.43899038,1.0
0.37750062,0.19182765,0.114835836,0.05408898,0.092190355,0.0634459,0.03965259,0.2562346,0.47700676,0.18393154,0.5172274,1.0
0.50197005,0.13983609,0.2755962,0.09595384,0.14936933,0.08064549,0.03143237,0.1704767,0.6985847,0.40270597,0.37066248,1.0
0.6134474,0.4481312,0.31034863,0.06972344,0.104823165,0.048238292,0.036709223,0.19106258,0.47492102,0.33685705,0.34917572,1.0
1.0,0.837007,0.22593081,0.124984525,0.1132632,0.06551196,0.049641035,0.1797569,0.43594646,0.48695824,0.4899102,0.86015767
1.0,0.57551426,0.47650784,0.32519686,0.24496984,0.22240132,0.17287503,0.34266376,0.40133607,0.44000226,0.47061253,0.7366831
0.93349147,1.0,0.81613475,0.37095067,0.5302176,0.37365603,0.24388246,0.47218573,0.41762206,0.5549954,0.5267222,0.5790339
0.48161292,0.9464899,1.0,0.30312592,0.31644934,0.22314459,0.15462242,0.4401431,0.31551152,0.42105183,0.45409933,0.5525517
0.8756595,1.0,0.90582204,0.31993392,0.37483606,0.38627797,0.4656689,0.59452647,0.53712624,0.77877575,0.54946697,0.5435659
0.14511865,0.19600676,0.11348659,0.11520516,0.18772872,0.36216795,0.86147994,0.66594476,0.8490539,1.0,0.4522756,0.11753031
0.033221524,0.059688516,0.047046967,0.060921557,0.12346992,0.20654379,0.42231062,0.62764984,1.0,0.7965264,0.48369277,0.08482864
0.036134675,0.035112657,0.05097983,0.06400911,0.13017616,0.177859,0.27210507,0.60709834,1.0,0.6805358,0.3683614,0.07327519
0.10166877,0.12396228,0.2569876,0.34867007,0.65860665,0.5688801,0.7170685,1.0,0.89811987,0.7385406,0.45974424,0.10068878
0.15488933,0.29129878,0.34335306,0.37038222,0.70508224,0.85019594,0.7049239,1.0,0.74301356,0.8392141,0.64909625,0.109091446
0.37969527,0.32332268,0.27530056,0.43360353,0.57231814,0.57105255,0.58215946,1.0,0.7834489,0.88477236,0.505121,0.20116568
0.9925724,0.57291293,0.31947762,0.43225637,0.4548353,0.4190023,0.67687845,1.0,0.7574928,0.98044217,0.63454413,0.528817
1.0,0.43071425,0.19360884,0.2184458,0.2558229,0.3288703,0.72714734,0.9527718,0.4847258,0.4483536,0.4033813,0.5526449
0.62464267,0.40781438,0.21336526,0.2536763,0.27720284,0.35821044,0.7664083,1.0,0.5293553,0.49935636,0.44790545,0.49745786
0.48187268,0.3195289,0.18155912,0.18010356,0.25955185,0.31729847,0.63515985,1.0,0.49638465,0.3444094,0.25219008,0.30548415
0.4743112,0.32618245,0.24383983,0.22197196,0.35848504,0.41448572,0.88694227,1.0,0.44138193,0.41344064,0.4191539,0.382948
0.206796,0.13925073,0.13045923,0.17776434,0.41932884,0.32357082,0.38359335,1.0,0.7349422,0.3309981,0.31046644,0.22496569
0.27991298,0.25620914,0.11738613,0.22363608,0.52563596,0.33429247,0.6125548,1.0,0.7247479,0.24386463,0.1992907,0.14720905
0.3888273,0.8128807,0.14541776,0.39191285,1.0,0.47571695,0.89530617,0.47203475,0.60467,0.6507553,0.16742063,0.09220371
0.39179474,1.0,0.25915727,0.34913838,0.92915297,0.66438884,0.7834112,0.38888752,0.8022542,0.81896853,0.2032367,0.13776445
0.3794456,0.4293773,0.29437965,0.1892109,0.4200742,0.7763282,1.0,0.61565197,0.5855819,0.61241823,0.48562786,0.3723051
0.39431328,0.35089934,0.29485884,0.24391627,0.75093514,1.0,0.7412499,0.9285895,0.92647487,0.51507986,0.48762187,0.49735054
0.21875165,0.24548538,0.1657058,0.3857416,1.0,0.71844995,0.5784784,0.49147278,0.3745388,0.3092968,0.32987463,0.24103118
0.41206512,0.31865224,0.31610787,1.0,0.717242,0.41089356,0.40403166,0.3270461,0.3194108,0.5359937,0.52743685,0.5160022
0.89467597,0.6984867,0.49701387,1.0,0.7774209,0.56389576,0.58997416,0.7014525,0.49980104,0.686314,0.6883359,0.8810725
0.587889,0.5837747,0.46704572,0.38021216,0.45272478,0.70412964,1.0,0.8981489,0.4629963,0.46805167,0.55171895,0.5307101
0.35457692,0.44462037,0.38252583,0.25809583,0.21152563,0.4263212,1.0,0.74660784,0.9433141,0.6903927,0.36698148,0.28180233
0.1508041,0.1923645,0.19736485,0.13590647,0.14812382,0.2956477,0.41376773,0.45146185,1.0,0.48425642,0.19098175,0.20073608
0.2773582,0.53430116,0.35992613,0.27143523,0.3243186,0.48546308,0.6241559,0.9087663,1.0,0.6005452,0.5944485,0.40387368
0.4490202,0.96521443,0.6166907,0.57091266,0.7287403,0.7586822,0.508333,0.7653891,0.91884625,0.976381,1.0,0.44453707
0.46315357,0.6052442,0.6070799,0.77191186,0.97447264,1.0,0.42435622,0.6320039,0.87884516,0.34352866,0.23784012,0.2546385
0.09152116,0.20850462,0.23278889,0.5269529,1.0,0.7939405,0.29114798,0.45755976,0.50267977,0.1558726,0.06976136,0.0749277
0.027922012,0.078629434,0.1378929,0.6605613,1.0,0.5794107,0.15187895,0.21579574,0.43040806,0.12734254,0.01884204,0.04237677
0.017043889,0.04798638,0.12378988,1.0,0.6006429,0.21119797,0.054539908,0.07129977,0.3307694,0.117549725,0.0069901934,0.03510575
0.04504184,0.07303471,0.09987928,1.0,0.44288936,0.06085177,0.031432565,0.06113205,0.30901432,0.12096697,0.021478394,0.15275596
0.36388332,0.53902566,0.4272069,0.91127014,0.4139718,0.1969764,0.104805425,0.10833805,0.3531146,0.20296213,0.15552175,1.0
0.35657465,0.74697036,0.77288073,0.16469216,0.14090046,0.22114477,0.1297826,0.11396376,0.16247976,0.25187916,0.25586265,1.0
0.55488867,0.60300684,0.6409286,0.48226684,0.36556518,0.56263185,0.30548194,0.22527026,0.29423425,0.35652032,0.3408041,1.0
0.8243643,1.0,0.6161995,0.7274078,0.69154865,0.8482967,0.4080135,0.3415762,0.4629912,0.4402491,0.45112616,0.7085226
1.0,0.91916114,0.66734964,0.7810298,0.710068,0.8864366,0.5276591,0.4803279,0.9207969,0.88915896,0.82997435,0.7604378
0.91526014,0.86053014,0.7603124,0.79258764,0.9392329,1.0,0.7150268,0.6268581,0.7869654,0.818356,0.94565034,0.86375713
0.7905281,0.687899,0.6653403,0.72816646,0.81306773,1.0,0.68186647,0.52549124,0.6631372,0.8134935,0.91926134,0.7932163
0.6795914,0.5371596,0.5104239,0.64019465,0.74296063,0.94416213,0.6142556,0.5065907,0.58650774,0.82009655,1.0,0.7368217
0.5062265,0.47661307,0.5218827,0.5248102,0.59312886,0.80513805,0.62664074,0.6957975,0.7130132,0.721953,1.0,0.593994
0.3850122,0.49051228,0.5352002,0.48975775,0.64818424,0.7465718,0.8494397,0.6540431,0.69077986,1.0,0.9079656,0.4870303
0.47461554,0.52329326,0.51727545,0.42026848,0.49217218,0.6076276,0.7111286,0.5587463,0.5808036,1.0,0.80680126,0.5172881
0.7200159,0.7753994,0.79803467,0.7824869,0.8236237,0.8351452,0.69124836,0.65061384,0.6730113,1.0,0.85567623,0.7094507
0.91058767,0.8316409,0.88031274,0.8551321,0.64672434,0.53445214,0.5523275,0.61133647,0.82696146,1.0,0.9701543,0.8369221
0.88979286,0.694175,0.71190304,0.8710784,0.9392852,0.8662061,0.83799195,0.887296,1.0,0.9969815,0.9494227,0.82862765
1.0,0.80816686,0.7201213,0.7956376,0.8827086,0.7484146,0.6863726,0.6602198,0.69531876,0.8242396,0.8603685,0.88283914
1.0,0.7737109,0.7881858,0.8957303,0.83246934,0.882253,0.6884032,0.5712634,0.5763507,0.77937955,0.8505956,0.8994465
0.8498813,0.84600466,0.9151385,0.96427166,0.85081524,0.7288577,0.6622782,0.75331545,0.8813915,1.0,0.95507556,0.8713712
1.0,0.9108728,0.8401149,0.7708375,0.58730763,0.4453056,0.38729468,0.5217507,0.74557185,0.88114035,0.91944796,0.98346186
1.0,0.9346246,0.8189128,0.7373884,0.600077,0.5222669,0.48441318,0.536997,0.6531633,0.735756,0.78830194,0.89967
0.7009937,1.0,0.34290668,0.22290996,0.18909205,0.20776021,0.3127134,0.28005874,0.34883857,0.40190256,0.36764708,0.3449169
1.0,0.78087366,0.26508597,0.22925176,0.28830788,0.33569655,0.34102625,0.32921007,0.480119,0.6119453,0.37861827,0.340473
0.35763273,0.32970145,0.29862866,0.16595553,0.17082669,0.1812807,0.29267842,0.38642737,0.6713393,1.0,0.385269,0.23941155
0.19893458,0.28322133,0.4143431,0.26810446,0.180976,0.24459146,0.40601897,0.7565281,0.9198665,1.0,0.42549765,0.24228178
0.0065761036,0.009782788,0.04314014,0.054756727,0.0120677,0.013035325,0.040475477,0.4199304,1.0,0.2720848,0.0412675,0.012593943
0.0012177071,0.00075341755,0.011907936,0.04555439,0.005558354,0.00069206516,0.017860202,0.38270846,1.0,0.22158815,0.0112482,0.0015822331
0.0038249805,0.00065112853,0.02023878,0.071135536,0.006796849,0.0002343377,0.011206722,0.39223033,1.0,0.14683554,0.0046229647,0.0028250625
0.010642239,0.0053364993,0.08908516,0.11608162,0.006273005,0.0010077201,0.04858275,0.71440184,1.0,0.09376332,0.0037811662,0.00938515
0.029004661,0.047586873,0.13681582,0.10007796,0.014751508,0.04829953,0.35239017,1.0,0.6060144,0.043439545,0.013287304,0.019124968
0.19185652,0.26607573,0.2208348,0.34355992,0.3623578,0.7899909,1.0,0.5035619,0.19871536,0.106577456,0.3054896,0.17657669
0.93854094,0.57541454,0.45189372,0.89082646,0.8067163,1.0,0.45230332,0.17297618,0.1174516,0.25201398,0.8976255,0.92319703
0.74558437,0.29109755,0.109076284,0.22832192,0.24613689,0.16595569,0.09729669,0.06369163,0.12709102,0.2724538,0.68624914,1.0
0.56810343,0.7727527,0.2616687,0.18668616,0.25965965,0.37517044,0.29342675,0.45094523,0.4269717,0.5110969,1.0,0.8022468
0.5708666,0.86757284,0.29195938,0.33768153,0.69073766,0.730874,0.5823126,0.4804789,0.45153147,0.61087817,1.0,0.46231508
0.23335473,0.31430754,0.21044965,0.23954074,0.5494735,0.73759186,0.6418362,0.54911405,1.0,0.7708955,0.49905363,0.24511084
0.14557509,0.119065344,0.12254556,0.2361387,0.21451323,0.24957687,0.32471862,0.47432908,0.874726,1.0,0.57018757,0.27259472
0.079995394,0.0922726,0.07408641,0.13760574,0.14447148,0.19334966,0.23112772,0.2190092,0.3549877,1.0,0.5619348,0.11346306
0.13025504,0.2063405,0.20756577,0.58311033,0.9402714,1.0,0.87384707,0.23706566,0.34797895,0.68470925,0.32164115,0.10295935
0.058193654,0.06509014,0.04293977,0.13608485,0.35872024,0.87489945,1.0,0.3398162,0.14047275,0.061845068,0.026189571,0.02368857
0.012817193,0.019994698,0.01686719,0.010673811,0.030855749,0.16191046,0.60417277,1.0,0.3116677,0.041206077,0.018824818,0.0072646304
0.0022172632,0.009772782,0.019599635,0.006958153,0.0077693197,0.012588355,0.21878302,1.0,0.27704427,0.029857403,0.012145768,0.0034660082
0.004936694,0.010862673,0.016727889,0.009307981,0.010770982,0.019750813,0.22313069,1.0,0.30383486,0.056249466,0.020755371,0.005716353
0.004956827,0.009372472,0.01510756,0.018042365,0.036758754,0.20039105,0.7685248,1.0,0.30315727,0.12888911,0.03373283,0.009878165
0.00842114,0.012321742,0.015296746,0.041572724,0.07380992,0.62696373,1.0,0.36586356,0.18563084,0.09765016,0.027474288,0.0117151905
0.03697608,0.023683846,0.020117126,0.03862246,0.13910969,1.0,0.58667296,0.45305213,0.13979001,0.067247465,0.037850708,0.013802447
0.03159935,0.017746435,0.017561428,0.02505701,0.19244878,1.0,0.59724253,0.5251686,0.07198319,0.02750122,0.017388728,0.013069384
0.018104855,0.016702758,0.013708766,0.023881681,0.15163569,1.0,0.711387,0.27968642,0.05377603,0.01958371,0.012647694,0.009161916
0.06403191,0.033376828,0.017583486,0.053424325,0.109598346,1.0,0.9566571,0.22615167,0.07889219,0.032699734,0.031552467,0.022998227
0.24387139,0.09387049,0.026095513,0.06235345,0.052979376,0.6039349,1.0,0.20975544,0.085422985,0.052265912,0.054982163,0.09893363
0.58421785,0.18925692,0.05353255,0.064152524,0.05661572,0.49970105,1.0,0.2184486,0.07588224,0.06102424,0.073979855,0.17894515
0.75896025,0.27568218,0.11421029,0.06737341,0.06932029,0.66661906,1.0,0.22687727,0.08625339,0.079235286,0.09812788,0.25891942
0.5226847,0.30176705,0.12701812,0.06203972,0.13507232,1.0,0.9893343,0.2548504,0.11426164,0.1210086,0.09799063,0.2908287
0.27386305,0.22271176,0.089737915,0.09817064,0.34112042,1.0,0.7714139,0.42240745,0.12957455,0.14695002,0.12356525,0.15218644
0.107418016,0.09168579,0.31343085,1.0,0.74602515,0.7181227,0.73297894,0.40417144,0.12763822,0.18920851,0.22569928,0.12521917
0.007459744,0.008602323,0.11685817,0.84538376,1.0,0.21141969,0.03414921,0.014699951,0.01850754,0.029907206,0.019473642,0.010493806
0.0024445115,0.0024501304,0.011767999,0.24090159,1.0,0.429104,0.022549367,0.004120752,0.0071093766,0.009629211,0.0049991906,0.0032414582
0.0017910469,0.0009901185,0.0021244404,0.07379164,0.7115047,1.0,0.30128393,0.029168837,0.005008868,0.004349392,0.0021060545,0.0019989691
0.004329856,0.0056501226,0.0022891846,0.014130141,0.14754584,0.7605546,1.0,0.270508,0.028808445,0.006597003,0.0026062585,0.0017896378
0.0068233763,0.015365475,0.0063231275,0.006835389,0.030704202,0.14770444,1.0,0.52105916,0.04248882,0.011896882,0.00844368,0.0020358318
0.007870165,0.016315643,0.006399034,0.008258146,0.012970975,0.19862673,1.0,0.31199223,0.015698466,0.010574434,0.018757503,0.004101702
0.04713089,0.035103586,0.0075346255,0.015898647,0.030757507,0.4601173,1.0,0.22252978,0.023372686,0.0148758,0.0207975,0.014276231
0.21608864,0.096750244,0.023458468,0.03205556,0.14912146,1.0,0.76334363,0.17937005,0.050950352,0.042245984,0.048135787,0.10670083
0.41573068,0.130743,0.0461274,0.07312201,0.5408355,1.0,0.69391185,0.45332667,0.124103844,0.064685866,0.08012339,0.30281243
0.20833412,0.0957303,0.06371496,0.2884662,0.6648264,0.36225948,0.53479505,1.0,0.4964828,0.13624193,0.17428055,0.2967917
0.18894602,0.08032129,0.09127097,0.26910332,1.0,0.4749567,0.33981314,0.58182114,0.49595994,0.15071236,0.16088456,0.2835734
0.5964304,0.49258316,0.24544638,0.20286147,0.63602406,1.0,0.6155928,0.29668662,0.12587449,0.049930654,0.046300553,0.13118242
0.41731212,1.0,0.2839342,0.08078056,0.06299015,0.41180536,0.5264217,0.09924393,0.023621565,0.0147267915,0.012948094,0.028484777
0.39483148,1.0,0.16658433,0.022788048,0.01043243,0.082504,0.21057673,0.031093692,0.0057868534,0.005299968,0.006654561,0.019572485
1.0,0.87907,0.09412528,0.012468725,0.020775517,0.20523562,0.17857803,0.015310176,0.0038262939,0.0060040187,0.015482306,0.07476373
1.0,0.28594986,0.028371826,0.0056095673,0.060520533,0.313339,0.13354509,0.009278331,0.004816081,0.013176194,0.041048944,0.28070468
0.7292535,0.08167316,0.01843553,0.009732955,0.10903059,0.20163772,0.050897945,0.010147961,0.009543753,0.020516029,0.12246603,1.0
0.3369716,0.05624755,0.05556676,0.020965602,0.044662274,0.03484539,0.022597894,0.016788706,0.01551095,0.01467408,0.12982017,1.0
0.64147365,0.3166904,0.30790836,0.13607605,0.12819308,0.41203734,0.40218192,0.11063654,0.034657665,0.04015533,0.14665216,1.0
0.24977452,0.37883165,0.30942452,0.10453345,0.09550471,0.3852441,1.0,0.5717804,0.04971714,0.03070228,0.05192112,0.0981359
0.37645754,0.271022,0.21723954,0.07533075,0.10860489,0.2642993,0.92340213,1.0,0.11682544,0.03480246,0.06472299,0.20064577
0.24155742,0.12708394,0.07057821,0.09589186,0.3516768,1.0,0.56337565,0.4781469,0.12947628,0.045612283,0.06745573,0.18678369
0.04111286,0.025857283,0.04790449,0.31768456,1.0,0.74684906,0.16510439,0.051075097,0.020533588,0.021722455,0.027414897,0.04566089
0.016351242,0.010442856,0.037866917,0.6085057,1.0,0.17102857,0.051447626,0.02707717,0.016554836,0.013370655,0.021240372,0.025885899
0.014212449,0.00479437,0.020850675,0.4745658,1.0,0.17640875,0.025996614,0.015638424,0.006095819,0.005596044,0.015854483,0.022130951
0.011795679,0.003290352,0.0126363,0.34618014,1.0,0.23409231,0.02094315,0.0058687497,0.0017994872,0.003495911,0.010075345,0.020721158
0.016565416,0.005389883,0.012588806,0.37015828,1.0,0.21597399,0.017954819,0.003803013,0.0017453368,0.0030129554,0.010241396,0.022269214
0.03376128,0.018144239,0.046937887,0.7105779,1.0,0.16109537,0.031914957,0.008688542,0.0033354184,0.004674817,0.030730825,0.04798451
0.041427273,0.050868586,0.119828895,1.0,0.75740325,0.27884018,0.20401682,0.1092118,0.033317532,0.027807556,0.10275427,0.081756204
0.012651163,0.03305917,0.20620482,1.0,0.78850096,0.26720756,0.2610021,0.40777346,0.13062453,0.05258243,0.070442975,0.028450832
0.008890089,0.02015629,0.32196188,1.0,0.39135906,0.11494974,0.16859657,0.39141583,0.21490926,0.08015733,0.056265578,0.016242925
0.024660766,0.037977085,0.5340712,1.0,0.33847672,0.14993313,0.2155877,0.47849277,0.34131616,0.12842312,0.077995345,0.021869333
0.040295806,0.04506255,0.42712542,1.0,0.6801503,0.23916233,0.33928865,0.76000446,0.50299066,0.1376302,0.08428401,0.033563644
0.021584624,0.020292511,0.18570742,1.0,0.6715935,0.26328182,0.27063826,0.81327295,0.3725496,0.15428942,0.10754017,0.040889967
0.021917377,0.013991199,0.088021204,0.70410246,1.0,0.29058343,0.2689931,0.48906043,0.2663292,0.12937272,0.059470393,0.039396062
0.029179636,0.006975817,0.022599073,0.24072014,1.0,0.35325116,0.26692542,0.24855776,0.15841717,0.052577116,0.023656862,0.06375288
0.04575636,0.005808231,0.023481805,0.23182356,1.0,0.41987708,0.40926516,0.3024748,0.16811982,0.049798224,0.032951247,0.12315448
0.0461964,0.007781373,0.041016635,0.4247616,1.0,0.36066014,0.4949966,0.58216155,0.3197455,0.09304496,0.08144962,0.17943388
0.020462938,0.010972449,0.10122981,0.49109185,0.41850984,0.18329446,0.31669885,1.0,0.6201008,0.18507418,0.15034294,0.09390538
0.02239628,0.02111421,0.21133752,0.35100314,0.1100519,0.095653355,0.28632218,0.71675926,1.0,0.3712683,0.21422146,0.059249632
0.051292684,0.042918343,0.43124557,0.57467353,0.11844709,0.06848479,0.20829643,0.49720034,1.0,0.47751763,0.22010742,0.075316526
0.06051801,0.11934344,0.83862823,1.0,0.30174357,0.11207887,0.08899616,0.1398682,0.26053458,0.14810133,0.09812055,0.060328897
0.06040602,0.042270035,0.13923806,0.30889487,0.6965085,1.0,0.42194903,0.0846148,0.03371876,0.03693611,0.040997494,0.0661646
0.054253165,0.020090276,0.030683175,0.02411058,0.22586839,1.0,0.48133773,0.049895167,0.01384129,0.00918922,0.013354392,0.04476688
0.09576313,0.02036151,0.03152803,0.05164912,0.47477832,1.0,0.3808184,0.052574217,0.018574463,0.022239886,0.07285134,0.17709163
0.1816875,0.054181464,0.20555693,0.41591397,0.84671926,0.68609416,0.24230088,0.120878235,0.043247346,0.21858114,1.0,0.88996196
0.13598172,0.10993907,0.65401244,0.7666077,0.23640805,0.19055848,0.2272663,0.14653543,0.039721437,0.43740767,1.0,0.44395697
0.28700635,0.109044716,0.3982315,0.727598,0.6141872,0.23547252,0.15086822,0.12606256,0.06329461,0.21700807,0.5847402,1.0
0.51952,0.04274833,0.06409616,0.14509684,0.61172086,0.50456554,0.04906067,0.037323974,0.045388646,0.050521392,0.21110615,1.0
0.649545,0.06729962,0.07883151,0.1278422,0.72413576,1.0,0.13881437,0.08519563,0.0455474,0.082030796,0.09682036,0.42402658
0.2551174,0.06895196,0.12288145,0.4091432,1.0,0.6428279,0.20794225,0.082619734,0.026961977,0.030250356,0.047710903,0.1639484
0.049009614,0.18391791,0.5773014,1.0,0.67096835,0.14530979,0.02044973,0.010659684,0.013628754,0.021545004,0.050370436,0.050318006
0.28821072,0.6888483,1.0,0.7399664,0.18480642,0.029056523,0.0151987625,0.038753778,0.06615325,0.0753963,0.11923377,0.16437063
0.6711941,0.8099147,0.50161994,0.19735596,0.104033336,0.1656125,0.3515552,0.7274852,0.93580866,1.0,0.94434357,0.69608855
0.042382035,0.012742924,0.049399752,0.19546765,0.5470862,1.0,0.9445383,0.54372483,0.35842574,0.24769709,0.10654725,0.056922544
0.014192486,0.012910711,0.074802734,0.34567463,0.91097677,1.0,0.20025098,0.054045763,0.01099055,0.007040654,0.008866121,0.020135045
0.028496416,0.033689193,0.07245709,0.2011082,0.5106986,1.0,0.63190037,0.15606798,0.02178955,0.01892245,0.022068867,0.024075573
0.015023644,0.022178823,0.01980086,0.016045604,0.057978973,0.39536884,1.0,0.4676214,0.07507388,0.013011482,0.01362659,0.011304984
0.013476401,0.012860301,0.016312461,0.017525978,0.030595032,0.14897095,0.6008367,1.0,0.6865857,0.32728478,0.11559524,0.03319304
0.2627969,0.15909137,0.09301324,0.049169213,0.03317269,0.025915885,0.058110703,0.26190475,0.69176495,1.0,0.8187714,0.45780587
0.6066078,0.6952558,0.85464203,1.0,0.55115014,0.114853054,0.0215217,0.017062465,0.102814175,0.3697057,0.6078114,0.62868476
0.027388856,0.06674988,0.20171008,0.5936586,1.0,0.66817486,0.1491213,0.0095709795,0.0026776611,0.0052663363,0.007037405,0.021265069
0.003853366,0.0020043415,0.008707646,0.05455922,0.34612024,1.0,0.84800833,0.124349594,0.003893874,0.0021762862,0.00574752,0.008871971
0.0012770675,0.00095990655,0.002290776,0.004484813,0.017234702,0.24811934,1.0,0.28273013,0.005386893,0.00091117015,0.0020979207,0.0031836848
0.0016385347,0.0007236624,0.001257732,0.002041396,0.0061167954,0.1689683,1.0,0.3742397,0.007984974,0.00043653784,0.0005795144,0.0016300379
0.0018209901,0.0007311259,0.00078076293,0.0011524888,0.0018629587,0.092867315,1.0,0.5755197,0.01569466,0.00031909373,0.00040739775,0.001485174
0.00090337015,0.00083091256,0.0009543294,0.0008769597,0.0011502677,0.06391207,1.0,0.8611981,0.045333315,0.0006351171,0.00054342614,0.00093310303
0.0002623048,0.00027572335,0.00048787825,0.00042077122,0.0010055858,0.017625647,0.44132212,1.0,0.16859835,0.0027857844,0.0003086846,0.0003015323
0.00010111838,0.00024354977,0.0003794051,0.00018221793,0.00054390327,0.016311405,0.3290604,1.0,0.20764987,0.0026421112,0.00022875985,0.00013474122
0.00014446091,0.0011252732,0.0016758688,0.00014134994,0.00024818856,0.013322686,0.42157105,1.0,0.16167875,0.003765499,0.0006816365,0.0002750144
0.0009311956,0.030771097,0.043852683,0.0016424152,0.0003715064,0.011544845,0.4941219,1.0,0.13068038,0.0050947536,0.0016945082,0.0010171707
0.012874311,0.5112432,0.5365643,0.013939326,0.0025687611,0.03533437,0.9715108,1.0,0.047715597,0.0013110099,0.0013110385,0.0013060106
0.021606533,0.68809813,0.5612226,0.0132955555,0.006296162,0.05336401,1.0,0.5498721,0.009963539,0.00049811206,0.0015141247,0.00048679105
0.008180646,0.17547804,0.09826869,0.004189023,0.011786909,0.070181064,1.0,0.4224878,0.005323852,0.00062191795,0.0027047491,0.000666683
0.0019698504,0.03472268,0.018286927,0.0025662188,0.01745501,0.07854542,1.0,0.45855916,0.0075926245,0.0006383338,0.0024142906,0.00086852483
0.0010966574,0.025627187,0.021307945,0.0028476312,0.018760359,0.07095443,1.0,0.75423276,0.026752636,0.0011530918,0.0052382727,0.0024401792
0.0019912366,0.017706798,0.012065818,0.009913105,0.06925155,0.37376693,1.0,0.4253315,0.018962111,0.0035733357,0.017600644,0.0055641583
0.0027054918,0.0055708177,0.019783426,0.10598903,0.44916743,1.0,0.66868645,0.083376125,0.0055014845,0.003078771,0.0077293376,0.0023990495
0.013027236,0.04359767,0.15509817,0.44304174,0.92818576,1.0,0.33574226,0.04652334,0.012266273,0.00510707,0.0054021403,0.0053081918
0.25423703,0.7322061,1.0,0.9730531,0.6308823,0.57446885,0.4192183,0.53655326,0.41339728,0.32544163,0.17030054,0.12694077
0.05258284,0.14856753,0.1747805,0.14470413,0.21366365,0.33061284,0.45581973,1.0,0.90648997,0.8063618,0.28312013,0.06898342
0.61688423,0.96247405,0.89541644,1.0,0.69199294,0.29309118,0.53621626,0.75079167,0.5898486,0.31931126,0.33481,0.39059702
0.1094512,0.25116223,0.53365576,1.0,0.98481345,0.5514913,0.18573453,0.049582332,0.038888037,0.019402774,0.028989013,0.05239762
0.012331415,0.034115076,0.12434323,0.29807132,0.6420802,1.0,0.35692415,0.02935669,0.007795783,0.005151278,0.0052105673,0.0044714604
0.017803518,0.05007599,0.052669555,0.0891883,0.15538481,1.0,0.96748334,0.09079171,0.0073960517,0.006099738,0.004265274,0.0031958928
0.027614946,0.078539826,0.034882464,0.022386294,0.0323797,0.5955772,1.0,0.11140059,0.003849106,0.0046772384,0.0031644567,0.0029155016
0.03398822,0.058939327,0.012236543,0.0076630656,0.067663245,0.93093127,1.0,0.07065222,0.0024707888,0.0026377663,0.0022633197,0.0036014263
0.02851144,0.024069624,0.0035072977,0.0049368823,0.04846546,0.76881564,1.0,0.0801495,0.0028648144,0.003373979,0.0029522958,0.0046826727
0.0277408,0.037739407,0.00563066,0.009208902,0.022984248,0.6048598,1.0,0.091134265,0.005760954,0.006454621,0.0064401273,0.007289431
0.025046617,0.02990578,0.01266093,0.021666788,0.034633968,0.70125175,1.0,0.116793804,0.012519118,0.009131188,0.011959967,0.012384275
0.07094422,0.048236705,0.0495621,0.08008799,0.08697584,0.97681856,1.0,0.22323783,0.040141452,0.019765615,0.028681435,0.037533835
0.27575156,0.14929399,0.17404677,0.22226638,0.29430586,1.0,0.57903683,0.44255233,0.09595514,0.053491876,0.12178536,0.13878298
0.6977618,0.28575554,0.29506183,0.3219584,0.9518016,1.0,0.34515822,0.51893425,0.20168447,0.09414321,0.23661897,0.41196388
0.4651676,0.17426793,0.15139121,0.23036379,1.0,0.656241,0.1991465,0.38961276,0.15913686,0.086162664,0.24011925,0.41953993
0.31622243,0.16617538,0.16622595,0.47332126,1.0,0.44278523,0.35187158,0.5641152,0.18505174,0.17287089,0.71810037,0.52953416
0.11890465,0.08919727,0.17267087,0.45855835,0.2894358,0.1738125,0.37516594,0.45337373,0.21621682,0.4686277,1.0,0.32742238
0.073974475,0.09198401,0.16620646,0.16926809,0.13230366,0.18581578,0.2624302,0.32843113,0.35179785,1.0,0.5158903,0.11860099
0.11396479,0.24670208,0.17482473,0.16860473,0.28733197,0.322284,0.35589427,0.57616085,0.949302,1.0,0.2930713,0.12401195
0.1797826,0.3208622,0.14659382,0.29746848,0.47708067,0.545474,0.43992627,0.6434554,1.0,0.39198208,0.20316581,0.20461473
0.43378058,0.37555024,0.18945453,0.5586138,1.0,0.82735497,0.6995802,0.702132,0.7479522,0.24429774,0.288684,0.3813493
0.41535437,0.23218027,0.6159677,1.0,0.8697607,0.609923,0.71349823,0.48257345,0.327204,0.1517094,0.31768647,0.59253967
0.23466529,0.6505264,1.0,0.5466716,0.544324,0.6304497,0.46102768,0.37166098,0.28071317,0.19013743,0.3517966,0.38313678
0.75822103,1.0,0.3739857,0.49708387,0.6251862,0.34714475,0.3272344,0.24269682,0.15680286,0.17047793,0.104042865,0.11175672
1.0,0.3493274,0.22472836,0.67882437,0.23923856,0.19937053,0.2427338,0.0946566,0.12765403,0.04235298,0.019199697,0.2602946
0.6874672,0.5071355,1.0,0.72625995,0.19788358,0.40001443,0.26408637,0.24470453,0.15066817,0.02287751,0.029054118,0.43402138
0.26377034,1.0,0.45066586,0.12211488,0.13699639,0.09192297,0.1434913,0.09157356,0.022366965,0.007815599,0.011972153,0.038884062
0.85108525,1.0,0.14304486,0.19014174,0.08461383,0.077078044,0.07005488,0.025721002,0.01610152,0.013102379,0.009164986,0.06429928
1.0,0.42772016,0.3859493,0.25155443,0.2033488,0.20159636,0.061233092,0.036943983,0.025220858,0.019589128,0.018365266,0.29481733
0.55362874,1.0,0.6417502,0.36146528,0.5035093,0.32525414,0.16265498,0.09629038,0.06486482,0.017994542,0.06059548,0.36995208
0.7379925,1.0,0.17769587,0.25971764,0.21848774,0.2824907,0.089164056,0.0730742,0.0262785,0.020170383,0.043346886,0.06444236
1.0,0.44590905,0.1839534,0.17413764,0.3684944,0.299507,0.10163975,0.045299064,0.025362335,0.0479507,0.03687008,0.16608566
1.0,0.41425788,0.36163384,0.33979133,0.6698145,0.33873472,0.18054435,0.05106105,0.09050213,0.091769144,0.061234396,0.60612255
0.86337715,1.0,0.64738876,0.5140003,0.6080379,0.52683115,0.21714966,0.13980451,0.23546763,0.10658375,0.1964649,0.5275254
1.0,0.69797325,0.4372902,0.17845602,0.2140592,0.19884159,0.17647514,0.10200195,0.12208839,0.10941062,0.24818385,0.38321725
1.0,0.80873173,0.60905766,0.3606662,0.44658184,0.3353343,0.22419794,0.13209574,0.20296928,0.2313281,0.50788754,0.982802
1.0,0.7474341,0.59179324,0.4165062,0.5449544,0.48000476,0.23889938,0.09426919,0.15374471,0.16366573,0.3911022,0.75334173
0.9248907,0.6343624,0.3646222,0.47950107,0.8963582,1.0,0.757495,0.27584934,0.24871677,0.2581485,0.24898499,0.37396887
0.44865218,0.36400244,0.28389254,0.6206885,1.0,0.9582764,0.7265292,0.24392943,0.16505103,0.15880692,0.12907018,0.2593401
0.52510935,0.42628554,0.3092678,0.6699369,1.0,0.64644223,0.6412555,0.20013498,0.13573943,0.12338009,0.12289474,0.2809267
1.0,0.9076205,0.34274295,0.52330875,0.6733482,0.9708635,0.938431,0.54329306,0.40259296,0.20890997,0.19066535,0.35854557
0.6575672,0.6594447,0.2549409,0.66547835,0.75956434,1.0,0.91738135,0.7185696,0.48067284,0.2880233,0.16000913,0.23119499
0.43700898,0.57426053,0.29034996,0.7352068,1.0,0.9962919,0.7744267,0.41938353,0.56163245,0.3906102,0.20855139,0.16252638
0.66654944,0.5545594,0.25861964,0.62048566,0.7507966,0.9244978,0.9178007,0.326473,0.85901845,1.0,0.8227178,0.40884224
0.1328989,0.11018701,0.07137696,0.20493482,0.22471981,0.20042767,0.20260836,0.094855115,0.35732144,1.0,0.89759254,0.23750454
0.16763805,0.16688754,0.095983766,0.2164607,0.26807702,0.18476704,0.16733533,0.15818483,0.35130104,1.0,0.8308585,0.25173277
0.384809,0.29376435,0.168243,0.5705567,1.0,0.5135802,0.27897322,0.25320718,0.24767768,0.650844,0.61829466,0.4944795
0.39487764,0.5387862,0.612247,0.6348839,1.0,0.62886786,0.42463613,0.2616868,0.27394417,0.38943732,0.27773502,0.2786399
0.29490203,0.40161017,0.8098495,1.0,0.64860916,0.40433303,0.39900365,0.33602667,0.38704017,0.60168993,0.29071993,0.16193552
0.15844625,0.12903778,0.1892291,0.7159369,1.0,0.6425509,0.25267217,0.15362965,0.17525187,0.22414283,0.1594463,0.11975994
0.16343555,0.08827609,0.10785073,0.5978179,1.0,0.9985901,0.29783276,0.120497696,0.16893882,0.10110203,0.07490492,0.109302044
0.31790483,0.24410962,0.14900312,0.41064668,0.8670927,1.0,0.27737284,0.19281492,0.239853,0.10507988,0.087959796,0.16759355
0.74025255,0.7283359,0.39225903,1.0,0.87794423,0.86778855,0.5592262,0.41635174,0.29893133,0.24976921,0.29750195,0.42672202
1.0,0.5717325,0.24717669,0.5826612,0.44514447,0.280053,0.22238038,0.14158031,0.10222911,0.130762,0.10602657,0.2553291
1.0,0.6988597,0.52549934,0.40002853,0.44185522,0.46308273,0.34891173,0.20168684,0.13628677,0.2422812,0.20877193,0.49917567
1.0,0.79128855,0.6483138,0.36143312,0.3891681,0.6107242,0.40978009,0.28270012,0.30163324,0.44511777,0.33477953,0.69620067
0.834926,0.66036457,1.0,0.5475798,0.5072809,0.709616,0.4321464,0.29819295,0.28528756,0.33670944,0.4850938,0.5966147
0.881237,1.0,0.6609679,0.3958,0.42504454,0.669331,0.9830236,0.6149451,0.57900304,0.33854312,0.43028492,0.79782665
0.9883638,1.0,0.19746599,0.11058665,0.20016834,0.4496925,0.36225358,0.105956264,0.1329429,0.07690274,0.075732395,0.29877362
1.0,0.63604987,0.08679415,0.06155622,0.22028908,0.29696816,0.095317826,0.0409388,0.09631374,0.08753878,0.047374513,0.36880583
1.0,0.45364952,0.15202282,0.14300616,0.48854434,0.5055123,0.2253301,0.2870841,0.5138439,0.38044658,0.24447134,0.98318654
1.0,0.3244126,0.20413464,0.13448131,0.4286482,0.57392347,0.26616824,0.34265012,0.73639226,0.649513,0.34277445,0.85478634
0.6517951,0.63440365,0.2963567,0.1342758,0.35375166,0.30591217,0.09841731,0.22496831,1.0,0.8684851,0.21258861,0.31319824
0.566139,1.0,0.3865069,0.18482432,0.20408826,0.20832184,0.1666574,0.2650438,0.65099376,0.5374696,0.32442755,0.454629
0.8822606,1.0,0.48880464,0.4096648,0.387705,0.20215528,0.14998762,0.15692772,0.24001878,0.32719907,0.24028958,0.4657971
0.7618915,1.0,0.8110484,0.38219267,0.2824951,0.38464475,0.5594767,0.37351963,0.4651299,0.53721565,0.24998102,0.33090827
0.11844014,0.19596523,0.20006093,0.1748537,0.42531076,1.0,0.6556051,0.6836363,0.93463326,0.26852286,0.14408351,0.12924406
0.07998364,0.17134804,0.2630432,0.25832236,0.20206665,0.8660317,1.0,0.39474502,0.46594372,0.21115002,0.14780189,0.09549455
0.05410808,0.21022063,1.0,0.9730198,0.31078038,0.2227417,0.29250076,0.14407562,0.33074084,0.6630064,0.36049885,0.11675502
0.06042372,0.33740932,0.80833876,0.32267883,0.062088076,0.02343272,0.04106407,0.075848505,0.47346014,1.0,0.26249152,0.052106977
0.07845203,0.24587278,0.7329312,0.429398,0.07515195,0.03253555,0.105283156,0.21296386,0.39621672,1.0,0.40400192,0.14446253
0.2685121,0.34580132,0.5788406,1.0,0.82700676,0.6333001,0.38209167,0.63546735,0.45870924,0.8057878,0.9705597,0.5164535
0.54169303,0.6596251,0.2255669,0.16076736,0.44429374,0.9797752,1.0,0.49716306,0.41118386,0.37367857,0.22833858,0.2809981
0.14123319,0.45712787,0.59692264,0.18355957,0.20091493,0.20199558,1.0,0.53310025,0.11084102,0.18810388,0.114983,0.22915842
0.06420804,0.37345734,1.0,0.41863254,0.42404798,0.08300856,0.44623256,0.43711746,0.0459758,0.088038824,0.04119678,0.09182532
0.05658425,0.1450327,0.637426,0.5399012,1.0,0.22330014,0.31359428,0.9783737,0.22416222,0.050412633,0.028153315,0.048334584
0.028011916,0.028895438,0.0971687,0.097235054,0.18725905,0.10015041,0.24001895,1.0,0.394194,0.022154173,0.018820163,0.047231067
0.023704685,0.020488737,0.038330372,0.031049777,0.07063262,0.20577277,0.5791327,1.0,0.50947183,0.045329195,0.029453248,0.05650562
0.03353125,0.034018956,0.07431009,0.059546795,0.17721057,0.5721328,1.0,0.7695778,0.5657457,0.09299848,0.030572636,0.038050003
0.06738425,0.10746045,0.17886499,0.11268956,0.120992854,0.13054913,0.43595964,1.0,0.63494724,0.10140182,0.05693214,0.054171473
0.015009099,0.031815413,0.022722641,0.010553786,0.02021115,0.20245413,1.0,0.93054277,0.13692875,0.015586878,0.008261936,0.010120145
0.0148572605,0.016100926,0.003472723,0.0017883753,0.008734663,0.271496,1.0,0.48654956,0.047428507,0.0032061785,0.0042986786,0.010303418
0.011656585,0.010338932,0.0013492145,0.0013363584,0.016032904,0.46479025,1.0,0.16790296,0.011636832,0.0017875321,0.0076032793,0.011967479
0.0028743357,0.0024646756,0.0007030688,0.0009458464,0.02197676,0.43628263,1.0,0.3436217,0.03447245,0.0020372753,0.005339893,0.0077576875
0.003787959,0.0025935904,0.0022324726,0.0025553443,0.018874437,0.21279636,0.7308252,1.0,0.43363637,0.05866766,0.0044217454,0.0061013047
0.00202634,0.001599994,0.0016193433,0.009690331,0.0070378743,0.009819125,0.04664957,0.18386184,1.0,0.50043404,0.016730363,0.0009769615
0.00095374306,0.0006668171,0.0012670484,0.011030761,0.006743098,0.006414994,0.022710068,0.14622387,1.0,0.55145544,0.016642155,0.00056842365
0.001472612,0.001343802,0.0024566534,0.009463371,0.03889131,0.23505443,0.598166,0.91642207,1.0,0.25169122,0.008225756,0.001684825
0.00062332564,0.00076411094,0.000997049,0.015029513,0.26638994,1.0,0.82274604,0.3126835,0.094496,0.011111732,0.0017379222,0.0008363885
0.0010788892,0.00067004084,0.0005910228,0.013707261,0.34918064,1.0,0.28584528,0.018736858,0.0030279702,0.00078533194,0.0011550657,0.0007510327
0.0060409047,0.011820792,0.008149372,0.019491099,0.35363314,1.0,0.69903463,0.387892,0.08447197,0.005579579,0.0049870326,0.0042353943
0.009183157,0.016054064,0.027258208,0.02933541,0.030175164,0.063976794,0.39612725,1.0,0.5124876,0.059817422,0.01481607,0.013671061
0.015974863,0.011092111,0.018123554,0.0487914,0.01880734,0.011250715,0.05823757,0.3980489,1.0,0.28037226,0.029122874,0.01712828
0.015496268,0.006052378,0.008578405,0.038188208,0.020332338,0.01794093,0.07643247,0.6535567,1.0,0.2819412,0.034612894,0.018073563
0.0037014808,0.0009792533,0.0024875188,0.007232545,0.0045965123,0.01096996,0.043613993,0.767103,1.0,0.10256256,0.010467782,0.0037047088
0.0016566769,0.0004222135,0.000769437,0.001115036,0.0010336897,0.004571001,0.06274921,0.8954778,1.0,0.066092126,0.0018990182,0.0018910527
0.0015739573,0.0010883709,0.0013255364,0.0009650735,0.0012207492,0.013980713,0.21474868,1.0,0.43376306,0.02106634,0.001855958,0.0027887437
0.002108223,0.0035636423,0.002427656,0.0009955724,0.0019770362,0.0616941,0.7509997,1.0,0.119807154,0.0066576125,0.0048569166,0.0057762875
0.0022786157,0.0043802354,0.0034580466,0.0022559187,0.005951881,0.10794552,1.0,0.81887347,0.061704405,0.0054162196,0.0087599745,0.00620978
0.013403848,0.024133578,0.036636792,0.057592064,0.10952375,0.2732289,1.0,0.7422612,0.118174836,0.010878846,0.013167445,0.015299287
0.15235281,0.27821836,0.39428282,0.4436536,0.3772939,1.0,0.9994424,0.46619213,0.41784027,0.08046307,0.06211518,0.105086796
0.07780898,0.13834716,0.30284935,0.3042746,0.3633121,0.7625597,1.0,0.77975667,0.45799762,0.18095018,0.11040521,0.099386655
0.05236139,0.11047783,0.23049705,0.23887439,0.44917274,0.81768256,1.0,0.9739898,0.8707034,0.5992278,0.18644074,0.06121892
0.0077680056,0.023812653,0.043067213,0.0549086,0.1320629,0.20011045,0.2648236,0.37036216,0.820851,1.0,0.32113484,0.024357961
0.011520105,0.02433882,0.032031003,0.04388831,0.068396844,0.11118855,0.15242219,0.265417,0.60472417,1.0,0.3986377,0.035591785
0.0935011,0.23453702,0.40014455,0.4972352,0.53728783,0.3248326,0.34233937,0.94205534,1.0,0.64816964,0.35657007,0.08557727
0.016915234,0.045920525,0.11621903,0.3430836,1.0,0.9809878,0.5962273,0.6314745,0.62690175,0.25982437,0.12602112,0.027702779
0.0027392926,0.005099921,0.0065091806,0.025310088,0.2611525,1.0,0.83351874,0.4054464,0.17929925,0.036397967,0.02090149,0.004824278
0.0019421927,0.0033343742,0.0057400917,0.017890345,0.10976416,0.32301503,1.0,0.9654416,0.23894231,0.041320436,0.010235186,0.0039750133
0.009591667,0.005626792,0.01534147,0.028881142,0.05694097,0.08464576,0.44529927,1.0,0.87470114,0.3593254,0.03422337,0.007400685
0.024572419,0.022364423,0.016559327,0.030425519,0.020684367,0.022454634,0.07226254,0.25357625,1.0,0.9834228,0.09668197,0.007523999
0.1107442,0.15216519,0.1877162,0.30204713,0.39925382,0.3841404,0.3264485,0.40619507,0.83118045,1.0,0.17081864,0.056459077
0.5017265,0.6332087,0.94198585,0.97647154,0.88626426,1.0,0.6154188,0.69701445,0.5098247,0.7218982,0.62799567,0.61221635
0.2913293,0.2107037,0.3442959,0.32678938,0.27326426,0.3716072,0.38373855,0.4057069,0.64397913,1.0,0.6579334,0.30761018
0.35312912,0.5234104,0.73348224,0.4285213,0.30999747,0.5807103,0.5102226,0.5571219,0.69342655,1.0,0.82290334,0.36195004
0.22362253,0.55924815,1.0,0.4017368,0.22404988,0.19884601,0.1885235,0.114235,0.1576325,0.2820565,0.19940506,0.1568981
0.24035318,0.44217855,1.0,0.70993,0.30660957,0.17500791,0.18110104,0.1843015,0.41653833,0.49414134,0.21959276,0.1645301
0.12696657,0.5248364,1.0,0.7382642,0.24663785,0.093638614,0.20993897,0.47126958,0.7921126,0.5890324,0.18450785,0.114738494
0.058964506,0.20989832,0.4748057,0.7226414,0.3303123,0.07855686,0.097875394,0.3344803,1.0,0.4531621,0.10786431,0.06461004
0.27125102,0.077661164,0.08780311,0.48342085,0.390123,0.1537917,0.11457177,0.18759646,1.0,0.73502177,0.5266247,0.46719408
1.0,0.26753128,0.036286023,0.02256004,0.019189559,0.020006532,0.03136994,0.034597345,0.026933126,0.02882848,0.09920303,0.38989148
1.0,0.3859494,0.041250702,0.02329411,0.012121414,0.008693042,0.009651006,0.025526017,0.02332976,0.01488405,0.0103826495,0.14061302
1.0,0.3395474,0.07790852,0.0863885,0.026986608,0.016829634,0.016147098,0.049700648,0.068386294,0.03236306,0.02110515,0.22287914
1.0,0.14964405,0.05436833,0.14621608,0.06482748,0.023084123,0.029069304,0.0817863,0.08625883,0.045233194,0.05608795,0.6179964
1.0,0.30527827,0.14338127,0.23321526,0.103202865,0.07406018,0.08750742,0.24776354,0.25390396,0.18530838,0.110004775,0.56052375
0.34010988,0.50166756,0.59899354,1.0,0.27945372,0.17299105,0.24803314,0.6290726,0.95798886,0.5466991,0.23830977,0.2313555
0.22545666,0.4536949,0.738196,1.0,0.23407702,0.266729,0.28839216,0.5736403,0.9867662,0.608461,0.2383185,0.21866599
1.0,0.99139273,0.61178493,0.22815211,0.058142796,0.014868264,0.026333144,0.07307615,0.051478952,0.04705301,0.06789832,0.38358897
1.0,0.6220636,0.3112308,0.11333161,0.029827973,0.010165722,0.057399232,0.06223798,0.04204996,0.03629828,0.056370486,0.59712803
0.60288095,0.228522,0.10615539,0.06324884,0.018881956,0.055306282,0.2333628,0.17456126,0.19195583,0.15431686,0.18725854,1.0
0.12500708,0.028254688,0.026365828,0.039920464,0.019275907,0.37480283,0.51491594,0.2056427,0.34398147,0.22014467,0.5446904,1.0
0.04084782,0.013299508,0.036597878,0.039465997,0.036428057,0.91772,1.0,0.117623806,0.531876,0.26685834,0.58198804,0.64105755
0.04190265,0.007474025,0.024757868,0.051080797,0.016945412,0.422227,1.0,0.11669699,0.2536142,0.25455275,0.24005549,0.42839107
0.09467504,0.012787944,0.0121200085,0.02975981,0.006121747,0.1333924,0.7035641,0.120682515,0.060885727,0.14444026,0.6101087,1.0
0.12238606,0.0070810006,0.00285847,0.005169659,0.0021846707,0.03907892,0.15409902,0.0246864,0.007927261,0.012635663,0.37804088,1.0
0.09544355,0.0035351946,0.002652178,0.0035433418,0.0018133763,0.040426336,0.12185015,0.0137291355,0.0051518898,0.011069807,0.42761612,1.0
0.058672454,0.003580943,0.0027127205,0.0021791547,0.0025528397,0.05679595,0.09788041,0.009301529,0.0043565514,0.048028365,0.8811382,1.0
0.018249266,0.0019793154,0.0021446273,0.0018165753,0.0026036003,0.040306628,0.03797234,0.0045796884,0.0058437213,0.12460076,1.0,0.5510622
0.34598622,0.07857388,0.016061954,0.021134162,0.014034747,0.057451263,0.18810037,0.052865896,0.06304526,0.20496535,1.0,0.74291486
0.5216713,0.117051266,0.02686722,0.014704647,0.010970701,0.22010145,0.40165117,0.06810821,0.14041232,0.106450334,0.41175634,1.0
0.13102582,0.031182958,0.02419811,0.019431967,0.016441952,0.48305258,1.0,0.19519019,0.1288013,0.076135226,0.32308292,0.5685587
0.09209824,0.008703865,0.010532768,0.01905628,0.01722093,0.22233246,1.0,0.40418118,0.07323667,0.06986701,0.09945695,0.24832284
0.6470087,0.06472772,0.007898124,0.027660092,0.03278614,0.07767469,1.0,0.96390533,0.16391027,0.2554753,0.17534967,0.43041226
0.95780104,0.27286026,0.015342532,0.007880419,0.017507875,0.0113473935,0.20823762,1.0,0.29594734,0.16348507,0.22118832,0.22782835
1.0,0.6939682,0.109163,0.006924319,0.014017072,0.02337249,0.10607737,0.93056047,0.7466983,0.31596637,0.22214106,0.24213842
0.2747781,0.6762285,0.2435249,0.015117072,0.019541742,0.02518641,0.030445885,0.18325539,1.0,0.69530636,0.11175253,0.06722685
1.0,0.42915136,0.077831924,0.16169074,0.15277909,0.023515552,0.060749754,0.24477896,0.5882348,0.9162802,0.45872894,0.6083203
0.5084389,0.041346643,0.018841118,0.18357931,0.11154908,0.021502746,0.06624912,0.09175086,0.42136753,0.9590663,0.45151043,1.0
0.1027031,0.0047306893,0.009436268,0.029287923,0.0117615,0.032241702,0.038374778,0.06324572,0.46190733,0.2756394,0.61302507,1.0
0.09409879,0.0036884304,0.0313402,0.015453282,0.0019495867,0.03208741,0.026191147,0.05235797,0.39774498,0.099268876,0.6327848,1.0
0.08405326,0.008275949,0.10782544,0.056586146,0.010504746,0.10386907,0.05820735,0.08666891,0.71969837,0.22154117,0.9801806,1.0
0.012583849,0.002347888,0.022950385,0.0155851785,0.08944269,0.62438065,0.1434482,0.10375681,0.5295187,0.21628734,1.0,0.35918587
0.0064166533,0.0030279367,0.0054610553,0.007945207,0.19093509,0.9840629,0.17946826,0.32045874,1.0,0.18593918,0.7590272,0.22194244
0.006244094,0.0038815464,0.005868276,0.0056433794,0.039948594,0.18243721,0.03788977,0.31297117,1.0,0.1357527,0.59592044,0.18904342
0.015494447,0.008890286,0.0076977955,0.00598756,0.015204046,0.078657776,0.027881565,0.35110068,1.0,0.16108514,0.7806086,0.20969863
0.049982116,0.04383083,0.050361637,0.023590714,0.06372684,0.15041105,0.07556059,0.24850523,0.5779123,0.24564072,1.0,0.24743351
0.21080887,0.2275967,0.19018354,0.09623895,0.208892,0.37981498,0.31388122,0.32882765,0.342196,0.4532737,1.0,0.34457403
0.16489021,0.19225001,0.11213207,0.09098852,0.11728015,0.22639076,0.20499806,0.18405743,0.21151459,0.31555936,1.0,0.414343
0.05733628,0.053413037,0.04615913,0.042113125,0.048372548,0.09937094,0.084090285,0.090766095,0.1592637,0.21983422,1.0,0.2919004
0.022136744,0.03739316,0.043350197,0.029739471,0.074928194,0.12727761,0.043402057,0.15436076,0.13277757,0.48703247,1.0,0.11626365
0.0072904523,0.011116036,0.012716129,0.012486689,0.06673034,0.08448793,0.01747704,0.15247281,0.08615004,0.7317342,1.0,0.04461192
0.008904695,0.018922474,0.007708411,0.020084035,0.100471295,0.07433299,0.04564163,0.13995478,0.13970335,1.0,0.77518284,0.029263599
0.0548541,0.09929173,0.01782906,0.09219489,0.13546908,0.04101638,0.14708412,0.18967262,0.7467888,1.0,0.20622693,0.012581952
0.055743918,0.0601855,0.043808315,0.12409818,0.047517017,0.01737956,0.072746724,0.34879887,1.0,0.3711006,0.021204526,0.02234999
0.10163353,0.050149135,0.08679941,0.107770175,0.014691874,0.01890796,0.097231984,0.8126731,1.0,0.11179588,0.015078195,0.08307292
0.11280573,0.07653333,0.09086774,0.07343481,0.010305272,0.03715357,0.13029924,1.0,0.89402354,0.06175957,0.013985012,0.092005596
0.16052005,0.07488906,0.09085026,0.056242373,0.008241042,0.036404733,0.15347908,1.0,0.7284609,0.048234195,0.016832655,0.062405623
0.14461993,0.071764946,0.10854238,0.033118006,0.009662449,0.03242045,0.2666857,1.0,0.34498227,0.040025447,0.01879535,0.04124043
0.46361592,0.13011704,0.09613029,0.024678875,0.26542538,0.53294533,0.76475906,1.0,0.13385852,0.02399747,0.030498523,0.45839614
0.47752362,0.024745513,0.0047029685,0.032487568,0.48398152,0.38129148,0.095058255,0.04390419,0.009904372,0.0033569394,0.07940456,1.0
0.38340628,0.0071198787,0.006310333,0.06288034,0.58723676,0.36356005,0.026193358,0.0052614654,0.004067902,0.02090619,0.20396927,1.0
0.083287254,0.0032324747,0.024583485,0.16891311,0.20980692,0.14194043,0.020372033,0.0069700554,0.0050680074,0.15945624,1.0,0.3770675
0.003076896,0.0010657468,0.041585393,0.16166328,0.028841881,0.0037464928,0.001966969,0.003951803,0.004494188,0.21435955,1.0,0.14804892
0.0022416643,0.023895176,0.1269007,0.1555662,0.017074179,0.0013666047,0.0013765511,0.005862296,0.081744246,0.69553226,1.0,0.07133665
0.052746616,0.19080311,0.17273471,0.042406835,0.0036734936,0.0016844161,0.0072611226,0.117798835,0.5792259,1.0,0.43454078,0.022018934
0.47626558,0.30886024,0.050357826,0.0069071935,0.003791049,0.01191953,0.24815308,1.0,0.82649636,0.19566736,0.027401652,0.14218113
0.52409667,0.056107916,0.005439056,0.0066937623,0.026359564,0.26912093,0.98395175,1.0,0.1413407,0.061452787,0.37674496,0.72265285
0.054844856,0.0042407047,0.0032063632,0.021485874,0.18639721,0.4940449,0.31863517,0.08184107,0.118263096,0.5549582,1.0,0.335622
0.005007753,0.0029723353,0.019619076,0.07959181,0.17821652,0.10615118,0.018757828,0.2446453,1.0,0.7872144,0.3074409,0.025220891
0.0024245437,0.010723205,0.044524338,0.04521375,0.025214411,0.0059586996,0.08047404,0.801621,1.0,0.19193669,0.015250732,0.0025318905
0.018734785,0.0715161,0.06881525,0.010904827,0.0053877854,0.043658286,0.3162924,1.0,0.4280601,0.028929623,0.006698478,0.004625142
0.2987289,0.34297788,0.12940107,0.06922138,0.20801756,0.53347,0.9221771,1.0,0.45232296,0.15443519,0.07971869,0.1613855
0.06885349,0.090935566,0.16182835,0.15804683,0.14104816,0.1733085,0.58155364,1.0,0.41764382,0.083572626,0.09140103,0.094763875
0.48781624,0.48025888,0.2784689,0.12883323,0.16719481,0.3776097,1.0,0.9533752,0.23617207,0.06953042,0.061824244,0.18330614
1.0,0.381501,0.15426831,0.18396135,0.19549568,0.27403307,0.7690801,0.77849996,0.18201472,0.071218975,0.22635137,0.726455
0.47424948,0.681479,0.9906439,0.35373005,0.33589667,0.7835174,1.0,0.8041121,0.3217147,0.4319414,0.7934076,0.76518327
0.16193168,0.33996058,1.0,0.68429315,0.30321866,0.36663684,0.71914434,0.56834054,0.38609606,0.5856268,0.56818295,0.3996666
0.25729683,0.13330865,0.4324961,0.5175739,0.24019149,0.2688287,0.52979314,0.7446136,0.55335814,0.4252014,1.0,0.6867422
0.15028763,0.14526303,0.16559333,0.07523954,0.112236634,0.10616662,0.20622675,0.8665658,0.5529518,0.27569064,1.0,0.2822862
0.13118364,0.09714846,0.0890964,0.09864027,0.076526776,0.08876897,0.1232286,0.7407417,0.52435505,0.30172387,1.0,0.25517172
0.26013666,0.16039035,0.26313716,0.30637893,0.20407264,0.2519273,0.33581662,0.9219557,0.6271039,0.81807196,1.0,0.49230173
0.45392263,0.30804446,0.29330337,0.26568407,0.17498259,0.13547759,0.32790664,1.0,0.8037495,0.9631602,0.83701956,0.51858336
0.3881212,0.48875266,0.33932164,0.26710254,0.17767867,0.19886875,0.5345089,1.0,0.64570993,0.78282017,0.98905724,0.4497372
0.323718,0.50578874,0.50413966,0.4008659,0.20948318,0.34130868,0.58559877,1.0,0.7727968,0.557317,0.87345576,0.4575616
0.27230513,0.2209019,0.32602835,0.4050001,0.31751224,0.50517577,0.45635116,0.7810663,0.646269,0.4506029,1.0,0.42702246
0.27841792,0.37976202,0.5455343,0.88089544,0.8081189,0.7486597,0.64237773,0.64851075,0.5183217,0.43260726,1.0,0.5056499
0.2096563,0.28908673,0.7234618,1.0,0.4640418,0.31176344,0.24572867,0.33189684,0.31673348,0.1876669,0.26601216,0.30097982
0.17033711,0.2534876,0.64337826,1.0,0.41887364,0.46683934,0.18636826,0.26659346,0.2650623,0.25883007,0.3306837,0.25380877
0.2655215,0.53727686,0.93003684,1.0,0.7628627,0.9924696,0.3579967,0.2778236,0.26884526,0.36355138,0.43649527,0.32125872
0.03304042,0.17670186,0.83147573,1.0,0.2309283,0.071173005,0.028327117,0.039592642,0.05752576,0.039727397,0.031064842,0.031418975
0.010121502,0.0360419,0.31708866,1.0,0.33392417,0.09461331,0.03410685,0.019345315,0.023973813,0.012887223,0.0057983003,0.00850325
0.021314364,0.029541751,0.1469628,1.0,0.733655,0.36336374,0.121037215,0.06934911,0.16178778,0.07941077,0.013205619,0.015013338
0.1795134,0.08652363,0.28263825,1.0,0.6079082,0.24049383,0.15293908,0.27303997,0.8685064,0.4078593,0.048230663,0.052960984
0.35094112,0.26021686,0.72023004,1.0,0.54094476,0.74525815,0.92378104,0.68473893,0.8158833,0.3719662,0.16912767,0.17475797
0.6168435,0.8954899,0.9007958,0.7808883,0.4927995,1.0,0.8564668,0.3786523,0.16369344,0.21640208,0.41862836,0.5152266
0.5868189,0.33611983,0.1506142,0.13379233,0.14133173,0.13807803,0.08341705,0.07838948,0.09421278,0.3930081,1.0,0.93665665
0.37473583,0.12855089,0.044147085,0.040524185,0.057062138,0.06060077,0.050322216,0.057796743,0.1142893,0.5024252,1.0,0.9665866
0.3697073,0.39291897,0.4517604,0.4152426,0.43202364,0.39696023,0.35269475,0.466757,0.8302354,1.0,0.9305813,0.63896143
0.09645281,0.1295991,0.12642916,0.14440161,0.17183283,0.23052791,0.23755246,0.40519604,0.62756664,1.0,0.51362544,0.2024674
0.06387732,0.044764087,0.07756504,0.08818668,0.14670753,0.26254743,0.16069077,0.31924826,0.5811059,1.0,0.37998968,0.10842685
0.07017108,0.044409033,0.097350016,0.104123004,0.16544318,0.2598557,0.11518656,0.22293057,0.65157133,1.0,0.31275266,0.10197299
0.5592084,0.2021904,0.10873057,0.13719106,0.2747538,0.5350019,0.5340569,0.30678704,0.6048443,0.8015114,0.7595517,1.0
0.24090555,0.21627523,0.054873142,0.034163263,0.06778059,0.44288304,1.0,0.2853016,0.27665472,0.31864205,0.638793,0.70051354
0.32558107,0.81132156,0.86503214,0.48968586,0.15215762,0.40719044,1.0,0.46345872,0.44816038,0.38889778,0.46737862,0.29406187
0.08352952,0.32962018,0.8658496,1.0,0.37117186,0.27956885,0.49951643,0.3187591,0.3212723,0.3027077,0.29147327,0.061325766
0.008499352,0.040105402,0.20087594,0.6392855,0.91068506,0.83453745,0.9127986,0.8848297,1.0,0.6939831,0.46483985,0.066941574
0.07956665,0.012301599,0.030948069,0.095220655,0.21920468,0.30169368,0.5447941,0.5581764,0.88762337,1.0,0.5083067,0.23540826
0.3747296,0.021977121,0.023145286,0.10207787,0.08874288,0.10153924,0.27109185,0.19797489,0.38796958,1.0,0.5714948,0.9758531
0.21927992,0.017824214,0.0111545585,0.047348995,0.06808503,0.07521204,0.081001215,0.10702368,0.43765005,1.0,0.69550353,0.70106316
0.034607224,0.021238439,0.021383008,0.044860944,0.090687476,0.16926014,0.45273232,0.8340851,1.0,0.73590136,0.20680366,0.061796688
0.11504639,0.14279021,0.18104686,0.3628201,0.6072136,0.96225613,1.0,0.7268808,0.35019776,0.14310224,0.05800278,0.04516262
0.50864196,1.0,0.7117713,0.26800993,0.21736616,0.18133305,0.11844877,0.08224873,0.078881115,0.05139342,0.06299327,0.12998192
0.5664784,1.0,0.3965067,0.119412296,0.07540252,0.04005214,0.03431112,0.09510866,0.06596203,0.021211319,0.032282844,0.09477013
0.48646298,1.0,0.5792256,0.25603178,0.1737912,0.16838852,0.16914402,0.16631266,0.09459745,0.05607652,0.09112166,0.11606849
0.399331,0.65256727,0.731365,0.692069,0.49557152,0.7747884,1.0,0.45643792,0.23689814,0.21655062,0.20395006,0.19739594
0.44412273,0.78035754,0.8609198,0.74953663,0.5210758,0.734745,1.0,0.7464043,0.68471116,0.49688992,0.19181256,0.1975171
0.20237575,0.43960524,0.63393867,0.6330302,0.282078,0.26620474,0.45941103,0.38278937,0.353318,0.41576415,1.0,0.7587875
0.0565732,0.026913,0.09541662,0.19469056,0.096473716,0.06525995,0.13003871,0.07210635,0.08670254,0.34665897,1.0,0.6276978
0.15780142,0.02270104,0.05036077,0.14855354,0.16880576,0.106759585,0.1024646,0.072414495,0.12409557,0.42096794,1.0,0.88996017
0.62386984,0.043307804,0.042516522,0.07973259,0.08331885,0.082670905,0.06816685,0.07063739,0.046611324,0.05572357,0.12356315,1.0
0.35194242,0.020184815,0.017983243,0.036016997,0.049780775,0.053794935,0.04418906,0.04212449,0.03897257,0.10973296,0.3589933,1.0
0.04186211,0.045135774,0.02368164,0.036279973,0.07038857,0.0554069,0.03051738,0.018532563,0.11234976,0.84891665,1.0,0.24688047
0.114304006,0.14595999,0.023909697,0.023849156,0.05016039,0.01974959,0.010841047,0.010681298,0.11711216,1.0,0.7206511,0.05552801
0.16401462,0.28170773,0.058170363,0.06068895,0.166567,0.053805135,0.016339635,0.021615943,0.09410575,1.0,0.7889285,0.122797504
0.09070435,0.27210668,0.07519029,0.0966298,0.358209,0.10135562,0.03216285,0.047604512,0.13557911,1.0,0.36163706,0.13593301
0.05614886,0.16469705,0.039193343,0.070344195,0.33443582,0.06596009,0.03899375,0.065345526,0.17576015,1.0,0.18835418,0.07205341
0.0676444,0.17244193,0.05036313,0.10826298,0.44379023,0.08214873,0.06575213,0.12082455,0.23707367,1.0,0.17192939,0.07244938
0.07534594,0.111728035,0.057417005,0.09092074,0.28915793,0.106819056,0.051443003,0.1724755,0.25475493,1.0,0.45547342,0.0792904
0.10185624,0.07854202,0.08277936,0.0512184,0.11306842,0.1653643,0.077840194,0.2699819,0.2721273,0.85890776,1.0,0.14109871
0.058351506,0.044028707,0.05276116,0.026563838,0.07380401,0.1910251,0.087105714,0.19501895,0.3526192,0.57090807,1.0,0.21133767
0.0545525,0.04267064,0.06681239,0.04151684,0.09458697,0.1889052,0.08598067,0.25691095,0.53348744,0.9694077,1.0,0.48262015
0.4178546,0.1982537,0.07422403,0.06374266,0.108659096,0.13945328,0.08344942,0.09685676,0.12164803,0.38772696,0.689964,1.0
0.75402784,1.0,0.24768169,0.14063193,0.28287396,0.2602156,0.1489551,0.19478646,0.26906943,0.6083851,0.50900775,0.37472162
0.22655855,0.110320024,0.026710276,0.027221171,0.058014277,0.04981345,0.038863067,0.065592416,0.100787036,0.49240893,1.0,0.59267455
0.051975865,0.02644448,0.015550731,0.009193495,0.027455054,0.016913919,0.008747856,0.029147988,0.046687167,0.55861163,1.0,0.31772327
0.06100144,0.09158231,0.035352964,0.025675384,0.06515956,0.020515598,0.0075778835,0.02441112,0.18471178,1.0,0.71607757,0.13277356
0.098331526,0.11515559,0.023807028,0.034910616,0.08374442,0.018435413,0.009939129,0.018460229,0.5298648,1.0,0.10875245,0.016363397
0.09202295,0.10634867,0.021135619,0.17074348,0.16070478,0.014007691,0.01639483,0.052172404,1.0,0.87327224,0.034002636,0.01129707
0.024897883,0.019455424,0.01502415,0.29479527,0.24550398,0.017103087,0.014210839,0.098825455,1.0,0.37371704,0.0078814635,0.0038652834
0.00912197,0.0030652464,0.014109515,0.1545669,0.08810174,0.014849195,0.023452686,0.19715166,1.0,0.23930128,0.0050781816,0.0034305311
0.022524664,0.008317265,0.016862523,0.050181683,0.03227139,0.0996463,0.26872262,0.7887213,1.0,0.15729186,0.008227506,0.011756902
0.024999708,0.043774717,0.04745763,0.077920325,0.22120465,0.6066077,1.0,0.9235714,0.40714186,0.05658397,0.0074337274,0.015475803
0.22562663,0.3646284,0.4240088,0.57387835,0.70789033,1.0,0.8019197,0.36555836,0.14520055,0.08646135,0.08948073,0.158111
0.6571207,0.73507243,0.4916355,0.5906875,0.44524994,0.44327477,0.52890015,0.6708478,0.9398771,1.0,0.96247876,0.8554818
0.14848794,0.12764996,0.18567483,0.35897297,0.4191104,0.5832982,0.7198795,0.6782295,1.0,0.9027774,0.42378736,0.16826372
0.07928452,0.076210335,0.12477394,0.34633383,0.58201396,0.374586,0.67119527,0.74350774,1.0,0.6893188,0.43279555,0.14973944
0.14751714,0.2758806,0.316945,0.39573675,0.5413587,0.5314658,1.0,0.77732855,0.930085,0.514802,0.40559918,0.20979577
0.19412455,0.52723765,0.80396014,0.7287473,1.0,0.6697386,0.448241,0.42441902,0.37341744,0.26615545,0.26507944,0.1266356
0.16270792,0.49503976,1.0,0.70273894,0.81215584,0.6291386,0.33466128,0.32053787,0.2495745,0.2148893,0.23389544,0.079506315
0.50535524,0.75879383,1.0,0.73218095,0.81413,0.670198,0.544399,0.5909112,0.51380986,0.54024714,0.80859005,0.5475485
0.6782535,0.7724552,0.9334917,0.97012186,1.0,0.5851212,0.32723987,0.2696646,0.2717891,0.35425067,0.570673,0.62308484
0.27881116,0.45662424,0.7783708,0.9760749,1.0,0.6209553,0.41655833,0.38421854,0.32803038,0.377837,0.27345595,0.21099146
0.36715597,0.10287278,0.12773691,0.15535808,0.1674989,0.1223562,0.14570993,0.2646016,0.40163356,0.5255968,0.97635794,1.0
0.7083562,0.10100026,0.02786794,0.026875192,0.03626649,0.034699082,0.033257,0.07375833,0.10159868,0.10323692,0.41410062,1.0
1.0,0.21702497,0.057831764,0.06326086,0.08568247,0.08345325,0.08372258,0.14165936,0.19653682,0.098035835,0.14974575,0.604268
0.22744788,0.16270922,0.1368747,0.24223463,0.2541934,0.22050457,0.31749046,0.7157859,1.0,0.43937114,0.17311783,0.22750822
0.13174172,0.14650562,0.13857576,0.2416081,0.25066388,0.19355993,0.22937004,0.547433,1.0,0.5667568,0.20033418,0.14025596
0.1467096,0.16595903,0.18096085,0.24004632,0.24956083,0.22608063,0.1832285,0.40798923,1.0,0.7449647,0.3141898,0.19198993
0.12239068,0.18722762,0.3267902,0.42108294,0.32410035,0.2013215,0.39683312,0.8671492,0.98934054,1.0,0.787282,0.23224016
0.16553567,0.23638444,0.4850327,0.8013485,1.0,0.92925507,0.6580162,0.5819585,0.4645565,0.67122287,0.574648,0.20052114
0.16529912,0.21168707,0.36178452,0.41694966,0.68413794,1.0,0.76081157,0.35332313,0.16805539,0.07956062,0.054363824,0.098062605
0.7994446,0.6729713,0.80547243,1.0,0.6000262,0.6222644,0.69285023,0.84004337,0.8699153,0.22090359,0.105002165,0.30158365
1.0,0.37775615,0.1644005,0.41419676,0.3302288,0.105478615,0.077201016,0.16663322,0.44483638,0.14635022,0.06567574,0.23319864
1.0,0.17479545,0.09669763,0.21872005,0.13866642,0.06450086,0.056299146,0.15672888,0.44022647,0.15140635,0.08230883,0.3606965
0.43581605,0.071261205,0.06978775,0.15667243,0.0885867,0.0530524,0.06300399,0.27884978,0.95107514,1.0,0.591795,0.32249582
0.022312175,0.01573466,0.018563902,0.021491053,0.017222038,0.023799349,0.018354299,0.042590193,0.18175776,0.4851703,1.0,0.3493249
0.048336297,0.028792808,0.015932895,0.01712136,0.01591248,0.018600345,0.021994732,0.027507175,0.0786125,0.15139015,1.0,0.65163463
0.08333245,0.03499346,0.017882878,0.02570939,0.01545533,0.021288019,0.040385254,0.019866291,0.07126677,0.22580248,0.84396416,1.0
0.12630442,0.024522057,0.0152213,0.023059757,0.009981226,0.015345412,0.043421995,0.019144952,0.05747434,0.1271239,0.4221881,1.0
0.1410749,0.008401657,0.00746309,0.008166546,0.0045568007,0.013268774,0.02865257,0.0121489735,0.02543828,0.030087756,0.3497937,1.0
0.43866217,0.055843692,0.019024204,0.014837644,0.0055053993,0.009643318,0.054045968,0.04068155,0.05740535,0.06492146,0.23986435,1.0
0.95543426,0.15107387,0.056182418,0.06719642,0.028292535,0.02930134,0.38410023,0.46733594,0.21884678,0.23388495,0.20566988,1.0
1.0,0.057229474,0.020497251,0.086258166,0.04519445,0.027873619,0.43803647,0.4731439,0.17764044,0.18582274,0.111716636,0.88092154
1.0,0.04665609,0.007379518,0.042043295,0.030158788,0.015123045,0.28762746,0.2628363,0.057742637,0.07474088,0.049650855,0.69787276
1.0,0.056180682,0.011772075,0.03725006,0.027413247,0.04235954,0.67453897,0.46536106,0.06253374,0.117778525,0.07150232,0.99002796
1.0,0.3082093,0.033005513,0.027666045,0.04507952,0.03370884,0.27152503,0.5059607,0.2649687,0.10953389,0.073751405,0.4158136
0.79241884,0.7601618,0.0625059,0.035129443,0.070195615,0.080390394,0.039311647,0.47610575,1.0,0.14471167,0.05194498,0.10290823
0.13102536,0.34625047,0.050908383,0.018863296,0.025562204,0.04910324,0.036994033,0.34605268,1.0,0.15901509,0.03198317,0.03719058
0.22492924,0.25368273,0.043313522,0.017240318,0.027688107,0.04492751,0.052094266,0.4217184,1.0,0.17819609,0.06642371,0.12537727
0.5681004,0.318735,0.049621444,0.058793746,0.11363747,0.14756788,0.12275609,0.8119465,1.0,0.22244702,0.13750203,0.37451226
0.79792607,0.22430877,0.03604117,0.04462225,0.063406624,0.056321636,0.1160666,0.27229276,0.31656682,0.13001074,0.33974326,1.0
0.19930987,0.04939112,0.01664644,0.015042718,0.015665192,0.022703962,0.032882296,0.08510823,0.15788327,0.29058763,1.0,0.65664494
0.026708366,0.010698045,0.0060127387,0.0035667482,0.008055884,0.012347296,0.010687638,0.058411866,0.100079484,0.61380845,1.0,0.17768323
0.024202898,0.010154351,0.0029067285,0.0027681114,0.009395753,0.006567221,0.016872622,0.06933809,0.14916185,1.0,0.5723212,0.042293057
0.3533719,0.21591897,0.12433613,0.07256289,0.0889844,0.13342053,0.10508773,0.13719776,0.2867214,0.9454218,1.0,0.54656583
0.20096855,0.12911808,0.09902294,0.071007855,0.19424802,0.42068186,0.19372354,0.20024079,0.2899831,0.61499786,1.0,0.402658
0.064592674,0.05438347,0.040884115,0.03215236,0.13736564,0.3657192,0.19156691,0.28478727,0.34197417,0.6793724,1.0,0.16329494
0.039923403,0.023872735,0.036222182,0.022492277,0.040109307,0.19992846,0.12724021,0.1549982,0.24136609,0.2826272,1.0,0.41148016
0.04152902,0.015441709,0.041893937,0.025470749,0.015616376,0.15423346,0.14178048,0.10636363,0.1807734,0.14061904,1.0,0.8954854
0.03900061,0.020433094,0.049924035,0.018350786,0.028311579,0.18051875,0.11609292,0.17832634,0.2636945,0.11480517,1.0,0.84836274
0.03480556,0.04650228,0.095847964,0.018098507,0.18447816,0.66512036,0.11200491,0.4164211,0.487342,0.205296,1.0,0.31859335
0.02498577,0.024843907,0.038364425,0.015143969,0.17700127,1.0,0.510462,0.26832056,0.27029893,0.11818568,0.5208604,0.21227065
0.023524502,0.0065886215,0.011516863,0.007915721,0.03890858,0.9967266,1.0,0.064445764,0.08450299,0.035277355,0.44938242,0.43677765
0.012567346,0.004588971,0.0096298065,0.007176749,0.047131613,1.0,0.6183613,0.029948518,0.0396706,0.025451425,0.37004414,0.23989224
0.005006754,0.002097689,0.008399593,0.0039060551,0.060632847,1.0,0.4026657,0.01670733,0.027453482,0.020066766,0.25051335,0.09796041
0.0013133198,0.0012099292,0.0065978067,0.0017583658,0.08750197,1.0,0.26783013,0.006005403,0.010151679,0.019324461,0.19775301,0.0547401
0.0013699981,0.0012799044,0.005793617,0.0021977504,0.09947,1.0,0.21649802,0.004204893,0.0056253797,0.020031163,0.17925401,0.042240184
0.0021870586,0.002711228,0.005385257,0.008690203,0.22692634,1.0,0.1634683,0.0048513673,0.005100403,0.02987453,0.1301359,0.02496242
0.016343128,0.025133466,0.024419555,0.07286531,0.89605856,1.0,0.12040855,0.024392094,0.023708647,0.09760605,0.10468106,0.02435901
0.03077172,0.034734953,0.03360952,0.10407034,1.0,0.61488324,0.09602131,0.042559233,0.042537335,0.13972056,0.093816884,0.030002352
0.018879471,0.032504812,0.17331992,0.60960484,1.0,0.31952652,0.03946588,0.04151747,0.06974672,0.12497495,0.053331375,0.018889045
0.009608513,0.20065735,1.0,0.6938061,0.25542918,0.023928441,0.056718547,0.15037923,0.059055418,0.02265351,0.01002818,0.016726933
0.0073921354,0.2242433,1.0,0.76806706,0.18431506,0.009546151,0.058025476,0.1279533,0.061008006,0.01647033,0.0066674296,0.009944809
0.006034032,0.024498338,0.17948644,1.0,0.37848395,0.0067563965,0.008523837,0.01909884,0.09908027,0.03422507,0.0016170599,0.0020526457
0.02761011,0.12490262,0.2767551,1.0,0.23618358,0.02938141,0.10092334,0.06468937,0.13587691,0.029117823,0.0021355264,0.0024100053
0.29280278,1.0,0.5067708,0.5148056,0.21462698,0.6612507,0.846891,0.15527198,0.07390799,0.013668,0.00782762,0.0151531715
0.14559525,0.22536424,0.045580897,0.046421885,0.8176241,1.0,0.25662175,0.016495846,0.009108392,0.0044893036,0.0036994582,0.0477061
0.025632033,0.0064998693,0.012245475,0.15281036,1.0,0.36110982,0.013384053,0.0019231028,0.008155925,0.0019687007,0.006050449,0.05409738
0.008356129,0.007462349,0.04399533,0.74276316,1.0,0.09379276,0.006480047,0.003958923,0.004543094,0.001742173,0.015998589,0.03538101
0.004834401,0.05286507,0.46495053,1.0,0.3648349,0.030673165,0.052307826,0.014504041,0.002556482,0.0057775783,0.0142926015,0.007956971
0.014492454,0.3705314,1.0,0.3417595,0.058384217,0.15064645,0.14969566,0.013368696,0.005418711,0.007629763,0.0040397155,0.0041955877
0.17696524,1.0,0.70784384,0.08255207,0.5583598,0.7776533,0.15089627,0.020626096,0.039167892,0.009743017,0.01209055,0.015480233
0.17447,0.19500008,0.037617832,0.24691078,1.0,0.33472058,0.014724767,0.024100585,0.020451926,0.0071511013,0.013228638,0.022152103
0.10195415,0.018473925,0.04775323,0.9153513,1.0,0.06921428,0.026179811,0.026437894,0.007321068,0.023651095,0.011227544,0.045854796
0.021199254,0.0037046063,0.10857532,1.0,0.28177688,0.008801218,0.040922515,0.020527797,0.008980038,0.035657134,0.007102837,0.039608363
0.008554931,0.008675369,0.33608705,1.0,0.116345644,0.018433478,0.047933646,0.009714211,0.020707702,0.034465086,0.010298038,0.034228977
0.0071645803,0.08319566,1.0,0.78940624,0.04279078,0.072741985,0.07178243,0.017046638,0.05415608,0.021880379,0.026383357,0.028603492
0.07902844,0.52333105,1.0,0.27437207,0.09571993,0.0979752,0.06682126,0.10034329,0.0853594,0.046484817,0.03733235,0.020415956
0.68056667,1.0,0.3816316,0.460156,0.4192487,0.114875354,0.3033792,0.26440537,0.30790624,0.22591929,0.04004092,0.0920197
0.63857895,0.32961643,0.73341495,1.0,0.24660571,0.15599777,0.35043615,0.45012912,0.5708687,0.17155822,0.0845184,0.32174486
0.36393335,0.63335985,1.0,0.4608364,0.13540699,0.40347734,0.67913026,0.73710483,0.38654637,0.19354744,0.19663663,0.34006202
0.62682146,0.46262723,0.49864075,0.17123887,0.29700387,0.7934524,1.0,0.706549,0.43932483,0.21346591,0.15299337,0.560902
0.2848549,0.6724132,0.5031146,0.18840744,0.2548838,0.6773751,1.0,0.4766692,0.37419653,0.09863094,0.33322456,0.6502547
0.3832996,0.942321,0.33933297,0.5540854,0.3566697,1.0,0.7350261,0.48008963,0.16419657,0.19078396,0.7256246,0.36085382
0.40553442,0.32458404,0.5128699,1.0,0.974361,0.5900603,0.5113154,0.3480681,0.159096,0.40469274,0.44261327,0.30095732
0.4194849,0.38176098,0.74006134,0.8650146,1.0,0.36639774,0.35694814,0.2043702,0.18664195,0.24667673,0.15535371,0.38991234
0.34527728,0.3968252,0.6249006,1.0,0.5707531,0.37155956,0.44239163,0.2570643,0.27039808,0.24533333,0.18475358,0.256688
0.36233518,0.6174936,0.7047429,1.0,0.69818,0.5724926,0.46912354,0.41090024,0.5314045,0.3992674,0.23757984,0.23485668
0.18996088,0.27498436,0.47985172,1.0,0.63532406,0.631522,0.284478,0.22881687,0.23002069,0.14159954,0.14511538,0.12549841
0.24369037,0.27571633,0.63867205,1.0,0.6996543,0.6748064,0.2666035,0.22069347,0.19327427,0.1480938,0.10911648,0.11242453
0.21437451,0.40004078,0.94912314,1.0,0.9128944,0.7013675,0.24167114,0.20700166,0.20476137,0.18193947,0.08283557,0.14065693
0.33088508,0.39451283,0.68241566,1.0,0.3733612,0.30157495,0.12719469,0.087418534,0.11946163,0.109830074,0.08102454,0.177804
0.10370121,0.11645641,0.3462441,1.0,0.2234005,0.07137873,0.051011555,0.041712377,0.053507555,0.03180543,0.034265395,0.064551495
0.1691981,0.15687026,0.28961977,1.0,0.30726314,0.17605975,0.10589388,0.084559865,0.11579203,0.10221616,0.07978227,0.101896785
0.23243074,0.24592423,0.48182338,1.0,0.45733663,0.28581017,0.104701035,0.07159331,0.13350005,0.12965609,0.07240864,0.096675456
0.14804123,0.4337523,1.0,0.99494,0.51489407,0.31297025,0.108359225,0.10576428,0.14070164,0.12054091,0.04586255,0.06361124
0.112965696,0.346582,1.0,0.9230706,0.2500351,0.10814362,0.053265538,0.045691364,0.04628474,0.04763859,0.028251521,0.04372834
0.06515453,0.2707352,0.87125045,1.0,0.4130778,0.14923647,0.0770784,0.06199755,0.039393317,0.024619173,0.014094225,0.028449534
0.033413224,0.11208206,0.481676,1.0,0.64419866,0.1166054,0.048792962,0.047153365,0.141236,0.0810284,0.012255331,0.013978358
0.05773139,0.04287144,0.27751216,1.0,0.6983097,0.054987576,0.037892673,0.08910185,0.36017022,0.17658985,0.01866028,0.016440297
0.1336066,0.15460491,0.95952415,1.0,0.5521363,0.17766489,0.28532058,0.39152765,0.6008789,0.1849984,0.03632081,0.037963107
0.32640463,0.32068953,0.6284473,0.90218705,0.57656705,0.8046532,1.0,0.5200481,0.27934307,0.13513467,0.06901358,0.11292084
1.0,0.4770141,0.36909103,0.6311637,0.55912656,0.6069847,0.53393674,0.3976517,0.18597661,0.25083026,0.55632186,0.90007424
0.711788,0.22999437,0.1327604,0.23568018,0.21035112,0.13108946,0.085003816,0.09098611,0.10747453,0.31915975,0.7713077,1.0
0.53411597,0.33640018,0.26977763,0.38060877,0.16301955,0.12824382,0.107191004,0.16313249,0.3210278,0.5128499,0.772061,1.0
0.30779767,0.6119295,0.8127001,0.60844415,0.4574153,0.3035128,0.19446181,0.32668713,0.52186453,1.0,0.9800615,0.4289826
0.3074273,1.0,0.86632746,0.43970844,0.24208008,0.13647339,0.08182468,0.109284386,0.1642644,0.49454838,0.6161761,0.33734858
0.33341753,1.0,0.6678509,0.37647116,0.20039038,0.09467887,0.07124641,0.1304545,0.122695796,0.1919187,0.22538505,0.353841
0.36773267,1.0,0.7865971,0.8386106,0.54293007,0.42069858,0.29060093,0.74300086,0.72715193,0.505052,0.55776983,0.4043302
0.21314241,0.20232926,0.37261063,0.68413216,0.39118367,0.43570876,0.23517194,0.4453003,0.5998064,0.67614293,1.0,0.35585368
0.049930867,0.060189668,0.12221088,0.22326253,0.112784855,0.09076093,0.119048305,0.22765599,0.21134041,0.5225595,1.0,0.26790366
0.04762622,0.106336735,0.24259807,0.52277815,0.28378114,0.17856452,0.22617242,0.40415832,0.316813,0.6981667,1.0,0.24297294
0.12341479,0.20001023,0.4641905,1.0,0.6373324,0.54730374,0.5587996,0.93880576,0.67829514,0.99229103,0.98223615,0.191508
0.14578353,0.25403222,0.645351,0.9271545,0.71447957,0.63833034,0.6403697,1.0,0.6797765,0.82166624,0.7705172,0.19887532
0.21859632,0.25328904,0.519018,1.0,0.67466307,0.5284528,0.4987432,0.5296192,0.67589676,0.713908,0.44126937,0.24201943
0.34142274,0.23312132,0.52810425,0.8086664,0.56120104,0.61401033,0.5333618,0.32718143,0.77694505,1.0,0.31476182,0.30751523
0.23679507,0.15244342,0.32566452,0.43608645,0.3450906,0.33877885,0.30106798,0.3395155,1.0,0.86370134,0.23660265,0.1998687
0.13542424,0.12096426,0.12307726,0.27760473,0.29668823,0.3617841,0.27483472,0.29047906,1.0,0.7243226,0.21342206,0.10725153
0.20959213,0.25571284,0.22587773,0.3342222,0.39910468,0.60828805,0.62541574,0.34773895,1.0,0.7777695,0.3271074,0.21735004
0.45927417,0.45630282,0.73966515,0.6029428,0.8060698,1.0,0.5499451,0.30656356,0.53097713,0.42999813,0.28406566,0.3544445
0.2388133,0.3389765,0.6518947,1.0,0.8896847,0.8297107,0.511695,0.26709908,0.313991,0.28332168,0.2183661,0.15615202
0.078158535,0.25044408,0.3534048,0.59726435,1.0,0.6902296,0.3758531,0.24112873,0.18615638,0.16349658,0.13874976,0.05776685
0.08847748,0.15835775,0.23303376,0.5527615,1.0,0.5719442,0.3010232,0.24091959,0.12961861,0.10519025,0.100272544,0.06613437
0.11347205,0.17012341,0.32506046,0.68868876,1.0,0.4615911,0.45713848,0.24934538,0.1379394,0.15932304,0.07672387,0.0791755
0.27701053,0.48414862,0.71283513,1.0,0.58627075,0.5211274,0.57562256,0.23089589,0.1827585,0.3437045,0.19324213,0.19205564
0.8086333,1.0,0.924087,0.86678565,0.456043,0.5103767,0.28434658,0.2821464,0.40983397,0.8490572,0.98657155,0.83904034
0.114842944,0.17402184,0.17900524,0.069966495,0.084086105,0.07141203,0.027759703,0.076868325,0.47548202,1.0,0.6791066,0.23603934
0.060598616,0.081770524,0.14478695,0.07454609,0.03984036,0.087872684,0.033368632,0.05099301,0.36757076,0.66033787,1.0,0.4233647
0.2756653,0.043817785,0.066792764,0.09289936,0.019689081,0.01781944,0.0165589,0.016138861,0.041797154,0.039204463,0.353679,1.0
0.20561609,0.012414696,0.030390617,0.07135714,0.011914209,0.0055316244,0.007105387,0.007342648,0.015886825,0.12195221,0.7263611,1.0
0.038901396,0.007915842,0.02535781,0.03257334,0.0044728187,0.007378835,0.0053999326,0.005615741,0.036648344,0.4508077,1.0,0.34716564
0.01786067,0.014281642,0.01646185,0.00771622,0.004601953,0.0080897445,0.0055888104,0.009408876,0.088000484,0.73719585,1.0,0.19534159
0.18977657,0.029004512,0.022617612,0.03524352,0.022804905,0.020965308,0.014789829,0.018999444,0.07015048,0.25239182,0.8073623,1.0
1.0,0.06256245,0.03531688,0.051126596,0.03387097,0.027127154,0.016485078,0.020414919,0.030539572,0.07161848,0.1901693,0.9571539
1.0,0.06671929,0.015233778,0.02146722,0.016588714,0.016803967,0.009789788,0.011513577,0.023779772,0.045853745,0.13861428,0.7477629
0.499488,0.031981684,0.00802916,0.008363311,0.009966077,0.01836856,0.014066621,0.007538838,0.029051041,0.22530471,0.93141633,1.0
0.0074527813,0.0008686774,0.0006157033,0.00072721846,0.0007642442,0.0011973471,0.0010420339,0.00061543286,0.027886711,0.6602987,1.0,0.13352992
0.0028442198,0.00080122566,0.0005631122,0.00079514977,0.0022418464,0.001187763,0.0005189959,0.0008516184,0.04139223,1.0,0.92752105,0.052629415
0.0036198876,0.0018166868,0.0008904701,0.0036426152,0.011115732,0.00249596,0.0011835581,0.003144719,0.13426834,1.0,0.39575094,0.010376573
0.012786643,0.009886747,0.0032831745,0.05145445,0.06339852,0.0036954293,0.0036028905,0.01993125,0.56744665,1.0,0.1118225,0.003693146
0.03207205,0.02019339,0.008538259,0.21438621,0.21710953,0.010154256,0.005738234,0.049690828,1.0,0.69956124,0.023869336,0.0071536154
0.03401574,0.011942798,0.009230574,0.16045989,0.12874743,0.007347375,0.005315552,0.11079936,1.0,0.39929187,0.013272526,0.007241292
0.046739746,0.011368666,0.005850579,0.032632954,0.011909368,0.008345366,0.054403875,0.35689726,1.0,0.27927253,0.014092316,0.00825422
0.037507895,0.011775327,0.013494248,0.032661274,0.012796624,0.050799593,0.40445426,0.9277094,1.0,0.289214,0.028518671,0.010105799
0.019467218,0.021215055,0.021484911,0.032084707,0.025810217,0.0849877,0.7291968,1.0,0.3586206,0.16479097,0.060845215,0.016186118
0.05315963,0.038943373,0.036506765,0.1313686,0.12102383,0.18089752,0.654326,1.0,0.28226483,0.29905754,0.13602395,0.038385402
0.14758542,0.09773254,0.11093988,0.60234547,0.49842298,0.4567041,0.60363054,0.59392655,0.7192514,1.0,0.39534497,0.19096753
0.12153864,0.09525107,0.12039135,0.22261406,0.25662327,0.25871488,0.40363172,0.40117073,0.9214039,1.0,0.6453286,0.26591268
0.099396065,0.115949735,0.18481298,0.27837148,0.39391208,0.3303814,0.48982882,0.5209208,1.0,0.7217911,0.5910734,0.17721629
0.19083649,0.25721568,0.1720083,0.40969792,1.0,0.647738,0.3688234,0.39303812,0.53736454,0.46594793,0.44256002,0.32519948
0.56571704,1.0,0.43910408,0.36983353,0.59767056,0.3766974,0.31381816,0.3529369,0.6204304,0.75311846,0.8184972,0.53272724
0.5349219,1.0,0.59696853,0.3625299,0.36719027,0.5500302,0.93208534,0.5539466,0.66691273,0.7460502,0.63426703,0.54498017
0.122623555,0.10832713,0.110159114,0.1619628,0.5647511,1.0,0.69499415,0.26972252,0.0829179,0.06991961,0.08780316,0.11151407
0.055492133,0.06040571,0.035095863,0.05674515,0.27489182,0.70456946,1.0,0.6650699,0.13218153,0.033139206,0.013075516,0.024907252
0.016632361,0.035171863,0.022635804,0.0183424,0.062030535,0.25798553,0.93558246,1.0,0.33788025,0.09642036,0.014768377,0.006760882
0.01805917,0.018473975,0.06861922,0.20499577,0.510716,1.0,0.9851502,0.88417304,0.5154405,0.22480665,0.04694485,0.014341232
0.023038872,0.037114292,0.29013538,0.7164623,1.0,0.88101923,0.27310574,0.1424505,0.08638582,0.116072804,0.061339185,0.016392924
0.12530953,0.15554607,0.39693877,0.40722334,0.31778705,0.3209705,0.7188231,1.0,0.6967887,0.44993365,0.16057695,0.08204782
0.9244952,0.3172375,0.041696627,0.056429192,0.04369283,0.038175125,0.158591,0.188533,0.19911882,0.12396424,0.3057532,1.0
0.84233403,0.24852568,0.060123567,0.0490185,0.020215793,0.030263301,0.0800471,0.0638856,0.04127652,0.037812836,0.2513748,1.0
0.6395361,0.22616303,0.28445077,0.21147406,0.10870137,0.15116757,0.20712994,0.19630894,0.10178337,0.21972054,0.5836622,1.0
0.054456364,0.06885061,0.16218461,0.17405517,0.3428973,0.14421558,0.16246541,0.17907232,0.24612178,1.0,0.33975965,0.10663113
0.010572775,0.026542457,0.019117907,0.030446116,0.12734245,0.03152808,0.02896208,0.04293124,0.14828342,1.0,0.23066525,0.009132141
0.0043586693,0.0111944275,0.007875748,0.0052758143,0.03474861,0.010403813,0.005666295,0.017430888,0.17939842,1.0,0.25634655,0.006155874
0.0054766643,0.0047263196,0.0021217493,0.0035819474,0.014533183,0.005859498,0.016948173,0.12416448,0.6263415,1.0,0.18759008,0.0077167926
0.01203489,0.0058615888,0.0045602988,0.006464035,0.010184808,0.014635901,0.061341662,0.3256643,1.0,0.7285041,0.1447485,0.030024046
0.059393603,0.009181063,0.014987576,0.017199617,0.016847169,0.033161715,0.054458767,0.1214999,0.22145718,0.39304858,1.0,0.7525125
0.06552296,0.0030091282,0.0027904918,0.004732367,0.0048591993,0.0054227035,0.005520832,0.006742459,0.01954679,0.082576126,0.8923928,1.0
0.012229738,0.001783545,0.0045109265,0.0025519258,0.0029586274,0.0029850989,0.0023039177,0.0024571707,0.010279667,0.2871888,1.0,0.3249246
0.0015611934,0.003335703,0.004792331,0.00216402,0.0031289756,0.002219223,0.0015380835,0.0021820439,0.022894401,0.60241187,1.0,0.082326286
0.0013761931,0.0040718294,0.002883454,0.0016324904,0.003204163,0.002582289,0.0018683914,0.002747507,0.036075775,0.69323504,1.0,0.06693954
0.0045891628,0.007586646,0.00686319,0.0016442764,0.003746881,0.003239847,0.0020067664,0.0038850412,0.017239556,0.30597186,1.0,0.15703282
0.011697695,0.011836729,0.013257817,0.0023354446,0.006995578,0.018709028,0.008298664,0.0078348275,0.016030075,0.14622797,1.0,0.31341755
0.012483185,0.011766536,0.008923349,0.0013783777,0.0067100367,0.032529194,0.013933004,0.007705678,0.037001677,0.40752214,1.0,0.1761963
0.002034944,0.0029665285,0.0012565361,0.000299734,0.0012298169,0.0043403134,0.003914891,0.03025175,0.27896824,1.0,0.57162935,0.036174286
0.0009477204,0.0008463035,0.00024314265,0.00016104047,0.00033873352,0.00055277155,0.006798603,0.19599488,1.0,0.8755119,0.12759587,0.0043339264
0.00067943946,0.0003894271,0.00038911085,0.0002686125,0.00027510137,0.00038375487,0.01078008,0.33750334,1.0,0.3486393,0.014559158,0.00063272606
0.0010622626,0.0009199589,0.0019277986,0.0041458732,0.011249126,0.0348086,0.13801843,0.8495885,1.0,0.1694807,0.010904855,0.0014573948
0.009319268,0.053037122,0.18158203,0.37324533,0.5668833,0.79865646,1.0,0.64388925,0.29186988,0.052116062,0.01333688,0.0076489164
0.16310522,0.6227024,1.0,0.7189818,0.5162182,0.34905162,0.16396515,0.097720854,0.11037882,0.038863763,0.018615937,0.03986459
0.42712185,1.0,0.804003,0.1871699,0.09980696,0.09007406,0.04701324,0.09267804,0.17933702,0.13110733,0.07514774,0.14146468
0.062244877,0.09831387,0.1074133,0.09331631,0.27985185,0.2675251,0.29284948,0.60082895,0.8401727,1.0,0.6600526,0.1341952
0.009186743,0.012663953,0.019173097,0.026585136,0.07108851,0.14116463,0.18963426,0.38859925,0.6676814,1.0,0.5488251,0.06767832
0.013119295,0.0140306605,0.029606342,0.047512,0.06637715,0.13345516,0.14850414,0.27954206,0.68867236,1.0,0.5068559,0.07190801
0.02855694,0.029434627,0.07363446,0.1135241,0.10772663,0.1384341,0.171724,0.30567312,0.6335909,1.0,0.7175594,0.14070545
0.05890964,0.035564058,0.045210227,0.07714049,0.16119331,0.20751621,0.15421464,0.24494945,0.68009865,1.0,0.86000973,0.19423553
0.06703144,0.03205714,0.04322995,0.05313426,0.12896015,0.15742192,0.19041717,0.4303303,0.99342763,1.0,0.7576732,0.16757514
0.01998221,0.008988615,0.02299263,0.04594857,0.0689683,0.10759595,0.14371796,0.31739607,1.0,0.6948712,0.4155245,0.07862223
0.018865174,0.006715171,0.024118215,0.06360202,0.14801991,0.36896956,0.3108514,0.40623692,1.0,0.82468927,0.4013568,0.100395665
0.014601221,0.008462343,0.02289227,0.04648622,0.25941992,0.8714143,0.6264177,0.26614246,0.54865944,1.0,0.30701473,0.064567596
0.021143889,0.012616746,0.03317721,0.054181416,0.4644531,1.0,0.41403612,0.20125961,0.40155077,0.4317469,0.2515717,0.055846315
0.05923529,0.026303165,0.06047188,0.093840376,0.60633975,1.0,0.27297986,0.23122866,0.32840976,0.2659751,0.23900478,0.13685319
0.11198476,0.056028947,0.047959324,0.06377466,0.19895199,1.0,0.7202592,0.27903238,0.23190884,0.16376582,0.16168176,0.20591888
0.059550956,0.03675628,0.015120108,0.014266124,0.025172116,0.35908723,1.0,0.34153235,0.11622549,0.07203529,0.07179326,0.07033397
0.013632734,0.009438255,0.005194559,0.0025962696,0.004144278,0.1363566,1.0,0.49821568,0.04446701,0.03607001,0.040176693,0.018301174
0.0027716577,0.003925949,0.0040703607,0.0022141747,0.0029542428,0.099510856,1.0,0.6696341,0.050513916,0.027070832,0.029539937,0.011645806
0.0048547736,0.006358218,0.004987888,0.003537598,0.004888354,0.063159004,1.0,0.91007936,0.09705631,0.03578364,0.02518907,0.011236623
0.022793647,0.015703704,0.008693441,0.007952352,0.012838645,0.13508378,1.0,0.6802366,0.10142906,0.044421975,0.023256771,0.012432793
0.12820247,0.051319584,0.04031337,0.026964268,0.064111724,0.52475417,1.0,0.34189367,0.087818354,0.07577138,0.042663317,0.08341105
0.37640324,0.3068331,0.4101086,0.1415076,0.23535854,1.0,0.59393734,0.1171429,0.08540185,0.09175458,0.050799448,0.24648571
0.51848036,0.8196552,0.99885994,0.33045593,0.17630602,1.0,0.72641623,0.12912092,0.06228591,0.061334513,0.046903145,0.13668737
0.4204203,0.8730708,1.0,0.42119557,0.09087756,0.66953754,0.9680477,0.12023291,0.024314241,0.020293966,0.03157493,0.0662854
0.19971833,0.8068544,0.78537697,0.33430585,0.067839764,0.3449634,1.0,0.15412691,0.018306952,0.016224613,0.026711987,0.041132465
0.18510166,0.7356293,0.65547997,0.4717896,0.0833754,0.375434,1.0,0.14881082,0.02562045,0.018753171,0.018448608,0.026561381
0.3480813,0.6676283,0.7088503,0.7014725,0.13182938,0.76571465,1.0,0.10443587,0.039982446,0.02350382,0.021106659,0.041676305
0.5916283,0.54460955,0.85744333,0.5574388,0.21856351,1.0,0.50996554,0.080054455,0.06968243,0.028824838,0.03375231,0.09584367
0.7438358,0.5707665,0.4885894,0.2807484,0.31189772,1.0,0.23718372,0.07547052,0.060252756,0.037341,0.033033095,0.15329094
0.75425,0.5302533,0.31639045,0.15119226,0.42967048,1.0,0.18550724,0.05232084,0.056582343,0.05925307,0.033219885,0.21828276
0.7567828,0.8090239,0.45206663,0.16297531,0.6030425,1.0,0.1325691,0.06736179,0.10519696,0.08933633,0.04170513,0.29774967
0.69353944,0.7852157,0.47896817,0.10651271,0.3838204,1.0,0.20526972,0.054889135,0.06864933,0.05364855,0.033891175,0.1801415
0.7431371,0.7447196,0.45032212,0.1022177,0.24200039,1.0,0.24368775,0.06332465,0.04232582,0.02235466,0.037575334,0.16723847
0.93714476,0.9122306,0.3946196,0.11743591,0.3582008,1.0,0.20179935,0.07963912,0.043764025,0.026205802,0.04787715,0.28213137
0.7782273,0.5322185,0.22259814,0.11584206,0.8968946,1.0,0.1345834,0.09301899,0.048276838,0.054079402,0.06546512,0.54330033
0.62869936,0.21408188,0.08398962,0.09547969,1.0,0.92402726,0.119413346,0.05716045,0.025797008,0.04071435,0.042058572,0.4940974
0.26413947,0.110872746,0.082717136,0.12511808,1.0,0.70814794,0.11175188,0.037957124,0.018215846,0.020227656,0.01723799,0.21788807
0.13626465,0.06589201,0.04625912,0.14225708,1.0,0.6987921,0.11852261,0.05605758,0.16230786,0.17255872,0.04754303,0.123317495
0.069468334,0.021423405,0.014057315,0.10475643,0.8878549,0.71422076,0.16209345,0.18099757,1.0,0.8322015,0.18087329,0.09724002
0.078237824,0.012028167,0.008823905,0.13578121,0.948257,0.47239122,0.04701528,0.1280787,1.0,0.78359616,0.1493093,0.15418604
0.09517845,0.019178767,0.025118869,0.30604097,1.0,0.3250582,0.025517505,0.045961715,0.44217315,0.3145626,0.07779645,0.15796706
0.058402512,0.052073527,0.0567605,0.59257334,1.0,0.17104936,0.033397157,0.04526867,0.13276501,0.06840004,0.044536833,0.10780107
0.056492437,0.032318782,0.028715426,0.31160745,1.0,0.29617634,0.060708832,0.057545386,0.043148976,0.017197773,0.026629435,0.07757819
0.019486586,0.013379409,0.014438529,0.059292648,0.665871,1.0,0.4438534,0.11221045,0.034097303,0.025832016,0.023728356,0.02136207
0.029418902,0.028801689,0.019275345,0.032229878,0.5509187,1.0,0.35221675,0.07396103,0.032053273,0.039904755,0.066032946,0.04888525
0.16941549,0.09627466,0.04876732,0.077443525,1.0,0.970479,0.2070414,0.071948014,0.05675086,0.07702452,0.34621912,0.36063853
0.43909496,0.12285536,0.03931514,0.08508439,1.0,0.7787531,0.13182174,0.05846551,0.06413612,0.10325526,0.4598001,0.7558024
0.24921036,0.05211816,0.020491606,0.09553229,1.0,0.88224244,0.13193478,0.052735996,0.048482437,0.06084812,0.19989198,0.39796752
0.067487486,0.010331099,0.0334209,0.34641713,1.0,0.57215613,0.11280588,0.04658062,0.044804018,0.028137391,0.05464129,0.124598265
0.012136556,0.006177334,0.05200525,0.789656,1.0,0.21825963,0.079999946,0.03235523,0.029300567,0.022762226,0.024008587,0.020324657
0.0057230573,0.0034269218,0.036044735,0.70468974,1.0,0.12265014,0.009845575,0.012649755,0.020095142,0.022258287,0.016255714,0.009081847
0.011059718,0.016859557,0.06271135,0.7919054,1.0,0.10470588,0.023093322,0.019325532,0.028143222,0.029978806,0.033481926,0.0256808
0.028094677,0.057155244,0.07995188,0.59493405,1.0,0.15009898,0.08893847,0.05688884,0.06535431,0.044404224,0.06719168,0.054025475
0.059669714,0.044759687,0.058468685,0.5107862,1.0,0.17122911,0.09480644,0.1263108,0.13367236,0.07342595,0.108822875,0.0469944
0.07700485,0.027198285,0.03160485,0.40957096,1.0,0.20673048,0.077335924,0.15803485,0.12432682,0.08016397,0.11306126,0.035917737
0.10200652,0.04215116,0.037917282,0.45081738,1.0,0.19518255,0.1539527,0.215836,0.09042287,0.08471816,0.13992281,0.04381706
0.1280661,0.05905308,0.03897066,0.40792495,1.0,0.19721363,0.18338253,0.2144972,0.0666582,0.081259556,0.1350167,0.044224497
0.10691942,0.033784993,0.018138124,0.27748987,1.0,0.26798642,0.07668385,0.116437845,0.06282638,0.05912713,0.13915762,0.048229758
0.10062597,0.029085077,0.0135133965,0.29536352,1.0,0.27200258,0.03602932,0.054215897,0.038031366,0.06178126,0.15918928,0.07742706
0.2603104,0.07534258,0.04311953,0.59064424,1.0,0.14426787,0.028494855,0.03004218,0.030832974,0.12063252,0.25478834,0.23838544
0.3218692,0.053108074,0.057771817,0.55607945,0.65840286,0.043026466,0.02855019,0.03883401,0.043466937,0.12633048,0.9642291,1.0
0.14278392,0.032720003,0.050445955,0.3758309,0.4653829,0.037391674,0.030404361,0.034291893,0.018589664,0.066479124,0.770239,1.0
0.14946774,0.044569395,0.050898407,0.60307986,1.0,0.09624334,0.039176874,0.036240503,0.015948493,0.04251002,0.39133608,0.70726097
0.043696456,0.01849547,0.020151405,0.43569452,1.0,0.1506099,0.037432153,0.021270027,0.010368726,0.00968892,0.05620695,0.13408056
0.02379141,0.007590244,0.013220274,0.28406808,1.0,0.29783344,0.13564159,0.057547756,0.018129377,0.009184604,0.027573736,0.073116235
0.06343246,0.07124288,0.17390274,0.38752097,1.0,0.4033257,0.3094224,0.16221042,0.05802242,0.039405476,0.07652034,0.15817201
0.0814719,0.25119203,1.0,0.83369887,0.3768741,0.16159847,0.15529032,0.115964614,0.07675789,0.064670786,0.11880989,0.1626483
0.03500011,0.036586456,0.18764167,1.0,0.867153,0.21979716,0.16560797,0.06392842,0.03809361,0.032661505,0.049866848,0.04987929
0.004405317,0.012054073,0.09870438,0.7341757,1.0,0.21335143,0.060376365,0.017392104,0.006997092,0.0063576647,0.00808813,0.004957353
0.0093406895,0.035250343,0.33134168,1.0,0.6075012,0.09042941,0.025555491,0.015565941,0.0032933338,0.0033014705,0.0046487236,0.0029207983
0.16988465,0.42486903,0.9321149,1.0,0.25978357,0.027337097,0.03413453,0.031684153,0.008465019,0.0097210435,0.019896278,0.05534041
0.8925129,1.0,0.5620948,0.25620863,0.06666795,0.02141403,0.03694492,0.051018115,0.06630807,0.18078403,0.41520756,0.6634041
0.25928202,0.1079014,0.030528778,0.05086064,0.12339519,0.04339468,0.0425315,0.18604152,0.65155214,1.0,0.8474511,0.52530664
0.047075283,0.034639962,0.027368927,0.10545005,0.2090164,0.05614039,0.05616466,0.24937129,0.93188745,1.0,0.37046748,0.23311566
0.3398723,0.34814748,0.4220403,0.94116026,0.66930974,0.13584292,0.08614198,0.0937298,0.31223145,0.8264897,1.0,0.65711623
0.08678277,0.053854655,0.12447406,0.83840716,1.0,0.30648935,0.083786726,0.05056678,0.041242618,0.10626641,0.17447105,0.1118796
0.13766003,0.093857005,0.061768927,0.41354987,1.0,0.22692354,0.063218385,0.03527434,0.024962349,0.09868653,0.15135568,0.1637145
0.05372418,0.113763146,0.12682658,0.42724723,1.0,0.15372072,0.037604913,0.023689661,0.012672363,0.037806746,0.05752184,0.07477808
0.015484518,0.040396556,0.15197228,1.0,0.8604646,0.072383635,0.017603958,0.013342529,0.011351003,0.049923506,0.23393342,0.061654832
0.0036358698,0.0054028663,0.19576137,1.0,0.2754297,0.015227428,0.005145407,0.0058994773,0.0057716714,0.09736388,0.5049354,0.07912518
0.008458481,0.0040241024,0.19867842,1.0,0.21274692,0.006318734,0.0035872734,0.004525973,0.0035785292,0.16635159,0.8854091,0.14142807
0.01310264,0.012562074,0.3497403,0.6708339,0.069527134,0.0053570834,0.004895739,0.0040326645,0.013424682,0.5408751,1.0,0.08039644
0.004947762,0.030968511,0.6063227,0.46260732,0.015022197,0.0029013467,0.0023384672,0.002164603,0.03456836,1.0,0.81226325,0.023295665
0.0019696816,0.051113907,0.7285688,0.5485284,0.05212163,0.0068883086,0.0015497004,0.0015341789,0.046889655,1.0,0.67672426,0.02523733
0.024325468,0.07998707,0.7770361,1.0,0.4695387,0.16868374,0.018364029,0.0059599862,0.053921517,0.8446959,0.7329912,0.13319786
0.10011923,0.04925683,0.2640381,0.57276714,0.8356714,1.0,0.21833904,0.021913527,0.040195886,0.36579168,0.35319266,0.17792417
0.031959724,0.07032278,0.49909195,1.0,0.50633055,0.15004882,0.054387398,0.013697843,0.034635574,0.47751778,0.4083846,0.07082173
0.032383192,0.08547067,0.4743613,1.0,0.5885039,0.060868364,0.010816564,0.008228812,0.029664217,0.354216,0.2922461,0.07958654
0.021555685,0.08102818,0.51722246,1.0,0.36417863,0.049950592,0.006473352,0.0056887744,0.024543338,0.4408555,0.44417953,0.04855229
0.017510906,0.070136964,0.44458488,1.0,0.3828513,0.035510544,0.00509293,0.0038965966,0.01870713,0.3815643,0.3999462,0.058930133
0.03582261,0.12595709,0.7836224,0.88362294,0.47713298,0.08957117,0.02188545,0.0137165645,0.038424652,0.5453325,1.0,0.22596452
0.025236962,0.10450337,0.40101475,0.7649668,0.4259407,0.0684005,0.043781023,0.026718913,0.0437608,0.68870443,1.0,0.14828444
0.027389744,0.06455446,0.19208187,0.48452216,0.477165,0.09704778,0.054194946,0.051833306,0.05393679,0.6749791,1.0,0.12881051
0.031705577,0.04935831,0.36447972,0.85013354,0.5319892,0.09456243,0.07714066,0.120580316,0.14902699,0.89564747,1.0,0.16338097
0.02849013,0.04395866,0.42227465,0.8909142,0.45853505,0.0856063,0.08106834,0.15429442,0.19112366,0.9582378,1.0,0.09388752
0.05844812,0.06276611,0.22191367,0.5506166,0.38948917,0.1169972,0.09349076,0.1699405,0.19369888,0.68125045,1.0,0.10324124
0.12045631,0.080087915,0.39257395,1.0,0.39853,0.23084822,0.22065075,0.31310615,0.33605814,0.49564788,0.9102112,0.16764036
0.053868238,0.067133285,0.40937865,0.50105286,0.1671473,0.120878465,0.16722801,0.19406727,0.17305836,0.5328135,1.0,0.1136063
0.08436129,0.10464328,0.37883168,0.48502728,0.2202963,0.16097249,0.25291207,0.30131203,0.2625221,0.8164837,1.0,0.11279964
0.16557546,0.16362537,0.49526206,0.9676544,0.44824517,0.24258064,0.22383419,0.34671736,0.25594273,1.0,0.99035347,0.19404355
0.056954943,0.07401494,0.45799223,1.0,0.36800373,0.15283297,0.092412256,0.12605104,0.072305255,0.57956296,0.98380363,0.1344047
0.031583823,0.05168944,0.4703222,1.0,0.30593696,0.07134013,0.052269895,0.04510196,0.025472019,0.22255069,0.7036339,0.1048865
0.02298287,0.057987127,0.70633703,1.0,0.27972656,0.052014064,0.032949287,0.025939476,0.020818247,0.17583582,0.6788259,0.10881215
0.04558087,0.07920182,0.7842105,1.0,0.46668744,0.09584137,0.04843618,0.030141013,0.04303082,0.2909252,0.66258734,0.1306517
0.047438666,0.13533078,0.70818275,1.0,0.53549886,0.09458371,0.033477116,0.024797646,0.036393903,0.30211923,0.27823746,0.06114491
0.084163785,0.15446526,0.79200757,1.0,0.69643396,0.15931007,0.05368824,0.053368267,0.06562859,0.78228104,0.9887052,0.16392502
0.43383813,0.67504966,0.78820276,1.0,0.5874167,0.37893516,0.34997535,0.3442822,0.3601821,0.5740485,0.69867367,0.34256145
0.6337286,0.90054524,0.9942898,0.87369365,0.6155226,0.48930532,0.42694378,0.37545636,0.5486753,0.9482242,1.0,0.6476205
0.88524216,1.0,0.6907152,0.39300922,0.27896813,0.32628703,0.3121073,0.26222476,0.28140762,0.26792595,0.3692119,0.5665829
0.6730018,1.0,0.5388225,0.27317217,0.19010027,0.2557661,0.23066607,0.17187859,0.2008033,0.13943766,0.1371554,0.31622437
1.0,0.97842044,0.73416406,0.756187,0.58440936,0.42515066,0.30880627,0.20960978,0.17590836,0.23681353,0.20138751,0.30859822
0.67926526,1.0,0.7203882,0.83996814,0.4905054,0.33461943,0.29090887,0.20333263,0.14243194,0.18648693,0.20283365,0.18358235
0.039272144,0.1644077,0.63160646,1.0,0.5467088,0.10656905,0.04165656,0.017446399,0.014218266,0.05221747,0.06431843,0.034323677
0.022906542,0.05485996,0.19660614,0.6664856,1.0,0.21454869,0.030832445,0.01195632,0.010961292,0.023488967,0.030322311,0.026603347
0.009954055,0.0044993698,0.0139515195,0.17859082,1.0,0.49121577,0.03692847,0.0072838776,0.007967161,0.0034294135,0.0031364998,0.011679042
0.0037619348,0.0008859686,0.006716285,0.16735135,1.0,0.47492102,0.03437546,0.0059983716,0.0047835098,0.0018423118,0.002390485,0.003881805
0.0007103144,0.0004887988,0.0037938734,0.18765353,1.0,0.3886344,0.011740232,0.0017805033,0.0011174205,0.00069750065,0.0013036838,0.0016618739
0.0004955089,0.0006652092,0.0036348414,0.16422905,1.0,0.4019415,0.010684334,0.00089307845,0.00057043845,0.00040237082,0.0011721496,0.0013196031
0.0011613253,0.0010840476,0.007175795,0.24275786,1.0,0.2916724,0.007408197,0.0013199213,0.001051607,0.0010909222,0.0027780938,0.0023133415
0.0021841866,0.0018553095,0.023378743,0.4918537,1.0,0.15396427,0.004795007,0.0034320129,0.0023790274,0.0019962962,0.004865878,0.0052875574
0.013808546,0.021935426,0.123210765,0.7652601,1.0,0.20369013,0.03486679,0.024319118,0.012771581,0.008516739,0.014629028,0.0146381315
