0.14812663,0.09086569,0.1107175,0.06029151,0.26651257,1.0,0.6611418,0.21783149,0.4306122,0.18412398,0.3615741,0.341544
0.05834026,0.072344035,0.16103338,0.027995415,0.22282425,1.0,0.3987964,0.11688713,0.24518931,0.07969718,0.2872779,0.13387674
0.14214458,0.56909204,0.47549188,0.040660653,0.4973623,1.0,0.18870424,0.18421932,0.17693841,0.24588268,0.48266724,0.10323303
0.23581626,1.0,0.62083644,0.043928355,0.37137735,0.68878907,0.1715011,0.1729424,0.16437538,0.35566726,0.4471318,0.12910375
0.073558934,0.20859262,0.23512204,0.036004297,0.07366549,0.41885054,1.0,0.6882655,0.2993693,0.22788402,0.23527159,0.1455358
0.006857613,0.0050473297,0.008072303,0.0034781822,0.0058750687,0.07469045,0.90568143,1.0,0.11015088,0.051421177,0.03217271,0.04313622
0.0018464939,0.0018072261,0.0023831727,0.0027956734,0.022070551,0.20211868,1.0,0.7857124,0.058006696,0.0053806067,0.005688894,0.0075351796
0.0020221306,0.0039848587,0.0075022904,0.0072362204,0.05189415,0.3344662,1.0,0.6832545,0.0651713,0.0066005173,0.0031754337,0.0028005634
0.03565659,0.09021191,0.13187678,0.21901244,0.4382453,0.8863968,1.0,0.5630534,0.077956796,0.037893075,0.028264672,0.026921276
0.63089776,0.97061545,0.9679038,0.9687363,0.8778414,1.0,0.42788088,0.36048725,0.1817015,0.19008702,0.33020496,0.43944317
0.427913,0.5199183,0.28210366,0.21407604,0.34363618,0.3727336,0.35531816,0.43256778,0.34702122,0.67707413,1.0,0.70103407
0.12693314,0.19344452,0.13966554,0.127736,0.20894316,0.29861942,0.49469644,0.49203095,0.5211608,1.0,0.79298115,0.2997513
0.12981111,0.19887523,0.22104354,0.14044249,0.2904501,0.48735017,0.70569324,0.5474269,0.5232713,1.0,0.8415612,0.25498056
0.08789732,0.119439885,0.12481976,0.11428124,0.22700559,0.40087828,0.5604477,0.35781994,0.20587592,0.66045105,1.0,0.22784875
0.0976554,0.15348947,0.17689154,0.21243922,0.22814366,0.5836464,0.81294143,0.48536095,0.3225981,0.9223854,1.0,0.20604114
0.090541355,0.19327155,0.2787743,0.2507566,0.18253595,0.43580478,0.5850568,0.6162843,0.47302327,1.0,0.8898859,0.21759914
0.17419323,0.44082922,0.42110452,0.28795418,0.24803635,0.5297229,0.77897424,0.82142305,0.6384734,0.9957111,1.0,0.35408854
0.15543365,0.2654842,0.28933436,0.16261996,0.25605413,0.7009914,0.79343605,0.7116911,0.5711647,1.0,0.8948151,0.26801202
0.2209916,0.26110563,0.25005987,0.17384909,0.20963852,0.5367903,1.0,0.800434,0.41372287,0.7759947,0.6634477,0.30877328
0.24108022,0.226429,0.23788056,0.21277884,0.20652238,0.48367673,1.0,0.4310178,0.34314218,0.5902761,0.68777496,0.32357457
0.2067352,0.25862834,0.26296684,0.19786793,0.22210698,0.500813,1.0,0.54695493,0.37603676,0.63597035,0.6909156,0.3099227
0.1352572,0.61877495,0.25753015,0.0709873,0.12227624,0.15321513,0.24782285,0.44154304,0.60520095,1.0,0.46673837,0.10756717
0.03227212,0.077039555,0.026638065,0.010724568,0.016227249,0.02256885,0.048266627,0.24340215,1.0,0.50058085,0.03983211,0.010898447
0.0079522515,0.0066020144,0.006450523,0.0049696714,0.0032959182,0.00816783,0.05332758,0.5556679,1.0,0.1643386,0.005799619,0.0066842195
0.0031898853,0.0047908244,0.006317479,0.0019614082,0.0021112321,0.013385562,0.25195482,1.0,0.6200776,0.04717867,0.0048854854,0.006396991
0.0025049185,0.009477535,0.009177458,0.0009206968,0.0033959774,0.028685382,0.6446314,1.0,0.17729224,0.01983307,0.011490926,0.006181034
0.004808884,0.028248025,0.018714912,0.0019830756,0.0058653583,0.07772359,1.0,0.8192412,0.08324002,0.023828877,0.023820594,0.009046514
0.0098837605,0.029453851,0.010938129,0.0051806006,0.014841239,0.2569526,1.0,0.28973007,0.08836873,0.0209596,0.016827688,0.014827827
0.007030302,0.0130565325,0.003637063,0.0039464016,0.014883238,0.26798478,1.0,0.2158193,0.033317517,0.005998117,0.0063948394,0.012426286
0.010051357,0.024975225,0.018399592,0.003269461,0.012100699,0.14244446,1.0,0.40003914,0.019983064,0.002870487,0.0048186607,0.010178476
0.044596564,0.20967199,0.29086298,0.028280748,0.110323556,0.11370328,1.0,0.72484577,0.032537404,0.0070763757,0.02342041,0.03641847
0.025290007,0.5131874,1.0,0.08933061,0.21342525,0.08992501,0.2712383,0.31229648,0.020310452,0.009769623,0.029341515,0.02952552
0.00872523,0.4723563,1.0,0.07748199,0.065153204,0.02409798,0.0896228,0.1175221,0.008436265,0.006468142,0.028163418,0.02222315
0.009943666,0.51121014,1.0,0.07416602,0.022568388,0.010216903,0.08979184,0.1295858,0.007724207,0.0034771939,0.065376356,0.054385968
0.014913768,0.61072576,1.0,0.06587173,0.019081857,0.013797133,0.25527343,0.37572157,0.018892756,0.008896788,0.22284806,0.1705173
0.02311078,0.48168206,0.5819952,0.031947277,0.021492932,0.036922544,0.9377003,1.0,0.0453127,0.041064493,0.44408083,0.29163218
0.03068773,0.26833278,0.16489953,0.0112713445,0.0104710115,0.05609694,1.0,0.6326442,0.037749797,0.053581942,0.16220717,0.092710495
0.031282146,0.26690736,0.120707594,0.0072190342,0.0040652445,0.06074574,1.0,0.50451577,0.029390981,0.047629118,0.047655553,0.036088005
0.02652946,0.24451719,0.094264835,0.009266357,0.004027314,0.09455646,1.0,0.36304355,0.03638097,0.047974505,0.022515358,0.022523645
0.01203049,0.09480899,0.037922613,0.025119932,0.007317207,0.15024506,1.0,0.2114312,0.036646303,0.046993695,0.009972113,0.012553193
0.0039561116,0.03970743,0.04245069,0.02505236,0.01711193,0.14370148,1.0,0.41152224,0.023637459,0.01954402,0.005163757,0.005347472
0.007920309,0.082176894,0.085698225,0.024698606,0.039591856,0.11003137,1.0,0.9250545,0.047820352,0.012173333,0.013699375,0.011470354
0.005718581,0.028124824,0.018776197,0.004041597,0.005783651,0.07802515,1.0,0.9181921,0.054282904,0.0036957168,0.016401265,0.016928224
0.0018525816,0.0032987117,0.0027061005,0.0011049887,0.004702499,0.16028096,1.0,0.6077504,0.029944016,0.0022500549,0.0054884832,0.004984038
0.0014088536,0.00450752,0.0050132815,0.004707086,0.039208703,0.4241657,1.0,0.46069133,0.0364536,0.0036168473,0.0029541703,0.0015131388
0.015930073,0.11288368,0.13757189,0.05000845,0.3180807,1.0,0.7010483,0.24377324,0.06697164,0.013119303,0.02898579,0.03581801
0.1356978,0.8009782,1.0,0.16068156,0.14346208,0.2795131,0.8476563,0.43049163,0.11130559,0.06116726,0.18165976,0.23873205
0.5501246,0.7566209,0.8189277,0.14485373,0.099019065,0.26831043,1.0,0.91168404,0.17414562,0.05435915,0.17994475,0.2731505
0.38466784,0.3076383,0.23375744,0.04822474,0.037334792,0.15521005,1.0,0.702014,0.08732974,0.036941413,0.10482553,0.26101252
0.13891707,0.11903792,0.14148939,0.038288306,0.032647364,0.13788562,1.0,0.69006217,0.075009964,0.040064402,0.0846201,0.15939566
0.05229474,0.31520256,0.51331884,0.06856209,0.05856017,0.22109765,1.0,0.77379507,0.09867686,0.036305353,0.11619647,0.10830245
0.014739656,0.1593523,0.2709894,0.030991687,0.01720369,0.1378295,1.0,0.5157519,0.03348527,0.010771731,0.050142206,0.04486741
0.018912617,0.09613652,0.15108936,0.029175946,0.011319285,0.14344513,1.0,0.34639433,0.022025593,0.011348824,0.037772447,0.042647894
0.023170477,0.086643435,0.102483794,0.021236904,0.0156139005,0.16144311,1.0,0.33465713,0.028556362,0.030260257,0.056757182,0.06316596
0.022649689,0.13368316,0.19217122,0.028378643,0.020631017,0.16783011,1.0,0.31971717,0.030485861,0.033896517,0.11782495,0.081065744
0.034505844,0.31592274,0.47380802,0.072372474,0.033929918,0.234323,1.0,0.33033094,0.0769078,0.06916503,0.16224912,0.090684675
0.022737902,0.2161416,0.31661883,0.055815816,0.027790062,0.22223929,1.0,0.33796138,0.0695138,0.062836826,0.08680996,0.04395417
0.024091518,0.12651932,0.16038778,0.022314109,0.018338388,0.19011022,1.0,0.4473132,0.22475314,0.16261971,0.08865362,0.03733147
0.054546155,0.17705148,0.21336123,0.0324648,0.02261232,0.15622036,1.0,0.7269576,0.7660932,0.68065876,0.2019123,0.08742282
0.07755418,0.10502414,0.11754507,0.031956542,0.03339569,0.1979959,1.0,0.68728733,0.8318778,0.78510076,0.14996462,0.078270145
0.06581187,0.08555053,0.056006167,0.025306737,0.037435386,0.25587773,0.93129086,0.55679274,1.0,0.875475,0.2674643,0.09173427
0.057742752,0.17354165,0.1414379,0.048989654,0.0520159,0.19662349,0.90992796,1.0,0.9336714,0.56233674,0.25258893,0.13328229
0.080186635,0.17334211,0.13526595,0.057506148,0.06132073,0.1766249,1.0,0.7600554,0.17544357,0.1066326,0.08775181,0.093096465
0.124004394,0.22065642,0.23496503,0.114935495,0.09489441,0.2242318,1.0,0.58217365,0.1700314,0.24055117,0.18806139,0.1337242
0.14370929,0.21864866,0.20081386,0.102803804,0.065589,0.11893413,0.4627109,0.33756468,0.42169845,0.93624514,1.0,0.38971964
0.032256898,0.02500945,0.029230537,0.013900363,0.009333214,0.032745194,0.18675812,0.16915698,0.16723691,0.8539557,1.0,0.33222547
0.020571366,0.015881669,0.022109756,0.008139818,0.0070339465,0.02455584,0.14046063,0.09217981,0.11078481,0.7590129,1.0,0.2800698
0.009813173,0.029971242,0.033775777,0.013273053,0.016546628,0.031398322,0.09861059,0.0797389,0.065172024,0.51156926,1.0,0.18662488
0.0062093176,0.02965504,0.044511873,0.013772397,0.030709183,0.085268185,0.0794846,0.04238882,0.02809838,0.34518412,1.0,0.17093872
0.005456786,0.018717214,0.03019724,0.008140562,0.021982389,0.07346934,0.055814948,0.031455584,0.016073113,0.28602913,1.0,0.17805658
0.0074592764,0.015185873,0.02152999,0.006918363,0.012175959,0.04289845,0.06312915,0.037512086,0.013356946,0.19956605,1.0,0.2620307
0.017574698,0.08462735,0.08688182,0.017345121,0.040956803,0.08203458,0.08516847,0.03691854,0.020474505,0.2716357,1.0,0.25810117
0.1042706,0.8010587,1.0,0.31315875,0.43049693,0.87314045,0.29389918,0.07848555,0.07965428,0.41059718,0.6005854,0.15156022
0.08202838,0.43378106,0.47296014,0.28680578,0.55418026,1.0,0.2505001,0.07728267,0.07600252,0.098813936,0.080608994,0.044801224
0.17644212,0.25406855,0.5926306,1.0,0.8501679,0.48544195,0.13188402,0.1458133,0.27838898,0.20438997,0.17769717,0.09346066
0.07713912,0.110077344,0.30552566,0.86236674,1.0,0.58167756,0.04996069,0.01937291,0.0729853,0.1128088,0.12004784,0.038378928
0.07597222,0.036409564,0.060238753,0.30131045,0.6763081,1.0,0.19344513,0.0058269924,0.014141008,0.04180908,0.03271845,0.02963865
0.0676195,0.030886868,0.004679264,0.041244864,0.26993924,1.0,0.38721383,0.011905138,0.0018915503,0.0084617,0.0044865613,0.01110492
0.067761384,0.045106106,0.017811887,0.018846229,0.15413123,1.0,0.7086532,0.17463617,0.012315767,0.008943932,0.00644558,0.00778288
0.022372251,0.025494667,0.10797095,0.096517734,0.024709042,0.21760581,1.0,0.7782683,0.0840766,0.007441072,0.0070592803,0.0062129353
0.010985795,0.01476095,0.13598087,0.12355936,0.02534578,0.17661752,1.0,0.77720064,0.11550547,0.008805133,0.011431301,0.011420478
0.06341432,0.04934279,0.108586766,0.07218839,0.12685996,0.67806655,0.77294534,1.0,0.31325608,0.098996684,0.10675532,0.074004345
0.14374186,0.12771565,0.16265717,0.15465294,0.15116292,0.42892224,0.68265325,0.9407552,0.94487375,1.0,0.7423357,0.2169195
0.106958784,0.084611714,0.14678371,0.1391522,0.10078429,0.15846522,0.27590632,0.6539346,0.7003815,1.0,0.7459129,0.2461749
0.018279986,0.010538734,0.019874457,0.06906733,0.0659773,0.02322055,0.015410958,0.065851964,0.45719603,1.0,0.51573235,0.1051632
0.05357109,0.020688327,0.04839514,0.20493074,0.15945038,0.06365531,0.023948519,0.047409263,0.38035622,1.0,0.41357112,0.1386582
0.27309278,0.11142326,0.25238878,1.0,0.5818294,0.21389051,0.110429056,0.21359414,0.27708873,0.68887407,0.55585045,0.53858435
0.13084583,0.11684688,0.38985214,1.0,0.383119,0.21747102,0.2764331,0.6549768,0.31114873,0.34915274,0.75088984,0.2444838
0.03563625,0.04055944,0.070043914,0.11076961,0.03816106,0.083668806,0.071711056,0.15751627,0.16113105,0.24302937,1.0,0.18820487
0.016377915,0.018317029,0.01804829,0.03833539,0.025555944,0.072904244,0.045407407,0.07098693,0.052569963,0.121181644,1.0,0.39471358
0.07061782,0.018654099,0.016677892,0.06181458,0.1421402,0.10346795,0.12107705,0.07704397,0.059140854,0.049830906,0.8668178,1.0
0.37368587,0.031814694,0.020662578,0.05426811,0.48015472,0.47507054,0.19932668,0.07392109,0.10851208,0.065762155,0.265805,1.0
0.3644308,0.09223719,0.02267897,0.09143159,0.29205197,1.0,0.3199974,0.03597503,0.05491752,0.21654828,0.12252831,0.19053884
0.19865638,0.21196964,0.060942505,0.2534395,0.24479015,0.8836978,0.8719977,0.121618055,0.04010986,0.55445707,1.0,0.15570155
0.06695487,0.09874233,0.10211078,0.15753786,0.15773723,0.15323782,0.40565354,0.34602493,0.15342267,0.2955248,1.0,0.34989092
0.25630227,0.09882868,0.21416806,0.61787355,0.33977127,0.1739427,0.37627265,0.59402114,1.0,0.4713578,0.29318988,0.3208084
0.3860572,0.230045,0.39591852,0.67270756,0.39078787,0.42277378,0.8401617,0.7599497,1.0,0.4942333,0.24473393,0.45686293
0.26988742,0.32327747,0.19922224,0.10646503,0.119275175,0.5657064,1.0,0.58009464,0.16240232,0.08712222,0.25772324,0.3268793
0.25646034,0.156393,0.031735796,0.03178766,0.21362165,1.0,0.45513442,0.09789483,0.033361465,0.043476023,0.052661814,0.06890236
0.15306932,0.026379067,0.009074957,0.019250747,0.37199444,1.0,0.11298095,0.021129716,0.03342384,0.04550182,0.020832252,0.06745643
0.11312561,0.0407123,0.016385803,0.019402351,0.30355716,1.0,0.42426786,0.0714918,0.036703188,0.06506738,0.053119093,0.058277853
0.0437575,0.06901423,0.07205722,0.03789451,0.07011693,0.4924184,1.0,0.6360248,0.1829268,0.07577387,0.13106379,0.08708514
0.07962644,0.037349686,0.12094639,0.14504293,0.09171747,0.12753722,0.3600414,0.8413463,1.0,0.32276604,0.10550296,0.12625757
0.05899644,0.021556346,0.12503189,0.29815796,0.19008964,0.08706006,0.06974154,0.28843772,1.0,0.37669012,0.039785746,0.029830338
0.07282581,0.038813885,0.30314723,0.48803973,0.13306749,0.0963872,0.16151635,0.73383105,1.0,0.22810528,0.04104966,0.104759276
0.06561082,0.13015215,0.31539255,0.18232755,0.08297355,0.2936855,0.77982956,1.0,0.3522456,0.055238564,0.044209227,0.12734771
0.10439512,0.076021105,0.052626014,0.06440332,0.4667739,1.0,0.61048126,0.1889643,0.030423792,0.009277368,0.015057475,0.08016168
0.12172213,0.010763185,0.004258008,0.061896876,0.73799956,1.0,0.12104857,0.012441405,0.007987697,0.006875892,0.011608237,0.10442165
0.1084518,0.025253328,0.010849645,0.039878435,0.5345345,1.0,0.27054542,0.06217168,0.027185507,0.04763411,0.05241541,0.080998585
0.11672924,0.17284973,0.38143602,0.5537113,0.6428795,0.95035654,1.0,0.7847042,0.6693847,0.556499,0.5072088,0.25252366
0.033097193,0.04329387,0.1997188,0.24626896,0.1443038,0.08949247,0.083289646,0.11575957,0.38753885,1.0,0.66526717,0.14816575
0.010020655,0.007747625,0.027810408,0.029232241,0.032630187,0.021130858,0.023660252,0.03555276,0.29041913,1.0,0.5568788,0.06533837
0.01617394,0.0056761997,0.010942735,0.026867839,0.028092215,0.016644241,0.058965635,0.30798548,0.9292918,1.0,0.31688142,0.041314296
0.050863735,0.059410762,0.05333266,0.043143857,0.0968898,0.36762878,0.8103626,1.0,0.64129114,0.26902643,0.0752312,0.03996257
0.07225822,0.039315317,0.024546482,0.11335374,0.671138,1.0,0.44199067,0.11432027,0.018776692,0.007957265,0.0133330235,0.056519218
0.05818201,0.0062717684,0.008852318,0.15785158,1.0,0.80282384,0.06841096,0.007442759,0.0131311,0.008920194,0.0077902176,0.075659476
0.10695466,0.068374805,0.08690113,0.25262326,0.8761542,1.0,0.3965506,0.19205306,0.106653005,0.087211624,0.040682193,0.076672226
0.09555599,0.2552483,0.85289276,0.9007451,0.47685334,0.37316415,0.52920806,0.7571018,1.0,0.8244458,0.36522844,0.09014535
0.018138697,0.034772713,0.22417825,0.17044044,0.07655558,0.06294192,0.04127438,0.05946215,0.39055222,1.0,0.43701866,0.052371476
0.01475033,0.013919555,0.10330753,0.087407365,0.032787014,0.031007744,0.029267354,0.050616752,0.4127217,1.0,0.4042,0.042021293
0.04533941,0.12909704,0.18902448,0.22905655,0.20691888,0.18836176,0.42487162,0.6359475,1.0,0.88362575,0.26955402,0.05064425
0.103183255,0.1892836,0.152707,0.18612266,0.5221084,1.0,0.8491353,0.37745616,0.12611105,0.10927939,0.07010921,0.05551659
0.07998982,0.03623524,0.03729865,0.21997266,1.0,0.9561657,0.16400565,0.053234853,0.10205863,0.06932147,0.030403154,0.08526583
0.10184133,0.08633624,0.10046969,0.24275708,0.69704854,1.0,0.60678095,0.30417848,0.25918385,0.19361195,0.04277122,0.063770704
0.074944645,0.21282172,0.34786165,0.34903643,0.24243054,0.2582394,0.5069705,1.0,0.8263421,0.25182745,0.0484224,0.03169348
0.049079273,0.08873902,0.10796861,0.12839441,0.118267626,0.08199117,0.19882248,0.9316341,1.0,0.2360255,0.0321804,0.04060986
0.0040632375,0.008561675,0.041015506,0.057456147,0.06453247,0.2597263,0.8511665,1.0,0.39303136,0.113308646,0.037620407,0.013105654
0.008240901,0.011454585,0.047412746,0.14228806,0.45840085,1.0,0.86246586,0.33793283,0.054280847,0.015909553,0.020778926,0.01150597
0.02939192,0.059492864,0.19926414,0.4966351,1.0,0.81147224,0.2821942,0.14343467,0.040168144,0.029319258,0.054554015,0.033270583
0.3899366,0.9546475,0.9970714,1.0,0.74034834,0.4056146,0.34787756,0.48760965,0.17157319,0.22136524,0.55585116,0.2140361
0.49939218,1.0,0.55735797,0.31441036,0.31746575,0.18238866,0.2250594,0.4557263,0.27590084,0.24498093,0.31849638,0.17505914
0.059622776,0.18589589,0.44724327,1.0,0.9773128,0.3280059,0.10803406,0.11649789,0.100790106,0.07299267,0.065905355,0.031434134
0.0052324836,0.007951702,0.040188964,0.32593897,1.0,0.5606923,0.100735456,0.042838685,0.018045593,0.009403973,0.0091779325,0.007891571
0.007512214,0.0098582255,0.02036002,0.14448306,0.63302034,1.0,0.40429282,0.093787625,0.02336815,0.008457273,0.0052395468,0.0036198478
0.010134715,0.025041673,0.047520187,0.1308165,0.20235056,0.7243381,1.0,0.5130528,0.11638032,0.023001255,0.013811147,0.0058007105
0.0050427364,0.025137078,0.11332697,0.17662549,0.093999445,0.12329586,0.45467988,1.0,0.43626812,0.060877696,0.02177368,0.009832743
0.0060513113,0.020733275,0.123044014,0.22732112,0.122732066,0.06734281,0.29959416,1.0,0.5763373,0.07254546,0.021159286,0.010889156
0.006293884,0.020335592,0.080323726,0.21305393,0.11410641,0.112595916,0.6478866,1.0,0.23847377,0.030290771,0.016820205,0.009834809
0.007722833,0.022480015,0.044426356,0.13496648,0.13020189,0.42708227,1.0,0.455209,0.05512796,0.010700309,0.0090357615,0.004333631
0.009740629,0.008681597,0.038503777,0.13575998,0.4423118,1.0,0.49994957,0.11605589,0.017573027,0.007840098,0.005815968,0.0060775606
0.01038812,0.0053983144,0.030982524,0.107453264,0.7998298,1.0,0.19720168,0.07397986,0.00996805,0.006934162,0.007436455,0.010169433
0.010207267,0.01191707,0.054917257,0.06992236,0.5112934,1.0,0.31966802,0.07040023,0.0077225687,0.005483607,0.005719576,0.006588748
0.010768159,0.04525954,0.12316851,0.05957886,0.23314457,1.0,0.8609282,0.25765136,0.060816903,0.022724962,0.010757386,0.0062787924
0.054163888,0.26337236,0.325656,0.14520033,0.2555071,0.73599833,1.0,0.69222075,0.68185925,0.6299648,0.1852965,0.033599287
0.05700706,0.22792928,0.10019068,0.067827865,0.13190667,0.31513447,0.14023508,0.05063443,0.30210555,1.0,0.3953502,0.037193704
0.04439455,0.119803436,0.028893156,0.044148903,0.13404301,0.21149671,0.06941296,0.07858241,0.48540822,1.0,0.29742783,0.027055902
0.04814666,0.050468836,0.028332815,0.0290609,0.1117673,0.20428886,0.2784567,0.73338073,1.0,0.56636447,0.11407358,0.028694741
0.06322979,0.06226778,0.022769883,0.009373269,0.07817988,0.52034366,1.0,0.63435376,0.17207769,0.031042129,0.00959254,0.019216428
0.12911151,0.047196392,0.00829638,0.010671051,0.19391666,1.0,0.65326715,0.11008992,0.010414901,0.009776927,0.005960315,0.028930703
0.1765248,0.035023063,0.00812306,0.015724499,0.2802278,1.0,0.24397284,0.010466124,0.0062718824,0.013524327,0.016420389,0.060662024
0.18828806,0.10135864,0.033575337,0.031245854,0.23327793,1.0,0.7262557,0.19327961,0.028737592,0.03713224,0.054356005,0.08738348
0.057320308,0.10245119,0.118341774,0.058811687,0.11717953,0.36832377,0.94974846,1.0,0.2888125,0.05379948,0.07923803,0.09906034
0.032078546,0.025456613,0.07021967,0.09585806,0.15453506,0.12423973,0.15088746,0.6090659,1.0,0.29517114,0.06094456,0.059351176
0.018381573,0.008634689,0.023854071,0.06326267,0.1280959,0.07153918,0.026052732,0.24864759,1.0,0.35443854,0.04832343,0.023116957
0.023083828,0.021418398,0.07762775,0.08216494,0.13760804,0.106163904,0.21098511,1.0,0.9677166,0.14283071,0.046568323,0.052422997
0.091505155,0.113347135,0.10013856,0.068635166,0.24725284,0.48623863,0.8433717,1.0,0.31103575,0.050140932,0.07095847,0.077895716
0.21339932,0.10261059,0.031416405,0.048399378,0.3236097,1.0,0.5246877,0.1516122,0.037424043,0.04476179,0.047929656,0.064613566
0.14594199,0.050939232,0.02170209,0.03942921,0.25853214,1.0,0.51446897,0.10525612,0.027230062,0.031446666,0.030055728,0.04671143
0.06444609,0.059836973,0.07540454,0.11341529,0.323423,0.63624763,1.0,0.75683445,0.3215709,0.1098438,0.045604467,0.033661325
0.055419028,0.048592888,0.15318187,0.19781457,0.48511642,0.34427088,0.3788871,0.61465764,1.0,0.5878425,0.09135576,0.047450647
0.035629764,0.04126667,0.11024457,0.08884196,0.403095,0.33617148,0.09864908,0.25973782,1.0,0.5986119,0.07371309,0.032831192
0.02791716,0.06306051,0.13797724,0.22479491,0.44035295,0.36389545,0.425244,1.0,0.9214205,0.30588272,0.060734548,0.029264888
0.062833235,0.05388037,0.09369236,0.19254631,0.62626535,1.0,0.9145233,0.578907,0.13657296,0.04773677,0.036775794,0.04360993
0.04088416,0.0130507825,0.034519766,0.27166972,1.0,0.6676205,0.15653226,0.053226378,0.023323966,0.011840649,0.015843026,0.060311753
0.029781012,0.011065565,0.032426532,0.24766362,1.0,0.80335486,0.18298665,0.056369808,0.039293434,0.020601684,0.014212357,0.058518685
0.023427958,0.031150915,0.044413242,0.08942332,0.29071108,0.8241414,1.0,0.68362975,0.27310145,0.07043343,0.018371483,0.02195716
0.016923372,0.047439944,0.06922168,0.061686225,0.06279511,0.10815653,0.25687125,0.8613405,1.0,0.3874846,0.06769025,0.012091935
0.0060770344,0.01814984,0.017776124,0.021842409,0.018009918,0.018784244,0.04563765,0.4253419,1.0,0.41540986,0.052887496,0.0066560186
0.004121229,0.007972365,0.015461811,0.032111734,0.02616159,0.07349757,0.31205904,1.0,0.88671327,0.23324552,0.020426078,0.0044896607
0.008460275,0.009360818,0.023228522,0.065569215,0.21876304,0.5981972,1.0,0.63428277,0.19030553,0.04547668,0.008133122,0.007302452
0.019156465,0.034280416,0.12200749,0.34498763,0.770518,1.0,0.58667445,0.1654743,0.05443053,0.012198985,0.009922118,0.019926164
0.12020827,0.25043416,0.5683643,0.86914986,1.0,0.66522306,0.40277234,0.31340453,0.23304494,0.09482162,0.09070488,0.11056283
0.2576684,0.2912905,0.3433707,0.444146,0.7494465,0.8152105,0.9295403,1.0,0.8774151,0.4770151,0.45697448,0.2364177
0.2501216,0.29157767,0.27352273,0.29443255,0.5128796,0.85151964,0.9832484,1.0,0.61067665,0.5898488,0.70497036,0.24563552
0.33428612,0.37588912,0.4874291,0.4918583,0.53485644,0.81583095,0.71773356,0.9088875,0.71566355,0.7443899,1.0,0.45266074
0.5011988,0.47255313,0.52272254,0.70768356,0.6414368,0.6560868,0.69355303,0.7832531,1.0,0.5763827,0.80915326,0.82009095
0.13273282,0.30592534,0.55008626,0.4085927,0.34715942,0.3247011,0.5392871,1.0,0.75393,0.18888389,0.4046634,0.44833714
0.060842395,0.11113129,0.18561588,0.21100242,0.19567846,0.11409603,0.15490724,0.73171973,1.0,0.42187446,0.13754314,0.1182249
0.09642204,0.33541226,0.49461263,0.3320081,0.33694452,0.29152963,0.22394916,0.4737537,1.0,0.72731644,0.14047919,0.057893198
0.07445624,0.23683935,0.3805651,0.23739302,0.13142242,0.20133474,0.35921893,0.8958843,1.0,0.18485434,0.02949128,0.03248316
0.051733583,0.09687289,0.036179624,0.036172874,0.17843728,0.11228891,0.09158001,0.7980214,1.0,0.07191755,0.0016293916,0.005639409
0.08455422,0.058728524,0.010899007,0.037119433,0.49536368,0.2236064,0.07023315,1.0,0.6538948,0.021098461,0.0013614898,0.007747028
0.20032564,0.11000673,0.083431385,0.22690712,1.0,0.36022842,0.08911767,0.81952536,0.37524548,0.013517211,0.026318604,0.07937681
0.36009693,0.301772,0.42112914,0.8305834,1.0,0.24907577,0.19766189,0.46955717,0.22423524,0.21614273,0.44482738,0.5219221
0.88017666,0.5148861,0.3041013,0.4648924,0.8252757,0.77635473,0.46535316,0.82538694,1.0,0.93718183,0.7618983,0.70737946
0.23812273,0.5497529,0.5503112,0.5215982,0.5040904,0.330786,0.18483086,0.4053476,1.0,0.88008666,0.30227175,0.16307883
0.33327076,0.57465816,0.18285069,0.09094476,0.06280443,0.034501538,0.10437406,0.8805581,1.0,0.29215413,0.06399965,0.060597185
0.11255484,0.27233827,0.14288375,0.039382234,0.017135037,0.018652074,0.071632564,0.50556356,1.0,0.550778,0.100253016,0.03057293
0.06564032,0.1483139,0.33339474,0.17798577,0.025663288,0.015581231,0.03591431,0.12667817,0.5771884,1.0,0.5587741,0.10981875
0.13282768,0.03715687,0.20376785,0.31013507,0.16596511,0.034868594,0.01311797,0.01200785,0.08262645,0.39666092,1.0,0.87256175
0.5561715,0.022283928,0.014381241,0.051650997,0.16210608,0.099222325,0.009382364,0.0057333345,0.020038273,0.022778913,0.25485343,1.0
1.0,0.060056455,0.011578887,0.01117807,0.106244385,0.12669656,0.012602498,0.008542708,0.023921637,0.020264896,0.024564905,0.59188247
1.0,0.07463405,0.039330326,0.068715125,0.22656837,0.14642256,0.016136982,0.020390054,0.032398567,0.03966595,0.19202541,0.99319917
0.24679159,0.07842178,0.18152222,0.3420816,0.24745002,0.073675804,0.020827092,0.07286637,0.17925136,0.4271353,0.88613623,1.0
0.15359291,0.2833363,0.32600778,0.25204554,0.10688159,0.052379265,0.08673305,0.42673826,1.0,0.85864335,0.381415,0.17851928
0.22031803,0.16364203,0.04601762,0.025848622,0.06989824,0.04063389,0.20223056,1.0,0.66111934,0.17904757,0.03746793,0.051886898
0.20411864,0.41873065,0.2653168,0.100318454,0.10025759,0.072255835,0.20176087,0.93501663,1.0,0.36876872,0.06251985,0.04563413
0.07314534,0.4219434,1.0,0.9835517,0.35986468,0.13205276,0.061277747,0.1459958,0.65996933,0.6535246,0.19948551,0.0519282
0.06872999,0.0572997,0.25531167,0.67845094,1.0,0.8385897,0.2223598,0.06554109,0.1569618,0.13530385,0.093894176,0.076320834
0.13974558,0.031905457,0.034418054,0.06168318,0.32931572,1.0,0.37338766,0.041543875,0.06289929,0.037706766,0.013156978,0.036908835
0.3233173,0.05764805,0.0949275,0.10723832,0.4308262,1.0,0.3156445,0.04216493,0.08613116,0.0752777,0.07406718,0.29889163
0.3452756,0.13577676,0.21781093,0.33083287,0.5424621,0.34635097,0.063051656,0.042378936,0.11612175,0.44355962,1.0,0.93900895
0.4898947,0.4679763,0.36498252,0.19111879,0.066224724,0.030828869,0.01991178,0.09802443,0.41508046,0.8388637,1.0,0.58207566
0.8920404,1.0,0.17805675,0.029955365,0.03950639,0.027296044,0.022377055,0.3115958,0.5811378,0.31967884,0.42748597,0.323836
0.5687507,1.0,0.2949438,0.04111439,0.0312337,0.05193183,0.03626959,0.22875233,0.43601516,0.17462698,0.48285997,0.349064
0.11296367,0.28590918,0.40599313,0.20944782,0.05387558,0.029599996,0.050582122,0.056271605,0.13924809,0.3255547,1.0,0.5255625
0.13290164,0.010221925,0.03745824,0.07559742,0.07668797,0.015338622,0.008761318,0.018715568,0.013354489,0.08630293,0.83531874,1.0
0.1778284,0.002864412,0.0026313495,0.01966445,0.056344487,0.012166841,0.0034680497,0.014961873,0.011315444,0.017305361,0.32007584,1.0
0.15847018,0.02824476,0.08277455,0.099555306,0.05396267,0.007915348,0.015016349,0.03614193,0.025926867,0.18457446,0.85568786,1.0
0.20155685,0.42903247,0.34182343,0.11095554,0.03217307,0.01432631,0.026823675,0.0454529,0.061778598,0.41490912,1.0,0.28293884
0.9492429,1.0,0.25830188,0.073494844,0.08375135,0.019115042,0.05766311,0.1447398,0.07424521,0.44826305,0.71410316,0.27860618
1.0,0.52095217,0.15767883,0.19324991,0.18457584,0.04914872,0.22803281,0.34890708,0.108802676,0.66024053,0.50301844,0.57798314
0.36501473,1.0,0.84595335,0.21151248,0.062285334,0.080991305,0.15687631,0.1565131,0.12646998,0.32086727,0.32795668,0.17420165
0.09980667,0.41667414,0.6716966,0.31288904,0.0665849,0.034277197,0.10206914,0.07352369,0.059861854,0.62673634,1.0,0.22109376
0.04375328,0.025484648,0.1110369,0.25745696,0.174682,0.05165522,0.06261254,0.046893544,0.059805553,0.59629834,1.0,0.34337655
0.09197632,0.03758184,0.18054911,1.0,0.7864012,0.25289983,0.21167544,0.09237221,0.11274914,0.36441186,0.51299757,0.3141374
0.2501294,0.4843428,0.7172138,1.0,0.42848513,0.16923182,0.0976553,0.09138898,0.10666031,0.2100006,0.46035627,0.3769057
0.12851396,0.5364339,1.0,0.45298773,0.60305935,0.30733094,0.0963458,0.07669002,0.058650248,0.047916524,0.08167695,0.10629686
0.132744,0.5768959,1.0,0.8807333,0.88301605,0.4733274,0.2486742,0.095080025,0.07181453,0.100342594,0.11370111,0.08587687
0.216247,0.39888424,0.66213596,1.0,0.85763144,0.7646632,0.36653253,0.100920476,0.1933396,0.42416573,0.17121193,0.11755764
0.26214248,0.07827265,0.20596808,0.30751887,0.19742377,0.54694766,0.17667507,0.019209098,0.28649214,1.0,0.12515561,0.06404486
0.43464088,0.060688682,0.13783811,0.20148985,0.34225416,1.0,0.14139298,0.013051645,0.23644204,0.6687318,0.090316944,0.12508595
0.36231107,0.14852867,0.074706025,0.29641646,0.48119777,1.0,0.46279883,0.06762669,0.16394712,0.7181762,0.6170851,0.14334048
0.069415204,0.106499545,0.09509559,0.2657379,0.4594816,0.30546543,0.4331774,0.19575891,0.1532043,0.4266773,1.0,0.27829295
0.10431226,0.15208605,0.24730562,0.54551333,0.90484387,0.52781796,0.43406105,0.41594937,1.0,0.9571388,0.8340542,0.50286597
0.082263924,0.1908797,0.32411358,0.33023152,0.6889996,0.8099632,0.27959883,0.25208262,0.8900501,1.0,0.4471073,0.16852519
0.053929575,0.13127603,0.48131084,0.15953203,0.27889267,1.0,0.28213406,0.2824427,0.7512576,0.2651536,0.38984656,0.11148162
0.041970827,0.1532231,0.35638112,0.17492718,0.48286152,1.0,0.2326517,0.31169763,0.50520444,0.19983527,0.20155361,0.05791327
0.11677862,0.3462479,0.50931877,0.5661922,0.912795,1.0,0.3259689,0.29592633,0.38171118,0.32950196,0.12417716,0.06368644
0.10264558,0.20760809,0.318132,0.23925479,0.3438086,1.0,0.49869207,0.12714906,0.14324374,0.07325974,0.02849036,0.040611885
0.031665377,0.0084272,0.00791379,0.0280697,0.31800017,1.0,0.27799466,0.012299786,0.006712694,0.010017307,0.004252115,0.0103660645
0.032315996,0.013073121,0.008250145,0.022033826,0.2984839,1.0,0.43647802,0.06291932,0.019005777,0.012192242,0.007944484,0.011317324
0.026968889,0.050296992,0.14239083,0.16361323,0.24311586,0.86405635,1.0,0.90942264,0.6143804,0.23960823,0.08020522,0.027431035
0.009831305,0.01564754,0.13918296,0.24575281,0.15122768,0.0959376,0.08550192,0.29308385,1.0,0.73995554,0.13605487,0.010922719
0.01078394,0.011598116,0.1163995,0.2413135,0.23053525,0.113569446,0.028082525,0.1672729,1.0,0.99180007,0.15877566,0.013976565
0.019530103,0.01710884,0.12048555,0.40417248,0.29296604,0.11812177,0.23287185,0.6245169,1.0,0.60727435,0.14990705,0.04098845
0.02984107,0.046384607,0.051742103,0.094496705,0.094672985,0.46994334,1.0,0.444556,0.15017173,0.0723543,0.082014486,0.03711711
0.028513085,0.039253082,0.009941394,0.016573217,0.0654886,0.64162546,1.0,0.118985265,0.015971689,0.021177866,0.019375272,0.005644466
0.012255097,0.021793751,0.010155691,0.013758203,0.040098317,0.4373082,1.0,0.22899853,0.014994161,0.0094544925,0.0050246804,0.003695399
0.0064011104,0.011654081,0.011066125,0.011742178,0.04258105,0.2856605,1.0,0.4034078,0.036208045,0.0129308645,0.017666655,0.008366128
0.028068528,0.038519967,0.061399844,0.19571961,0.54768807,1.0,0.9565826,0.4539419,0.11380126,0.08676853,0.15732592,0.039610323
0.043102104,0.08275653,0.30456904,0.69193214,1.0,0.7181674,0.59161985,0.32173017,0.13270621,0.16437687,0.37657222,0.10269477
0.096900284,0.18980704,0.59089905,0.86179787,0.54185885,0.4949766,1.0,0.71828544,0.25456557,0.28181362,0.7825328,0.31924716
0.06702416,0.15800163,0.4286093,0.6355178,0.49348748,0.34436342,0.6814755,1.0,0.3374469,0.28234065,0.66460705,0.23099418
0.039925955,0.12016099,0.5428827,1.0,0.7275514,0.3716796,0.53897244,0.8088684,0.55487585,0.24865612,0.42457032,0.14006129
0.023737842,0.058307625,0.4181645,1.0,0.5891065,0.17720364,0.19238421,0.26398966,0.17515542,0.051768143,0.13882935,0.08446369
0.037214216,0.07920635,0.24832214,0.8058184,1.0,0.45512798,0.14329365,0.1380122,0.1091415,0.03127243,0.06340151,0.07306027
0.02105062,0.07034823,0.12577815,0.20865105,0.64656115,1.0,0.57618046,0.23618832,0.12917514,0.023031617,0.028276326,0.020991698
0.009683013,0.043417174,0.15387465,0.32488072,0.23876457,0.5681897,0.94513994,1.0,0.45042652,0.09303371,0.07052535,0.01632498
0.013700058,0.025642723,0.2148795,0.68995595,0.1577215,0.1402539,0.32129088,0.8901968,1.0,0.26371637,0.21447808,0.03959689
0.009941462,0.023380423,0.21698122,1.0,0.20401627,0.091804296,0.15316074,0.57983667,0.97969365,0.25327173,0.1663466,0.03817397
0.011877785,0.02977015,0.15822779,0.6599039,0.36533844,0.21155979,0.4663784,1.0,0.7156341,0.20399882,0.14842404,0.052892942
0.027486369,0.021761304,0.052052118,0.32388276,0.68530524,1.0,0.88756317,0.46661302,0.16688335,0.057710674,0.06008373,0.022319341
0.012511438,0.008709421,0.04126937,0.3203295,1.0,0.82129824,0.2855795,0.1156099,0.04545497,0.014380607,0.018516826,0.009723207
0.0048595015,0.0032081706,0.029017359,0.3755834,1.0,0.33465365,0.0963992,0.10015872,0.03234083,0.015743751,0.023470176,0.01343442
0.014510829,0.012426286,0.022906434,0.2659952,1.0,0.67626333,0.28010795,0.1572831,0.04480252,0.02605563,0.03181461,0.015315303
0.017634291,0.039461073,0.10363663,0.64368135,1.0,0.72209954,0.5331428,0.3447227,0.2562145,0.1798083,0.082933486,0.021631373
0.010573454,0.039097164,0.18804859,0.8155384,0.94474185,0.5401919,0.26951548,0.14264348,0.5542767,1.0,0.41375488,0.04725618
0.013122942,0.050329037,0.16938898,0.28181672,0.4237499,0.59036624,0.16561633,0.15306623,0.69208884,1.0,0.336606,0.039693166
0.04188386,0.19259049,0.22536114,0.24735479,0.3889319,0.9294067,0.5439025,0.73621,1.0,0.56755066,0.15139796,0.03722194
0.077538274,0.1446474,0.079880655,0.081752084,0.23711692,0.9033689,1.0,0.36641848,0.1081104,0.050244596,0.035808694,0.030898934
0.059605937,0.034063216,0.017286554,0.036342885,0.30398303,1.0,0.45330814,0.05292492,0.0082236845,0.007339893,0.016138839,0.02091179
0.032107517,0.0125012,0.014491039,0.030240359,0.27085653,1.0,0.5516596,0.10769294,0.033025615,0.017353019,0.022000069,0.016282177
0.021399165,0.029006707,0.053612564,0.09084376,0.15378517,0.5420045,0.8592401,1.0,0.76921755,0.29443064,0.09823162,0.03782975
0.03874382,0.07565143,0.066338405,0.06506882,0.05843768,0.07965282,0.07825478,0.17603661,0.536759,1.0,0.7111018,0.19245638
0.02837161,0.17389704,0.16484965,0.043106288,0.053638123,0.06449954,0.059869193,0.033134554,0.11805243,0.7260621,1.0,0.20537108
0.03486141,0.11240232,0.06902818,0.027153492,0.046459865,0.033016294,0.039318275,0.04870687,0.30876696,1.0,0.7728802,0.1003725
0.093252674,0.15514989,0.12807418,0.049875833,0.026032245,0.025287816,0.05030655,0.20757097,0.7056597,1.0,0.42834947,0.0883754
0.20175666,1.0,0.39261588,0.026686678,0.006038746,0.020059954,0.07941665,0.09778204,0.09707991,0.07146334,0.043674678,0.027404359
0.12775019,1.0,0.7951108,0.1035466,0.011010299,0.0074281646,0.026370594,0.015670117,0.0048556738,0.007960182,0.017926969,0.012909406
0.10742052,0.63506407,1.0,0.32905802,0.049818262,0.01315631,0.010391081,0.014277444,0.011500093,0.008250057,0.011324406,0.021127813
0.17578448,0.877116,1.0,0.41835618,0.13798158,0.079301044,0.021903707,0.010715688,0.010055095,0.011702236,0.017574374,0.027520854
0.26496083,0.7466696,0.92312473,0.6739851,0.6865759,1.0,0.19903429,0.031088784,0.020374084,0.032067083,0.033589546,0.04591072
0.10305793,0.104591034,0.17899245,0.3793212,0.7544822,1.0,0.28983372,0.15103015,0.15288413,0.09710588,0.039910894,0.050040968
0.2659452,0.23863891,0.51234865,1.0,0.70318323,0.4966538,0.6491529,0.7497312,0.6908786,0.26492524,0.1889649,0.22899386
0.22450237,0.15383585,0.3068767,0.4016954,0.2685046,0.4927299,0.5309308,0.5383587,0.7576408,1.0,0.76928276,0.50637496
0.22254965,0.14251585,0.23057348,0.3143594,0.65982467,0.8577289,0.4557123,0.19979537,0.26352185,0.61335856,1.0,0.589664
0.16282919,0.09275811,0.09315989,0.1509002,0.8529194,1.0,0.2216724,0.09219821,0.08865331,0.058705613,0.3300147,0.25233495
0.16732654,0.060888257,0.047257796,0.08518856,0.51708007,1.0,0.39650673,0.07680739,0.061172314,0.02667736,0.07595037,0.18681999
0.47755185,0.19596833,0.124209836,0.17479911,0.54093933,1.0,0.88408977,0.31217825,0.09768216,0.040950246,0.09060994,0.3760266
0.53284913,0.29841182,0.23362513,0.18478453,0.34153187,0.3206457,0.85333556,1.0,0.26256976,0.06340178,0.07206354,0.29764268
0.088616334,0.16582753,0.18524274,0.08689299,0.05159424,0.07767632,0.39646444,1.0,0.4988529,0.07390609,0.03436432,0.064476915
0.13352819,0.49254102,0.4896258,0.15278925,0.093696214,0.12454859,0.5436434,1.0,0.5720079,0.1399385,0.04439788,0.05230749
0.116136275,0.68728817,1.0,0.24597222,0.25478783,0.49965054,0.45959276,0.33202437,0.16456966,0.07921113,0.078081004,0.0705554
0.22252837,0.7729498,1.0,0.46273732,0.41316295,0.47797167,0.32830986,0.2744628,0.2377745,0.17134184,0.1497565,0.110874705
0.34169877,0.7193981,0.5916463,0.4503262,0.48567545,0.4372302,0.4865745,0.57954115,1.0,0.8731883,0.56781644,0.3583515
0.17068182,0.3371351,0.3540444,0.28869334,0.27811572,0.30228013,0.3470851,0.58593905,1.0,0.8388282,0.49805465,0.23687033
0.009589139,0.012977667,0.038918912,0.1618595,0.6069033,1.0,0.70450157,0.1885215,0.05226812,0.0324188,0.02935345,0.026166536
0.005953498,0.009637073,0.09625231,0.49070844,0.820963,1.0,0.6555641,0.13429277,0.02381835,0.03451318,0.11989496,0.05628821
0.0129593145,0.014924706,0.19144434,1.0,0.65916526,0.44038406,0.2702555,0.09701474,0.038506757,0.08275484,0.5343796,0.29042408
0.018436035,0.012539515,0.13692127,0.68293774,0.4900173,0.14196266,0.03838093,0.040689286,0.034258254,0.15189005,1.0,0.5082547
0.0069027133,0.011928554,0.12644064,0.33374572,0.26184887,0.117958546,0.029663345,0.022083519,0.028714526,0.358606,1.0,0.17970495
0.0063944748,0.049953,0.29376936,0.31538907,0.30032575,0.1636528,0.043587975,0.024871802,0.09043298,0.8780487,1.0,0.084146775
0.012805761,0.2263634,0.46810272,0.16583732,0.201153,0.10006514,0.032748096,0.03079356,0.29129308,1.0,0.32990953,0.019194435
0.08221705,0.963778,0.9409057,0.18063796,0.17422573,0.109182075,0.040584847,0.08764773,0.82998407,1.0,0.11098084,0.01814837
0.39162558,1.0,0.57095635,0.1734995,0.11606955,0.09015669,0.10170834,0.32130048,0.6632898,0.30496988,0.10767655,0.216644
0.5425369,0.3058446,0.17302884,0.18184938,0.125056,0.09844538,0.23144403,0.42062375,0.36300996,0.1124966,0.3952857,1.0
0.19601844,0.09760988,0.09437008,0.10197552,0.09078506,0.074374445,0.099381216,0.18597041,0.17944184,0.10639762,0.5043003,1.0
0.25070333,0.7922628,0.87421674,0.6176543,0.531663,0.5472551,0.39866212,0.3213444,0.5132402,0.8610141,1.0,0.81393826
0.38064137,0.6355944,0.74055576,0.9052816,0.8058158,0.8064316,0.51567364,0.38242048,0.67752653,1.0,0.8674281,0.5421489
0.6457238,0.56600773,0.7697906,0.9459208,0.9245939,0.98659307,0.98912895,0.7466102,0.85534793,1.0,0.88041586,0.7348867
0.5705617,0.6573203,0.66466886,0.55778235,0.64336365,0.916592,1.0,0.6557622,0.84387463,0.7030655,0.56183976,0.496496
0.45266303,0.9963418,0.87019193,0.4300527,0.41866484,0.68389505,1.0,0.4878184,0.65062404,0.5908177,0.41924813,0.40982303
0.3455591,1.0,0.787383,0.44321486,0.45921174,0.5224378,0.86784047,0.3663148,0.35735038,0.33027998,0.35540292,0.32732573
0.32297784,0.8705113,1.0,0.5347112,0.4506745,0.42274585,0.3941458,0.23165706,0.3135938,0.42290226,0.5694966,0.69897133
0.286289,0.53311646,1.0,0.7811095,0.5621204,0.29872492,0.22621287,0.23460978,0.26656094,0.27866828,0.47842938,0.54534554
0.3068545,0.6845311,1.0,0.7651551,0.68133676,0.40921602,0.36288357,0.36824876,0.416058,0.33876628,0.4527177,0.28308254
0.3041282,0.6625042,0.7496827,0.6220013,0.67772746,0.48992836,0.31191626,0.3707918,0.46844912,0.51845634,1.0,0.78035134
0.29631308,0.46134105,0.549043,0.50073665,0.6395014,0.799445,0.377801,0.33243203,0.41982085,0.30573097,1.0,0.8521267
0.2346819,0.55802304,0.88007754,0.46093524,0.49033678,0.61867934,0.43245685,0.35120526,0.695533,0.580755,1.0,0.6334173
0.24630897,0.6336884,1.0,0.43184036,0.4843063,0.393287,0.3993479,0.31182304,0.39258847,0.31853515,0.44881013,0.48360217
0.47351992,0.8927841,1.0,0.7278295,0.5370126,0.58518904,0.78693765,0.36382407,0.5083375,0.8257415,0.6246083,0.88913506
0.30528706,0.5133429,0.5182444,0.50249827,0.5518991,0.85386246,0.79477614,0.22917846,0.600839,1.0,0.7167978,0.7018892
0.23633195,0.38845536,0.32805103,0.49305135,0.58326936,1.0,0.9917391,0.3482998,0.49141255,0.50829506,0.63736653,0.5832958
0.38899705,1.0,0.58398736,0.58990884,0.46787098,0.5133338,0.70249,0.3103701,0.5003099,0.7818439,0.67755234,0.58987904
0.37770382,1.0,0.73072165,0.3405789,0.3052928,0.25444314,0.3332681,0.3254433,0.5168756,0.3918185,0.68279713,0.70251036
0.35408258,0.7595135,1.0,0.53404737,0.49255633,0.43476954,0.4191811,0.6443298,0.5575605,0.43678942,0.7760947,0.65926933
0.208108,0.38710222,0.6609136,0.75468427,0.7304181,0.5996268,0.6194698,0.5612043,0.9472252,1.0,0.9967809,0.45634663
0.098321125,0.2715303,0.2868329,0.31380334,0.26615894,0.2271113,0.17732981,0.18849403,0.40249565,0.93225944,1.0,0.2845128
0.25034624,0.584504,0.5194643,0.32863644,0.30554503,0.38842392,0.4114039,0.34193507,0.5268454,0.6626469,1.0,0.67175555
0.3693919,1.0,0.9729098,0.51501244,0.6206996,0.64580244,0.7423807,0.5759139,0.63687086,0.6662517,0.5802491,0.5245364
0.23475799,0.8084358,0.96142036,0.89354694,0.6848916,0.4552974,0.60693944,0.24594538,0.39790887,0.85833764,1.0,0.55357796
0.058249973,0.11221648,0.2630159,0.6026591,0.31487015,0.06327549,0.07546645,0.036456633,0.060834363,0.27131513,1.0,0.6064825
0.051233485,0.01960094,0.09512581,0.3744948,0.21531808,0.030260012,0.012289016,0.011713789,0.009409279,0.065829,1.0,0.92277163
0.02849184,0.0049338574,0.034744307,0.14883499,0.06133403,0.006180615,0.0018528899,0.0026244598,0.004109563,0.08187227,1.0,0.69394195
0.011354589,0.0053478023,0.030594088,0.1014151,0.028041668,0.002999333,0.0016142224,0.002011934,0.0045297006,0.14594905,1.0,0.37541732
0.008655436,0.011549616,0.05918009,0.144935,0.048582613,0.0067735533,0.003177237,0.0046762135,0.010321469,0.16978776,1.0,0.25260156
0.014970511,0.016545914,0.08082574,0.26607427,0.09956431,0.012754619,0.005352278,0.0078073754,0.019686094,0.15000069,1.0,0.38378856
0.029956609,0.03728026,0.2537112,0.7272556,0.23355658,0.028241634,0.01156627,0.011192489,0.03274461,0.24894026,1.0,0.37764293
0.01978475,0.02773223,0.2297783,0.56284547,0.17069265,0.016639732,0.009482555,0.008727213,0.029748116,0.434601,1.0,0.15516777
0.011699677,0.014688866,0.09669049,0.26469994,0.09400438,0.015229321,0.012379818,0.010188423,0.022702232,0.47158614,1.0,0.09107262
0.00811472,0.013580267,0.1423594,0.25819367,0.05697808,0.012980669,0.014614376,0.011200946,0.020370571,0.4621761,1.0,0.08593331
0.013780985,0.023080371,0.22773704,0.3352288,0.043448903,0.007661728,0.013979361,0.013213261,0.031579386,0.5002696,1.0,0.08759834
0.019101514,0.026557496,0.31761506,0.7097373,0.10612312,0.008671827,0.009511689,0.013675018,0.050418057,0.49470136,1.0,0.079732515
0.011849294,0.016576035,0.31425208,1.0,0.1387391,0.007040712,0.0039255884,0.007265806,0.049524687,0.298124,0.7556727,0.060254723
0.0147081,0.017961495,0.3298987,1.0,0.1289787,0.007842112,0.0069075497,0.011646593,0.058474287,0.27216685,0.68542755,0.05847711
0.049944226,0.043102764,0.5319514,1.0,0.1261464,0.012430847,0.03860912,0.041615956,0.105593175,0.33214927,0.6084153,0.05409615
0.12017616,0.10939353,1.0,0.9503975,0.12619849,0.04346617,0.19746818,0.2767732,0.6703999,0.496769,0.42930728,0.056834847
0.08549321,0.058379363,0.3915737,0.282119,0.06470724,0.05387158,0.12963785,0.36762202,1.0,0.2861537,0.10064629,0.02555323
0.12978925,0.12265999,0.47734395,0.30219656,0.14286332,0.12081065,0.29260337,0.5376689,1.0,0.34369463,0.13891885,0.057177264
0.23308007,0.28519714,0.8784405,0.62361246,0.39478374,0.3332356,0.59622645,0.6408886,1.0,0.6073564,0.36284053,0.15693271
0.10855231,0.17705508,0.9729048,1.0,0.4832238,0.5364516,0.37946558,0.25566494,0.73187405,0.5143561,0.36308408,0.1192991
0.17574139,0.10619817,0.5354245,0.7845998,0.5634537,1.0,0.5734825,0.18671976,0.34464282,0.3063528,0.29264402,0.23389134
0.55036217,0.16936313,0.13498506,0.3222646,0.57619095,1.0,0.44116956,0.18259968,0.14453003,0.19096223,0.1893351,0.23204751
1.0,0.7382523,0.30996054,0.12062403,0.26150444,0.30116335,0.15676202,0.15509644,0.2233827,0.23386586,0.115185305,0.19024204
0.27681392,0.7103556,1.0,0.34875625,0.16201097,0.11499273,0.09420696,0.10182503,0.24643177,0.27487516,0.1441532,0.07516687
0.058562573,0.2678437,1.0,0.523533,0.25811842,0.08783931,0.08520321,0.14884247,0.5078787,0.6307913,0.25051403,0.13217711
0.1771439,0.39190647,0.65259737,0.41698506,0.34848228,0.13049933,0.108492926,0.2542325,0.7497625,1.0,0.45486397,0.17838693
0.17762636,0.21743307,0.2724228,0.36767757,0.39455453,0.18129732,0.11685408,0.3259922,0.7822707,1.0,0.5619981,0.17985423
0.09953361,0.15848012,0.33034152,0.37136883,0.58410066,0.3194285,0.18025678,0.38066375,0.9970215,1.0,0.78275925,0.22865294
0.05345114,0.094143756,0.13737285,0.20359178,0.5159241,0.27981886,0.13986456,0.314432,1.0,0.740458,0.3446302,0.12081404
0.018165395,0.04155416,0.07950667,0.15449987,0.33583772,0.206218,0.1105827,0.34291476,1.0,0.5962089,0.15269372,0.041542277
0.01793232,0.039929457,0.11783365,0.24738851,0.4215737,0.22944713,0.12927254,0.3058852,1.0,0.8249596,0.16019873,0.036308058
0.08106334,0.10144093,0.29162964,0.8422064,1.0,0.39896694,0.20508036,0.38653412,0.9318066,0.7424076,0.23071931,0.09965436
0.025495674,0.07695845,0.179464,0.55841434,0.5875875,0.29169494,0.2330051,0.6811202,1.0,0.6656866,0.10259939,0.016339442
0.0033334896,0.006556383,0.015402329,0.036261167,0.034117408,0.02473843,0.14070044,0.55109435,1.0,0.51684237,0.069116265,0.0045885392
0.0010898521,0.001359345,0.0046318923,0.012520862,0.014422674,0.0046800585,0.029967036,0.2697811,1.0,0.8147028,0.13459173,0.009657238
0.0005150853,0.00073981285,0.001971667,0.008749252,0.012334348,0.0037777459,0.006317185,0.086361155,0.7036204,1.0,0.22183634,0.010744182
0.0011336668,0.00088041666,0.0030071859,0.008360768,0.007813216,0.0060455273,0.042535227,0.26401302,1.0,0.8956599,0.18567356,0.011717923
0.00305128,0.008288175,0.012524581,0.010855304,0.019903844,0.09550609,0.47343498,1.0,0.7343722,0.22763203,0.038410157,0.0044248346
0.029956754,0.018904012,0.011116225,0.04508388,0.3063589,0.9716791,1.0,0.3922306,0.08440376,0.015961096,0.005175327,0.015366161
0.028193813,0.0033029814,0.005089499,0.099671446,0.79702646,1.0,0.1997814,0.016545733,0.008431499,0.005449556,0.0065616793,0.042393934
0.040114738,0.0052206037,0.0050121974,0.12732375,1.0,0.75183475,0.056672145,0.0074825054,0.0050975904,0.0028193553,0.0068433476,0.057037294
0.121737584,0.05324235,0.014265292,0.077183805,0.7254064,1.0,0.27677602,0.07412566,0.029600631,0.011192909,0.0058184527,0.047721587
0.13150913,0.12764472,0.14775018,0.19939381,0.339936,0.78305703,0.72593653,1.0,0.95820206,0.24158795,0.031680502,0.033197764
0.03152852,0.018883742,0.0551487,0.1546787,0.1071517,0.06968598,0.094438605,0.25785905,1.0,0.73494345,0.111886375,0.017625382
0.019458413,0.01563111,0.019866996,0.08027611,0.07074532,0.029549358,0.054259654,0.18636486,1.0,0.8938395,0.13673884,0.012970011
0.029728085,0.15353039,0.23545031,0.10557447,0.02890155,0.05362864,0.25861028,0.96028674,1.0,0.29616296,0.047550127,0.011360406
0.6598953,0.97803,0.4577724,0.07861314,0.11923768,0.4194812,0.90942353,1.0,0.30387625,0.06668397,0.06396172,0.17027278
1.0,0.27417403,0.05747205,0.022003189,0.14382376,0.32243302,0.14436473,0.055414338,0.016017841,0.012451037,0.020665184,0.45181173
1.0,0.10904109,0.02147386,0.011847771,0.092794046,0.15878409,0.019846076,0.003401609,0.003574456,0.006917281,0.0136755295,0.50521475
1.0,0.52277094,0.17300226,0.04156957,0.037738923,0.112800494,0.084030144,0.039154276,0.014465722,0.020514948,0.057753135,0.3594101
0.918795,0.9875854,0.79090077,0.46640363,0.22603174,0.11040854,0.1807025,0.1835964,0.18576647,0.16570008,0.3061265,1.0
0.48680812,0.37416875,0.2571289,0.37304,0.9087174,0.3039229,0.08533474,0.12312856,0.26037872,0.73215926,0.5915982,1.0
0.24830122,0.40658724,0.11562912,0.18100128,1.0,0.37243876,0.051670622,0.1142639,0.19667594,0.7664695,0.43397245,0.51976615
0.25024825,0.16984016,0.55337995,1.0,0.6272043,0.11830039,0.06485152,0.18125823,0.40063182,0.4144586,0.19023414,0.37664217
0.13028459,0.1841179,1.0,0.51171005,0.053676028,0.013412609,0.05507845,0.24823055,0.123205714,0.04337574,0.27972105,0.7298297
0.06847074,0.33809906,0.93192756,0.13619323,0.01205396,0.009224457,0.07489008,0.23569037,0.037493303,0.022142136,0.59458953,1.0
0.16198891,0.26814806,0.67367655,0.20521298,0.08327957,0.053911008,0.0558611,0.18709233,0.09004482,0.090105906,0.57464814,1.0
0.15604734,0.09620776,0.15597002,0.10690833,0.16135369,0.3647453,0.13404025,0.09072607,0.11270043,0.19458492,1.0,0.79400545
0.10496227,0.04788134,0.080401145,0.031332016,0.042052303,0.25303945,0.35820878,0.07852555,0.057968833,0.10134869,1.0,0.9825313
0.27738446,0.032976832,0.09161252,0.060419716,0.03593132,0.102372006,0.6288612,0.23512231,0.048019953,0.085923724,0.33310503,1.0
0.3943157,0.023027807,0.060808185,0.07126536,0.04139814,0.08376775,0.8963264,0.36700195,0.05562275,0.11289904,0.16218162,1.0
0.23580135,0.028240133,0.08278357,0.068775065,0.03240453,0.16865143,1.0,0.23963743,0.08820441,0.21521914,0.2723161,0.96783507
0.12869234,0.029806422,0.07527945,0.055434044,0.034574717,0.28672174,1.0,0.14135478,0.13567714,0.18302667,0.37687096,0.9345942
0.14468727,0.040721044,0.0661529,0.051440246,0.03669066,0.28592864,0.9901043,0.13801819,0.14698666,0.13217203,0.35627776,1.0
0.2950259,0.043246,0.07943586,0.060759958,0.04714525,0.14644727,0.7940538,0.21925919,0.1071555,0.15966532,0.23237287,1.0
0.5630143,0.05683398,0.111249916,0.11633461,0.06375759,0.081299305,0.6458996,0.39552763,0.06922042,0.1353228,0.16262211,1.0
0.54893434,0.051609993,0.064002976,0.07724185,0.039566975,0.049961384,0.37507346,0.39437708,0.051461548,0.071458526,0.18886289,1.0
0.45623153,0.05853328,0.024749907,0.030584712,0.033245202,0.062274627,0.24190395,0.41700116,0.09019285,0.06420711,0.31271347,1.0
0.3101548,0.10259496,0.086454675,0.052050732,0.081862934,0.19108948,0.4457911,0.6264995,0.20479622,0.14261612,0.63393414,1.0
0.18917356,0.04277221,0.079617746,0.04178655,0.05217461,0.19222575,0.38543943,0.11002713,0.048371505,0.10248485,0.7728012,1.0
0.5158,0.17968209,0.054497246,0.041873846,0.06059232,0.21741681,0.56292015,0.45843405,0.11398854,0.12299249,0.5173112,1.0
0.90452415,0.20579278,0.02931215,0.024943613,0.04455925,0.11992684,1.0,0.8868966,0.07916998,0.021089528,0.0447405,0.571116
1.0,0.27248287,0.022598177,0.016690971,0.027808342,0.04146587,0.38937828,0.5952715,0.0537908,0.012448683,0.023695346,0.41923168
1.0,0.2043247,0.014004053,0.01555275,0.028515918,0.029037759,0.1545455,0.29181346,0.042881146,0.012182619,0.05545465,0.6376449
0.5292475,0.054393068,0.0070725786,0.008332848,0.020181473,0.065836675,0.20976683,0.122560896,0.023894055,0.014648502,0.24735485,1.0
0.1717929,0.012813981,0.0042126523,0.0072439737,0.031172255,0.15341784,0.2447356,0.080310985,0.014877645,0.048211504,0.65795165,1.0
0.092582285,0.010535115,0.015258493,0.019763667,0.039688747,0.15065557,0.20668475,0.07897025,0.01323098,0.10783778,1.0,0.8868128
0.07911399,0.011258713,0.012396397,0.021704676,0.02899429,0.09219507,0.15384054,0.0742029,0.013827219,0.114717655,1.0,0.843275
0.22323604,0.0144937085,0.008398673,0.010119828,0.018998995,0.04095082,0.06219779,0.05378787,0.016939918,0.037030704,0.5520379,1.0
0.4008468,0.020592108,0.0042262496,0.0049665296,0.013150492,0.031677745,0.049414743,0.049660437,0.025815342,0.007328263,0.22843467,1.0
0.6026229,0.0343527,0.0055639166,0.0062639075,0.01423876,0.042022463,0.06611311,0.056632273,0.033237413,0.0058149802,0.13077307,1.0
0.74170256,0.049066093,0.0042869784,0.0045978115,0.012452893,0.05235002,0.058424618,0.059101343,0.040147558,0.0071026664,0.09639031,1.0
0.6793608,0.039263673,0.004234956,0.003867857,0.009470684,0.051496822,0.056598164,0.05803714,0.036515944,0.0063254936,0.10961563,1.0
0.63905203,0.035592604,0.004413913,0.0043193987,0.007946469,0.042704392,0.05918101,0.049870305,0.028485116,0.005525235,0.12175749,1.0
0.58158493,0.032414462,0.0034658452,0.0036561373,0.0069726044,0.03750713,0.053585038,0.047455736,0.024743538,0.0060881954,0.13751557,1.0
0.3446168,0.014930679,0.0032244239,0.0027057265,0.0077463416,0.026940398,0.04246409,0.040250722,0.015208074,0.007610099,0.24749438,1.0
0.23531342,0.011601724,0.0056933532,0.0024720812,0.0073912884,0.019664768,0.03069502,0.034360465,0.009201405,0.009831587,0.32696638,1.0
0.27258947,0.013452438,0.0066729775,0.0033029127,0.0046840613,0.016995354,0.030216528,0.029500235,0.007859741,0.007672892,0.2843458,1.0
0.28279185,0.01336595,0.0038043906,0.0026568673,0.00444445,0.02393363,0.051382806,0.055226978,0.014881531,0.008324635,0.26487818,1.0
0.3390833,0.0152907455,0.0051297992,0.003979066,0.0072812256,0.032679427,0.051268876,0.06782614,0.023789685,0.0064072567,0.2185979,1.0
0.6053547,0.04374743,0.008993256,0.008276023,0.005556387,0.027851019,0.037367374,0.05026518,0.027725924,0.0058221975,0.13203067,1.0
0.8288982,0.058912534,0.00894569,0.007141454,0.0030725768,0.024706705,0.043912277,0.053557042,0.03337207,0.0055012163,0.08655365,1.0
0.9212523,0.07015748,0.0050027403,0.0034114008,0.0029825894,0.030920103,0.051908094,0.0663961,0.04408989,0.0063763545,0.07810102,1.0
0.9391416,0.069944225,0.0073704864,0.0064480747,0.005990328,0.04625065,0.08874971,0.103880286,0.060437936,0.0076710815,0.07412915,1.0
0.617169,0.047145616,0.01145034,0.012429862,0.010429202,0.047741488,0.082679525,0.10033639,0.042420223,0.00842817,0.1407237,1.0
0.28185058,0.015352004,0.007820924,0.008696868,0.009917555,0.05722955,0.13610853,0.12774512,0.018632129,0.01081267,0.27951235,1.0
0.18099599,0.010688838,0.005771864,0.010030625,0.014789978,0.08001074,0.19990472,0.17724729,0.017195884,0.01839087,0.41282785,1.0
0.1893408,0.009003458,0.0064881826,0.016539793,0.020574925,0.095202625,0.23629668,0.2109051,0.018118553,0.015220034,0.39573905,1.0
0.33885342,0.019061746,0.0054030954,0.017840194,0.02355691,0.08232361,0.20412335,0.23675077,0.040125772,0.009853118,0.24524046,1.0
0.73463106,0.05192055,0.007242115,0.017094687,0.0343036,0.083065756,0.17649993,0.2698633,0.1118529,0.011516055,0.112318024,1.0
1.0,0.11622461,0.009989013,0.014786267,0.03932003,0.07736783,0.14445715,0.17900604,0.15487628,0.01662279,0.0351182,0.65645874
1.0,0.1062357,0.011391815,0.017486269,0.04852475,0.071830824,0.18790664,0.2696019,0.17343417,0.014907565,0.04040782,0.7249921
0.56859976,0.032199483,0.0059933895,0.028463397,0.055708595,0.1085291,0.28673384,0.37691253,0.112629876,0.010582132,0.13766912,1.0
0.2292961,0.009358641,0.006015882,0.023767855,0.03062126,0.1438026,0.38501635,0.36384773,0.03981062,0.012953568,0.32871735,1.0
0.11602563,0.005187529,0.0072591123,0.012660951,0.026029315,0.21749826,0.54611087,0.28808415,0.016288405,0.022525495,0.55815333,1.0
0.08898444,0.005252904,0.01547258,0.01843403,0.03218756,0.29528692,0.6772131,0.24448118,0.01620005,0.044668917,0.79679054,1.0
0.13128625,0.0051241103,0.0106874835,0.020638628,0.031203296,0.29751417,0.6960745,0.26126865,0.01855537,0.022319451,0.49214014,1.0
0.28863803,0.014625782,0.004910625,0.01752924,0.021995952,0.1496724,0.60433024,0.5385881,0.06506229,0.011633052,0.24532767,1.0
0.8990407,0.05821534,0.0067852377,0.017092146,0.04799939,0.1595864,0.69564456,0.9725126,0.3362616,0.023446176,0.10485023,1.0
1.0,0.068759,0.0073824534,0.01211037,0.039581012,0.09335369,0.4836663,0.95869935,0.46641266,0.027848188,0.047506396,0.7448097
0.868024,0.045086924,0.0066896183,0.013725773,0.02614104,0.10649717,0.8505266,1.0,0.2919013,0.027960863,0.07084595,0.9775964
0.37208357,0.013409818,0.004377898,0.011199616,0.014012118,0.14281869,1.0,0.51398385,0.05788798,0.017859846,0.15513268,0.98972285
0.18279651,0.0039422256,0.003466869,0.0064180987,0.0064208857,0.17287657,1.0,0.26341984,0.014849652,0.012222203,0.21624868,0.88461506
0.1300372,0.002309476,0.0033173373,0.004971615,0.006018854,0.21684079,0.74215966,0.123163655,0.0129223345,0.014572276,0.3722842,1.0
0.2489469,0.0048396047,0.002311857,0.005410135,0.006694534,0.14496277,0.6042895,0.20056742,0.01732241,0.0098811295,0.20617755,1.0
0.60565746,0.020423938,0.0047095874,0.009577378,0.009523441,0.07040137,0.6885289,0.54292804,0.05977242,0.01523055,0.106120974,1.0
0.71994257,0.036621507,0.0068003316,0.012457297,0.01405307,0.08450982,0.8050906,1.0,0.09749439,0.02405606,0.091107965,0.860167
0.40010732,0.02826081,0.009400929,0.017193154,0.030586848,0.20971844,0.9674317,0.74400663,0.1150329,0.12347173,0.45354033,1.0
0.1295339,0.02297818,0.032311205,0.04098814,0.08872096,0.30161592,0.60785913,0.42785043,0.3690207,0.50060064,1.0,0.84620225
0.515545,0.5640075,0.5037889,0.3477596,0.28175494,0.6239058,1.0,0.8412207,0.59478545,0.36189938,0.42069444,0.4604075
0.7391832,0.49664915,0.33406723,0.28850865,0.21999846,0.35068983,0.49526465,0.22495598,0.1861532,0.30389857,0.68477243,1.0
0.35406208,0.092747174,0.041221492,0.04421598,0.035777878,0.20691368,0.29472992,0.13146135,0.1427158,0.21188882,0.76369834,1.0
0.39018276,0.08159576,0.04449377,0.04914678,0.0827867,0.40633947,0.37621394,0.1991746,0.22178589,0.26395315,0.69457895,1.0
0.19763082,0.036024164,0.021199187,0.043229792,0.14091785,0.6633288,1.0,0.43096974,0.27837226,0.2110507,0.35018194,0.5101024
0.11875587,0.02014188,0.013390186,0.015641235,0.027245201,0.27052253,1.0,0.44644877,0.19562149,0.048122015,0.13546301,0.5066447
0.23014174,0.018151134,0.008783908,0.008941786,0.018265024,0.14145672,1.0,0.7418056,0.23244998,0.030778466,0.16298993,0.83968717
0.070841335,0.0049684853,0.004616421,0.005058156,0.01569926,0.18912716,1.0,0.58552694,0.12390215,0.012118564,0.05041125,0.2126392
0.056717403,0.0064232936,0.0049459804,0.0032600295,0.008200003,0.22128943,1.0,0.43589318,0.11270905,0.008243602,0.024275666,0.11774355
0.462145,0.016674006,0.005844611,0.0064235264,0.011679875,0.16715597,0.9417227,0.7166878,0.24809694,0.023949916,0.13754804,1.0
0.46771452,0.057271264,0.14520611,0.20347568,0.1506826,0.18024132,0.59444547,0.4068409,0.2648842,0.16756022,0.33262083,1.0
0.42146024,0.20847121,0.5392211,0.65757126,0.45135212,0.36221352,0.47170332,0.40568313,0.670622,0.5051199,0.75004774,1.0
0.41325107,0.16829765,0.2981928,0.4341453,0.30056655,0.25272107,0.54156524,0.5589292,0.66009885,0.40758008,0.42314833,1.0
0.42852747,0.06772893,0.06641458,0.113667406,0.093242325,0.14104299,0.5320151,0.45332047,0.28842056,0.13929053,0.2548755,1.0
0.27357134,0.058010653,0.05798096,0.064025864,0.07844548,0.2653177,1.0,0.51423955,0.21039404,0.065399274,0.20656826,0.629973
0.25173834,0.035793524,0.039448775,0.03133424,0.03261746,0.31249183,1.0,0.45830145,0.19806346,0.041932765,0.12095247,0.53395873
0.41224176,0.051586505,0.0662308,0.055172283,0.041446753,0.15348227,0.44738826,0.4404847,0.2685677,0.070223495,0.24481867,1.0
0.5280397,0.1934497,0.18785657,0.10650063,0.11766323,0.25573075,0.53857315,0.8968557,0.6391414,0.19840778,0.3119065,1.0
0.34980452,0.20792444,0.23018612,0.17959596,0.24816063,0.4342084,0.9225369,1.0,0.5964934,0.35729825,0.71345675,0.6097489
0.47726902,0.20234896,0.24056911,0.20948121,0.15173945,0.20112196,0.5341467,0.72481,0.44634095,0.39677462,0.6811656,1.0
0.5020878,0.37801832,0.3743607,0.26901236,0.22234832,0.37106347,0.82249624,1.0,0.52896243,0.4250677,0.47722912,0.9884779
0.51175976,0.39608034,0.41805437,0.2660547,0.24540295,0.35777912,1.0,0.8540858,0.4197709,0.5144679,0.50873,0.7330006
0.66143066,0.8777909,0.7504419,0.46200737,0.4362466,0.43510535,0.8963013,0.70841223,0.66922015,1.0,0.87424946,0.69388026
0.4310578,0.6538893,0.56160724,0.3427412,0.42568198,0.4432949,0.9775178,0.82344216,0.6715588,1.0,0.79072964,0.7730745
0.15715279,0.14204507,0.23156303,0.19447592,0.19489229,0.3118938,1.0,0.52879936,0.43230432,0.36074835,0.5429923,0.62422085
0.2007403,0.065539464,0.099850714,0.09797979,0.14167073,0.35313812,1.0,0.55382746,0.3824937,0.16064832,0.3062357,0.51332074
0.1917188,0.04274205,0.034175713,0.040034547,0.08187659,0.22410513,1.0,0.83964676,0.39071968,0.11715958,0.10155348,0.26311746
0.11603772,0.013812731,0.013178333,0.023255358,0.04250712,0.1729452,1.0,0.72645473,0.26515982,0.05507248,0.11637895,0.28111312
0.14004023,0.031026583,0.02638843,0.039174072,0.036613356,0.24284488,1.0,0.6065234,0.19443078,0.06152871,0.16716665,0.42707944
0.13285543,0.07191317,0.0550067,0.063275486,0.06238215,0.2068281,1.0,0.4510265,0.120386146,0.12771389,0.26057127,0.38307732
0.30152845,0.13873471,0.1317572,0.13800828,0.12088601,0.3599106,1.0,0.33621117,0.12845345,0.16282028,0.57210016,0.8467367
0.4873859,0.28238183,0.21771935,0.4838429,0.8505188,0.7156701,0.5170701,0.29347447,0.18687882,0.20655368,0.51419985,1.0
0.06860874,0.07234506,0.33747232,1.0,0.72151595,0.25372228,0.09567151,0.05000335,0.026731918,0.055701118,0.10415594,0.08876362
0.012115217,0.088705234,0.6335016,1.0,0.23558675,0.081807174,0.039924122,0.011386161,0.008649672,0.02874413,0.030167015,0.006249672
0.005935196,0.07719944,0.6986452,1.0,0.17248644,0.042694923,0.03308344,0.0073810266,0.0061993636,0.012871506,0.015518843,0.0032595112
0.0028184243,0.027760325,0.35921317,1.0,0.3996954,0.07455858,0.056062777,0.011582381,0.008560834,0.010104083,0.019404141,0.010809623
0.030034365,0.016623162,0.103797205,0.6689817,1.0,0.5985195,0.2966592,0.046848033,0.026657147,0.038697585,0.06996939,0.039357282
0.07505909,0.06547814,0.023825662,0.05579363,0.33688733,1.0,0.75889444,0.22905406,0.09566664,0.094373465,0.118688814,0.04313548
0.01971289,0.044913072,0.027722629,0.020131389,0.11793958,0.708231,0.68169945,1.0,0.7667038,0.31614354,0.11426778,0.020714566
0.0030300578,0.0034485818,0.0050920905,0.0126722045,0.07060278,0.13624051,0.07041129,0.3652475,1.0,0.6419808,0.13396616,0.011027103
0.0031181518,0.0021067485,0.004681286,0.036202863,0.16185366,0.07112285,0.014470054,0.15977734,0.9701005,1.0,0.1743473,0.008059114
0.0038734174,0.0029095225,0.019170593,0.09313886,0.24837919,0.09457603,0.020724718,0.19850676,1.0,0.85010356,0.12803568,0.007633922
0.009166553,0.030019095,0.11553513,0.17840762,0.34767637,0.36713988,0.21588516,0.69282764,1.0,0.5689667,0.1316378,0.009108513
0.050271753,0.0905099,0.099966176,0.090643324,0.36493436,1.0,0.71777415,0.40205,0.18469706,0.12521751,0.0745087,0.011952399
0.06816621,0.045944314,0.01704788,0.032767788,0.23370005,1.0,0.41203174,0.044440534,0.022932611,0.042616524,0.0370797,0.0114122685
0.06322655,0.027750785,0.011059604,0.019231189,0.22402054,1.0,0.5554622,0.11870352,0.059624862,0.056112517,0.05086345,0.020575885
0.028513825,0.035889048,0.04725472,0.06837792,0.18019237,0.7112091,0.817049,1.0,0.79115254,0.3534096,0.16931471,0.04122104
0.004814992,0.0046740114,0.018200101,0.06531018,0.14777859,0.18091881,0.08959301,0.2632257,0.9473461,1.0,0.31689712,0.031949993
0.0016916797,0.0011741793,0.003208387,0.015917515,0.102601424,0.13282984,0.014171107,0.038212948,0.38569242,1.0,0.43117887,0.03732514
0.0012111028,0.0015494844,0.0039310884,0.021148078,0.12611651,0.15987512,0.025074415,0.089366645,0.5655693,1.0,0.3825244,0.034828093
0.005249661,0.014573847,0.041742567,0.06301251,0.24382919,0.38696882,0.26253378,0.612709,1.0,0.69139314,0.21547134,0.026399534
0.021151923,0.028267175,0.05956939,0.093953125,0.4665956,1.0,0.67555344,0.40623,0.1950127,0.107810594,0.07575238,0.025175927
0.020780984,0.006410565,0.015353553,0.1511539,1.0,0.99756825,0.23127897,0.048784293,0.046351753,0.058439806,0.050347775,0.03185004
0.026418645,0.007548021,0.0124813,0.14924546,1.0,0.9506572,0.20561194,0.03534088,0.04863446,0.07882207,0.080310576,0.044090487
0.047779776,0.03228898,0.026610345,0.07795833,0.48824123,1.0,0.6864934,0.3630757,0.23360863,0.14118715,0.11976921,0.05057817
0.012432976,0.025245395,0.043888565,0.049777392,0.18690939,0.4916843,0.53552383,1.0,0.97301066,0.31846818,0.068310425,0.014849508
0.0017644102,0.0075522834,0.0184101,0.043442212,0.1403979,0.16802625,0.05557807,0.30214015,1.0,0.41828358,0.037299916,0.0044553587
0.0037499047,0.004287069,0.0067696115,0.026091201,0.12198833,0.115601815,0.051113073,0.41109404,1.0,0.44056472,0.047885463,0.010959157
0.007828338,0.008082213,0.0077004856,0.03440421,0.19441463,0.21189031,0.23141406,1.0,0.9187339,0.30857325,0.10420652,0.023138123
0.013309475,0.01887141,0.023578791,0.06522773,0.20089008,0.48807192,0.93372774,1.0,0.33434746,0.088502325,0.07318454,0.02807348
0.01947228,0.011328584,0.026756603,0.13786417,0.668346,1.0,0.49776387,0.18124023,0.07739577,0.10199045,0.08462095,0.03307548
0.020197902,0.0054285657,0.032789744,0.21489893,1.0,0.7665523,0.10177122,0.038968537,0.054923665,0.06489706,0.06368922,0.039432444
0.03514303,0.01111489,0.06202246,0.30205667,0.9472048,1.0,0.47464278,0.32639372,0.20616168,0.11591438,0.0654482,0.047222733
0.0064111752,0.006586451,0.019855147,0.051450428,0.2507854,0.30814666,0.3894077,0.9501817,1.0,0.3848228,0.09784843,0.017766178
0.0018043923,0.0015236755,0.002863617,0.011469717,0.08640184,0.06516159,0.039125517,0.2960263,1.0,0.55693245,0.07289268,0.0043021194
0.001349561,0.0014362991,0.0025649338,0.0073599066,0.026027957,0.021067848,0.035212092,0.31301084,1.0,0.48622143,0.04924138,0.0036069506
0.0007499308,0.001701093,0.0049436875,0.020248674,0.054079704,0.03310498,0.21538125,1.0,0.95362973,0.24859153,0.055744037,0.0066650743
0.0019723212,0.0042617386,0.00792777,0.024456946,0.10095586,0.25907588,0.8282532,1.0,0.32318705,0.050460696,0.017195515,0.005428674
0.0062827137,0.0077495063,0.016069531,0.08030547,0.5477796,1.0,0.66061,0.24743849,0.049836133,0.017357303,0.009691542,0.0048265187
0.0073993043,0.0039894064,0.024717752,0.17640157,1.0,0.8103032,0.070902176,0.020228101,0.01894259,0.012397278,0.0096920105,0.008406298
0.02098619,0.009123715,0.03864806,0.20320939,0.90438426,1.0,0.31609356,0.12420038,0.07256364,0.030732341,0.022385035,0.01641292
0.014162616,0.021015959,0.05807505,0.17062129,0.2915993,0.37596023,0.7427141,1.0,0.678694,0.2040584,0.060421407,0.014769186
0.002708398,0.008129486,0.036463752,0.14602636,0.116151564,0.043289173,0.08939757,0.39440235,1.0,0.55701655,0.10198617,0.009322419
0.0016915676,0.0033947367,0.015609658,0.09482735,0.051085718,0.012776808,0.015557,0.19766186,1.0,0.7665268,0.08612902,0.005515654
0.0020658006,0.0043794876,0.009650135,0.0476572,0.029997004,0.010905374,0.033123564,0.31502596,1.0,0.56558716,0.06709379,0.003619931
0.106068306,0.14616713,0.1687854,0.12998508,0.16342075,0.19990128,0.27550185,0.67919767,1.0,0.43640432,0.11726935,0.03657789
0.3393258,0.4056639,0.3113252,0.25358918,0.46094093,0.8648528,0.6277257,0.988569,1.0,0.40963235,0.22972174,0.13320588
0.1363148,0.18199496,0.12159819,0.20525572,0.87070477,1.0,0.24664128,0.41192824,0.5141075,0.2054686,0.1320164,0.09681636
0.022381175,0.047844432,0.05309843,0.11765966,0.63337135,1.0,0.6592971,0.3388165,0.13503385,0.053810563,0.03619805,0.022566475
0.01799584,0.042467374,0.034476183,0.05821999,0.13026169,0.43701363,0.8518487,1.0,0.47115254,0.12205643,0.04876374,0.023196552
0.006325074,0.013615756,0.027756847,0.046448015,0.02496083,0.022469597,0.06871576,0.33731782,1.0,0.75430185,0.21689986,0.021054532
0.004085509,0.007978159,0.030947588,0.02547004,0.01716085,0.014789826,0.017910503,0.10385045,0.8042821,1.0,0.18050203,0.0119565455
0.00456767,0.006507815,0.020735221,0.014203966,0.011110937,0.016549611,0.03357686,0.25491315,1.0,0.637112,0.063161284,0.004556195
0.0029149898,0.005724461,0.007798023,0.00638909,0.0046260874,0.01452412,0.12195436,0.8771692,1.0,0.21250643,0.041757107,0.0037889876
0.004302727,0.016910024,0.015030702,0.0062920563,0.0038613211,0.012597115,0.15429175,1.0,0.78965384,0.07039117,0.011018828,0.006097619
0.00920951,0.032462593,0.033258572,0.014467839,0.014218452,0.01828024,0.07097265,0.43853593,1.0,0.3562079,0.040411755,0.00558629
0.014944656,0.019207006,0.018923515,0.021571435,0.026598576,0.0100916885,0.024453117,0.25925127,1.0,0.52296686,0.06473553,0.011568757
0.014691646,0.012184125,0.006787874,0.020856855,0.026137192,0.0136141945,0.029786495,0.3019202,1.0,0.65414965,0.113333955,0.022056598
0.04836521,0.024374431,0.013924631,0.017630553,0.01827084,0.023000266,0.021753363,0.07382364,0.40157896,1.0,0.75363827,0.22434953
1.0,0.42209458,0.09367518,0.03079357,0.04708511,0.06504167,0.035230316,0.0280317,0.077850826,0.25031257,0.43780112,0.8977752
1.0,0.6390334,0.13102351,0.023343211,0.021507174,0.04554808,0.031720333,0.012474449,0.005086465,0.0045131575,0.0152654005,0.25940996
1.0,0.77027893,0.14835082,0.041878723,0.03392591,0.07980214,0.047217727,0.0117492005,0.005501417,0.003880631,0.010963352,0.17539884
0.93091416,1.0,0.18425107,0.052952997,0.06208187,0.16396838,0.11528135,0.02403628,0.014612085,0.006417807,0.010627921,0.10644741
0.9060214,1.0,0.16784018,0.044478446,0.07984155,0.27327758,0.27321026,0.049628038,0.023648119,0.016855776,0.01511736,0.11248824
1.0,0.7808349,0.16548723,0.06923999,0.1049971,0.5332123,0.563259,0.12443213,0.060854487,0.043868873,0.056668814,0.40410042
0.5686394,0.3537324,0.32394144,0.22763069,0.23275699,0.7609258,1.0,0.29125902,0.19861183,0.11646872,0.3598283,0.89819205
0.7621525,1.0,0.8804752,0.7509769,0.42518467,0.39191374,0.64542514,0.58905244,0.8428687,0.39160162,0.5036228,0.39119565
0.63864523,1.0,0.52605826,0.10255585,0.061975725,0.048690245,0.03904025,0.085388795,0.105527535,0.049786624,0.037780017,0.0698781
0.20062011,0.61650276,1.0,0.34020218,0.04711487,0.06237208,0.06856927,0.03982945,0.06263026,0.13013853,0.08263546,0.0409639
0.11281443,0.32013828,1.0,0.8708035,0.13039498,0.100318745,0.17725316,0.14241141,0.08108385,0.2150354,0.3687347,0.08933018
0.087389626,0.17886367,0.3810083,1.0,0.26776236,0.051748265,0.22409615,0.21210147,0.08697657,0.11348315,0.5053387,0.18085039
0.09129364,0.3027479,0.50906163,1.0,0.17131326,0.051710993,0.17892143,0.14369798,0.079906315,0.13772482,0.4486776,0.14360872
0.11041045,0.4500617,1.0,0.5942306,0.057303216,0.07646461,0.09185659,0.060896866,0.08256724,0.23987089,0.20326874,0.054414686
0.35904482,1.0,0.6285427,0.10320974,0.027096618,0.044023853,0.03737948,0.0737111,0.16989996,0.12790567,0.036748037,0.033808783
1.0,0.7534615,0.09876383,0.016658055,0.011911645,0.01352615,0.020021355,0.10089791,0.11153231,0.026065756,0.015853783,0.12485089
1.0,0.3344834,0.034122013,0.00896134,0.00779781,0.006233278,0.017945357,0.0761977,0.053378094,0.012892694,0.024850437,0.27610856
1.0,0.81093985,0.25354743,0.03667209,0.0133240195,0.009241257,0.050673425,0.11109964,0.13533702,0.09487763,0.08883025,0.38758194
0.5405861,1.0,0.5098385,0.1386968,0.012760745,0.014080463,0.059961192,0.08284842,0.14268944,0.1315823,0.06716617,0.1272315
0.46542683,1.0,0.9506394,0.40227887,0.025981555,0.028311083,0.04551186,0.038537834,0.046242822,0.043609858,0.060262263,0.16351098
0.36538413,0.43173158,1.0,0.7110348,0.05717157,0.04355546,0.072941415,0.041103967,0.029503085,0.025263187,0.032274287,0.05243417
0.7704048,0.5238002,0.69474274,1.0,0.2869048,0.09217234,0.12525393,0.068693526,0.09188778,0.08286744,0.12241796,0.12530176
1.0,0.64846265,0.5195123,0.6148968,0.50514054,0.27496555,0.15878987,0.11492328,0.1843848,0.2531399,0.28662717,0.2847799
1.0,0.58415186,0.34497294,0.26233858,0.17233682,0.27926162,0.2898381,0.11542227,0.18106697,0.30273342,0.3823132,0.28585756
0.6816757,0.7588734,1.0,0.5864154,0.20189893,0.22737704,0.3900356,0.23403488,0.44412708,0.60621125,0.54433244,0.42138374
0.65648735,0.5778037,1.0,0.9331416,0.26888525,0.22058475,0.2315794,0.20991045,0.5018072,0.6059708,0.4368251,0.56990933
0.7455397,0.60757893,1.0,0.7381026,0.33575678,0.23785543,0.2312421,0.2740749,0.5237039,0.60380286,0.51762617,0.548896
1.0,0.9140859,0.8046942,0.44844446,0.26499835,0.15662897,0.15135996,0.21192779,0.40707114,0.5606984,0.54843587,0.29661646
1.0,0.6824865,0.4924345,0.3334263,0.17731428,0.14739095,0.09132192,0.14168005,0.22821742,0.20690466,0.22307742,0.17085527
1.0,0.9590899,0.8197156,0.5250317,0.49584597,0.5320603,0.38309285,0.53561056,0.75196236,0.80241483,0.7840543,0.5779563
0.44644925,0.48714158,0.20685132,0.1528247,0.23620251,0.6811548,1.0,0.5986109,0.35810196,0.22196804,0.29121107,0.423117
0.42577502,0.5085558,0.18938965,0.12312296,0.4816989,1.0,0.6446423,0.23432364,0.11133183,0.06215332,0.18555224,0.44224867
0.27125663,0.2796353,0.17944153,0.19711387,0.8691829,1.0,0.15749682,0.04586291,0.029848369,0.02784988,0.118084796,0.30924118
0.15187214,0.10397075,0.10314452,0.17757343,0.68083787,1.0,0.06806165,0.01183281,0.015674477,0.017423538,0.03410666,0.115900524
0.07152758,0.035328943,0.05299347,0.09603422,0.47249064,1.0,0.10582737,0.006458889,0.009746593,0.012380771,0.011667741,0.040736143
0.04781073,0.030628083,0.025845535,0.047928523,0.19085301,1.0,0.4068695,0.021400226,0.00989791,0.015504268,0.011357382,0.015481903
0.04448654,0.10211393,0.10429031,0.05446892,0.09585666,0.67652094,1.0,0.27799502,0.029467823,0.038493328,0.037508987,0.02268641
0.040503114,0.13724597,0.65646917,0.5463888,0.1836247,0.16504952,0.6224623,1.0,0.40482655,0.051163603,0.059053633,0.037918996
0.02622015,0.04591877,0.8642677,1.0,0.16707402,0.080032215,0.06256098,0.71416,0.65960175,0.031762183,0.021303874,0.021979988
0.034932684,0.09057463,0.908064,0.6766232,0.23893128,0.08781034,0.17938375,1.0,0.43601376,0.029459793,0.03457642,0.021444457
0.025022393,0.16329283,0.37964252,0.1981596,0.19569443,0.03106519,0.5009373,1.0,0.09224199,0.033796344,0.028764041,0.015101741
0.04931925,0.37007126,0.28052807,0.09062462,0.0789366,0.07918809,1.0,0.89556247,0.04017229,0.039378617,0.023183202,0.019120285
0.21671149,0.2955274,0.11082497,0.030732827,0.031288248,0.36282343,1.0,0.2753255,0.030072581,0.026738139,0.0114936875,0.03139429
0.8410505,0.28586385,0.28301185,0.051932484,0.24616529,1.0,0.7411384,0.12426597,0.06832629,0.028483678,0.02712792,0.26055977
0.92438155,0.28464362,0.42501163,0.08111132,0.44225866,1.0,0.16863291,0.046406467,0.043489516,0.028324177,0.034498394,0.43483353
0.36980075,0.21281675,0.21975313,0.13391322,0.14661425,1.0,0.5348662,0.06878077,0.024677023,0.021524929,0.022427918,0.084841326
0.107538454,0.27640077,0.6555257,0.32447517,0.06526631,0.6797685,1.0,0.37326902,0.04853045,0.025695903,0.023481414,0.020779166
0.014234747,0.088586755,1.0,0.69980574,0.03744822,0.03840273,0.123495504,0.22070125,0.08730861,0.008950945,0.013728124,0.0060351877
0.011812029,0.042901017,1.0,0.7099428,0.031126784,0.012083135,0.0060116057,0.09059153,0.06799835,0.0034987777,0.005873733,0.0033837832
0.015768772,0.055234097,1.0,0.6333105,0.030534264,0.014339639,0.009398488,0.120113015,0.07481823,0.00431773,0.0068267914,0.005245067
0.03812073,0.32155716,1.0,0.34524983,0.036480058,0.015383238,0.09525446,0.21780291,0.05566297,0.012052992,0.011938112,0.017700264
0.15041676,1.0,0.5986075,0.09601621,0.031399846,0.06861719,0.40131816,0.19970408,0.018837413,0.023108587,0.01300866,0.04894147
0.5430864,1.0,0.13512053,0.024604296,0.019316655,0.32422367,0.45476896,0.055855546,0.020486869,0.022610396,0.019225122,0.040394727
0.9425446,0.8639581,0.12327056,0.0319165,0.07531287,1.0,0.6615099,0.06277745,0.02887628,0.027466241,0.026580546,0.057652023
0.326624,0.8521004,0.8667736,0.13849576,0.06316171,0.5499733,1.0,0.5442902,0.04556608,0.043638192,0.027847948,0.02818674
0.037464663,0.24793252,1.0,0.23583356,0.06820151,0.027118698,0.24852979,0.5969051,0.086785205,0.031172222,0.0327033,0.011266002
0.04438072,0.09274395,1.0,0.48230857,0.12673025,0.035095353,0.054093424,0.5305318,0.21021087,0.024318721,0.03556092,0.015529952
0.036399942,0.08166019,1.0,0.5423387,0.15794446,0.04116663,0.06011751,0.689542,0.28348804,0.022260398,0.027851691,0.014829925
0.03565514,0.25655094,0.9237496,0.22895,0.09429435,0.024611391,0.26239476,1.0,0.17503595,0.021203598,0.017274506,0.016792582
0.14073987,0.8600666,0.63144463,0.0717173,0.03429247,0.16203895,1.0,0.83725196,0.0762577,0.033019003,0.017683607,0.043615468
0.52369225,0.64389056,0.2025678,0.040262256,0.090030454,0.7724158,1.0,0.20233765,0.049732275,0.030026544,0.023502512,0.109957375
0.5726709,0.15708573,0.058768794,0.03392422,0.16043063,1.0,0.29814947,0.032772947,0.042346865,0.019026112,0.018273387,0.10484388
0.25201124,0.17858775,0.105477184,0.05960805,0.16076756,1.0,0.6045651,0.17601685,0.050205946,0.024288107,0.015991295,0.03408282
0.16551068,0.17470503,0.5014258,0.36415365,0.39410487,0.735304,0.83259565,1.0,0.4082637,0.04628184,0.056002863,0.11175964
0.18530896,0.042028077,0.31227773,0.32849982,0.20937522,0.26305166,0.4753756,1.0,0.57205987,0.06893117,0.11520018,0.31454453
0.08920317,0.024867501,0.13710073,0.11098184,0.09484498,0.28240785,0.77059746,1.0,0.33923292,0.05932645,0.075912446,0.16093116
0.007344617,0.010534813,0.020504817,0.011649485,0.010713829,0.031911887,0.31481293,1.0,0.23109892,0.008338008,0.005192966,0.0069915545
0.004107076,0.00634482,0.005563046,0.005003531,0.0041188537,0.040107995,0.6725235,1.0,0.101518914,0.0028522103,0.004403703,0.007706286
0.007171849,0.006210439,0.0043890732,0.0033526567,0.0044125584,0.13473992,1.0,0.67470926,0.034617655,0.0017279966,0.005910397,0.010951784
0.006921414,0.0085223485,0.00741641,0.0033153375,0.011029016,0.30847088,1.0,0.31744108,0.017884428,0.0027830119,0.010546829,0.016931422
0.021423757,0.06854429,0.063567825,0.020336013,0.06717527,0.55907094,1.0,0.22089022,0.039184485,0.02655394,0.04863741,0.03408217
0.05885379,0.1841412,0.16197668,0.06979937,0.14734362,0.29430243,1.0,0.59305376,0.5840414,0.6009467,0.4217699,0.14121898
0.014086509,0.023349358,0.040842503,0.03575569,0.036644287,0.026939405,0.050682247,0.070077404,0.40432033,1.0,0.44211277,0.04810214
0.032975107,0.04737769,0.06401189,0.052284308,0.08239043,0.14342314,0.2986825,0.41308224,0.34629533,1.0,0.35276833,0.032319166
0.043355186,0.031649683,0.019873476,0.017687634,0.027445253,0.06882088,0.48165306,1.0,0.3827666,0.15782933,0.0648775,0.056832433
0.29515418,0.15536775,0.04681465,0.053574357,0.039686415,0.29386568,0.91911626,1.0,0.44077966,0.16736057,0.07616384,0.2664415
0.25962284,0.23285148,0.09007758,0.16273135,0.12326597,0.89011097,1.0,0.11825144,0.09067836,0.05229877,0.052646935,0.15962411
0.1280025,0.14270492,0.062355325,0.07054967,0.06662925,0.8338976,1.0,0.046011258,0.047674,0.024305293,0.026917089,0.029014684
0.14765435,0.22650824,0.120748974,0.07123449,0.037138555,0.8936589,1.0,0.03811905,0.036496412,0.023746327,0.023460915,0.030156039
0.21396239,0.49493957,0.22827268,0.15597889,0.028388735,0.7192783,1.0,0.054290444,0.0713444,0.045532737,0.03397757,0.059471544
0.35553044,1.0,0.17241947,0.103244774,0.011889488,0.24284275,0.7123365,0.077427775,0.055882975,0.038148526,0.030495524,0.053355206
0.24203292,1.0,0.16178295,0.030578157,0.007866998,0.13531451,0.6698353,0.13710828,0.025739616,0.018999321,0.025635999,0.03649053
0.13448113,0.5046072,0.08632241,0.010835446,0.06877735,0.613434,1.0,0.15474416,0.015943512,0.013421924,0.030645614,0.044371057
0.09688621,0.053933516,0.012389253,0.0427987,0.41001338,1.0,0.37756085,0.022659007,0.004466989,0.008693736,0.017690975,0.060010277
0.108950146,0.01893032,0.038072497,0.3617176,1.0,0.60649896,0.11161642,0.019325221,0.022169901,0.034513727,0.13742346,0.39117393
0.071195364,0.025743047,0.07605103,0.961425,1.0,0.112499304,0.056005143,0.01890065,0.04640826,0.05981456,0.17357248,0.38267803
0.01335121,0.010236618,0.020281186,0.31313863,1.0,0.58340883,0.102168,0.012333231,0.022419954,0.040892012,0.018378561,0.02700733
0.0030579187,0.0016206027,0.0018834019,0.032308504,0.40040493,1.0,0.39477012,0.02607018,0.0050403974,0.01258598,0.0044574314,0.0036809098
0.00074481854,0.0013201722,0.00061047,0.0032440918,0.12954454,1.0,0.9360663,0.12899147,0.0061081373,0.005157188,0.0023081666,0.0006472428
0.0024148559,0.004285381,0.002959183,0.0030619383,0.07476503,0.5049287,1.0,0.5169579,0.028755868,0.0038269688,0.0034255239,0.0037694194
0.007965087,0.02061273,0.024379,0.027382901,0.071286105,0.16758598,0.8279487,1.0,0.09491566,0.00639028,0.005265871,0.008775527
0.11734261,0.24823232,0.33408535,0.3150876,0.43303975,0.69774234,1.0,0.61401546,0.080734186,0.018160302,0.02597466,0.05691257
0.937318,0.89645374,0.7610822,0.40927067,0.28324062,0.37130165,0.39535102,0.24827264,0.23480405,0.30551943,0.6585577,1.0
0.40060616,0.28579965,0.41458893,0.25184894,0.18417323,0.2951717,0.77894443,0.3530013,0.45593187,0.6397958,1.0,0.8054648
0.57218,0.44477785,0.5367801,0.44248375,0.37670848,0.50382984,1.0,0.5559493,0.762445,0.53845435,0.35599688,0.39788553
0.41370216,0.26510715,0.80519325,1.0,0.47029215,0.44630897,0.3985801,0.5903609,0.8939725,0.42511588,0.41705278,0.4855313
0.23240906,0.30396485,0.61441773,0.5754603,0.3258734,0.27970278,0.43557164,0.62802976,1.0,0.78980094,0.4732494,0.26715425
0.2771204,0.27618662,0.2579431,0.60407615,0.7757711,0.90632623,1.0,0.35769612,0.49365488,0.8480273,0.9131603,0.80533284
0.28845346,0.10870592,0.1153155,0.48926264,1.0,0.7008827,0.40538797,0.12352351,0.06944094,0.118551515,0.31022263,0.54169273
0.14676096,0.08554705,0.07605831,0.19983333,1.0,0.9870323,0.22687587,0.070993185,0.13341424,0.27079624,0.19805986,0.16282791
0.14834575,0.07572905,0.08301237,0.13158704,0.566434,1.0,0.36971465,0.1641826,0.29279846,0.45688006,0.3735389,0.23700859
0.23330982,0.14514828,0.08154989,0.13761666,0.2812291,1.0,0.5846159,0.31279594,0.33628744,0.20749587,0.15708521,0.11837776
0.24728766,0.31317747,0.1240057,0.13783659,0.22456041,1.0,0.720386,0.32454965,0.46913385,0.4860855,0.25462586,0.08281618
1.0,0.65257937,0.19815059,0.16807999,0.40626353,0.8908623,0.45385462,0.14396828,0.42989507,0.91056824,0.4527186,0.33792487
1.0,0.43704593,0.3045411,0.31657168,0.49493805,0.66879207,0.20343544,0.09965031,0.27799186,0.4757026,0.29179665,0.5308585
0.2062031,0.16385081,0.42655662,1.0,0.534494,0.3247483,0.1669872,0.09945352,0.14326955,0.14886685,0.13685495,0.24316859
0.032129776,0.028637877,0.149672,0.91258883,1.0,0.27529198,0.10704324,0.05692521,0.018118324,0.03649979,0.030780291,0.035566587
0.008856358,0.016536959,0.28493205,1.0,0.4551359,0.044226877,0.018955316,0.011392898,0.007542465,0.014269862,0.011320044,0.007971074
0.0048076594,0.050698537,0.6267038,1.0,0.16128813,0.0058605233,0.002826321,0.0039236704,0.006941189,0.010133893,0.012151184,0.005805033
0.0124165565,0.22321567,1.0,0.6545832,0.05227035,0.0022830504,0.0019356712,0.004323342,0.004888078,0.009093264,0.00808388,0.0030229131
0.058420133,0.6545953,1.0,0.26407,0.018638885,0.004194974,0.0032156955,0.0060257907,0.004751504,0.009469256,0.0029927588,0.0026810584
0.23120087,1.0,0.7041045,0.1047952,0.0152245695,0.022425808,0.019582873,0.011546611,0.009516684,0.016642386,0.011283027,0.024037465
1.0,0.66667956,0.27194288,0.086024776,0.14709198,0.27620423,0.16179414,0.0802146,0.10373199,0.27600774,0.6316231,0.83665305
0.23138948,0.11049615,0.096836984,0.20796634,0.25575158,0.37868285,0.18611115,0.18850398,0.45785627,0.8777382,1.0,0.5929545
0.18460602,0.15614112,0.116475046,0.25763452,0.6365535,1.0,0.4146941,0.28811118,0.3670215,0.42365727,0.26331854,0.17184882
0.15794556,0.17787147,0.17879766,0.29857767,0.4984081,1.0,0.64640284,0.23970087,0.2016428,0.1843754,0.2258142,0.21032839
0.24784662,0.2906604,0.32143152,0.6068682,0.56489354,1.0,0.8627039,0.39524478,0.43858126,0.5666536,0.52604544,0.3284375
0.13647322,0.16235997,0.15928714,0.24457644,0.29574397,0.41039115,0.5497496,0.4319164,0.56930053,0.9320692,1.0,0.2840125
0.14315788,0.20530955,0.21091895,0.3158974,0.30173895,0.2810341,0.5616397,0.6859731,0.7959057,0.96627814,1.0,0.29040432
0.15458511,0.38033766,1.0,0.6037666,0.4377927,0.16201775,0.32691684,0.50034785,0.55448204,0.5584525,0.42851952,0.19048849
0.15017982,0.53820556,1.0,0.5514891,0.405933,0.42268223,0.6179344,0.47798494,0.2102626,0.19632979,0.24474725,0.18598607
0.23632278,0.7705513,0.564248,0.26144665,0.25876215,0.39007124,0.88860255,1.0,0.48560095,0.27240118,0.24708918,0.19902256
0.2981781,0.542401,0.36189187,0.21430458,0.40661922,1.0,0.5699496,0.43980947,0.53739566,0.7687612,0.8498834,0.37101966
0.094528295,0.062257368,0.06087221,0.0725011,0.14243612,0.6773977,1.0,0.488439,0.09540128,0.21406388,0.2540639,0.1800365
0.05079906,0.023069886,0.029462231,0.044721406,0.051128175,0.1279861,0.6334148,1.0,0.2803294,0.14681238,0.084421486,0.0630835
0.040340427,0.048110604,0.035903413,0.047692295,0.06159589,0.08231352,0.23947191,1.0,0.9389551,0.28532892,0.07116303,0.02730137
0.01602638,0.06409,0.09510561,0.069467396,0.07334589,0.1360307,0.2272813,0.35611868,1.0,0.8835039,0.12062565,0.023092655
0.012355688,0.03347944,0.16114825,0.15437971,0.094380796,0.18258613,0.37054393,0.45230612,0.41744322,1.0,0.49744648,0.04453597
0.016267667,0.025053382,0.11818522,0.51517457,0.1755148,0.26886043,0.38178208,0.9131078,0.5354356,0.41142166,1.0,0.1948413
0.015147068,0.02438332,0.12438389,0.73470855,0.2329779,0.28145128,0.4386362,0.624787,0.52744746,0.27441642,1.0,0.23209903
0.017915975,0.04363653,0.25354078,0.43920657,0.18359528,0.4696924,0.76598257,0.47706673,0.462216,1.0,0.9162402,0.09848715
0.028951732,0.051892824,0.17006367,0.25883162,0.31930915,0.71295744,0.5473182,0.46594903,1.0,0.88535553,0.19489138,0.05301051
0.06959807,0.14214662,0.74140954,0.88718307,0.7532119,0.8872685,0.4825046,0.6979957,1.0,0.4148591,0.25003162,0.1764851
0.03661731,0.5112429,0.9352579,0.29318735,0.5751124,1.0,0.18188992,0.05870824,0.07898667,0.3214517,0.6433446,0.086906046
0.035409585,0.60959387,1.0,0.28335288,0.6049917,0.9727198,0.11704076,0.04571849,0.15099888,0.37143928,0.61684304,0.08834789
0.09696053,0.20926733,0.78984654,1.0,0.75375813,0.54135585,0.32168448,0.19331394,0.43621054,0.23719698,0.19965026,0.2295159
0.14160997,0.085158214,0.18501116,0.73615295,1.0,0.1919606,0.20536605,0.467295,0.27265832,0.21907726,0.052817136,0.10081445
0.14744462,0.092878245,0.089815706,0.290843,1.0,0.27659345,0.07419859,0.7797623,0.53169674,0.11335087,0.05993331,0.0324858
0.12627766,0.060892656,0.06547743,0.33057383,1.0,0.22106956,0.080211625,0.6826636,0.3886283,0.10299313,0.056838736,0.033634055
0.12117682,0.11311657,0.28548214,1.0,0.88158566,0.15691431,0.17942344,0.38316587,0.19135703,0.22225584,0.12209292,0.13095391
0.100002974,0.7972775,0.90425116,1.0,0.71340597,0.46278614,0.15289561,0.121381074,0.19217293,0.7863282,0.6710142,0.1545195
0.0897187,0.6568472,0.3167853,0.15593939,0.35174438,0.20362005,0.03281468,0.06018855,0.10191077,1.0,0.53414077,0.057470128
0.26672998,0.77222687,0.98233193,0.8964131,0.7794715,0.45607093,0.17160489,0.23611024,0.4637846,1.0,0.8755168,0.3696406
0.21965379,0.10626849,0.27585268,1.0,0.65765476,0.10999162,0.1754386,0.21460614,0.2699618,0.24386962,0.10975751,0.23770005
0.2815594,0.08899717,0.21951354,0.988864,1.0,0.08288018,0.18880478,0.38240293,0.14543577,0.30987686,0.07327543,0.16308296
0.18984613,0.20750421,0.54942316,1.0,0.74206597,0.19435728,0.15679878,0.25300482,0.2692204,0.44461444,0.22865494,0.18048197
0.31958905,0.53699815,0.70392233,0.9442544,0.63558584,0.24743995,0.14468357,0.2482594,0.7729463,1.0,0.4156882,0.20598677
0.59002006,0.64809644,1.0,0.8954575,0.49113458,0.33581716,0.27097863,0.22653908,0.6638411,0.6753833,0.35491422,0.43599007
1.0,0.27626458,0.57712716,0.21245517,0.22512576,0.22787689,0.0464289,0.04145157,0.1974353,0.15038416,0.123928756,0.88520914
1.0,0.37096742,0.25220156,0.21091035,0.21011898,0.20863086,0.07670275,0.05784066,0.06316009,0.15536927,0.40231687,0.8151444
0.6206748,0.4878189,0.42006323,0.5400108,0.46872815,0.25569823,0.2942795,1.0,0.7136651,0.3150682,0.63183653,0.79208523
0.14396541,0.083046205,0.19911855,0.3930965,0.5304818,0.4757049,0.38814464,1.0,0.778987,0.30427057,0.22662275,0.16980247
0.14837041,0.049037706,0.17530869,0.4514278,0.7571883,0.9571942,0.8987482,0.56208766,1.0,0.30246451,0.3427399,0.14432119
0.088030875,0.08863257,0.1984807,0.44222248,0.44475976,0.5872648,0.91844374,1.0,0.88623226,0.28714457,0.1603001,0.096120305
0.11234454,0.13176179,0.21170902,0.31967294,0.3658162,0.25098678,0.5204351,1.0,0.58961123,0.35533917,0.1833344,0.13093565
0.33675683,0.30364895,0.36629736,0.4597056,0.5485105,0.3018887,0.12233733,0.3677957,0.87114006,1.0,0.5391491,0.68790567
0.51846087,0.34090227,0.3040352,0.33662388,0.46767393,0.54929286,0.14309976,0.0764529,0.3054829,0.4913977,1.0,0.7311629
0.34385887,0.18304044,0.10774617,0.17629793,0.584829,0.53713685,0.10739732,0.030051693,0.12216153,0.30704236,1.0,0.7698476
0.38063735,0.18499148,0.08484393,0.42937425,1.0,0.55376875,0.090311214,0.025145227,0.21835,0.917111,0.6864791,0.41508728
0.10814746,0.09484275,0.07313945,0.33111617,1.0,0.37320426,0.07691787,0.20884906,0.14192498,0.34302518,0.39513072,0.2374039
0.4357776,0.11127855,0.1709175,0.33160928,0.7143017,0.4184476,0.13117559,1.0,0.97883874,0.07336524,0.11752842,0.53088844
0.17107077,0.080028094,0.15767077,0.13281314,0.24890852,0.14484386,0.1407749,1.0,0.73117363,0.05542558,0.08772251,0.29052684
0.04697535,0.15903802,0.25777897,0.108091526,0.26527575,0.13551614,0.45062798,1.0,0.27581152,0.04168191,0.15552114,0.22424167
0.05988877,0.4758174,0.55858934,0.13029492,0.33703184,0.1530164,0.877459,1.0,0.08384169,0.14087375,0.5464388,0.30051652
0.18331814,0.5012702,1.0,0.27174562,0.52884185,0.479001,0.4957838,0.9505464,0.33993283,0.15929197,0.6144479,0.6129122
0.41035643,0.27692088,0.35402426,0.2646601,0.31826144,0.3048341,0.13115673,0.52218014,1.0,0.2932534,0.10325064,0.30265874
0.39992565,0.689059,0.56120723,0.59468603,0.6552396,0.34096265,0.13786781,0.19107954,1.0,0.5818921,0.1743004,0.15439166
0.12721573,0.23323554,0.42273283,1.0,0.31466705,0.13649848,0.2768997,0.19682859,0.28556657,0.19365878,0.09709191,0.18537462
0.13923047,0.07440128,0.18633479,1.0,0.4596699,0.048010964,0.33032846,0.40771353,0.1861187,0.104719475,0.031633265,0.15316045
0.09812823,0.080055475,0.24852364,1.0,0.49673352,0.06806415,0.30244374,0.3039912,0.16658813,0.15142775,0.053174403,0.14432307
0.13061334,0.5493158,0.8175097,1.0,0.85952985,0.40423375,0.22772747,0.32603896,0.4120243,0.6117602,0.33172455,0.15811096
0.24324818,0.41982722,0.17355706,0.3203867,0.610462,0.18564406,0.06137951,0.09958015,0.52828306,1.0,0.13666636,0.028349394
0.25828677,0.28682902,0.065063976,0.1790469,0.3011667,0.045840733,0.050675493,0.05109458,0.6908787,1.0,0.05701531,0.017913813
0.20592557,0.50236017,0.3779728,0.32034302,0.4960112,0.23688354,0.12938327,0.23184128,0.7289963,1.0,0.21214804,0.12865467
0.123580344,0.1810538,0.46610618,1.0,0.5605057,0.2569748,0.37601686,0.3301806,0.8424108,0.32572836,0.15970446,0.29360875
0.20950149,0.082445554,0.20397583,1.0,0.9758179,0.12297873,0.51375073,0.93155134,0.48197064,0.20833097,0.072225615,0.17927861
0.1561143,0.068471946,0.11916298,0.81307954,1.0,0.12618075,0.43786514,0.97040397,0.23273984,0.13258691,0.03967203,0.09766629
0.08718685,0.07238506,0.24919607,1.0,0.6289778,0.2205896,0.53393817,0.42543155,0.3727033,0.21479107,0.052479815,0.19656265
0.07711046,0.09006631,0.5646989,1.0,0.5941732,0.5163205,0.5261674,0.26330054,0.61100316,0.20529006,0.1315243,0.27890947
0.05495209,0.12637143,0.71917725,0.5746113,0.62005806,1.0,0.5433533,0.3625942,0.8254907,0.12793258,0.22468011,0.20157206
0.0199335,0.10615025,0.27509832,0.13596924,0.28874567,1.0,0.37836146,0.31103837,0.27407753,0.06252238,0.1245045,0.055344377
0.0853769,0.09265881,0.17525876,0.09552909,0.2151516,1.0,0.76293045,0.57860273,0.28260446,0.11915463,0.14966257,0.11773751
0.5423279,0.17310773,0.14575651,0.12049185,0.17721309,0.6417627,1.0,0.80397403,0.41856173,0.6836096,0.8753233,0.6319812
0.8424726,0.3361489,0.19319795,0.12891218,0.14560722,0.16455354,0.1997614,0.32260862,0.2720965,0.756529,1.0,0.7596981
0.9493131,0.7583725,1.0,0.7037358,0.7554751,0.79778486,0.525978,0.62935627,0.51325494,0.37478065,0.37707278,0.53893137
0.39614898,0.51939684,1.0,0.73552,0.3398811,0.44213188,0.2602639,0.3655339,0.491114,0.30366832,0.17156242,0.19880441
0.3196979,0.26158264,1.0,0.72466123,0.16741535,0.16601585,0.11021523,0.2755222,0.23579219,0.20495479,0.44856927,0.46826038
0.101466864,0.3876194,0.9730884,0.40730664,0.1520458,0.14656661,0.07307671,0.15267403,0.096811004,0.52273405,1.0,0.34010017
0.019039687,0.11793734,0.103313364,0.048942693,0.048941515,0.04970142,0.025781116,0.07340283,0.060341384,0.82970524,1.0,0.09285408
0.005344627,0.025433088,0.01682185,0.012484525,0.018956635,0.020164292,0.02003991,0.07420931,0.038388345,0.6285091,1.0,0.09128221
0.017792976,0.018438129,0.04882556,0.040172633,0.028127639,0.03584013,0.020031942,0.036464643,0.02031652,0.30059826,1.0,0.26912406
0.12447145,0.023203107,0.27287135,0.25066695,0.044308376,0.048191678,0.042175185,0.010520032,0.006541275,0.07214202,0.77139825,1.0
0.18646385,0.065764494,0.41239965,0.31809443,0.025040999,0.024115944,0.04389576,0.014687076,0.005898867,0.011489501,0.28465763,1.0
0.8138479,0.16136014,0.14140676,0.08915762,0.021953732,0.009474413,0.03679518,0.03923828,0.0076783984,0.0066743526,0.094623275,1.0
1.0,0.12465757,0.028362064,0.015960047,0.0094273,0.0036900619,0.018083913,0.033667505,0.008329122,0.004680315,0.039904464,0.75982684
1.0,0.13109723,0.010366817,0.0068951733,0.0050891354,0.003007256,0.013143978,0.032152835,0.009732012,0.0046566757,0.037792087,0.5523894
0.7336706,0.07618415,0.006109851,0.015105919,0.0075142886,0.01473406,0.056949735,0.03910464,0.009928136,0.014173091,0.15352386,1.0
0.45007488,0.04509991,0.013459117,0.033565756,0.020616604,0.040289704,0.18832138,0.15256867,0.032635838,0.03899919,0.23290658,1.0
1.0,0.37338427,0.04451642,0.05332769,0.041446824,0.055116344,0.14636616,0.24907099,0.16569342,0.051363595,0.10593274,0.46919414
0.64867103,1.0,0.11188714,0.028980978,0.028167209,0.035563763,0.043830127,0.19418831,0.35132512,0.07563486,0.14764665,0.19573776
0.39068493,1.0,0.29245734,0.07867533,0.0355222,0.019906454,0.01720256,0.10799523,0.36614397,0.31894594,0.2575309,0.15569364
0.14861766,0.2888361,0.32278284,0.5278858,0.42199925,0.1154739,0.034781326,0.05656919,0.2415593,0.7181976,1.0,0.43149945
0.08731033,0.028924638,0.154829,0.85030925,0.7275579,0.16450356,0.0705753,0.055342205,0.12640637,0.505578,1.0,0.57490075
0.045905672,0.12671365,0.6159865,1.0,0.3761935,0.062879294,0.08528787,0.05813426,0.18494703,0.54408836,0.5881912,0.25222212
0.23946165,0.8279598,1.0,0.40641898,0.062348578,0.053582437,0.0745486,0.06431018,0.25112075,0.39435124,0.16781925,0.055779345
0.98501366,1.0,0.18724154,0.027618567,0.02600993,0.03587841,0.045420285,0.15732518,0.1889258,0.052965034,0.021869536,0.11772813
0.5670127,1.0,0.20750289,0.017913079,0.009940497,0.00903039,0.012977605,0.07251971,0.118759476,0.03094137,0.007889303,0.04908941
0.63471407,1.0,0.18743216,0.021661522,0.008797207,0.009692394,0.010725183,0.029650694,0.06483971,0.028916286,0.011849229,0.06535355
0.5364091,1.0,0.8777495,0.6205327,0.16769336,0.065574385,0.11324763,0.07471254,0.109226994,0.14029594,0.057826657,0.093522914
0.16916955,0.14334379,0.47046465,1.0,0.5026251,0.081145465,0.12310431,0.13671719,0.08319338,0.33022642,0.5950236,0.5543508
0.33032116,0.076320626,0.10888295,0.5803031,0.5290036,0.11197547,0.07644615,0.100634076,0.06468808,0.3179701,0.87762374,1.0
0.2466017,0.093509205,0.64528316,1.0,0.78237855,0.37739888,0.20985717,0.1602334,0.10447506,0.4769759,0.6421044,0.5226413
0.0648771,0.098053195,0.6893246,0.56312615,0.37576213,0.18554549,0.13984501,0.11832899,0.34226772,1.0,0.376828,0.07357364
0.15167895,0.12560114,0.30491078,0.87416625,0.95145285,0.3073899,0.10626776,0.16694672,0.6966031,1.0,0.26270154,0.18310003
0.064262256,0.03377646,0.2889592,1.0,0.3373427,0.09294913,0.05441964,0.038074885,0.066328734,0.08348581,0.08028945,0.24452862
0.08395023,0.034260422,0.2847773,1.0,0.34617072,0.066813335,0.071576856,0.05321518,0.028105678,0.05227052,0.072784044,0.24429306
0.17262697,0.09687396,0.16081408,0.7546532,1.0,0.39783555,0.15273406,0.21491112,0.2955497,0.46470234,0.2623677,0.15514338
0.110286795,0.07542093,0.11817119,0.33241898,0.7846429,0.5483646,0.5289429,0.8571983,1.0,0.985178,0.5487528,0.3630858
0.04401234,0.038189437,0.10109629,0.3483477,0.2773053,0.17007102,0.45567757,1.0,0.41897723,0.14413254,0.1758182,0.16666472
0.08466658,0.34867945,0.90061986,1.0,0.26260215,0.13062331,0.3365727,0.8240988,0.3350904,0.167304,0.23093483,0.12417745
0.16000044,0.7914546,1.0,0.35906127,0.069038026,0.06871322,0.11883246,0.2292705,0.16069499,0.099671975,0.07104904,0.041162778
0.32904088,1.0,0.5297705,0.10164647,0.030882644,0.022201514,0.039959528,0.1268119,0.1921708,0.093510486,0.04454047,0.036488008
0.98401874,1.0,0.21874747,0.07212533,0.04117228,0.029893903,0.080443576,0.26151013,0.22356582,0.11647073,0.10660334,0.20921247
1.0,0.29067773,0.101051256,0.113452554,0.05465856,0.04076859,0.11010261,0.22210358,0.07967861,0.07646574,0.10080941,0.3930632
0.5266045,1.0,0.8538509,0.43693396,0.07605474,0.038130593,0.07289565,0.15502271,0.1363927,0.09052973,0.08868233,0.121258944
0.03078,0.21689025,1.0,0.96892387,0.17703743,0.012658963,0.008990025,0.020935772,0.045335606,0.037242368,0.03305868,0.015467281
0.010572325,0.05944199,0.56887084,1.0,0.33113417,0.04913178,0.015934596,0.007650561,0.021543043,0.012825509,0.008225889,0.006438337
0.016976329,0.09199029,0.42068383,0.94602585,1.0,0.28505847,0.06457838,0.017970283,0.018527457,0.009364179,0.00471636,0.0064105606
0.014750169,0.039619345,0.23000067,0.93725073,1.0,0.22028516,0.059419062,0.04828128,0.03197807,0.02133237,0.021495383,0.016648287
0.03542347,0.22074251,0.8191889,1.0,0.2590875,0.06667944,0.056319218,0.097760074,0.11357705,0.12823458,0.074968554,0.039775755
0.10626279,0.41831094,1.0,0.52934796,0.16146466,0.13176134,0.15446796,0.16834591,0.19631393,0.23092201,0.18664248,0.07075035
0.10975881,0.27795514,0.7612534,1.0,0.40151802,0.23640184,0.1351842,0.08331093,0.09471202,0.12999906,0.102193296,0.038049027
0.07535708,0.06706667,0.21593563,0.67506135,1.0,0.39559272,0.100481346,0.1312039,0.10768843,0.15944044,0.13496357,0.097082555
0.17208602,0.030237649,0.060542714,0.39198428,1.0,0.3407329,0.0765012,0.08952725,0.073629014,0.14774819,0.2520013,0.43700495
0.33086264,0.14569035,0.3990766,0.9159116,0.5761076,0.12998173,0.06919511,0.05926714,0.04949669,0.14597815,0.59990215,1.0
1.0,0.7231233,0.63874674,0.33401307,0.064306945,0.030592367,0.046352204,0.047705613,0.066397324,0.1348851,0.37090987,0.86290014
0.7781323,0.24269728,0.07342435,0.016961882,0.014778479,0.03633303,0.024659738,0.014456062,0.018095285,0.074779525,0.57373875,1.0
0.15425608,0.0377133,0.03181256,0.010755039,0.042537943,0.07913487,0.014613317,0.004506417,0.011952595,0.33910063,1.0,0.44261995
0.057006758,0.04129779,0.0459886,0.017629646,0.056488313,0.09700996,0.03745283,0.012092565,0.023517547,0.49695805,1.0,0.2533157
0.50772464,0.072069556,0.0454276,0.05890842,0.0261182,0.07358365,0.14231342,0.08767025,0.032084625,0.14899418,0.69274914,1.0
1.0,0.3984299,0.08071225,0.08106943,0.06912215,0.039538886,0.13346314,0.17819387,0.09340603,0.06393369,0.17582709,0.6241534
0.4577868,1.0,0.51083404,0.09831241,0.077216424,0.029825853,0.08320457,0.086231254,0.14178047,0.11453663,0.14419262,0.13295229
0.17881863,1.0,0.6460602,0.058778364,0.020152278,0.00787246,0.021872135,0.02897314,0.06811859,0.06686192,0.054067843,0.043375768
0.66382957,1.0,0.25626248,0.023277635,0.010788673,0.018011294,0.034972616,0.064499535,0.07519394,0.024100944,0.033359718,0.11855777
1.0,0.37968686,0.04618059,0.014067015,0.012637352,0.046660803,0.07564695,0.08864461,0.035998676,0.02567415,0.16827631,0.71902484
0.33354232,0.051213976,0.00902733,0.016532132,0.035459407,0.13279341,0.10150158,0.033802826,0.02076665,0.20707321,0.9523257,1.0
0.015343549,0.010768758,0.008945467,0.00990787,0.0443812,0.10139867,0.033532612,0.0051888064,0.031431124,0.43850958,1.0,0.28468066
0.07572758,0.018071815,0.010610737,0.01148448,0.03939865,0.08557728,0.062790215,0.0147645,0.028356455,0.31629345,1.0,0.55474216
0.69134945,0.16224484,0.014179309,0.009769764,0.023017095,0.073431805,0.055107147,0.024701996,0.012077879,0.048037678,0.37164092,1.0
1.0,0.256653,0.0088726,0.003014946,0.0067007635,0.010799015,0.007869447,0.016205877,0.0036188033,0.0036105227,0.030985994,0.5015978
1.0,0.28475958,0.009118867,0.001976327,0.0049725315,0.0017697777,0.0032973501,0.015201075,0.0025282355,0.00068540545,0.012537133,0.34999216
1.0,0.2313963,0.0073117265,0.0035917372,0.006254379,0.0008041069,0.004157587,0.014619767,0.0016136545,0.0004650946,0.01834303,0.43506444
1.0,0.16079102,0.0049595446,0.007142505,0.0070440923,0.0013723694,0.009348287,0.014217438,0.0012045446,0.002916233,0.0575857,0.75629824
0.5605275,0.07586473,0.008631356,0.011256027,0.0070477286,0.015294597,0.019907925,0.006666282,0.0030294545,0.03852231,0.3774812,1.0
0.23385508,0.052255087,0.020363867,0.01016621,0.016926832,0.09530437,0.071121015,0.014065832,0.011117156,0.15085407,1.0,0.99799633
1.0,0.21721171,0.01720292,0.00552332,0.0058056163,0.028531607,0.066546366,0.075217344,0.022237893,0.028338933,0.2476569,0.9752055
1.0,0.66382116,0.042979475,0.001784749,0.0017522083,0.0018822313,0.011306319,0.08187093,0.07493585,0.003922731,0.016424932,0.24095596
0.821907,1.0,0.063949585,0.0017781832,0.0023829367,0.0017062972,0.0029523165,0.08432035,0.11300282,0.0048627155,0.0020566948,0.04366129
1.0,0.5559692,0.022677101,0.001325255,0.0024863072,0.0013684835,0.011120351,0.08271774,0.046956018,0.0015807967,0.0053042667,0.14240694
1.0,0.17221642,0.0051135253,0.002146327,0.0021599492,0.010391161,0.053795062,0.058076788,0.009878109,0.003148981,0.09045431,0.74488026
0.3621906,0.024420306,0.00962942,0.004668008,0.005119862,0.06514999,0.08657564,0.015295039,0.0030057093,0.020893471,0.37251663,1.0
0.32343456,0.0946394,0.13140896,0.057717234,0.022658538,0.23497753,0.17247315,0.023160687,0.014734893,0.072227426,0.74645907,1.0
1.0,0.21869881,0.044132385,0.019777117,0.0046399315,0.021776415,0.040198516,0.022143578,0.005178914,0.0073021245,0.06449334,0.5613016
1.0,0.39043048,0.058634136,0.008483416,0.0036432073,0.0041835,0.0068244818,0.007564461,0.005168329,0.0026938699,0.010528272,0.3295312
0.9330429,1.0,0.4638974,0.056702033,0.018023182,0.05237676,0.07740074,0.008210799,0.01693603,0.019928088,0.036162827,0.37915224
0.72664577,1.0,0.9023564,0.21385373,0.071697,0.330618,0.52390355,0.074407935,0.062105775,0.08493463,0.1464513,0.41110325
0.8128487,0.17173511,0.07357935,0.02995446,0.030751523,0.05339617,0.063143685,0.056515016,0.10542086,0.19937056,0.3812238,1.0
0.12643424,0.03713394,0.015834624,0.006008796,0.015217981,0.017500523,0.010626432,0.018592607,0.12014918,0.68977433,1.0,0.43220827
0.056055434,0.022974636,0.0079528615,0.003165081,0.012057596,0.016110908,0.006934563,0.008526164,0.065712154,0.5627314,1.0,0.3643027
0.33014005,0.046050515,0.005681452,0.007832982,0.017842494,0.028366176,0.011546352,0.009499522,0.026148904,0.17048456,0.77460915,1.0
0.43307227,0.09576427,0.023823237,0.018421609,0.017745081,0.027518041,0.012200066,0.011619529,0.019173011,0.07710698,0.51971966,1.0
0.45568413,0.25168884,0.20295961,0.06608943,0.05640886,0.04951823,0.030886889,0.03246182,0.08570208,0.36486015,0.83769506,1.0
1.0,0.8671018,0.66686976,0.25143638,0.20584211,0.23493703,0.18228245,0.16715322,0.213422,0.20751609,0.26330954,0.6496055
0.95744395,0.6482564,0.37141696,0.120148614,0.04549207,0.13263044,0.18247393,0.11527092,0.07512228,0.075293206,0.23376513,1.0
1.0,0.42787766,0.16873147,0.22142912,0.19674191,0.21167962,0.27483284,0.20434316,0.23004864,0.2654879,0.44520655,0.8968682
0.97385025,0.4786012,0.30860496,0.36620647,0.39637002,0.534832,0.76449364,0.58556366,0.51194197,0.61491185,1.0,0.9887555
0.2822264,0.19054607,0.20456971,0.5465495,1.0,0.7889416,0.31188625,0.24221091,0.17639162,0.23823446,0.3254823,0.55190456
0.31728148,0.07956874,0.08404461,0.40049118,0.7362242,0.39742926,0.13310131,0.09905581,0.053382326,0.09684369,0.30444375,1.0
0.48208764,0.048535753,0.030844256,0.09862036,0.25657615,0.1251805,0.049120497,0.01522076,0.008492004,0.0101385005,0.14681634,1.0
1.0,0.42434853,0.051915042,0.04648637,0.14414649,0.09147297,0.02491243,0.007141534,0.0041237287,0.008247774,0.036276452,0.55716014
1.0,0.67709726,0.11883593,0.07556488,0.06736095,0.035934426,0.02141798,0.014177443,0.013673558,0.024207298,0.031074302,0.25035942
1.0,0.9781784,0.46260858,0.448137,0.8094335,0.41691405,0.18785167,0.15952563,0.353792,0.72416174,0.43953237,0.48654845
0.031488534,0.044233933,0.09271609,0.38113648,1.0,0.83658224,0.26672846,0.12855163,0.26687294,0.6538216,0.4505895,0.09793566
0.108846016,0.15689035,0.37649518,0.79808897,1.0,0.82020473,0.6522964,0.43084127,0.35390264,0.3397044,0.21421076,0.108924516
0.12774548,0.10092796,0.13845773,0.3882547,1.0,0.88791865,0.5311183,0.22437905,0.057544295,0.0463139,0.04293441,0.07862256
0.03296385,0.022828616,0.03825785,0.3677368,1.0,0.40838823,0.16429967,0.073957786,0.039097946,0.031799864,0.023113484,0.032429136
0.049100168,0.063986816,0.13650832,0.93837774,1.0,0.5939044,0.4297389,0.24179687,0.1462107,0.076310225,0.029993972,0.02995309
0.040790714,0.08324058,0.281751,0.95468867,0.98574805,1.0,0.54772866,0.20653196,0.24459326,0.4110929,0.3039829,0.09547396
0.06343815,0.18547088,0.36401355,0.53689164,1.0,0.9137827,0.80195975,0.19594078,0.14150591,0.60538787,0.79050136,0.19130765
0.13451776,0.34610766,0.5091079,0.4410178,0.39257985,0.52274543,1.0,0.51495963,0.63447267,0.9832738,0.75277394,0.19525099
0.18223,0.33895776,0.3345498,0.18787685,0.26269498,0.34095702,0.46594825,0.6319406,1.0,0.41772738,0.11249092,0.09153632
1.0,0.75107205,0.4801874,0.24509883,0.6183258,0.9111381,0.6173321,0.553524,0.55774766,0.21668732,0.09033743,0.56152576
1.0,0.40646666,0.18189573,0.14053243,0.3719456,0.43063587,0.11329645,0.061707806,0.05768374,0.088618614,0.06482828,0.6991256
0.8247799,0.6140152,0.28214243,0.14271106,0.16264184,0.20533495,0.16967367,0.29526538,1.0,0.9353968,0.17123877,0.3977793
0.021405766,0.02086251,0.014739839,0.012021701,0.008894135,0.0052061197,0.006430264,0.035425726,0.61720645,1.0,0.14109501,0.017953785
0.0040895436,0.0019341883,0.0013228663,0.0018144397,0.0028206797,0.0016146296,0.0019680737,0.02055042,0.5074012,1.0,0.16330498,0.008658701
0.008153852,0.0074546123,0.0027698225,0.0030629016,0.004576843,0.0037208546,0.0037089083,0.04260174,0.553055,1.0,0.21178783,0.01992113
0.26158616,0.21441774,0.09378247,0.08488936,0.088285945,0.0744269,0.07062763,0.112756506,0.41942742,1.0,0.29644975,0.11315561
1.0,0.855546,0.46255273,0.3211875,0.25958487,0.2796637,0.34864333,0.43272197,0.6552751,0.7130278,0.42232317,0.93913454
0.93980503,0.4490052,0.2552651,0.22147371,0.23868603,0.15999708,0.1671168,0.2626543,0.66034675,0.8882845,0.29574162,1.0
1.0,0.41476333,0.2619541,0.299711,0.38383466,0.2646679,0.19693047,0.19205855,0.46961045,0.8388506,0.2713318,0.65857863
1.0,0.5736329,0.27257377,0.2327058,0.3624683,0.3091439,0.24296585,0.19403067,0.46062902,0.8038951,0.24889725,0.51053125
0.8901866,0.32146403,0.1991327,0.22356811,0.24142967,0.21967782,0.30468097,0.25158107,0.49885294,0.501571,0.49137977,1.0
0.6506041,0.20701794,0.12727521,0.14866564,0.23547068,0.24367115,0.34756258,0.31084773,0.6193981,0.2650882,0.57517064,1.0
0.7352228,0.22506596,0.18937922,0.29252174,0.32761195,0.5023172,0.9220247,0.696946,0.81328714,0.3555787,0.568053,1.0
0.48595145,0.2867275,0.35278812,0.41794097,0.37468803,0.5444319,1.0,0.89263594,0.9275449,0.7865936,0.5909001,0.6150737
0.6733794,0.58453286,0.41069305,0.2463584,0.38666424,0.3649889,0.54627734,0.6964534,1.0,0.8168342,0.60210305,0.42694223
1.0,0.82830715,0.4879213,0.16899376,0.23422669,0.2782396,0.3394255,0.48225442,0.7010614,0.61134624,0.48511133,0.86205864
1.0,0.5589663,0.40734053,0.29515824,0.24528126,0.19466302,0.26333538,0.50040543,0.8540681,0.8804306,0.38302687,0.9001486
0.8074944,0.89527977,0.70579773,0.6858385,0.6014441,0.5249527,0.36856505,0.6190444,0.8803775,1.0,0.8719374,0.9603171
1.0,0.9903445,0.45417225,0.48199713,0.607374,0.6077025,0.4636131,0.5061518,0.65589035,0.9639711,0.9987988,0.84750414
0.9859744,0.7641801,0.4001764,0.58327943,0.80702376,0.7261841,0.679656,0.42668608,0.73177576,1.0,0.86457115,0.72679996
0.44803825,0.3145269,0.37157512,0.68405914,1.0,0.79643124,0.37748343,0.1774207,0.29130712,0.53251046,0.7812323,0.69300497
0.25256804,0.507476,0.47612748,0.65646553,1.0,0.545379,0.19195352,0.14431454,0.19804387,0.4020459,0.5944133,0.4624689
0.27746713,0.3745477,0.2863972,0.41763034,1.0,0.5959096,0.14827123,0.08353632,0.1245363,0.20280205,0.26986966,0.5066775
0.2753196,0.11892115,0.101188175,0.35906094,1.0,0.9038015,0.20894922,0.10098514,0.0778848,0.118313126,0.13528724,0.46897402
0.80797744,0.50762486,0.12450568,0.23592304,0.5459733,1.0,0.5810938,0.12494,0.110459454,0.22088836,0.17007668,0.35372087
0.66788477,1.0,0.30471084,0.09714022,0.13078307,0.5107114,0.72454476,0.19669083,0.1612176,0.33892527,0.32705352,0.27210853
0.23030989,1.0,0.9070283,0.2426592,0.14912759,0.265513,0.7804566,0.78234625,0.398054,0.680268,0.55247474,0.21048094
0.29504204,0.3067585,1.0,0.5144474,0.28974307,0.38152555,0.38886586,0.93686146,0.46202552,0.62482864,0.35628,0.28315297
0.21158943,0.23942633,1.0,0.43183088,0.22852479,0.22080508,0.26908615,0.6667027,0.42843685,0.39665926,0.2524948,0.16177431
0.078583956,0.22678022,1.0,0.35271508,0.1606413,0.1070237,0.14220811,0.32630607,0.22799899,0.43301615,0.24895564,0.07612643
0.09906678,0.33801484,1.0,0.2627389,0.14411552,0.112710595,0.08673257,0.09900536,0.12835334,0.5238296,0.41549754,0.1345704
0.09352623,0.37452188,1.0,0.21361297,0.11947448,0.09092856,0.06260783,0.10721225,0.2000921,0.4643106,0.44492856,0.17011227
0.099288814,0.42439824,1.0,0.22293174,0.10948196,0.08349404,0.10026117,0.14608549,0.16949947,0.20121302,0.15195882,0.17885707
0.08681456,0.78329855,1.0,0.18060441,0.14809754,0.1193487,0.17390415,0.19133107,0.24706249,0.24850069,0.20333682,0.19210762
0.09313853,1.0,0.7999698,0.1250387,0.11609638,0.10027029,0.21407935,0.24387716,0.3561327,0.3614794,0.23207399,0.11680732
0.07335987,1.0,0.6418893,0.07970194,0.06323198,0.06062366,0.13009354,0.14424671,0.23170649,0.17271738,0.0806967,0.03806466
0.090780415,1.0,0.4495764,0.026759444,0.020423034,0.027812738,0.06340297,0.05020062,0.07909005,0.045499645,0.017876964,0.010005629
0.18195274,1.0,0.2931725,0.017969951,0.013316549,0.035008974,0.042996887,0.024831641,0.024228353,0.019016227,0.012844834,0.010469193
0.4288173,1.0,0.17179847,0.060542278,0.07797752,0.20767312,0.13409968,0.04643503,0.035195597,0.025504539,0.018595932,0.030966721
0.6574954,0.6335717,0.19090752,0.33571216,0.47864726,1.0,0.53207374,0.22359812,0.092746496,0.05136231,0.061334386,0.1352581
