0.033325043,0.05863965,0.15369113,0.5086747,1.0,0.7178642,0.20439616,0.093448564,0.088980585,0.08880404,0.04663781,0.021370567
0.025070475,0.026741778,0.062293645,0.31043053,1.0,0.7160051,0.08754733,0.036714025,0.060144864,0.08289581,0.039859034,0.020907385
0.02951108,0.020578971,0.03418371,0.19034414,1.0,0.990744,0.07281789,0.026086697,0.06287554,0.08774979,0.05467459,0.029351208
0.043906953,0.06263138,0.08200741,0.13131423,0.64369106,1.0,0.15837266,0.17686355,0.39603654,0.3045564,0.093004584,0.041936234
0.023640025,0.050696943,0.17659022,0.45205718,0.72504705,0.75672346,0.17724206,0.20083123,1.0,0.94294506,0.13718963,0.051031858
0.01804161,0.032749534,0.1577665,0.43311787,0.6977566,0.5284536,0.11745751,0.23626263,1.0,0.7733455,0.13054988,0.04075451
0.07015096,0.072023086,0.16039516,0.33529627,0.63128126,0.52106696,0.2616128,0.47065708,1.0,0.4624064,0.2564333,0.098516814
0.3230152,0.45894453,0.5750433,0.5923965,0.45440766,0.47565272,0.3863978,0.4389808,1.0,0.9301808,0.5095263,0.25591597
0.46012652,1.0,0.8228807,0.4335875,0.38986427,0.6805382,0.4210073,0.2917133,0.4438981,0.5697296,0.4090139,0.36761823
0.08933037,0.15184316,0.14320934,0.05933473,0.34321642,0.59662765,0.117418915,0.032904312,0.06511579,0.34024101,1.0,0.40353128
0.4253412,0.14392912,0.053142987,0.028938303,0.12091914,0.16852972,0.10259366,0.08071603,0.05270087,0.18486373,0.8602606,1.0
1.0,0.8154243,0.6319861,0.3024221,0.1384046,0.11116123,0.08446724,0.10693232,0.14705268,0.19510464,0.3969522,0.9960676
0.15099984,0.21896827,0.44027057,0.7415137,1.0,0.57631713,0.07526884,0.02180517,0.061775606,0.20542675,0.19131094,0.17387366
0.011508347,0.015890758,0.0797253,0.3350248,1.0,0.8515263,0.104766406,0.02275133,0.03458883,0.08237742,0.06820702,0.027628828
0.014848765,0.0360291,0.172377,0.5156048,1.0,0.8350045,0.1376634,0.055630736,0.061256595,0.04847045,0.037753746,0.020383378
0.07243845,0.1660507,0.8121179,1.0,0.5051167,0.3395577,0.15109706,0.1284158,0.081280135,0.04477145,0.033885706,0.04244211
0.5438547,0.7397901,1.0,0.5131877,0.19258806,0.27479795,0.4451239,0.4956864,0.24499772,0.21213347,0.17543195,0.43630186
0.11979818,0.19185518,1.0,0.39773667,0.28178754,0.3473975,0.36710933,0.26640463,0.2843208,0.39223668,0.31956553,0.2883046
0.13996874,0.19124405,1.0,0.63570607,0.4706601,0.24898314,0.11115569,0.06783728,0.13652402,0.23959717,0.2732677,0.28066838
0.92286915,0.76165026,0.73156464,1.0,0.67451674,0.35145068,0.16659215,0.13384381,0.10351129,0.28897753,0.34804228,0.98152405
1.0,0.3830454,0.21459718,0.37206957,0.2977082,0.14680555,0.1711102,0.24744567,0.057236493,0.16879086,0.15137437,0.71596915
1.0,0.18132292,0.09856619,0.1833816,0.2649487,0.2617537,0.46367776,0.8195745,0.12074171,0.13997175,0.16237882,0.66629887
0.50341487,0.06541553,0.040708635,0.13577256,0.12001394,0.27487463,0.5969601,1.0,0.12238058,0.04988175,0.12724742,0.472486
0.47168732,0.06101961,0.07108798,0.3255672,0.1099146,0.23078616,0.7029495,1.0,0.13588172,0.044850033,0.22574791,0.8267652
0.22981714,0.03442646,0.05094757,0.16681707,0.03885173,0.068073265,0.22356172,0.2025322,0.044813,0.044971704,0.43420184,1.0
0.059043795,0.010762644,0.026756838,0.023647279,0.0075762835,0.0711436,0.07345716,0.017067704,0.013502697,0.11360122,1.0,0.85225236
0.019650163,0.0059017646,0.01774733,0.005993467,0.022240225,0.23390897,0.09525733,0.0154547775,0.011529924,0.12232165,1.0,0.5782067
0.010703498,0.0035357869,0.010501979,0.0031291186,0.09982045,0.79770005,0.20924531,0.02092229,0.010289703,0.12985091,1.0,0.50067544
0.021124434,0.0010951249,0.0038554561,0.0019739291,0.09713131,0.94384855,0.36978352,0.016964538,0.00917134,0.13887298,1.0,0.64847594
0.077662356,0.0013725578,0.0018356371,0.0019102028,0.017798558,0.36678693,0.46832016,0.028660854,0.00527193,0.07820681,0.70552015,1.0
0.16683964,0.0036620838,0.0015099028,0.0018663149,0.0015887099,0.0881743,0.34802988,0.04763282,0.003974433,0.021767266,0.28784603,1.0
0.32495022,0.0066496013,0.001872403,0.0020918478,0.0016509757,0.030417185,0.2814255,0.08381327,0.0042083203,0.012003181,0.14144015,1.0
0.4353883,0.008052179,0.0012519215,0.002295143,0.0032422568,0.02335224,0.26775876,0.10172904,0.003469428,0.009191034,0.09290961,1.0
0.37927505,0.005947351,0.00064686657,0.0020141185,0.0022634813,0.022669684,0.21462566,0.0650918,0.002523955,0.006611039,0.10506746,1.0
0.26349342,0.0033571948,0.0008360043,0.0021863251,0.0009885769,0.028571177,0.17598295,0.032144316,0.0018996156,0.0046929047,0.15451558,1.0
0.15233013,0.0016673171,0.0024023273,0.0037339681,0.0010375342,0.064902924,0.2401377,0.02371734,0.0015889239,0.0046898182,0.25213826,1.0
0.112439066,0.0019184732,0.003974084,0.0045215283,0.0030418595,0.1765173,0.47364703,0.035633966,0.0013823393,0.0070326338,0.363023,1.0
0.10375549,0.0074459254,0.015899613,0.008056119,0.034205317,0.74695045,0.9671961,0.054958723,0.005796778,0.032177497,0.6910009,1.0
0.1602609,0.04410831,0.12770548,0.1918081,0.08547702,0.6474138,0.89651954,0.13628538,0.09681921,0.13878828,0.7072597,1.0
1.0,0.21814062,0.099203445,0.25064936,0.20317528,0.13210091,0.5073302,0.4918393,0.1311916,0.19122691,0.20892468,0.78512645
1.0,0.4156884,0.038627353,0.041451994,0.08230571,0.05397055,0.06817219,0.23956215,0.09642032,0.04050266,0.025690159,0.15411747
1.0,0.91291916,0.054913774,0.026826018,0.05921667,0.03871721,0.024103196,0.087329365,0.10279815,0.024148328,0.013894952,0.052224744
0.7364694,1.0,0.060316388,0.022479286,0.03537789,0.016332489,0.02061479,0.032936756,0.07955765,0.017852034,0.015807467,0.02637734
0.481629,1.0,0.08910395,0.01980724,0.025609288,0.009881781,0.02477468,0.041900016,0.12952991,0.025938196,0.02454311,0.018867549
0.528658,1.0,0.10367067,0.013882609,0.01437449,0.011680038,0.053107258,0.20630294,0.24227208,0.040699467,0.033375327,0.048465576
1.0,0.7619746,0.056435063,0.0060915533,0.0065926383,0.06334386,0.5430586,0.8145958,0.17696767,0.032068375,0.10823293,0.45973283
0.2039061,0.13515025,0.023690777,0.002953845,0.010987587,0.24564,1.0,0.552513,0.071241595,0.12012287,0.36249754,0.45296037
0.5983894,1.0,0.4349995,0.22277793,0.25968304,0.701456,0.85056746,0.31493947,0.564549,0.8712702,0.93500566,0.33604863
0.76848674,1.0,0.3453305,0.3309306,0.25814745,0.11241685,0.12581041,0.13939029,0.24898215,0.092839815,0.12459402,0.20767982
1.0,0.9943407,0.07898906,0.06336975,0.06671107,0.104684375,0.15856975,0.23916446,0.19443962,0.054128595,0.27119714,0.61872035
0.96491367,1.0,0.062381104,0.055609748,0.06254516,0.05464804,0.092899196,0.19859895,0.08253868,0.03787542,0.1827901,0.38737303
1.0,0.70088917,0.02345816,0.005519378,0.014428705,0.01343826,0.014981654,0.015645606,0.010341763,0.00499106,0.011973507,0.07773005
1.0,0.8608307,0.15348291,0.2509545,0.5789884,0.55290467,0.86576563,0.64533013,0.33166388,0.14985569,0.06894215,0.100672
0.1558701,0.20738098,0.13869666,0.22725266,0.40067866,0.43233868,1.0,0.7117602,0.35684064,0.14988077,0.049136017,0.057292093
0.13147135,0.18201402,0.20518264,0.27616903,0.39038843,0.43931654,1.0,0.86492425,0.39427254,0.14719374,0.06508028,0.094608076
0.30369967,0.28911272,0.40188363,0.4613926,1.0,0.8212272,0.860604,0.73838264,0.5092705,0.3240182,0.18080567,0.22165988
0.50882375,0.3284752,0.4894148,0.7306426,1.0,0.7770421,0.5478319,0.4678333,0.2747086,0.23318791,0.30660635,0.5598766
0.61448747,0.34550187,0.5926094,1.0,0.6990686,0.6331336,0.5569212,0.3280199,0.14920056,0.15557255,0.3193948,0.7103102
0.65844625,0.3794918,0.7095055,0.9614512,1.0,0.9215519,0.563529,0.24939083,0.16856015,0.2334271,0.36233163,0.92908317
1.0,0.45267886,0.47098306,0.36297956,0.4432288,0.49851382,0.2718302,0.18303308,0.16013566,0.18458733,0.27141637,0.771947
0.85576594,0.56037205,0.44704494,0.46002746,1.0,0.78241724,0.24432212,0.14753594,0.15467486,0.29349512,0.6875912,0.7412452
1.0,0.9409713,0.3785919,0.3415826,0.85946006,0.45981535,0.15487078,0.07797194,0.08864895,0.11632324,0.37376007,0.48005924
1.0,0.39348257,0.18739253,0.13721667,0.33671638,0.15766484,0.06368713,0.06354813,0.038006674,0.036506325,0.12699561,0.40081087
1.0,0.54504734,0.27473533,0.20308927,0.36436749,0.41395912,0.15946174,0.085386194,0.118982114,0.15048812,0.552551,0.95131224
0.39478037,0.44026178,0.3124212,0.31343362,0.34160027,0.5563643,0.30006668,0.22055845,0.55163985,0.45350918,0.7851725,1.0
0.26261494,0.32319367,0.2788273,0.33596283,0.36987174,0.47555235,0.27870846,0.4690363,1.0,0.43141237,0.3079053,0.5632386
1.0,0.95077544,0.51437414,0.39733416,0.51902467,0.38707072,0.24575043,0.35818157,0.38002628,0.1567943,0.19295467,0.42017764
1.0,0.4737323,0.094279975,0.040186718,0.065261535,0.04817412,0.107535705,0.1564917,0.03729309,0.012644385,0.09281192,0.56386966
0.4578689,0.06620551,0.012103297,0.020879202,0.015233225,0.030984795,0.117869884,0.072940186,0.016617488,0.028556727,0.3145678,1.0
0.27537107,0.03266091,0.016326405,0.020667512,0.023936521,0.14885367,0.65965086,0.35869902,0.06019131,0.07110957,0.46923858,1.0
0.23185441,0.10776814,0.04275954,0.021331273,0.03258977,0.15228876,0.65313315,1.0,0.5512513,0.11339327,0.12725294,0.30788824
0.10684703,0.15874499,0.058668338,0.017484551,0.028636891,0.06933218,0.119566895,0.7711804,1.0,0.12766317,0.026269438,0.044491407
0.1913346,0.16953255,0.056690305,0.04385119,0.078030854,0.05387607,0.1341765,0.9788233,1.0,0.11148692,0.028313579,0.050818484
0.35935456,0.12820753,0.08036248,0.09952873,0.110019036,0.06654871,0.25444245,1.0,0.38735604,0.04644999,0.14046906,0.31818855
0.5927096,0.2791253,0.3056368,0.47453743,0.35327098,0.36060873,0.7427868,1.0,0.35363504,0.2315831,0.54781747,0.73651594
0.46410373,0.37578443,0.36998317,0.8602235,0.5722507,0.5038088,0.9020352,1.0,0.30118594,0.1646328,0.23540941,0.3190722
0.68238586,0.48199546,0.7010648,0.9645796,0.69337815,0.59310937,0.9033949,1.0,0.3176551,0.20715919,0.2328368,0.5745119
0.6123626,0.38895243,0.8760723,1.0,0.7647728,0.64936316,0.7946475,0.8411429,0.27639818,0.16401291,0.20670155,0.5558862
0.3495845,0.24655814,0.4965469,0.7240942,0.62088585,0.4394584,0.8737442,1.0,0.2189994,0.105469465,0.13835742,0.27668458
0.42524713,0.3620423,0.20596911,0.25729892,0.35460517,0.35010076,1.0,0.86469966,0.18632685,0.08561646,0.1118866,0.22244258
0.46980315,0.41012225,0.121524,0.1460424,0.25116765,0.29464954,1.0,0.9526173,0.28299022,0.07300084,0.08903327,0.22282507
0.3540941,0.2614983,0.11375918,0.16382462,0.29274425,0.26827577,0.6175793,1.0,0.41960785,0.078747906,0.10484239,0.14959373
0.3590848,0.27399912,0.14239389,0.29762188,0.59875613,0.8912148,0.8863112,1.0,0.6080074,0.11474802,0.10282432,0.16168202
0.045464557,0.0380549,0.026893247,0.0657198,0.34412935,1.0,0.52703834,0.16593401,0.09024468,0.014486254,0.011114695,0.021433163
0.013638411,0.012903734,0.016916959,0.013420873,0.13244785,0.89577883,1.0,0.19451389,0.032280616,0.006453135,0.0032093257,0.00960302
0.005610407,0.006727488,0.015670985,0.014871556,0.033644732,0.36202613,1.0,0.3390601,0.039069902,0.0048545473,0.0024332127,0.0063359677
0.0042869803,0.0051142317,0.014814314,0.028765472,0.016160512,0.15594086,1.0,0.7271263,0.08648367,0.00718189,0.0037133112,0.007345482
0.0030037737,0.005193503,0.012841622,0.033873875,0.0100362655,0.06895069,0.8096654,1.0,0.17318858,0.010235745,0.0031874382,0.005839166
0.008890748,0.0063062184,0.021623926,0.06504478,0.032923713,0.20297347,1.0,0.7829884,0.14081487,0.0105854515,0.0041972273,0.010901253
0.03432986,0.013785617,0.031591665,0.11032194,0.30676118,0.94332176,1.0,0.3026758,0.05427982,0.010353921,0.009524634,0.03129844
0.032981295,0.015468536,0.13628642,0.7099944,1.0,0.6249863,0.2211769,0.055352114,0.018756898,0.010777588,0.047870968,0.05910943
0.009610006,0.016750757,0.17803855,1.0,0.91407824,0.1522675,0.03548704,0.02008664,0.007481566,0.007835908,0.05925521,0.044460736
0.017118199,0.020850915,0.08206974,0.3714748,1.0,0.9863976,0.4332416,0.08117159,0.010552464,0.0039113373,0.022284796,0.0338272
0.012659217,0.031966165,0.044119716,0.029609073,0.15681882,0.600685,1.0,0.6661823,0.14277612,0.013243695,0.0085486565,0.009291674
0.008733325,0.021564754,0.028856652,0.01143029,0.005759896,0.043642305,0.25799748,1.0,0.50064087,0.03241614,0.0087349145,0.0073246732
0.0050261463,0.016366463,0.020436019,0.009834612,0.009815926,0.066638626,0.3272816,1.0,0.43584803,0.022965806,0.0026236842,0.0029006228
0.009416476,0.014864346,0.015427784,0.030955845,0.16776623,0.6157948,1.0,0.65291154,0.11398137,0.0072582657,0.004649769,0.007536878
0.011423538,0.021078276,0.043948516,0.13527071,0.48261994,1.0,0.6868773,0.13061821,0.019310325,0.018109582,0.019891575,0.018140683
0.087513015,0.48632178,0.60614234,0.61663544,1.0,0.8814428,0.73230255,0.19274832,0.44849283,0.36733618,0.1531013,0.092657916
0.02770158,0.04329803,0.16182014,0.6346036,1.0,0.58383924,0.1769491,0.06856168,0.070892185,0.07061089,0.057585657,0.048158422
0.013247499,0.011699313,0.041230515,0.25751436,0.73947036,1.0,0.8846347,0.45274234,0.10145855,0.017702889,0.009337531,0.013973909
0.011912716,0.018446153,0.062970296,0.06578313,0.095477864,0.24736136,0.59547085,1.0,0.4450411,0.055335857,0.015119155,0.015015275
0.07476634,0.30491892,1.0,0.6252449,0.31997496,0.15248491,0.15601377,0.3144378,0.3578255,0.16369498,0.14570348,0.079677835
0.2086649,0.4267445,1.0,0.5536484,0.7707227,0.5802195,0.17461182,0.07746724,0.15541685,0.45152482,0.270801,0.16546702
0.14834195,0.13606684,0.3140793,0.23915786,1.0,0.46609038,0.081848204,0.03400979,0.104157634,0.2510931,0.3351024,0.6036791
0.07380441,0.09331732,0.12602834,0.17253545,0.4957644,0.14839716,0.1711098,0.072154455,0.07248658,0.050466355,0.660085,1.0
0.13937597,0.19482207,0.23670574,0.22208568,0.34723386,0.21937963,0.5748915,0.45191684,0.42266506,0.18638203,0.7051589,1.0
0.4282765,1.0,0.36912116,0.2870324,0.342804,0.70242697,0.75555784,0.60346115,0.6341729,0.48348615,0.7172392,0.3526746
0.2248709,1.0,0.26241535,0.026490552,0.03435779,0.07678346,0.15017655,0.06511051,0.032190938,0.03751766,0.2217143,0.11640283
0.2091103,1.0,0.30908445,0.012750638,0.012427896,0.03588597,0.09020596,0.049383607,0.013581601,0.016575737,0.076613225,0.12666267
0.44361657,1.0,0.39150128,0.09624374,0.35559028,0.33634394,0.17852373,0.117286354,0.07094199,0.073332556,0.28895944,0.5846162
0.19877358,0.22058189,0.15513147,0.33964774,0.9425493,0.39124566,0.17535469,0.38311654,0.45741704,0.24689487,0.7387773,1.0
0.13369271,0.15990871,0.19215125,0.27183387,0.41897124,0.11357334,0.22392891,0.5225677,1.0,0.27610737,0.4181022,0.7444771
0.278242,0.11336492,0.2224944,0.20297517,0.31323877,0.20342362,0.37032744,0.43357965,1.0,0.50727016,0.32657722,0.58277726
0.1581798,0.06340264,0.11209497,0.16482727,0.19876789,0.26424322,0.25977188,0.20992823,0.3433878,0.6277605,1.0,0.4356255
0.30902633,0.06695781,0.23495696,0.3671496,0.24573378,0.59283155,0.3315536,0.17715727,0.28132787,0.5323982,1.0,0.8942004
1.0,0.082204655,0.4192644,0.97630537,0.24483083,0.6720529,0.30716282,0.19914943,0.48642105,0.23172177,0.3257419,0.926499
0.95106477,0.0977288,0.22997367,1.0,0.1634065,0.15854786,0.1456741,0.13342188,0.6715133,0.14128833,0.053637747,0.35167366
0.74168384,0.14643133,0.13938095,0.78705204,0.24814276,0.05429935,0.04544086,0.11672215,1.0,0.4228967,0.13393423,0.2011309
0.39936498,0.16972138,0.11691064,0.460591,0.28423372,0.06456351,0.038743917,0.117841214,1.0,0.7563186,0.32206255,0.19926086
0.13401303,0.1123649,0.07021605,0.15767682,0.24604699,0.10697829,0.025174795,0.05874983,0.31758007,1.0,0.5188885,0.13952555
0.26885068,0.08383012,0.111452885,0.18946841,0.29821268,0.25673044,0.051577494,0.0653239,0.24697122,1.0,0.7522604,0.29363334
0.907871,0.2047486,0.6504201,1.0,0.29271588,0.25964442,0.15747926,0.21356416,0.6280685,0.49865574,0.36863232,0.4538665
0.9929418,0.29117942,0.36128205,0.47221673,0.43108696,0.50243264,0.34859914,0.33941567,0.6852674,1.0,0.7037303,0.65608484
0.50836563,0.25682214,0.2408295,0.1950836,0.25685766,0.4352014,0.34643516,0.28788352,0.8533563,1.0,0.87356603,0.56138426
0.5066083,0.415867,0.3044451,0.20220348,0.25681606,0.5560353,0.27670825,0.23649287,0.9619266,0.938051,1.0,0.66893744
0.44885156,0.2622565,0.21954736,0.34053713,0.32764247,0.3990198,0.2138903,0.30631828,1.0,0.648932,0.7805105,0.8493004
1.0,0.13098405,0.1926261,0.492953,0.40485442,0.39290997,0.19011466,0.18480888,0.30574617,0.35977367,0.4340044,0.9280571
1.0,0.17902012,0.2464858,0.62538046,0.46053904,0.3444613,0.25808161,0.18933259,0.3817861,0.7035046,0.444581,0.80220497
0.39239565,0.1395568,0.2619948,0.47271997,0.63711596,0.45699024,0.35255772,0.31271604,0.7109603,1.0,0.88481236,0.6103597
0.30185753,0.082656324,0.230237,0.5038337,0.4188683,0.30186075,0.287723,0.33687583,0.64405715,0.78136086,1.0,0.6721111
0.5250768,0.17702308,0.28975597,0.62855434,0.8704371,0.3671766,0.31197777,0.28234532,0.45883194,0.50079507,0.65615076,1.0
0.2876447,0.18219197,0.3392739,0.45638478,1.0,0.3959081,0.15659805,0.14855166,0.27706572,0.18415165,0.32759997,0.5451185
0.22896235,0.13313608,0.29434833,0.5478855,1.0,0.4206884,0.14788179,0.13637613,0.28963146,0.24628744,0.43299502,0.20601618
0.49400797,0.26581258,0.3733396,0.9754637,1.0,0.50706905,0.32844839,0.2298742,0.45084354,0.43230128,0.68588454,0.49037683
0.7660661,1.0,0.27356896,0.4807971,0.43960822,0.24300297,0.1347232,0.12029921,0.16556692,0.18489428,0.17886041,0.21384044
0.5414997,1.0,0.24639907,0.33133242,0.3831723,0.21908204,0.084433995,0.05680135,0.079895526,0.1074652,0.17349648,0.08678851
0.5443009,0.43242383,0.17169267,0.40811458,1.0,0.5496907,0.11397014,0.0976457,0.1539572,0.14556618,0.35343263,0.25167882
0.34155867,0.2950134,0.15798962,0.29888108,1.0,0.36243826,0.09452414,0.078744434,0.13674769,0.15582122,0.25885656,0.2920644
0.65875286,0.21412468,0.09944451,0.08268931,0.098391935,0.037632413,0.013398002,0.022549178,0.05266087,0.22243991,0.6812578,1.0
0.46058446,0.2525325,0.10189987,0.045298275,0.028972212,0.031813122,0.059280235,0.09661184,0.23712258,0.63105965,1.0,0.7655298
0.41674742,0.55592054,0.25282693,0.24823338,0.39007834,0.4342773,0.3924197,0.5155173,0.8628057,1.0,0.6714761,0.42516133
0.41741437,0.52594477,0.7741521,1.0,0.8973436,0.724565,0.60685545,0.74636275,0.68672794,0.46798208,0.4999481,0.6803019
0.4277179,0.6353436,0.80425626,0.7404206,0.31724098,0.22713184,1.0,0.7875815,0.47284374,0.31517774,0.5245009,0.5482396
0.50441784,0.45305213,0.41112885,0.35678792,0.27891985,0.40842825,1.0,0.6510541,0.74508053,0.9017911,0.54121417,0.37456715
1.0,0.7565746,0.31516138,0.29201117,0.21453269,0.20923081,0.17174685,0.21664758,0.28323403,0.23808022,0.16933236,0.34547877
0.3924685,1.0,0.92060375,0.6320812,0.3591575,0.28287384,0.115349144,0.16073866,0.3240192,0.19770877,0.09361232,0.051608212
0.04173778,0.30561605,1.0,0.94986916,0.206344,0.055866692,0.021970037,0.033829857,0.052250996,0.09056322,0.09605834,0.016742466
0.009151306,0.036410306,0.33955947,1.0,0.47930226,0.04045441,0.035764832,0.066401154,0.012756247,0.020091357,0.07059168,0.021507308
0.008553676,0.0075096223,0.05836313,0.49269447,1.0,0.37859097,0.07973512,0.09907167,0.029601011,0.0068315347,0.02395852,0.023245344
0.008989559,0.00495049,0.007363759,0.09003779,0.74105376,1.0,0.17012803,0.0434563,0.015736355,0.0031087685,0.002588921,0.008144118
0.0062060673,0.0047454713,0.0018808485,0.008903432,0.19559652,1.0,0.4641973,0.04184828,0.008917394,0.0012294276,0.0009998607,0.0012106516
0.0028836972,0.0049083354,0.004480782,0.0025451905,0.06197497,0.66050637,1.0,0.5209428,0.1325589,0.010590777,0.0008072185,0.00061206764
0.0026087807,0.0027814372,0.0073165544,0.01363662,0.025203401,0.08981359,0.3777256,1.0,0.9452533,0.3422289,0.074765034,0.009953448
0.11907139,0.022240348,0.010365535,0.018859984,0.064056724,0.10462393,0.091467775,0.34920868,0.931878,1.0,0.6835168,0.34856042
1.0,0.23240444,0.053000297,0.026385622,0.057698514,0.08427705,0.10345424,0.089069776,0.103977,0.3181056,0.5372216,0.94363755
1.0,0.19153917,0.046308957,0.026787195,0.06640421,0.037111647,0.06897827,0.18921806,0.029281404,0.011646177,0.0479747,0.6243106
0.60539407,0.055473197,0.021046171,0.019155346,0.025126593,0.027627798,0.13510501,0.16082567,0.020760247,0.015760725,0.23169415,1.0
0.20964412,0.021848725,0.005599077,0.005579582,0.006491309,0.056776002,0.10531229,0.020169802,0.0030471652,0.06195795,0.71879065,1.0
0.04549071,0.002950662,0.00079455745,0.0013318271,0.008905627,0.08530237,0.035892878,0.0018868299,0.0036478986,0.14100946,1.0,0.6328933
0.04678861,0.0065900157,0.0011276994,0.0012566028,0.0102532245,0.09259113,0.0470904,0.003663685,0.0039895587,0.121564,1.0,0.65255314
0.34044436,0.036648754,0.0036036524,0.0038026476,0.008132168,0.03918132,0.08053815,0.010877755,0.0018855721,0.02033211,0.3446756,1.0
0.7931337,0.078315936,0.0057045394,0.007288609,0.011982393,0.019296234,0.050543625,0.010426967,0.001674679,0.0031047342,0.090819076,1.0
0.6808643,0.08622949,0.029389784,0.039690036,0.015729383,0.027993407,0.10370513,0.03088586,0.017352732,0.012144999,0.12757039,1.0
0.1491391,0.048032165,0.32101518,0.18870592,0.05073764,0.3467936,0.330288,0.056773838,0.09211944,0.07074969,0.7625976,1.0
0.025733357,0.08769257,0.36517864,0.07049285,0.10576221,0.5964408,0.13566928,0.009713152,0.028792912,0.14945474,1.0,0.32641158
0.02112889,0.121709436,0.3429401,0.037051402,0.19935916,0.9221643,0.11551531,0.008422097,0.01456111,0.22874027,1.0,0.12903176
0.015533929,0.092960835,0.17097932,0.06685351,0.60918677,1.0,0.0951761,0.011242343,0.013002046,0.12249707,0.39147538,0.049178883
0.024488414,0.098761514,0.07226441,0.1924019,1.0,0.57449263,0.04213287,0.031120175,0.04117126,0.10525097,0.093214944,0.016304586
0.07519028,0.16040105,0.24318203,0.5335003,1.0,0.28195453,0.11135459,0.15125349,0.15361193,0.14171343,0.054920953,0.03354292
0.26492712,0.5443674,1.0,0.58197904,0.71205556,0.50901103,0.23001833,0.12901433,0.073239185,0.046263125,0.07931431,0.13785058
0.42981023,0.8905732,1.0,0.3415863,0.3437576,0.44067618,0.15288731,0.068126574,0.075301215,0.14571097,0.2817732,0.18292512
1.0,0.91363406,0.76374346,0.5113075,0.30809906,0.31169757,0.19692165,0.1807854,0.26203886,0.5090852,0.53063667,0.57756037
1.0,0.7593003,0.5346636,0.4063979,0.2818952,0.27620938,0.2471395,0.29935482,0.4279321,0.61606294,0.64287794,0.99036425
0.21341467,0.13421233,0.122708514,0.09546749,0.12360492,0.19294073,0.21761633,0.3265519,0.47873226,0.798919,1.0,0.52140754
0.26030204,0.017949738,0.010259864,0.017343221,0.016096769,0.046108626,0.041792694,0.021814425,0.04006735,0.12548438,0.61804086,1.0
0.5753991,0.09154393,0.006770283,0.011559353,0.0056863436,0.009370214,0.013907745,0.0039385296,0.0028261573,0.01326816,0.25375664,1.0
1.0,0.48809272,0.043184403,0.007699015,0.0055032833,0.0028058416,0.0039172787,0.0029163987,0.005364077,0.005177183,0.13531572,0.8321065
0.46790308,1.0,0.1856448,0.005877254,0.0036472278,0.006719405,0.0015916982,0.0049033808,0.027898168,0.010321881,0.018451203,0.098290466
0.9629881,1.0,0.23989676,0.025824865,0.028127598,0.030101273,0.0484619,0.06677487,0.06936497,0.04353776,0.21284533,0.6184825
0.32926914,0.07748628,0.03562366,0.015225241,0.016648736,0.08474766,0.092449404,0.026178569,0.0071261986,0.08697226,0.6682587,1.0
0.08207655,0.014049965,0.009081025,0.0057826424,0.021804847,0.17372657,0.07099798,0.0050665173,0.005581584,0.15543619,1.0,0.6748886
0.1178525,0.010506898,0.006810224,0.006849002,0.025651552,0.17084217,0.0893127,0.0074013495,0.006657197,0.1446368,1.0,0.8267678
0.5464525,0.07458489,0.0053157182,0.006708464,0.0076703345,0.023944693,0.05881951,0.02941728,0.003325615,0.02135246,0.31582332,1.0
1.0,0.36609674,0.03627088,0.005878637,0.0074130744,0.003827719,0.016163452,0.041365676,0.010634094,0.0025565748,0.05926061,0.55213827
0.65752,1.0,0.23098312,0.01211549,0.008467881,0.004514421,0.0036289254,0.045641053,0.07470736,0.00865499,0.016821235,0.14061575
0.3190996,1.0,0.3234513,0.014632431,0.004056037,0.004169582,0.0036479793,0.057470284,0.16066706,0.020131623,0.010602779,0.027724322
1.0,0.91971964,0.19640346,0.016653305,0.019295305,0.076805644,0.17086019,0.2107481,0.15785939,0.037880674,0.2816853,0.77191556
0.17899396,0.051966373,0.007762452,0.0071279877,0.06899278,0.33965212,0.18778488,0.04224611,0.011399224,0.18594925,1.0,0.74828804
0.030558018,0.008437897,0.005224596,0.007494427,0.09365706,0.33518934,0.081863135,0.0060111247,0.009538866,0.2921469,1.0,0.26835957
0.4360444,0.1703031,0.13757801,0.11593738,0.08393563,0.24447487,0.2063956,0.093500845,0.035822675,0.26354176,1.0,0.7756421
1.0,0.87352294,0.67285746,0.45848572,0.09784802,0.2593665,0.45976728,0.35437846,0.17353444,0.06294289,0.22449857,0.57727045
0.85589737,1.0,0.7179956,0.5380602,0.0952962,0.12804474,0.13104887,0.113358244,0.13903697,0.07741291,0.14930683,0.31535262
0.36537784,0.8142611,1.0,0.3756725,0.051937774,0.053767607,0.033281263,0.016355231,0.05795747,0.07849867,0.10317469,0.17493348
1.0,0.9506711,0.512773,0.21504928,0.1462014,0.13949515,0.11356471,0.12414641,0.11776056,0.21547744,0.25185558,0.3852558
1.0,0.529732,0.40997526,0.23194721,0.08310998,0.06592507,0.12928022,0.13769828,0.07447631,0.095346175,0.13799661,0.5310421
0.6050026,0.26743543,0.33348763,0.21049853,0.09564536,0.14689639,0.33447146,0.46553156,0.29216403,0.12541468,0.38415757,1.0
0.09878045,0.017946612,0.046532337,0.071420684,0.0759344,0.11873956,0.06900467,0.062860996,0.05279976,0.07350626,0.819786,1.0
0.08030119,0.036511328,0.048850793,0.04013539,0.03543388,0.046186432,0.010898861,0.0031415208,0.011847342,0.15148659,1.0,0.7790455
0.077709,0.07079897,0.06249482,0.018380929,0.015487892,0.025943719,0.011249133,0.0153420055,0.09088611,0.55601573,1.0,0.34026387
0.14980616,0.067270376,0.043104336,0.018941212,0.022534208,0.052707225,0.05788703,0.08336737,0.30924377,1.0,0.948865,0.24978055
0.0896469,0.044183202,0.058406267,0.028952908,0.0228216,0.038861733,0.034895383,0.02372593,0.12737451,0.8152781,1.0,0.39784396
0.010024461,0.0057837483,0.006967558,0.009572139,0.020379603,0.014934476,0.0076549063,0.011584655,0.17319272,1.0,0.7947266,0.0718817
0.05053869,0.042195458,0.038122185,0.03505658,0.056999445,0.06824548,0.04461522,0.026862495,0.2068969,1.0,0.7776018,0.14110515
0.40266314,0.054893024,0.059999008,0.072584964,0.05179337,0.084889576,0.09574392,0.029707579,0.028295416,0.055921074,0.3712941,1.0
0.5256567,0.10035459,0.084232666,0.12122137,0.12442984,0.21697415,0.19464499,0.014467094,0.0165477,0.014104558,0.2455458,1.0
0.20939213,0.082844205,0.13977283,0.18588716,0.24835281,1.0,0.72151357,0.038891375,0.022087254,0.02074387,0.22877178,0.39936712
0.059003834,0.06957689,0.123159826,0.13248883,0.20950581,1.0,0.41678995,0.03192321,0.01455351,0.033119034,0.121600136,0.049639374
0.12068588,0.25150958,0.32892954,0.24949424,0.38089183,1.0,0.15528525,0.038258653,0.018111553,0.1036431,0.20050606,0.0775438
0.12415855,0.32552835,1.0,0.4327951,0.2720992,0.73283744,0.19927229,0.038105514,0.016892591,0.08239163,0.2633344,0.13390602
0.23955555,0.15171653,1.0,0.8159974,0.34051886,0.7396407,0.5329196,0.08983582,0.014616395,0.021769226,0.1613693,0.26255834
1.0,0.17902997,0.17271098,0.5826886,0.6044909,0.18362856,0.23032597,0.12863664,0.015073313,0.0046960185,0.03623175,0.40264782
1.0,0.09541957,0.0059690727,0.028613806,0.09110883,0.012779338,0.005102882,0.02160672,0.00474783,0.0041125463,0.1091227,0.8666195
0.83045775,0.044454142,0.0015244188,0.004301351,0.009553785,0.006902008,0.037865613,0.037740096,0.0036202637,0.012308816,0.16780017,1.0
1.0,0.08161871,0.0031811162,0.0064122365,0.009203687,0.04963774,0.39248088,0.23759905,0.010005124,0.016920457,0.12678453,0.8560366
0.31640851,0.032863118,0.0073707793,0.007740909,0.0076374677,0.031783413,0.1561818,0.07518062,0.0033694804,0.038886134,0.48647335,1.0
0.12664528,0.006103235,0.011180533,0.010583058,0.007307207,0.014158132,0.005657706,0.0021374368,0.0015313829,0.06541858,0.7406503,1.0
0.42059937,0.04788965,0.011509418,0.008106399,0.003693473,0.008952124,0.0056961095,0.0016131406,0.00091528904,0.018762171,0.31702107,1.0
0.9131432,0.09249104,0.017836103,0.00893928,0.0040149717,0.009498339,0.006308214,0.0038646078,0.0011132816,0.0042721326,0.09224378,1.0
0.9866319,0.11519241,0.011697036,0.00571969,0.0049121464,0.0085303895,0.005227073,0.003886567,0.00058734935,0.0034502896,0.073125675,1.0
0.5241432,0.052887365,0.005017754,0.002505447,0.0027159443,0.005373613,0.0033975882,0.0025627862,0.0006312956,0.013450327,0.23986223,1.0
0.15176226,0.008477471,0.0029802893,0.0013798048,0.0042518764,0.010466042,0.002307995,0.0011382373,0.0043498552,0.11850945,0.9350604,1.0
0.031916626,0.0027250727,0.0026622154,0.0009236149,0.0024656202,0.005731155,0.00197506,0.0004311789,0.0057111243,0.19736658,1.0,0.5128718
0.087362885,0.0077320393,0.007459916,0.0038408737,0.0011709922,0.005874777,0.0076756277,0.0019654594,0.0053158617,0.14910226,1.0,0.7338967
0.34233525,0.017421883,0.0037598533,0.004261197,0.001029368,0.0045419442,0.010145357,0.0030951146,0.0012035021,0.017533893,0.38634273,1.0
0.5763604,0.034762576,0.001324033,0.0034022126,0.0014590312,0.0018068379,0.0071923123,0.0038306762,0.00022522037,0.0033858765,0.15926634,1.0
0.61199826,0.041186377,0.001806378,0.0043092743,0.0019171076,0.0009332355,0.008041248,0.0053033135,0.00036054023,0.0036059837,0.15389486,1.0
0.32631016,0.01957344,0.0045960825,0.0059013194,0.0034106097,0.016281575,0.016968383,0.0037931476,0.0030500195,0.050037477,0.4896608,1.0
0.05963433,0.008302948,0.009394597,0.0040294817,0.03228213,0.11084646,0.026092194,0.0024390372,0.02529688,0.39216977,1.0,0.5039627
0.04812453,0.019229978,0.012311552,0.00671093,0.07428984,0.14340341,0.015950037,0.0035285926,0.085385375,0.89305484,1.0,0.19824696
0.22595064,0.038489107,0.02822736,0.079858035,0.06806454,0.045169372,0.015525821,0.008544835,0.039059456,0.37149617,1.0,0.77731204
0.34899616,0.08396558,0.05033715,0.16459817,0.124584764,0.071417905,0.050263315,0.04163544,0.092626736,0.3270951,0.94794416,1.0
0.12942228,0.08352541,0.044828266,0.058337513,0.046842232,0.038415965,0.041958712,0.059102178,0.41195118,1.0,0.43684968,0.26144773
0.29705733,0.16324529,0.031506106,0.036550608,0.033707254,0.06508395,0.049619313,0.046319846,0.28462064,1.0,0.9408279,0.41264993
1.0,0.5010087,0.09815604,0.03194353,0.019786777,0.022901017,0.019159008,0.014397985,0.017090598,0.05526421,0.15337658,0.43534514
1.0,0.7867413,0.16027535,0.054425042,0.019257447,0.0109820245,0.0034263774,0.0051329485,0.0050839437,0.0032434314,0.014671134,0.14990042
0.50522345,1.0,0.3178424,0.17516127,0.040339608,0.03167465,0.0054598977,0.003751,0.015311447,0.0051019765,0.019602085,0.074326724
0.5030255,1.0,0.5680383,0.31784198,0.08899745,0.08263557,0.021023123,0.009909958,0.041141883,0.017985102,0.03982017,0.13572784
1.0,0.48293084,0.18864858,0.091440715,0.047351256,0.034755185,0.020376427,0.029716967,0.01766523,0.012320769,0.024133986,0.26598504
1.0,0.50641066,0.09445284,0.05088506,0.039401256,0.026603265,0.064014144,0.112186894,0.016915996,0.011990049,0.053114645,0.49808174
0.67577267,0.27939725,0.5247982,0.5793005,0.23185916,0.42853507,0.20662309,0.06674133,0.024704076,0.05855536,0.45495492,1.0
0.26354867,0.18340914,0.40706384,0.39279875,0.3597521,1.0,0.2346484,0.017838782,0.025706653,0.060550343,0.44743678,0.306844
0.14769976,0.20886865,0.2821537,0.2673728,0.38072208,1.0,0.18302014,0.034347396,0.045316152,0.057623208,0.2833797,0.07758754
0.16763371,0.31873226,0.3786286,0.34392297,0.6177234,1.0,0.37061548,0.060510676,0.06433329,0.049123146,0.30927566,0.15514652
0.10614108,0.21530299,0.2489003,0.2870045,1.0,0.7629812,0.46046093,0.051018093,0.034975547,0.032286566,0.18624395,0.24173519
0.1527444,0.28207913,0.26243937,0.4633715,1.0,0.8129941,0.48668566,0.08810624,0.041552387,0.084084295,0.29744083,0.52010405
0.27737772,0.3935345,0.28544044,0.6858445,0.84620506,0.77719563,0.38757277,0.13452604,0.12032005,0.33978096,1.0,0.99728805
0.38724005,0.13301224,0.09564335,0.08640877,0.17955334,0.5130126,1.0,0.14441134,0.022807196,0.03081512,0.16173725,0.5200731
0.8368575,0.18869059,0.10300949,0.058319874,0.0966362,0.34504417,1.0,0.33882034,0.0339925,0.018681949,0.07116445,0.6492457
0.65530175,0.15941666,0.119317904,0.08331944,0.22093126,1.0,0.8461806,0.5347479,0.06893021,0.023988515,0.032654166,0.34239158
0.28011453,0.12823416,0.11232064,0.08938365,0.31536096,1.0,0.6247772,0.44960722,0.15512721,0.019427285,0.019799368,0.05569624
0.29764286,0.3095958,0.24454127,0.20510128,0.83382714,1.0,0.6449973,0.5515034,0.45907205,0.0382019,0.021354932,0.02200054
0.23685005,0.6922703,0.40664834,0.37576166,1.0,0.9750368,0.37583187,0.5097845,0.98897743,0.12086807,0.01784484,0.016186712
0.20028502,0.35506105,0.20222402,0.22496524,0.63492644,0.26209632,0.13581486,1.0,0.9949418,0.07651598,0.010469249,0.01888074
0.12497727,0.047916938,0.06415418,0.17804462,0.6058279,0.0759132,0.13340628,1.0,0.31323427,0.009934182,0.0044726576,0.023933817
0.20174116,0.018938728,0.028743634,0.5291464,0.80551755,0.041072134,0.29710215,1.0,0.11834002,0.0027942788,0.0036552278,0.09818273
0.39763656,0.01592664,0.034260627,1.0,0.8157971,0.029036999,0.63376135,0.9650332,0.046782292,0.003460877,0.009164512,0.33126768
0.5510753,0.024059623,0.056819946,0.79207325,0.42660016,0.041019917,1.0,0.93285996,0.029992286,0.004060958,0.03457333,0.7531385
0.36004078,0.09845143,0.58146065,0.5757591,0.11030513,0.13291833,1.0,0.5042712,0.016683746,0.013017563,0.15579827,0.87894255
0.048329633,0.32467106,1.0,0.21604374,0.034988742,0.12759052,0.15672937,0.06049774,0.007345996,0.029330328,0.16298898,0.15586473
0.031390246,0.52050126,1.0,0.080262445,0.033872664,0.0986341,0.027781976,0.009373825,0.006106505,0.03849442,0.11866017,0.047860343
0.11373186,0.45225236,1.0,0.12625864,0.056220364,0.12372293,0.08327929,0.030894646,0.010598196,0.03149188,0.12146488,0.1471604
0.40266582,0.45667553,0.8902982,1.0,0.78962255,0.604298,0.6526956,0.7990944,0.28514767,0.040401902,0.12969969,0.3201828
0.73413265,0.6096068,0.703221,0.6397286,0.908037,0.916017,0.78612775,1.0,0.30329284,0.1577459,0.33578447,0.48834714
0.52846104,0.46926185,0.23869,0.21308158,0.31780726,0.30093426,0.8060279,1.0,0.27514425,0.48257357,0.49032414,0.21143377
0.22508346,0.1828489,0.10348936,0.16522698,0.28500873,0.1278261,0.620218,1.0,0.20065758,0.25093773,0.21954784,0.1261778
0.47037122,0.2892545,0.18977831,0.23488718,0.41500333,0.32322502,0.6575435,1.0,0.2213706,0.21002138,0.16463974,0.29465774
0.52122116,0.29423463,0.43613255,0.30052534,0.2673601,0.3176008,0.67920035,1.0,0.2403458,0.15724057,0.10303474,0.35669965
0.15893923,0.09183073,0.13364998,0.09544975,0.07316321,0.053701088,0.2750556,1.0,0.31318945,0.04669002,0.046390753,0.142601
0.15987416,0.09418181,0.090766475,0.10612608,0.15966643,0.059225384,0.24714352,1.0,0.30724734,0.049932964,0.07577798,0.15586835
0.23627882,0.26824936,0.39313293,0.23745327,0.38695392,0.21089813,0.5459543,1.0,0.27242306,0.118821315,0.22537169,0.25276837
0.39111868,0.4205039,0.3224123,0.23309577,0.27710548,0.29743388,0.69008154,1.0,0.18538207,0.13788784,0.27535462,0.4399803
0.67453986,0.63040113,0.38105014,0.48667625,0.5548997,0.617734,0.5777234,1.0,0.4882798,0.3670285,0.5053293,0.6607079
0.7022685,0.6175713,0.42459965,0.5267636,0.6709801,0.75348246,0.66798896,0.6844004,0.5185166,0.67380935,1.0,0.64747983
0.69066644,0.79047203,0.5920839,0.5893084,0.5522446,0.62379766,0.8065227,0.87993693,0.59459424,0.7853682,1.0,0.6905944
0.46251905,0.49780533,0.3386071,0.260616,0.16685091,0.19723256,0.4782401,1.0,0.3696347,0.41465214,0.64923745,0.50687516
0.5165194,0.4007127,0.55775934,0.31213832,0.16604704,0.20870344,0.61374706,1.0,0.62024695,0.54584605,0.8007584,0.7072371
0.44698158,0.50367683,0.5881024,0.3742481,0.3398833,0.35472584,0.57406265,1.0,0.6177235,0.51394314,0.4532377,0.49354795
0.34351242,0.37906334,0.32669193,0.34001315,0.42937294,0.3676324,0.46956152,1.0,0.37002984,0.29464096,0.3881372,0.39581722
0.3339876,0.23238674,0.15524983,0.2738316,0.5380071,0.2847466,0.4607841,1.0,0.36694843,0.39536747,0.47944468,0.38243046
0.7448097,0.39930066,0.25102916,0.32596415,0.6559183,0.44475624,0.35763237,0.41917157,0.27772075,0.5045252,0.81723136,1.0
1.0,0.6381159,0.2569727,0.12676884,0.14516445,0.21689814,0.31662053,0.45691055,0.3466132,0.28373834,0.36848798,0.4767886
1.0,0.9226493,0.32732937,0.13187256,0.0982069,0.13491482,0.31196493,0.37814146,0.3293967,0.16798529,0.09798261,0.21654308
0.41491565,0.5349051,0.6185042,1.0,0.50506437,0.4496777,0.61194587,0.30217057,0.1789161,0.15138105,0.123424895,0.17291683
0.06040465,0.10030105,0.23630422,1.0,0.6491798,0.20650744,0.4465068,0.3512931,0.26912102,0.22374889,0.05515308,0.037774943
0.08543746,0.1002753,0.1408614,0.94906116,1.0,0.19309808,0.32747003,0.50897455,0.48555008,0.37261605,0.10304191,0.060723953
0.17624582,0.1093576,0.123841986,1.0,0.91147965,0.12098015,0.17555502,0.36535537,0.42053965,0.24602686,0.12398725,0.14919882
0.34031665,0.15150549,0.13650405,1.0,0.99309224,0.11187831,0.12719193,0.32070318,0.29293588,0.15777355,0.06440565,0.14444657
0.8485357,0.35880435,0.3355519,0.6762269,1.0,0.22258389,0.25894633,0.7477483,0.47394022,0.27996692,0.09087743,0.25123647
1.0,0.48593962,0.54097605,0.80561155,0.82716423,0.31021687,0.46791577,0.93013954,0.6176688,0.2587591,0.12514435,0.32609904
0.45536044,0.34518862,0.66084594,1.0,0.39293313,0.21138147,0.38366506,0.45449933,0.33490947,0.1184379,0.081181586,0.1439869
0.27617612,0.55516595,0.65860456,1.0,0.2496252,0.19044192,0.3317974,0.25797892,0.18364683,0.1451137,0.080411345,0.08698137
0.22083884,1.0,0.8289634,0.543037,0.17648014,0.24427459,0.2803219,0.20359267,0.09749703,0.2895904,0.38016856,0.13005067
0.23799519,0.84120506,0.42315847,0.22946666,0.102419995,0.21809445,0.21285172,0.10353155,0.03359378,0.19230524,1.0,0.58988756
0.24694909,0.30964875,0.09329796,0.05786158,0.0874347,0.11079552,0.13813403,0.0520905,0.0178247,0.041714657,0.62132764,1.0
0.3480135,0.05504236,0.029705644,0.028350782,0.109435804,0.089030996,0.069371566,0.03438502,0.017374512,0.020357262,0.26749566,1.0
0.5656856,0.06358759,0.035502177,0.101223916,0.24135312,0.1914467,0.117790654,0.064856306,0.033939637,0.057248592,0.27287897,1.0
0.146715,0.123156756,0.28236905,1.0,0.522856,0.16643837,0.16751485,0.08490865,0.06275421,0.16837835,0.1882969,0.17923735
0.06986401,0.07554037,0.187293,1.0,0.9238662,0.25653452,0.11636943,0.098726965,0.07604076,0.19663164,0.3563882,0.15970401
0.03748688,0.013748353,0.012504923,0.22114752,1.0,0.586114,0.090402834,0.03144539,0.055036906,0.069962695,0.09400993,0.07756581
0.031989258,0.012933835,0.0060106204,0.14714175,1.0,0.6087512,0.04443745,0.031027887,0.06712005,0.10648661,0.061403405,0.05259854
0.029333409,0.015418154,0.021610463,0.28687823,1.0,0.39939418,0.028891783,0.045070417,0.07700938,0.11517083,0.069206566,0.06675093
0.028547274,0.012816,0.046085563,0.2742556,1.0,0.2986967,0.031104328,0.047127735,0.07254794,0.10265748,0.062395282,0.055589415
0.014507008,0.0044114543,0.0140113495,0.2517216,1.0,0.3756313,0.03116091,0.026746394,0.04621501,0.07947099,0.08872787,0.06643244
0.011108042,0.0031191527,0.017532691,0.38017607,1.0,0.23331791,0.020520262,0.017373022,0.030904645,0.030822486,0.07004753,0.09119301
0.010728432,0.0046899947,0.049278043,0.7279626,1.0,0.14865214,0.026897725,0.022122031,0.032090027,0.03943492,0.12536688,0.12927508
0.010354024,0.014223192,0.18458085,1.0,0.5791265,0.10362044,0.0359113,0.03599787,0.030939495,0.07766572,0.28723967,0.10952196
0.04181539,0.039250713,0.25136587,1.0,0.67212397,0.1535659,0.07348035,0.107200414,0.071568206,0.28391448,0.6012213,0.15642454
0.2614992,0.049888667,0.31058398,1.0,0.44312614,0.10698644,0.13556702,0.38500953,0.30720007,0.5140078,0.7922865,0.96184325
0.25048918,0.041789196,0.19629689,0.6988871,0.19851097,0.039062046,0.14126827,0.46970168,0.3230167,0.22302888,0.34440783,1.0
0.39313018,0.038695216,0.14791206,0.83301514,0.5202853,0.051549386,0.18438873,0.483195,0.44182768,0.27741262,0.24889836,1.0
0.47463602,0.02320217,0.10759737,1.0,0.79193884,0.05281311,0.33813477,0.40296268,0.4029934,0.64644426,0.27322227,0.8293176
0.22014953,0.053430706,0.34108764,1.0,0.51301736,0.050649002,0.30033687,0.23429546,0.2601148,0.6011682,0.21356776,0.4944439
0.08167227,0.25247645,1.0,0.571681,0.18388942,0.07495792,0.10550736,0.076981306,0.10687909,0.18526848,0.1101194,0.1538883
0.018016836,0.18763937,1.0,0.5059077,0.091262974,0.04475865,0.029049253,0.016789436,0.033360563,0.027406402,0.043923568,0.025514096
0.16660811,0.23536253,0.58678836,0.705973,1.0,0.7152146,0.5309571,0.2666485,0.16925257,0.07614883,0.09224946,0.11050505
0.19987722,0.15801674,0.14767596,0.26315063,1.0,0.59206146,0.34897438,0.166438,0.14194877,0.059555635,0.07211267,0.1349299
0.19056912,0.12364716,0.10523115,0.22435477,1.0,0.4543146,0.32649106,0.14325719,0.18189816,0.09446817,0.07957051,0.20353793
0.14315714,0.11615901,0.10401676,0.4715342,1.0,0.33485577,0.31756267,0.13408756,0.2335453,0.111914754,0.18858688,0.37163898
0.11286432,0.14809862,0.19652157,1.0,0.81188273,0.30886483,0.25827527,0.13375016,0.11472326,0.07066341,0.526876,0.5313865
0.118361935,0.12848724,0.22599989,0.5372468,0.50211936,0.518274,1.0,0.4330431,0.36115327,0.12182571,0.38527504,0.36390427
0.15624256,0.07954648,0.17308278,0.4171735,1.0,0.57038033,0.8367577,0.5456699,0.88089657,0.30277404,0.15352808,0.34662265
0.119836174,0.066092,0.15702184,0.47379035,1.0,0.46044824,0.11744866,0.23383245,0.8989236,0.30251923,0.044280984,0.13725363
0.06640154,0.059548605,0.16466063,0.6560202,1.0,0.41019133,0.10338453,0.11955552,0.43085906,0.12686421,0.033781976,0.08164343
0.0075191413,0.010522668,0.1879358,1.0,0.8083044,0.10167619,0.028284965,0.01572979,0.012671442,0.013877325,0.009564247,0.008915944
0.0025601743,0.003125974,0.15982008,1.0,0.4998813,0.025722062,0.011431338,0.0059007984,0.0058317487,0.008678789,0.007766487,0.0044414983
0.0022414913,0.003281382,0.16716334,1.0,0.4596437,0.024959521,0.010145063,0.0038602876,0.0049888394,0.009005173,0.008045732,0.005179061
0.003044164,0.0062840832,0.20081252,1.0,0.5427006,0.03688491,0.0123018585,0.005479456,0.0066856216,0.012228532,0.010615936,0.0069174273
0.7742143,0.12764099,0.13236257,0.4653,1.0,0.9522684,0.47551116,0.23818246,0.08191212,0.061447296,0.118113995,0.6905019
1.0,0.30510932,0.14322118,0.09885792,0.467747,0.62694687,0.3399844,0.2039534,0.072712466,0.077248685,0.21135817,0.8133413
1.0,0.5425511,0.3144057,0.24102785,0.72091633,0.3466293,0.24344827,0.15880857,0.06463867,0.07792734,0.23240359,0.87522316
0.23493445,0.123529844,0.121680945,0.3206269,1.0,0.2059597,0.072474755,0.043554947,0.026492463,0.033732846,0.13701569,0.3622291
0.076740995,0.046342604,0.06329929,0.30049294,1.0,0.1925302,0.0441762,0.027681863,0.02485608,0.04762548,0.14892256,0.24037099
0.06823129,0.049349856,0.09162908,0.54855263,1.0,0.18940212,0.0700705,0.059282772,0.088604786,0.20943283,0.26164556,0.2885729
0.053632353,0.06709754,0.23013163,1.0,0.8003207,0.14811024,0.07846167,0.11928657,0.2179337,0.38338858,0.16087475,0.13710867
0.079117626,0.14257711,0.4813548,1.0,0.57570064,0.20801838,0.11558612,0.16931355,0.21934515,0.21699935,0.0871499,0.10142973
0.1274503,0.14354286,0.5757038,1.0,0.35123548,0.17233858,0.09530899,0.06907291,0.05736153,0.06633153,0.06497357,0.09108045
0.030913504,0.044440065,0.48095763,1.0,0.30744496,0.08500119,0.052796714,0.056745753,0.049659282,0.043009773,0.03929592,0.043483637
0.019485243,0.023498643,0.14297085,0.72727585,1.0,0.26824638,0.11565143,0.057192236,0.039139383,0.036080424,0.05943443,0.051082954
0.0052682753,0.004480143,0.020861749,0.31338027,1.0,0.32948354,0.025639152,0.011956771,0.010094579,0.014668095,0.011280823,0.01785568
0.0050361846,0.0024749858,0.006819098,0.20380121,1.0,0.38823056,0.017930541,0.011147336,0.011057455,0.02547315,0.009730068,0.01655237
0.011155409,0.0071966765,0.0030916622,0.13272217,1.0,0.46407,0.02105909,0.022328425,0.019048775,0.11568399,0.044449702,0.029621523
0.021995066,0.0105387615,0.0041268575,0.13191009,1.0,0.45282683,0.018959023,0.02181352,0.03178328,0.24771643,0.106879845,0.05503947
0.0284389,0.008525405,0.0140359495,0.18570124,1.0,0.4370767,0.023404174,0.0140015865,0.03632882,0.20264426,0.10382255,0.072935596
0.02053097,0.014186942,0.108421445,0.80097204,1.0,0.27757818,0.046845663,0.023661295,0.04851096,0.15582299,0.067131616,0.07653816
0.005539121,0.0057230163,0.06530899,0.8783949,1.0,0.11177127,0.028397376,0.013854226,0.046952013,0.10143641,0.036887933,0.055016585
0.005043851,0.0029993462,0.059959628,0.9179644,1.0,0.08206607,0.023369523,0.009318818,0.044291843,0.066454485,0.0638322,0.07177739
0.005734214,0.0030624059,0.10559708,1.0,0.68583083,0.0400935,0.031863112,0.008072962,0.032528993,0.02582766,0.0992324,0.0641928
0.005707969,0.0031304124,0.1293126,1.0,0.5520361,0.029831298,0.03955342,0.008714588,0.0239538,0.019495964,0.13924186,0.07005123
0.0036917552,0.0027019428,0.11366389,1.0,0.6138993,0.03398504,0.036788296,0.010797585,0.023119634,0.016715514,0.11239785,0.065573476
0.0038155743,0.007936213,0.12188952,1.0,0.8787398,0.11561114,0.060596444,0.03258959,0.046253376,0.019566087,0.081681885,0.042802118
0.037406262,0.013870945,0.11270791,0.90555024,1.0,0.27099442,0.11472546,0.11846559,0.19209403,0.119746976,0.22758225,0.11023144
0.17466803,0.024454735,0.11603252,1.0,0.5136131,0.075068794,0.074258275,0.16142316,0.4113957,0.2616467,0.5352351,0.4022729
0.45504498,0.06598307,0.048037328,0.32643512,0.2554076,0.021083,0.013663474,0.03593132,0.103572555,0.11059534,0.3912119,1.0
0.56532115,0.17961167,0.13108799,0.27219427,0.56466633,0.11773833,0.01067884,0.015593478,0.027256584,0.07616245,0.2371808,1.0
0.17663711,0.06687596,0.10995859,0.2654962,1.0,0.41956255,0.045518044,0.023497967,0.049678925,0.071890555,0.11445892,0.25525093
0.15668023,0.02806895,0.05778439,0.34211156,1.0,0.5150178,0.07958392,0.103021085,0.24803485,0.34586293,0.3633403,0.28709683
0.26912084,0.053202655,0.15245074,0.71424687,0.9883649,0.5988829,0.07693148,0.10974773,0.2160021,0.48085275,0.77421784,1.0
0.33093557,0.08884723,0.27417228,0.92542547,0.6995263,0.39597902,0.060505204,0.05178546,0.07765337,0.20324712,0.5104268,1.0
0.18339957,0.07136382,0.22080868,1.0,0.60925835,0.15726492,0.032479063,0.04231334,0.060215425,0.19476934,0.59429723,0.59928703
0.08829136,0.042884037,0.10828518,1.0,0.85032326,0.105065055,0.04103834,0.22230558,0.20226774,0.278683,0.5710259,0.28900692
0.049504742,0.024582224,0.04183862,0.5434625,1.0,0.14658467,0.11759493,0.5900945,0.44830808,0.2715197,0.41741753,0.12456906
0.06260912,0.020865353,0.05422274,0.46458533,1.0,0.19806299,0.09578519,0.19932951,0.17125815,0.20037253,0.62589616,0.18687098
0.11634093,0.041951668,0.07992399,0.5194714,1.0,0.2345003,0.026654718,0.018274724,0.026499074,0.12624079,0.63542306,0.4353505
0.23097093,0.07438438,0.020692851,0.12223293,0.5939183,0.19253688,0.010067087,0.0105969785,0.013544961,0.08352094,0.556106,1.0
0.36637655,0.09659317,0.017539881,0.26526505,0.92008644,0.19265355,0.012014113,0.026046341,0.032447897,0.1420158,0.5919395,1.0
0.3576698,0.05149043,0.052361354,0.84395593,1.0,0.085608006,0.028875569,0.102960214,0.13050911,0.24146697,0.81010705,0.8582057
0.12242634,0.021529285,0.06550114,1.0,0.65759706,0.021949662,0.035894766,0.15402298,0.14099136,0.18237883,0.61460656,0.56365067
0.025728619,0.01302003,0.05314506,1.0,0.7310867,0.025368411,0.0284031,0.1411954,0.0800019,0.071593955,0.33662885,0.23840088
0.010833706,0.00549071,0.024151523,0.7316271,1.0,0.05085186,0.009851451,0.06305718,0.04060631,0.024550058,0.17810649,0.1776223
0.016308002,0.0042832233,0.008640741,0.37947235,1.0,0.10536421,0.0040035895,0.02734127,0.021154147,0.008035244,0.07801118,0.15852028
0.028679103,0.006738066,0.009566672,0.24213037,1.0,0.15335587,0.005214523,0.014381523,0.009992522,0.00791611,0.047926076,0.17412764
0.061469764,0.060985968,0.16416061,0.5874492,1.0,0.14231683,0.023049643,0.043741766,0.04620878,0.12611423,0.2259468,0.28983435
0.26196474,0.35203376,0.72569126,1.0,0.4617266,0.15342063,0.23750405,0.35397506,0.30527553,0.576158,0.5798037,0.31499785
0.60116816,0.53988725,0.6201544,0.6126625,0.35575387,0.60177547,1.0,0.8938442,0.47829676,0.5024984,0.5505977,0.488158
0.38141325,0.54686296,0.69505453,0.8096973,1.0,0.8998639,0.9381438,0.5304092,0.25733647,0.19385998,0.36896503,0.39518228
0.18656735,0.3171891,0.36160183,0.6958392,1.0,0.45640546,0.33404216,0.17188126,0.11670686,0.08235759,0.16230059,0.18809274
0.40033504,0.7759101,0.5519873,0.7814196,1.0,0.33329955,0.38611367,0.20281892,0.20020796,0.26502702,0.40754226,0.5064445
0.23111938,0.36796004,0.27776965,0.6572617,1.0,0.3455301,0.22577281,0.12073193,0.13583574,0.21583219,0.31316736,0.375564
0.08270783,0.10514001,0.12906823,0.5371673,1.0,0.1569441,0.07548412,0.08378335,0.08134543,0.12250148,0.13660839,0.11318667
0.10276748,0.12656172,0.2638492,0.5504209,1.0,0.19703756,0.07111379,0.06037489,0.15841146,0.33379042,0.2572598,0.21033311
0.06724813,0.06785759,0.16842736,0.6076012,1.0,0.15879706,0.044330742,0.044931784,0.06558127,0.13173059,0.11654003,0.17754257
0.121527195,0.10577513,0.28979394,1.0,0.9711784,0.24547505,0.06722113,0.074277185,0.094276145,0.14444196,0.20756963,0.3072823
0.17859684,0.14990856,0.4254872,1.0,0.7886341,0.21239758,0.05096989,0.079331346,0.075649865,0.16567923,0.36851782,0.31768128
0.30483338,0.17743659,0.320053,0.7794908,1.0,0.18158625,0.0745111,0.12637681,0.0699985,0.122698486,0.22202678,0.1949791
0.14301233,0.08061819,0.06001711,0.33928412,1.0,0.1378729,0.028561058,0.078661226,0.054264612,0.058078893,0.082215354,0.11894789
0.041184686,0.022804556,0.024863362,0.3273059,1.0,0.11528297,0.013914408,0.036064174,0.040908877,0.047317278,0.06731122,0.096062645
0.019645436,0.01028463,0.03147008,0.40890223,1.0,0.11248101,0.009910088,0.03688479,0.023609519,0.02944116,0.046827503,0.074355476
0.031487457,0.012991076,0.046844773,0.45445374,1.0,0.13245036,0.017624542,0.05028507,0.022457914,0.0438709,0.09201888,0.14734685
0.020676512,0.026949838,0.044929296,0.40407073,1.0,0.16395694,0.014333227,0.024709133,0.016433742,0.051642306,0.094017014,0.06383294
0.05523901,0.06215787,0.07291444,0.43328795,1.0,0.21306637,0.05192778,0.08460324,0.04491734,0.10814387,0.21349932,0.12500927
0.04161988,0.06009963,0.14943787,0.89306283,1.0,0.1172572,0.060596425,0.050417513,0.058118686,0.076084375,0.19146599,0.16635829
0.104025856,0.12712683,0.22062844,0.71809375,1.0,0.33497956,0.24053816,0.32529908,0.2998921,0.24293777,0.25758097,0.3872656
0.10639123,0.14190787,0.28417414,0.2211776,0.42960018,1.0,0.56962293,0.39215082,0.4195527,0.56072986,0.27494138,0.11205045
0.2670489,0.21399727,0.29441184,0.29035255,0.4710856,1.0,0.54518265,0.27346084,0.30961096,0.40022036,0.318598,0.24821484
0.17122966,0.2616877,0.31013477,0.38108882,1.0,0.80822074,0.27851343,0.16040204,0.17861998,0.17705749,0.119435646,0.1319901
0.07600515,0.06421693,0.06540252,0.21006943,1.0,0.9245921,0.09317762,0.03368505,0.07280121,0.08737779,0.037543867,0.02946673
0.041349396,0.024405913,0.026114041,0.12848577,1.0,0.7314994,0.0669625,0.05098391,0.030186888,0.032592244,0.020007333,0.026812637
0.04324484,0.040443085,0.0883287,0.25876713,1.0,0.61545736,0.097121015,0.14187911,0.090104885,0.044399377,0.036394846,0.07785493
0.074364886,0.044206295,0.10607045,0.31624982,1.0,0.56624234,0.20164767,0.20074362,0.2202913,0.12773567,0.077837095,0.13161331
0.031665366,0.019323278,0.025120853,0.10699949,1.0,0.91302973,0.12457589,0.17911524,0.142948,0.10229381,0.06512922,0.066198796
0.05941332,0.041423198,0.0626569,0.14537485,0.8983928,1.0,0.1421083,0.14479771,0.13201842,0.16015342,0.1529208,0.16358529
0.15976249,0.1497561,0.14955035,0.3348838,1.0,0.7225135,0.2626336,0.2017639,0.29339945,0.42487904,0.4170594,0.38843971
0.2906587,0.17306562,0.19682416,0.51052994,1.0,0.45719373,0.31914544,0.27887467,0.38340548,0.49650607,0.46766916,0.4559363
0.5801376,0.308466,0.3031205,0.5900118,1.0,0.51479924,0.40101504,0.4293553,0.48892522,0.9855791,0.6344425,0.7697496
0.3217071,0.20651327,0.17229436,0.3511398,0.5711641,0.31767365,0.41146684,0.41163492,0.36937454,1.0,0.43362665,0.37673098
0.3210118,0.2219679,0.17803165,0.2651103,0.44481668,0.3703613,0.41672748,0.33114538,0.32831106,1.0,0.46225318,0.30527192
0.42802224,0.353803,0.35924894,0.4508735,0.9076264,1.0,0.620706,0.32645845,0.34441808,0.8508914,0.6453246,0.43657833
0.31498647,0.28819734,0.23866947,0.36353618,1.0,0.98265684,0.46880767,0.3184174,0.37114725,0.6893502,0.5714352,0.290876
0.18467858,0.16920961,0.16324347,0.23924237,1.0,0.9136287,0.36096147,0.30780762,0.4560118,0.52207637,0.3036323,0.21185854
0.09102215,0.09822773,0.13221608,0.25249672,1.0,0.9383934,0.2160532,0.13223389,0.125127,0.14758304,0.1391652,0.13329639
0.13403982,0.08895046,0.096317336,0.33433637,1.0,0.66916883,0.14410809,0.083666556,0.07701414,0.09555746,0.09136628,0.0968877
0.18080318,0.14859092,0.16308904,0.4242847,1.0,0.4241865,0.25884244,0.17377067,0.1240198,0.13505857,0.11400072,0.13282305
0.5890393,0.5436345,0.42253318,0.24860401,0.5033679,0.8823629,1.0,0.8308517,0.6441392,0.4709391,0.4885938,0.4657181
0.99892086,1.0,0.25205693,0.14787328,0.2727248,0.46915543,0.32725152,0.2611175,0.3000563,0.3770619,0.626931,0.6987331
0.4812528,0.46002242,0.18489702,0.13971952,0.17473125,0.2372066,0.11915414,0.11484328,0.30793458,0.8553198,1.0,0.3701217
0.17860089,0.10835359,0.080303185,0.13305236,0.1938848,0.12307355,0.045830145,0.03408828,0.107790366,0.5017109,1.0,0.42327848
0.19121952,0.049039014,0.06302995,0.23402606,0.6659005,0.2890706,0.06967818,0.041159052,0.055716295,0.21863055,1.0,0.82204133
0.1295427,0.060588423,0.18192773,0.6180838,1.0,0.49463093,0.117536716,0.041534655,0.03462566,0.05181428,0.16631651,0.25797352
0.044685263,0.10290076,0.3799721,1.0,0.6074491,0.18986717,0.098706365,0.053864963,0.026414895,0.029355304,0.19532365,0.18305917
0.20285334,0.073610306,0.10292233,0.43028083,1.0,0.6595095,0.20619798,0.06542036,0.15906833,0.10512241,0.22857116,0.30558908
1.0,0.230599,0.055092137,0.090219885,0.5530556,0.42339474,0.11243734,0.04873959,0.13411129,0.0615631,0.055386357,0.7277705
1.0,0.2621157,0.23106466,0.21854356,0.9289136,0.5004166,0.041809488,0.033085227,0.10894459,0.031644702,0.055133343,0.85050905
0.16379115,0.081548765,0.22971022,0.40300512,0.9578701,1.0,0.10814282,0.023933023,0.053279467,0.033257727,0.03204181,0.19742343
0.04107703,0.0607142,0.056374148,0.15826477,0.33404043,1.0,0.3193453,0.028305478,0.01412484,0.017340334,0.013757813,0.02257744
0.10171222,0.12642346,0.024355924,0.0419973,0.19918652,1.0,0.40369162,0.07578147,0.03136685,0.038791977,0.08044342,0.05188465
0.15913679,0.16426322,0.080479726,0.28239852,0.9952046,1.0,0.24573281,0.21946232,0.24274383,0.3846194,0.64454406,0.21812509
0.031795375,0.05659212,0.21345477,0.78355813,1.0,0.42287794,0.107923135,0.13466038,0.28306386,0.22168897,0.2590506,0.083070196
0.03767121,0.07394036,0.27931315,0.7162792,1.0,0.5144204,0.13065132,0.1568485,0.5021819,0.15241079,0.05650064,0.05642378
0.031421103,0.02234739,0.04413485,0.11704713,0.47953275,1.0,0.5641572,0.12108555,0.19145261,0.12029162,0.01992255,0.014525943
0.009323172,0.014973909,0.01837247,0.013770042,0.04870347,0.43456987,1.0,0.35686108,0.039967295,0.023906508,0.015821634,0.007395245
0.005273018,0.011909728,0.01711515,0.010863342,0.019116336,0.116161056,0.6714366,1.0,0.22283073,0.013629349,0.011845806,0.010000872
0.009884142,0.009771791,0.020357896,0.01789268,0.013890312,0.021514524,0.1378865,1.0,0.5817483,0.028185278,0.006949343,0.009022859
0.019071182,0.017768934,0.030266786,0.03305493,0.045349993,0.05007435,0.11994073,1.0,0.7925233,0.04455649,0.008238948,0.01194179
0.023195723,0.020215917,0.057059217,0.33944032,0.9584959,1.0,0.5400447,0.38476864,0.16795613,0.033403274,0.024190698,0.03199041
0.009680414,0.01188974,0.1839864,0.92529804,1.0,0.42639843,0.11358606,0.017047547,0.010117007,0.031174194,0.058526315,0.025309728
0.013509381,0.020468388,0.36681223,1.0,0.30478883,0.04172222,0.009451173,0.004326424,0.0046741045,0.05439111,0.12113138,0.016132995
0.021124586,0.021155704,0.31171286,1.0,0.45503545,0.058236986,0.0063564144,0.004136062,0.025882358,0.07283256,0.20205536,0.05961311
0.010571745,0.0074718366,0.040530566,0.42512876,1.0,0.28938568,0.058329504,0.015292769,0.093300484,0.118799105,0.07958466,0.062373422
0.011565524,0.0071303956,0.016150106,0.2871631,1.0,0.34621775,0.09611561,0.06263265,0.23001646,0.23333177,0.069846466,0.052297667
0.026717974,0.04602144,0.18147153,0.6137859,1.0,0.32913744,0.08273393,0.16825676,0.5147526,0.4009615,0.16138737,0.0838074
0.05285474,0.17885618,1.0,0.86030465,0.44799733,0.23457228,0.08365117,0.1380336,0.3386439,0.3904758,0.18940546,0.074416146
0.3050242,0.12779652,0.49672425,0.8523892,1.0,0.63938254,0.14578815,0.05926316,0.19573043,0.34213495,0.12011417,0.21343414
0.21343917,0.066943474,0.02936523,0.073475406,0.5855212,1.0,0.3189848,0.023568207,0.026807567,0.07002669,0.028734261,0.093800105
0.18513523,0.16257638,0.021497734,0.029993027,0.18776402,0.98465574,1.0,0.15232734,0.012185997,0.0477819,0.026385253,0.036982376
0.045625653,0.119372375,0.023688955,0.008073236,0.019535255,0.2826622,1.0,0.3651124,0.014474201,0.009186134,0.013098962,0.006265205
0.00966172,0.06802845,0.051144715,0.00795273,0.012306088,0.08251327,0.7974486,1.0,0.21218206,0.03859268,0.013752615,0.0067248046
0.006892828,0.018013611,0.038183883,0.011854791,0.00854098,0.021798952,0.28129512,1.0,0.94634473,0.70319426,0.1287674,0.018936701
0.0058526075,0.01006065,0.011365692,0.012965006,0.024649952,0.074480675,0.1933253,0.6585516,1.0,0.6761765,0.09734581,0.011554564
0.024091458,0.076942876,0.105758585,0.091230646,0.12916754,0.34277645,0.6991881,1.0,0.6880898,0.16860873,0.023956057,0.0119166635
0.28347048,0.74428636,1.0,0.41107985,0.46856478,0.78237396,0.81715,0.4655403,0.30034184,0.17946634,0.22925405,0.17538314
0.76530695,0.713815,0.8664077,1.0,0.8599445,0.572691,0.1837363,0.1799788,0.66008794,0.41306868,0.3634502,0.3658575
0.48806876,0.20125255,0.20642042,0.48734713,1.0,0.46264124,0.070792384,0.06016583,0.50671744,0.76733947,0.26746303,0.29131317
0.40781167,0.11681763,0.1224,0.16097534,1.0,0.8932962,0.107484125,0.018253649,0.24808906,0.7552194,0.21327212,0.28252068
0.3592254,0.10337779,0.10928465,0.12280471,0.9123228,1.0,0.11443716,0.01597456,0.13884157,0.4899417,0.17101218,0.2581623
0.28366664,0.12956908,0.13619313,0.17614219,1.0,0.73099524,0.11414589,0.021037819,0.12371723,0.42799422,0.2292179,0.31324694
0.46182996,0.17123593,0.18477218,0.21459287,1.0,0.7002213,0.13052265,0.040049985,0.10115808,0.31926978,0.2298481,0.42986873
0.65311015,0.25778827,0.100197054,0.12714715,0.377071,1.0,0.40076694,0.04277448,0.038053017,0.16223024,0.07752574,0.1969836
0.2569334,0.29621643,0.029189758,0.04552963,0.0712932,0.7436929,1.0,0.12727062,0.015827829,0.0796474,0.039471306,0.021729263
0.033262048,0.104727685,0.025337553,0.017586183,0.030012071,0.22714889,1.0,0.4362194,0.041896094,0.024616042,0.018562052,0.007282453
0.004685856,0.026576895,0.02272461,0.009095492,0.013711471,0.04518686,0.69334203,1.0,0.15528798,0.026388202,0.010441536,0.0049482496
0.0031038674,0.0054232622,0.0069998866,0.0033503675,0.004047978,0.009255118,0.19203518,1.0,0.46585357,0.02772608,0.005009602,0.004481396
0.0022892454,0.0021684673,0.0024802752,0.0019764008,0.002211615,0.012288118,0.21040116,1.0,0.44265613,0.01981397,0.0027227744,0.0024116794
0.0012255671,0.0026294426,0.0028633443,0.003635257,0.0128496075,0.13467285,0.97420657,1.0,0.1429598,0.0058437632,0.0018677624,0.0010309853
0.0025199293,0.0065841614,0.017034834,0.08506634,0.17996289,0.52525735,1.0,0.31746733,0.014551807,0.0019021372,0.0012756565,0.00064910174
0.015130753,0.035070784,0.18372566,1.0,0.6862974,0.6429578,0.58238757,0.08344366,0.01419228,0.00558574,0.004769719,0.0022492176
0.008286995,0.024169847,0.10696581,0.5706013,1.0,0.8155584,0.22799097,0.02094877,0.008125972,0.00513915,0.002952666,0.0015046269
0.0014798444,0.0034481604,0.00956423,0.044018373,0.36895108,1.0,0.5782136,0.042326175,0.004230656,0.0018729949,0.0012554041,0.0011961532
0.0009563001,0.0018207813,0.0014302811,0.0050047645,0.029030286,0.44739217,1.0,0.208596,0.0060428735,0.0012187342,0.00048914854,0.000680395
0.00033019853,0.0015170305,0.0009761855,0.00069082744,0.0048908466,0.2043042,1.0,0.55918604,0.03639337,0.0019341261,0.00035287987,0.00025716747
0.00011818523,0.0006220134,0.0010574108,0.00032731812,0.001497835,0.030389452,0.3217963,1.0,0.2950243,0.0077156997,0.00017841138,0.00016376127
8.805367e-05,0.00013054491,0.00072312745,0.0004759434,0.00050282705,0.0017017942,0.10385756,1.0,0.5116608,0.012365489,7.9337784e-05,0.0001929954
7.151182e-05,6.8207824e-05,0.00070884684,0.0004916725,0.0005264819,0.0019080768,0.11009434,1.0,0.48154533,0.010773797,7.192168e-05,0.0002026813
6.488187e-05,0.00013615505,0.0006329622,0.00027070503,0.0006622988,0.0068812375,0.26019073,1.0,0.26146865,0.005466983,0.00026744854,0.00017062025
0.00017405972,0.0002238837,0.00042878336,0.0003726749,0.0017326322,0.018179165,0.4000473,1.0,0.17777875,0.0062253787,0.0011143375,0.00044819637
0.00016438302,0.0002001967,0.0008902681,0.0054653627,0.017143693,0.08723683,0.63086283,1.0,0.1690001,0.008869759,0.0009632683,0.00042697685
0.0015460933,0.0010850892,0.010003695,0.0760169,0.14616299,0.46081114,1.0,0.76510465,0.14692363,0.09487998,0.03714996,0.010636662
0.042395443,0.019042913,0.049319524,0.22313732,1.0,0.6752329,0.513153,0.5537131,0.7773118,0.7563238,0.85049736,0.31926617
0.08670765,0.09822731,0.12469697,0.15650043,0.8557219,1.0,0.33510876,0.25943565,0.5181025,0.3132747,0.24263884,0.10846408
0.6182554,0.2216206,0.22663069,0.2767837,0.5609611,0.91362894,0.6104734,0.35916242,0.25946605,0.3036329,0.7110867,1.0
0.19767578,0.11767412,0.040787674,0.03815266,0.028696451,0.07184077,0.12455915,0.17799735,0.10160815,0.34308562,1.0,0.7882593
0.32870293,0.46725127,0.3787638,0.34752846,0.86469233,1.0,0.92005366,0.8484633,0.61870706,0.4968216,0.4619695,0.50961334
0.13297649,0.020946788,0.03464574,0.05341774,0.5629707,1.0,0.5727239,0.34225357,0.45747834,0.25789866,0.056743164,0.14485031
0.17136179,0.01158832,0.025765488,0.03682226,0.6461413,1.0,0.1609864,0.08446034,0.519106,0.36868957,0.031951807,0.14782831
0.07699491,0.0056356313,0.017908918,0.06863179,1.0,0.9117,0.050864886,0.03520995,0.5076379,0.27213347,0.010518397,0.07926316
0.019218255,0.0027576701,0.010190086,0.118966065,1.0,0.49584737,0.019032426,0.039511234,0.3035066,0.07897642,0.0047523086,0.038552415
0.026613494,0.009358709,0.025172867,0.16573097,1.0,0.49138144,0.023032257,0.0364631,0.22517872,0.052920695,0.008270688,0.037388653
0.04916445,0.09241813,0.17862251,0.47900677,1.0,0.46057948,0.04041523,0.012067417,0.03984469,0.024390241,0.017441984,0.038340118
0.41236874,0.72740316,0.70776606,0.89384675,1.0,0.51944953,0.113945976,0.033112016,0.046504784,0.04410501,0.050763953,0.09827405
1.0,0.5881619,0.13709477,0.102093026,0.16824856,0.10340662,0.017995333,0.019187225,0.13193388,0.16560234,0.40320864,0.7021242
0.40826806,0.32559127,0.10894092,0.12779254,0.22712971,0.24665116,0.1329957,0.10524182,0.25788644,0.7595614,1.0,0.6389545
0.5874093,1.0,0.23149835,0.03383997,0.017360076,0.02379063,0.04623984,0.14402276,0.19674118,0.17166717,0.2632262,0.19360961
0.18142411,1.0,0.64231837,0.075599745,0.006889899,0.0069640935,0.008898926,0.02560594,0.04579231,0.03733805,0.06602933,0.057118222
0.07183809,0.9061002,1.0,0.1625747,0.019308912,0.017314332,0.046044894,0.014556874,0.017305152,0.02030589,0.021284217,0.01955237
0.0178751,0.3558863,1.0,0.36302653,0.040021632,0.04560482,0.4916433,0.23743518,0.010732821,0.036509246,0.01938309,0.0067460067
0.014262437,0.19332749,1.0,0.5220908,0.049139664,0.053171974,0.9079416,0.57840455,0.013544738,0.033384934,0.021716192,0.0052192546
0.10273707,0.7570858,1.0,0.2803183,0.029542478,0.03506191,0.32685766,0.18216857,0.0091018565,0.019261915,0.00859543,0.0050525395
0.37261713,1.0,0.33633226,0.035426132,0.010369469,0.01446879,0.017626282,0.010286032,0.015627883,0.0056779655,0.0015983538,0.02179081
0.9868851,1.0,0.19839138,0.016612172,0.012079062,0.009721092,0.015818525,0.05449494,0.03278585,0.0061450126,0.023779633,0.20692377
1.0,0.4794868,0.069699645,0.033888865,0.027171772,0.04177648,0.105814785,0.12667392,0.078546725,0.12389801,0.32599896,0.8020483
0.22684684,0.20623454,0.15949307,0.120332435,0.24132422,0.48139018,1.0,0.9800312,0.9542708,0.9145565,0.7336809,0.44827163
0.18219882,0.16907077,0.21355428,0.23074393,0.538518,1.0,0.99055403,0.5833316,0.31499478,0.17300875,0.14917657,0.20640287
0.20711175,0.21336941,0.34675837,0.96174145,1.0,0.6533666,0.29941702,0.10886105,0.11802892,0.12027351,0.4223703,0.3723228
0.100127704,0.1505217,0.15080939,0.5548596,0.5200968,0.120456085,0.070968606,0.085409075,0.051220596,0.1504988,1.0,0.77999496
0.24068795,0.18257785,0.10119782,0.19902879,0.33400095,0.24841043,0.24964488,0.22199377,0.26357532,0.21641004,0.7906602,1.0
0.07756842,0.072936036,0.045176838,0.015019195,0.026786128,0.122807525,0.40010795,1.0,0.81476533,0.11181033,0.08796314,0.12772782
0.0458647,0.027121393,0.0114389,0.006368974,0.013772207,0.035325997,0.10818006,0.72811174,1.0,0.3260549,0.10013558,0.05436001
0.40764365,0.46748737,0.14647037,0.04258429,0.13407627,0.43276435,0.45990634,0.5776547,1.0,0.8058249,0.6406874,0.49027383
1.0,0.8741153,0.30327496,0.14861754,0.41672105,0.6874206,0.8786964,0.27078924,0.16371939,0.15297396,0.23870742,0.5462475
1.0,0.5985881,0.1445215,0.2719132,0.4870739,0.67562735,0.7681299,0.29784992,0.22095518,0.13806692,0.09810268,0.34407005
0.7895416,0.5842313,0.24822018,0.50629807,0.43093854,0.6149143,1.0,0.81782556,0.51507986,0.59665656,0.75303465,0.65952814
0.10906554,0.12972367,0.080216676,0.05353917,0.07392947,0.06782198,0.08097662,0.10715531,0.2182778,0.9717694,1.0,0.24324104
0.25637123,0.26811072,0.21890388,0.15163966,0.20294851,0.16442676,0.1455868,0.08224219,0.23676676,1.0,0.9943634,0.32125124
1.0,0.57409436,0.25221285,0.13286132,0.13595468,0.22627927,0.17732763,0.051952615,0.0398498,0.12499591,0.42492267,0.9367044
1.0,0.7154389,0.12258921,0.03895317,0.049275678,0.13323882,0.09156831,0.015188852,0.014313184,0.027702918,0.07553039,0.36338833
0.81507844,1.0,0.16398357,0.032238204,0.032304745,0.07509361,0.057050772,0.011827949,0.011110445,0.020306185,0.048568342,0.13491112
0.6150477,1.0,0.16601294,0.023221875,0.021630574,0.0616708,0.0455037,0.011855267,0.009663539,0.014474351,0.03494852,0.08891271
1.0,0.95487463,0.11616875,0.026820205,0.035680376,0.090768754,0.07817832,0.017476985,0.020352801,0.0242953,0.044174917,0.16478384
1.0,0.6626081,0.046252772,0.02008094,0.033692103,0.10052753,0.13557357,0.03962433,0.033575524,0.0373123,0.03620607,0.14900354
1.0,0.6339229,0.032793403,0.010296243,0.021755155,0.09355479,0.098512776,0.078266196,0.05463752,0.022578388,0.015733728,0.1400024
1.0,0.60308063,0.028116005,0.005381756,0.0143277645,0.044361252,0.034581687,0.11050938,0.065176986,0.008141255,0.006087764,0.15123358
1.0,0.7929152,0.050138168,0.002566878,0.008924547,0.012905985,0.016353255,0.09175583,0.060149483,0.0031948779,0.00387493,0.11977106
1.0,0.9148863,0.06584241,0.0016610743,0.006241449,0.003906775,0.0061921487,0.061670933,0.048830517,0.0016350662,0.0032774631,0.10460959
1.0,0.82277805,0.05801824,0.0018859692,0.0066205496,0.0027125666,0.004539547,0.05425693,0.031271923,0.0015451926,0.0053614853,0.122095235
1.0,0.50642216,0.046453405,0.0067623286,0.009390686,0.0039559803,0.029397907,0.087285735,0.022013407,0.0038566843,0.029809825,0.26515535
1.0,0.15459093,0.03703229,0.02493291,0.01349882,0.011716674,0.1585136,0.17634748,0.018473493,0.008865838,0.12286125,0.9472491
0.9122383,0.13167801,0.057287708,0.032712568,0.013248956,0.01979722,0.17959827,0.14290597,0.0125623895,0.008342634,0.13339147,1.0
1.0,0.4462477,0.091912225,0.023244966,0.012913435,0.015434533,0.05778523,0.05268667,0.008885497,0.005594803,0.060215566,0.38334274
0.7036946,1.0,0.16515596,0.019007634,0.008191376,0.012251672,0.009539097,0.006905563,0.0056135817,0.0033056869,0.017710641,0.08419867
0.32754746,1.0,0.23864214,0.016458306,0.0064827655,0.016571792,0.003999922,0.0023678672,0.0033765486,0.0021574893,0.0083339065,0.02365383
0.36478633,1.0,0.19811912,0.021991367,0.012359521,0.020027515,0.0028136678,0.0018469022,0.00301821,0.002573889,0.016741602,0.02841263
1.0,0.8152684,0.11191632,0.031747703,0.020935947,0.016472753,0.0058379215,0.0042357747,0.005302663,0.019665683,0.13127616,0.37161177
0.428161,0.1999551,0.09881352,0.047395803,0.023673007,0.017224083,0.011973982,0.006555909,0.018919695,0.14290911,0.6892013,1.0
0.40685228,0.5763265,0.772802,0.48313338,0.15283392,0.05625145,0.016670255,0.008895282,0.039421573,0.2686796,0.9562526,1.0
0.06416527,0.15980816,0.44317412,1.0,0.86544794,0.1812369,0.0064905128,0.00082494685,0.0034983193,0.012314442,0.03178654,0.05281581
0.0005580103,0.009558258,0.05059001,0.4499281,1.0,0.2364632,0.006080288,0.00010248769,0.000117331765,0.00022095925,0.0005949637,0.00048416803
0.047427543,0.106032796,0.28923696,0.83183974,1.0,0.24073124,0.008527064,0.0006468449,0.00071286503,0.003339061,0.014536584,0.031700864
0.29673526,0.50673896,0.89061993,1.0,0.47687483,0.1262274,0.021846572,0.004687917,0.007809838,0.070475355,0.41359484,0.5474974
0.17155844,0.1431396,0.24448478,0.15332273,0.10766167,0.037160166,0.02148155,0.006830868,0.010796344,0.13198914,1.0,0.86601716
0.2605083,0.20396365,0.10398699,0.07522109,0.06890937,0.02672615,0.023412408,0.008062988,0.010638966,0.085579164,0.8660652,1.0
0.40717,0.5828084,0.09121358,0.08857971,0.05489343,0.028131535,0.019238286,0.006611704,0.0118797785,0.044668023,0.538161,1.0
0.4294362,0.53952146,0.119171135,0.15435775,0.048088185,0.022130076,0.015298099,0.006329733,0.011416075,0.030931085,0.33690163,1.0
0.42857277,0.22802293,0.098232046,0.23258114,0.04967392,0.010361994,0.020486956,0.008168924,0.012973154,0.033140577,0.27071258,1.0
0.3173981,0.080043435,0.057602458,0.15242104,0.029425211,0.026445718,0.038469654,0.006868384,0.012855954,0.07149833,0.5452809,1.0
0.09810958,0.09066825,0.07637348,0.031487823,0.013568817,0.037288725,0.01927337,0.002734402,0.036128506,0.45773503,1.0,0.53834665
0.038103778,0.03841545,0.02164306,0.008970302,0.028661992,0.075756915,0.011372579,0.0032194084,0.0816392,0.9050233,1.0,0.16676286
0.04030907,0.0043058135,0.003534304,0.003936912,0.023188708,0.1593231,0.056748465,0.005539984,0.025534257,0.3691055,1.0,0.5176219
0.12842524,0.011065947,0.0071361354,0.004434192,0.017628612,0.24394347,0.18072252,0.019863605,0.020392533,0.1915458,1.0,0.97222805
0.21117207,0.029674834,0.012442165,0.0061692144,0.01439817,0.18281107,0.17229486,0.047226682,0.07706023,0.12782446,0.68531615,1.0
0.15925132,0.01994665,0.020537203,0.01971348,0.00993783,0.05285985,0.052255403,0.2536096,1.0,0.82797945,0.6681076,0.6863834
0.0067874007,0.0020564105,0.0023253153,0.0038523725,0.0016203277,0.0020849733,0.0051415754,0.043290675,0.37510848,1.0,0.5036428,0.06449041
0.0022818325,0.001389609,0.00047323087,0.00070081674,0.00077400514,0.00069995894,0.0019527696,0.02137445,0.316956,1.0,0.36885244,0.015286424
0.0022518565,0.0010059661,0.00037968476,0.0004981564,0.0018056091,0.0015453176,0.0012034029,0.017584521,0.28978798,1.0,0.4651433,0.024939995
0.019888304,0.0019406857,0.00065625465,0.00045774228,0.0020149436,0.007041262,0.0036646926,0.007495137,0.112060644,0.72621876,1.0,0.21792161
0.17541178,0.0073957033,0.0012069283,0.0010320692,0.0006625398,0.0100914985,0.010784471,0.0016731943,0.018058095,0.19112894,0.94667053,1.0
0.2327027,0.005029284,0.00039344296,0.0007507489,0.00017786362,0.0035098672,0.009896457,0.0014081914,0.00088419125,0.0141640995,0.40673745,1.0
0.20531878,0.0039612283,0.0006174067,0.00089014944,0.00011701922,0.0013691592,0.00593408,0.0010403757,0.0007005786,0.018449843,0.47173396,1.0
0.13413633,0.0031168268,0.0014124747,0.0010101836,0.00021254094,0.0013161397,0.0021349688,0.0005114481,0.0060733357,0.13098738,0.98586535,1.0
0.031486362,0.001736028,0.00090973923,0.00035236584,0.0011066111,0.0011131184,0.00039817387,0.0019027462,0.04530188,0.5097319,1.0,0.32795796
0.0037281092,0.0010960258,0.00044126288,0.00041694308,0.0026824635,0.0012641563,0.00018770323,0.0037170064,0.13616046,1.0,0.6955465,0.037657753
0.0026657023,0.00094621687,0.00047101648,0.00040378497,0.001703546,0.0009115853,0.0001786664,0.0042219763,0.13856812,1.0,0.8410288,0.07107159
0.049343467,0.0043570003,0.0010907686,0.0003808019,0.00037578732,0.0005283355,0.00030003508,0.0024902313,0.0500401,0.43562716,1.0,0.45433947
0.35166034,0.024180349,0.0008301153,0.00037803318,9.487801e-05,0.00020583563,0.00062261836,0.0008451975,0.005386421,0.045097336,0.46996906,1.0
0.69201213,0.055318497,0.0011180078,0.00049805874,0.00020571578,0.000102942664,0.000716949,0.00068497966,0.0006588446,0.0032822615,0.14069535,1.0
0.55210054,0.041398037,0.0012243175,0.00061682396,0.0002530908,0.00028740132,0.0012085217,0.0006051757,0.00037083967,0.00653231,0.19527511,1.0
0.2358526,0.01402022,0.00092578825,0.00059446954,0.0007031984,0.0032971168,0.0033744634,0.0008153447,0.008443538,0.11734557,0.74013627,1.0
0.03706266,0.0024101874,0.0010514734,0.0003593081,0.0033894924,0.0069713597,0.0019163908,0.00095568923,0.03898598,0.5514574,1.0,0.32177377
0.032218423,0.0030499734,0.0032248031,0.0014686857,0.007430416,0.0116926525,0.0016896182,0.0018289761,0.05292747,0.68261427,1.0,0.21593559
0.1982001,0.009780911,0.012362247,0.017250191,0.00607573,0.016373673,0.023899646,0.011447312,0.014268633,0.19237259,0.9329966,1.0
0.5464988,0.046935424,0.009092185,0.024181083,0.00931347,0.0060289484,0.027204486,0.019893622,0.0020989613,0.014333453,0.26172745,1.0
1.0,0.27523464,0.017575683,0.007824729,0.012472003,0.0018283688,0.008935848,0.018335618,0.0036239545,0.002892038,0.04614082,0.48249274
1.0,0.42958787,0.026629971,0.009052688,0.021072175,0.0033521834,0.0066911727,0.018032338,0.003441392,0.0012950778,0.019205643,0.25354785
1.0,0.31303245,0.04228323,0.04387349,0.033278685,0.02967596,0.057842072,0.037634805,0.009507027,0.03344468,0.23697028,0.88324225
0.20277125,0.08397348,0.091496445,0.041157614,0.058460444,0.17141806,0.094065934,0.016435118,0.03184041,0.3485824,1.0,0.6733898
0.032960117,0.07982982,0.10867896,0.019486234,0.12576886,0.23761342,0.05724654,0.015735472,0.053189937,0.5554788,1.0,0.20957425
1.0,0.65040463,0.21976174,0.044657007,0.046515964,0.13253593,0.13259445,0.106408894,0.050590746,0.17016965,0.54011106,0.77464855
0.907126,1.0,0.29321557,0.036934827,0.01077533,0.02439683,0.02319711,0.023107134,0.02016467,0.014750022,0.03866971,0.19491892
0.94799155,1.0,0.38832042,0.08171511,0.026728315,0.044026792,0.028239291,0.01341298,0.033731442,0.040778056,0.08205827,0.3010391
1.0,0.97317404,0.4483286,0.2650059,0.059064165,0.04670713,0.030340854,0.020560691,0.06688813,0.10845655,0.26502797,0.4027846
0.48673177,1.0,0.20844993,0.02919547,0.011252198,0.022747729,0.027544176,0.018864103,0.019157067,0.027627507,0.06167531,0.16336967
0.9779219,1.0,0.58549553,0.69833857,0.36160827,0.14733975,0.081327654,0.040041253,0.03955587,0.07468873,0.10409211,0.188876
0.1065061,0.09629709,0.15604901,1.0,0.9815161,0.20436884,0.017514525,0.003992449,0.0019374839,0.0051728827,0.02780702,0.023406034
0.006875376,0.00929992,0.041522097,0.5308747,1.0,0.25836372,0.011038836,0.0013529044,0.0011020241,0.0010064743,0.014848528,0.02926236
0.031680148,0.0047081485,0.018109573,0.23427561,1.0,0.37025458,0.011456275,0.0013303256,0.0038161688,0.001191211,0.02356999,0.15886086
0.072682455,0.0074098725,0.024824275,0.21355477,1.0,0.37722728,0.012251239,0.002405416,0.0073891114,0.0024239172,0.060441382,0.36879754
0.10777425,0.07996423,0.30426973,0.9326879,1.0,0.23669262,0.015539667,0.009115445,0.009034976,0.019507974,0.23512356,0.53181326
0.5911182,0.6891845,1.0,0.86573035,0.24350533,0.054279327,0.014676603,0.013640036,0.014995005,0.04136449,0.16503334,0.42878264
1.0,0.49771056,0.19743186,0.15414447,0.056779157,0.0090377005,0.0042343084,0.012306629,0.007799784,0.012997436,0.057142526,0.33690056
1.0,0.7371737,0.13469048,0.06302132,0.023384111,0.005595814,0.0018799517,0.0068957745,0.0053292466,0.009600064,0.04615761,0.18136343
0.4894941,1.0,0.23358284,0.040348172,0.008963984,0.007248743,0.00086722855,0.0021987576,0.0060745142,0.009093917,0.025759209,0.04879284
0.26232246,1.0,0.35365772,0.042021226,0.008672847,0.01023083,0.0013506076,0.001565028,0.007477499,0.014042818,0.023565099,0.03729795
0.39621976,1.0,0.29066953,0.059382144,0.015243026,0.014296404,0.0018122875,0.0041778777,0.010709883,0.016973892,0.04470175,0.07192335
1.0,0.7428277,0.14422512,0.082203425,0.03580352,0.016000122,0.007971769,0.013640514,0.012939198,0.04363492,0.17233466,0.45916688
0.55854684,0.20230958,0.056803834,0.101484336,0.066212855,0.028269846,0.017952003,0.010861527,0.016800564,0.14940697,0.85599166,1.0
0.27677372,0.0901117,0.033290505,0.06669617,0.08149689,0.037288684,0.01657669,0.006971627,0.015361915,0.16132261,1.0,0.8260006
0.9497628,0.37003267,0.060870312,0.06679963,0.0599841,0.028897507,0.0196585,0.018867394,0.01590222,0.07509816,0.4439856,1.0
0.68207693,1.0,0.2753617,0.054198045,0.026837511,0.02137801,0.0054789777,0.010290506,0.017885655,0.030540412,0.20825405,0.312357
0.20260933,1.0,0.55513877,0.06348479,0.016671797,0.02238366,0.0061815903,0.0023310215,0.019810691,0.022975724,0.08711277,0.15377171
0.2639941,1.0,0.46432248,0.061693177,0.020658428,0.02373814,0.005817963,0.00540463,0.02487125,0.02339517,0.076359496,0.11684716
1.0,0.9968444,0.19053462,0.050626554,0.038095392,0.022540089,0.010040681,0.028877305,0.029906265,0.13269083,0.3499338,0.32618818
0.8367603,0.25451422,0.046884716,0.0729146,0.032793883,0.013521428,0.035647918,0.03255409,0.04330705,0.33158097,0.5518722,1.0
0.16607113,0.032520577,0.034866214,0.054601606,0.016388085,0.028481351,0.056436814,0.015816402,0.07121555,0.14954421,0.5999358,1.0
0.476714,0.0793332,0.039212983,0.05417412,0.029931895,0.03326743,0.119069465,0.102681585,0.15831922,0.22918783,0.3817905,1.0
1.0,0.89499384,0.23437367,0.074179076,0.073170066,0.087215945,0.12880558,0.34714103,0.4200728,0.19785552,0.11990533,0.46822387
0.22173838,1.0,0.57852024,0.052202538,0.027759863,0.22556221,0.09602507,0.081026554,0.17017609,0.04416085,0.013949702,0.022922024
0.16107902,1.0,0.6826934,0.06001964,0.031681415,0.40337783,0.1496821,0.0049144477,0.024388498,0.018364364,0.0049820784,0.010523348
0.5469764,1.0,0.22229016,0.024039125,0.024151878,0.13878973,0.03930524,0.009840346,0.0117693795,0.0053743687,0.021822505,0.09123441
1.0,0.5147093,0.06491422,0.020829914,0.015899718,0.011658365,0.014866359,0.022503803,0.0077979565,0.008735151,0.12679382,0.6030456
0.42758888,0.10952463,0.0388357,0.036161933,0.007901247,0.012198273,0.027207427,0.010099215,0.0036659345,0.030069873,0.4320978,1.0
0.27825254,0.037666526,0.05474875,0.05509974,0.0076237577,0.01167152,0.021405295,0.0030609688,0.0038418423,0.033614337,0.50769526,1.0
0.8211275,0.8343281,1.0,0.3348029,0.14929968,0.08136897,0.08137507,0.03039666,0.030875022,0.043177146,0.22848931,0.76650834
0.06941482,0.23289432,1.0,0.47296137,0.30204546,0.09631551,0.057249613,0.013260758,0.011921866,0.024593972,0.022514356,0.0401167
0.056382798,0.1600469,1.0,0.8219726,0.9484409,0.18660578,0.09096421,0.017859971,0.02148134,0.03809705,0.023258505,0.06703094
0.06642989,0.18634956,0.341304,1.0,0.9257591,0.24348742,0.0777751,0.030570768,0.076471165,0.050239574,0.06993564,0.13917983
0.16205089,0.14892597,0.2866525,1.0,0.69752866,0.30331787,0.07906522,0.06387015,0.10629086,0.1110797,0.16684747,0.18486807
0.098316714,0.10572702,0.91272247,1.0,0.44363368,0.1592476,0.068575956,0.030746803,0.07315174,0.1005834,0.1851372,0.23135148
0.034050085,0.09366889,1.0,0.5255386,0.18070053,0.06493195,0.044199836,0.022523567,0.111102976,0.058227126,0.14413203,0.14825772
0.11242252,0.17515163,1.0,0.61059153,0.19973625,0.088470854,0.101123005,0.12703256,0.24289311,0.33643836,0.2471015,0.2303239
0.18933018,0.34362552,1.0,0.83075655,0.22801447,0.20197909,0.103086695,0.21832682,0.24222769,0.23216681,0.46051404,0.4639113
0.43026426,1.0,0.65635777,0.6780581,0.35104483,0.578471,0.20099905,0.20652202,0.41276574,0.10907991,0.2988982,0.9648351
0.9499213,1.0,0.18183315,0.1383684,0.33352083,0.2849345,0.07744416,0.70773447,0.6206521,0.03397805,0.077821665,0.2021423
0.77028954,0.98861235,0.11366212,0.055572756,0.3028395,0.42252898,0.09689511,0.88198066,1.0,0.05704744,0.018774465,0.03729143
0.174479,0.6465404,0.3369243,0.1282425,0.19015473,1.0,0.9848218,0.59298694,0.6465866,0.11834653,0.018032338,0.02363535
0.023807425,0.11659063,0.30144027,0.36850274,0.31577584,0.47746998,1.0,0.6394489,0.17189519,0.084882654,0.02076476,0.016739639
0.09795267,0.111338235,0.44977793,0.81339806,1.0,0.85590523,0.66906035,0.7845041,0.41673607,0.27922648,0.04865144,0.051665533
0.49198866,0.4265825,0.673965,1.0,0.5934648,0.860492,0.63215053,0.54539764,0.8087687,0.7036771,0.18973126,0.3698605
0.18497418,0.06526749,0.04093791,0.059262127,0.06998904,0.08650404,0.103949115,0.04076267,0.5375862,0.6742139,0.7004778,1.0
0.07051336,0.004687426,0.0067338673,0.017096909,0.03075256,0.02821794,0.019063538,0.0142487185,0.089405224,0.1175773,0.8601219,1.0
0.060291726,0.0018699974,0.003088757,0.012277212,0.023567475,0.02737818,0.022674784,0.009080661,0.024516301,0.04449019,0.8829053,1.0
0.032471642,0.0029421148,0.007089579,0.009419515,0.013823255,0.036525566,0.04638443,0.006503919,0.029949257,0.12057226,1.0,0.752888
0.018946553,0.0050292537,0.010572881,0.007837869,0.0065361313,0.041575305,0.049595002,0.013175339,0.06820383,0.3170482,1.0,0.42925787
0.7689951,0.29484123,0.14387551,0.11256078,0.03608651,0.46644744,0.7083954,0.073032595,0.15496838,0.24434206,0.5505303,1.0
0.32622495,0.15891731,0.13471057,0.09967647,0.043757144,0.90970373,1.0,0.048412967,0.0806275,0.055875722,0.15824012,0.48245257
0.007978239,0.0065138354,0.023358744,0.011559381,0.05356112,1.0,0.668587,0.01610108,0.012613205,0.0073225726,0.050014567,0.0398207
0.00089508214,0.0016244341,0.009047902,0.0022448127,0.057911307,1.0,0.5479991,0.01041611,0.0034803606,0.0027133075,0.02138277,0.006596856
0.00090472423,0.0026052077,0.024250189,0.009152826,0.068308294,1.0,0.4353357,0.008110426,0.005121468,0.003408986,0.028359871,0.011377542
0.0018365211,0.0036309098,0.07997657,0.05272043,0.04902167,1.0,0.8265697,0.026107948,0.0095763365,0.0049242573,0.048386417,0.044449273
0.0023934662,0.008118181,0.16621883,0.10041797,0.021322655,0.76538724,1.0,0.0381373,0.01079677,0.0059625017,0.06431999,0.06646025
0.0021265831,0.059936065,0.38181403,0.09444159,0.06838877,1.0,0.6781782,0.023472745,0.013490106,0.01659325,0.14290836,0.06341864
0.004002652,0.25079435,0.60402536,0.043371905,0.17908877,1.0,0.18824297,0.008166313,0.010871726,0.04716183,0.20493326,0.02856195
0.015519794,0.7090647,0.9218183,0.040609334,0.31373644,1.0,0.11358464,0.008582756,0.00897732,0.10713161,0.30405444,0.02787521
0.062948056,0.55381304,1.0,0.14698254,0.23407845,0.87434095,0.28612337,0.06499092,0.012679665,0.078274496,0.34105065,0.15115727
0.8635129,0.45305234,0.8373229,0.44028544,0.3611424,1.0,0.96041864,0.94147396,0.24509245,0.036166117,0.2956232,0.4964629
1.0,0.6860123,0.27897775,0.24239014,0.3077446,0.1808314,0.10901467,0.86264366,0.52292544,0.021905418,0.081592746,0.08608805
0.89480376,0.45078462,0.30227205,0.2200565,0.25581378,0.117019795,0.31443688,1.0,0.3651817,0.03831355,0.09036919,0.21316984
0.25106186,0.07823099,0.119763605,0.11383356,0.06315322,0.26489696,1.0,0.5205449,0.053500123,0.031570483,0.10569232,0.37345147
0.042585406,0.02377163,0.05921759,0.049895503,0.031268064,0.7567685,1.0,0.10518421,0.013844048,0.01768394,0.250955,0.2995074
0.041340142,0.017149685,0.049277913,0.03585004,0.02920773,0.8408027,1.0,0.059472688,0.007030359,0.0127658015,0.30498,0.34741426
0.03158092,0.0065420964,0.01902136,0.045809697,0.0064095156,0.2506301,1.0,0.12905318,0.001864165,0.0033853617,0.07371679,0.2211751
0.020799354,0.0036956116,0.020876596,0.05933421,0.006348318,0.21764329,1.0,0.14279085,0.0018197674,0.0023157396,0.02179693,0.10912965
0.018080475,0.0055367374,0.05286842,0.083662964,0.011936779,0.35026628,1.0,0.11940794,0.002154664,0.0027058818,0.029641492,0.09288107
0.09796473,0.063680515,0.29471248,0.24346595,0.08139826,0.66039246,1.0,0.13297778,0.011892346,0.015511115,0.11820468,0.26744157
0.19976537,0.21125819,0.20810626,0.13738844,0.08106389,0.44109455,1.0,0.15134725,0.035240628,0.0340254,0.13023245,0.22156875
0.21926919,0.11576586,0.1998251,0.12604871,0.06887102,0.6495102,1.0,0.14059244,0.016209228,0.02381031,0.08530777,0.15406339
0.44643745,0.2682577,0.82152694,0.7131954,0.27718708,1.0,0.904406,0.47694978,0.19113928,0.17408966,0.20410717,0.39366028
0.3131036,0.23714311,0.33017394,0.21788426,0.15681522,0.89143157,1.0,0.3572092,0.2775811,0.20403206,0.21621189,0.31753245
0.5988058,0.5326814,0.62571174,0.43229073,0.38875479,0.8010725,0.92917794,0.37600875,0.47142404,0.7254831,0.9486182,1.0
0.4006845,0.38588566,0.6475742,0.64420974,0.5205158,0.5194812,0.82314384,0.6403092,0.5921256,0.8210172,1.0,0.71992
0.36461225,0.26058382,0.41633117,0.483241,0.37536663,0.5262232,1.0,0.62833273,0.47062305,0.532069,0.45408145,0.47769248
0.5233663,0.4103294,0.4941986,0.4527024,0.4240388,0.68007016,1.0,0.85275096,0.61518276,0.54905677,0.5844777,0.8431586
0.7223473,0.6000555,0.49892044,0.4066547,0.4170908,0.66088825,1.0,0.63390744,0.68978465,0.5563788,0.505769,0.7851346
0.54210764,0.39773032,0.28626466,0.25935453,0.33911377,0.9157169,1.0,0.4147111,0.3383569,0.2634082,0.31400272,0.38378036
0.1349092,0.107956186,0.073146544,0.09918959,0.15556806,0.6964569,1.0,0.21166462,0.18643588,0.13886894,0.10185578,0.16286722
0.1317973,0.13576332,0.10172128,0.090825915,0.10011997,0.4954763,1.0,0.22495563,0.34534928,0.21500218,0.25138587,0.26549435
0.32289442,0.41044047,0.3363491,0.17688493,0.18501557,0.7168945,1.0,0.41681424,0.78608584,0.4695485,0.69583946,0.5944476
0.40745348,0.53808844,0.501512,0.29131845,0.33790284,1.0,0.8529984,0.6646143,0.8226163,0.6560009,0.8797157,0.73405933
0.2320045,0.266302,0.3204378,0.22628635,0.339758,0.78535324,1.0,0.46479064,0.43508968,0.4385232,0.4044421,0.27298057
0.16420232,0.16216934,0.25729507,0.24515909,0.30413005,0.5453651,1.0,0.43602306,0.52831775,0.81134194,0.4629346,0.19654886
0.08241057,0.08424419,0.19475985,0.1785866,0.24715364,0.62936884,1.0,0.41209036,0.47645587,0.5548298,0.2432874,0.13814314
0.09025032,0.07293244,0.15554307,0.15548041,0.44285038,1.0,0.9871142,0.28450662,0.13715278,0.113420665,0.16711767,0.15046442
0.21464467,0.12630634,0.29409218,0.20515326,0.42460236,1.0,0.8012813,0.20389321,0.07650182,0.06922985,0.3323122,0.44845808
0.21400855,0.1145467,0.17312856,0.15388116,0.24833345,1.0,0.8262425,0.13141477,0.052646663,0.06064372,0.53412443,0.7550932
0.0941557,0.072789006,0.051735852,0.06836036,0.15774077,1.0,0.84331995,0.055176392,0.02029875,0.02721906,0.16980423,0.25166473
0.14446303,0.17099227,0.24451604,0.26920205,0.28983873,0.7327551,1.0,0.18396758,0.043258548,0.042166848,0.09040244,0.14941096
0.018167483,0.08407062,0.3885699,1.0,0.9152083,0.25592828,0.035937436,0.009064853,0.00236601,0.0019745063,0.0029257904,0.0056158355
0.003120326,0.011158434,0.066686355,0.32914177,1.0,0.7425338,0.12511885,0.0040323823,0.0004975394,0.0004273919,0.00058567885,0.0018069113
0.0014702203,0.00063886493,0.0035790927,0.03782658,0.5293454,1.0,0.19613543,0.0035958826,0.00034457658,0.00032301657,0.00037963217,0.00085351855
0.0018862322,0.00041024823,0.00034418658,0.009118188,0.38486496,1.0,0.18499258,0.002939871,0.00061040075,0.00079150096,0.000846047,0.0011042318
0.002795797,0.0006666876,0.0019241946,0.06983541,0.8552533,1.0,0.1092974,0.0023741205,0.0015244804,0.0021643178,0.0016962396,0.0034100888
0.0019934447,0.00094129075,0.02007138,0.33401585,1.0,0.3672519,0.017340638,0.0011172201,0.0016266865,0.0030857322,0.0024101387,0.0053206575
0.0019401436,0.0053007198,0.17555986,1.0,0.684873,0.08571926,0.0038078844,0.0013029661,0.0021244523,0.005528786,0.0051799826,0.007302523
0.0020001319,0.009018126,0.3165509,1.0,0.23326246,0.015643662,0.002480655,0.001634127,0.0021137549,0.006787111,0.0069413316,0.010066307
0.004591285,0.0056670206,0.15295018,1.0,0.64043874,0.04888695,0.003183675,0.0024196785,0.002874159,0.008306943,0.0063748066,0.012176278
0.0056245443,0.002086735,0.042090677,0.79130965,1.0,0.08390895,0.0036755193,0.0031532706,0.0027256545,0.0092346305,0.006553428,0.010109664
0.004124901,0.0017176501,0.022207782,0.56443095,1.0,0.12640637,0.008135887,0.0041590827,0.0024412693,0.0074150153,0.007375792,0.012401899
0.0052059847,0.0040021967,0.0928292,1.0,0.9979765,0.0949717,0.00911881,0.0052506435,0.0040723095,0.010305682,0.010608926,0.015328037
0.005208072,0.027608223,0.3763791,1.0,0.35478216,0.027517868,0.008623889,0.0042877537,0.0077028233,0.011722966,0.007852599,0.011604116
0.024209788,0.273946,1.0,0.65937173,0.08649285,0.028850874,0.015934778,0.010767616,0.022349807,0.017203497,0.018877763,0.0120707555
0.09520749,0.9653427,1.0,0.1678504,0.030731311,0.045115016,0.01706493,0.025680222,0.025115257,0.023495091,0.029704636,0.008528464
0.12598884,1.0,0.66130435,0.07966755,0.032339357,0.027483035,0.022734571,0.05093966,0.022275994,0.029292123,0.030598015,0.008557495
0.101749055,0.4642076,1.0,0.88857436,0.6130467,0.21444845,0.07059724,0.105067365,0.105768956,0.075525776,0.1495067,0.19243777
0.02532626,0.022639764,0.101069845,0.32205534,0.7941457,1.0,0.35603037,0.043078132,0.031095611,0.03195874,0.044434283,0.069227494
0.00917307,0.013071779,0.0087555405,0.027274502,0.18046401,1.0,0.74719965,0.07233125,0.008644449,0.016375994,0.027705306,0.0077863284
0.018849403,0.018939333,0.007139351,0.03672698,0.2146876,1.0,0.77280784,0.08561016,0.006984494,0.0062822094,0.015068571,0.0052272617
0.04016701,0.035193846,0.016181527,0.074390344,0.37430042,1.0,0.66763264,0.08768254,0.008618449,0.0034168742,0.003774783,0.0053874715
0.024475418,0.10681649,0.062084433,0.09287878,0.16765824,0.5734925,1.0,0.17004201,0.011761351,0.003365044,0.0076801484,0.0067633633
0.009611941,0.041451175,0.14496078,0.5904493,1.0,0.58643514,0.14888436,0.040357605,0.013316842,0.0029865243,0.0045206933,0.0053940564
0.021204073,0.05487582,0.15076862,0.9589854,1.0,0.23306859,0.029880146,0.04181627,0.011204265,0.0060788323,0.010295771,0.004083722
0.11931053,0.2635068,0.14810076,1.0,0.55479544,0.1285695,0.038746793,0.061517265,0.015521921,0.012884276,0.046210814,0.022489265
0.22505262,0.53293914,0.1798249,1.0,0.8314347,0.24441758,0.15915088,0.08337536,0.04337186,0.027587574,0.45948687,0.75958145
0.095388666,0.058437254,0.05155574,0.21386641,0.5946622,0.1477613,0.09581953,0.028860522,0.033914257,0.01363737,0.35961947,1.0
0.1478967,0.028618112,0.076512784,0.41651636,1.0,0.33472294,0.12636097,0.052336708,0.08578512,0.02555286,0.21783718,0.8775949
0.10127894,0.11441273,0.30184174,0.8583056,1.0,0.3727228,0.17174374,0.13074335,0.19804952,0.03533074,0.046371892,0.27143508
0.06491891,0.03458544,0.039482713,0.1278761,1.0,0.95575726,0.3610549,0.22003904,0.9805123,0.16986866,0.021955173,0.14948903
0.05383518,0.010630253,0.026614921,0.13826363,1.0,0.6426244,0.2065576,0.13374345,0.55857307,0.110513896,0.026183482,0.15133227
0.020479174,0.008902002,0.038499996,0.6473478,1.0,0.1810027,0.06536371,0.051744614,0.09225403,0.02324058,0.070676215,0.121680185
0.0046562697,0.0038914585,0.04514061,1.0,0.94413924,0.06357241,0.012789135,0.022272518,0.00990162,0.006489335,0.061505366,0.04404024
0.004408652,0.0014228483,0.016736966,0.5756764,1.0,0.111158736,0.0031922844,0.008216223,0.0061081788,0.0019545804,0.024541397,0.037083816
0.013871824,0.0020732416,0.0032744834,0.18436694,1.0,0.569281,0.04620218,0.0020847288,0.003479997,0.0011906172,0.005310623,0.023773242
0.025439255,0.025515728,0.00621135,0.043311648,0.4723036,1.0,0.37234712,0.029711224,0.0013739186,0.0012634242,0.0013196262,0.0069179693
0.020290451,0.1416055,0.1241675,0.042565558,0.16962399,0.5082318,1.0,0.44658047,0.016980976,0.0012325355,0.0043953066,0.0032183824
0.00545814,0.12364887,0.39162913,0.060804598,0.10522714,0.07262533,0.45326427,1.0,0.101792306,0.004033618,0.0062619997,0.009172438
0.011717114,0.10400476,0.48540017,0.10292113,0.13619322,0.11754873,0.32006744,1.0,0.14688608,0.01056219,0.011335286,0.015313965
0.05781039,0.22872613,0.24196428,0.062839165,0.20352706,0.5319309,1.0,0.6070774,0.048702613,0.009353388,0.010639953,0.013366185
0.08605356,0.07291141,0.018747628,0.016505828,0.28591412,1.0,0.47503552,0.05087833,0.004780921,0.0039363885,0.0034488707,0.01935932
0.040619012,0.0064848615,0.0030203161,0.044750236,1.0,0.98297673,0.06635378,0.002703898,0.00620626,0.0030853192,0.0030887888,0.04053843
0.026633436,0.002482943,0.0041618575,0.04168347,1.0,0.91932845,0.033941183,0.0015688349,0.0066785375,0.003687627,0.0022034438,0.031451974
0.03265806,0.007799774,0.0034959589,0.01548682,0.39255533,1.0,0.17424168,0.0032852793,0.0026057407,0.0034125,0.00122794,0.010878329
0.03438635,0.036941875,0.0037020352,0.016080888,0.104114726,1.0,0.65374386,0.020501021,0.00070912985,0.0023816058,0.0012610507,0.0022535413
0.031440068,0.08255939,0.0074823275,0.01646458,0.026289904,0.53593075,1.0,0.061769858,0.0004495378,0.001288552,0.0009832645,0.0009090761
0.020277575,0.12686837,0.023485241,0.014232153,0.024140984,0.2414583,1.0,0.14250967,0.0011689641,0.0009769745,0.00065795804,0.0009564152
0.034743275,0.17379048,0.03791694,0.034753263,0.050381932,0.24889381,1.0,0.17165457,0.0031416414,0.0022310342,0.001624371,0.002873608
0.09171929,0.10689412,0.028971735,0.07297958,0.120084204,1.0,0.9899333,0.055405136,0.007812318,0.004364114,0.0046009985,0.0063352124
0.054718513,0.024058647,0.018009404,0.041792423,0.104869254,1.0,0.47902063,0.010538094,0.003998459,0.003869603,0.002618044,0.0041006887
0.05089786,0.02639324,0.018375233,0.03854521,0.08817227,1.0,0.47440186,0.009562608,0.0018501277,0.0036898598,0.001971449,0.0034291511
0.045838423,0.0739001,0.028738393,0.04197427,0.060151014,0.87391174,1.0,0.09224261,0.003321764,0.004116915,0.003361084,0.0026838367
0.01728532,0.09301926,0.12021338,0.066219345,0.052047275,0.2914319,1.0,0.4788111,0.06920852,0.007278828,0.0071002394,0.0047751376
0.032502625,0.09196096,0.42078173,0.9620428,0.47303933,0.3696188,0.5122884,1.0,0.9342862,0.16132006,0.03285945,0.0255198
0.016955396,0.023350975,0.08945185,1.0,0.6995035,0.4141214,0.20448917,0.109186724,0.68168026,0.3554641,0.017855493,0.014593578
0.011652965,0.012851301,0.031584322,0.81863093,1.0,0.36187956,0.2538773,0.055553168,0.6220712,0.596673,0.02330791,0.00809062
0.013038619,0.017604904,0.12826756,0.82971877,0.6484697,0.2666193,0.20025325,0.34958816,1.0,0.47499833,0.024820361,0.009245141
0.013671562,0.06326766,0.22958757,0.2698935,0.12181007,0.21758854,0.6658944,1.0,0.49797055,0.07171799,0.012951194,0.012169657
0.019845858,0.040563554,0.03845309,0.018433372,0.06948735,0.75041723,1.0,0.27477872,0.03228509,0.007672156,0.004906844,0.0052206717
0.020867879,0.0089951465,0.006294702,0.012260168,0.1767003,1.0,0.4123167,0.025816105,0.005407937,0.006501441,0.0031749548,0.0037262954
0.024441646,0.016053475,0.014436532,0.030978778,0.30291447,1.0,0.23365432,0.037987914,0.013876275,0.011676471,0.0049739666,0.005257721
0.058096614,0.112885796,0.033820346,0.043074433,0.14569744,0.9666269,1.0,0.15698533,0.033752188,0.025930533,0.026048243,0.009286639
0.014955346,0.040270437,0.004977406,0.0041373684,0.015749754,0.4046392,1.0,0.19259787,0.006803253,0.010281327,0.016423825,0.001969006
0.0026865003,0.010517726,0.0036905997,0.0019487892,0.012976142,0.29658198,1.0,0.27475184,0.010653274,0.005174765,0.008430894,0.0020420349
0.003185848,0.005250652,0.002935333,0.0040981635,0.077830546,0.6967058,1.0,0.17539492,0.018490663,0.01015235,0.007325497,0.002063533
0.0050409297,0.007375853,0.016616335,0.028076245,0.27595076,1.0,0.8274448,0.12926242,0.02006793,0.016675342,0.0052072457,0.0014727925
0.1341386,0.28639907,0.6144471,0.6622872,0.8405453,1.0,0.6515842,0.22909369,0.12456057,0.12619205,0.030207384,0.06036559
0.2047123,0.21405436,0.23464042,0.16437355,0.2820949,1.0,0.49580938,0.19029841,0.15503907,0.15743476,0.13988253,0.15927222
0.13516442,0.09154811,0.09402766,0.1259301,0.28531307,0.9953562,1.0,0.30828136,0.15531512,0.5239556,0.93775976,0.33778068
0.21098904,0.797747,1.0,0.45592105,0.15347935,0.13028546,0.14880343,0.11128529,0.13224222,0.13692527,0.2184329,0.16001855
0.037289307,0.34604105,1.0,0.44876468,0.08374893,0.09751335,0.19071949,0.040762536,0.04696122,0.0925538,0.03184057,0.012122051
0.013768085,0.13133931,1.0,0.57862353,0.060359847,0.079853445,0.36610866,0.12521279,0.020903096,0.14037023,0.07929861,0.007786221
0.0073977867,0.022499496,0.6098946,1.0,0.085121244,0.029211372,0.2691779,0.3463499,0.022873411,0.07785437,0.120249026,0.010235925
0.0033491708,0.010025512,0.3664264,1.0,0.10589659,0.014994229,0.12872168,0.49013758,0.044437893,0.015859623,0.064527,0.008062609
0.004270421,0.02328089,0.5766989,1.0,0.08141726,0.019982938,0.16598181,0.6288649,0.054540183,0.010327914,0.04252743,0.005371451
0.019922834,0.062083144,0.7708349,1.0,0.0731041,0.044857047,0.20945777,0.50271153,0.054448277,0.059641957,0.059769537,0.010045033
0.15868506,0.23435888,0.91952384,1.0,0.10769613,0.10982715,0.30756643,0.30502063,0.41095793,0.41544172,0.11375526,0.1168645
0.72384,0.15072972,0.5252444,1.0,0.14022218,0.11543209,0.89676243,0.986913,0.54335535,0.44935974,0.134718,0.5591366
1.0,0.18233304,0.058813863,0.14728789,0.10169046,0.024608351,0.5036196,0.92595875,0.058357842,0.0752887,0.0490124,0.33837944
1.0,0.4011998,0.017147863,0.02939448,0.06887146,0.010586677,0.08442433,0.23434015,0.018390134,0.00845352,0.011585859,0.13120209
1.0,0.68644154,0.023513783,0.015558025,0.13121553,0.04282506,0.009065553,0.045452252,0.013579705,0.0016761218,0.0047618197,0.06023513
1.0,0.7930126,0.024160052,0.016627397,0.2896748,0.12614994,0.0027983075,0.022041451,0.017542154,0.0010850312,0.0035850399,0.04464138
1.0,0.55960774,0.013649244,0.034367155,0.42820933,0.14113264,0.0031364695,0.025443794,0.015657252,0.0009373552,0.0029100033,0.07354918
1.0,0.26189575,0.004944862,0.08989602,0.5013421,0.078134075,0.0043601897,0.029010223,0.008571121,0.00069352746,0.003491834,0.17940022
1.0,0.16423841,0.004298273,0.15609522,0.6469862,0.06577743,0.006413452,0.02681933,0.0058130194,0.0006194215,0.0050080945,0.28059414
0.75265795,0.30034733,0.04116895,0.15543559,1.0,0.28467935,0.021299083,0.02550823,0.013319676,0.0027835765,0.005961048,0.18366274
0.2843904,0.68506515,0.8406124,0.64216495,1.0,0.88062,0.2548985,0.07107402,0.04116981,0.026951585,0.013271021,0.049224507
0.006354295,0.030533686,0.1520656,0.26401922,0.33375236,0.65599805,1.0,0.47830707,0.05432504,0.0043777805,0.0033295196,0.0023980297
0.0005425978,0.0010461686,0.0040049134,0.009016635,0.0352401,0.23995073,1.0,0.48097298,0.030319834,0.0004438967,0.00015160521,0.00015410784
0.0004647141,0.0007475685,0.0012570679,0.0030135997,0.025909012,0.4316751,1.0,0.2686797,0.012550878,0.00021038241,6.757698e-05,0.00011026142
0.0027220303,0.0029453353,0.014053182,0.06464354,0.309908,1.0,0.7862866,0.06994805,0.001886615,0.0005379228,0.00024686925,0.0008981097
0.098959684,0.24665979,0.5347388,0.8363579,1.0,0.58528394,0.29952252,0.040433884,0.0033700622,0.0033540814,0.004827145,0.014087217
1.0,0.9952503,0.70722514,0.34152806,0.13693061,0.03321379,0.02933811,0.020934563,0.0077144746,0.0077190865,0.047269024,0.32378006
1.0,0.41928843,0.043842334,0.042812183,0.091549166,0.029353634,0.021972941,0.014928493,0.0074618445,0.0034762379,0.024204923,0.28365892
1.0,0.944791,0.09328479,0.011812061,0.09989887,0.059850365,0.031619884,0.019031513,0.015835324,0.0021004414,0.0059854356,0.10206981
0.9644282,1.0,0.09257703,0.0040430264,0.05211874,0.03675299,0.029057058,0.017119931,0.013752483,0.0013378313,0.0017484537,0.09546517
1.0,0.64632773,0.041993845,0.00434718,0.031241551,0.014858799,0.023840941,0.015343128,0.009335704,0.0013100808,0.005439469,0.16369507
1.0,0.28339657,0.018647486,0.013848164,0.025217189,0.0069906493,0.014540497,0.014483597,0.0047337892,0.0019669842,0.03317292,0.4759039
0.6367469,0.06075744,0.008979367,0.02841747,0.016645087,0.009432535,0.038896993,0.01665892,0.0028591107,0.010541658,0.20584008,1.0
0.20668875,0.023497231,0.03163774,0.030544082,0.007863453,0.025628781,0.046697594,0.010116763,0.0037587585,0.06817489,0.74129736,1.0
0.05506946,0.010819306,0.035796933,0.014188586,0.006409689,0.045016784,0.03016906,0.0036571424,0.0030392185,0.11501928,1.0,0.70344156
0.11048493,0.0116933985,0.024509722,0.01263862,0.006908583,0.053634018,0.069859,0.009380041,0.0024845165,0.07397023,0.95118517,1.0
0.3947484,0.020649176,0.0052349297,0.0095608095,0.0038215122,0.01546306,0.10568426,0.044343233,0.0016675132,0.010321777,0.27684462,1.0
0.66784835,0.029881291,0.0017279129,0.010311223,0.0050469455,0.0056830402,0.1278379,0.09115879,0.0026202674,0.0021056128,0.09519867,1.0
0.44806442,0.014653365,0.0017294806,0.007385021,0.0028596902,0.008949369,0.10159833,0.05742157,0.003327248,0.005100634,0.16243502,1.0
0.19407564,0.0090972185,0.0043393685,0.0043666605,0.005883965,0.034307487,0.07008353,0.025511164,0.020130465,0.1679464,0.7764707,1.0
0.043677926,0.029743096,0.0037882826,0.0063093365,0.017926008,0.019352514,0.013715593,0.02042114,0.2903338,1.0,0.6737019,0.20351769
0.039559692,0.054469403,0.0045475853,0.0068748337,0.018650543,0.0045706457,0.00349787,0.011589888,0.34527946,1.0,0.18772684,0.01202591
0.037723996,0.06488562,0.027629154,0.009766786,0.025549136,0.02074901,0.009890909,0.00957914,0.194818,1.0,0.6476953,0.108539686
0.23960316,0.05844412,0.061134532,0.04917863,0.03324755,0.039169654,0.052599445,0.029185314,0.046305653,0.43109798,1.0,0.75655466
1.0,0.14449587,0.032376725,0.06684377,0.13768342,0.06908032,0.07041362,0.081570886,0.030301714,0.024685299,0.14581437,0.7358046
1.0,0.17179714,0.02011763,0.057733294,0.22885744,0.10494599,0.07442844,0.110480726,0.031473827,0.015265812,0.026726821,0.44295487
0.7727646,0.1355774,0.061660144,0.11641114,0.10885864,0.20754752,1.0,0.33917856,0.04855946,0.03670467,0.09992989,0.7502799
0.31082767,0.09728403,0.10491524,0.1327211,0.08224252,0.5393085,1.0,0.21030946,0.061036415,0.031168079,0.11125397,0.42912117
0.031771693,0.018337224,0.068742685,0.062173944,0.07414048,1.0,0.969554,0.06754746,0.034091763,0.016519416,0.068966314,0.0885753
0.009471741,0.01195602,0.06719515,0.062191326,0.0356055,0.8052401,1.0,0.063738234,0.014424864,0.008512088,0.028604165,0.031717792
0.021246158,0.019727096,0.04910567,0.14614338,0.061052408,0.33015996,1.0,0.32422063,0.013557942,0.008394118,0.01208886,0.038132362
0.052373268,0.029315403,0.051187307,0.35242793,0.20964158,0.0705273,0.9561431,1.0,0.036705274,0.011418819,0.009072558,0.05242439
0.040563487,0.032304674,0.09869568,0.51750857,0.1911139,0.09940116,1.0,0.8105592,0.028982198,0.009636473,0.016273083,0.0589861
0.039595395,0.124315485,0.31432015,0.50410736,0.18000396,0.41143894,1.0,0.36849433,0.03418162,0.09278545,0.12907062,0.081238165
0.29307586,0.5681241,0.4260858,0.44329494,0.8210164,0.7304139,0.42415127,0.14729252,0.5101808,1.0,0.36940783,0.10395772
0.51303816,0.6882519,0.28927967,0.39769745,0.5078296,0.14033012,0.06487633,0.059191965,0.8373774,1.0,0.15566857,0.05653841
0.12129818,0.47697023,1.0,0.53018445,0.15697819,0.47913057,0.41607654,0.04292072,0.115521714,0.23153757,0.20025657,0.094295494
0.044627126,0.08421808,0.6751575,0.97636604,0.18409823,0.46863773,1.0,0.19969188,0.0114677455,0.017465973,0.07787791,0.12238157
0.1797808,0.029711012,0.15471178,1.0,0.8255487,0.17792892,0.91196686,0.66603285,0.029234927,0.006646549,0.014596856,0.13310121
0.22339754,0.041755017,0.14583653,0.92731184,1.0,0.11551717,0.65394235,0.7014943,0.037672106,0.009752891,0.025876354,0.19169769
0.06958775,0.09629113,0.4139672,0.6736829,0.36784306,1.0,0.97494656,0.24653506,0.018185785,0.03934841,0.14957601,0.19485301
0.014586301,0.17433685,0.24548776,0.061760947,0.38989744,1.0,0.19854394,0.012954455,0.008660087,0.09815663,0.17772712,0.03085204
0.042725362,0.2852837,0.3155908,0.11540307,0.6988315,1.0,0.11219004,0.019972371,0.014262797,0.2052377,0.41322264,0.15402693
0.17382006,0.048967592,0.09052015,0.16290009,0.17577964,0.23405594,0.23588443,0.09952923,0.044206396,0.081959635,0.608051,1.0
0.25818658,0.03215384,0.02149741,0.048992004,0.04135406,0.0652015,0.11839099,0.108201034,0.10152138,0.1751371,0.63538533,1.0
0.4255818,0.087525755,0.060547464,0.049360093,0.0403441,0.086440146,0.17273112,0.18112019,0.17132238,0.36268127,0.6730437,1.0
0.29703504,0.15650569,0.31823772,0.3930173,0.26146758,0.32690057,1.0,0.77518827,0.533306,0.776359,0.69390583,0.7451171
0.1851201,0.27146554,0.7319985,0.48248,0.21396542,0.584516,1.0,0.44128746,0.27484718,0.37657166,0.24475844,0.30707997
0.19621591,0.22439456,0.54881674,0.4230352,0.1569762,0.3479358,1.0,0.6214562,0.3695234,0.430427,0.33065987,0.5042789
0.25066477,0.24621733,0.30142817,0.4017087,0.29302573,0.46680373,0.73062897,1.0,0.62874544,0.55818915,0.49292397,0.38325423
0.459488,0.61335564,0.4868591,0.43768975,0.43086594,0.5272878,0.8237446,0.9376129,0.6051668,0.3817498,0.88252723,1.0
0.34459963,0.49060756,0.376776,0.33766228,0.2899295,0.24199355,0.59679234,0.632159,0.27365944,0.259842,1.0,0.89422286
0.4425616,0.54198134,0.47301248,0.64164025,0.43310738,0.36907446,1.0,0.88282573,0.5202317,0.4113424,0.94363207,0.82854503
0.25021505,0.2812796,0.31211385,0.35563204,0.16608898,0.21237427,0.87165475,1.0,0.72315633,0.33768454,0.33247903,0.28913984
0.26091155,0.15726435,0.12723234,0.12202439,0.06515045,0.1492151,0.79179174,1.0,0.6668906,0.2679479,0.2609953,0.27311495
0.2599119,0.09872163,0.100380644,0.12951738,0.10409563,0.23053719,0.66601264,1.0,0.4450577,0.26947117,0.30872557,0.3055931
0.37168825,0.19248231,0.24483839,0.46053523,0.519332,0.63308656,0.97681093,1.0,0.4879278,0.54444563,0.5689815,0.42268062
0.15391307,0.26963586,0.8241279,1.0,0.5240733,0.21024843,0.27901766,0.32836506,0.20887196,0.30305845,0.30384156,0.1865279
0.038053248,0.22401832,1.0,0.9026358,0.272509,0.10056304,0.073079854,0.07146965,0.059630938,0.14890626,0.1629502,0.066606544
0.14791082,0.15038721,0.37879393,0.63561606,0.82704204,1.0,0.5588386,0.2063954,0.10198436,0.1660442,0.23137307,0.18248251
0.10384582,0.091353774,0.084864035,0.06456471,0.1396457,0.57918704,1.0,0.47033945,0.09377083,0.06590465,0.09858209,0.11743914
0.058780488,0.06360323,0.078722715,0.025973454,0.030875769,0.18722364,1.0,0.824865,0.14106484,0.05453465,0.09848311,0.1353764
0.077774666,0.054510035,0.07270054,0.022209836,0.040551797,0.22709139,1.0,0.7541426,0.15082651,0.07073979,0.16156076,0.22606842
0.15425605,0.061173208,0.058607463,0.09782336,0.3363554,0.85601217,1.0,0.43037498,0.13261868,0.101313025,0.23301236,0.30983648
0.13517627,0.05126875,0.17086478,0.74417675,1.0,0.55557495,0.3042419,0.18847053,0.12155044,0.10875798,0.2555739,0.2627226
0.07861978,0.053667296,0.2844834,1.0,0.73328954,0.20884044,0.13206556,0.13385567,0.10988227,0.1017904,0.21250586,0.16139267
0.24833305,0.12272395,0.25657433,0.3795284,0.51731086,0.7347402,1.0,0.9238972,0.40933156,0.17054287,0.2777144,0.3664709
0.14950737,0.07298184,0.09347811,0.047570933,0.0460149,0.11220204,0.3901796,0.796955,1.0,0.5105646,0.28505298,0.3411853
0.044847433,0.026299044,0.031461377,0.014231876,0.018863535,0.03194126,0.14116965,0.2132086,0.8241122,1.0,0.41835135,0.29972556
0.02834487,0.014669646,0.017086945,0.010382001,0.013447616,0.022871824,0.12305489,0.19834338,0.7629292,1.0,0.50138867,0.32353002
0.08451654,0.076044895,0.14394026,0.031318326,0.015741713,0.06637907,0.37711856,0.8127955,1.0,0.6385045,0.611514,0.511167
0.084310606,0.17087549,0.23774143,0.06308941,0.107726544,0.66020346,1.0,0.3749765,0.09927483,0.05085237,0.1453436,0.19552511
0.041220658,0.13734351,0.12418886,0.04699385,0.13401419,1.0,0.816673,0.0643645,0.008994689,0.014176903,0.026686942,0.033144835
0.06440227,0.16657118,0.10971905,0.028662229,0.06693345,0.65274125,1.0,0.24937423,0.04170996,0.016276587,0.022556998,0.026516916
0.11865178,0.2009435,0.08982952,0.03667528,0.021219397,0.16266295,0.6401737,1.0,0.6601402,0.11060808,0.025398852,0.030571098
0.07424772,0.07663975,0.040165227,0.05051462,0.029375741,0.033074677,0.052370325,0.37742805,1.0,0.33976334,0.027568813,0.021113228
0.09199831,0.045180712,0.067658216,0.14298965,0.08477597,0.066839434,0.02619578,0.12590958,1.0,0.49328345,0.05017397,0.028891234
0.24404544,0.5348227,0.66032416,0.44251728,0.15868026,0.19766875,0.13578202,0.3672558,1.0,0.4882232,0.17847691,0.10057077
0.53853816,1.0,0.5382256,0.1422625,0.24148487,0.34688875,0.17136446,0.14797708,0.20293435,0.25716415,0.17587306,0.17055152
0.19632746,0.18513255,0.095604084,0.2234317,1.0,0.3347639,0.07200029,0.07862532,0.13366033,0.12220148,0.121563315,0.19454198
0.09669805,0.07473419,0.031408466,0.218888,1.0,0.3561046,0.09478593,0.085788526,0.12806465,0.07350129,0.05485806,0.099512726
0.44107068,0.9928705,0.66636795,0.31281516,1.0,0.97272456,0.76894146,0.43150383,0.4492222,0.20215322,0.12300774,0.1378748
0.06375061,0.31011364,1.0,0.7721649,0.09909362,0.061496966,0.15507169,0.21262622,0.1614734,0.06207698,0.039584994,0.04033815
0.024907436,0.08146383,0.6723272,1.0,0.10305918,0.020996658,0.033093892,0.10727378,0.087236345,0.023893155,0.016476873,0.020565988
0.1590319,0.38558018,1.0,0.79256535,0.23736194,0.16353178,0.15267217,0.20437795,0.12565817,0.053260367,0.050369687,0.08886773
0.11820594,0.12307466,0.12896608,0.4949742,1.0,0.2254702,0.094671644,0.13070089,0.14460704,0.04999396,0.08888533,0.19343905
0.08613901,0.01779083,0.03799292,0.30903786,1.0,0.2877687,0.11058231,0.108100034,0.06805339,0.018218633,0.04435064,0.17065495
0.35915607,0.036602896,0.043930486,0.13369359,1.0,0.69182956,0.31191546,0.22033392,0.0394402,0.010818782,0.022842359,0.27065185
1.0,0.16128361,0.0561136,0.12011919,0.488292,0.667492,0.38646945,0.16705284,0.015152164,0.02053786,0.06866926,0.38447344
1.0,0.283449,0.25533533,0.3172988,0.45271116,0.46487606,0.27895752,0.0763724,0.065583624,0.17866406,0.52831334,0.92432874
0.20863244,0.3740248,1.0,0.37372985,0.15000284,0.09467938,0.05327162,0.038863637,0.07493402,0.14887235,0.28694317,0.29584268
0.6424972,0.79434973,1.0,0.34744525,0.15346391,0.09690216,0.06292789,0.07118936,0.058952454,0.08023854,0.15826876,0.16783169
1.0,0.6250855,0.27171913,0.1873958,0.1528713,0.09915494,0.0980128,0.088012494,0.061756574,0.081162944,0.23354566,0.33607316
1.0,0.64082915,0.58688974,0.7623212,0.5198993,0.38274968,0.49632168,0.568949,0.3411702,0.35796085,0.8487882,0.9287684
1.0,0.7901331,0.603289,0.61160094,0.3475672,0.32451364,0.4522182,0.5594547,0.3843302,0.50247836,0.71483034,0.9861545
0.9842871,1.0,0.5466836,0.42301074,0.54893833,0.39910328,0.40775985,0.4915278,0.3923874,0.35669693,0.72721654,0.9156869
0.65946555,0.6588857,0.514575,0.5988119,0.8243918,0.46809095,0.45694128,0.71672344,0.45820248,0.3257901,0.81919926,1.0
0.89746183,0.48349452,0.4960283,0.46122178,0.5471488,0.5994378,0.6006061,0.60490483,0.27620834,0.32167765,0.7135645,1.0
1.0,0.49038807,0.42588162,0.35106725,0.41282353,0.694547,0.6755702,0.54783005,0.5469853,0.41111538,0.6010436,0.76621133
1.0,0.4757692,0.24934609,0.20687596,0.23907353,0.34078893,0.3683919,0.35590592,0.42288846,0.27144927,0.4656883,0.5734149
1.0,0.49198952,0.2850676,0.25960875,0.5539562,0.402842,0.35124817,0.39973733,0.43456787,0.39994225,0.6012034,0.7966453
0.63744414,0.5731421,0.49643123,0.59689367,1.0,0.79158443,0.9436988,0.59536225,0.6850073,0.62313676,0.57667094,0.6960402
