0.48128667,0.43610856,0.9187,0.6486233,0.39361787,0.73738134,0.43564934,0.8109501,0.7542341,0.652037,1.0,0.817218
0.31913704,0.25899804,0.72805077,0.70638317,0.41150728,0.6096555,0.58446467,1.0,0.6813489,0.5056425,0.88543534,0.5220285
0.21043287,0.2540754,0.4643144,0.6783445,0.9321842,0.8072864,0.93453103,1.0,0.4857811,0.38939285,0.5622016,0.3174979
0.121164545,0.21331476,0.2678116,0.6107745,1.0,0.63337576,0.65035015,0.55004376,0.2076859,0.2561829,0.27737486,0.14977923
0.38339683,0.57216614,0.5125332,0.79028994,1.0,0.67529774,0.95922536,0.64069265,0.3381675,0.3393523,0.40426123,0.28972426
0.5344493,0.80403525,0.8229904,0.64212435,0.44851753,0.5783177,1.0,0.6411112,0.524937,0.48325306,0.482637,0.3303375
0.6836664,0.83382505,0.751159,0.9099856,0.5546912,0.77114624,1.0,0.8945565,0.922764,0.6079132,0.45528394,0.4849215
0.30948344,0.50370526,0.5240164,0.9532983,1.0,0.62745756,0.9708092,0.5842859,0.44933772,0.47562394,0.58925706,0.3568427
0.28205997,0.22031829,0.7252596,0.73291665,0.82019764,0.5661169,0.7745321,0.72036237,1.0,0.42992094,0.21218921,0.2551682
0.18768002,0.17090352,1.0,0.7398521,0.53440374,0.37084648,0.39688423,0.44112402,0.4662595,0.16908833,0.053573865,0.10512636
0.36570302,0.45614707,1.0,0.8385529,0.72784317,0.64352065,0.6055748,0.48561567,0.6342489,0.9184126,0.9486076,0.5739704
0.23731214,0.100685865,0.100495964,0.099344395,0.13064963,0.33726263,0.34165126,0.1441779,0.13539842,0.34851044,0.9421224,1.0
0.5939079,0.042002946,0.031293787,0.06462476,0.054837205,0.13575241,0.3941085,0.2534963,0.03543429,0.047392074,0.21592382,1.0
1.0,0.1033739,0.007747881,0.07154484,0.11071786,0.05007321,0.31144473,0.46479484,0.03420082,0.0064862254,0.041370526,0.64423454
1.0,0.16760774,0.0045322464,0.056386117,0.16181844,0.020213993,0.11281282,0.43769133,0.05453623,0.0045494796,0.008546376,0.24774894
1.0,0.1592069,0.0035127013,0.049988642,0.17567848,0.020325497,0.071234,0.48113224,0.08732327,0.0055028247,0.006474385,0.2470032
1.0,0.32144597,0.010719502,0.031948492,0.121000394,0.021029415,0.081280656,0.9507692,0.3679526,0.010809029,0.008244462,0.1757651
1.0,0.6885356,0.026917502,0.00885015,0.044521693,0.017779253,0.044050295,0.73427826,0.5555071,0.018646326,0.017079642,0.07475555
1.0,0.45778972,0.016934918,0.002884955,0.022547735,0.010794991,0.011225024,0.12861939,0.13332331,0.009474164,0.05897476,0.14091535
1.0,0.4151026,0.017090082,0.0018662821,0.00902579,0.0076439455,0.019135216,0.03038279,0.02104461,0.005821072,0.05323972,0.22392029
1.0,0.96815765,0.09006253,0.0025364938,0.006771757,0.007235394,0.023502884,0.033112425,0.034393426,0.00383025,0.016545875,0.14311542
0.6357852,1.0,0.12943041,0.0018671431,0.0023573288,0.0027978658,0.008618381,0.026608255,0.035315987,0.0022181112,0.0016976877,0.043599635
0.6108726,1.0,0.141374,0.0020693056,0.001733337,0.0018798481,0.0062575666,0.01802028,0.027793042,0.0019608275,0.0008414452,0.038177706
0.4501543,1.0,0.21525313,0.0037948147,0.0015192571,0.0017217188,0.004294883,0.00875862,0.01747071,0.0021576923,0.00076030433,0.022485929
0.28704542,1.0,0.3341999,0.010350587,0.0011455072,0.0018114774,0.003042841,0.0059936214,0.012614292,0.003170862,0.0009775974,0.008899023
0.38985148,1.0,0.31877285,0.0130648995,0.0013607383,0.0020261533,0.0038281805,0.010521381,0.019024929,0.004626875,0.0021018942,0.031812567
0.9439027,1.0,0.24823634,0.017891672,0.0060395156,0.0058229812,0.012166146,0.03271665,0.036443368,0.013192786,0.0400529,0.29338118
0.43900964,0.6714604,0.43582508,0.25033525,0.11110688,0.03740684,0.5576266,1.0,0.17828782,0.09272886,0.0700075,0.22551906
0.16255379,0.13496016,0.12423154,0.22684182,0.07540679,0.063825645,1.0,0.9676202,0.10256057,0.046790686,0.024771584,0.14480181
0.11580546,0.011735702,0.021444218,0.21227852,0.095661424,0.05793632,1.0,0.69828117,0.039889246,0.011866635,0.010307787,0.15601245
0.15059833,0.013706962,0.009596932,0.2057557,0.23734376,0.039246775,0.71348804,1.0,0.078285284,0.0032096358,0.0048661954,0.108709894
0.09500023,0.026856083,0.0034812142,0.07012497,0.23788579,0.037835643,0.22708307,1.0,0.20127384,0.003483351,0.0024343866,0.023755724
0.14033352,0.11507801,0.008958977,0.02767323,0.22518378,0.07982694,0.11459914,1.0,0.4876175,0.014451387,0.0053817434,0.018809868
1.0,0.837225,0.054522235,0.030623207,0.15623038,0.099809945,0.12338165,0.7979524,0.7185987,0.03663414,0.024927989,0.12575424
1.0,0.8192668,0.059963305,0.016764332,0.0410214,0.02833134,0.10964676,0.40276575,0.22409323,0.007786724,0.010284942,0.13110837
0.991715,1.0,0.10381385,0.00871951,0.036481522,0.027934827,0.05395912,0.16212578,0.15627617,0.007864307,0.016981859,0.12600589
1.0,0.8234626,0.086693585,0.0075729056,0.02816252,0.018481346,0.01558344,0.05617268,0.04898695,0.0059039104,0.030915283,0.20826396
1.0,0.6002007,0.078889675,0.012993605,0.023647806,0.020520218,0.02877938,0.047459606,0.033896785,0.041076053,0.13152866,0.4871434
0.9675076,0.52162254,0.17947897,0.18038172,0.2332515,0.21606195,0.36738995,0.44685256,0.45090246,0.68955296,0.9893613,1.0
0.7224191,0.5760693,0.638348,0.52122283,0.4518707,0.51083416,0.7146757,0.8313587,0.83529544,0.6359976,0.7558189,1.0
0.13510807,0.16373369,0.43694666,0.73674625,0.48605826,0.22493294,0.23881978,0.65735203,0.7680008,1.0,0.69832325,0.29092687
0.06483821,0.031780887,0.10918128,0.2028785,0.29014382,0.2765036,0.22543067,0.7413183,0.7052807,0.74377763,1.0,0.42949453
0.42649066,0.027690573,0.060430348,0.11915672,0.27761817,0.3141785,0.39167953,0.40618175,0.31664807,0.2112941,0.44173235,1.0
0.9589147,0.050566476,0.0111756185,0.06568769,0.099785,0.10521834,0.3174755,0.351234,0.040448513,0.01778337,0.06656089,1.0
1.0,0.07072722,0.0027324467,0.039563812,0.06721802,0.034630485,0.20276538,0.3612339,0.018505462,0.0034711782,0.021655045,0.5752177
1.0,0.08047207,0.0015153106,0.04218463,0.07966739,0.026942147,0.089741945,0.19685526,0.012240422,0.0018862198,0.010857493,0.46063215
1.0,0.08979481,0.002833877,0.05955271,0.12722419,0.038775947,0.035337467,0.048260916,0.004861083,0.0017492763,0.015385366,0.492197
1.0,0.1805261,0.0067536198,0.19634688,0.51638323,0.06668163,0.037727647,0.07163828,0.010000439,0.0032786191,0.011887859,0.25138745
1.0,0.27871066,0.009273161,0.35208282,0.90338033,0.06546834,0.022154938,0.066758186,0.012412135,0.0019453523,0.0062778303,0.17517246
1.0,0.36323896,0.010424715,0.13886651,0.39077687,0.04595413,0.043993924,0.029914837,0.010294544,0.0008893916,0.005529985,0.1549344
1.0,0.41906023,0.017178167,0.01063612,0.04284745,0.037055098,0.116733216,0.031503424,0.015072221,0.0009320305,0.007058344,0.1986658
1.0,0.70237494,0.044769324,0.0066344496,0.02028176,0.03652563,0.14614695,0.035369433,0.016022684,0.0011303703,0.0039734044,0.13067733
1.0,0.7094264,0.038175147,0.0039428356,0.011682169,0.020891322,0.07440339,0.032601606,0.01297472,0.0007363482,0.0027415582,0.1134272
1.0,0.6963012,0.029673971,0.003943592,0.013552188,0.018594354,0.054837488,0.035281416,0.015133088,0.000948613,0.0031272625,0.109472044
1.0,0.95525074,0.06525414,0.00515574,0.0139117455,0.016805446,0.06325662,0.027078807,0.015419689,0.0015744194,0.003861269,0.087194614
0.6442469,1.0,0.12880915,0.0075644953,0.009701136,0.016274113,0.069397025,0.028956195,0.012804853,0.0016666824,0.002286768,0.040701155
0.31343472,1.0,0.36206573,0.022855412,0.0067899115,0.019132368,0.030859929,0.016476298,0.0073160375,0.0023468197,0.0009176807,0.01158936
0.19847265,1.0,0.49836376,0.032394458,0.011003497,0.041100126,0.013427549,0.0039255954,0.0050034467,0.006050325,0.0030488628,0.0073848083
0.17446063,1.0,0.7650935,0.22545834,0.080412395,0.074690975,0.009494113,0.019707374,0.0464055,0.020648163,0.010345816,0.010017195
0.2703504,1.0,0.8424614,0.65873563,0.93178624,0.4464352,0.10674506,0.62383395,0.506577,0.040366948,0.016792968,0.03609399
0.23573163,0.096074805,0.075474635,0.65831566,1.0,0.17581926,0.32342303,0.8855657,0.31146315,0.021435574,0.01118116,0.13500337
0.32980952,0.022228029,0.027779233,0.88084394,0.9194505,0.057634156,0.53833336,1.0,0.089042984,0.011372936,0.010257171,0.22358884
0.32690778,0.05477248,0.012540961,0.4628885,0.89083725,0.073913954,0.2778928,1.0,0.14878176,0.0075952513,0.00622213,0.10467547
0.29320654,0.13174565,0.038459912,0.15237905,0.6752117,0.16134235,0.115340665,1.0,0.5070702,0.06315079,0.030979061,0.031607416
0.14828987,0.12979586,0.06913703,0.080785915,0.23403953,0.12989317,0.07873283,0.92394644,1.0,0.16592684,0.06701187,0.014765924
0.09717932,0.12196446,0.06490708,0.06272703,0.10316304,0.08991306,0.081934385,1.0,0.9765852,0.114587136,0.055774797,0.021654084
0.22911751,0.191968,0.10951926,0.077446334,0.1211494,0.093660675,0.12497121,1.0,0.76019394,0.17505498,0.17114978,0.066800594
1.0,0.43163362,0.21948871,0.16683598,0.2544423,0.12904647,0.1637945,0.5185097,0.3583516,0.25504118,0.5052806,0.2442353
1.0,0.65836203,0.10187777,0.060555644,0.0865055,0.056167573,0.0837528,0.13577494,0.13196364,0.20312911,0.25553492,0.19790035
0.6768417,1.0,0.1622966,0.02509899,0.0348929,0.032412827,0.053618003,0.058016866,0.069853514,0.0750886,0.053789865,0.06703308
0.39830637,1.0,0.24065295,0.01929354,0.019273594,0.021757854,0.03208165,0.04427088,0.03502806,0.023034625,0.0107381735,0.020619191
0.61309767,1.0,0.1908862,0.013217054,0.021863211,0.02176078,0.036196373,0.07763633,0.0426602,0.005927129,0.00832763,0.054954458
1.0,0.5271904,0.047312543,0.0074556274,0.0147311725,0.011248581,0.024944678,0.09075875,0.028651174,0.005374606,0.0116357505,0.18065628
1.0,0.43158856,0.01886501,0.0052752113,0.013253276,0.008212234,0.019702762,0.07718675,0.023527535,0.008288915,0.016971381,0.19749574
1.0,0.8500987,0.08743808,0.010597493,0.020742813,0.018858647,0.023509203,0.06456008,0.038957827,0.014033321,0.034222342,0.14299536
1.0,0.9227434,0.15397455,0.034944836,0.03926124,0.034354173,0.03950976,0.07259061,0.060843173,0.02640021,0.057719164,0.20414317
1.0,0.6491805,0.21222481,0.18555076,0.2107547,0.15019698,0.1651976,0.31874776,0.3005851,0.30975088,0.44527763,0.76369816
0.4916247,0.21808544,0.21364008,0.43979892,0.42601085,0.36368427,0.8062445,1.0,0.7215751,0.58605355,0.5488335,0.61520875
0.23345456,0.04164936,0.019964622,0.081665434,0.025452817,0.089534625,1.0,0.47808778,0.051771164,0.037565943,0.05474164,0.2588897
0.13963962,0.017223246,0.009130256,0.062941864,0.038968954,0.06603676,1.0,0.62678397,0.03856604,0.010546493,0.015164559,0.1371137
0.16708584,0.045498256,0.010100106,0.06385885,0.12909642,0.08684017,0.83695585,1.0,0.18703556,0.009373464,0.0107846055,0.0763378
0.24561326,0.12460992,0.060821634,0.11045604,0.5233907,0.2755285,0.39413714,1.0,0.58601254,0.09128688,0.07937341,0.07055438
0.12255727,0.09815147,0.28529224,0.34244,1.0,0.5878213,0.6712781,0.728455,0.47248116,0.3322204,0.24999744,0.16510104
0.06881638,0.1254336,0.41150293,0.56845385,0.74905515,0.73488975,0.7967356,0.75812554,0.9975527,1.0,0.5767256,0.248979
0.031339977,0.07394416,0.10444221,0.157652,0.27014536,0.27585077,0.3851496,0.48609307,0.6780481,1.0,0.44250184,0.076192036
0.01925402,0.033893604,0.05800185,0.110585935,0.118335985,0.09020341,0.21429071,0.32737803,0.4246072,1.0,0.39354452,0.031814076
0.017126607,0.020253336,0.03155597,0.08279046,0.09117298,0.067893796,0.10159911,0.20052621,0.3261076,1.0,0.5968649,0.04237488
0.01164246,0.01567381,0.025429342,0.051345523,0.05131929,0.04099565,0.0556701,0.16955411,0.23024425,1.0,0.89960253,0.07955587
0.0077530704,0.008597026,0.013179572,0.017757948,0.030092103,0.024954055,0.019161033,0.066022746,0.16105515,1.0,0.8515482,0.09612272
0.016195696,0.014782081,0.018288692,0.036065698,0.07302246,0.043122485,0.043645155,0.07755351,0.29574433,1.0,0.55494297,0.0687425
0.009870119,0.017853884,0.044107914,0.04850327,0.05260412,0.03020744,0.0692468,0.34685937,1.0,0.6026237,0.06541499,0.008538098
0.010967651,0.027376438,0.08562477,0.06479497,0.04963376,0.032586824,0.12911357,0.67226034,1.0,0.40926236,0.03511644,0.014562096
0.030913116,0.059691805,0.18824588,0.15464438,0.08681039,0.05205707,0.27447504,1.0,0.63012934,0.22483112,0.042750366,0.05176246
0.03555646,0.04780371,0.22505571,0.2249517,0.0914357,0.03965972,0.22308877,1.0,0.78486335,0.11236722,0.034687646,0.07282774
0.01530216,0.017453369,0.08172169,0.115332924,0.03793949,0.016803568,0.062902465,0.4527035,1.0,0.2931133,0.032458123,0.026294995
0.0044838456,0.0035881023,0.0110197235,0.039631967,0.019199608,0.0050580557,0.018333593,0.14403167,1.0,0.8641714,0.09430486,0.0057052867
0.0033659972,0.0034344946,0.006656245,0.019847192,0.016592609,0.0055699344,0.0120805055,0.08284966,0.60620195,1.0,0.14667164,0.0053181495
0.011672536,0.016154619,0.047926974,0.06980534,0.04233577,0.027294653,0.045651905,0.1101127,0.6928562,1.0,0.14877345,0.015962059
0.04607636,0.0745597,0.17717904,0.1706204,0.112895966,0.09329556,0.2230525,0.25735018,1.0,0.68152755,0.09689991,0.044694435
0.11674574,0.17607042,0.38174972,0.49146095,0.37674367,0.30175936,0.52648544,0.68889636,1.0,0.49541733,0.2911714,0.19606495
0.11970573,0.12516144,0.50320697,0.530867,0.41537073,0.3757723,0.5390612,0.7226385,1.0,0.73979163,0.47007328,0.21170121
0.1518282,0.107825406,0.21672197,0.325708,0.35857317,0.38368216,0.6885533,0.7993886,1.0,0.89029175,0.39857545,0.22371471
0.27895895,0.2087558,0.4594717,0.5723942,0.6942592,0.75882,1.0,0.8388764,0.71725625,0.5413198,0.3882124,0.3906006
0.3382562,0.26258236,0.47515535,0.69758487,1.0,0.6909358,0.61501825,0.63286155,0.5533816,0.32748297,0.22648439,0.24698381
0.27552623,0.2815766,0.38173297,0.67183715,0.764683,0.57116634,0.6396576,1.0,0.5762229,0.34431466,0.28851417,0.21280037
0.22403383,0.19910574,0.32561958,0.5311661,0.3621315,0.39517733,0.6300425,1.0,0.731666,0.36539543,0.29172212,0.29752177
0.3082937,0.2802926,0.33965543,0.4613482,0.35905245,0.48496068,0.81159407,1.0,0.74789876,0.5556984,0.30407846,0.29254067
0.18514179,0.16808307,0.13703331,0.3476645,0.3887248,0.3487894,0.50609535,0.5491745,1.0,0.8987154,0.27323738,0.14390026
0.063974924,0.042372007,0.044965725,0.08162081,0.09620832,0.09987708,0.21105666,0.25438893,1.0,0.5522527,0.10824541,0.05327012
0.022344185,0.013486762,0.021609616,0.04454213,0.053694606,0.055211827,0.21086265,0.27415738,1.0,0.57761663,0.0739715,0.03554897
0.007718995,0.004946252,0.0070839566,0.02918309,0.038248744,0.038529404,0.20449896,0.3756514,1.0,0.74292344,0.062322136,0.024296833
0.00738348,0.0048134057,0.0054298444,0.019347949,0.0527546,0.073624074,0.23425482,0.5018262,1.0,0.5266942,0.06119132,0.023506518
0.013362101,0.00797211,0.016234877,0.058070555,0.38745543,0.40947923,0.3676535,0.60087204,1.0,0.41813496,0.08337379,0.039848424
0.025149543,0.016336875,0.035656318,0.1447337,0.89329815,1.0,0.49508908,0.6033329,0.9635416,0.5107778,0.15936786,0.08295632
0.082379974,0.08060591,0.06367234,0.13015297,0.7667849,1.0,0.32836723,0.3644355,0.7380615,0.57104343,0.2544939,0.1283304
0.123412594,0.13694309,0.086334296,0.110669784,0.9316301,0.93281627,0.513686,0.43033257,0.61483544,1.0,0.8683841,0.27989015
0.024222812,0.021734912,0.03242681,0.093747444,0.71734697,0.56819165,0.23376709,0.18512852,0.46030268,1.0,0.6379556,0.11107269
0.02770568,0.02965579,0.03344111,0.05941193,0.2552391,0.18960857,0.07037275,0.07226552,0.46620834,1.0,0.34548557,0.03163018
0.021544607,0.011791163,0.010812243,0.028279912,0.08541008,0.110078864,0.043944284,0.07422343,0.4716272,1.0,0.28131706,0.030890618
0.012622588,0.005972652,0.026706185,0.04522394,0.15827581,0.21627548,0.06402196,0.2187105,1.0,0.9415515,0.2557911,0.04324773
0.036291875,0.08519573,0.2579711,0.1638679,0.22913752,0.4240104,0.54741186,0.9901897,1.0,0.7194938,0.17910041,0.0445893
0.023375489,0.055819757,0.17325498,0.11637942,0.11511697,0.23513876,0.50296706,1.0,0.4105661,0.540788,0.29950953,0.03650729
0.020551026,0.035769727,0.25593087,0.6295307,0.47992492,0.3151354,0.36790973,1.0,0.90618396,0.82448083,0.5632164,0.06151903
0.0038897733,0.007759331,0.039527625,0.2007292,0.23668395,0.06069501,0.04274156,0.10145629,0.6681811,1.0,0.258973,0.018138258
0.0017716645,0.0021320106,0.0024190946,0.01659913,0.048533153,0.01781176,0.020809952,0.040031392,0.45824412,1.0,0.18227258,0.004358453
0.010716933,0.0054749395,0.006065823,0.013550648,0.015972039,0.013295534,0.043232657,0.10429407,0.75247836,1.0,0.18068667,0.010989506
0.09676737,0.08285183,0.06527449,0.088710874,0.059744444,0.06743529,0.1788893,0.23853566,1.0,0.8397356,0.19099347,0.07854634
0.13166913,0.1901381,0.13312621,0.14443813,0.23017363,0.5309197,0.8974616,0.6851418,1.0,0.9295325,0.27897584,0.09836227
0.09311125,0.11962626,0.09279546,0.13707621,0.3082518,0.7005598,1.0,0.9677971,0.7898805,0.55383795,0.20248757,0.06909855
0.055453222,0.04864647,0.07037582,0.093967475,0.09888226,0.1497824,0.24935164,0.30919984,1.0,0.9781763,0.17456855,0.06753828
0.35793895,0.09210428,0.03930698,0.04755408,0.055420734,0.101733305,0.31500256,0.3873352,0.6184554,1.0,0.8851924,0.77321786
1.0,0.23993327,0.037690267,0.047641598,0.049407847,0.1377318,0.5537579,0.6764106,0.37749425,0.23355334,0.27137795,0.8595134
1.0,0.19010654,0.05172126,0.036156703,0.05404518,0.152384,0.3691194,0.5450036,0.26983312,0.09375918,0.054646462,0.5160047
1.0,0.33166352,0.085536085,0.033971835,0.039284624,0.09828336,0.16794641,0.25385568,0.18756656,0.10973874,0.07207048,0.286275
1.0,0.6809487,0.1340611,0.07892931,0.021950873,0.030357895,0.07006467,0.1617728,0.13987552,0.057341397,0.08415763,0.13955902
1.0,0.883522,0.1473116,0.0962089,0.033216815,0.019534208,0.02735132,0.13557059,0.12510125,0.0289759,0.10069166,0.0979175
1.0,0.78819996,0.13528052,0.074224316,0.061877795,0.025267798,0.018799718,0.12106814,0.087947056,0.036704175,0.16855459,0.11081068
1.0,0.58878946,0.13718185,0.062495492,0.074674845,0.022879943,0.024666466,0.16585109,0.07987952,0.05149012,0.19308598,0.122268684
1.0,0.49555522,0.09177172,0.03725268,0.060074024,0.023334721,0.03380403,0.20712952,0.09887398,0.092965044,0.44326994,0.1969179
0.8532825,0.3202454,0.06780766,0.019370751,0.034285806,0.021532895,0.03653731,0.16655558,0.093088895,0.2138131,1.0,0.4636383
1.0,0.61163324,0.12321889,0.026895236,0.05669548,0.028811848,0.0964826,0.35608858,0.11051099,0.2693173,0.6476107,0.35335958
0.82942456,1.0,0.333839,0.14745003,0.12106652,0.043299563,0.65016234,0.903792,0.06966472,0.04497829,0.063360795,0.12239622
0.39908007,0.44346103,0.2377513,0.42235896,0.29464078,0.0836133,0.9023856,1.0,0.04344417,0.014915969,0.01976832,0.11590822
0.11535385,0.034701083,0.07176191,1.0,0.51650614,0.03834582,0.40459937,0.49239966,0.01897063,0.0042610033,0.00977508,0.08858363
0.1273824,0.014541591,0.057443924,1.0,0.5693709,0.020459048,0.2753485,0.39603403,0.018433236,0.0022857497,0.006009395,0.08244519
0.23401815,0.0328684,0.019994454,0.5255788,1.0,0.08350911,0.1800832,0.5101254,0.049495246,0.0030022394,0.005974126,0.08141481
0.10769343,0.02119429,0.002416312,0.16854702,1.0,0.17868757,0.04027271,0.25265408,0.046905298,0.0030498127,0.0061926376,0.023944912
0.17365514,0.037627563,0.0037860505,0.13860649,0.9254502,0.19241917,0.10771451,1.0,0.2604472,0.0082457345,0.01457867,0.04023736
0.10933985,0.024325801,0.0035691285,0.021171961,0.08842277,0.01526027,0.086933725,1.0,0.33409664,0.01491412,0.02386395,0.06299813
0.17722337,0.05643808,0.0151359355,0.026500594,0.077068426,0.018733457,0.10468664,1.0,0.31107286,0.08162367,0.13114573,0.15881151
0.67192274,0.272266,0.07513892,0.065200284,0.28354186,0.13709626,0.297474,0.9867182,0.25337762,0.23393738,1.0,0.2986972
0.7107016,0.4806817,0.107186265,0.0990422,0.6237637,0.35529107,0.6194096,0.27571276,0.10038832,0.11455731,1.0,0.30715385
1.0,0.74314886,0.16202904,0.1450164,0.96852386,0.48905653,0.71459234,0.23558672,0.10662118,0.036307998,0.3383516,0.1968335
0.97879857,0.6874258,0.12556382,0.12701805,1.0,0.41284153,0.43448842,0.2262249,0.10898255,0.024261285,0.14159945,0.1307869
1.0,0.43967962,0.06035896,0.12916142,0.7441076,0.25813186,0.19097045,0.16498715,0.060164083,0.027330048,0.08798204,0.18599401
1.0,0.25076926,0.038426317,0.20915166,0.6548424,0.20866784,0.13744552,0.15935846,0.0405844,0.04758886,0.08169475,0.26296434
1.0,0.47513342,0.086123995,0.17645103,0.52568674,0.16763772,0.15689163,0.2250991,0.13107014,0.09165959,0.46955124,0.27536896
1.0,0.91438174,0.18538909,0.10808081,0.22271344,0.1454835,0.17824802,0.65912306,0.5162844,0.13574326,0.86699045,0.28532082
1.0,0.5585787,0.15686715,0.07474006,0.14150354,0.11109774,0.19666384,0.9476349,0.5451491,0.056547116,0.27563277,0.27830288
1.0,0.6225083,0.08319818,0.055426408,0.12275828,0.023030145,0.025243973,0.08392243,0.05759315,0.017100038,0.056685857,0.2538567
1.0,0.3364615,0.026224883,0.045984417,0.05516909,0.006698857,0.018502409,0.02546277,0.0072187926,0.002933073,0.017234541,0.37928054
1.0,0.19300877,0.0152785415,0.05222063,0.058315806,0.0057026204,0.038143013,0.08448375,0.008214202,0.0023419952,0.00923375,0.36592638
1.0,0.10887385,0.00824395,0.062678196,0.12224382,0.010793007,0.07184111,0.22650124,0.02260106,0.0017715344,0.0062967124,0.31791162
1.0,0.18380769,0.0045010108,0.093020834,0.5279748,0.14258565,0.080624655,0.43021747,0.08162626,0.0019417936,0.005071012,0.20363702
0.61343133,0.23554218,0.0108405985,0.06845333,1.0,0.7262766,0.08666258,0.4935383,0.22780731,0.00678924,0.008748177,0.067550875
0.35152754,0.14446689,0.017638408,0.021271281,0.2902152,0.28180268,0.09734112,1.0,0.61686283,0.034735885,0.042994455,0.08570641
0.2306563,0.089657955,0.019581722,0.014305386,0.04558125,0.021183884,0.08913398,1.0,0.5384075,0.09108094,0.17250983,0.13959374
1.0,0.4341287,0.051396206,0.021899313,0.045995608,0.024815504,0.068689585,0.31503305,0.07619032,0.09736023,0.31904238,0.2471806
1.0,0.42108443,0.027646169,0.019739602,0.048175015,0.01824234,0.020858971,0.05863968,0.014994049,0.021273892,0.042922266,0.15360227
1.0,0.3718452,0.04993276,0.066815674,0.24555561,0.054151382,0.050378315,0.18901643,0.05076296,0.046015847,0.09008246,0.13716657
0.7401828,0.25903332,0.08653043,0.15349013,0.87372816,0.21518677,0.10673718,1.0,0.60696,0.1278594,0.2868858,0.12184539
0.10574465,0.04339989,0.01501334,0.04100286,0.29240558,0.096225016,0.10727477,1.0,0.6062463,0.055343907,0.06694113,0.021041593
0.068361975,0.015078861,0.0106268,0.08403894,0.17312497,0.06520939,0.36347437,1.0,0.3101196,0.06808011,0.033889968,0.03286715
0.1451119,0.012761222,0.038031653,0.4871169,0.3461094,0.1389789,0.94715285,1.0,0.15888342,0.21892442,0.057907775,0.16776693
0.1947385,0.019446231,0.043192707,0.83679676,1.0,0.22219269,0.52565074,0.62418807,0.19384515,0.33023977,0.065928094,0.17121297
0.11719798,0.0282619,0.0129089635,0.38915133,1.0,0.14156066,0.25574338,0.50161564,0.105951354,0.10087886,0.015329864,0.040580157
0.1701194,0.056268696,0.015970102,0.3263738,1.0,0.12490709,0.1794457,0.39073375,0.095922604,0.033310395,0.013944732,0.073509365
0.646519,0.16790853,0.058095813,0.5447674,1.0,0.12708697,0.120483786,0.25212938,0.10303079,0.049240053,0.09068618,0.45900863
1.0,0.25671238,0.072705045,0.29475555,0.4272544,0.12725243,0.3353385,0.4277398,0.10778045,0.1485704,0.28009826,0.54027987
0.54126394,0.043460883,0.014089096,0.03287606,0.061747547,0.1146016,0.42001945,0.11606152,0.021542728,0.03971405,0.21138878,1.0
0.2425189,0.0059733074,0.0064172456,0.021608423,0.019859828,0.18227519,0.8436439,0.14673421,0.00767246,0.012683086,0.20674954,1.0
0.22170295,0.0042195334,0.0063109277,0.023481721,0.009627654,0.16477402,0.9107603,0.17385863,0.0048636254,0.007316886,0.18848097,1.0
0.45121592,0.010194161,0.0025757474,0.014022915,0.0053914967,0.04764029,0.56479627,0.26616117,0.006890404,0.004520433,0.09784648,1.0
0.5883793,0.017483342,0.00869379,0.011305785,0.014172131,0.032062665,0.48114675,0.3399808,0.031825528,0.019759186,0.08822726,1.0
0.42736638,0.020281022,0.02168321,0.025709791,0.03961567,0.07966063,0.3339231,0.21633351,0.065500185,0.0788673,0.27536145,1.0
0.20924783,0.025145127,0.046579115,0.09721213,0.10696252,0.19779745,0.20553763,0.13589929,0.23364033,0.6489827,1.0,0.64067346
0.14188004,0.058052883,0.09526238,0.20365249,0.20671104,0.09830081,0.08540503,0.16469498,0.46337333,1.0,0.70359546,0.19613916
0.62191856,0.18424752,0.1751667,0.57777774,0.50304127,0.18390593,0.282402,0.6016031,1.0,0.99980646,0.43369138,0.9396996
0.41152927,0.065297455,0.10739958,0.38438946,0.32871246,0.18849489,0.20916854,0.3302372,0.47163916,0.46074146,0.3374176,1.0
0.43910033,0.05744591,0.09866705,0.26462296,0.24917701,0.15477565,0.21910076,0.3368666,0.21920002,0.31808588,0.44728172,1.0
0.89514893,0.14885426,0.15967764,0.3571391,0.44504514,0.34231395,0.72576183,0.8716115,0.780655,0.70451623,0.5020009,1.0
0.35725108,0.1520528,0.12361928,0.21912804,0.32574722,0.3760268,0.84409225,1.0,0.9138415,0.6657872,0.28476408,0.3743673
0.19027394,0.10298322,0.11040159,0.21228768,0.45684898,0.52535605,0.8848726,1.0,0.74503624,0.5606376,0.28638163,0.24774663
0.21643858,0.12417085,0.19277154,0.30607197,0.45905125,0.6474111,0.970631,1.0,0.9697862,0.6110392,0.3110452,0.3961293
0.097685724,0.10721147,0.21730411,0.3148343,0.51124424,0.7695228,1.0,0.63425684,0.52366436,0.32450637,0.1997363,0.16445942
0.09103733,0.12295876,0.22894411,0.21832052,0.47281128,0.9754771,1.0,0.45012227,0.6353272,0.46952772,0.12205608,0.07893525
0.120604254,0.16536428,0.22669998,0.17815505,0.33477107,0.7933925,1.0,0.45861274,0.7170293,0.53233624,0.14118102,0.08810669
0.17172359,0.16303039,0.2615273,0.25548792,0.28632408,0.55331826,1.0,0.74725515,0.8708699,0.6158689,0.19781639,0.13050167
0.34427202,0.29860246,0.60438275,0.41378036,0.4640325,0.5441722,1.0,0.8061893,0.9605644,0.8257801,0.37580818,0.33018675
0.40354604,0.35957018,0.8186586,0.6525261,1.0,0.8141931,0.9919722,0.97196835,0.8299095,0.67115676,0.45496702,0.43496734
0.21156572,0.21362393,0.75624084,0.70023805,1.0,0.8646378,0.8429351,0.94690126,0.7192107,0.6047992,0.3309097,0.20977004
0.27119878,0.18644997,0.736602,0.6962659,0.85765356,1.0,0.8765801,0.79764235,0.679018,0.81176007,0.32740855,0.26447108
0.3734797,0.24418479,0.50545657,0.5705433,0.57097304,0.930475,0.6393732,0.92956096,0.9223247,1.0,0.36684468,0.36675555
0.21041942,0.24424599,0.37379295,0.38001543,0.42423236,0.72034496,0.6028483,1.0,0.8287257,0.786322,0.32550085,0.22587232
0.120106496,0.16614719,0.34449533,0.45942324,0.40706557,0.51861316,0.67792606,1.0,0.58730084,0.37780678,0.2534279,0.17529298
0.14115769,0.14153132,0.31635723,0.6012378,0.66680366,0.4479375,0.67521125,1.0,0.7321592,0.2847407,0.18508218,0.1267763
0.117362514,0.12253292,0.3359515,0.6512546,0.57362163,0.48032767,0.7575591,0.63717246,1.0,0.3975438,0.16260812,0.09188603
0.07484484,0.063286364,0.12709145,0.16990863,0.26033518,0.44503567,0.87417305,0.5191519,1.0,0.5302838,0.12100763,0.0815998
0.38305283,0.80503887,0.5365693,0.62404233,0.56879526,0.5610449,0.84868026,0.5676287,0.7504684,1.0,0.80566233,0.23034428
0.26080376,1.0,0.59617907,0.96979046,0.5727154,0.2495324,0.3371282,0.11322128,0.102680266,0.36840412,0.40946504,0.058935188
0.1837876,0.7837877,0.79688734,1.0,0.61642694,0.203859,0.549331,0.4291909,0.22336183,0.3106727,0.30727005,0.06745551
0.04605862,0.36023304,1.0,0.7467219,0.20154753,0.09749354,0.35342124,0.51418406,0.1715943,0.123001896,0.22163229,0.12984422
0.05751903,0.23341168,1.0,0.7355966,0.15517864,0.101553485,0.17631751,0.35656884,0.14886637,0.1088387,0.22179332,0.15827109
0.0659573,0.08960301,0.8071387,1.0,0.1858566,0.084687024,0.048614334,0.2298648,0.28712127,0.08550276,0.056324285,0.09888672
0.04898902,0.029467138,0.28856832,1.0,0.3553024,0.086964175,0.033919875,0.09423017,0.27919418,0.10815251,0.016445098,0.024888474
0.046935234,0.02821042,0.25194547,1.0,0.40487024,0.11904661,0.061456528,0.074531324,0.17385525,0.08123216,0.024130657,0.031150155
0.071635365,0.0779464,0.5800811,1.0,0.38429204,0.29436043,0.13454707,0.18362714,0.18517067,0.13927387,0.14438707,0.19404383
0.11735282,0.23131698,1.0,0.836417,0.432707,0.3645811,0.19770288,0.14525391,0.11962386,0.2953562,0.59345025,0.51964575
0.23467547,0.35271978,0.7783824,1.0,0.64198005,0.4326618,0.22661632,0.18893589,0.29420194,0.8920083,0.7938696,0.57836616
0.15293288,0.078567185,0.38260427,1.0,0.46699622,0.13033013,0.06123888,0.14224981,0.28894484,0.3474738,0.18224356,0.25750953
0.06652286,0.04697515,0.27571258,1.0,0.54943323,0.10050294,0.02723202,0.06298539,0.27986017,0.329822,0.14293933,0.13501157
0.04370892,0.18436392,0.5011894,1.0,0.545618,0.20294113,0.036760263,0.06680106,0.2106467,0.5202659,0.42099544,0.076977305
0.056246046,0.22920881,0.59808093,1.0,0.39157858,0.14587522,0.056494754,0.11948809,0.20832746,0.3945393,0.3302441,0.08965772
0.10755459,0.36149293,0.9116363,1.0,0.3662292,0.110885575,0.11947393,0.32078528,0.40316093,0.39635095,0.46507296,0.39212975
0.15403731,1.0,0.81765354,0.6829583,0.36012563,0.09246517,0.1825152,0.34510103,0.44186032,0.59054327,0.50121033,0.29923847
0.12909709,0.685938,0.7045762,1.0,0.33178505,0.18466856,0.32816416,0.63339585,0.59232646,0.35868287,0.33718988,0.19109492
0.05017676,0.07255181,0.16005696,0.6806573,0.43368006,0.10430903,0.16555117,0.5690879,1.0,0.73409444,0.16912536,0.04593839
0.006003318,0.0070598,0.024225453,0.22347441,0.20884629,0.07744185,0.03313119,0.06583306,0.4534732,1.0,0.40690082,0.053068582
0.06846613,0.013665984,0.017000593,0.07665572,0.097260356,0.20379823,0.20593472,0.060156614,0.2726518,1.0,0.8914572,0.38547328
0.80704516,0.14134412,0.026371023,0.03435034,0.048171356,0.20990731,0.7296813,0.78796893,0.18192177,0.1588582,0.33948696,1.0
1.0,0.4326131,0.028137136,0.0065980465,0.010347464,0.023384606,0.17867962,0.8197339,0.32511652,0.019720664,0.046034206,0.31536484
1.0,0.8837392,0.07303755,0.007790448,0.014033337,0.012600541,0.034653615,0.65738,0.76025814,0.037435867,0.0107035665,0.12067286
0.9108816,1.0,0.087128125,0.009698646,0.032296177,0.025655098,0.039646823,0.57477677,0.8976532,0.06729059,0.017067952,0.07786336
1.0,0.79893434,0.0576966,0.015040649,0.05048218,0.030047044,0.04445369,0.34868646,0.40219444,0.059332922,0.021700535,0.12314122
1.0,0.493297,0.021670192,0.01474687,0.045272823,0.022033889,0.025511112,0.0988088,0.058591556,0.016392704,0.009218478,0.1341435
1.0,0.5064746,0.020845333,0.006908901,0.022686115,0.010093235,0.01454047,0.035751253,0.01965387,0.009469013,0.007499602,0.13444906
1.0,0.56302875,0.029667417,0.008730163,0.03326356,0.019512806,0.025032686,0.048475053,0.036694407,0.011111191,0.008864082,0.12834571
0.9662073,1.0,0.09455549,0.012649946,0.036535773,0.033581793,0.019880788,0.038235553,0.042947307,0.014301809,0.0065634255,0.083787166
1.0,0.88650846,0.09156911,0.0055615725,0.023551375,0.02238957,0.009974199,0.036917042,0.030779598,0.0067655896,0.0062335813,0.11998457
1.0,0.3199304,0.021092193,0.004115113,0.008745179,0.0074662734,0.015769703,0.04108481,0.011862888,0.0025033324,0.011360659,0.2603773
1.0,0.14165263,0.0045036245,0.0041285176,0.006389291,0.005108376,0.052010987,0.09617393,0.011161819,0.0032634912,0.019313864,0.47436842
1.0,0.121045776,0.005404794,0.006663682,0.0074172793,0.0051267985,0.14417855,0.3681024,0.038330898,0.0046481416,0.02430272,0.57219714
1.0,0.29017517,0.009546428,0.0035997701,0.0055362796,0.0040152185,0.114414066,0.6555459,0.1488407,0.0038001298,0.012960518,0.29786074
1.0,0.515368,0.020070402,0.004582139,0.0073676133,0.0055983984,0.06347983,0.8572349,0.3724028,0.006595964,0.005985586,0.14975576
0.7454123,0.4911272,0.026823388,0.005246477,0.006683253,0.004387878,0.048212495,1.0,0.6264696,0.0121199265,0.00338381,0.07875423
0.5340486,0.24213281,0.014838125,0.002356266,0.003340616,0.003176092,0.09366355,1.0,0.47003698,0.00873057,0.007658049,0.11393863
0.9173679,0.13807964,0.0069792806,0.0020609244,0.0021947536,0.012342956,0.41875494,1.0,0.20810334,0.005084449,0.0390778,0.6105445
1.0,0.09622975,0.004560961,0.0042426204,0.004553025,0.01867949,0.6375374,0.7964806,0.044692855,0.0031011163,0.059681818,0.9300524
1.0,0.19104825,0.007407316,0.0040847794,0.00523791,0.005497656,0.21229202,0.57778144,0.09740975,0.004191563,0.02597832,0.47626382
1.0,0.5523228,0.036997434,0.0029734299,0.0059598098,0.0033379337,0.048703313,0.58927596,0.45469356,0.018761212,0.015629048,0.20635737
0.8270281,1.0,0.096419856,0.003767769,0.009829052,0.008395766,0.017726963,0.6153032,0.95559305,0.0452245,0.0057567083,0.07095244
1.0,0.94349235,0.07910848,0.0046299337,0.011548723,0.010689644,0.03594354,0.7538926,0.7690574,0.03355733,0.0049696006,0.09135611
1.0,0.53595054,0.03360558,0.0056940657,0.011668672,0.008516898,0.069032244,0.56474984,0.20489119,0.0113016805,0.016758634,0.205
1.0,0.37576056,0.04979068,0.009923115,0.024247522,0.016291885,0.14664093,0.4306192,0.08283909,0.012535993,0.08898058,0.7090851
0.7876746,0.23756406,0.029370476,0.016193349,0.043192226,0.049686983,0.12680313,0.21901686,0.08778346,0.042015534,0.29264772,1.0
1.0,0.465396,0.050404396,0.04925782,0.12003677,0.15427601,0.20915191,0.24171528,0.35099915,0.6074245,0.9215957,0.96591985
0.3147957,0.23822016,0.11120622,0.097861506,0.09579266,0.18739574,0.21558037,0.3618603,0.6934901,1.0,0.8930657,0.4047647
0.8936625,0.2646608,0.053726677,0.030050185,0.03368367,0.09192552,0.43521166,0.24843194,0.070711434,0.057056677,0.17682762,1.0
0.9514878,0.07350791,0.008437828,0.02280448,0.0121568,0.020477172,0.24101833,0.16521601,0.009548939,0.0075083002,0.06531837,1.0
1.0,0.10568196,0.0058934223,0.032411706,0.036501933,0.017125545,0.15286493,0.24080674,0.020276358,0.002683677,0.022635918,0.5759106
1.0,0.286115,0.02473366,0.056234024,0.118023,0.039327677,0.09713972,0.4436051,0.12933949,0.0070617287,0.0074822325,0.1975814
1.0,0.78819305,0.07676342,0.08147098,0.42017344,0.44319892,0.07791095,0.73988056,0.6387784,0.0298935,0.012513723,0.06770613
0.62118995,0.7317942,0.043641083,0.023925608,0.4912768,1.0,0.13746893,0.53453267,0.77998555,0.04413453,0.01448996,0.03451735
0.520877,0.41017073,0.026179245,0.0149086425,0.17007443,0.31061238,0.08578582,0.8395008,1.0,0.052113276,0.02440221,0.08121601
0.39131778,0.24099797,0.022796586,0.020827847,0.041411057,0.02194715,0.07737545,1.0,0.8645753,0.09881708,0.093830906,0.15248486
1.0,0.24765159,0.022734256,0.051866785,0.04257718,0.018888827,0.1317034,0.4184083,0.13571481,0.24214937,0.24083218,0.59583646
1.0,0.242713,0.025069932,0.0155759165,0.01916099,0.00502342,0.025204696,0.058536984,0.017626142,0.033903923,0.039582327,0.36778674
0.6564954,1.0,0.24805781,0.024367934,0.017902702,0.012944398,0.008857788,0.04445701,0.053617906,0.016370801,0.04550792,0.073391505
0.24349958,1.0,0.39784437,0.034949634,0.046746805,0.04984555,0.020019125,0.2553189,0.2958079,0.023195073,0.035685208,0.024354601
0.03587339,0.15564854,0.07504206,0.020406043,0.083928,0.056073997,0.15507469,1.0,0.3578485,0.010485673,0.005475898,0.007387909
0.024730003,0.025484579,0.0072189644,0.028009115,0.049466606,0.03613742,0.39456257,1.0,0.11320306,0.0027139739,0.0018611435,0.009581169
0.021908117,0.011695793,0.0032283035,0.019483676,0.02924378,0.02562627,0.37993464,1.0,0.124627985,0.0022595404,0.001105763,0.0088617075
0.10409563,0.08025793,0.006410664,0.006795696,0.023914842,0.013263029,0.15615854,1.0,0.39854217,0.00899654,0.0041548247,0.015221775
0.7728036,0.5004706,0.042614985,0.010060407,0.036421955,0.02420075,0.08452989,1.0,0.79002434,0.03522603,0.05567929,0.21730076
1.0,0.44060165,0.0649226,0.02481377,0.06650257,0.038126558,0.122907124,0.4685918,0.3506532,0.10688586,0.28667617,0.7363225
0.6140781,0.3019558,0.11011656,0.16856669,0.21847981,0.24520946,0.4255118,1.0,0.97282434,0.92631435,0.8870909,0.7155325
0.07345257,0.05849927,0.094468504,0.037647415,0.119069934,0.632125,0.3683345,1.0,0.7745865,0.2222145,0.41727987,0.21010514
0.017084587,0.030841388,0.12274588,0.1436094,0.09033185,0.65333295,1.0,0.6048214,0.32277438,0.058382694,0.13075948,0.060432088
0.009689545,0.00723073,0.040824275,0.13800304,0.052604366,0.194297,1.0,0.44012707,0.055447925,0.022812758,0.017572083,0.017951306
0.0101939775,0.007962215,0.033238433,0.1173993,0.05159667,0.15880856,1.0,0.46625766,0.073080234,0.06674017,0.038097218,0.019472208
0.015755827,0.032355174,0.11795273,0.17531891,0.10527409,0.479545,1.0,0.4312483,0.20564026,0.17463459,0.113460034,0.039095704
0.041557506,0.1579415,0.5038054,0.29052952,0.24722159,1.0,0.65031457,0.5788047,0.65471107,0.4135389,0.31823412,0.08029096
0.052880313,0.13877665,0.2629157,0.24051967,0.26729056,1.0,0.775168,0.4868281,0.60376734,0.53775644,0.27493647,0.07643776
0.06165426,0.14601094,0.31327218,1.0,0.67575026,0.68942523,0.6994681,0.79836386,0.97860885,0.8208066,0.4924877,0.13506491
0.078067504,0.08135321,0.28910044,1.0,0.645849,0.32937616,0.36532947,0.42415333,0.735781,0.5193571,0.2673686,0.08895528
0.2337122,0.19306913,0.4931619,1.0,0.7839761,0.53845656,0.7641568,0.8115932,0.8360223,0.4854093,0.28964522,0.17483841
0.25607416,0.30969867,0.4966968,1.0,0.942282,0.4733876,0.8239539,0.96104693,0.65977174,0.45676595,0.3626636,0.17117955
0.07019433,0.077976756,0.1745967,0.16610377,0.2958828,0.504176,0.56791335,0.8797379,1.0,0.32183093,0.16408977,0.11502521
0.06380512,0.036602862,0.14472724,0.100075796,0.2067508,0.34142742,0.3926833,1.0,0.8695212,0.18257347,0.12919228,0.24474584
0.11352816,0.11117732,0.14027178,0.17894472,0.4138555,0.44443837,0.6653576,1.0,0.5870541,0.20829743,0.43024543,0.39873832
0.12203895,0.25264707,0.22101483,0.28892198,1.0,0.55693305,0.7303246,0.38060173,0.14121938,0.19991799,0.8309624,0.48341674
0.24392153,0.19846086,0.37563455,0.30057415,0.708473,0.5010019,0.38771337,0.41570675,0.14484479,0.08700844,0.50737137,1.0
0.44895315,0.098798685,0.32481283,0.724921,0.3974623,0.24263841,0.17567761,0.277278,0.3937212,0.122213796,0.2106714,1.0
0.2560902,0.080755815,0.1285713,1.0,0.5279524,0.061534666,0.116138116,0.07320775,0.26549557,0.12572524,0.04616019,0.18525188
0.19233038,0.053627416,0.18860298,1.0,0.5099633,0.07621297,0.119452104,0.0827928,0.16231605,0.12255522,0.10189287,0.23653261
0.56753534,0.11872375,0.32067978,0.73366106,0.6306002,0.19191162,0.16989498,0.14913414,0.34718063,0.49774438,0.56145793,1.0
0.88049257,0.37497875,0.39228877,1.0,0.52062,0.44765958,0.5814351,0.6781243,0.82604265,0.48356187,0.36727157,0.6621006
0.31338453,0.30647972,0.5063431,0.68328995,0.557219,0.40427336,0.58682543,1.0,0.97474277,0.6353395,0.6044088,0.31646162
0.32268265,0.1711763,0.29716355,0.4595744,0.37221134,0.26342198,0.48505306,0.527683,1.0,0.87589127,0.83470404,0.3951955
0.2042188,0.1464049,0.14520931,0.45374328,0.62277853,0.36861655,0.5591752,0.42679995,1.0,0.7145164,0.6067544,0.44923887
0.15521714,0.15199016,0.15674067,0.47598672,1.0,0.42471802,0.63864326,0.632652,0.6707174,0.38753802,0.43406048,0.25760576
0.16523327,0.216216,0.13984767,0.4196489,0.8851904,0.39750826,0.81656,1.0,0.6729986,0.5612252,0.40254387,0.20812538
0.14436623,0.25675932,0.27413693,0.6376703,1.0,0.4136169,0.6548259,0.66593623,0.5056177,0.6260664,0.3681105,0.2084555
0.159833,0.20915413,0.6036834,0.73393214,1.0,0.61314684,0.6321473,0.49371403,0.56435674,0.61394453,0.28637984,0.19547647
0.18237971,0.18203898,0.4697131,0.7975277,1.0,0.6620476,0.52907634,0.4232279,0.4360971,0.38990992,0.16809821,0.1596302
0.21653873,0.24835521,0.37192497,0.64211386,1.0,0.6868792,0.6397148,0.69199985,0.36972132,0.28061205,0.19460039,0.17760482
0.26663804,0.3405417,0.46529728,0.67908984,0.91358465,0.762395,1.0,0.97983986,0.66763777,0.7829002,0.5221563,0.3092488
0.4099746,0.32126975,0.47631106,0.91186106,0.9225264,0.8437598,1.0,0.73898774,0.60504866,0.92592955,0.63778496,0.4638221
0.3962793,0.4052123,0.47542116,0.78893965,0.8794823,1.0,0.7589961,0.60629094,0.7575805,0.4492704,0.26964968,0.29212484
0.43822968,0.62176806,0.6884805,0.7223657,1.0,0.97495294,0.8370995,0.66452503,0.63492614,0.30420664,0.19684684,0.15521273
0.19563445,0.3552514,0.87996477,0.76294565,1.0,0.7792496,0.920056,0.7441447,0.46686643,0.5373514,0.46936008,0.19649273
0.20082715,0.19850771,0.77168214,0.6721008,0.57229817,0.7130457,0.8313728,0.48474842,0.60445124,1.0,0.8184633,0.46581465
0.26922867,0.0627141,0.15584464,0.28160757,0.2733087,0.1830685,0.60301405,1.0,0.34632185,0.23198794,0.2465831,0.52023596
0.13932103,0.04751104,0.06296478,0.16227464,0.22563529,0.10656832,0.30115968,1.0,0.59018743,0.29595548,0.15034996,0.17866321
0.069454275,0.061343554,0.08166717,0.25300655,0.4029111,0.4696415,1.0,0.9494073,0.7600848,0.5463056,0.30814815,0.109514356
0.012907633,0.0155528495,0.017068323,0.041815266,0.18967807,0.255619,1.0,0.41605613,0.060655303,0.039899617,0.07952614,0.05684771
0.021264391,0.016154585,0.090619184,0.059822906,0.23110268,0.36703378,1.0,0.8414093,0.1749112,0.022846846,0.07181299,0.094886385
0.050953936,0.05490359,0.25984344,0.116799705,0.10248192,0.26906136,0.5467898,1.0,0.3980906,0.056975674,0.028982129,0.05001389
0.12031548,0.09486701,0.14834048,0.22624698,0.6406054,1.0,0.99218255,0.755604,0.5574513,0.12492516,0.03316921,0.06046517
0.1415688,0.079173,0.3243571,1.0,0.93509495,0.62659866,0.33374062,0.4472883,0.4736404,0.14282024,0.035642568,0.086822435
0.07917734,0.055203743,0.49499026,1.0,0.18383218,0.09636136,0.20350966,0.23390837,0.19247232,0.069857635,0.023094017,0.041576803
0.057024453,0.059998363,0.40896583,1.0,0.18234555,0.09476237,0.12171549,0.19098757,0.06368994,0.02803112,0.022210427,0.03432858
0.09847498,0.1554403,0.24200363,1.0,0.28494695,0.08921472,0.053397436,0.13534762,0.025760287,0.012960957,0.02503028,0.058970176
0.15285224,0.21739782,0.24646123,1.0,0.30167782,0.103517406,0.05775448,0.13189417,0.023269923,0.014424135,0.03080626,0.09002354
0.10828816,0.12182184,0.6779236,1.0,0.20501372,0.11169937,0.12265114,0.13427804,0.03492174,0.038174685,0.040398408,0.07852268
0.098272674,0.4430887,1.0,0.3998825,0.108034685,0.0874373,0.1260625,0.048160974,0.029964264,0.045770578,0.025034785,0.07439001
0.086844385,0.95143825,1.0,0.13352545,0.07959458,0.06263423,0.057275675,0.02757114,0.025289789,0.02707582,0.011773776,0.059025634
0.066469885,0.7218805,1.0,0.12868945,0.071121275,0.038749915,0.045871776,0.015583514,0.017733252,0.026933797,0.0089933975,0.055047702
0.17600138,0.7227619,1.0,0.17586176,0.07759071,0.0944622,0.12638828,0.027250553,0.03429516,0.071933106,0.01755347,0.10991175
0.7257041,1.0,0.5169885,0.1695611,0.09781365,0.16765837,0.20461668,0.05338929,0.048334602,0.07314648,0.034999866,0.15365653
0.89406765,1.0,0.23917112,0.08487257,0.1798975,0.2939534,0.43780473,0.07398904,0.026409106,0.018218908,0.023327738,0.09804135
1.0,0.5944813,0.07997224,0.048790928,0.18751504,0.2762646,0.34111828,0.062727444,0.020502262,0.01562136,0.020378204,0.1537714
1.0,0.52925897,0.06241896,0.058513872,0.3146399,0.2366294,0.23570836,0.067128815,0.044583417,0.025224894,0.037314527,0.14839122
0.7699854,1.0,0.12681867,0.06010975,0.40708116,0.34754297,0.24603288,0.10309959,0.0752781,0.028918568,0.06888495,0.092660986
0.4930595,1.0,0.15190247,0.06863407,0.13664609,0.19336276,0.16087286,0.106113456,0.07300141,0.026293214,0.050792806,0.073124535
0.47604173,1.0,0.20156704,0.0965311,0.07961035,0.11897625,0.10130449,0.087545894,0.0529035,0.023145651,0.02852531,0.110043705
0.86702466,1.0,0.24791063,0.1418057,0.18121491,0.20038159,0.109563,0.10645098,0.08499396,0.08211494,0.21951514,0.5862846
0.8508278,0.74705213,0.53234935,0.4879447,0.5819057,0.78358227,0.74706143,0.6306144,0.46445912,0.5980472,1.0,0.7271866
0.40657613,0.38178053,0.41384336,0.7267057,0.8215811,0.7202067,1.0,0.9100193,0.52500975,0.5083153,0.41550303,0.29739553
0.3126441,0.3401376,0.3585479,0.9870173,1.0,0.6799325,0.79495245,0.68598753,0.45456395,0.47679767,0.3374531,0.23955476
0.278116,0.3670778,0.37893364,0.9174147,1.0,0.70302904,0.8255066,0.9408884,0.45051333,0.4371773,0.32167816,0.24908856
0.9926316,0.69020444,1.0,0.88707656,0.3251953,0.25077638,0.3209132,0.454131,0.96121246,0.7792,0.401898,0.95770276
0.6795413,0.43770176,0.37465113,0.4238216,0.090548895,0.05263907,0.080202006,0.11442839,0.3432224,0.31034288,0.2215061,1.0
0.5455174,0.35500273,0.252002,0.25051323,0.073936835,0.03515625,0.04872724,0.058720324,0.10495988,0.101618744,0.15344909,1.0
1.0,0.5194909,0.9792033,0.2317783,0.101112545,0.025254449,0.04084294,0.07636253,0.17429708,0.07986649,0.078737356,0.8741148
0.73634815,0.5283398,1.0,0.35590094,0.064842805,0.023665829,0.028399978,0.055662505,0.11932508,0.07584386,0.023765795,0.22407915
0.6773715,0.9093811,0.8011945,1.0,0.100324936,0.051488433,0.031152759,0.05657171,0.09101379,0.038720507,0.025949163,0.1036172
0.68760425,1.0,0.5204548,0.8084363,0.07753958,0.033731822,0.021881832,0.047737274,0.067057885,0.009000513,0.020742023,0.09005739
1.0,0.6294115,0.33205533,0.21751313,0.045151718,0.035294615,0.035914928,0.04342988,0.022942953,0.00450499,0.013606204,0.1735111
1.0,0.3370582,0.14895819,0.052009754,0.05154329,0.117187925,0.09702737,0.06969166,0.016141478,0.0042473166,0.018262563,0.32667297
1.0,0.6054055,0.07432595,0.02389504,0.0644493,0.09388843,0.076992445,0.08140368,0.043351527,0.004539358,0.019383501,0.24148992
0.7141552,1.0,0.22834088,0.034562856,0.06507123,0.10991779,0.04146864,0.054369003,0.07902269,0.016948802,0.025000365,0.12108915
0.16425653,1.0,0.74996984,0.10567024,0.05177098,0.22297187,0.07467295,0.043515418,0.09440515,0.03247164,0.011409666,0.034380823
0.1883089,1.0,0.7203583,0.13793695,0.10745788,0.21447858,0.14481258,0.49247545,0.284505,0.031087467,0.022955118,0.04087627
0.14546657,0.12455624,0.048821855,0.048968486,0.09413605,0.041299734,0.36100876,1.0,0.13623741,0.008551663,0.010394873,0.035732497
0.096143804,0.028118225,0.0066714375,0.07151401,0.2341678,0.046735253,0.32369453,1.0,0.14421561,0.00552845,0.0057913805,0.02948883
0.15219462,0.038385317,0.062911354,0.44195884,0.7482518,0.17293535,0.3785544,1.0,0.22089574,0.011773799,0.05287736,0.1543434
0.19775385,0.10008699,0.3558961,1.0,0.9821516,0.578463,0.79314893,0.5240657,0.085218005,0.07076984,0.29403612,0.46885294
0.16734304,0.18328902,0.49167946,1.0,0.8219046,0.48539785,0.38723862,0.17886074,0.054293714,0.114921026,0.25510246,0.23693508
0.074090555,0.16933078,1.0,0.97259724,0.28137892,0.1651353,0.16411676,0.1761162,0.071552984,0.053528387,0.059996434,0.10325855
0.23223789,0.12261288,0.4344872,1.0,0.506984,0.11739941,0.1791749,0.13185744,0.06989934,0.037549555,0.04097561,0.13601711
0.45808753,0.2675573,0.6156583,1.0,0.71365607,0.27506348,0.53712434,0.21264806,0.06263947,0.07900139,0.090203956,0.34362915
0.2595285,0.29164577,0.9760689,0.9122499,0.6195375,0.41298583,1.0,0.5726586,0.13394298,0.18641172,0.5725609,0.57879585
0.20509194,0.045374595,0.24499339,0.355474,0.9027806,0.34680143,0.2343836,0.28898486,0.15410022,0.09634414,0.5037617,1.0
0.16200814,0.014514714,0.08079446,0.30244234,1.0,0.34609854,0.018174771,0.046556007,0.1457874,0.037200842,0.08041636,0.49449477
0.040911395,0.034364574,0.25392452,1.0,0.9079246,0.20951468,0.019986529,0.12938789,0.16243853,0.02102083,0.025498303,0.10483558
0.018010346,0.07111759,0.3266879,1.0,0.5020389,0.089412786,0.03572991,0.16417952,0.089866236,0.011656206,0.020826405,0.02971604
0.83618784,0.8276777,0.54141456,0.7963602,1.0,0.3140349,0.262271,0.3803837,0.13959746,0.08268189,0.14307356,0.38212353
1.0,0.1942682,0.062453065,0.22953232,0.3018886,0.053402234,0.27671257,0.55748117,0.047719274,0.028474638,0.05726514,0.5055113
1.0,0.2954786,0.047894675,0.195246,0.46621752,0.09078556,0.14748736,0.5735295,0.12749015,0.020770118,0.05545402,0.36806074
0.98794925,1.0,0.34578508,0.45058694,0.7753826,0.9121407,0.2928092,0.58947986,0.42186713,0.057412703,0.07798447,0.24306136
0.28611755,0.9625006,0.43384692,0.551279,0.511456,1.0,0.3471322,0.23836656,0.16745298,0.044124488,0.120271534,0.14531463
0.4923391,0.6019738,0.20016818,0.4672552,1.0,0.6839278,0.29161906,0.2759414,0.1461093,0.08809364,0.3748199,0.27293718
0.9574542,0.15191516,0.079582274,0.5542741,0.93519676,0.7538305,0.21957861,0.19062819,0.17812702,0.14297196,0.28793854,1.0
1.0,0.18171595,0.06899925,0.29380995,0.5187889,0.53427446,0.15285346,0.112001345,0.0920549,0.100789554,0.15294506,0.916759
0.55682975,0.26069188,0.08153314,0.12791085,1.0,0.51216185,0.08171528,0.06707855,0.05597022,0.03899239,0.12121202,0.26481488
0.5114158,0.20260471,0.08697322,0.10304764,1.0,0.48985475,0.051119715,0.054307193,0.04608637,0.023488238,0.1409338,0.48076984
1.0,0.40072975,0.08908727,0.09104352,0.22112115,0.13783957,0.08419638,0.101648,0.10204102,0.16694254,0.33472034,0.8537732
1.0,0.5848362,0.49944034,0.40491995,0.38583884,0.32198232,0.33838102,0.3268076,0.39738247,0.5951634,0.44063503,0.9401605
0.20800258,0.67814094,1.0,0.38676172,0.10335375,0.18759169,0.21987261,0.11426335,0.24167283,0.17312579,0.06268301,0.10644515
0.037414905,0.3256601,1.0,0.40750772,0.031232342,0.1465946,0.30010626,0.049955774,0.12879032,0.29884544,0.060099766,0.012776497
0.022939462,0.19080783,1.0,0.69889987,0.20672512,0.22302082,0.6229377,0.20122486,0.16127817,0.4562567,0.15517391,0.03575204
0.056627084,0.05660897,0.43443882,0.7079511,1.0,0.44386417,0.50107676,0.34119558,0.1834924,0.26305664,0.14555441,0.15514909
0.04929413,0.024887383,0.19290023,0.7178776,1.0,0.33686355,0.16147538,0.1834799,0.122055545,0.35868186,0.39183137,0.23319386
0.02108291,0.08675491,0.26142022,0.4425334,0.22108504,0.2557595,0.2423362,0.12881397,0.37375727,1.0,0.50918007,0.06832796
0.043728214,0.18623182,0.13510029,0.08460896,0.2047934,0.4809373,0.14045812,0.3178502,1.0,0.56110895,0.13559933,0.02196201
0.045723896,0.11084076,0.06050987,0.03525044,0.1701462,0.24590085,0.02890162,0.5392647,1.0,0.09165005,0.012862527,0.008480857
0.11383258,0.1222024,0.07114566,0.04720424,0.1258092,0.15116887,0.029037038,0.6063602,1.0,0.07676114,0.021719528,0.047950443
0.7534562,0.26412863,0.115301706,0.17226858,0.36876518,0.20759696,0.07365185,0.66527265,1.0,0.28613734,0.27249306,0.7330294
0.89484406,0.41736522,0.1546822,0.20225641,0.3217279,0.24648269,0.09186924,0.12886435,0.22392693,0.29329735,0.3496979,1.0
0.55486864,0.4778265,0.24634273,0.5571314,0.49195495,0.33028316,0.13893081,0.2617196,0.6037115,1.0,0.74331886,0.4556073
0.15076387,0.08745394,0.057583027,0.11147767,0.09973306,0.11364337,0.08371514,0.05999131,0.14944889,0.35901493,0.97567356,1.0
0.12379547,0.011848618,0.007031992,0.008334329,0.008206706,0.06909648,0.10885696,0.01550869,0.009966593,0.025400102,0.4514613,1.0
0.16624841,0.0070416545,0.0046274867,0.0076021575,0.004922523,0.033905618,0.11502768,0.026171243,0.0029178825,0.008174122,0.30319378,1.0
0.17276616,0.0047790417,0.005717045,0.012105489,0.008659542,0.01981035,0.07764145,0.022477832,0.0031635663,0.0096964035,0.2943731,1.0
0.129639,0.010664913,0.009742838,0.032602713,0.07225497,0.09033114,0.050860357,0.014783014,0.04906364,0.37402013,1.0,0.86029947
0.011790338,0.0072898683,0.032065965,0.13691263,0.15283045,0.06054369,0.022702513,0.038644202,0.3227451,1.0,0.67021394,0.076533966
0.013768457,0.015296147,0.21117444,0.39704794,0.14522459,0.026661266,0.03624533,0.1879823,0.6278954,1.0,0.20835625,0.045946512
0.0946406,0.20661171,0.59476805,0.5191349,0.14673804,0.25328606,0.5357989,0.8586522,1.0,0.9146945,0.18408994,0.25584176
0.10426831,0.18282971,0.7575115,0.77978504,0.11559081,0.20038077,0.41559836,1.0,0.7526778,0.19618031,0.08642652,0.2065452
0.01621231,0.01590223,0.31115705,0.66270846,0.106160484,0.022884669,0.043932527,0.4591517,1.0,0.2898778,0.05563891,0.06861054
0.01197308,0.007950433,0.08929172,0.4388464,0.18646091,0.025208768,0.017931735,0.14191382,0.85087186,1.0,0.17376016,0.048272975
0.013623522,0.018675564,0.01744733,0.09039652,0.08180915,0.017283848,0.015049332,0.050520238,0.5000469,1.0,0.17517512,0.0189923
0.13791448,0.27871573,0.28575924,0.5233822,0.29751274,0.14097807,0.1765969,0.28684333,0.77082425,1.0,0.23806882,0.115409784
0.22413579,0.43155143,0.55820185,1.0,0.49579367,0.27878088,0.29729316,0.2909858,0.264861,0.43782783,0.2184896,0.1494907
0.21688846,0.26713833,0.50917745,1.0,0.61045945,0.43104163,0.48319653,0.4933882,0.53583485,0.67411,0.40062252,0.2697842
0.25452676,0.20971671,0.56866664,0.9131215,1.0,0.41410023,0.5555908,0.9765494,0.6414417,0.5296561,0.3746595,0.2679864
0.16404657,0.24200693,0.35840377,0.5923203,1.0,0.40983316,0.515406,0.89230186,0.64200115,0.63941056,0.3339661,0.22297049
0.17896114,0.31106135,0.49123043,1.0,0.8425919,0.35470948,0.3501235,0.32573622,0.29031974,0.50344294,0.40781236,0.20380516
0.09603996,0.1776522,0.13297032,1.0,0.83673894,0.15862375,0.091352716,0.036334317,0.03590842,0.30488643,0.4271456,0.09539325
0.16085806,0.23429488,0.29202247,1.0,0.9458441,0.32626915,0.1261609,0.09873143,0.056279164,0.28655463,0.54937434,0.4085239
0.3506367,0.067622155,0.42324963,1.0,0.35104957,0.24713911,0.09128736,0.12701905,0.19304961,0.07508026,0.17734402,0.5316577
0.19998069,0.016507704,0.26554078,1.0,0.20153557,0.06741154,0.03890858,0.07962939,0.24746697,0.047556736,0.018302318,0.14765655
0.09182624,0.040717207,0.14414844,1.0,0.76385415,0.12189523,0.024988672,0.04813318,0.28024366,0.42544553,0.109670125,0.04238474
0.013955616,0.0375913,0.023649111,0.22735338,0.6529333,0.25346935,0.02302257,0.014859856,0.11965486,1.0,0.6118429,0.01791363
0.008003446,0.032936238,0.0148944715,0.051190145,0.5213514,0.41258162,0.036459908,0.0355434,0.082230896,1.0,0.97004443,0.034972515
0.04044907,0.03883627,0.029907456,0.384045,1.0,0.26399955,0.053843204,0.04805018,0.15026705,0.60286033,0.2797765,0.029559605
0.13928968,0.072601974,0.21441576,0.7543165,1.0,0.3059643,0.12439904,0.13527241,0.32931015,0.46385807,0.12901175,0.19003037
0.23809348,0.19624208,0.5111704,0.62525445,0.8866975,1.0,0.54457456,0.5070399,0.4903682,0.49676096,0.2783153,0.4494173
0.07284895,0.03843219,0.18915091,0.5983231,0.53903323,0.6316015,0.735512,0.79797214,1.0,0.37412322,0.15166955,0.14818294
0.027812093,0.049775627,0.25239086,0.8114883,0.33604342,0.15918165,0.4010037,0.5191708,1.0,0.38746506,0.17387196,0.103373125
0.06922919,0.12698857,0.4099903,1.0,0.33839262,0.23638318,0.41685092,0.37584344,0.69648814,0.71867675,0.26347643,0.1405393
0.12290154,0.10648527,0.19511229,0.45951387,0.33986366,0.2779457,0.34152204,0.23147334,0.4280032,1.0,0.41555864,0.19671208
1.0,0.31827688,0.09565059,0.180761,0.18833588,0.1419118,0.24135749,0.17281166,0.2487703,0.45146093,0.2884124,0.83598536
1.0,0.38649356,0.0289584,0.034291454,0.07752354,0.0289935,0.034914363,0.056487247,0.04200423,0.028457485,0.022978397,0.3569988
1.0,0.67878914,0.057433806,0.014865656,0.0702665,0.04213268,0.012491893,0.039545923,0.034158003,0.018174827,0.013216878,0.19089384
0.84409416,1.0,0.10333282,0.012280638,0.068963476,0.05755536,0.012114699,0.018536836,0.023274174,0.0134496605,0.008970925,0.07561334
0.74050117,1.0,0.112673104,0.009942048,0.046803612,0.03827882,0.011991896,0.0147764115,0.01994923,0.009238485,0.0038136118,0.054305736
1.0,0.98871225,0.114331186,0.013641319,0.061870534,0.04119743,0.01366215,0.021770203,0.020229999,0.008602339,0.006149114,0.12167984
1.0,0.4965337,0.038721014,0.013065354,0.033753864,0.018872501,0.012845511,0.02183368,0.02144658,0.014894345,0.009402978,0.19805562
1.0,0.5336356,0.053762063,0.03252581,0.068518296,0.029356988,0.034222588,0.06663426,0.20478295,0.10639201,0.0121437665,0.18149923
1.0,0.33316976,0.05432864,0.07815685,0.13262807,0.041158337,0.062279366,0.1597872,0.4856274,0.17897588,0.019629609,0.28522387
1.0,0.27668133,0.19418885,0.10234843,0.1409882,0.035602365,0.052211817,0.17292635,0.42859644,0.18989742,0.02299395,0.31560874
1.0,0.50878084,0.7178389,0.2609,0.09679401,0.037374806,0.06350597,0.23412332,0.21618539,0.12489459,0.023172293,0.2051879
0.69224894,0.42638838,1.0,0.48310673,0.077066876,0.039854746,0.076411255,0.31163514,0.1864581,0.0690655,0.025189117,0.09935416
0.7379431,0.5145195,1.0,0.5620529,0.06937562,0.038934544,0.06717203,0.3697735,0.24885154,0.062315647,0.028427714,0.09151423
1.0,0.585983,0.45762908,0.24123995,0.038824484,0.02917135,0.049236033,0.25398377,0.16116288,0.04015928,0.026252752,0.19838701
1.0,0.41584495,0.16466641,0.08122088,0.039478026,0.031461105,0.047070518,0.14647916,0.1162711,0.035504285,0.070429906,0.50147873
0.82490546,0.28816494,0.13362621,0.108290546,0.08069383,0.076169826,0.110808395,0.22823073,0.31301895,0.31735736,0.5860681,1.0
0.23592384,0.14485566,0.19961955,0.2335462,0.24495323,0.3331252,0.49740312,0.5710818,0.73326343,1.0,0.62385374,0.27799618
0.5502789,0.18715756,0.08335618,0.09647976,0.038966775,0.12214352,0.2616675,0.13233474,0.09692636,0.10703977,0.4558953,1.0
0.41226077,0.18851967,0.16025864,0.18775667,0.05942958,0.23836996,0.48781922,0.09341172,0.049039103,0.04857688,0.3565459,1.0
0.1647265,0.0913641,0.18962342,0.30713293,0.13764715,0.29366413,1.0,0.39677954,0.047347926,0.03911055,0.2052068,0.65579695
0.113639556,0.023890486,0.034941632,0.15412483,0.07552644,0.07313663,1.0,0.9741512,0.043943677,0.024254983,0.03164135,0.20682041
0.1164574,0.013273978,0.014202254,0.07278893,0.05544127,0.025447499,0.69063634,1.0,0.04478986,0.017082259,0.012103251,0.09873194
0.12971409,0.019089121,0.018178688,0.052209195,0.07053676,0.026149884,0.45308605,1.0,0.07141746,0.016406475,0.012063002,0.07025214
0.11930939,0.02325765,0.01863926,0.036444917,0.09227169,0.044435456,0.24838226,1.0,0.13178745,0.013813148,0.019756204,0.042270456
0.13341828,0.037580155,0.028018946,0.027316038,0.07843331,0.07987355,0.2893298,1.0,0.19889021,0.022044709,0.04624597,0.035554066
0.20253682,0.077033885,0.0254433,0.0203109,0.081893235,0.13954833,0.42163593,1.0,0.30594125,0.030609831,0.0703445,0.048896633
0.4267684,0.15654165,0.022715194,0.019770755,0.086710416,0.10373876,0.27992892,1.0,0.3061527,0.011562264,0.031176334,0.12024219
1.0,0.7144581,0.07981549,0.03603728,0.08524941,0.08109854,0.28180084,0.88675356,0.41286057,0.011629415,0.02433663,0.15942879
0.9543047,1.0,0.119218886,0.049570426,0.08218652,0.119802475,0.51542664,0.3695329,0.31215042,0.01178954,0.012826359,0.08455625
1.0,0.860627,0.09842895,0.04097625,0.09688169,0.18908526,0.6670251,0.35061887,0.22024325,0.008867018,0.014967856,0.11156404
1.0,0.62041,0.055866282,0.024024203,0.08532378,0.21392328,0.5952666,0.27290416,0.118950516,0.004939213,0.019291602,0.14581163
1.0,0.5712835,0.03862882,0.016210072,0.08585367,0.23873317,0.55450463,0.22365339,0.08350328,0.005026461,0.020356027,0.16744706
1.0,0.63553387,0.04218182,0.013903262,0.070712775,0.16574979,0.3975731,0.18038455,0.08091913,0.0046632965,0.01815509,0.14379954
1.0,0.73176783,0.049413443,0.011336109,0.066492535,0.06209832,0.15291838,0.1288449,0.07383649,0.0035649007,0.013091127,0.12349453
1.0,0.7911201,0.050884474,0.009072431,0.07549631,0.056726024,0.14138794,0.10903155,0.060374938,0.00262959,0.0065195337,0.10459489
1.0,0.8543027,0.11516358,0.077617176,0.118510835,0.13824102,0.2912596,0.2108087,0.09216182,0.03418623,0.06983156,0.12893039
0.45976746,0.30943927,0.11870333,0.20234759,0.2865189,0.17701699,0.3937672,1.0,0.34576377,0.15578312,0.21611348,0.11578041
0.3667162,0.047776528,0.0273574,0.2920845,0.38930482,0.093901575,0.5103443,1.0,0.148437,0.074989736,0.06331724,0.16672713
0.40533417,0.039275054,0.02041838,0.40279734,0.62560743,0.08122091,0.4785203,1.0,0.082827784,0.03408546,0.018975746,0.1710589
0.24003336,0.037553262,0.013883514,0.186043,0.5573798,0.0681032,0.18730289,1.0,0.15983033,0.017135644,0.010553856,0.053772934
0.11420583,0.02634823,0.0055120275,0.064110614,0.30397686,0.047319707,0.11223747,1.0,0.2573885,0.009928491,0.0077230637,0.017457427
0.06389248,0.021904798,0.005759468,0.02700258,0.14832397,0.034744848,0.10878687,1.0,0.31504232,0.010530123,0.016837727,0.010441982
0.06647383,0.02402659,0.012812574,0.016785176,0.057427466,0.02180977,0.12695156,1.0,0.3054372,0.009503283,0.020874836,0.022414107
0.14755647,0.061434615,0.017408112,0.06807002,0.07861938,0.0363597,0.28238347,1.0,0.20178151,0.04724035,0.02643032,0.05714522
0.13908847,0.029212492,0.022505932,0.12493666,0.10703684,0.09148374,0.5862971,1.0,0.13001299,0.15857789,0.064540826,0.10694307
0.12160365,0.02586397,0.02091916,0.08352379,0.107385896,0.10707636,0.509296,1.0,0.1404824,0.1377845,0.09005117,0.0768968
0.16564739,0.14497516,0.03548797,0.044091612,0.12453995,0.14253123,0.34188676,1.0,0.3905366,0.062293217,0.14679034,0.06909823
0.3851227,1.0,0.16533872,0.04698631,0.14037773,0.3019899,0.36369312,0.46052405,0.36377057,0.035654634,0.1396358,0.13657898
0.4613266,1.0,0.13159722,0.020574389,0.15111364,0.2575821,0.38747844,0.14695527,0.05714762,0.015954776,0.106083095,0.106041215
0.875613,0.92520034,0.12454434,0.060588207,0.36887413,0.93166053,1.0,0.20648895,0.07954049,0.059360538,0.19845425,0.26727107
0.5208166,0.14293042,0.038931534,0.067166954,0.18340021,1.0,0.39416644,0.14223011,0.06394387,0.05017161,0.10600024,0.56043744
0.5813064,0.22572331,0.07049782,0.092216715,0.16391063,0.71127224,0.26075092,0.18186341,0.07649057,0.076282315,0.312702,1.0
0.74204767,0.7336853,0.1575305,0.11039061,0.16548944,0.5377877,0.23580687,0.17391492,0.097863145,0.14960626,0.4620684,1.0
0.84917885,1.0,0.21105525,0.13558982,0.1235488,0.18936852,0.15812261,0.10800792,0.17266622,0.33950478,0.34992984,0.44463122
0.4937809,0.73770624,1.0,0.6545065,0.22836173,0.2668302,0.62574065,0.5117727,0.26662183,0.2338078,0.1599786,0.21652171
0.23527849,0.3610431,0.5465479,0.49304363,0.1337668,0.13585111,0.76770276,1.0,0.37931362,0.26950634,0.09489333,0.18569767
0.112065576,0.06904442,0.17253718,0.36676237,0.14860007,0.25534418,1.0,0.76567876,0.30171314,0.19364928,0.12383947,0.4124444
0.13466054,0.016321251,0.16570842,0.5779044,0.1581306,0.32589146,1.0,0.27720216,0.086646855,0.071560584,0.13958466,0.72968197
0.23542315,0.0154147325,0.18431908,1.0,0.20839363,0.14911522,0.53135604,0.11167532,0.02477816,0.028621236,0.10733637,0.93750226
0.21206608,0.011808501,0.14252427,1.0,0.24782097,0.088699065,0.24861194,0.08411194,0.020504411,0.040079877,0.0772208,0.70756334
0.17064902,0.014902482,0.30914152,1.0,0.19537288,0.1366578,0.24872446,0.05441777,0.013993961,0.02604447,0.1293012,0.6961858
0.098750584,0.1052272,1.0,0.91222113,0.16656654,0.34467217,0.3254346,0.033157066,0.023795042,0.09546318,0.5009556,0.65906286
0.071764514,0.29315767,1.0,0.4731205,0.28564095,0.40038532,0.24552011,0.09473338,0.13650455,0.41184306,0.95288765,0.27718678
0.14092855,0.23361224,1.0,0.96778965,0.6274491,0.35981193,0.46294498,0.27274996,0.3858256,0.47232053,0.8192827,0.44538447
0.1718197,0.11950118,0.7909185,1.0,0.5279014,0.33401,0.33819345,0.20038778,0.36857623,0.40651226,0.3195706,0.48046115
0.28602415,0.36075634,0.83991694,0.6642555,0.55236256,0.6583972,0.6483017,0.73461556,0.65182304,0.5367488,1.0,0.87617695
0.16666274,0.20637614,0.65264946,0.7136117,0.44120488,0.6481967,0.75221825,1.0,0.7476324,0.36303142,0.548765,0.3745946
0.18085478,0.15772313,0.3062008,0.40466878,0.38138312,0.40856078,0.53659666,0.7318856,1.0,0.62111384,0.3762548,0.2617525
0.23568115,0.18315333,0.31428215,0.48527947,0.460928,0.3866495,0.77918816,0.81612617,1.0,0.6880295,0.3254095,0.20229675
0.2301531,0.22478192,0.32423344,0.33988395,0.34345803,0.3492942,0.61295915,1.0,0.87402457,0.43801665,0.21436456,0.15730296
0.28989658,0.45630497,0.35910088,0.40554845,0.56381136,0.40904266,0.72183025,1.0,0.8283998,0.5203268,0.2672995,0.18261509
0.360416,0.26820672,0.2721891,0.59968555,0.79582405,0.42443532,0.73654306,0.98398054,1.0,0.9526144,0.57178056,0.35689202
1.0,0.61859125,0.14969179,0.29067704,0.2648526,0.22584662,0.3767781,0.397375,0.7196451,0.69519,0.36422855,0.46611017
1.0,0.9593539,0.17927958,0.1616797,0.112366825,0.11723054,0.16141112,0.19814843,0.2535405,0.22945951,0.12824455,0.23227295
0.8867281,1.0,0.4135266,0.3046725,0.25675777,0.26632178,0.27923006,0.40125188,0.3860803,0.26226753,0.1494652,0.309059
1.0,0.5903354,0.3559955,0.63511187,0.6887304,0.55071235,0.8871855,0.9408829,0.8471764,0.7899263,0.59668285,0.5519659
0.31391034,0.39675236,0.3234792,0.4691319,0.8198999,0.56194377,0.69426674,0.7115859,0.73254097,1.0,0.9559656,0.44062534
0.44632104,0.3587554,0.4719902,0.62180907,1.0,0.610538,0.6677833,0.70783144,0.81115633,0.8880682,0.7290144,0.44660115
0.43599528,0.40483397,0.41863507,0.5735267,0.6597593,0.85876995,1.0,0.779341,0.47180715,0.53527695,0.72419786,0.9115919
0.22192264,0.1285774,0.07682733,0.15624923,0.30149117,0.4534925,0.683162,0.38299462,0.11522801,0.11922557,0.43326485,1.0
0.3138512,0.29523018,0.14183207,0.16309965,0.483281,0.73859763,1.0,0.36970156,0.18604657,0.2685174,0.3386939,0.74102396
0.31890747,0.4617379,0.20214269,0.29810524,0.60706663,0.7082571,1.0,0.644271,0.41305053,0.68279964,0.530268,0.3902563
0.24672197,0.36563224,0.17017457,0.33096004,0.3382891,0.32371143,0.4683186,0.65289694,0.40445566,0.76238155,1.0,0.33495724
0.39030427,0.75125974,0.6357209,0.93672615,0.6602932,0.83889985,0.64588654,0.79051137,0.805149,0.8587616,1.0,0.5921824
0.5067928,0.9307509,1.0,0.5753147,0.18579322,0.1083429,0.107169,0.23159827,0.24114071,0.27558336,0.24552499,0.33479157
0.09870406,0.269079,0.6763761,1.0,0.36017767,0.057755645,0.018144848,0.02538239,0.051363345,0.20611842,0.2757165,0.08092045
0.028557213,0.06728584,0.35826918,1.0,0.534162,0.21305309,0.20380536,0.15791783,0.056788042,0.12889859,0.22994158,0.06458034
0.011683479,0.026631413,0.105981246,0.19511479,0.16499111,0.21004003,0.38603172,1.0,0.900167,0.13457486,0.0337647,0.01836578
0.003065183,0.007766514,0.034618367,0.06749937,0.07104809,0.051977705,0.06250674,0.33412015,1.0,0.2865146,0.02672819,0.0044763796
0.008131581,0.027062593,0.29938617,0.5189026,0.10392007,0.059674792,0.11196163,0.34066296,1.0,0.40080965,0.051909328,0.009745939
0.020674793,0.094391525,0.8885956,1.0,0.10324962,0.102921374,0.17780419,0.52312016,0.53758067,0.17994654,0.056755334,0.015635228
0.03212402,0.13503438,0.86388385,0.7814691,0.29921898,0.35729706,0.20295247,0.5260468,1.0,0.39056984,0.105012015,0.027666813
0.012131282,0.0428199,0.14188123,0.9739009,1.0,0.28501114,0.16055804,0.29002258,0.61528885,0.270972,0.052436084,0.01630605
0.0017276108,0.0052256966,0.058617882,1.0,0.81511927,0.06792752,0.022216808,0.07165873,0.082903,0.03509078,0.017359452,0.009021801
0.0017127644,0.0021887736,0.0562584,1.0,0.9330669,0.067783356,0.012422486,0.024469264,0.025909496,0.019342411,0.015228928,0.01592532
0.0038647915,0.0032691648,0.049808398,0.69693106,1.0,0.1090749,0.0069634714,0.011099784,0.012223685,0.0116337715,0.041257266,0.04583384
0.003171351,0.014534166,0.275195,1.0,0.55609256,0.045192204,0.0057964264,0.012893258,0.02296293,0.10248467,0.1771326,0.041818902
0.0055262684,0.091073826,0.98958254,1.0,0.15683486,0.023678193,0.010081042,0.011457144,0.1542796,0.6826601,0.24339275,0.023502044
0.015453788,0.35550284,1.0,0.32669204,0.069506474,0.011577095,0.011016851,0.01040879,0.36297128,0.97653866,0.09049191,0.0068793925
0.017321054,0.5366024,1.0,0.104602985,0.029408425,0.007357575,0.00722914,0.004355632,0.15352474,0.37746036,0.027942898,0.002775094
0.00969547,0.36741117,1.0,0.17878462,0.014013729,0.0037835757,0.0038672215,0.0021412503,0.061423454,0.24650273,0.05108518,0.002776429
0.0068844534,0.17840254,1.0,0.5096985,0.026150323,0.00611238,0.005698242,0.0036309091,0.03439415,0.4439059,0.30418533,0.010922669
0.036563892,0.27808365,1.0,0.85400623,0.08663346,0.018133022,0.013635931,0.008389865,0.049672175,0.81963235,0.6664856,0.029706769
0.2726862,1.0,0.6235217,0.2549479,0.06410007,0.028677754,0.026514534,0.019830517,0.03219237,0.11872395,0.0863167,0.025418872
0.7455448,1.0,0.27874383,0.060711432,0.060927305,0.0273239,0.02342556,0.050007388,0.029219626,0.013544853,0.016194014,0.15138376
1.0,0.28891146,0.11062498,0.084494665,0.08465222,0.042883262,0.05968695,0.112260245,0.02521908,0.024859963,0.041790966,0.5114001
1.0,0.3317443,0.05361958,0.037275624,0.053251654,0.040305566,0.06751609,0.09317829,0.02728308,0.022059325,0.039046705,0.43502048
0.97529894,1.0,0.1914295,0.037138622,0.0389495,0.03507666,0.043608636,0.049039464,0.031677105,0.03968377,0.027856035,0.18186355
0.5290397,1.0,0.2637723,0.041958157,0.029435985,0.025478054,0.022728134,0.025720153,0.02152071,0.02726574,0.020147325,0.049485635
0.9783265,1.0,0.3759337,0.12691928,0.079294495,0.07306063,0.11200131,0.105922885,0.07075443,0.09892687,0.15199533,0.35931885
0.89044124,0.6084586,0.8766501,0.93912524,0.7924116,0.6445799,0.6335541,0.5764369,0.533699,1.0,0.67785835,0.61734766
0.09498971,0.10805941,0.23563355,0.45438775,0.6480337,1.0,0.9237648,0.4265457,0.26560524,0.3257248,0.16200358,0.083221726
0.12966767,0.113500535,0.16769244,0.37395072,0.7698354,1.0,0.9251398,0.6455857,0.23868762,0.19589153,0.13818891,0.064185545
0.2672618,0.48996183,0.9983316,1.0,0.7667398,0.8583102,0.6813343,0.4846298,0.5511303,0.9038464,0.4398597,0.12303246
0.09443812,0.21099527,0.758324,1.0,0.55958194,0.43593767,0.27970788,0.11456483,0.21169835,0.7953638,0.7413562,0.20206448
0.13094883,0.31501442,0.32534686,0.49785993,0.643924,0.9391715,1.0,0.27767643,0.0681564,0.29938275,0.3954725,0.16910022
0.028929256,0.30726403,0.22823873,0.0189071,0.04583815,0.17895052,1.0,0.73083466,0.03163093,0.015267166,0.011425657,0.009159472
0.007435822,0.16225557,0.13841388,0.006491884,0.0055686943,0.0468647,1.0,0.9979283,0.03308299,0.0066118483,0.007693815,0.0032998524
0.022204971,0.09875072,0.04557361,0.008220051,0.03171541,0.25934687,1.0,0.5531676,0.020985689,0.019046413,0.035849623,0.0060019298
0.07597469,0.07046112,0.044659585,0.18039998,0.44438,1.0,0.8733607,0.25352666,0.027482085,0.06424251,0.080518134,0.032066908
0.06440454,0.041619238,0.15220848,0.64803207,1.0,0.73907,0.3846561,0.20019826,0.035738114,0.03431476,0.024604356,0.059494358
0.02369387,0.0938238,0.1536208,0.784607,1.0,0.299838,0.18885076,0.14715041,0.06501513,0.01731271,0.017092172,0.018172963
0.00554542,0.015918853,0.1264924,1.0,0.72573596,0.07536105,0.056553103,0.10143577,0.028225394,0.0046251365,0.004711968,0.004077754
0.003082245,0.006442074,0.1533975,1.0,0.5233536,0.033576943,0.028662696,0.06287433,0.012389194,0.002560069,0.0036943778,0.002477343
0.004741529,0.036054462,0.38110062,1.0,0.34199965,0.030185238,0.017567873,0.036431428,0.007587344,0.0038870429,0.0072523165,0.0027657202
0.10499454,0.37919414,0.9095844,1.0,0.18841861,0.059797283,0.043648854,0.04405735,0.013744517,0.013429187,0.026674217,0.03162815
0.7131897,1.0,0.4563956,0.9420137,0.5373556,0.14702488,0.18027453,0.2218587,0.111077435,0.1298162,0.19606054,0.31217045
0.17607486,0.30909654,0.34001046,1.0,0.87245727,0.29777426,0.3586683,0.29374278,0.20084144,0.18119909,0.14890999,0.12817726
0.19991493,0.16566217,0.243277,0.67698824,0.65503937,0.49631506,0.808899,0.64923525,1.0,0.8315078,0.85430574,0.38566953
0.06812776,0.029739616,0.028617809,0.050199315,0.095194355,0.122669086,0.14340964,0.20317872,0.1719814,0.5186636,1.0,0.3810905
0.10919527,0.033926774,0.06352001,0.11533825,0.114003345,0.23598312,0.467867,0.5180662,0.30992186,0.46617138,1.0,0.43550152
0.36802456,0.027772253,0.040900163,0.22194609,0.12402298,0.24776675,1.0,0.31157053,0.10296368,0.053273324,0.14368467,0.5364764
1.0,0.23086703,0.02317098,0.40850413,0.72084856,0.15965518,0.41847256,0.17641194,0.021687493,0.0074178767,0.0334997,0.47016418
1.0,0.7070577,0.037087042,0.20767824,0.6656077,0.13587762,0.022918595,0.049539477,0.018296009,0.0044551305,0.012128761,0.09489472
0.91463923,1.0,0.080365226,0.035547867,0.1521504,0.10173362,0.017957237,0.020525511,0.021169318,0.0058248164,0.013766004,0.051266134
1.0,0.5731106,0.08452928,0.05064609,0.13332528,0.08885285,0.059747167,0.057427693,0.051029533,0.031878266,0.033079714,0.14152963
1.0,0.36188647,0.0817169,0.16827488,0.24941269,0.16288798,0.14179727,0.11159942,0.08825086,0.0869826,0.07691615,0.34509456
1.0,0.30453256,0.10202522,0.25749028,0.28463984,0.23196565,0.16833858,0.14041668,0.17497909,0.16537164,0.13668637,0.5793234
1.0,0.5178819,0.10648448,0.102789626,0.10128852,0.08727791,0.102410644,0.08667721,0.11803372,0.14482594,0.1239389,0.3626263
0.55456823,1.0,0.3238591,0.18033154,0.10730996,0.09474588,0.080951914,0.09829884,0.20649073,0.20438662,0.1335188,0.15023275
0.2628423,1.0,0.4678368,0.12857686,0.09334605,0.07844521,0.059670176,0.06513093,0.17929249,0.20340925,0.078761384,0.05899998
0.8110254,1.0,0.3898468,0.16773674,0.09872328,0.10307154,0.1396439,0.13605143,0.20082793,0.2470699,0.20604613,0.33140895
1.0,0.6082479,0.27659762,0.61222464,0.31971768,0.1773627,0.27154538,0.32525456,0.62728244,0.6434333,0.7160812,0.8163264
0.76326853,1.0,0.32834035,0.8152941,0.55196345,0.27169618,0.37853575,0.4844861,0.5694325,0.5411768,0.40788576,0.21870753
0.8639683,1.0,0.4088319,0.4452809,0.45273858,0.3965807,0.40136278,0.46777153,0.40074575,0.24871132,0.1992615,0.18227041
0.42287713,0.5306147,0.74527293,1.0,0.7581487,0.8079548,0.7177581,0.5153759,0.5162213,0.28752485,0.19927345,0.1679493
0.15894128,0.2758915,0.531101,1.0,0.90857345,0.5956931,0.5803138,0.39247096,0.33630615,0.23089887,0.15070783,0.15425994
0.2079719,0.25512975,0.3681087,0.92434055,1.0,0.67912143,0.7791941,0.710663,0.5947696,0.4481604,0.1972938,0.20103006
0.20795222,0.6314545,1.0,0.6676846,0.27887344,0.47756493,0.4234415,0.2817094,0.2742019,0.1291318,0.05502376,0.07277795
0.035233732,0.15880874,0.50553215,1.0,0.3508119,0.16343392,0.14962311,0.06477119,0.04440826,0.02910424,0.022576096,0.017187616
0.021256967,0.041112732,0.25222784,1.0,0.576551,0.1378909,0.05610952,0.029273396,0.018390564,0.014482491,0.018217007,0.040631387
0.062543355,0.008976603,0.05529671,0.339563,1.0,0.331201,0.023678847,0.02091827,0.022263635,0.010223728,0.040140606,0.1800676
0.017953612,0.011518292,0.11705087,0.66377026,1.0,0.24269855,0.048566315,0.055330068,0.05848802,0.059189405,0.05814149,0.058703747
0.007817574,0.05046206,0.4281971,1.0,0.5234838,0.16061062,0.09933199,0.08699722,0.07432057,0.12222585,0.063324966,0.014585066
0.1002273,0.66452456,1.0,0.6667998,0.34409434,0.28504342,0.25723994,0.1656119,0.17238604,0.21516797,0.10825685,0.034308564
0.2867494,1.0,0.34904176,0.17069612,0.13491963,0.14270031,0.10370515,0.06485808,0.10383851,0.101360425,0.055068627,0.02389367
0.34786117,1.0,0.27068287,0.10490363,0.11280465,0.11280179,0.06273911,0.058980446,0.10812246,0.06088041,0.034934174,0.018504864
0.23599431,1.0,0.4625747,0.086089835,0.058365375,0.078137286,0.044159524,0.031793304,0.055304244,0.042859428,0.018839767,0.015222818
0.30659905,1.0,0.41087112,0.06788219,0.03721778,0.026394794,0.021612385,0.025241215,0.024714448,0.027902123,0.025922602,0.030520227
0.8651886,1.0,0.32073694,0.14006674,0.1053038,0.0313515,0.028708927,0.044485338,0.038880665,0.02983907,0.054225963,0.13201742
1.0,0.85785633,0.7016387,0.3904236,0.14996584,0.06480854,0.055947676,0.06993294,0.124379024,0.07235937,0.04452778,0.2742259
1.0,0.59257233,0.24910411,0.1650767,0.08699861,0.06682413,0.045667343,0.045364022,0.04659854,0.022329055,0.020887893,0.3433992
1.0,0.49141017,0.23479396,0.27684265,0.19377798,0.24921279,0.18803483,0.21667856,0.035736687,0.038823992,0.048537683,0.59221435
1.0,0.21069944,0.16117404,0.24575245,0.32945943,0.36608928,0.4625331,0.97280043,0.10749829,0.091964886,0.112934865,0.55554825
0.64170146,0.17292254,0.083387,0.11076895,0.45162764,0.16968915,0.26158297,1.0,0.23084791,0.058375638,0.1468922,0.15451863
0.4834423,0.22424054,0.08619495,0.1272595,1.0,0.31538036,0.21410464,0.99565905,0.48382196,0.077762544,0.35988548,0.10020808
0.18608037,0.073880784,0.05860801,0.16060871,0.6918104,0.33926794,0.32086256,1.0,0.41126984,0.14385104,0.30308348,0.15178165
0.07921281,0.045146577,0.08881445,0.17560431,0.35980535,0.30258733,0.32636428,0.5652246,0.34897655,0.55262953,1.0,0.3022273
0.04395366,0.050766222,0.0579195,0.15576382,0.17850095,0.13065784,0.31820366,0.34679043,0.23266982,0.6607436,1.0,0.16863394
0.17628795,0.15542601,0.26232433,0.63388747,0.27019975,0.38626334,0.92378986,0.5913016,0.42994523,0.9572741,1.0,0.4880446
0.30777344,0.38677898,0.5954721,0.6542679,0.45112172,1.0,0.9154819,0.78781635,0.42969784,0.80231154,0.853916,0.77791715
0.04965504,0.06381042,0.22309111,0.34519413,0.22502156,0.284515,0.52422816,0.93337023,1.0,0.18680762,0.11681761,0.15411179
0.015358633,0.015073696,0.17127375,0.49312297,0.12080455,0.060553484,0.1828605,0.4526319,1.0,0.16732426,0.033766218,0.04205041
0.0120300725,0.036239937,0.35910147,1.0,0.175422,0.025659587,0.076687,0.19495173,0.51548487,0.14813612,0.055586096,0.029902713
0.017004319,0.057661075,0.4325672,1.0,0.21594223,0.047689408,0.09425934,0.13157889,0.2811029,0.22145034,0.09806957,0.03942446
0.07311177,0.06350973,0.36811915,1.0,0.2802218,0.13480377,0.16018452,0.2894004,0.8683372,0.43586087,0.19528592,0.0856708
0.12517768,0.082302764,0.3652875,1.0,0.37906644,0.18478596,0.2902713,0.4620674,0.6529371,0.2876263,0.17625295,0.14637265
0.3030915,0.14687105,0.3751749,0.7501201,0.42593017,0.41543603,0.63972086,1.0,0.9377911,0.3821322,0.3755068,0.30827308
0.28206632,0.18654805,0.550898,0.8643465,0.62938833,0.76825905,1.0,0.7290253,0.6166939,0.41994655,0.35556987,0.2923953
0.17731586,0.25505754,0.43386588,0.66328096,0.8622398,0.916988,1.0,0.6182253,0.6160127,0.38702753,0.23677485,0.17703515
0.13458711,0.20643306,0.33403626,0.7424324,1.0,0.96679825,0.501102,0.3614986,0.36204585,0.4063131,0.42920086,0.2650796
0.16831295,0.17273757,0.4409295,0.5266806,0.7232245,1.0,0.6750129,0.36703154,0.449276,0.6930397,0.69159913,0.49391186
0.16206221,0.17173882,0.34105313,0.33297238,0.6306252,1.0,0.73269373,0.30086762,0.5545275,0.9666199,0.7556186,0.36106044
0.030460041,0.102559,0.05054059,0.04430312,0.10840029,0.2930719,1.0,0.59503466,0.11831281,0.10896655,0.059822746,0.022180364
0.0036580393,0.029772134,0.021482801,0.009276088,0.032170568,0.07540432,0.74104106,1.0,0.09967196,0.010123257,0.0026968906,0.0024141301
0.0024370027,0.0054654893,0.016833233,0.011040604,0.03265932,0.11684915,0.7416853,1.0,0.0978224,0.0031784526,0.0020148626,0.007860462
0.015091285,0.016087756,0.07499972,0.04507168,0.09784567,0.2465467,0.7181814,1.0,0.11590819,0.007042978,0.011193051,0.047268838
0.053857785,0.13135229,0.21358411,0.13880219,0.66045004,0.80496615,0.7578168,1.0,0.15218328,0.05010617,0.048559163,0.08981971
0.06023717,0.16519988,0.12934281,0.33333167,0.76141626,0.7818102,0.8981485,1.0,0.18625326,0.10244619,0.05159767,0.05218709
0.019776192,0.08173016,0.06638291,0.41193506,1.0,0.42057118,0.17797773,0.15684931,0.0856063,0.03228864,0.074133314,0.100536175
0.006275271,0.010451465,0.019365123,0.41810396,1.0,0.15771456,0.024164416,0.023291832,0.018364772,0.009156528,0.07953579,0.062402558
0.006510394,0.004567739,0.014817054,0.33963975,1.0,0.14100567,0.02806775,0.021762758,0.028380092,0.006096671,0.06493333,0.0701786
0.011498457,0.0049407766,0.014077726,0.34001252,1.0,0.13921654,0.06578957,0.04375432,0.060517043,0.0061685774,0.059669394,0.1223959
0.007583096,0.0050825723,0.09240483,1.0,0.7749439,0.13736565,0.08672258,0.12146162,0.057989355,0.024404658,0.20381764,0.13948259
0.0031066355,0.012544265,0.33492208,1.0,0.35968614,0.1738621,0.101429425,0.105086364,0.03193327,0.16698152,0.23888619,0.04200502
0.008345804,0.08809314,0.8219989,0.66872364,0.43618703,0.267247,0.34771577,0.06953437,0.16988634,1.0,0.27898425,0.022438025
0.0052361856,0.094753444,0.2018583,0.06625704,0.114874996,0.15811509,0.19079511,0.019189337,0.43778187,1.0,0.07890124,0.005979178
0.006965871,0.11822335,0.08922379,0.017186549,0.03423304,0.20391263,0.082284875,0.022926139,0.7900935,1.0,0.039481517,0.0025696317
0.016075518,0.20278317,0.099013016,0.017533056,0.06715429,0.5231388,0.11245957,0.05195505,1.0,0.8423533,0.029801661,0.0062381644
0.028727768,0.2147241,0.066587985,0.0153857665,0.14747481,0.81418055,0.1274423,0.1499645,1.0,0.2725366,0.013330757,0.0099704545
0.020359764,0.08057362,0.015386536,0.005878239,0.11382467,0.35303524,0.041865557,0.31886053,1.0,0.12039657,0.006203384,0.004194746
0.03041381,0.10142441,0.0191968,0.006976968,0.079902165,0.22079207,0.03755953,0.42827564,1.0,0.09443568,0.007922112,0.0059405705
0.0987242,0.2661124,0.065868825,0.018378528,0.07858609,0.2301651,0.054601952,0.37477237,1.0,0.15113959,0.027814213,0.035967693
0.31530863,0.6546966,0.16569941,0.080661096,0.15235539,0.2864005,0.11050623,0.38912398,1.0,0.3841347,0.16007961,0.26041478
0.38945433,1.0,0.28985715,0.15405203,0.2827659,0.5171652,0.19339283,0.33926606,0.98902214,0.5300193,0.15597309,0.16878904
0.29219052,0.59074336,0.1469686,0.14538464,0.20911355,0.26049444,0.19761121,0.4895822,1.0,0.2162841,0.13580963,0.097733915
0.1616202,0.37630814,0.11881592,0.16199924,0.24259652,0.24593283,0.16668317,0.43730095,1.0,0.1573207,0.07832914,0.050054505
0.270325,0.46214235,0.39964202,0.42094734,0.38499764,0.4238274,0.49274936,0.6521513,1.0,0.3501072,0.18980931,0.14186947
0.35142818,0.3468243,0.05800957,0.039181042,0.118641354,0.074892364,0.16548376,1.0,0.61505246,0.059334245,0.037816886,0.08086075
0.20250987,0.31320804,0.09779959,0.07965702,0.18603233,0.17771624,0.15509933,1.0,0.95284307,0.12628698,0.043514226,0.038192414
0.11130877,0.24925084,0.22195292,0.27899268,0.29972002,0.34324515,0.28693923,0.79708236,1.0,0.2706339,0.12250975,0.058586575
0.31874695,0.1839923,0.46823367,0.7000255,0.65508366,0.63330096,0.67425245,1.0,0.68835336,0.40979868,0.32000434,0.29751357
0.07738608,0.0999186,1.0,0.8094482,0.12045013,0.066375874,0.11158781,0.1120036,0.10211473,0.18084171,0.40554687,0.28811038
0.14398718,0.12058651,1.0,0.95390505,0.09623136,0.03282892,0.07053295,0.09257061,0.075100586,0.11166661,0.22304872,0.37840226
0.20583954,0.3772636,1.0,0.75488657,0.10501933,0.040137775,0.108258165,0.16501276,0.10913852,0.14164057,0.16760688,0.35835153
0.1412188,0.30317667,1.0,0.5176637,0.10680743,0.036369577,0.075050116,0.13909575,0.079058036,0.12549505,0.107302085,0.20933414
0.31814715,0.4804065,1.0,0.6149913,0.30006033,0.22224826,0.19856785,0.14981608,0.21821906,0.3381467,0.23532835,0.32175508
0.14933741,0.47267127,0.9199081,0.7659207,0.55176985,0.48819128,0.42264587,0.51797616,0.5765706,1.0,0.9187101,0.26150727
0.037754532,0.13754109,0.39202714,0.72096884,0.28501797,0.13691232,0.2372034,1.0,0.5711876,0.43933505,0.7529719,0.14491044
0.18105392,0.3746625,0.53018165,0.7661128,0.2607594,0.1541525,0.2999476,1.0,0.66346925,0.5936299,0.590542,0.1861707
0.39095297,0.61284626,0.4399292,0.57016456,0.3705408,0.26373917,0.28760827,0.45606822,0.88164854,1.0,0.5243419,0.2683369
0.17225659,0.29612303,0.26432845,0.3699025,0.4122823,0.2900362,0.2724152,0.40009883,1.0,0.6502279,0.32149854,0.1119315
0.37151816,0.3637152,0.24553007,0.35559443,0.54154485,0.37053722,0.36128578,0.58405167,1.0,0.63964975,0.5696869,0.34638503
0.2617517,0.33126876,0.3468949,0.7119979,0.58746296,0.2999591,0.24380323,0.7488295,1.0,0.2939197,0.18935028,0.18351123
0.091657914,0.08119498,0.21469727,0.44205925,0.26254725,0.26627234,0.3972761,1.0,0.6535029,0.25259238,0.20113407,0.18955058
0.17021947,0.019138698,0.11135655,0.4707795,0.32956707,0.44156566,1.0,0.5424146,0.16601558,0.07358274,0.16204122,0.31056947
0.13754345,0.031741448,0.029807655,0.35908774,1.0,0.26646876,0.37494713,0.43059662,0.14363016,0.015382406,0.028352546,0.090690516
0.06552891,0.021609062,0.02559725,0.26765016,1.0,0.20575483,0.07802642,0.24775079,0.13701065,0.01973306,0.017738895,0.029142076
0.06710566,0.03585747,0.19496435,0.68670934,1.0,0.30612954,0.15553944,0.22619572,0.1441084,0.1645527,0.1494837,0.102428816
0.13447659,0.12469996,0.47142515,1.0,0.6953998,0.50395507,0.23063715,0.29182434,0.459737,0.7708677,0.5478257,0.23261236
0.21339865,0.1094124,0.55853176,1.0,0.79792386,0.9694874,0.31386435,0.6637586,0.6084386,0.54578334,0.37583745,0.60824466
0.15772295,0.07341376,0.42122865,0.56895125,0.49884146,0.92167753,0.66268337,1.0,0.51659584,0.25559968,0.2150115,0.44066408
0.055564392,0.036623582,0.15352678,0.326314,0.2957954,0.33978117,0.7816046,1.0,0.9268858,0.6557842,0.14648478,0.094738
0.005936542,0.006811954,0.018196985,0.061499316,0.06535376,0.049162697,0.12812415,0.27286935,0.6669362,1.0,0.24251379,0.021430248
0.019683087,0.010985923,0.03737906,0.066905536,0.05460264,0.048841946,0.10435685,0.16737449,0.45823112,1.0,0.52679086,0.07498002
0.0683702,0.02438222,0.0620297,0.16497792,0.110236004,0.07910634,0.11211812,0.21005163,1.0,0.8779379,0.26442194,0.09558403
0.11170605,0.042417526,0.097185366,0.2692221,0.12191664,0.077018015,0.0855904,0.3326337,1.0,0.7125184,0.12693435,0.08971042
0.10053294,0.054633673,0.24399105,0.5628042,0.14506342,0.080896705,0.17240703,0.66990125,1.0,0.4224047,0.087430015,0.10001684
0.049682796,0.036236424,0.26674202,0.46654752,0.11907272,0.10747289,0.18353815,0.61557376,1.0,0.35211906,0.07258083,0.053852305
0.13659379,0.21159676,0.5033578,0.9155505,0.50427294,0.5722113,0.9239893,1.0,0.8204862,0.66775155,0.34696215,0.17170237
0.14956295,0.22430465,0.37015232,0.5098641,0.43679544,0.5747709,0.6254136,0.67798084,1.0,0.68262476,0.39000776,0.18850039
0.120910555,0.17947266,0.45241237,0.49573863,0.33515176,0.41586798,0.4986369,0.4542069,1.0,0.5947167,0.28296024,0.1381211
0.0526443,0.061819877,0.23444228,0.33091667,0.32472777,0.25920337,0.6771836,0.6488066,1.0,0.54540277,0.16702387,0.0691085
0.05999915,0.06452369,0.109182,0.17910293,0.3069399,0.19433212,0.62803864,0.685638,1.0,0.60463864,0.14455105,0.07562202
0.6889814,0.20592935,0.10354996,0.4520252,0.3808337,0.41595587,1.0,0.9050804,0.39065906,0.3387894,0.19177309,0.62036705
1.0,0.12103513,0.10099998,0.7364075,0.29894468,0.17122358,0.4252597,0.32022193,0.08414188,0.065791205,0.08307102,0.8551856
0.85066396,0.07498696,0.17575964,1.0,0.3557547,0.13485439,0.23768038,0.18520065,0.08368312,0.17671989,0.11598866,0.8759867
1.0,0.11463476,0.14205217,0.6077894,0.30604377,0.12559494,0.15484455,0.17453937,0.12159147,0.23891942,0.11400006,0.76440144
1.0,0.44232845,0.13323122,0.11522365,0.09978673,0.08790829,0.08116354,0.16072506,0.13030145,0.100921765,0.062116414,0.22844882
1.0,0.8179833,0.08738655,0.05748169,0.038110152,0.037503093,0.03743501,0.08430522,0.08470143,0.06425411,0.04089492,0.075523
1.0,0.933628,0.062047176,0.08220174,0.06204705,0.042779107,0.03661841,0.07966653,0.087825626,0.05611764,0.03544611,0.06027458
1.0,0.6240189,0.049469203,0.07340734,0.07091374,0.06380277,0.07830072,0.098836124,0.06262498,0.04432707,0.026577754,0.14818919
1.0,0.27135083,0.024681317,0.07240104,0.081963755,0.10132957,0.18086186,0.23198263,0.048439506,0.06706881,0.04958092,0.49400088
1.0,0.23688982,0.033268493,0.09309023,0.09422576,0.09471129,0.23860568,0.38253468,0.060928136,0.031314448,0.06718156,0.6815569
1.0,0.5837818,0.056758195,0.04726197,0.052774396,0.034811106,0.10587797,0.21123114,0.07103342,0.010809953,0.026542816,0.25146636
0.5647674,1.0,0.2728241,0.044133,0.024593653,0.028034188,0.10373101,0.11384079,0.038816202,0.0069105537,0.00624533,0.066989176
0.25366336,1.0,0.34897518,0.025651056,0.01312108,0.01772358,0.062661394,0.08437196,0.028537063,0.0046087657,0.003181435,0.017186908
0.6841132,1.0,0.20741364,0.0163232,0.024106203,0.023387926,0.05693292,0.10493223,0.053291157,0.0045658047,0.007661938,0.08829845
1.0,0.35939094,0.055161756,0.00994054,0.014891299,0.025233194,0.09690986,0.18551359,0.031003315,0.0035169278,0.026341917,0.4454217
1.0,0.18842897,0.019210896,0.007917472,0.0075040655,0.021856112,0.10400784,0.16360235,0.017743615,0.0041947444,0.028928623,0.575618
1.0,0.7174509,0.16433279,0.019544434,0.016375085,0.031297237,0.060398582,0.07580529,0.042056713,0.0132403765,0.012339964,0.25683388
0.28769746,1.0,0.8523888,0.10755529,0.023166684,0.037602272,0.043894332,0.025576342,0.06133094,0.055635434,0.009393899,0.048444465
0.21914262,1.0,0.9086792,0.10602582,0.021121953,0.028935635,0.0335547,0.033223365,0.133711,0.11974593,0.007717063,0.02364403
0.7756941,1.0,0.32636502,0.03216739,0.020808749,0.037439387,0.04622216,0.088046625,0.15886022,0.08377712,0.019494893,0.17886962
1.0,0.33189893,0.07873213,0.013261697,0.01868835,0.054848347,0.05205637,0.067321815,0.05326633,0.025992088,0.04175729,0.5778434
1.0,0.2543726,0.033238012,0.015809309,0.021315524,0.035790816,0.046555728,0.11049038,0.040906254,0.012379969,0.04178378,0.5136298
1.0,0.449664,0.050592303,0.017655473,0.0147234835,0.015650429,0.031044073,0.18033855,0.11101057,0.015735278,0.022665605,0.28896064
1.0,0.43962163,0.14849788,0.0495089,0.045500044,0.053026717,0.100898996,0.30414873,0.15388198,0.07714905,0.2634672,0.9508041
0.4690402,0.30857512,0.17435628,0.11660922,0.15942037,0.1872378,0.22599754,0.25440803,0.34888065,0.8642604,1.0,0.71658707
0.06447328,0.12370303,0.14333925,0.16113041,0.15348944,0.21627341,0.24794866,0.35361493,0.7752967,1.0,0.42433113,0.09320221
0.24318926,0.38728222,0.46425557,0.46300113,0.4209986,0.6533089,0.9082972,1.0,0.90392435,0.9622078,0.3587848,0.13630858
0.15513253,0.17053257,0.1858199,0.27950552,0.75334823,1.0,0.46949965,0.22565469,0.19327393,0.19723399,0.08988027,0.08096863
0.1718993,0.25371715,0.36762783,0.5883614,1.0,0.94314855,0.38767824,0.21424612,0.20715593,0.19735302,0.17986782,0.15525298
0.36438346,0.3842413,0.30116218,0.2692261,0.24181822,0.24395496,0.345168,0.4453591,0.6886477,1.0,0.5580078,0.314027
0.06991744,0.01134113,0.020391928,0.028104456,0.038848292,0.09742077,0.123656,0.052515347,0.17571793,0.7556885,1.0,0.5616425
0.124649025,0.0075409566,0.02367053,0.04119736,0.06491881,0.17992462,0.23356222,0.039547164,0.06930327,0.3534866,0.95557296,1.0
0.08808834,0.021500504,0.038214907,0.07357102,0.10041314,0.15152891,0.1305114,0.029583612,0.07056696,0.34727132,1.0,0.6113719
0.1477512,0.17023014,0.27498773,0.27893358,0.13735764,0.108261466,0.113062546,0.085944235,0.21246912,0.6943991,1.0,0.35326642
0.097739786,0.30885008,0.60495067,0.4957274,0.22176066,0.32898068,0.29271618,0.17836758,0.37833545,1.0,0.8776009,0.27508968
0.044331837,0.24911217,0.75134695,1.0,0.5446018,0.6754269,0.6970233,0.5784488,0.44303635,0.7441411,0.38533938,0.10950308
0.03256903,0.07273894,0.22874072,0.4842101,0.3559866,0.26834035,0.48874357,1.0,0.35746062,0.39090303,0.1219081,0.0608816
0.062040657,0.040205836,0.14788237,0.3700905,0.25356033,0.2535216,0.4477422,1.0,0.39051473,0.5657493,0.32342428,0.13622001
0.0773008,0.12514256,0.5463199,1.0,0.4188413,0.5176953,0.5520581,0.35764825,0.47086513,0.9135872,0.44715795,0.1298974
0.7899995,0.35562745,0.48558038,0.5417995,0.34437114,0.52115965,0.64858454,0.20828028,0.30359417,0.5225547,0.39997196,1.0
1.0,0.25000545,0.07166851,0.18610527,0.08248094,0.06653106,0.09915556,0.03986709,0.042119026,0.06296596,0.06801808,0.68831813
1.0,0.24737859,0.08384495,0.3340897,0.14945585,0.055576995,0.121423,0.082494296,0.030895302,0.060557652,0.048420437,0.6849841
1.0,0.20204154,0.18329208,0.6957558,0.45501834,0.12851287,0.27451724,0.33802053,0.059741806,0.16189395,0.09498916,0.7830277
1.0,0.2126171,0.178519,0.40934262,0.5610996,0.23733458,0.3505336,0.8571497,0.18152952,0.206043,0.27365157,0.41920313
0.8022819,0.34831506,0.12405117,0.1482862,0.40331012,0.17866832,0.28157988,1.0,0.4812959,0.15723771,0.6827641,0.22698013
0.5290414,0.34096274,0.07639506,0.068149365,0.25889772,0.11532975,0.15456688,0.65019417,0.4374698,0.13374688,1.0,0.22316967
0.70082957,0.3409872,0.06855213,0.10195654,0.4581188,0.14459065,0.21883504,1.0,0.33414587,0.19653349,0.96836925,0.21885003
0.41778147,0.0898913,0.023414167,0.12622622,0.3681955,0.08970503,0.26834118,1.0,0.1407903,0.21183944,0.31319776,0.14048834
0.27672657,0.029515024,0.022262016,0.13596676,0.18025182,0.06422592,0.4316902,1.0,0.07985239,0.20684722,0.14766163,0.15439944
0.23143332,0.028034566,0.024564821,0.107170105,0.1333013,0.062972724,0.46491975,1.0,0.08034017,0.14636359,0.117014,0.12768148
0.23174487,0.070631474,0.011984246,0.04446437,0.15572439,0.058570456,0.25345412,1.0,0.20049609,0.12334112,0.3210472,0.09471302
0.46401125,0.41598982,0.031290524,0.032034475,0.28040937,0.16295797,0.108338736,0.8906031,0.6410838,0.12738362,1.0,0.38564813
0.65853214,0.5347178,0.045882214,0.028456178,0.22053067,0.18832634,0.0991687,0.40484497,0.568066,0.0967499,1.0,0.67393714
0.9703736,0.5636577,0.07336271,0.04509707,0.1888254,0.14435199,0.12995645,0.38031334,0.45626292,0.26434726,1.0,0.8620652
0.9471861,1.0,0.17063937,0.10937188,0.1261548,0.088232,0.17439345,0.5695386,0.4721735,0.59501,0.96520096,0.50562966
1.0,0.584292,0.112727046,0.10557663,0.16971387,0.1362994,0.33234215,0.57399553,0.29198685,0.27754286,0.7025405,0.59848046
1.0,0.84872913,0.22941826,0.29636434,0.57109714,0.37771392,0.63152957,0.80481863,0.717938,0.56697166,0.79831326,0.7781586
0.6451412,0.75241005,0.37166363,0.3727375,0.6732437,0.85954636,1.0,0.85026044,0.9796074,0.70571756,0.70648354,0.6523318
0.1678355,0.18856002,0.4186967,0.21679492,0.1840503,0.8901656,0.7891066,0.63943607,0.4228166,0.34533235,1.0,0.4518691
0.018462267,0.063364886,0.10597487,0.044447135,0.21684454,0.46519613,0.13954116,0.45261887,0.21940596,0.36390907,1.0,0.15374385
0.09099606,0.043057032,0.06798055,0.19810103,0.35192356,0.39573386,0.09345453,0.30085647,0.12162015,0.35190573,1.0,0.28636345
0.27422652,0.03316002,0.03989254,0.49168813,1.0,0.22709213,0.1004139,0.24451925,0.057591047,0.14156917,0.38059312,0.28900528
0.14616074,0.0243004,0.010955936,0.25745466,1.0,0.15363924,0.052446987,0.23406668,0.06607632,0.08514229,0.041661266,0.04110677
0.13458382,0.02626773,0.011922145,0.20808169,0.9702094,0.16311365,0.13461956,1.0,0.3166183,0.07859725,0.024200017,0.026276218
0.041004978,0.009020954,0.0032194091,0.040270474,0.20217769,0.04198106,0.19627656,1.0,0.31564516,0.020653434,0.020725505,0.015437501
0.064934276,0.013877043,0.0055404124,0.028878137,0.08727059,0.05288079,0.3345074,1.0,0.27689683,0.048978087,0.080067866,0.065977864
0.3312903,0.08312259,0.047054537,0.14427929,0.29703653,0.15437481,0.35156402,0.8626992,0.57887655,1.0,0.6420467,0.34993175
0.09360996,0.04490562,0.045285642,0.10635624,0.22322366,0.09633037,0.21610548,0.8094687,0.757437,1.0,0.4163929,0.11496984
0.07371669,0.07501647,0.09039584,0.16731977,0.24864501,0.21948266,0.63340384,1.0,0.5440831,0.59522295,0.22033702,0.07663369
0.12165386,0.07711112,0.1013679,0.19119214,0.36261004,0.39731133,1.0,0.8048427,0.3370521,0.25436005,0.26736605,0.1592249
0.14035949,0.08762485,0.09438495,0.15160143,0.25074336,0.23459685,0.60646,1.0,0.670817,0.2892473,0.20199536,0.10832525
0.2079229,0.13499112,0.1781145,0.3234602,0.27281815,0.2032656,0.3581398,0.8323005,1.0,0.2645216,0.14160483,0.12811905
0.16464865,0.18775418,0.15057246,0.21932557,0.2315589,0.16416639,0.36354476,0.58024997,1.0,0.55986345,0.21289274,0.14124478
0.1114334,0.123585485,0.16295968,0.18550603,0.25291836,0.22474764,0.42320672,0.4440266,1.0,0.85273945,0.23729433,0.1504743
0.34165946,0.24445663,0.41728047,0.42552203,0.39684024,0.22878268,0.42569172,0.5709118,0.87711823,1.0,0.76758575,0.5648137
0.2919264,0.16132797,0.36570504,0.44780442,1.0,0.23506081,0.17299531,0.31248796,0.69532216,0.4108062,0.89265746,0.89190805
0.12114547,0.037740022,0.1395402,0.37938818,1.0,0.33719072,0.07596867,0.19937506,0.6575403,0.23893745,0.28751293,0.4959356
0.5465878,0.08211827,0.13167748,0.8427205,0.89534736,0.5075934,0.15729041,0.41776103,1.0,0.24517646,0.12149511,0.71513695
1.0,0.2335053,0.109920785,0.3641403,0.49853525,0.19997157,0.10550135,0.26818562,0.6652463,0.2493124,0.06264233,0.53504115
1.0,0.3744807,0.20708917,0.14133137,0.25404683,0.062793635,0.047133725,0.14583164,0.25094754,0.21085961,0.032598913,0.29236868
1.0,0.462244,0.2646467,0.11067569,0.057245113,0.023001125,0.0326294,0.08037779,0.16579755,0.18148902,0.025066445,0.2440919
1.0,0.7391212,0.2550564,0.06243319,0.044120256,0.020236343,0.027619384,0.08664584,0.2344019,0.18138482,0.018660469,0.13906112
0.714441,1.0,0.44914505,0.15450604,0.16877647,0.05708082,0.03415516,0.13410348,0.06952415,0.049756058,0.027786126,0.064958334
0.5736914,0.6278639,0.3633614,0.27923623,0.29916853,0.088710755,0.20081326,1.0,0.18518358,0.03529912,0.02505578,0.04583717
0.27975565,0.1256849,0.043693054,0.12798227,0.4513747,0.070746906,0.17404419,1.0,0.18852955,0.006199254,0.00348539,0.030620042
0.19957437,0.052612677,0.009394697,0.25036258,1.0,0.10013365,0.03555038,0.25087023,0.05737871,0.0018111963,0.0025503323,0.051285487
0.17682818,0.043098647,0.0082466835,0.31199467,1.0,0.084679745,0.0118069695,0.047602355,0.01227025,0.0033897867,0.010078558,0.10616619
0.43561602,0.114451505,0.0252214,0.3646656,1.0,0.090268716,0.024322744,0.032947484,0.013271195,0.02664445,0.062376104,0.35106817
0.780698,0.284885,0.12521005,0.63822424,1.0,0.23588438,0.18703735,0.1559154,0.1552844,0.4188484,0.59304124,0.8234352
0.6834597,0.27420485,0.1993477,0.598819,1.0,0.4483305,0.4969515,0.63515866,0.5518315,0.99204445,0.64804226,0.46809137
0.38891497,0.28577858,0.16474468,0.5184836,1.0,0.46963742,0.5495164,0.617806,0.384557,0.24090886,0.18052663,0.34558654
0.25758708,0.22149593,0.15903139,0.3458498,0.6505972,0.5086445,1.0,0.77550185,0.7183721,0.26852804,0.1548388,0.16764596
0.8037107,0.39550817,0.07818031,0.39595464,0.18069991,0.24482739,1.0,0.3979617,0.17779002,0.07148192,0.09754407,0.47725424
0.7149807,0.29770893,0.1751195,1.0,0.23320779,0.17288974,0.84666216,0.36396518,0.073439255,0.025763696,0.038296003,0.44117683
0.091735356,0.035155263,0.3620509,1.0,0.10766876,0.081540555,0.32813132,0.10645334,0.012091081,0.00813773,0.026605714,0.13640542
0.019074047,0.07663289,0.8145468,1.0,0.17477499,0.30135882,0.3046707,0.05421454,0.0153492,0.032165468,0.069013804,0.062398583
0.04339185,0.17312057,0.5516944,0.5913639,1.0,0.6214387,0.2642797,0.12223198,0.112027824,0.1744084,0.10941562,0.026859546
0.054241493,0.096397325,0.29972294,0.83363754,1.0,0.74893373,0.7848908,0.42633396,0.28193724,0.14172548,0.047705878,0.045061734
0.032880098,0.0920456,0.23222274,0.30564407,0.30669913,0.6080621,1.0,0.5382631,0.2145905,0.07098727,0.040428396,0.035657555
0.13755943,0.23805688,0.40506572,0.4758138,0.87217534,1.0,0.92590433,0.56078917,0.24978678,0.23167264,0.13277131,0.08289305
0.5069203,0.5703529,0.68495756,1.0,0.959921,0.8696735,0.8178188,0.6482654,0.36245862,0.55217177,0.40615377,0.32003954
0.2812868,0.27174276,0.57187104,0.77849984,0.74805325,0.68999213,1.0,0.5224253,0.41672176,0.44136202,0.34732914,0.20822547
0.12534918,0.10909181,0.24544346,0.35608694,0.7201093,0.68158054,1.0,0.75052553,0.65697855,0.4400718,0.2931213,0.13899115
0.10102624,0.09027874,0.15602002,0.14879532,0.31168196,0.36145145,0.620814,0.82500464,1.0,0.44496903,0.24214783,0.1111722
0.13243274,0.13960907,0.17917795,0.18086258,0.24015543,0.34671292,0.5264777,0.7102782,1.0,0.44234854,0.27298608,0.10193963
0.14081244,0.15218042,0.39277798,0.49442583,0.31459078,0.4230406,0.810244,0.7834401,1.0,0.6934004,0.25913936,0.19887446
0.21443719,0.30503997,0.30065265,0.33727345,0.25898135,0.44002053,0.80889404,0.67227554,1.0,0.71800786,0.1964892,0.19153832
0.25389546,0.5775764,0.5304522,0.39771402,0.26273948,0.51960284,1.0,0.95882994,0.8823133,0.4384369,0.12364409,0.15834677
0.08323317,0.2604863,0.4070702,0.73479635,0.5158549,0.30051103,0.6017637,0.7178264,1.0,0.68770486,0.12116491,0.08904266
0.047392257,0.08587886,0.1928247,0.41529515,0.4590726,0.17031689,0.18564843,0.3174392,0.54511344,1.0,0.21572624,0.03733731
0.05023224,0.036607303,0.124209285,0.28343394,0.3287779,0.17268436,0.15203267,0.18832396,0.4082669,1.0,0.74015033,0.26292822
0.07601767,0.04432396,0.07702567,0.29723275,0.3248215,0.17526531,0.1701012,0.15472263,0.47983572,0.88400775,1.0,0.46588042
0.1444057,0.08657795,0.097561345,0.20605521,0.33300003,0.4439005,0.2698464,0.18011396,0.6981481,1.0,0.82885575,0.51643896
0.3049625,0.19304997,0.3551462,0.30940142,0.42910764,1.0,0.5622405,0.3558096,0.7480685,0.98481995,0.62404513,0.581423
0.24008983,0.35973883,0.5041881,0.42084885,0.33662826,0.6165229,1.0,0.6509221,0.74136776,0.5920393,0.6249782,0.34710193
0.6190917,0.75923705,0.6407394,0.7308722,0.58737254,0.6017396,1.0,0.7700707,0.9578106,0.64386934,0.44302753,0.4542319
1.0,0.998398,0.2805941,0.28771207,0.41531357,0.2994407,0.49453026,0.40032038,0.39803788,0.2913613,0.20328775,0.31096438
1.0,0.80267227,0.23182377,0.40202895,0.72075933,0.61188537,0.8227306,0.4753684,0.54611075,0.8894954,0.5820989,0.6688324
0.33905157,0.24049932,0.21547732,0.3642357,0.6253741,0.8374027,0.6328929,0.7194515,1.0,0.88159,0.7500895,0.35201475
0.19918823,0.22924456,0.23930378,0.30448484,0.3392965,0.46135938,0.3524686,0.51991487,1.0,0.3932056,0.38706565,0.2071035
0.29237962,0.28251538,0.31867325,0.59564346,0.560793,0.44902512,0.6151255,0.8660987,1.0,0.34717485,0.31143606,0.2485648
0.23694275,0.24348953,0.3223945,0.74691296,1.0,0.90017706,0.9257407,0.97354895,0.79052633,0.32668427,0.23932083,0.17450403
0.09522613,0.11245602,0.16161288,0.28207773,0.59981996,0.6200802,0.90122026,1.0,0.8202814,0.43552685,0.20207852,0.099970415
0.06312147,0.051439177,0.071929894,0.11060661,0.22871926,0.6544652,1.0,0.7240804,0.96384084,0.9669658,0.6808853,0.20166491
0.25500873,0.1143122,0.07229285,0.22099444,0.22516885,0.5338433,0.8543748,0.6742328,0.70994556,1.0,0.80317175,0.34701294
0.31831256,0.41041005,1.0,0.8252906,0.25881457,0.14061497,0.16670226,0.29631677,0.4225876,0.4247142,0.25160146,0.17854895
0.038113143,0.11304404,0.80377483,1.0,0.21883088,0.04000034,0.019414153,0.03472036,0.06594,0.09087426,0.055554803,0.02329575
0.014141538,0.03633691,0.4737337,1.0,0.6712749,0.11044842,0.01860524,0.0128861265,0.0140532395,0.023034895,0.036546905,0.048416287
0.016014023,0.034440205,0.44115695,1.0,0.8881324,0.13731025,0.035955302,0.013314145,0.008267622,0.02593717,0.06480463,0.0807088
0.0043045883,0.10851786,1.0,0.69609016,0.124803595,0.018942453,0.0119826365,0.0065275454,0.0093245255,0.036952764,0.02859238,0.010398078
0.0048113456,0.26081797,1.0,0.30068898,0.040710613,0.013438787,0.008478815,0.0029603012,0.02445615,0.06366434,0.00842294,0.0021527347
0.004399811,0.30897188,1.0,0.1509908,0.013474744,0.0064344225,0.005792094,0.0015764711,0.029618131,0.08686419,0.008486202,0.0012253313
0.0019674927,0.15253086,1.0,0.26081285,0.011241668,0.0029888868,0.0050648786,0.0012524149,0.012831618,0.044169124,0.0063977726,0.0014179308
0.0040487093,0.15937273,1.0,0.33924603,0.020133559,0.005393784,0.007750902,0.00195092,0.004891696,0.0187914,0.0062350924,0.0018221023
0.0060651684,0.16000593,1.0,0.4421903,0.045776863,0.017694486,0.013241299,0.005002524,0.0042829,0.012726786,0.009144574,0.0018229637
0.011690499,0.18488356,1.0,0.5081249,0.05856054,0.034289468,0.03407862,0.015094854,0.0062448066,0.012877384,0.01194582,0.003580845
0.029951928,0.1608643,0.7597835,0.6589128,0.21829031,0.2944979,0.85820997,1.0,0.46131378,0.12590162,0.03221256,0.014740264
0.0037053197,0.0052982434,0.02537289,0.028361864,0.011021106,0.039092556,0.22346884,0.9315747,1.0,0.235598,0.016142843,0.004230153
0.0042720307,0.003773071,0.025709284,0.026087383,0.0073072976,0.021432657,0.1029525,0.8273284,1.0,0.2464013,0.02231718,0.009225148
0.01214404,0.020056397,0.051345795,0.057733074,0.07706049,0.21290466,0.4637742,1.0,0.722897,0.20001678,0.040376056,0.025784496
0.09016695,0.2978921,0.35404563,0.25424665,0.31024554,0.7895258,0.8427517,0.837423,1.0,0.46211883,0.05001594,0.04022053
0.25217655,0.6322023,0.498885,0.8716119,1.0,0.42940557,0.40468764,0.3586032,0.32123187,0.13902462,0.06527176,0.059845913
0.025062423,0.040176485,0.11194777,0.99980664,1.0,0.14343303,0.054208726,0.10572789,0.06352295,0.016009193,0.03445959,0.031826217
0.01055428,0.0073803524,0.06972035,0.7686948,1.0,0.1127008,0.01961011,0.053241655,0.055329118,0.021998862,0.053501394,0.050263677
0.008171002,0.026965164,0.2054862,1.0,0.8733199,0.17206523,0.036368735,0.06253412,0.054788835,0.044630848,0.118837744,0.047963057
0.027609011,0.27900615,0.8584761,1.0,0.40961003,0.20981841,0.058298316,0.06616819,0.030373348,0.020408494,0.033336084,0.012966779
0.14607412,1.0,0.74417174,0.28532633,0.1932455,0.15320577,0.041222032,0.039702732,0.028269015,0.013470606,0.0051919664,0.008195474
0.1837919,1.0,0.48945534,0.07481315,0.05131762,0.062313005,0.014750358,0.011423425,0.017899262,0.0077995835,0.0018497718,0.006195003
0.124012075,1.0,0.7765577,0.08281908,0.031156344,0.033468142,0.013481647,0.007728121,0.012392873,0.008873392,0.00209576,0.004024645
0.039001215,0.6337616,1.0,0.18835215,0.039381713,0.01140282,0.014293763,0.0069449428,0.006125881,0.008326899,0.0021170937,0.0021547931
0.072432,0.6559797,1.0,0.27012974,0.03503956,0.01152762,0.023470972,0.008582002,0.0074372482,0.005760823,0.002963761,0.009818058
0.6183031,1.0,0.39603034,0.09694473,0.031177081,0.02073425,0.0329208,0.033646964,0.042577554,0.017706018,0.017429277,0.08958909
1.0,0.8835539,0.24548651,0.16690218,0.116969116,0.0567512,0.05240255,0.0765916,0.09215986,0.031171968,0.065892346,0.3742512
0.94104165,1.0,0.36712608,0.4335358,0.42059624,0.30107704,0.46655282,0.24459702,0.23684269,0.10325806,0.29163802,0.78836787
0.09650393,0.12953997,0.1042887,0.21036738,0.2295459,0.21052127,1.0,0.4379089,0.19078094,0.12886041,0.21072939,0.30209574
0.096526064,0.021153063,0.026461165,0.09431913,0.0858181,0.08730169,1.0,0.87602574,0.118623056,0.12582065,0.096264616,0.15100339
0.073985375,0.019391535,0.008567336,0.026059534,0.06757454,0.030525312,0.30511764,1.0,0.35601687,0.065469176,0.061241493,0.03693149
0.035277177,0.021523576,0.0034249956,0.007311013,0.06194382,0.028719284,0.038004648,0.9541211,1.0,0.040442616,0.022137389,0.008241216
0.032627337,0.013105106,0.0020806887,0.01654253,0.049157906,0.018941555,0.071120955,0.94633996,1.0,0.040602133,0.008316526,0.011274817
0.11812758,0.013079602,0.014540324,0.17365947,0.11068336,0.045747813,0.4683827,1.0,0.62661624,0.03894422,0.016921721,0.16523226
0.21999386,0.0062123276,0.06295422,0.564478,0.1540382,0.12802595,1.0,0.36901194,0.037663635,0.013239637,0.04419003,0.5601442
0.46581483,0.052273683,0.06969397,0.9382651,0.86338484,0.2259351,1.0,0.9726984,0.19369978,0.012359787,0.036949527,0.5999562
0.14744426,0.10762044,0.016109936,0.14293936,0.5274263,0.38532615,0.12888338,0.7383659,1.0,0.13281594,0.0063197794,0.05214492
0.028921112,0.052721858,0.013081653,0.023059377,0.1279159,0.28849238,0.0554918,0.27132297,1.0,0.20344736,0.0048248745,0.007321938
0.098955005,0.040189937,0.07052114,0.39220038,0.35314372,0.21902162,0.20767309,0.48806697,1.0,0.16763583,0.02210505,0.14558922
0.08090621,0.010056599,0.3621941,1.0,0.16662274,0.09068128,0.35274947,0.16008902,0.14759141,0.03245673,0.10216479,0.44030163
0.051623177,0.00957187,0.2282065,1.0,0.3128041,0.04073892,0.18842354,0.10791637,0.018395348,0.0040293564,0.049262255,0.22848608
0.07253469,0.10857233,0.12644985,1.0,0.75048834,0.05425495,0.18939716,0.31658307,0.16757126,0.023383848,0.014666069,0.10232765
0.20962843,1.0,0.4031303,0.404622,0.5509903,0.07771645,0.1194158,0.3515304,0.5558233,0.097002216,0.008163213,0.03010434
0.39572316,1.0,0.3380701,0.062520795,0.048198614,0.016652144,0.02092913,0.061000086,0.1450966,0.0631749,0.01660576,0.065830216
0.55148035,1.0,0.39669225,0.3633717,0.31103873,0.098525755,0.2919383,0.3390097,0.50231063,0.4022534,0.15569565,0.34419617
0.410421,1.0,0.40578705,0.30750602,0.18478285,0.20545013,0.32165372,0.486078,0.3328328,0.1715413,0.1659203,0.32328707
0.1292682,0.5920719,1.0,0.515703,0.07626577,0.02076573,0.04227093,0.106600836,0.16316544,0.18885595,0.11326301,0.06313425
0.038941294,0.26580194,0.94214845,1.0,0.28287184,0.10738792,0.039737754,0.03758667,0.07776662,0.14015566,0.12540889,0.045609955
0.045029584,0.10816391,0.67466545,1.0,0.7126118,0.43115142,0.18185204,0.11666572,0.13778725,0.25424835,0.1820228,0.10050643
0.098347984,0.42149395,0.89334184,1.0,0.48696667,0.34282246,0.2798518,0.20270817,0.1814652,0.35226488,0.19349408,0.113571696
0.43706417,1.0,0.640589,0.46243227,0.20197658,0.21573868,0.21696134,0.25335264,0.27044946,0.23066194,0.112437464,0.08134795
1.0,0.504967,0.16679914,0.16693334,0.14196914,0.21059501,0.25811413,0.44847673,0.30214387,0.23005266,0.10043491,0.30210063
1.0,0.21800679,0.12748343,0.26189882,0.14452781,0.13790959,0.50181955,0.74367815,0.19873217,0.18257615,0.11484045,0.52685016
1.0,0.2965649,0.06674088,0.096320726,0.079092704,0.0846171,0.35157934,0.5075856,0.13203631,0.11696913,0.06460348,0.394553
1.0,0.5749337,0.082158394,0.056836367,0.06850842,0.06628038,0.12105084,0.19403838,0.100029916,0.07706249,0.03950786,0.21334237
1.0,0.5446027,0.123293824,0.1272086,0.0828369,0.06966516,0.08332531,0.14553298,0.13344118,0.11738405,0.14149825,0.45780942
1.0,0.39601934,0.24114719,0.4243027,0.24584241,0.1979757,0.26404408,0.54507196,0.7121931,0.7374633,0.76124763,0.9400329
0.068427935,0.06634472,0.10658633,0.20693162,0.09992033,0.10177063,0.3606467,1.0,0.6356364,0.26251543,0.15994427,0.06776625
0.01451946,0.020590432,0.053628966,0.058377117,0.047968604,0.075440936,0.21110749,1.0,0.75208783,0.1339434,0.03824921,0.01642521
0.0034789115,0.0051853913,0.026279716,0.021137295,0.012779094,0.026099337,0.17556547,1.0,0.82649785,0.08544539,0.018649656,0.0045843557
0.0031293705,0.004012373,0.017959304,0.022288023,0.020938167,0.042606182,0.21402839,0.93444973,1.0,0.24713919,0.036933217,0.0056578703
0.008410208,0.011115977,0.018913535,0.040650908,0.053675104,0.08881963,0.19811599,0.5262246,1.0,0.6722456,0.08161645,0.012515632
0.012106742,0.010776878,0.013306106,0.051714476,0.055335697,0.029974736,0.09384415,0.26040167,1.0,0.6229503,0.06753136,0.011907898
0.6954202,0.4098002,0.15603755,0.2531504,0.40194005,0.30137768,0.43201974,0.4704311,1.0,0.9658645,0.32481822,0.36751345
1.0,0.39832875,0.22335094,0.5255742,0.32627448,0.11256827,0.096390285,0.15496756,0.11072398,0.12502062,0.16145061,0.6840097
0.45406058,0.14781645,0.19997446,0.4080856,0.59168357,0.4803339,0.22874825,0.22464313,0.2760775,0.6621941,1.0,0.8779623
0.029676514,0.04871534,0.13613047,0.20978573,0.9602134,0.6618987,0.33566865,0.26632154,0.43294677,1.0,0.5282276,0.10691311
0.02770638,0.07043481,0.25123188,0.39414814,0.80138427,0.79200345,0.45479816,0.39485517,0.7158521,1.0,0.24857017,0.04396367
0.040478405,0.1173443,0.30236512,0.4768932,0.48182717,0.82168543,0.530253,0.6523399,1.0,0.61662817,0.19651373,0.06095148
