0.2230814,0.22993319,0.23022915,0.24345705,0.28910276,0.552834,0.9756743,1.0,0.63035667,0.32002667,0.17424554,0.19814545
0.36182016,0.33716518,0.33034414,0.33679283,0.29833096,0.6138569,0.97076,1.0,0.56279576,0.39119512,0.1877055,0.2454392
0.68992037,0.59046984,0.5149019,0.51936215,0.4917871,1.0,0.87123895,0.77028596,0.47250944,0.52191234,0.32227227,0.4390415
0.47047663,0.29258937,0.20096728,0.23495679,0.41963056,1.0,0.4713565,0.3311933,0.19785139,0.22802801,0.17456211,0.26291886
0.3528146,0.186482,0.13765925,0.16646603,0.38529488,1.0,0.35167685,0.2185921,0.13694574,0.1761455,0.1355731,0.17198816
0.3430026,0.17900878,0.1310049,0.1604503,0.3448414,1.0,0.35646603,0.19720046,0.15383881,0.21103115,0.14074206,0.16230087
0.3470797,0.18490656,0.1240686,0.16356388,0.3512972,1.0,0.3538303,0.19347945,0.16691606,0.23014201,0.14154765,0.17001934
0.35989603,0.18039335,0.13222255,0.16563052,0.34954488,1.0,0.35221034,0.19508307,0.16260846,0.23289278,0.14108177,0.18332198
0.37220088,0.178354,0.12558807,0.15779527,0.34633568,1.0,0.35086322,0.19776724,0.16166826,0.23086715,0.13535275,0.18688574
0.38769227,0.18288518,0.124134034,0.15773915,0.34511843,1.0,0.3379353,0.1933159,0.15976158,0.22715563,0.13018255,0.17792155
0.39272407,0.18838778,0.12678252,0.15967888,0.33549002,1.0,0.34694585,0.19770926,0.15217407,0.21366689,0.12626907,0.1738643
0.38448036,0.17704615,0.123731695,0.15967213,0.35266072,1.0,0.33421806,0.19468102,0.14954631,0.20558004,0.122275464,0.17208305
0.3838965,0.18215758,0.12793022,0.1577578,0.34194627,1.0,0.3474898,0.20207895,0.15034203,0.20992692,0.1262308,0.17223035
0.36847702,0.17759208,0.12483546,0.15095879,0.32874388,1.0,0.34037933,0.18575466,0.14749867,0.20426849,0.12435562,0.16772644
0.37144274,0.17776874,0.12451516,0.1541894,0.3359444,1.0,0.3317787,0.18306194,0.14451146,0.20032482,0.122306064,0.16635154
0.37006664,0.17598125,0.11995191,0.15314478,0.34092042,1.0,0.33305782,0.18318625,0.14380193,0.19335681,0.11567387,0.1622332
0.375006,0.17656957,0.11997539,0.15012287,0.33359185,1.0,0.35104996,0.1869165,0.13991173,0.19825785,0.12020064,0.16584784
0.37865657,0.18072313,0.122226104,0.15263405,0.33856618,1.0,0.34460792,0.19152123,0.14384282,0.1968362,0.12126937,0.16598916
0.3693068,0.17441924,0.11678745,0.14809923,0.3355122,1.0,0.33551395,0.18741754,0.14322187,0.19480166,0.11852234,0.15912054
0.37862816,0.17815663,0.11587771,0.14241213,0.33324373,1.0,0.33010828,0.1845435,0.14004827,0.19386068,0.118386544,0.16410056
0.37681168,0.17271772,0.116672374,0.15051861,0.33862227,1.0,0.33375168,0.18007146,0.1392779,0.19139698,0.12113368,0.16591285
0.3864618,0.17413515,0.12126772,0.1591247,0.33951926,1.0,0.33337915,0.175486,0.14168154,0.19438545,0.12195698,0.17212719
0.37615055,0.1733502,0.14825572,0.18115927,0.36755922,1.0,0.34680375,0.1797047,0.14516367,0.19740066,0.125585,0.17006852
0.36323592,0.22120775,0.33648422,0.568256,0.8509983,1.0,0.6789718,0.5102538,0.2545626,0.2319548,0.17153414,0.1957056
0.05065341,0.11085537,0.51947993,0.58398354,1.0,0.71813965,0.34762242,0.18666539,0.073721975,0.042022057,0.03766162,0.05006905
0.04334456,0.08483267,0.50551313,0.7433115,1.0,0.34092715,0.13285331,0.07095882,0.052453365,0.03353893,0.038268402,0.04662706
0.024458406,0.06236384,0.46412274,1.0,0.6158907,0.122436225,0.06278591,0.042943623,0.02855308,0.026158806,0.057312854,0.03626797
0.014865108,0.06411605,0.52398115,1.0,0.3819975,0.08263163,0.035012294,0.03384959,0.02467321,0.04690682,0.12590016,0.032717954
0.04774925,0.031833615,0.09277114,0.14193025,0.30238098,0.79750663,1.0,0.65858114,0.33879256,0.19538836,0.23092854,0.107307404
0.010251093,0.011752231,0.012741793,0.010715389,0.026218813,0.27278954,1.0,0.8936536,0.18830858,0.06852802,0.05701158,0.039566584
0.0033252088,0.008163116,0.010598025,0.0048186393,0.008940472,0.08017357,0.78490067,1.0,0.09974752,0.01993216,0.0154393725,0.014861224
0.0012848668,0.009291467,0.013406165,0.0021262073,0.002059037,0.037114907,0.73499274,1.0,0.07808185,0.0025368042,0.00392264,0.0036920905
0.0008005808,0.007192438,0.006493315,0.0012426238,0.0074216686,0.14447969,1.0,0.63091207,0.031486064,0.001832319,0.0012702743,0.0013550328
0.0002538513,0.0021140634,0.0020711427,0.0011829822,0.01121224,0.15484849,1.0,0.66912156,0.04945947,0.002300167,0.00061915437,0.0004826127
0.00011589752,0.0010087831,0.0021519363,0.0002978641,0.0015159686,0.022458944,0.59369516,1.0,0.08585758,0.0007056272,0.00018359975,0.00014917602
0.00024367798,0.0007520845,0.001774772,0.00026272185,0.0005720956,0.016124275,0.48004693,1.0,0.103091076,0.00071255467,0.0001328335,0.0001332604
0.0005738549,0.00092844834,0.002184544,0.00025322984,0.00023544407,0.010580018,0.440736,1.0,0.12670317,0.0011424794,9.495348e-05,0.00014847903
0.0011265326,0.001568053,0.0040239026,0.00042113994,0.000142593,0.005771794,0.3374146,1.0,0.16051348,0.0017833812,0.00014151951,0.00019405961
0.0016439836,0.0018913413,0.0056266454,0.0010823222,0.0002795275,0.0051489887,0.23197038,1.0,0.29759407,0.0064731743,0.00028979077,0.0009995828
0.0015518585,0.0008322659,0.0047262046,0.0020498405,0.00032108574,0.0031544117,0.084967576,1.0,0.6264944,0.019685222,0.0004874726,0.0039244834
0.0013907588,0.0006270814,0.0041466677,0.0016137583,0.00074621756,0.0052742707,0.12702002,1.0,0.49887422,0.013669954,0.0013594653,0.006893163
0.0091122035,0.00583199,0.0068262606,0.008683145,0.10183452,0.45629174,0.74958664,1.0,0.26986519,0.007002237,0.00442999,0.012258586
0.023260154,0.00648918,0.026940338,0.17883047,0.62122077,1.0,0.4420265,0.11389989,0.030563008,0.028317062,0.11056775,0.05852781
0.018674722,0.012472146,0.16234119,0.7217239,0.6659966,0.4071214,0.079564065,0.059248947,0.028433949,0.25106937,1.0,0.21640623
0.040463474,0.009521691,0.09054134,0.5455976,0.52575135,0.10178708,0.019763717,0.051313017,0.027671123,0.16078936,1.0,0.52857345
0.14293107,0.029373737,0.012762208,0.18062325,0.84059024,1.0,0.3001964,0.03062468,0.021456847,0.0133747365,0.22872964,0.4277646
0.08195024,0.08291801,0.004245072,0.011423817,0.13549337,1.0,0.91150576,0.042837076,0.0033153533,0.0022822232,0.0065938137,0.024137871
0.054032847,0.10817433,0.0051719653,0.0037910282,0.013793001,0.5797883,1.0,0.053161442,0.0013001647,0.0027249004,0.0038005793,0.0023764118
0.0438364,0.12566872,0.009268599,0.0040566027,0.009682112,0.41614348,1.0,0.07820412,0.0012910108,0.003435524,0.005684948,0.0013866102
0.020695645,0.12071448,0.019480633,0.0028946544,0.0074694846,0.20679104,1.0,0.17846702,0.0023095668,0.0020867651,0.0054707318,0.0009402445
0.008464545,0.10063732,0.028664485,0.0015704734,0.0047047394,0.10070401,1.0,0.29551938,0.0036930027,0.0008272891,0.0031736263,0.0006506183
0.004604373,0.078962885,0.037464093,0.0016441608,0.0036477302,0.070812784,1.0,0.45866475,0.008028987,0.0013823488,0.003061319,0.0013032409
0.00331683,0.07645268,0.05146151,0.0022311858,0.0040808166,0.04840943,1.0,0.6344843,0.013674426,0.0019248895,0.0029393989,0.0017688521
0.0032663557,0.07252654,0.040933363,0.0011344188,0.0027517756,0.057505082,1.0,0.5436272,0.010086495,0.000613094,0.0011781474,0.0005493584
0.007108567,0.07194593,0.021257302,0.0014011154,0.0037863776,0.12030127,1.0,0.3066182,0.0047615613,0.0006841756,0.0018338697,0.0004671697
0.008766176,0.059224557,0.01000904,0.002106901,0.005126684,0.18451841,1.0,0.16510807,0.0023906226,0.0018084279,0.006471917,0.00097076525
0.0035115196,0.024169482,0.00424841,0.000739787,0.0027853802,0.18638454,1.0,0.16529274,0.0015306402,0.0026553571,0.016504066,0.0023608739
0.0013191219,0.011891993,0.0035324923,0.00031011036,0.0023598867,0.17666942,1.0,0.21132664,0.0023656331,0.0017893816,0.013064673,0.0022778648
0.00055608095,0.0078765275,0.004943645,0.00040884505,0.003009273,0.12588324,1.0,0.42783916,0.009980909,0.0007048278,0.0049230237,0.0014468209
0.0003013417,0.009452095,0.01043641,0.00048109484,0.0023817003,0.054627664,1.0,0.90581983,0.035654947,0.00045420195,0.0020718349,0.0012105543
0.0002608101,0.007957982,0.008118666,0.00036518316,0.0017050557,0.062894486,1.0,0.8791699,0.036604512,0.00037222897,0.0008709453,0.00052088033
0.00035188964,0.0069609103,0.0038319181,0.00017901551,0.0014498185,0.10083077,1.0,0.5758016,0.01575234,0.00023655209,0.00027831297,0.00013337875
0.00032150504,0.0058651613,0.0025497158,0.00017070262,0.0014836128,0.116750196,1.0,0.47553468,0.010464302,0.00021297559,5.4095854e-05,3.614151e-05
0.00030633202,0.0060445215,0.0026720513,0.00015621593,0.0014413953,0.10584535,1.0,0.4956976,0.011812256,0.0002361711,5.3301825e-05,4.113503e-05
0.0003789146,0.0057340735,0.0020402933,0.00022613222,0.0017735566,0.12989908,1.0,0.44428122,0.010386783,0.0002913789,8.628638e-05,3.4727847e-05
0.00025062577,0.0040572044,0.0021540383,0.0004118222,0.0019160341,0.089149185,1.0,0.68500566,0.024424884,0.0003712406,0.00013084633,6.6325905e-05
0.00022059862,0.0028615685,0.0022392704,0.0002728172,0.0006178103,0.055898104,1.0,0.8710666,0.033620495,0.0003353692,0.00018039097,0.00015086505
0.00040802432,0.003869219,0.002344353,0.00018270289,0.0005811584,0.07546437,1.0,0.7151258,0.022824485,0.0004087304,0.00023587339,0.0003142018
0.00044566623,0.004536987,0.002612807,0.00019760233,0.00054014457,0.07490965,1.0,0.70778984,0.022852022,0.00029635068,0.000136072,0.0002247619
0.0002296698,0.00474522,0.0034898159,0.0003428685,0.0005989814,0.06310419,1.0,0.81192267,0.029689282,0.00023415638,5.1671046e-05,8.083891e-05
0.00014967164,0.0044749854,0.0053282906,0.0004822997,0.0009186538,0.039468855,0.87851924,1.0,0.05569234,0.0003519419,0.000113836824,8.598728e-05
8.942914e-05,0.0031854422,0.005759601,0.00037627984,0.00077467423,0.020525914,0.65956694,1.0,0.07379313,0.0003986337,0.00024396754,0.00018326884
8.280583e-05,0.0032675446,0.0052538505,0.00025513105,0.00066702307,0.024253845,0.7242909,1.0,0.06419095,0.00033742984,0.00027599,0.00021479662
0.00010871475,0.004393352,0.0055497503,0.00025186487,0.0009126017,0.03351256,0.8461281,1.0,0.05360344,0.00030584546,0.00035228155,0.00023316157
0.00018383472,0.0063700173,0.006494022,0.00032388553,0.0015028513,0.046283405,0.96851623,1.0,0.048903584,0.00027382048,0.00043232352,0.00025163012
0.00038619927,0.008297942,0.004950376,0.00045147887,0.0024298267,0.07863871,1.0,0.68315774,0.024954496,0.0003247055,0.00037172038,0.00015242098
0.00069573306,0.010484488,0.003657661,0.0008250874,0.0039312895,0.12471552,1.0,0.41850147,0.008132724,0.00044640937,0.0007490274,0.00017189902
0.00071557285,0.01218848,0.0051008724,0.00091584044,0.0046581016,0.10879098,1.0,0.47619027,0.011221789,0.0004825444,0.0010317456,0.0002831865
0.00046007376,0.0100488085,0.0064561805,0.0007817257,0.004026689,0.0697844,1.0,0.74187076,0.025871295,0.0009588282,0.0010647135,0.00043285216
0.00042815713,0.006870763,0.0053518103,0.0006463646,0.0031002925,0.059429128,1.0,0.8369173,0.031814367,0.0011142597,0.0012928853,0.00066035887
0.00048864575,0.004651482,0.0023566578,0.00033415775,0.0019260646,0.1018702,1.0,0.5428974,0.015346197,0.000537629,0.0012187182,0.00045033646
0.0006972238,0.005418581,0.0013403451,0.00039038385,0.0028419478,0.18190674,1.0,0.30111143,0.0051250095,0.0004030389,0.0010278369,0.00021792098
0.0013440275,0.0059305304,0.0008691134,0.0008871575,0.0067385538,0.32454503,1.0,0.1662487,0.0021193435,0.00035236712,0.00069834193,0.00012596704
0.0016842878,0.004305667,0.00047952638,0.00097484863,0.013211769,0.5058176,1.0,0.10809243,0.0010854483,0.0005828839,0.0005442474,0.00011404501
0.0023011288,0.0035305913,0.0003394588,0.0007880984,0.035290062,0.75379163,1.0,0.07491208,0.0008345269,0.00050432736,0.00036440216,0.000120047574
0.0050392286,0.00731136,0.020066066,0.063833304,0.26492363,1.0,0.6294109,0.032904238,0.000979906,0.00069782045,0.00070004474,0.0014677502
0.33361575,0.44489762,0.63026226,0.80951315,1.0,0.8973716,0.33081734,0.091044575,0.06901962,0.058102384,0.10650323,0.23076499
0.9247233,0.8936757,0.8710682,0.5243052,0.18332052,0.11685883,0.17754549,0.28592393,0.35756305,0.4309188,0.6844509,1.0
0.38891718,0.1584635,0.1260286,0.071268424,0.074442476,0.23226687,0.49749967,0.76453817,0.87311155,0.8677091,1.0,0.87639105
0.11502885,0.14069822,0.17045653,0.15085241,0.42757875,0.6893842,0.8259879,1.0,0.44794366,0.12385546,0.100565724,0.12307949
1.0,0.77980703,0.48239896,0.2871603,0.22445932,0.27834383,0.39630714,0.5200055,0.6587696,0.7260181,0.7501575,0.9126554
1.0,0.8025419,0.60165036,0.5013537,0.41996744,0.3858546,0.4244035,0.5679182,0.6885711,0.74885285,0.7672509,0.9030804
1.0,0.7669787,0.53921515,0.48531684,0.5654072,0.52223045,0.54325867,0.62697804,0.6908263,0.73281413,0.7341276,0.8725059
0.73605824,0.64144343,0.7186115,0.7634596,0.57358724,1.0,0.6619054,0.4121681,0.34490976,0.33697966,0.416672,0.59385234
0.6271079,0.82534885,1.0,0.763979,0.65299726,0.7942489,0.6168998,0.42212105,0.43139496,0.4605975,0.50386924,0.5286219
0.58991,0.5530158,0.66629374,0.72362214,0.821545,1.0,0.81335884,0.6601898,0.6235869,0.6236465,0.6385921,0.59389794
0.91283214,0.7142303,0.5171306,0.4933663,0.4925779,0.6290903,0.47987574,0.5723488,0.80414253,0.9612444,1.0,0.9722491
0.82389784,0.77250355,0.66518676,0.6419272,0.7814926,1.0,0.77812713,0.7105279,0.78618777,0.8919824,0.8679476,0.84832454
0.6122177,0.6405572,0.6730138,0.7470322,0.8564113,1.0,0.81143576,0.70585793,0.64792186,0.6791117,0.67635065,0.6590355
0.6922804,0.7867146,0.7936287,0.7269773,0.7142212,0.77960736,0.6815927,0.679048,0.821231,0.9452861,1.0,0.87928873
0.9324855,0.71921116,0.5170364,0.37148002,0.3193726,0.374401,0.32338676,0.39097512,0.5676774,0.7498965,0.94244415,1.0
0.9175289,0.75821614,0.6478665,0.6166461,0.6612254,0.7631687,0.54637027,0.41739923,0.35578078,0.42516682,0.77436614,1.0
1.0,0.7209156,0.4187915,0.30468076,0.34666902,0.48539358,0.3493079,0.27991667,0.33955148,0.4166361,0.6046434,0.84878546
1.0,0.82609195,0.6276243,0.54354006,0.4828951,0.49965683,0.44712925,0.5002716,0.5767865,0.6425106,0.7349485,0.89668995
1.0,0.7778952,0.47935018,0.3143821,0.2470403,0.2846818,0.30752838,0.38638404,0.4939677,0.59449327,0.7102204,0.90006536
1.0,0.8144675,0.60369956,0.4625914,0.34567985,0.28816208,0.24450819,0.2973038,0.4412494,0.5808449,0.7265892,0.9156563
1.0,0.61750454,0.34547383,0.2792337,0.44831994,0.6704569,0.5091419,0.4428516,0.48128116,0.55888456,0.78727484,0.9618453
1.0,0.84794664,0.75830495,0.70014447,0.5358704,0.47145948,0.41162956,0.32858616,0.28479508,0.2927374,0.3679601,0.6668713
0.9730788,0.85066444,0.5966652,0.55290526,0.5861237,0.5861806,0.6215496,0.7086445,0.8703572,1.0,0.9469142,0.91859996
0.91930515,0.7460672,0.5143019,0.58299863,0.69083613,0.7000787,0.7097859,0.7205802,0.8610076,1.0,0.9284208,0.8534057
1.0,0.8180026,0.519562,0.36460057,0.4186928,0.4981809,0.40533474,0.30694145,0.29514512,0.36018413,0.49657804,0.767322
1.0,0.81791466,0.6098588,0.53632814,0.58879787,0.65126616,0.6188296,0.666688,0.83480674,0.91537,0.86357397,0.90103865
1.0,0.7909757,0.59648657,0.5569813,0.5443988,0.6201748,0.6027085,0.61242944,0.7022213,0.77853036,0.8320437,0.93893796
1.0,0.82424116,0.6908702,0.61617416,0.5050431,0.45136404,0.30938572,0.24000637,0.2797092,0.42117876,0.65076345,0.9002083
1.0,0.76190543,0.6619023,0.71987414,0.64240307,0.68559384,0.5470624,0.48909974,0.5574763,0.575989,0.52214,0.6641028
1.0,0.8567363,0.79505765,0.81064564,0.77559626,0.7626433,0.6236942,0.60812426,0.7107847,0.77820027,0.83367383,0.91425306
1.0,0.81488013,0.35476342,0.2086048,0.11540917,0.09023674,0.07552263,0.11874073,0.12512128,0.21434459,0.46530107,0.6399921
0.79747385,0.6606224,0.36797658,0.36345887,0.372929,0.28745836,0.12731986,0.53068095,1.0,0.8378372,0.86929256,0.7921237
0.29262716,0.33577746,0.3001735,0.25968626,0.31711072,0.30652326,0.14713886,0.42120945,1.0,0.69944924,0.69488895,0.47519663
0.21418354,0.3429565,0.33516043,0.24852511,0.26164863,0.25684544,0.14185189,0.37927988,1.0,0.5377453,0.60252565,0.34749988
0.238446,0.19519477,0.24769162,0.24649252,0.3013693,0.26127923,0.22603396,0.44586402,1.0,0.84932584,0.86743575,0.3941158
0.13811456,0.0974816,0.32219028,0.18904138,0.20474796,0.2143147,0.26468745,0.2723471,0.5928554,0.92613554,1.0,0.29414877
0.12664002,0.096331544,0.3121581,0.32586843,0.2865969,0.25165936,0.31761074,0.31628588,0.7770338,1.0,0.9378076,0.25343534
0.08539535,0.07577751,0.2296123,0.1754361,0.194228,0.21199918,0.23800205,0.3544023,1.0,0.74514794,0.40182245,0.14916101
0.062608965,0.08879206,0.32244647,0.14582643,0.11240895,0.192892,0.08967565,0.32205105,1.0,0.68284625,0.2015907,0.07537549
0.18636304,0.15435112,0.38964334,0.09891773,0.0952672,0.33597848,0.18192,0.33940881,1.0,0.49785835,0.17543766,0.21178113
0.45924017,0.5734418,1.0,0.24145907,0.14563869,0.196447,0.13385524,0.31511638,0.838617,0.5552795,0.5271898,0.5972408
0.5827649,0.56972224,1.0,0.38691828,0.17994109,0.13047007,0.09608027,0.20657095,0.47317553,0.4725305,0.50049555,0.6216451
1.0,0.67862713,0.43147543,0.23344381,0.20822985,0.16038148,0.15128978,0.1689891,0.318325,0.55854076,0.651637,0.8644998
0.89116395,0.6465695,0.39735666,0.25995985,0.1870193,0.15588677,0.18589935,0.31673646,0.5503623,0.91183925,1.0,0.9909085
0.48000795,0.35842204,0.23469073,0.19351025,0.23084404,0.27347425,0.31522384,0.41104105,0.577799,1.0,0.851423,0.6414548
0.98398656,0.85480833,0.6723477,0.49942243,0.53133565,0.5800144,0.5106452,0.46148798,0.46509793,0.789027,0.89526564,1.0
1.0,0.8293138,0.677678,0.5520466,0.46588293,0.45467854,0.39289477,0.44890407,0.57499474,0.700787,0.823373,0.940985
0.9169998,0.63421285,0.40432206,0.33451903,0.40268448,0.49189523,0.4631385,0.55765206,0.76246303,0.909393,1.0,0.9825341
1.0,0.7821174,0.70611954,0.732726,0.70152044,0.70834076,0.59520483,0.5809818,0.61425316,0.66249293,0.846479,0.98645693
0.6897023,0.5147097,0.654746,1.0,0.84145993,0.89845157,0.7407842,0.6129415,0.5865742,0.59353185,0.67294115,0.6720599
1.0,0.90288866,0.8703116,0.8898352,0.8124285,0.87565017,0.81233174,0.7436003,0.7790409,0.8289677,0.8662059,0.931529
1.0,0.8116597,0.5903885,0.4455335,0.44664645,0.6104799,0.55825114,0.46117407,0.44264123,0.5008586,0.66573805,0.87825876
1.0,0.7888434,0.57511634,0.40910846,0.29863116,0.33561024,0.24033985,0.24318057,0.2336408,0.28292173,0.5126202,0.7884511
1.0,0.65515,0.45395485,0.40902004,0.3247561,0.4129658,0.28380436,0.25786468,0.25971943,0.34809706,0.63494414,0.9177516
0.9468019,0.7348642,0.54197645,0.5018015,0.5326822,0.556402,0.46424353,0.56015897,0.8375912,1.0,0.9422962,0.9483843
1.0,0.88592213,0.62266725,0.3065236,0.20274225,0.23246986,0.24254166,0.2957855,0.41471097,0.57140553,0.8708198,0.9014684
0.4666487,0.46962714,0.3144365,0.29086578,0.42013934,0.2445201,0.13082932,0.28405416,0.79665875,1.0,0.66635627,0.5498265
0.20877232,0.25330868,0.2970449,0.32518184,0.49218193,0.4246346,0.19962104,0.22795354,0.516998,1.0,0.71315444,0.33933693
0.19805758,0.31982338,0.45908323,0.43167832,0.69345754,0.6500766,0.2185207,0.22206138,0.33380705,1.0,0.97662324,0.3869341
0.24760725,0.4211626,0.581066,0.55597854,0.8622817,0.6205417,0.2791398,0.5633627,0.62399274,0.8678439,1.0,0.34281415
0.101469345,0.32500264,0.7342312,0.28025997,0.42906415,0.2631336,0.28975973,0.5130834,0.6591991,0.6528744,1.0,0.3042264
0.109746926,0.2272776,0.53375745,0.43127263,0.45556754,0.33984312,0.2797642,0.31071657,0.474525,1.0,0.94965726,0.36090738
0.098743014,0.16100554,0.32024267,0.31558535,0.53485256,0.41660893,0.35637197,0.3484159,0.5326218,1.0,0.73898757,0.15754923
0.17466657,0.22350271,0.72620004,0.26666403,0.26936552,0.45593336,0.60366124,0.36975306,0.8575031,1.0,0.37228724,0.23526041
0.41636857,0.42095172,0.8955522,0.2528822,0.29386148,0.7938287,1.0,0.54496545,0.59073716,0.8769362,0.48218462,0.47425205
0.69460565,0.6234441,1.0,0.41960654,0.28617033,0.43252385,0.71673954,0.6985474,0.9563155,0.83388346,0.6292393,0.6680081
0.40439147,0.47245485,1.0,0.42584136,0.26166356,0.23909661,0.25249553,0.31873912,0.6254821,0.8012576,0.56466746,0.4067344
0.68382686,0.6900134,1.0,0.41472808,0.5930044,0.51021594,0.33729368,0.2584977,0.38371244,0.8621509,0.6986685,0.5240116
1.0,0.55173725,0.5239769,0.360573,0.6668203,0.672576,0.4779927,0.47697514,0.5789307,0.76833004,0.78735244,0.9967593
0.85162735,0.60217184,0.44065946,0.41979295,0.41892824,0.4952937,0.4698709,0.5892834,0.76512897,1.0,0.84230375,0.89052904
0.8176946,0.5966294,0.42148823,0.44260883,0.41560885,0.43621466,0.48026037,0.6775389,0.8805199,1.0,0.88876814,0.84894454
0.9504781,0.71677446,0.46989527,0.4186615,0.45158026,0.44268394,0.46960792,0.6595866,0.877911,1.0,0.95148355,0.96737576
0.96020484,0.72721124,0.45879364,0.31453833,0.24432933,0.25297937,0.2876861,0.47784996,0.69071084,0.8455805,0.92047805,1.0
1.0,0.89266837,0.55517256,0.2542948,0.31676483,0.55280596,0.43280983,0.30289212,0.28873086,0.3645702,0.6557038,0.9451318
1.0,0.77068925,0.52874756,0.38368577,0.37316877,0.46923652,0.41258407,0.44844848,0.56147933,0.6770926,0.84192055,0.98337156
0.84706604,0.5791917,0.3368891,0.22351891,0.195049,0.30088976,0.29229248,0.44532844,0.70940316,0.9046254,1.0,0.9939538
0.8995962,0.61578506,0.34620753,0.22335444,0.23692691,0.4219196,0.31095102,0.38464808,0.6446991,0.8541406,0.9679209,1.0
1.0,0.8587303,0.63667756,0.5748079,0.698485,0.9508583,0.76236427,0.5012233,0.49177596,0.5822681,0.62572485,0.8490394
0.99688053,0.86069757,0.69534945,0.6290159,0.62351656,0.69865316,0.6890752,0.7167882,0.85245043,0.9676731,0.9720521,1.0
1.0,0.81572163,0.60571504,0.43922532,0.30108908,0.2713925,0.2695261,0.36752263,0.50375736,0.62919563,0.7829825,0.92163587
1.0,0.79244614,0.60619617,0.52107584,0.6116705,0.73321486,0.49986187,0.3609102,0.3046683,0.38727748,0.7153964,0.95347226
1.0,0.74636805,0.5297768,0.4272671,0.35487875,0.37687954,0.28801036,0.3500966,0.4415536,0.5465988,0.75967324,0.95126265
1.0,0.8373827,0.680685,0.58367157,0.4310862,0.38771173,0.28614184,0.2593554,0.3377438,0.43993577,0.6292534,0.8684695
1.0,0.90313077,0.774317,0.6920331,0.5984205,0.62314355,0.5466242,0.44216442,0.4443984,0.5114256,0.64327914,0.84580195
1.0,0.8636148,0.6014687,0.43208238,0.37715057,0.4257699,0.3890813,0.39216903,0.4061771,0.47470495,0.6536128,0.86949116
1.0,0.8152849,0.69970423,0.6137031,0.49797925,0.4911689,0.3821901,0.38306746,0.38505766,0.44398057,0.69453007,0.89708304
1.0,0.6811553,0.7225867,0.93120456,0.9451447,0.9973635,0.77526766,0.6455898,0.48126423,0.44787782,0.66872156,0.87392163
0.40888414,0.7437996,0.96834254,1.0,0.77282155,0.81401956,0.65141714,0.70534676,0.7003431,0.6880311,0.45294455,0.28932312
0.6286267,0.4632972,0.5551262,0.77030075,0.7533596,0.91189843,0.82502335,0.9455777,1.0,0.95817864,0.7645569,0.62979776
0.16009979,0.809046,1.0,0.5539299,0.17473572,0.043738972,0.025347553,0.025029114,0.03514356,0.03633192,0.05631202,0.085454606
0.13485904,0.5619208,1.0,0.8830188,0.24064592,0.04699053,0.019000528,0.010897645,0.01861366,0.027764468,0.04154153,0.06850375
0.08196292,0.22294372,0.62579924,1.0,0.6832294,0.36038083,0.13749397,0.040494047,0.02388959,0.042404737,0.11034136,0.08887821
0.12797093,0.19734815,0.52662444,0.9715435,1.0,0.68292105,0.28099334,0.08422449,0.040849462,0.054209426,0.20305204,0.1628719
0.028594267,0.03374359,0.095225655,0.48648992,1.0,0.76655746,0.28732812,0.09891148,0.042085115,0.060614787,0.04173243,0.023830552
0.018776605,0.005022146,0.007981651,0.12919348,0.7869942,1.0,0.28315714,0.038671155,0.00887934,0.010179165,0.010613474,0.01695886
0.02382237,0.008323827,0.00434633,0.036192425,0.416394,1.0,0.31316128,0.026382642,0.0034766723,0.004867985,0.0034601009,0.010749122
0.021695876,0.02405533,0.0056834347,0.009663802,0.140446,1.0,0.9875193,0.1033663,0.0033975176,0.0045013153,0.0049101324,0.005917171
0.007328003,0.031067953,0.012941009,0.005079616,0.012619793,0.30914888,1.0,0.25606906,0.0074577923,0.0047819177,0.019903759,0.0059424704
0.0053212126,0.07342444,0.07743214,0.014055702,0.0052866177,0.101764865,1.0,0.6717477,0.029053478,0.009129418,0.054338742,0.014746855
0.022342307,0.21187861,0.16293365,0.02045111,0.008068294,0.092242986,1.0,0.71546054,0.03535268,0.007007515,0.026445396,0.010060027
0.08570744,0.24658139,0.07376316,0.0153964115,0.055886216,0.42252654,1.0,0.2587629,0.009077877,0.0054855584,0.01021145,0.006288463
0.118838936,0.1771404,0.046539273,0.1579326,0.4837029,1.0,0.8286248,0.117790975,0.008384774,0.01161422,0.0109181255,0.010529094
0.022112567,0.05123851,0.16843379,0.76433754,1.0,0.49744812,0.21319148,0.043553054,0.011858489,0.008952378,0.010403113,0.006180288
0.002421725,0.013664735,0.07790214,0.12602113,0.40190968,1.0,0.40615812,0.028268276,0.0029314642,0.001364241,0.0009790726,0.0009000675
0.012336722,0.019356169,0.016284337,0.011485968,0.11337843,1.0,0.87308156,0.1466224,0.030244356,0.030815247,0.010468766,0.005710711
0.013390247,0.017064618,0.009179951,0.009076032,0.106027685,0.8220409,1.0,0.14584473,0.016587693,0.022360329,0.005400003,0.0047683083
0.012742893,0.013979848,0.012987073,0.018942572,0.31309876,1.0,0.30554265,0.023839401,0.0057370313,0.00965812,0.0015870266,0.0034311854
0.011278352,0.003711538,0.0033189834,0.01018832,0.3558955,1.0,0.105189055,0.0019156823,0.0020025296,0.0026492684,0.00047906933,0.0028226916
0.008625678,0.0015488658,0.00064662454,0.0038410516,0.27944082,1.0,0.12636735,0.0017038211,0.0008356663,0.0011745566,0.00037066813,0.0019241236
0.009346699,0.007257276,0.00078664895,0.0016377539,0.12481338,1.0,0.5487266,0.021845067,0.0006987394,0.0015312159,0.000930166,0.0011027259
0.012065484,0.025080217,0.0014051391,0.0005058063,0.016788153,0.58719677,1.0,0.0587492,0.00050203776,0.0019345419,0.0022365723,0.00035410843
0.029678592,0.048692428,0.0021109977,0.00096636044,0.012279743,0.58539927,1.0,0.054840315,0.00032134596,0.0019270405,0.0022825534,0.00061778864
0.07318987,0.083917715,0.0026299425,0.0023357195,0.03335155,0.9688055,1.0,0.03424328,0.00069725164,0.00188783,0.0013927823,0.0017554504
0.065231964,0.099859275,0.003938617,0.0027882205,0.023045639,0.74787426,1.0,0.040602118,0.0014563563,0.0018514426,0.0014441153,0.0013180648
0.04999573,0.11028629,0.005629003,0.0017831876,0.00945851,0.5279047,1.0,0.055467695,0.0005859309,0.0008206786,0.0007871945,0.00056930067
0.04085951,0.13051544,0.009344081,0.0013308058,0.0055182725,0.365742,1.0,0.081249215,0.000890914,0.00061181735,0.00063342036,0.000365004
0.034122888,0.1501757,0.015334714,0.0011787825,0.0037076091,0.26852947,1.0,0.11301548,0.0016309546,0.0015090955,0.0014049364,0.00043166638
0.023683032,0.16211775,0.024899686,0.0010100037,0.0028931312,0.17627975,1.0,0.17073007,0.0014390724,0.001141459,0.0026488886,0.00043544816
0.029054746,0.19242647,0.02872913,0.0010169162,0.0028777092,0.17693552,1.0,0.17411092,0.0015746449,0.0016842391,0.0034773513,0.0007367082
0.054409396,0.25340667,0.026226362,0.001129218,0.0037531483,0.26026532,1.0,0.12059878,0.0017778546,0.0019901895,0.0024839044,0.0010218581
0.058067124,0.26531088,0.027457204,0.0011631338,0.0038977524,0.27268243,1.0,0.11604377,0.0021930067,0.0014949741,0.0015185641,0.0007619087
0.029789943,0.21600787,0.04385214,0.0010664009,0.0024426135,0.15537602,1.0,0.23647106,0.005122801,0.0030137943,0.0014817228,0.0006665483
0.009110965,0.14602813,0.05568285,0.00095405016,0.0018606499,0.07569041,1.0,0.39130747,0.0059332508,0.002271787,0.0023987424,0.0008294642
0.006473802,0.11638958,0.0459913,0.0007658807,0.0015563415,0.073929,1.0,0.3763539,0.0046343636,0.0013484902,0.0017896162,0.0005910535
0.008081718,0.114541024,0.036412675,0.00067717716,0.0014642127,0.089035325,1.0,0.3143855,0.0033979372,0.0011431025,0.0016455374,0.00039814765
0.0133074,0.12846255,0.028642086,0.00073374884,0.0018351946,0.121903285,1.0,0.23704684,0.0027455848,0.001093833,0.0026111025,0.000519762
0.013819311,0.10361191,0.017057715,0.0005844156,0.0018581155,0.16267408,1.0,0.17279464,0.00162984,0.0010227817,0.0023648748,0.00043531484
0.011783201,0.0888706,0.014446666,0.0004779905,0.0016327461,0.16225524,1.0,0.17077942,0.0012479213,0.0005254403,0.0016304526,0.00021940825
0.012964659,0.09308774,0.014628958,0.0005162564,0.001740804,0.16741894,1.0,0.16668236,0.0011485497,0.0004934674,0.0016373898,0.00020463513
0.0140545145,0.09807693,0.015549874,0.00053737627,0.001880228,0.17200492,1.0,0.16534975,0.0011439506,0.00047933674,0.0016490845,0.00021206262
0.008687954,0.08927802,0.021318348,0.000476208,0.0015355516,0.1202031,1.0,0.24262862,0.002080793,0.0003568443,0.0016745357,0.00025343185
0.007429163,0.085209146,0.021465255,0.00042170254,0.0012862642,0.10714238,1.0,0.2601855,0.0023802393,0.00043539723,0.001896981,0.00028098613
0.011728887,0.097389214,0.018198116,0.00041225457,0.0014346003,0.14264399,1.0,0.20101346,0.0016414345,0.00052787864,0.0018286037,0.0002543997
0.016306702,0.10567074,0.014967404,0.00048439263,0.0018247762,0.18617654,1.0,0.15154164,0.0010621338,0.000547366,0.0014711396,0.00020576063
0.021805095,0.11222837,0.012967394,0.000593068,0.002426081,0.22656499,1.0,0.128153,0.0008643221,0.0006084396,0.0013674193,0.00023678137
0.036150202,0.13363017,0.011169761,0.00071851595,0.0037039116,0.31050235,1.0,0.09388424,0.00087563676,0.00096726936,0.0016150738,0.00038268336
0.042481937,0.14969116,0.011686496,0.0006564411,0.0040716017,0.3358402,1.0,0.08554439,0.00078296755,0.0008981441,0.0016348471,0.00041082274
0.028626671,0.13419868,0.014025229,0.0005348129,0.0027439387,0.25868395,1.0,0.1136012,0.0009553078,0.00062279764,0.0015233151,0.0002643905
0.018071773,0.109388486,0.014354808,0.00051675976,0.0020599265,0.2059789,1.0,0.13844152,0.0012516379,0.00055875187,0.0014658977,0.00019087535
0.01540312,0.09396018,0.01244748,0.0005349468,0.0020425892,0.20441966,1.0,0.1375709,0.0011061699,0.00064398063,0.0014752797,0.00018574685
0.015278447,0.08876703,0.011248405,0.00050881313,0.002039919,0.21029602,1.0,0.13354248,0.0009340788,0.00066533836,0.0015084032,0.00021012168
0.015009375,0.09674541,0.013871935,0.0005638626,0.0019511869,0.186529,1.0,0.15283741,0.0011427469,0.0006152219,0.0014137789,0.0002658144
0.028478943,0.121566385,0.012646103,0.00069392804,0.003099255,0.25770384,1.0,0.12107774,0.0012856657,0.0007341278,0.0010446763,0.00031646917
0.043564912,0.15641958,0.012923323,0.00068276766,0.004117215,0.32871044,1.0,0.0898229,0.0012665554,0.00081102544,0.0007877541,0.00038194578
0.024039088,0.13579954,0.018678067,0.0005687464,0.0024271212,0.21047239,1.0,0.151028,0.0012506241,0.00031250025,0.0006822208,0.000196429
0.009957964,0.10233247,0.024922557,0.0005232737,0.0016513849,0.117790736,1.0,0.25637794,0.0023701512,0.00021284865,0.00076649897,0.00016475545
0.0067549003,0.088276304,0.025379144,0.00045130902,0.0013216618,0.0961883,1.0,0.29308298,0.002848856,0.00020296463,0.00086060434,0.0001650077
0.011253517,0.096753486,0.019319702,0.00039116616,0.001401651,0.14013153,1.0,0.21226491,0.0019762698,0.00022672814,0.0007603628,0.00014860979
0.018351914,0.11995391,0.017154243,0.0004477209,0.0018033726,0.18591674,1.0,0.15517502,0.0013795643,0.0002328612,0.00051090197,0.00013328451
0.01995329,0.13685715,0.020397324,0.00047913098,0.0017935045,0.18380383,1.0,0.1568136,0.0013656615,0.00023312026,0.00048934884,0.00013073046
0.023152923,0.13600826,0.017714912,0.00049169734,0.0020700714,0.20782807,1.0,0.14185563,0.0011795855,0.000217414,0.00042422226,0.00015105403
0.020667717,0.13158931,0.019044135,0.0004312399,0.0018475779,0.18856212,1.0,0.16040729,0.0014886983,0.00030085622,0.0005257952,0.0001689345
0.017812263,0.1290312,0.02120789,0.0003838105,0.0016468721,0.16889235,1.0,0.18394904,0.0019151497,0.0004124639,0.0006715602,0.0001671566
0.03173985,0.15020326,0.016580276,0.00031966862,0.0027131117,0.25927097,1.0,0.1257126,0.0018502256,0.00055797555,0.0007035117,0.00027531627
0.03454564,0.15437481,0.015473496,0.00028995847,0.003006081,0.28034264,1.0,0.1109628,0.001559606,0.0006861619,0.0010657472,0.00032783468
0.026201285,0.13664494,0.015522883,0.0002965263,0.0021577587,0.23482656,1.0,0.12753798,0.0012573778,0.00069753476,0.0014559416,0.00027335325
0.03218029,0.1399261,0.013469183,0.00027263787,0.0027936439,0.27819487,1.0,0.10757139,0.0012828248,0.00069938885,0.0013949088,0.00032999075
0.03638459,0.14566834,0.013071422,0.00018133846,0.0031020616,0.2983969,1.0,0.10244736,0.0013716698,0.0007434514,0.0014107784,0.00032805215
0.022599306,0.1291322,0.01756201,0.00018443167,0.0017620634,0.20647784,1.0,0.15712938,0.0017224321,0.0006585926,0.0016862091,0.00028593105
0.014263239,0.10598863,0.017763194,0.00018866344,0.0012295484,0.16434866,1.0,0.18948439,0.0021386093,0.0006328798,0.0016292264,0.00026788958
0.029323718,0.119331844,0.012578214,0.00023495436,0.0032051788,0.27352214,1.0,0.12859434,0.0016287374,0.0007009575,0.0012919251,0.0003895989
0.05591103,0.14525233,0.008601847,0.00020889768,0.0073389914,0.46402425,1.0,0.07140853,0.0010566008,0.00066196517,0.0007787148,0.0006672528
0.076019585,0.16422462,0.0076791993,0.00019960762,0.0103001315,0.5671872,1.0,0.05709881,0.000914469,0.00089368975,0.0009841726,0.000955336
0.06898943,0.16436335,0.009110351,0.0001625118,0.008568068,0.4988666,1.0,0.067967474,0.0012497623,0.0011266023,0.001420737,0.0008544616
0.04006213,0.14271063,0.012332234,0.00013082888,0.0043412494,0.3253696,1.0,0.10879522,0.0018074196,0.0010154116,0.0015199791,0.0004374022
0.025843656,0.13706431,0.016013348,0.00020561961,0.002552867,0.23782828,1.0,0.13940464,0.0022787692,0.00055868784,0.0010264032,0.0002646083
0.024470953,0.13188088,0.015423555,0.00020921435,0.0024503642,0.2435379,1.0,0.13690254,0.0012506344,0.00043032278,0.0007940365,0.00020890449
0.028488558,0.13189119,0.013756784,0.000184957,0.003229377,0.2783795,1.0,0.12906638,0.0011402697,0.00042907734,0.0007267823,0.00025175288
0.043512948,0.13871618,0.01140135,0.0011970452,0.007830626,0.3925063,1.0,0.10612044,0.0018491602,0.0032018065,0.0039838534,0.0011213088
0.081288956,0.15000117,0.008722178,0.0062608724,0.021713626,0.6272824,1.0,0.080031484,0.004142782,0.016872577,0.015396785,0.0033206856
0.12545438,0.18111445,0.010026131,0.01628337,0.04004405,0.7803104,1.0,0.078841016,0.009486566,0.023974244,0.01979905,0.0055223247
0.08266654,0.17289203,0.011798264,0.010535256,0.026248462,0.54171187,1.0,0.098085865,0.009578713,0.012019344,0.011787138,0.0033630754
0.060420603,0.16289085,0.011438856,0.004947939,0.013320121,0.45046642,1.0,0.09416644,0.0050945394,0.008537449,0.0074629295,0.0019912254
0.057674013,0.16095513,0.011520505,0.0072052004,0.015370386,0.4311259,1.0,0.09244124,0.0049396493,0.008985117,0.011676949,0.0021729283
0.052360598,0.16637431,0.013708164,0.010740355,0.018499963,0.3795169,1.0,0.10479937,0.005528348,0.008821084,0.014532249,0.0024557237
0.04481352,0.16012293,0.013393394,0.0066757435,0.01090935,0.35057348,1.0,0.0989695,0.0022385635,0.0070835403,0.011666091,0.0012086581
0.036066085,0.16222101,0.017768169,0.0028869805,0.0062017003,0.27657676,1.0,0.12684473,0.002096277,0.0030397861,0.005151475,0.0007475604
0.029921073,0.16625746,0.02181356,0.0014354289,0.0041258805,0.22959413,1.0,0.1552376,0.0018921567,0.0015902102,0.0027353847,0.00065953034
0.058392376,0.19684108,0.017016603,0.0037854535,0.0100500705,0.36390796,1.0,0.110370934,0.0021120922,0.005354295,0.007882328,0.0015059689
0.07598801,0.22504264,0.01689325,0.005759932,0.015370939,0.43169868,1.0,0.09963323,0.0040963977,0.008935499,0.013557697,0.0030688525
0.049367208,0.22841668,0.02477589,0.0040173763,0.008782482,0.2773396,1.0,0.13393797,0.0020190252,0.0042300867,0.010418483,0.0015391103
0.04808865,0.23497088,0.025821842,0.0016123513,0.004743433,0.26119366,1.0,0.13145809,0.0017190127,0.002033208,0.0049011405,0.00078094203
0.07107771,0.23242559,0.017889133,0.0010334168,0.006135682,0.37645382,1.0,0.09197494,0.0022489284,0.0026083891,0.004267375,0.0012146565
0.095658295,0.2300285,0.012362299,0.0008448159,0.00896415,0.49682555,1.0,0.067644015,0.0018275209,0.001977695,0.0023076318,0.0012400848
0.09563754,0.22574607,0.011764801,0.0010376268,0.009701741,0.507419,1.0,0.06681838,0.0016678431,0.0033940081,0.003539801,0.0012638966
0.10698985,0.24857914,0.012898349,0.0029281278,0.011819007,0.5208959,1.0,0.06754226,0.0014002966,0.008450724,0.010039719,0.001624174
0.10905173,0.26778242,0.014759821,0.0040917858,0.012368514,0.501588,1.0,0.07237577,0.001503153,0.010858324,0.014632563,0.00175578
0.10902622,0.25762108,0.013688662,0.003786279,0.012662114,0.51928884,1.0,0.06867386,0.0013541412,0.011354621,0.016062267,0.0020254676
0.13815016,0.25332403,0.010987426,0.004214423,0.0174714,0.6325062,1.0,0.056601573,0.0013086996,0.01229897,0.013600574,0.0026709004
0.2122161,0.24127768,0.00742235,0.004200569,0.03408073,0.90487826,1.0,0.042589415,0.0020895423,0.013806636,0.008330659,0.005107011
0.2777744,0.19231975,0.0041078874,0.004744434,0.053133074,1.0,0.7477515,0.022621566,0.0023993868,0.018046176,0.008380535,0.009719284
0.33061674,0.16668719,0.0030747748,0.0044178595,0.077882715,1.0,0.5348802,0.013572855,0.0035194613,0.02630355,0.008653411,0.015602628
0.31627867,0.11901708,0.0018639108,0.003692841,0.092977405,1.0,0.42004463,0.008119723,0.0036010987,0.026122764,0.0061881808,0.018752761
0.29992667,0.12254874,0.001842555,0.0031412093,0.08746761,1.0,0.4527235,0.008902582,0.0025507011,0.018684702,0.0049063754,0.016474653
0.30930072,0.12345726,0.0016330782,0.0023107734,0.088303775,1.0,0.442149,0.008791287,0.003075657,0.019471725,0.00497083,0.017425515
0.3231926,0.11200066,0.0016959164,0.002969515,0.10335428,1.0,0.39182973,0.0075314334,0.0044960515,0.020131648,0.003737118,0.021125704
0.32265043,0.12064092,0.0023270831,0.005681247,0.0959852,1.0,0.43145826,0.009672979,0.00506738,0.025894051,0.008980122,0.020222453
0.33019248,0.10816149,0.002254711,0.005732287,0.11776328,1.0,0.3871501,0.008887975,0.005910369,0.03269654,0.012005057,0.024902647
0.3091907,0.07873821,0.002201413,0.006484493,0.14263298,1.0,0.30948588,0.008342071,0.0061653415,0.028656725,0.009753401,0.030764591
0.26234573,0.0917649,0.002410922,0.0075625535,0.106847,1.0,0.41304418,0.010892316,0.0047030747,0.024126105,0.006894518,0.02010218
0.21241207,0.06716338,0.0028561624,0.008966508,0.12508228,1.0,0.36489272,0.009771201,0.008095261,0.033576958,0.010252078,0.018738886
0.17055207,0.030611955,0.0021532981,0.00595052,0.192576,1.0,0.21551631,0.0045080693,0.008683797,0.030866047,0.004755114,0.023648223
0.1147912,0.017316982,0.0012597021,0.0038943884,0.21890664,1.0,0.16833752,0.0023137603,0.0064063678,0.019688895,0.0018847329,0.01748811
0.06321922,0.008285885,0.0007906185,0.004575759,0.29573536,1.0,0.13406819,0.0018017305,0.0030097072,0.007337062,0.0008165839,0.011659632
0.032422394,0.003488657,0.0010064151,0.015447592,0.46798655,1.0,0.10347084,0.0011998772,0.0017300994,0.0025728126,0.00048279343,0.007929025
0.020473797,0.0023497727,0.0022602095,0.03480357,0.58780926,1.0,0.103948854,0.0016115833,0.0014346809,0.0018332845,0.0006740166,0.007326564
0.011904006,0.0014443208,0.002813382,0.056276217,0.86283654,1.0,0.08403875,0.0017396963,0.000722567,0.0010160848,0.0008030729,0.0074757584
0.001963383,0.0009695672,0.0015716329,0.05608365,0.8978598,1.0,0.08160435,0.0023567514,0.0005387792,0.00040886537,0.00036578672,0.0014398393
0.001503373,0.0008514457,0.0007397748,0.01050758,0.39192694,1.0,0.18149881,0.002841854,0.00050343905,0.000392808,0.00013113431,0.00044645416
0.0017652654,0.00047878173,0.00023168942,0.004675342,0.23951395,1.0,0.26589906,0.0042113815,0.00024992193,0.00014977984,8.901612e-05,0.0003951475
0.0011794642,0.0005044126,0.0007248726,0.006297768,0.16764326,1.0,0.4796978,0.020164741,0.00037508918,0.00013046252,0.00012062839,0.0002821838
0.0029485954,0.0007579662,0.0007284319,0.0050344532,0.12349535,1.0,0.61130244,0.03591321,0.0014633079,0.001302366,0.0001983185,0.0009875259
0.0065652365,0.00044980363,0.00013809046,0.007197782,0.3165977,1.0,0.18326467,0.0054895515,0.003824262,0.004942392,0.00034258462,0.0036241652
0.012600712,0.000513425,0.000103467915,0.011981209,0.49476743,1.0,0.10016746,0.0011125886,0.006031641,0.0055660964,0.00045961147,0.009174327
0.035979457,0.0010661182,0.00020817365,0.026386704,0.84615237,1.0,0.0522832,0.0015570968,0.015641196,0.010308301,0.001252809,0.031179551
0.046545107,0.0016616618,0.00023944028,0.025546338,0.84047955,1.0,0.04746257,0.0017037927,0.016710652,0.0132884635,0.0013184779,0.03441585
0.025418937,0.0012567115,0.00041461166,0.025697779,0.7445662,1.0,0.056603067,0.000757033,0.004772475,0.0053151916,0.00050805445,0.013598961
0.012050125,0.001841686,0.0051745274,0.09466864,1.0,0.84420145,0.035829116,0.000558567,0.0018077401,0.0018424485,0.0010629705,0.00786719
0.010405706,0.006826495,0.02284647,0.180601,1.0,0.6584756,0.037411686,0.0032554439,0.0017040108,0.0015525052,0.0058896323,0.014862768
0.011156969,0.031995416,0.115347676,0.5138872,1.0,0.56732666,0.12455895,0.018334392,0.0048241545,0.002541633,0.013341968,0.021547442
0.06260466,0.1489877,0.29528767,1.0,0.8807643,0.26366657,0.11296844,0.023968944,0.007858935,0.0036684317,0.008967963,0.014880972
0.213508,0.25624594,0.5793188,1.0,0.8569391,0.41669437,0.12805903,0.021114869,0.0103668375,0.01174818,0.034317847,0.11054128
0.3062201,0.31628433,0.455334,0.39531818,1.0,0.6847481,0.11116467,0.064568855,0.06251502,0.067384,0.088640556,0.15434544
0.13018672,0.24627663,0.5830321,0.7675527,1.0,0.6689459,0.17545395,0.08213926,0.06290453,0.073359914,0.07239177,0.090718694
0.095629945,0.17761184,0.34210113,0.53238714,1.0,0.7092098,0.27362603,0.12500636,0.08647045,0.070782535,0.061596476,0.07903416
0.012226975,0.028662616,0.11295976,0.5328212,1.0,0.5398259,0.28638375,0.083991215,0.07072492,0.023122156,0.010789519,0.009354038
0.11399313,0.06022576,0.14321692,0.64848936,0.9976155,0.34824812,0.155887,0.24045756,0.63227075,1.0,0.53422093,0.14613591
0.25210288,0.12547019,0.080432564,0.1284067,0.14198433,0.065406345,0.079389066,0.13048977,0.37504697,1.0,0.7605418,0.24366838
0.009393773,0.018143218,0.09018961,0.49736792,1.0,0.31785452,0.059233125,0.022521112,0.0132800285,0.01765471,0.04487779,0.033874832
0.0037258272,0.0033919476,0.027036702,0.36601275,1.0,0.17114766,0.011183143,0.005736361,0.0039175483,0.0031989657,0.01622504,0.027315503
0.0057990258,0.00054668204,0.0051164767,0.18276638,1.0,0.23248492,0.004013037,0.0012246945,0.001918436,0.0006257479,0.0048063044,0.022654021
0.013426824,0.000600006,0.0009746095,0.08966395,1.0,0.62012005,0.026776373,0.00040015872,0.0013993258,0.0005425681,0.0010501655,0.01752554
0.025326198,0.0023537502,0.0002696192,0.012690077,0.35413408,1.0,0.109810784,0.0005971159,0.0005735828,0.0010990174,0.00022074518,0.007829406
0.03979525,0.0032616165,0.00023096072,0.0031818543,0.28258058,1.0,0.10381758,0.00045372747,0.0007394335,0.0015800797,0.00017981036,0.011604786
0.04144659,0.0024773353,0.0001970456,0.0062652314,0.4274974,1.0,0.0707359,0.00030254904,0.0011376835,0.0017093917,0.0002661188,0.01695991
0.043843348,0.0015147284,0.00046329558,0.029164674,0.8684473,1.0,0.042337656,0.0002940631,0.0015545862,0.0012285847,0.0012195557,0.039095152
0.023307418,0.00055044494,0.0011301949,0.09523226,1.0,0.440687,0.008525603,0.00029882274,0.0012742648,0.00036968288,0.005615516,0.058866363
0.009572271,0.0005081499,0.0030331917,0.24880125,1.0,0.15942125,0.0014265032,0.000504475,0.0010586445,0.00030417574,0.021241283,0.079114325
0.006612703,0.00081944285,0.0075176638,0.48826396,1.0,0.06401359,0.00046310245,0.00093138224,0.0010813723,0.0007670993,0.062233344,0.13200098
0.010387939,0.00091550674,0.0089934245,0.53385824,1.0,0.053415146,0.0003272258,0.0010898998,0.0011452842,0.0011694228,0.09757179,0.20830007
0.013701607,0.00084109895,0.012187918,0.5594269,1.0,0.05903696,0.00042110623,0.0008619404,0.0009736488,0.00252477,0.14283775,0.27099088
0.009339686,0.0038728835,0.10913938,1.0,0.808814,0.049328234,0.00068744645,0.0009191907,0.0017065738,0.046902962,0.36575857,0.27162147
0.0038749252,0.044290587,0.45220944,1.0,0.26004767,0.0132980505,0.0008430006,0.0013194346,0.024373522,0.27560177,0.4744808,0.08834661
0.027058508,0.34659785,1.0,0.5983957,0.3128067,0.025995558,0.0025945045,0.010924812,0.2160303,0.73272073,0.3539102,0.03979787
0.21335684,0.96834403,1.0,0.89363706,0.8950943,0.20318145,0.025026126,0.076200835,0.5333595,0.37425417,0.123479925,0.11608642
0.07521745,0.11032621,0.12469073,0.39709648,1.0,0.61490893,0.06522839,0.023274943,0.054030024,0.09800505,0.1391098,0.1450997
0.028861366,0.0151414005,0.03663488,0.49691907,1.0,0.29894444,0.047565237,0.016913611,0.016096054,0.0385331,0.10925564,0.11362622
0.042041413,0.029552042,0.034503877,0.30618456,1.0,0.35021412,0.039459147,0.019609613,0.021718247,0.037952702,0.094499804,0.096400306
0.36457512,0.31801188,0.30934027,0.56861204,1.0,0.37652078,0.11249588,0.08084543,0.087385505,0.14715259,0.29011086,0.36335102
1.0,0.75476146,0.47264707,0.84699327,0.78314036,0.5425012,0.45654032,0.44787297,0.5135803,0.5954187,0.7448873,0.9208126
1.0,0.8522832,0.60531914,0.84490424,0.95098704,0.5532536,0.391897,0.4270702,0.5637899,0.66151464,0.7301874,0.9035844
1.0,0.8044781,0.45058236,0.24816222,0.17613152,0.23242122,0.17101495,0.18459749,0.2894964,0.4003963,0.53506577,0.82387614
1.0,0.8362403,0.6007475,0.42910203,0.2418721,0.14909281,0.19857696,0.3160749,0.45920816,0.5797012,0.7002051,0.9039002
1.0,0.79936373,0.5483226,0.39400324,0.27657282,0.19977403,0.23037364,0.3722833,0.5333472,0.6297292,0.7124379,0.88551784
1.0,0.844668,0.6424505,0.5030001,0.35801312,0.25619838,0.22368646,0.2917411,0.3869789,0.45894006,0.5708049,0.8161203
1.0,0.9078643,0.7386133,0.5914975,0.42342684,0.35432443,0.25820503,0.28501868,0.2882144,0.3270717,0.46150094,0.7494497
1.0,0.7849232,0.50405693,0.42045456,0.5403722,0.5947276,0.3793704,0.42026478,0.57179916,0.6930574,0.80918974,0.9439789
1.0,0.6914342,0.41488972,0.35084933,0.36050388,0.4077534,0.29131117,0.30640146,0.3490836,0.39879334,0.5566854,0.80337596
1.0,0.88028187,0.8031217,0.72069156,0.52586424,0.46511167,0.34207237,0.30974808,0.30500945,0.32009715,0.49910256,0.7558107
1.0,0.95475805,0.8523635,0.7345468,0.60257834,0.5939351,0.42533043,0.3530701,0.36860377,0.39819595,0.55202836,0.7596284
0.8316965,0.68323284,0.6232857,0.600238,0.5065018,0.50058573,0.4890631,0.65772814,0.8943291,1.0,0.9500764,0.87755525
1.0,0.8158271,0.6583906,0.58236665,0.49638957,0.47049177,0.47517365,0.6145418,0.82922465,0.94486934,0.9528106,0.9932425
1.0,0.8264917,0.6987125,0.64902246,0.58407295,0.56050545,0.5541472,0.67420346,0.8691493,0.9735245,0.96386933,0.98531914
0.7531754,0.5862264,0.5107153,0.573551,0.74082625,1.0,0.7213686,0.6308505,0.6441099,0.6562747,0.64734143,0.6543902
0.32064533,0.2157562,0.24668556,0.372415,0.552114,1.0,0.46405217,0.36137506,0.25426233,0.19948432,0.16966312,0.21099424
0.4415356,0.3123189,0.3074722,0.37357605,0.5327384,1.0,0.48434508,0.42660654,0.41698512,0.42317057,0.3784973,0.38430563
0.7454618,0.5556749,0.41202667,0.4037749,0.46990576,1.0,0.6309104,0.6158459,0.6922953,0.7442038,0.67585325,0.6690994
1.0,0.7878745,0.5502505,0.4356698,0.38270676,0.40656605,0.32364598,0.44645357,0.65818524,0.7937512,0.81827503,0.91721743
1.0,0.6868918,0.3712531,0.20120975,0.12673384,0.117684186,0.09645868,0.1793294,0.33182928,0.47997814,0.70245326,0.92405736
1.0,0.69490093,0.37745246,0.19389415,0.111372255,0.14392827,0.11916166,0.16359307,0.29424724,0.45719,0.7598848,0.99317664
0.93037146,0.7064465,0.45901307,0.3130278,0.21739906,0.20688218,0.20070319,0.27310133,0.35658064,0.4622703,0.78028405,1.0
0.72512877,0.47040716,0.28741813,0.19899015,0.18306272,0.23017864,0.24917758,0.3301706,0.53305423,0.7389369,0.997599,1.0
1.0,0.670816,0.33877885,0.1327472,0.12822455,0.13610002,0.105163954,0.113462955,0.24744695,0.42595792,0.7234354,0.89816767
0.7268308,1.0,0.8349815,0.46953872,0.19803523,0.17232738,0.19424018,0.20467839,0.20105311,0.2045546,0.16864821,0.32830703
0.8120966,1.0,0.9628905,0.77387655,0.43062627,0.36977196,0.41409582,0.50693566,0.59511614,0.6272043,0.6426569,0.7131279
0.97999936,0.7989672,0.59430027,0.45883393,0.35940635,0.41551608,0.42560318,0.5964419,0.8611245,0.9957406,1.0,0.99859595
1.0,0.84721947,0.6396092,0.59002924,0.67357755,0.7273298,0.5966947,0.48066735,0.3932037,0.38759086,0.56914157,0.837191
1.0,0.92311144,0.79037565,0.682768,0.5371705,0.482381,0.4139127,0.41858906,0.47707462,0.52933115,0.63655895,0.83360887
1.0,0.9390418,0.7121656,0.50437164,0.3043834,0.25893503,0.21963206,0.24231297,0.3149748,0.4096422,0.58706635,0.8598789
1.0,0.85992813,0.5775551,0.3793671,0.24887806,0.31752342,0.3099097,0.39947444,0.52649826,0.61810255,0.7403058,0.9248038
1.0,0.91868293,0.7379401,0.5635663,0.3512138,0.27650672,0.26010308,0.32925168,0.45227364,0.53714705,0.6520829,0.8458326
1.0,0.9531996,0.9113075,0.7791957,0.41573298,0.27155757,0.18236643,0.18756992,0.23828457,0.3103944,0.51653373,0.7990692
0.9038915,0.8774696,0.9685047,0.9727415,0.5992469,0.32834843,0.36000323,0.51413935,0.6499553,0.7318854,0.93295056,1.0
0.97328675,1.0,0.84132,0.5700427,0.28116715,0.1379806,0.13368,0.21499352,0.33225682,0.37962058,0.5751673,0.74714357
0.65716374,0.7414604,0.641949,0.37109965,0.43635184,0.3526474,0.50688505,1.0,0.68463796,0.39679337,0.42581287,0.43982643
0.7875579,1.0,0.97419065,0.78569514,0.5982087,0.39894244,0.25009283,0.37107667,0.21184164,0.23368937,0.44446787,0.50247526
0.6799182,1.0,0.967965,0.7155419,0.31935713,0.12878922,0.11422256,0.24790105,0.19581164,0.2313857,0.37800273,0.40745306
0.045204528,0.039022032,0.031114005,0.027794657,0.030247185,0.05967549,0.62429124,1.0,0.22826502,0.11989228,0.08592491,0.055428203
0.0031510203,0.0012819774,0.0028989946,0.022338755,0.14393686,0.45633385,1.0,0.6869863,0.124131605,0.015196963,0.0028436317,0.00361047
0.00237065,0.0006534915,0.0003965885,0.009872226,0.19052668,0.92966145,1.0,0.19054754,0.048985902,0.0056534545,0.00069297355,0.0017340445
0.0025448164,0.0011193737,0.00027949584,0.0056934375,0.13318388,0.875639,1.0,0.23865242,0.10496164,0.006619318,0.000843725,0.0009780673
0.0009849862,0.00077801256,0.00062028255,0.0014044837,0.027742544,0.21032608,0.530382,1.0,0.89996433,0.11505941,0.0023040404,0.00020239668
0.0001048316,0.00010656996,0.00023945962,0.00023761629,0.00028280637,0.0019533923,0.026678745,0.34941497,1.0,0.19923347,0.0023415026,6.210089e-05
0.00089635915,0.0002617514,0.0003477716,0.0015894586,0.0003142971,0.00017302777,0.002288566,0.18065804,1.0,0.21852382,0.002145985,0.00019751993
0.0039703846,0.0008608944,0.003588809,0.024718622,0.008290974,0.00073831767,0.00435653,0.25459397,1.0,0.15642862,0.0012062924,0.0009484971
0.0032571126,0.00077578344,0.0113363685,0.08553577,0.035213415,0.0030050215,0.0075730863,0.34770757,1.0,0.11913284,0.0010459089,0.0011204347
0.0012084037,0.00041087018,0.0074618855,0.035397902,0.0128967045,0.02275106,0.12395884,0.7915413,1.0,0.08682647,0.001566008,0.00069621275
0.00040168976,0.0003370232,0.0021838413,0.0035650409,0.005105972,0.06802001,0.3727734,1.0,0.6656101,0.0648498,0.0020349338,0.00037621922
0.00047728527,0.0004889025,0.001596395,0.002835585,0.01728744,0.1967013,0.62845,1.0,0.5287734,0.109522946,0.007966149,0.0012988928
0.0044632154,0.0012602317,0.0030312266,0.0027218452,0.0014629165,0.021861508,0.24902268,0.951325,1.0,0.15522829,0.012512994,0.011764879
0.002803192,0.000732749,0.0037682138,0.0022684615,0.0004088186,0.0037402879,0.14431441,1.0,0.7052264,0.037687093,0.0023854154,0.011978143
0.004569895,0.00052261446,0.0032361138,0.0025905713,0.00032534747,0.001661724,0.08204144,1.0,0.9112304,0.058159683,0.0019306821,0.013369881
0.007227996,0.00043141152,0.0012742787,0.0027647803,0.00045626043,0.0019372924,0.035024278,0.57688093,1.0,0.12171339,0.0015848337,0.007945948
0.014354451,0.001219411,0.0024605717,0.013381764,0.003212829,0.0029339409,0.010803052,0.26753995,1.0,0.1706571,0.002355289,0.005587054
0.012039655,0.0013916388,0.00616986,0.0457043,0.016207568,0.0032055983,0.010115206,0.2876862,1.0,0.14985427,0.002575411,0.0040749973
0.0057057166,0.0010775231,0.009639153,0.043894008,0.011411358,0.0074569522,0.012978135,0.2819346,1.0,0.118306585,0.0017325786,0.0027524936
0.0035726565,0.0009402969,0.010020237,0.031525806,0.006119625,0.015072092,0.024497442,0.34555617,1.0,0.0873467,0.0012031558,0.0023275155
0.0028144617,0.0006541553,0.007446246,0.029458057,0.0051613497,0.011035,0.023823805,0.29673,1.0,0.10802582,0.0009426922,0.0014943652
0.003149888,0.0010068046,0.00791869,0.026624039,0.0048179105,0.0057161925,0.0256339,0.3169168,1.0,0.13542657,0.0012378758,0.001129369
0.0025207906,0.0021215486,0.010453291,0.01632842,0.005164502,0.021627283,0.1537694,0.8896418,1.0,0.1323986,0.007824765,0.0019341469
0.0004680533,0.0007597463,0.002791856,0.004091711,0.00457586,0.026125338,0.14956313,0.8890566,1.0,0.15143955,0.013638486,0.0020239742
0.0001380799,9.7700526e-05,0.00031813965,0.0022395432,0.0007191469,0.0007151412,0.0037396066,0.17717557,1.0,0.27789938,0.0036993334,0.000351204
0.00013362689,8.337731e-05,0.00026220805,0.0022564204,0.0007105567,0.0004089353,0.0037193985,0.1395652,1.0,0.34005338,0.0049792645,0.0002630206
0.00021178275,0.0001467342,0.0003422272,0.0023586638,0.0006162691,0.00015467357,0.0020137557,0.1291292,1.0,0.3384537,0.004602168,0.00029640866
0.00033639595,0.000256489,0.0005007285,0.0029338568,0.0006774749,0.00016628286,0.0015554177,0.16217624,1.0,0.28817603,0.003570514,0.0004129747
0.00025010278,0.00019359538,0.00045569646,0.0025491237,0.00047529233,0.00012955221,0.0025503389,0.19507694,1.0,0.24018751,0.0025977786,0.0003128715
0.00035422598,0.0001681913,0.0004250975,0.0020664677,0.00033510037,6.3407024e-05,0.0028177171,0.21683455,1.0,0.2231941,0.0023553707,0.00025936082
0.0010390256,0.00031633108,0.0003471283,0.0011929419,0.0003014755,0.00029354362,0.002051502,0.13936843,1.0,0.32236898,0.0056776158,0.00072117365
0.0017482104,0.00043263318,0.00029897765,0.0009281053,0.00037309775,0.00042925437,0.0017558575,0.10392939,1.0,0.44274727,0.009461563,0.0008348171
0.0031380986,0.0005274726,0.00035787074,0.0016652934,0.000559143,0.00028769948,0.0015749722,0.11576374,1.0,0.41568765,0.007569569,0.0007980702
0.0050518955,0.00054998364,0.00068302196,0.0029975362,0.0006447629,0.00018703955,0.00221001,0.18421137,1.0,0.27805138,0.0037247702,0.0016016541
0.0075600147,0.00061543024,0.0011263143,0.004534247,0.0007781759,0.00021164582,0.003514388,0.2499398,1.0,0.20252843,0.002881093,0.0033456695
0.010302748,0.00086639734,0.0016998819,0.0066733235,0.0010688655,0.00032049563,0.0045582224,0.28342438,1.0,0.17252244,0.0020800629,0.0045961402
0.013252866,0.0009414106,0.0028915158,0.012938301,0.0017726375,0.0005501245,0.0042632213,0.2817914,1.0,0.16201338,0.0017854588,0.005592678
0.016938152,0.0011912967,0.013328586,0.041207522,0.0043328064,0.001205413,0.0077705565,0.3850314,1.0,0.11735197,0.0018839339,0.009072147
0.015507209,0.0015718471,0.02511725,0.08333013,0.0102537265,0.0015415122,0.009010545,0.37428743,1.0,0.12824588,0.0019832668,0.008188899
0.014028303,0.0014618961,0.01447861,0.07475367,0.01360797,0.0015591392,0.006084822,0.23950465,1.0,0.19751991,0.0026247143,0.0045790984
0.015390495,0.0017749673,0.006173846,0.03496812,0.0073686284,0.0019757133,0.0064037023,0.1890121,1.0,0.24258143,0.0053042816,0.004401753
0.016405156,0.002234114,0.0026264768,0.02036231,0.004688263,0.0025213982,0.0081495205,0.15128523,1.0,0.28154495,0.00854589,0.005032617
0.016022826,0.0019354337,0.0031775685,0.021703115,0.004357807,0.0029918803,0.008214054,0.18516736,1.0,0.23554948,0.007992273,0.005187833
0.017040282,0.0017951429,0.0034295332,0.021392463,0.0038077382,0.0031151122,0.008429564,0.21746688,1.0,0.20157102,0.0080659725,0.0058790683
0.016484747,0.0013240792,0.0041073635,0.020260654,0.0028454326,0.002336359,0.007924982,0.29223183,1.0,0.1547551,0.0067185294,0.006875204
0.016032664,0.0013385123,0.0045048823,0.01823839,0.0022661134,0.002136904,0.008106102,0.3367225,1.0,0.13288575,0.005502815,0.007095742
0.015543058,0.0013281654,0.0041874335,0.019017473,0.0027826075,0.0026899644,0.0076417015,0.2950401,1.0,0.14958693,0.006069482,0.006392235
0.014963039,0.0011355383,0.0043494888,0.022297649,0.003513728,0.0029676592,0.008324728,0.2829009,1.0,0.15965867,0.0061444393,0.005884461
0.016644213,0.0016784787,0.003863723,0.024532355,0.0050373813,0.0033466767,0.0087300455,0.2132637,1.0,0.20347744,0.0070052776,0.0053616716
0.019238608,0.0018759887,0.0057258178,0.027820367,0.004564925,0.004823565,0.010380606,0.2560493,1.0,0.16531979,0.00745743,0.007590442
0.022327522,0.0017477848,0.008292239,0.032518752,0.004512661,0.00732147,0.012442359,0.33138052,1.0,0.12251278,0.007798737,0.010813887
0.025014415,0.0016643327,0.010397454,0.040220328,0.0062638363,0.010308007,0.015519037,0.3515812,1.0,0.11159268,0.0063630566,0.012625597
0.023087982,0.0020627696,0.0070940796,0.037741948,0.006913022,0.008129581,0.015882786,0.24308577,1.0,0.18095413,0.0067114737,0.008444369
0.019594004,0.002756597,0.0030300485,0.031037845,0.009354788,0.005517591,0.015404008,0.12201452,1.0,0.3062436,0.006591739,0.004158224
0.015693408,0.003169131,0.0017452718,0.026158918,0.011311368,0.005041705,0.016285865,0.07586293,1.0,0.43103173,0.007973408,0.002509141
0.009011412,0.0021273084,0.0016641953,0.024750235,0.010594344,0.0027061505,0.0096986275,0.0788219,1.0,0.41945314,0.0068596723,0.0015279187
0.0043692808,0.00089950446,0.0034702993,0.028945057,0.008317749,0.0037528079,0.0123300385,0.17538218,1.0,0.27066764,0.0038576457,0.0009952713
0.0033960624,0.0009256992,0.009702472,0.04654034,0.024930209,0.03875667,0.176772,0.5406115,1.0,0.24207601,0.008311835,0.0022804218
0.0011582916,0.001843452,0.016655486,0.121806666,0.47678825,0.8079825,1.0,0.6767875,0.14819981,0.07142279,0.010704392,0.0020392041
0.00026790993,0.0007476945,0.032318998,0.41946507,1.0,0.46725723,0.12260421,0.02016409,0.01113595,0.003928111,0.00054175896,0.00040335514
0.00026637182,0.0008334925,0.037229825,0.67342883,1.0,0.11984603,0.0048879692,0.0035290455,0.006616341,0.0017891068,0.0005183333,0.0006606937
0.00021866239,0.00044620162,0.038977884,0.73187953,1.0,0.08943209,0.0024063836,0.0013165136,0.0015939474,0.0007587642,0.0007534021,0.0011758271
0.0004509803,0.000721792,0.014989633,0.36943653,1.0,0.21888576,0.0053569376,0.0005666431,0.0005750549,0.00030889068,0.0004650445,0.001397275
0.0010054676,0.00076901464,0.0051887757,0.18935171,1.0,0.37780386,0.012458202,0.00513608,0.004332664,0.00085173576,0.0010385716,0.0017821845
0.014828836,0.00480483,0.034337662,0.24137971,1.0,0.8422423,0.27981803,0.0906791,0.030721428,0.009187836,0.039384052,0.07026622
0.018334791,0.0050326977,0.06705111,0.7344218,1.0,0.6847422,0.3812543,0.09772293,0.02285006,0.027023468,0.36433738,0.2684074
0.0061076316,0.0024916576,0.10074001,0.9726324,0.39335382,0.046075907,0.033331025,0.010490589,0.0031572739,0.08685507,1.0,0.31956375
0.0102509465,0.0021200224,0.074190825,0.740963,0.3446914,0.0127994055,0.0025138292,0.0029502972,0.0021711474,0.079218686,1.0,0.42117637
0.06136511,0.002017862,0.032936953,0.65066534,1.0,0.0977927,0.0061427737,0.0030480316,0.0030939186,0.028106406,0.64245045,0.862977
0.08738369,0.001553699,0.003621862,0.20191033,1.0,0.19569972,0.005909694,0.0021526753,0.0033874107,0.0038558391,0.09842388,0.5298602
0.06674434,0.0013710379,0.0069922456,0.3077912,1.0,0.15640025,0.00567716,0.0029112347,0.00402637,0.0053215325,0.20109388,0.5806198
0.027506426,0.002199669,0.052849915,0.6916033,0.65645635,0.046818096,0.005768912,0.0064195427,0.004287367,0.07976103,1.0,0.75040483
0.0033804127,0.003635941,0.1171663,0.3751309,0.085646786,0.005054576,0.004248962,0.005260517,0.0061915917,0.33481407,1.0,0.17825782
0.0014687066,0.009885471,0.24635734,0.29068202,0.019301832,0.002823049,0.0065097143,0.0048489263,0.019833026,0.8032939,1.0,0.045760173
0.010441868,0.0637879,0.5448644,0.43061706,0.026615215,0.0039371047,0.0080469195,0.004936111,0.036242023,1.0,0.85251,0.024059502
0.07779551,0.31624505,1.0,0.6424326,0.07165385,0.014132323,0.008308134,0.0055443584,0.046413813,0.74348253,0.5898288,0.038246375
0.47529104,0.8886442,1.0,0.46054322,0.18610674,0.08109521,0.0365079,0.019044323,0.09801827,0.7511547,0.93391615,0.25283712
0.03360658,0.025658572,0.026374837,0.029071532,0.021629162,0.023291465,0.013663223,0.009230805,0.06081526,1.0,0.9746334,0.11955505
0.0916004,0.06881204,0.081150584,0.09536728,0.10499826,0.17097728,0.10518609,0.060728077,0.0890882,0.80396426,1.0,0.17287761
0.22992787,0.16863997,0.19609568,0.25175884,0.3003038,0.26708174,0.12184835,0.14134505,0.21728072,0.8433955,1.0,0.34150153
0.7703595,0.56696707,0.3399418,0.22365715,0.16357274,0.31310773,0.25042412,0.39616594,0.5553075,0.99967074,1.0,0.7984858
0.91297483,0.6740405,0.51296115,0.5111827,0.5049959,0.49160346,0.49301192,0.6245049,0.73261267,0.90968573,1.0,0.97310835
1.0,0.8159661,0.60243833,0.40288344,0.20580748,0.16731907,0.23407158,0.30951008,0.37031972,0.49055946,0.65600294,0.85249275
1.0,0.6922399,0.34020925,0.17851573,0.118933976,0.13808472,0.16755532,0.17735636,0.25625995,0.39695254,0.6202599,0.99992913
0.879771,0.24268335,0.13101609,0.06422685,0.11204996,0.46573392,0.88258517,0.89171976,0.739271,0.43365794,0.39423603,1.0
0.015707497,0.0044928794,0.0066829133,0.003601295,0.0065593706,0.06178204,0.3647323,1.0,0.74086493,0.11591512,0.040675543,0.029309472
0.0025169668,0.0010203943,0.0014687139,0.0010350577,0.0020085226,0.013847243,0.10669886,0.6434849,1.0,0.19742197,0.017526275,0.0061024823
0.00047067495,0.00026102908,0.00019353119,0.00043610865,0.00042423527,0.000868414,0.0096021835,0.17040354,1.0,0.5297275,0.017732704,0.0008867325
0.0006341253,0.00038034611,0.00024294933,0.0006845739,0.0007326661,0.0002938737,0.0013382513,0.040742226,1.0,0.98216426,0.03341332,0.0011722008
0.00066249503,0.00040194596,0.00016502691,0.0007942967,0.0009547723,0.00022912674,0.00055580906,0.03282063,0.8900026,1.0,0.040149007,0.0007845706
0.0004425077,0.0003697534,7.895268e-05,0.00070289435,0.0011222741,0.00010516927,0.0001978046,0.01804684,0.63650316,1.0,0.05354998,0.00047679918
0.00043718657,0.0003119475,0.0001093386,0.0009941071,0.0015177815,0.000110423935,0.0002742301,0.014610526,0.6305497,1.0,0.054728046,0.0006795909
0.0005837394,0.00019936897,0.00015578637,0.0023624164,0.002056411,0.00018874656,0.0011121484,0.040530134,1.0,0.866834,0.027645577,0.00067255134
0.000593814,0.0003127656,0.00024067164,0.0024994668,0.0014450169,0.0003519446,0.0020467737,0.060054313,1.0,0.5456549,0.010126519,0.00037833716
0.00088673836,0.0004883655,0.00034383626,0.002521692,0.0012869268,0.00034481456,0.0016769085,0.06756543,1.0,0.4821419,0.0077666626,0.00025089676
0.0015918306,0.0007206058,0.00049012626,0.0039975075,0.002051226,0.00029583,0.0009774083,0.06870491,1.0,0.4754218,0.007788253,0.0003775044
0.0007973347,0.00042491933,0.00067464326,0.0058894292,0.0032353536,0.00046589723,0.0006795381,0.062359545,1.0,0.52500063,0.009703919,0.00039497216
0.0006603173,0.00047928933,0.00067281036,0.0066986326,0.0035686842,0.00048916286,0.00076131354,0.058011726,1.0,0.55804604,0.0105395615,0.00022384233
0.00069720455,0.00061486394,0.00082733325,0.0075287754,0.0030636545,0.00037194375,0.00082254334,0.07758314,1.0,0.43244672,0.0063926256,0.00020701537
0.0008016531,0.0006576199,0.0018053263,0.015435269,0.005235035,0.0004034196,0.00094040314,0.09731615,1.0,0.35266942,0.004579283,0.00024796536
0.0011011837,0.0004981351,0.0054194913,0.03684398,0.009228039,0.00074809394,0.0014627847,0.14562158,1.0,0.24664024,0.002462007,0.0003224557
0.0017795154,0.00069854414,0.012086386,0.08119495,0.027060274,0.0013698409,0.0017901997,0.15281655,1.0,0.2266963,0.002397477,0.000601392
0.0010337451,0.0004714753,0.008273955,0.07167723,0.030383827,0.0020223015,0.0015424095,0.11879796,1.0,0.27398387,0.0033879185,0.0004743157
0.0019778565,0.00049145095,0.007930861,0.06825366,0.021615805,0.0011063991,0.0016759897,0.122739024,1.0,0.26250398,0.0026469042,0.0005576773
0.0036311948,0.0007258603,0.013367161,0.11526108,0.03425871,0.0013589041,0.0019689046,0.1380275,1.0,0.23443797,0.0023077857,0.0009997009
0.0018805433,0.00055084063,0.01088222,0.09544624,0.023648268,0.0007178376,0.001630631,0.14970355,1.0,0.21329162,0.0019569525,0.0006065519
0.0013403957,0.0005689807,0.010208644,0.0801819,0.018901523,0.00061324233,0.0015531877,0.15299016,1.0,0.20654067,0.0019435247,0.000508571
0.0012719481,0.0009292443,0.013832611,0.06899707,0.014515884,0.00074020814,0.002855522,0.2343122,1.0,0.14683601,0.0015523304,0.0006598402
0.0021029515,0.0013325845,0.01604541,0.067698196,0.012476032,0.0017872225,0.004106133,0.26500264,1.0,0.1296575,0.0012881284,0.0009830183
0.0008414658,0.00052143115,0.007817146,0.054440178,0.015541061,0.003274993,0.0019133008,0.16271248,1.0,0.2011921,0.0018283518,0.00042462334
0.00026032692,0.00013983669,0.004514168,0.041853692,0.009641734,0.0012238122,0.0012278705,0.12906066,1.0,0.23274547,0.0019499111,0.00014658463
0.00027134185,9.237717e-05,0.005608174,0.046464376,0.008847044,0.0005233616,0.0011980392,0.13982925,1.0,0.21650098,0.0018495101,0.00023579744
0.0003398754,0.00017430537,0.008740204,0.05950992,0.010908424,0.002084005,0.0016562458,0.17457852,1.0,0.1757138,0.0014455533,0.00031485286
0.0017641839,0.00040537733,0.015460345,0.07384053,0.01307126,0.0026841206,0.0025118943,0.23000838,1.0,0.13209546,0.0009033791,0.0008656479
0.0027743848,0.0005058076,0.016967803,0.07342435,0.011547751,0.000844796,0.0030437536,0.26886478,1.0,0.11106086,0.0009959697,0.0014145629
0.0007860708,0.00035475002,0.009166077,0.054567214,0.012102744,0.0024242396,0.0024505719,0.19016603,1.0,0.18020621,0.0019014339,0.00065493246
0.00021760399,0.00023395276,0.0036476622,0.043560497,0.014117981,0.0019095691,0.001227294,0.09241379,1.0,0.32090107,0.003585298,0.0002320327
0.00022179511,0.00019471999,0.005876283,0.05500056,0.013500433,0.00047997857,0.0011384082,0.10784663,1.0,0.28273195,0.0029584297,0.0001601931
0.00023140818,0.0001759838,0.0140864905,0.08692763,0.012854173,0.00051959936,0.0016317855,0.17806076,1.0,0.1666668,0.0013233325,0.00020729384
0.00030643036,0.00018873569,0.015062978,0.09201863,0.013248336,0.0005459574,0.0020611598,0.21396753,1.0,0.13524008,0.0009944015,0.00027450433
0.0016132278,0.00036105144,0.013233822,0.08881029,0.014686065,0.0006398842,0.002172561,0.20215559,1.0,0.15196641,0.0012749254,0.0005902623
0.003899554,0.0008913862,0.008368235,0.08999718,0.026594553,0.00077420846,0.0012210633,0.10862465,1.0,0.29828456,0.0032340717,0.00075354124
0.0032930726,0.0008264927,0.005096688,0.08707592,0.03457672,0.0006373352,0.0007215425,0.070191994,1.0,0.38461512,0.004290723,0.00052431785
0.0033112068,0.0006445286,0.006110478,0.0742528,0.022689538,0.0005878167,0.00084257044,0.10357277,1.0,0.2814404,0.0026332731,0.00076370477
0.0041587097,0.00055865664,0.008201262,0.057257082,0.01079253,0.0003830512,0.001662609,0.18951485,1.0,0.15813509,0.001295965,0.0015575495
0.0047821985,0.0005313144,0.006737762,0.04284374,0.0073560663,0.00062776584,0.002495862,0.19545591,1.0,0.14852852,0.0010614466,0.0017972251
0.005028992,0.0008832654,0.0057321335,0.05574937,0.014619711,0.0015344793,0.0030388022,0.124664046,1.0,0.2350032,0.0022711311,0.0017656226
0.0062229126,0.0012345111,0.0051554698,0.06829089,0.02237713,0.0011475681,0.0018699166,0.08929334,1.0,0.31442118,0.0032102033,0.0012781703
0.006412549,0.0009312154,0.006499411,0.06931294,0.017823849,0.0005938747,0.0014967503,0.11112987,1.0,0.24949996,0.0019966406,0.0012509356
0.007366526,0.0010080762,0.0073579038,0.070179366,0.015790774,0.000820259,0.0017336848,0.12226321,1.0,0.21620251,0.0015783195,0.001496185
0.007602248,0.0010472557,0.007509697,0.06713559,0.014424416,0.00085509784,0.0019002962,0.13132113,1.0,0.20599882,0.0015836628,0.0016855034
0.0061251423,0.000819969,0.0068232263,0.058598176,0.011964885,0.0004261827,0.0015451078,0.13929804,1.0,0.20014787,0.0013582797,0.0013808537
0.0069922223,0.0011735064,0.006529544,0.07074367,0.018194862,0.0007245024,0.0017075604,0.10825505,1.0,0.25338605,0.0020992358,0.001219767
0.008546029,0.0018281986,0.005666549,0.08063798,0.027489766,0.001115948,0.0017600612,0.08037233,1.0,0.3379085,0.003416151,0.0010949514
0.0109516075,0.0019939104,0.0059078024,0.07194419,0.024425337,0.0015962188,0.0018331445,0.09719468,1.0,0.31077647,0.0031295044,0.002143355
0.008340716,0.0011145625,0.009459987,0.06492896,0.012506418,0.0021304542,0.0028898432,0.17556992,1.0,0.1740899,0.0015867809,0.002431421
0.005012469,0.00052866293,0.009807131,0.06474636,0.010339573,0.00067123794,0.0024952334,0.19374183,1.0,0.15143034,0.0013694479,0.0016104494
0.0046055056,0.000802822,0.0067920364,0.06981927,0.018559407,0.00092612277,0.0014666725,0.11914642,1.0,0.26629543,0.0028588318,0.0008890975
0.006011431,0.0014279983,0.004176355,0.07052108,0.029775588,0.0018872796,0.0014452392,0.06661876,1.0,0.42281812,0.00536262,0.0007313355
0.008155513,0.0013902219,0.005934186,0.0665738,0.022065837,0.0009071533,0.002228431,0.0980133,1.0,0.32250702,0.0037294016,0.0014906063
0.0071846074,0.00085027714,0.0085432185,0.06854707,0.013711259,0.00046529548,0.002469911,0.14755891,1.0,0.19241618,0.0014837041,0.0017366516
0.005208273,0.00061698444,0.009168539,0.065163456,0.011053102,0.000732898,0.0025851433,0.17367932,1.0,0.16222858,0.0013232004,0.0015266186
0.0059866738,0.0010498813,0.010323646,0.06449914,0.010170874,0.002438696,0.0047979695,0.18191893,1.0,0.15360253,0.0021537652,0.0022236188
0.00798636,0.0024938416,0.012053581,0.071521826,0.012528992,0.0036795451,0.0047198217,0.17217638,1.0,0.15973845,0.0048520537,0.003645914
0.007620622,0.0029001066,0.015099789,0.07313132,0.010921779,0.003237897,0.0055668517,0.21419865,1.0,0.13632461,0.005027833,0.0038494968
0.006190623,0.0020812287,0.011827869,0.06423991,0.01021569,0.0026783664,0.0049497476,0.1924848,1.0,0.1530184,0.0054798853,0.0032751844
0.005965929,0.0014173653,0.009885266,0.066254474,0.011784354,0.0020420582,0.0058724224,0.159674,1.0,0.18356091,0.00315046,0.002198795
0.0046136,0.0008394322,0.009021797,0.06150517,0.0105208615,0.0013266781,0.0038908864,0.17841138,1.0,0.15845658,0.0019610052,0.0016317025
0.0044699847,0.00080369104,0.007540336,0.06298691,0.0129911965,0.0010461349,0.001685068,0.1412254,1.0,0.20159122,0.0018761748,0.0015010501
0.0037953914,0.0005854266,0.0060486775,0.057060268,0.012799513,0.0005081501,0.0014428538,0.12644017,1.0,0.2211047,0.0017561178,0.0009298411
0.003427687,0.00056915643,0.0048089894,0.051549494,0.012742483,0.00052826386,0.0018537022,0.11701066,1.0,0.24370739,0.0022991695,0.00077536557
0.0037926126,0.00071465556,0.0046741683,0.05900098,0.01787248,0.0005213449,0.0013464746,0.090952866,1.0,0.30679792,0.0031384754,0.00073217344
0.0054150126,0.0009119749,0.0053579044,0.05862289,0.016058743,0.00036977854,0.00086010754,0.10589424,1.0,0.26903445,0.0024804135,0.0011304105
0.005565487,0.00074310374,0.0061777234,0.052853063,0.011167356,0.0002771194,0.0010834894,0.13890058,1.0,0.20218785,0.0015290888,0.0013542905
0.0040683146,0.0005025635,0.0056449226,0.04625433,0.009021572,0.0001976851,0.0010906279,0.14781266,1.0,0.18551064,0.0012032865,0.0010246002
0.0025524925,0.00035788948,0.0049070213,0.040621072,0.008035904,0.00016583526,0.0009242822,0.1501622,1.0,0.18906072,0.0012168429,0.0006518034
0.0013383471,0.0003616726,0.004037603,0.0501912,0.016069677,0.00032718142,0.00067220145,0.10173168,1.0,0.3053075,0.0032372794,0.00030933676
0.0005922941,0.00031541832,0.0032785796,0.06919705,0.033419468,0.00070524745,0.0006366905,0.055862017,1.0,0.48953357,0.0067886654,0.00013856379
0.00053932006,0.00040655994,0.0027394025,0.05979166,0.029792814,0.001012176,0.0015242101,0.057247914,1.0,0.48125365,0.0066197347,0.00011947767
0.00046816032,0.0002888887,0.005009563,0.05356319,0.015545046,0.00044601664,0.0014651227,0.11315057,1.0,0.29223883,0.002997166,0.00015135527
0.0004341225,0.00018134656,0.009999987,0.053211175,0.007193918,0.00022319435,0.002128352,0.22011107,1.0,0.14226502,0.001035753,0.00023112081
0.0015874378,0.0037011597,0.016142122,0.051294386,0.0057856455,0.0027308713,0.018346475,0.2793181,1.0,0.12647186,0.0011090548,0.00068746373
0.22979346,0.17364228,0.113459624,0.12938006,0.19982408,0.42390946,0.69536304,0.8393532,1.0,0.2132852,0.18090898,0.20383288
0.5070108,0.406372,0.31657282,0.26886824,0.4036418,0.75247127,0.85199416,0.42459762,0.34287083,0.7792088,1.0,0.6633579
0.3831738,0.44399387,0.31275284,0.15042014,0.13502075,0.34960172,0.5573489,0.32028008,0.4914021,0.9306651,1.0,0.5950713
0.2610128,0.23264217,0.12588558,0.06741216,0.18348065,0.6213925,1.0,0.43568844,0.46658042,0.6604949,0.88394207,0.7014965
0.3631019,0.28674337,0.1487607,0.10081419,0.21684444,0.3883073,0.5687448,0.6465637,0.43218264,0.7200935,1.0,0.99318874
0.1678199,0.12115088,0.0645345,0.02751794,0.0627061,0.47906217,0.43823254,0.2605063,1.0,0.9843138,0.7154085,0.4684653
0.11265748,0.037879538,0.021880936,0.015638582,0.033517584,0.16011557,0.19959325,0.19987531,1.0,0.8818788,0.6231934,0.35924265
0.2626626,0.15634389,0.09891906,0.07280118,0.06594508,0.17575379,0.32134864,0.267345,0.7909154,1.0,0.9599059,0.45919818
0.28862378,0.2188072,0.15412357,0.11394707,0.080687426,0.07844128,0.11651216,0.1866596,0.31214502,1.0,0.57484794,0.3236999
0.17924939,0.14115025,0.100027755,0.08036002,0.06591078,0.065915406,0.08773082,0.14524335,0.32387617,1.0,0.4166676,0.21039678
0.03982592,0.036753047,0.0316714,0.030817967,0.033468347,0.032521524,0.04537518,0.33911255,1.0,0.46750325,0.11588502,0.06688409
0.023371797,0.023121107,0.027763931,0.02963568,0.03567982,0.045078218,0.04760066,0.3461882,1.0,0.2843858,0.092210084,0.041435856
0.22367057,0.16323198,0.25097153,0.3210611,0.33908412,0.49287382,0.40555865,0.52432543,1.0,0.7745017,0.5774618,0.38785157
0.6387195,0.3837534,0.33179662,0.2997393,0.24023029,0.40128642,0.3275418,0.33186865,0.49668404,0.6897037,1.0,0.96965426
0.75603133,0.71701103,0.8253888,0.9413664,0.86466044,1.0,0.58363974,0.4437262,0.51881826,0.5994769,0.7442801,0.7783607
0.11437806,0.18402748,0.5103339,0.9097212,1.0,0.6828418,0.25002646,0.10271428,0.11183259,0.100108944,0.12861755,0.123517655
0.4244875,0.4855687,0.8002416,1.0,0.5990177,0.7461878,0.29094332,0.25741535,0.30713582,0.38946733,0.4498817,0.4518721
1.0,0.50659597,0.43923655,0.47749478,0.27338415,0.21297167,0.35719684,0.5022558,0.40784127,0.3680811,0.71284825,0.9968888
0.4468062,0.24149941,0.11697697,0.12964478,0.14297272,0.13536306,0.28922933,0.88975585,1.0,0.2724263,0.31762287,0.30341136
0.13879877,0.094219774,0.051771283,0.062819354,0.08166387,0.13886128,0.29281372,0.6554179,1.0,0.22787479,0.20946546,0.10497729
0.3456678,0.178405,0.049832147,0.038562916,0.04788739,0.14971969,0.54104865,0.8308975,1.0,0.28446987,0.29437134,0.267535
1.0,0.45277116,0.10942019,0.11312414,0.23446889,0.35938013,0.42143178,0.34006768,0.3254752,0.26184988,0.6574902,0.7036775
0.43281442,0.30524606,0.14380646,0.08867364,0.26983255,0.5078594,0.8329538,0.54813594,0.59498876,0.3418964,1.0,0.55407476
0.19627847,0.33189422,0.19904362,0.09281455,0.18979655,0.455254,1.0,0.7095064,0.8557802,0.51279825,0.8827648,0.4875051
0.11641881,0.11867399,0.09072128,0.059570104,0.074769944,0.18840912,0.44767177,0.5101799,1.0,0.534675,0.3023462,0.16634627
0.13534778,0.10661112,0.08093616,0.070364155,0.09544943,0.2225848,0.7479792,0.57512945,1.0,0.6205504,0.2930799,0.19530277
0.1007349,0.07262277,0.04346356,0.036173243,0.08300845,0.09889406,0.6143379,0.48723358,1.0,0.4430699,0.12888259,0.119491726
0.054919355,0.043151885,0.03280448,0.028269513,0.027153566,0.029286766,0.12708047,0.23130253,1.0,0.41689244,0.073040575,0.059268773
0.14562356,0.12454009,0.10277104,0.095080175,0.08025894,0.077530995,0.0666791,0.19041057,1.0,0.55209833,0.14443171,0.13420571
0.94569683,1.0,0.82669765,0.6239,0.4372228,0.296665,0.23154898,0.2921054,0.79342777,0.5826102,0.6362116,0.811731
1.0,0.9640416,0.8283255,0.6469148,0.34456423,0.22042449,0.23116875,0.36295003,0.66138047,0.68286294,0.75265616,0.902203
0.9765287,0.83946747,0.7327628,0.6395879,0.42053887,0.30463085,0.4104607,0.6898091,1.0,0.9473497,0.78687644,0.8768715
0.8452081,0.8156391,0.7988179,0.6948226,0.7975803,1.0,0.7895242,0.6809236,0.5835662,0.4850404,0.7696797,0.81194013
1.0,0.8060542,0.5190534,0.34125546,0.4168958,0.5534729,0.5178018,0.51994777,0.488841,0.5365909,0.69045055,0.8137174
0.776169,1.0,0.8861566,0.5526126,0.353582,0.534756,0.37771398,0.44478917,0.58308744,0.76219255,0.88590527,0.8484036
0.9364468,0.8065014,0.8207264,0.84860504,0.91148067,0.9209926,0.7176872,0.72228485,0.87823415,1.0,0.9858221,0.9583409
1.0,0.9001457,0.8175778,0.7059685,0.48464906,0.4002121,0.33179003,0.48417297,0.7184258,0.835797,0.8303509,0.8869361
0.5065975,0.38860944,0.24790479,0.1817091,0.13120738,0.12809385,0.18496792,0.71669143,1.0,0.35902625,0.43874824,0.43113163
0.25903386,0.20490758,0.1156008,0.06871027,0.064013496,0.107783936,0.24345139,0.5529462,1.0,0.36120743,0.3102941,0.23723163
0.2537698,0.20873818,0.077806436,0.045633942,0.072822414,0.10155693,0.25401786,0.73250175,1.0,0.29576397,0.18852639,0.19869791
0.11525132,0.12616944,0.045067646,0.027191814,0.048921015,0.16731507,0.4216374,0.59870005,1.0,0.2251869,0.10428945,0.08832597
0.064347506,0.08124538,0.035775274,0.01862056,0.025783565,0.27598906,0.8832068,0.646871,1.0,0.31357998,0.2901874,0.15547454
0.09543846,0.104388274,0.03830351,0.028581955,0.02807866,0.1613366,0.55953693,0.48893887,0.79864043,0.6127447,1.0,0.48351213
0.10388278,0.082678385,0.07721656,0.15109147,0.12287385,0.19513552,0.37275606,0.58609766,0.9895558,1.0,0.5736337,0.25613266
0.32369858,0.27010766,0.3199824,0.6649997,0.7857412,0.76837164,1.0,0.53094316,0.948191,0.7498676,0.32082257,0.32360452
0.207798,0.18192387,0.37783968,1.0,0.5445524,0.4435779,0.48032513,0.19892825,0.34567833,0.1583104,0.14078918,0.18596382
0.4756061,0.36986974,0.4469325,1.0,0.3831387,0.1815314,0.26276004,0.23114496,0.366217,0.33821198,0.37323496,0.4535045
1.0,0.7706693,0.5904727,0.6321117,0.5039939,0.3908478,0.3831846,0.5312569,0.7399013,0.85613304,0.9057185,0.9849571
1.0,0.7276306,0.48729473,0.47152498,0.4913182,0.3606856,0.2914253,0.37596133,0.57786727,0.716121,0.82066053,0.95622444
0.9409169,0.7668207,0.70058566,0.64403003,0.37472093,0.40738845,0.34514594,0.4319096,0.58066124,0.7409904,0.90378183,1.0
0.77708673,0.6376047,0.69971025,0.81320673,0.6661694,0.46387362,0.38811782,0.52325,0.40019765,0.42672697,0.8739182,1.0
1.0,0.7660777,0.6237998,0.5693363,0.5225684,0.43973032,0.4008144,0.4818352,0.52552783,0.60903317,0.8539081,0.9781731
1.0,0.6000791,0.36527723,0.3042396,0.3295104,0.43727055,0.46152762,0.4469912,0.50930196,0.6377557,0.8389765,0.96923846
0.53058535,0.5002507,0.56202096,0.6857573,0.8022679,1.0,0.84582675,0.69785094,0.5805255,0.49099028,0.46799073,0.47268125
0.83682287,0.6749368,0.7134132,0.90132284,1.0,0.8310184,0.7181079,0.7548488,0.8544162,0.9093292,0.9904896,0.91150576
0.53225094,0.45441434,0.40605164,0.5574085,0.7572009,1.0,0.6244805,0.33333725,0.8090463,0.7843588,0.4932887,0.4200706
0.26332113,0.29752234,0.23311606,0.25150535,0.950919,1.0,0.47212696,0.21099915,0.16724326,0.06282897,0.05094365,0.111132845
0.046826515,0.07912615,0.12900053,0.589047,1.0,0.3384874,0.06434829,0.016570415,0.012185081,0.005420807,0.0064152153,0.018559555
0.002161799,0.0056358455,0.12459115,1.0,0.44217318,0.032397166,0.0030151105,0.000815407,0.0003427959,0.0016085882,0.0076955967,0.0023446681
0.00035837133,0.00070636696,0.09559372,1.0,0.4506071,0.013956296,0.00043410188,0.0010591503,0.00031917758,0.0020846908,0.020573068,0.009356282
0.0028699925,0.00033076055,0.030402925,0.6152328,1.0,0.124829955,0.0015801917,0.0011273093,0.0010187816,0.0009540849,0.017432764,0.026979765
0.0063103843,0.00021956945,0.0023868186,0.15222174,1.0,0.24287018,0.002477204,0.00041687104,0.0009653929,0.00025655344,0.0044059097,0.029107502
0.0070195724,0.00033000077,0.0017000075,0.17349261,1.0,0.20209736,0.0019516399,0.00039387596,0.000981305,0.00029601814,0.006820697,0.04101027
0.0051923865,0.0006654198,0.0051362924,0.35849553,1.0,0.09536659,0.0007904383,0.00076033815,0.0012859111,0.00055559794,0.024581224,0.06716793
0.0042209667,0.0015421896,0.034024805,0.8701051,1.0,0.051027708,0.0006190955,0.0021460594,0.0015734604,0.003969739,0.10187619,0.11173096
0.0011622829,0.0015161509,0.09619274,1.0,0.3818753,0.0070081702,0.0006058894,0.00291618,0.00083877065,0.015066158,0.16553362,0.058977164
0.00073869026,0.0044360333,0.23762016,1.0,0.18138213,0.0021407786,0.0011289084,0.0031608366,0.0008735852,0.03825457,0.19529088,0.03153267
0.0014375934,0.05801992,0.8195401,1.0,0.0835496,0.00192981,0.0027938278,0.0030085286,0.006713185,0.1252898,0.20876408,0.017102465
0.00601835,0.27241495,1.0,0.29200697,0.015906753,0.0020894632,0.0028334085,0.0014891806,0.03189692,0.13618061,0.055723224,0.0040699295
0.031237207,0.77668947,1.0,0.09401366,0.004976991,0.002395198,0.0021464173,0.0024270716,0.08183519,0.12881966,0.014922553,0.0031621563
0.11519279,1.0,0.8131957,0.07816791,0.02410393,0.0036287503,0.0011969578,0.0033706618,0.06315643,0.07893931,0.023176175,0.009187966
0.51675653,1.0,0.5983628,0.12365643,0.060783654,0.009947659,0.0020568094,0.0027842212,0.018390391,0.074703805,0.12510866,0.16728604
0.11193591,0.46323538,1.0,0.42886066,0.1450002,0.025013011,0.0034296403,0.0029934298,0.010835139,0.06546644,0.20165567,0.20065922
0.012962583,0.064444564,0.4838715,1.0,0.345935,0.021450834,0.0047090882,0.0019052312,0.0029531524,0.015048562,0.04786157,0.024301624
0.005653117,0.03519551,0.25903594,1.0,0.41668308,0.022436153,0.006538736,0.0029636142,0.0041948557,0.008734572,0.015728915,0.0082315
0.07813658,0.13571396,0.5079175,1.0,0.3908978,0.078607604,0.061599452,0.06562801,0.089283936,0.13435888,0.11565161,0.08228658
0.1492267,0.18213555,0.73866284,1.0,0.16933252,0.08472021,0.06967248,0.06668131,0.07989958,0.09537791,0.10566021,0.12555772
0.87434065,0.68637747,0.6007879,1.0,0.43403396,0.3549835,0.29563576,0.36999956,0.4611211,0.53942543,0.66639507,0.80491
0.8942654,0.60911316,0.3370544,0.22769983,0.15273884,0.17264052,0.19647653,0.35699442,0.59699345,0.7694332,0.9538995,1.0
0.98237664,0.71101415,0.44610783,0.3432258,0.3030988,0.31240314,0.29054683,0.40330768,0.5892165,0.73634434,0.8831995,1.0
0.7065317,0.6267201,0.9221859,1.0,0.55457944,0.41249874,0.18991822,0.13704203,0.15697269,0.20297146,0.35157603,0.5400166
0.40967628,0.32792437,0.5990287,0.7081621,0.33625492,0.34872356,0.7827247,1.0,0.9120445,0.44547573,0.23645958,0.24857882
0.13466527,0.15789558,0.08348483,0.2675639,0.6742156,0.75821257,0.7956741,1.0,0.8115458,0.79797256,0.57723933,0.23287204
0.056522705,0.06897546,0.10018004,0.48623666,0.6211773,0.2883427,0.21797444,0.3200877,0.18373626,0.5359118,1.0,0.24903089
0.052973464,0.17568453,0.5607029,0.6806484,0.37562212,0.08986307,0.18606551,0.14256048,0.0766174,0.37994322,1.0,0.37451693
0.042617157,0.16555314,0.8907933,1.0,0.499743,0.16519152,0.37923592,0.2563629,0.093879566,0.32141775,0.40723142,0.20366915
0.03887977,0.01969623,0.12391252,0.4081142,0.74671626,1.0,0.8015114,0.32707015,0.10107627,0.07900867,0.12867497,0.091194324
0.016725952,0.007589765,0.0048444346,0.019583024,0.14569199,0.5727824,1.0,0.7584473,0.4472368,0.17011063,0.027689429,0.013248974
0.0067720264,0.0026441498,0.0021858322,0.0021859054,0.008319247,0.06558528,0.24787134,0.446334,0.7154071,1.0,0.7107384,0.11092472
0.027385866,0.008956363,0.0036860402,0.00093454757,0.0050902003,0.035087105,0.025473047,0.031437024,0.1223128,0.7296521,1.0,0.2395679
0.08804998,0.028127545,0.009610083,0.0030305735,0.011574275,0.07487228,0.06350953,0.0848532,0.2369428,0.8432495,1.0,0.34262356
0.46414316,0.37557384,0.20598537,0.06415111,0.025750218,0.016758641,0.045971837,0.5646346,1.0,0.73243546,0.7575098,0.56995785
0.038345035,0.03627334,0.02605264,0.010410412,0.0063410443,0.018250354,0.33730027,1.0,0.37690163,0.07655671,0.056551002,0.0425534
0.0009812894,0.0026742711,0.0037955688,0.001128698,0.0013553108,0.03217139,0.6058434,1.0,0.11530133,0.003986518,0.0018607853,0.0012424327
0.00021243705,0.0012298286,0.0055741454,0.006455645,0.0010920503,0.029936852,0.5457365,1.0,0.25940996,0.01312742,0.00089852436,0.00037182716
0.00032091126,0.00028303053,0.010049016,0.048237644,0.010678478,0.0019289092,0.039380062,0.4242839,1.0,0.18224643,0.003011457,0.00047156485
0.00021214444,7.6291384e-05,0.0047721635,0.07491857,0.035143167,0.00088899204,0.004803713,0.10093896,1.0,0.4802563,0.008877714,0.0003421991
0.00017123943,8.4230225e-05,0.00397784,0.07536126,0.03725844,0.0006637066,0.002464886,0.08292154,1.0,0.48038945,0.008230224,0.0002085815
0.00026249926,0.00024095179,0.013433992,0.06619152,0.014967181,0.00043325184,0.007342331,0.2688234,1.0,0.21451421,0.0030962725,0.00027914406
0.0001868031,0.0011498613,0.040490847,0.053707257,0.003067991,0.00044479407,0.034131087,0.86672056,1.0,0.060710456,0.00097391533,0.00027343823
0.00032047433,0.001940908,0.050818313,0.038097795,0.0010613234,0.00038593332,0.058209926,1.0,0.68756855,0.02000913,0.00056459045,0.00035196228
0.00063690956,0.0027468218,0.052058037,0.029043743,0.0008696443,0.0007799543,0.08034087,1.0,0.5278692,0.01676335,0.0008469845,0.0006892408
0.0008974296,0.0022129242,0.041087575,0.038051303,0.0020780195,0.0012955734,0.06630651,1.0,0.8237593,0.045102887,0.0013163557,0.00079886365
0.000521137,0.0006709791,0.016089333,0.057413597,0.012001145,0.00088493864,0.019610776,0.41022468,1.0,0.21817225,0.004559728,0.0004526497
0.00032236284,0.00028381095,0.0045853215,0.065105975,0.027919305,0.00048825258,0.0035711664,0.10348839,1.0,0.45257136,0.008926978,0.00031147926
0.00014597301,0.00012122944,0.0043942113,0.057159375,0.020633722,0.0003220857,0.0025649876,0.13118234,1.0,0.35569856,0.005704751,0.00017119409
8.5622356e-05,9.9944635e-05,0.007937969,0.042135164,0.0067225387,0.00018514282,0.0068501313,0.33573243,1.0,0.16119967,0.0018889011,0.00011015779
0.00012529494,0.00017195092,0.009506594,0.026015384,0.0019016026,0.0001961334,0.012565733,0.54912734,1.0,0.07746394,0.00075959414,0.00023639029
0.00017352251,0.00033171018,0.010068768,0.016124696,0.0010812815,0.00034911354,0.022880584,0.74097574,1.0,0.05612213,0.0010135694,0.00033372972
0.00014265235,0.00038206132,0.01017114,0.01364542,0.00090309256,0.0005092281,0.026630985,0.77533674,1.0,0.05370492,0.000770052,0.0003198787
0.00011039058,0.00015101112,0.0057436856,0.01969626,0.002272452,0.00029474238,0.009041466,0.41851696,1.0,0.11631599,0.0011995597,0.00022241213
0.00018011451,9.330709e-05,0.0040879236,0.031266123,0.0056777988,0.00029656806,0.002958208,0.22681065,1.0,0.19647734,0.0021878912,0.00040907573
0.00031630407,0.00014930713,0.0053503844,0.04009739,0.006910433,0.0003654934,0.0027530994,0.21816055,1.0,0.20036195,0.0026970108,0.00083873665
9.717282e-05,0.00013125404,0.0079875905,0.03744097,0.0045659193,0.0002318235,0.006287565,0.35084945,1.0,0.13512585,0.0016440266,0.00036312846
7.685419e-05,0.00019733205,0.0066896286,0.01451022,0.0011444859,0.00034400102,0.02011072,0.7069981,1.0,0.061832402,0.00087887084,0.00016647861
0.00022268502,0.0002881457,0.0056367237,0.00708601,0.00043522866,0.0007227758,0.03286586,0.826624,1.0,0.06226528,0.0011131389,0.00036496666
0.00024128934,0.00026982045,0.0048651197,0.009072347,0.00064705557,0.0005630053,0.020771792,0.65041965,1.0,0.070392646,0.0006803997,0.00028223082
0.00017067691,0.00012394124,0.0051723644,0.01531982,0.0011759927,0.00027453707,0.009405865,0.47019178,1.0,0.086585574,0.00095962145,0.0002588909
0.00012333403,9.141423e-05,0.0060536247,0.01884013,0.0013500777,0.0002661234,0.008891676,0.46277314,1.0,0.09152173,0.0007332221,0.0001749745
0.00010842749,0.00013330819,0.007557007,0.017080499,0.00093896274,0.0002741403,0.01431996,0.5843964,1.0,0.07175044,0.00048005313,0.0001188855
0.00013521806,0.00017360899,0.0061566876,0.010673961,0.00052022137,0.00024815634,0.022044351,0.7349178,1.0,0.05833184,0.0003502799,0.00018491935
0.00023738292,0.00023598879,0.0030020291,0.0036290018,0.00038018613,0.00071415317,0.036980875,0.94986236,1.0,0.04536048,0.0005284582,0.00031740387
0.00019240347,0.00020938872,0.002615559,0.0029630861,0.00040748174,0.00086028804,0.043410823,1.0,0.95045197,0.03637635,0.00037677068,0.00021810598
0.00014579673,0.0001762375,0.0026751603,0.003703014,0.00031726583,0.0003124221,0.029305777,0.8429657,1.0,0.048072133,0.00030153128,0.00015235218
0.00018807373,0.00017494585,0.0024394572,0.0061924895,0.0005974032,0.00019442498,0.013707924,0.5628279,1.0,0.07826292,0.00069856964,0.00022218148
0.00022995935,0.0001933109,0.002598905,0.010256195,0.0011914456,0.00021741311,0.0057253265,0.34214163,1.0,0.12818398,0.0012885807,0.0002482581
0.00026332057,0.00019679798,0.002092796,0.011523214,0.001674372,0.00012809376,0.0029760082,0.25491488,1.0,0.17414372,0.001744511,0.0003229879
0.00017273794,0.00014441668,0.001979067,0.0120278,0.0017489106,9.950908e-05,0.0027463066,0.2429656,1.0,0.18288289,0.0022560554,0.0003074112
0.00018341548,9.229023e-05,0.0024943836,0.014341662,0.0019740656,0.00010485388,0.0031788826,0.26376852,1.0,0.17170961,0.0019484897,0.00025520052
0.0001985781,7.0806156e-05,0.0030803874,0.012810807,0.0013512565,0.00013252457,0.005542296,0.36447638,1.0,0.12233727,0.0010563211,0.00018518014
0.00011388049,6.622579e-05,0.0026973197,0.008900139,0.00076923816,0.00015223311,0.0075370013,0.43100506,1.0,0.098455355,0.000976933,0.0001929446
0.0001814469,0.00015537725,0.0026720797,0.0090596825,0.00082849216,0.00020719084,0.006254981,0.3841013,1.0,0.11117829,0.0011654731,0.00024987225
0.00012922645,0.00018392364,0.003519284,0.0124572925,0.0010855111,0.00021560279,0.005309606,0.36210388,1.0,0.12040806,0.0012393123,0.00024760095
8.0502025e-05,9.5044896e-05,0.0045103673,0.016879397,0.0014733588,0.00021219757,0.006048699,0.38078353,1.0,0.114056155,0.0012579893,0.00022954795
9.163605e-05,6.997332e-05,0.0042792433,0.021397026,0.0028221281,0.00016454876,0.0048013013,0.3055859,1.0,0.15934071,0.002072667,0.0004836335
0.0001078774,8.2545215e-05,0.0031516685,0.029034356,0.0066569033,0.00036566536,0.0026962333,0.16535206,1.0,0.2759197,0.0035393543,0.0004220182
9.6468684e-05,7.682685e-05,0.0035211265,0.03019944,0.0061946306,0.00031409174,0.0023364485,0.17682496,1.0,0.25140736,0.0030201804,0.00039210278
5.9241356e-05,5.965103e-05,0.0040338044,0.020357663,0.002626398,0.00014755318,0.005245498,0.32680553,1.0,0.14282274,0.0012756702,0.0001459846
0.00013532289,0.00014082229,0.0031583542,0.009463569,0.0009799807,0.00019334322,0.015342388,0.5717946,1.0,0.08166202,0.0006531565,0.00015215721
0.0012086334,0.0011023899,0.0025651718,0.0028956921,0.00036898378,0.0003512752,0.030513179,0.84723675,1.0,0.05034161,0.0010926309,0.0009965037
0.0014380254,0.001557579,0.0026731042,0.0026785294,0.0006755801,0.00066516345,0.03151888,0.86526555,1.0,0.049306687,0.0016349052,0.0013057959
0.00053375063,0.00048677894,0.002192614,0.0028530976,0.000457759,0.0004947442,0.03180397,0.8769587,1.0,0.047851793,0.0015216044,0.0010831231
0.00049745716,0.0005578424,0.0014979464,0.0029306032,0.0003883292,0.00023026227,0.01794928,0.6093432,1.0,0.08135981,0.0012930149,0.00062951446
0.0005240312,0.00069546344,0.0022721775,0.006349885,0.0006897065,0.00022492316,0.007383385,0.39236563,1.0,0.119293675,0.0013448101,0.00053643977
0.00013919783,0.00042464363,0.003154042,0.007463598,0.0006370748,0.00041643452,0.011907879,0.50888646,1.0,0.08890925,0.00082618784,0.00023943766
0.00017113953,0.00029818763,0.0033533291,0.0067278873,0.00058109453,0.000330621,0.015802883,0.61893195,1.0,0.06883513,0.0006283332,0.00028710542
0.00030063195,0.00041914798,0.0034679638,0.0058631804,0.0003696472,0.00017330702,0.018310616,0.67154,1.0,0.062950425,0.00058099645,0.0004232026
0.00030139028,0.00049253146,0.0034668148,0.0042858114,0.00027660953,0.00028108273,0.033742394,0.85257596,1.0,0.05419353,0.0007176932,0.00047962667
0.00074406917,0.0007761043,0.0031844152,0.0022689174,0.00044903837,0.0006709816,0.06346386,1.0,0.74632925,0.02586391,0.0010116264,0.0007947627
0.00048561272,0.00049028563,0.0024398593,0.0012060439,0.00023343985,0.0008790815,0.09372831,1.0,0.496823,0.010911867,0.00062616996,0.0005622155
0.0001830907,0.00030186056,0.0025511268,0.0011106322,0.00011591299,0.0007393073,0.096716136,1.0,0.44933805,0.007769464,0.00022109397,0.00018040846
8.551731e-05,0.00020570254,0.0021220425,0.0010394747,0.00010313852,0.00054487935,0.08896555,1.0,0.515548,0.011426995,0.00026538543,0.00011078034
9.306094e-05,0.00015977187,0.0021043434,0.0013486014,9.789927e-05,0.00036211422,0.06886774,1.0,0.66543186,0.018521251,0.0002375756,0.00013201933
8.314983e-05,0.00016546506,0.0023589085,0.0017431693,9.9403456e-05,0.00025887415,0.052985467,1.0,0.8013746,0.025764782,0.00025420776,0.000146441
6.827508e-05,0.00016178789,0.0028624735,0.0024399152,0.00018480138,0.00032647632,0.049657892,1.0,0.8471274,0.028843254,0.00031703373,0.00011139262
5.134592e-05,0.00013344096,0.003203304,0.0028438198,0.00019285294,0.00029926584,0.049243446,1.0,0.85230005,0.028916651,0.0003489236,0.0001287663
5.3755975e-05,0.00013985168,0.0023955188,0.0016236779,0.00013684793,0.0004948207,0.06407371,1.0,0.7158036,0.020990497,0.00023997531,9.5057265e-05
3.717259e-05,0.00020756127,0.0016921028,0.0007259024,0.00014082716,0.0011282995,0.1189651,1.0,0.4400541,0.009113123,0.00015910357,9.339273e-05
3.8287697e-05,0.00016784639,0.0010306829,0.0003037904,0.00013351468,0.0015448806,0.1611376,1.0,0.3125535,0.004399251,0.00018524397,9.360694e-05
3.816571e-05,0.0001358172,0.0010675931,0.00029551593,7.466963e-05,0.0013727846,0.14500624,1.0,0.32247767,0.0043735146,0.000100963465,0.0001034526
8.679733e-05,0.00024691588,0.0018547717,0.0005475726,0.00015390932,0.0017231551,0.15363884,1.0,0.31978717,0.004566449,0.00021324902,0.00024469974
0.00011838515,0.00056395936,0.0027779192,0.00073381193,0.00031521748,0.0027110723,0.20274046,1.0,0.25194123,0.003258622,0.00017004814,0.00017541065
0.00022809487,0.0016697634,0.0068327556,0.0014139893,0.00029818443,0.0037839804,0.262961,1.0,0.17894709,0.0018583331,9.171028e-05,0.00016919961
0.00024330587,0.001656073,0.007600308,0.0015375365,0.0003029553,0.0030690248,0.25218597,1.0,0.18324354,0.0018411449,0.00017794562,0.00016417507
0.00050755235,0.001608325,0.005892197,0.0013264772,0.00037606948,0.0031107764,0.24642855,1.0,0.19626927,0.0024715909,0.0004458147,0.00039465545
0.0006992769,0.0052376078,0.016537143,0.002967645,0.00067734864,0.0047130007,0.30769947,1.0,0.16210696,0.0021094542,0.0005386373,0.0005508387
0.00093537,0.021693794,0.04488895,0.0039092815,0.0007664747,0.01375703,0.5029844,1.0,0.10722675,0.0014178839,0.00037658287,0.00036078866
0.0019259921,0.046852518,0.061098192,0.0036189794,0.0012934846,0.034243837,0.8439646,1.0,0.05568678,0.00073917693,0.0004605901,0.00035313002
0.0067317467,0.07357001,0.04515273,0.0025200532,0.0036012905,0.08335811,1.0,0.7234969,0.025329623,0.00046769262,0.0008146956,0.0004979005
0.010137032,0.09497599,0.03466755,0.0018281768,0.004374483,0.13061361,1.0,0.43603006,0.010023043,0.00052944076,0.00136899,0.00052450615
0.007630921,0.08881981,0.03891561,0.0015168973,0.003616435,0.11166414,1.0,0.4762509,0.010740392,0.00024942766,0.0009979204,0.0004912705
0.004313277,0.06735387,0.043900438,0.0016387212,0.0027735215,0.0760296,1.0,0.680405,0.01977278,0.00018186716,0.0006210984,0.00037728393
0.0015867839,0.027294109,0.023989817,0.0011812947,0.0016261816,0.046114378,0.9813559,1.0,0.045793314,0.0004272719,0.0004401528,0.00021130084
0.00020905654,0.0036115758,0.005076496,0.00038322565,0.00039745154,0.021576274,0.6888079,1.0,0.06782445,0.0006423499,0.00013187075,6.104335e-05
9.7997494e-05,0.0016884163,0.0026961078,0.00015649856,0.00013187602,0.02195209,0.6929803,1.0,0.06471973,0.00038818145,6.0949125e-05,2.8056387e-05
0.00012655622,0.0021338356,0.0022869422,0.00013660993,0.00026789273,0.04112701,0.9342502,1.0,0.046551768,0.00026082975,6.2283114e-05,4.4226945e-05
0.00012630508,0.0028633925,0.0020587447,0.00015013317,0.0003798063,0.06025689,1.0,0.78012705,0.02616384,0.00020102493,0.00013728357,4.8245372e-05
0.00023486308,0.0033653674,0.0018114008,0.00010859342,0.0007188961,0.07526551,1.0,0.61479926,0.016096149,0.0001568449,0.00012143933,6.9537266e-05
0.0006502928,0.005604511,0.001802262,0.00017276406,0.001403313,0.12732923,1.0,0.39581916,0.007977164,0.00018141321,0.00015812163,0.00015850627
0.0010508365,0.0072518364,0.002010803,0.00022968475,0.0016364838,0.15788393,1.0,0.30192563,0.0043398836,0.00039341286,0.00038528498,0.00041732308
0.00094355864,0.0071139107,0.002551084,0.00020632052,0.0012535462,0.12143623,1.0,0.3983541,0.0076504014,0.00065867085,0.0005977245,0.0005443527
0.00075800525,0.006732791,0.0038350953,0.00030488038,0.00072401256,0.07210674,1.0,0.62285,0.01682453,0.0004591186,0.00042438006,0.00045177795
0.00036651667,0.0053471792,0.0035026977,0.00023289419,0.0004977128,0.061749704,1.0,0.68634284,0.018715907,0.0002093573,0.00019324654,0.00015940268
0.0003791764,0.0064145075,0.003189258,0.00013557675,0.0005441389,0.07330015,1.0,0.59500116,0.014236571,0.00011128208,5.1157283e-05,3.760054e-05
0.0011551107,0.011424809,0.0033217324,0.00012997091,0.0014027418,0.1220949,1.0,0.4001123,0.008384732,0.00015429028,7.055257e-05,8.145749e-05
0.0029819398,0.015994685,0.002592828,0.00019680698,0.0032880614,0.23960648,1.0,0.19835092,0.003479814,0.0007537151,0.00036365134,0.0003697077
0.0029488194,0.013645669,0.001786123,0.00022677929,0.003964249,0.29032186,1.0,0.15910515,0.0025317844,0.00072765315,0.0004053662,0.00040462363
0.0016962509,0.010028658,0.001456528,0.000212354,0.0034762898,0.2577281,1.0,0.18811786,0.0026893918,0.00024202304,8.595775e-05,0.00010735346
0.0012326365,0.009018509,0.0019206897,0.0003350897,0.0026293425,0.19816832,1.0,0.25728524,0.004235438,0.00046959103,0.00018859557,0.00016939314
0.0008482509,0.008811889,0.0037628445,0.00039709933,0.0014378631,0.11042896,1.0,0.48397917,0.011865411,0.0006943832,0.00031305477,0.00023301374
0.00034870266,0.0069879014,0.0050490852,0.00030686022,0.00058103586,0.056398608,1.0,0.7845724,0.025399942,0.0004050872,0.00014183419,7.582618e-05
0.00030221872,0.007398639,0.0047408934,0.00022807052,0.00057310687,0.058179244,1.0,0.7547064,0.023594556,0.00029438926,6.4630905e-05,2.791818e-05
0.0005023002,0.0075072427,0.003140754,0.00016449415,0.0011890739,0.11363206,1.0,0.4420463,0.010024247,0.00040403963,5.8409685e-05,2.4973506e-05
0.0012996598,0.008125404,0.0016131089,0.00013595774,0.0034237113,0.23953691,1.0,0.20901492,0.003964851,0.0005172649,7.2574534e-05,4.4745662e-05
0.0028429609,0.008555152,0.00074395933,0.00017529947,0.009942621,0.44751093,1.0,0.11354545,0.0010796542,0.00021351872,5.1632513e-05,4.743458e-05
0.0036747274,0.007190552,0.00041957884,0.00019771216,0.01688284,0.61614704,1.0,0.07393764,0.00061019266,7.7577446e-05,4.4251523e-05,6.1905484e-05
0.0022350147,0.0057085184,0.00049895584,0.00014364606,0.011478931,0.49693042,1.0,0.093245044,0.00084762904,0.000102728896,7.4829935e-05,9.149029e-05
0.001820117,0.0074477484,0.000898594,0.00013286564,0.0057191364,0.35317796,1.0,0.137977,0.0013929112,0.00014688821,0.000116912415,0.00012479008
0.001984491,0.010685872,0.0015388727,0.0001772692,0.0037883495,0.26946574,1.0,0.18290752,0.0020125962,7.751666e-05,5.5406195e-05,7.687266e-05
0.0018759804,0.00995606,0.001362834,0.00023555703,0.0041177403,0.2829806,1.0,0.17484486,0.0019165697,4.952044e-05,4.0135652e-05,6.494129e-05
0.0020612988,0.008045826,0.0008584364,0.00017738527,0.00627932,0.35923398,1.0,0.13648896,0.0012408452,7.867294e-05,6.043378e-05,8.933852e-05
0.003244499,0.0076800995,0.00061887945,0.00019826052,0.012535305,0.496916,1.0,0.11093586,0.00092078175,0.00010382981,7.6631135e-05,0.00013527498
0.0038474195,0.004712888,0.00034838333,0.0005054388,0.040967215,0.86098415,1.0,0.061919335,0.00071626116,0.00018719307,0.00014741039,0.0003140174
0.0072271647,0.00377883,0.00040789493,0.00092461327,0.08848462,1.0,0.6154937,0.021851914,0.00071875675,0.0003930948,0.00033418302,0.00076478283
0.0108375335,0.004355786,0.0002254953,0.0011296242,0.10772974,1.0,0.45121136,0.009880494,0.00043521408,0.00019143603,0.0001563656,0.0008091697
0.012523852,0.0069358577,0.00029884564,0.00085351785,0.08214178,1.0,0.6276666,0.019457467,0.0008094704,0.0002431314,0.00014143596,0.0007378277
0.0077734995,0.009764405,0.00050721294,0.00041593576,0.037498936,0.80825406,1.0,0.06667068,0.00096344814,0.00031546445,0.00014837341,0.0003722956
0.003029927,0.011173828,0.0011797933,0.00017512913,0.008251906,0.4012786,1.0,0.121306285,0.001391216,0.00022905218,9.819949e-05,0.00012703594
0.002581716,0.013773728,0.0018433292,0.00017580607,0.0049649887,0.3140548,1.0,0.15404788,0.0014910928,0.00018030849,9.892485e-05,4.9433067e-05
0.004098531,0.015199413,0.001649461,0.00044571722,0.0061848443,0.34622362,1.0,0.13856316,0.0013619767,0.00024087445,0.00016959291,0.00011250064
0.0076874807,0.015167982,0.001393177,0.0010546152,0.01694323,0.5689603,1.0,0.08727247,0.0010271032,0.00030269191,0.00010854088,0.0002828673
0.013398592,0.013293469,0.00074915384,0.0010915544,0.050549876,1.0,0.99990785,0.04961535,0.001150281,0.0008616921,0.0001483052,0.0004525895
0.013514754,0.008017548,0.00025177284,0.00075514487,0.06959818,1.0,0.6598152,0.018941842,0.0009283721,0.00070654036,0.00010583916,0.0006377613
0.016646877,0.0058516585,0.00021446706,0.0011079126,0.112920225,1.0,0.40324426,0.008158822,0.00037759243,0.000238266,7.403716e-05,0.0013428227
0.017819988,0.0045967572,0.00020888812,0.0016222826,0.14309414,1.0,0.31056115,0.0046482896,0.0002346708,0.00014833713,5.4203192e-05,0.0016908448
0.020620871,0.0088384515,0.00026462757,0.0016012089,0.10803499,1.0,0.46194634,0.010384857,0.00034630005,7.691343e-05,2.8760083e-05,0.001334613
0.021259187,0.018981298,0.0006716249,0.0008907625,0.053770784,1.0,0.9219908,0.040267795,0.00061379606,0.00012363667,4.5054705e-05,0.00078816403
0.007376696,0.01476299,0.0010093215,0.0002548449,0.0154133225,0.54941016,1.0,0.090620786,0.000888718,0.00020552034,8.0686616e-05,0.00022201735
0.0034260903,0.014000111,0.0014476602,0.0002838907,0.0064081624,0.35957485,1.0,0.128724,0.001567624,0.00045848035,0.00013842026,0.00015033185
0.005345855,0.017893404,0.001565913,0.00031830414,0.008156792,0.42449126,1.0,0.10344603,0.0013438439,0.00037520233,0.00010575427,0.00016531482
0.014050044,0.02260456,0.0011867742,0.00030438765,0.019179512,0.633743,1.0,0.073134765,0.0010716547,0.00030533486,0.00016546164,0.0004694381
0.025067499,0.022450866,0.00075810286,0.00047080996,0.04447344,1.0,0.98554367,0.04292936,0.00085322506,0.00036122632,0.00026571477,0.0010058497
0.02374966,0.015630346,0.00058915414,0.0009015506,0.064959764,1.0,0.6698961,0.019799888,0.00055346807,0.00018429672,0.00015165318,0.0011149398
0.027053015,0.01066829,0.0004226803,0.0011338553,0.09388861,1.0,0.4504649,0.008584863,0.00042213773,0.00019952912,0.00017759879,0.0019017571
0.032288913,0.018117327,0.00052208063,0.0010900219,0.07882167,1.0,0.5705845,0.014990752,0.00067215966,0.00034269594,0.0002557175,0.0018214076
0.03343343,0.035957996,0.001364749,0.0008342593,0.042608,0.95611614,1.0,0.04717142,0.0009525148,0.00037799033,0.0002538475,0.0012075858
0.012161063,0.03131415,0.0031326837,0.0005232168,0.0121922875,0.43030682,1.0,0.12471308,0.002301137,0.00046440362,0.00021597736,0.00048677437
0.003866132,0.026301594,0.0058356724,0.0005886271,0.0037139226,0.18768433,1.0,0.24842039,0.0052782744,0.0008032098,0.0003367738,0.00033621755
0.0040776115,0.025868341,0.0049576913,0.000303118,0.0021057737,0.17849757,1.0,0.24275947,0.0048240772,0.0010433412,0.0008463776,0.00036243146
0.012110306,0.03404223,0.0029666657,0.00037287088,0.011993516,0.41883707,1.0,0.10902936,0.0024918937,0.0006545705,0.0005436346,0.0004895887
0.020256275,0.01976713,0.0009807172,0.00099972,0.058691047,1.0,0.8926527,0.03882165,0.0006410503,0.0003761089,0.00020081735,0.0009711171
0.01924818,0.0062296223,0.0002548011,0.002817629,0.11664337,1.0,0.36665198,0.008334402,0.00028036148,0.0004680663,0.00012714592,0.0019059357
0.017444888,0.0039607184,0.00021423059,0.0030336373,0.14824021,1.0,0.23266011,0.0032096277,0.00035730485,0.00059481227,0.00013850727,0.001993146
0.017173272,0.0073134596,0.00021743822,0.001216136,0.08142772,1.0,0.45572457,0.00856038,0.0003033943,0.00059828727,0.00016905893,0.001129882
0.013509366,0.011303794,0.00037459357,0.000549526,0.044162154,1.0,0.80526304,0.02304818,0.00054464507,0.0005995876,0.00028281822,0.0005501215
0.005362009,0.011299581,0.0008263614,0.00035025942,0.02664658,0.75703996,1.0,0.057188757,0.00096829335,0.0004522537,0.00028884254,0.00013967778
0.002338326,0.00957593,0.0012972268,0.001546459,0.030152922,0.57067686,1.0,0.08621019,0.0012224353,0.00040120413,0.00035210996,6.484165e-05
0.0015542388,0.0037794395,0.0058678733,0.0569702,0.3342819,1.0,0.713724,0.052282248,0.0007169579,0.0011026582,0.0009231912,0.00010347359
0.000467886,0.002183374,0.021953002,0.21930419,1.0,0.8621132,0.26514226,0.025226256,0.00078945816,0.0010257562,0.0006507102,0.00010173287
0.0003890297,0.002189573,0.022809554,0.2052052,1.0,0.3872659,0.03027428,0.0027762007,0.00052318536,0.0003023207,0.00019444496,0.00019042517
0.0012535761,0.0020761827,0.00885275,0.30079603,1.0,0.30979,0.062376555,0.008364083,0.0025034847,0.00063109584,0.0007510259,0.0011222413
0.00083957706,0.0011701075,0.001814068,0.038529295,0.5816367,1.0,0.30371782,0.016158788,0.0013075303,0.00029141956,0.00029177027,0.0005649074
0.0006924378,0.0006237172,0.00043837025,0.011879552,0.35434985,1.0,0.29897976,0.007814763,0.0005757855,0.00020571332,0.00015984816,0.00026996335
0.000995372,0.000820657,0.00034508615,0.0053472756,0.1830682,1.0,0.5566037,0.030847494,0.00084688765,0.00030861615,0.00016906142,0.00019587336
0.0010243041,0.002168745,0.0002983393,0.0014817116,0.042180255,0.71536106,1.0,0.09584769,0.0020658877,0.00092159637,0.00048667274,0.0001516252
0.0009374698,0.0033568877,0.00037064232,0.00066068186,0.0093078865,0.37869906,1.0,0.16448088,0.0021666102,0.0013790102,0.002229296,0.00021225247
0.00069260626,0.003655848,0.00060038094,0.0013244204,0.007371307,0.26859596,1.0,0.22768031,0.002961325,0.0026009504,0.0068556857,0.0005041696
0.00080191804,0.0047946144,0.0008371378,0.0020045454,0.0072551114,0.22649175,1.0,0.23443572,0.003497656,0.0026270314,0.00741022,0.0005521734
0.002157582,0.0058246637,0.0005665378,0.0020472503,0.020219952,0.5048234,1.0,0.121954225,0.001730561,0.004328402,0.005392638,0.00025796145
0.0039095124,0.0047664605,0.00030721718,0.0016397029,0.03539404,0.8311353,1.0,0.06264321,0.00086295785,0.007624405,0.0049061333,0.00021733918
0.005652936,0.004855002,0.00039843883,0.001615737,0.047758013,1.0,0.99579614,0.046131127,0.0010434753,0.0070225243,0.0034873371,0.00033822682
0.0062844516,0.003969301,0.00033711194,0.0014904873,0.06594559,1.0,0.7396363,0.025352905,0.0008466763,0.0050476454,0.0018761754,0.0003938217
0.0063786013,0.003244583,0.00023691909,0.001089333,0.076854065,1.0,0.57969105,0.014468129,0.00068170234,0.0029325415,0.00083119335,0.0003430884
0.0068829483,0.0046747844,0.00026450257,0.0006205117,0.06111883,1.0,0.7047757,0.020837173,0.00054097973,0.0012544576,0.00039920092,0.00027229424
0.0064182696,0.008125458,0.00039365565,0.00024215246,0.03308182,0.8725308,1.0,0.049317133,0.00034770908,0.0007418158,0.0004033611,0.00017281686
0.0047767437,0.0099917995,0.0005560029,0.00015313883,0.013992922,0.5932108,1.0,0.06308928,0.000535908,0.0004083544,0.0003466099,0.00011482052
0.00459344,0.011211297,0.00070223305,0.00018714293,0.008996615,0.48687586,1.0,0.07335727,0.00054661284,0.00026896087,0.00026317599,0.000119587836
0.004216466,0.008820535,0.00046646394,0.00010779021,0.00966173,0.51656,1.0,0.06674434,0.000335174,0.00020015855,0.00021823613,9.793839e-05
0.0057385834,0.008305738,0.00033333752,0.00017836114,0.013456093,0.62411416,1.0,0.0526303,0.0002525061,0.0003319377,0.0003004432,0.00015839262
0.014422219,0.01057407,0.0003143171,0.00029907236,0.03964296,1.0,0.99666035,0.03401577,0.00033325786,0.00065698195,0.00032453175,0.0006898936
0.017704975,0.0050020274,0.0001292614,0.0009705258,0.105651915,1.0,0.4088473,0.0071663475,0.0003810854,0.00084562757,0.0001894486,0.002098836
0.019416865,0.002122168,0.00020561634,0.0033424492,0.26921543,1.0,0.15167266,0.0014462997,0.00072294916,0.0009562602,0.00014634422,0.0057101673
0.027179763,0.0014571311,0.0003334268,0.0070055835,0.4637701,1.0,0.06780965,0.00067589444,0.000555903,0.00060162594,0.00019914928,0.01260355
0.04759005,0.0027237963,0.00042028635,0.009330811,0.5357257,1.0,0.058780942,0.0007882422,0.0008143346,0.00039058088,0.0003776973,0.022128979
0.07126644,0.010010824,0.00038371971,0.0039593372,0.28568703,1.0,0.13333866,0.0019949782,0.0011527451,0.0006838276,0.00029517114,0.015824003
0.07648158,0.019410176,0.00040301352,0.0015087473,0.123350084,1.0,0.26163846,0.0039071506,0.0007228477,0.0008187617,0.00025439492,0.007868569
0.077756554,0.03263025,0.00050981686,0.00083104847,0.07750845,1.0,0.41308072,0.0063667255,0.00032457898,0.0007544093,0.0002503598,0.0045935814
0.092685685,0.051461436,0.00072777615,0.0005752114,0.053619795,1.0,0.5681912,0.009615514,0.00013827696,0.0005209445,0.00017738686,0.0037847885
0.12691186,0.057407364,0.0007756542,0.0006445519,0.06460385,1.0,0.5136303,0.009107226,0.0003221249,0.00024691733,0.00011008354,0.0073712054
0.18088578,0.037303,0.00039428668,0.002225077,0.1855619,1.0,0.2434854,0.0035098062,0.00052605115,0.00020541821,0.00030056757,0.028582435
0.2095182,0.014182196,0.00027764076,0.008294346,0.4495251,1.0,0.08719587,0.0014719479,0.00068645115,0.00042436155,0.0012495475,0.08870016
0.28363806,0.010979062,0.000275872,0.015013268,0.6587482,1.0,0.05731438,0.0027623577,0.0007751785,0.0005332572,0.0025707735,0.16863263
0.32702854,0.016733795,0.00029373515,0.012449736,0.57097715,1.0,0.06371069,0.003959117,0.0009246923,0.00091432343,0.0022028026,0.15772308
0.3369024,0.03245208,0.00036617965,0.005100474,0.32894278,1.0,0.116598055,0.0037557627,0.0011493566,0.0019008812,0.0009271957,0.08857879
0.29801747,0.041252334,0.00035348153,0.0021053315,0.20821127,1.0,0.1678667,0.0028732202,0.00086735457,0.0017059622,0.00040685918,0.048345823
0.28051424,0.039376363,0.00037572355,0.0024739136,0.22289534,1.0,0.17056508,0.003002695,0.0009236571,0.0012529171,0.00045638633,0.04799281
0.30822054,0.024922721,0.00050114986,0.007323297,0.40682235,1.0,0.106621526,0.002870114,0.0028749164,0.0033178586,0.0014467457,0.11232939
0.32527193,0.012724331,0.0006938644,0.017458303,0.67795026,1.0,0.055487953,0.0030040974,0.0065033105,0.005093311,0.0033744315,0.19820781
0.18732914,0.0075190146,0.0019178666,0.031277865,0.7911178,1.0,0.047088183,0.0023271358,0.0063663526,0.0047480706,0.0022542581,0.11340453
0.055106286,0.006804566,0.01963655,0.1459312,1.0,0.8049684,0.048047516,0.004918633,0.0034287013,0.002518063,0.00088037556,0.031227937
0.018406287,0.021587964,0.06968608,0.27449453,1.0,0.68838984,0.14706749,0.028930437,0.00532551,0.0017953088,0.0011053468,0.00828844
0.003139901,0.007179614,0.018052442,0.032828107,0.38060114,1.0,0.22087598,0.016281528,0.0051337373,0.0010197676,0.0007238059,0.001539442
0.010771135,0.00089569885,0.002906419,0.03162296,0.359031,1.0,0.29652807,0.03541763,0.0066867257,0.0016194555,0.001409102,0.014987727
0.018673072,0.00081129477,0.000759131,0.019499477,0.51528704,1.0,0.14360884,0.006767327,0.0018567598,0.00068255,0.00080653175,0.019502537
0.041283894,0.0045720073,0.0006493432,0.013867012,0.48227945,1.0,0.12021171,0.0029562535,0.0009924306,0.000508179,0.00044776328,0.018854119
0.09892948,0.044846002,0.0011504274,0.0033087232,0.16223499,1.0,0.36076024,0.0078066792,0.0003487126,0.00026846636,0.00015703148,0.009705507
0.1311802,0.15947872,0.0053540575,0.0010409964,0.039448634,1.0,0.9996952,0.03626439,0.00041817588,0.00025134184,0.00017191582,0.0034308701
0.16790812,0.21087123,0.0075332187,0.0006616451,0.025422316,0.79723066,1.0,0.04176949,0.0002848175,0.00022973365,0.00021958162,0.0056789923
0.34693256,0.15175392,0.0037520893,0.008086207,0.20475097,1.0,0.5474337,0.019211251,0.00044047897,0.0003040524,0.002603338,0.08893077
0.35039538,0.02444316,0.0010809334,0.06999531,1.0,0.7679086,0.06995009,0.002627273,0.0010556354,0.0005321563,0.033506423,0.53763825
0.28349137,0.0060787736,0.0008132022,0.07139976,1.0,0.5494184,0.018078351,0.00089636416,0.0010925654,0.0004580124,0.031774383,0.5327953
0.45007774,0.03512861,0.00050257775,0.021940175,0.60834956,1.0,0.09984503,0.0013389583,0.0008092535,0.0005123046,0.0069803097,0.2575969
0.39936176,0.06353418,0.00046771008,0.0030041202,0.22039612,1.0,0.17440696,0.0016880723,0.0001851094,0.00015708734,0.0006085991,0.06895121
0.39795172,0.049449563,0.00043706744,0.004608995,0.29009855,1.0,0.15024188,0.0015904808,0.0001686606,0.00017862985,0.0011109506,0.10578888
0.5154075,0.020864228,0.00076024176,0.022780158,0.77498245,1.0,0.05931444,0.0021700733,0.0007910428,0.002153396,0.009146752,0.38412905
0.40721104,0.008351788,0.0010316963,0.04715064,1.0,0.7070243,0.019739341,0.003538352,0.0036472387,0.0048295767,0.02220832,0.56125635
0.3280762,0.0062233666,0.0010696462,0.05473824,1.0,0.6642829,0.021846825,0.0039471826,0.0076105013,0.0053572482,0.02484202,0.5355711
0.24738024,0.01320586,0.00080901245,0.018078879,0.56310034,1.0,0.08065949,0.0019822451,0.0028615477,0.002322866,0.006252185,0.17732365
0.049326263,0.0046529067,0.0032412615,0.049371995,0.6215413,1.0,0.08253477,0.0008047534,0.0004740975,0.0006087982,0.00043398974,0.015991557
0.0061151315,0.001398727,0.012586193,0.15665601,1.0,0.8821928,0.06394751,0.0019538999,0.0009857222,0.00059706176,0.00017130308,0.0022773896
0.0015554441,0.0011743602,0.011189026,0.1909722,1.0,0.48644173,0.027753193,0.0032217444,0.0010232012,0.00036605602,0.00021834196,0.0015960555
0.0002951597,0.0004799917,0.0031736232,0.114271015,1.0,0.7568873,0.0734356,0.003066717,0.0003371367,0.00016963661,0.00014210392,0.00041997246
8.620061e-05,0.00022369146,0.0011538455,0.038941406,0.46256217,1.0,0.33003715,0.01825805,0.0002676028,0.00012782503,3.4364602e-05,6.038769e-05
0.0002102441,0.00025248894,0.00045652347,0.006156428,0.08796188,1.0,0.8870959,0.04672548,0.00068168715,0.00018791383,3.362796e-05,4.2236443e-05
0.00016064219,0.00023620496,0.00020076247,0.00088269514,0.08195843,1.0,0.84642744,0.0412261,0.0005441485,7.7781886e-05,2.4002637e-05,2.9239083e-05
0.00012524838,0.00013270784,0.00015730289,0.0021944947,0.09514701,1.0,0.7336572,0.0334093,0.00029624018,5.5190314e-05,1.5440022e-05,3.351373e-05
0.00011750322,0.00015995078,0.00052961666,0.007943557,0.20155945,1.0,0.43470043,0.020736625,0.00035458957,5.5910474e-05,3.3290587e-05,5.318618e-05
0.0010456644,0.0012437641,0.0022793035,0.0460147,0.3988758,1.0,0.4905966,0.13565388,0.03190236,0.01046346,0.0024627696,0.0008444237
0.00075097516,0.00045454805,0.00076803786,0.01390431,0.16840395,1.0,0.75351685,0.06932448,0.014704361,0.004425384,0.0014173061,0.0005827218
0.00029894806,0.00031762107,0.00041745257,0.0025787586,0.07858884,1.0,0.92284566,0.05036923,0.001662519,0.00037358064,0.00017352986,9.0196496e-05
0.00010208779,0.00030192256,0.00016822104,0.00037216788,0.014045912,0.42709252,1.0,0.14463457,0.0017029761,0.00013923622,7.4649695e-05,4.011355e-05
7.800932e-05,0.0004539152,0.00014933237,0.00011682668,0.0020533714,0.15722476,1.0,0.2730879,0.0034923644,0.00042745614,0.00016697131,6.937189e-05
0.0011411592,0.0031428053,0.00036898963,0.0002296306,0.0037085991,0.1805502,1.0,0.2497566,0.0035603673,0.0005480673,0.00014184884,8.442149e-05
0.022955177,0.031291395,0.0014961238,0.00068868,0.03655399,0.6303518,1.0,0.10823543,0.0016629599,0.0004088592,0.000114099996,0.00067446387
0.050144065,0.0411482,0.0016336262,0.0021236346,0.13360783,1.0,0.5219692,0.018796703,0.0004368135,0.00011905624,6.184091e-05,0.0023851634
0.021362172,0.0074884426,0.000682921,0.0037400671,0.20167306,1.0,0.27797052,0.0050215446,0.00063595944,0.00022497072,0.0001887118,0.0020124328
0.008234723,0.0024436421,0.0057445313,0.048537325,0.46457303,1.0,0.23388617,0.00900201,0.0019430564,0.00077783124,0.00070114667,0.0019426153
0.0070352415,0.011604481,0.048230056,0.28358865,1.0,0.76697993,0.20415194,0.019602628,0.00427515,0.00153072,0.0012855161,0.002543205
0.009290166,0.030346952,0.09589889,0.3287865,1.0,0.7469139,0.11078225,0.008308464,0.0055434797,0.001602604,0.0015136865,0.0030916645
0.0010043902,0.0011236046,0.0033931972,0.013662898,0.20203172,1.0,0.59774333,0.04737545,0.009190353,0.0027706802,0.0011364437,0.0011805824
0.00089845934,0.0027309938,0.0013245796,0.0020005335,0.011814025,0.23393565,1.0,0.5865637,0.09011065,0.0058733695,0.004273325,0.0013917446
0.00073151523,0.006044764,0.0016390096,0.0009346212,0.0074119703,0.17934643,1.0,0.4792305,0.03764453,0.003835794,0.0056356178,0.0007152716
0.0010287686,0.00814994,0.0016457814,0.00068969215,0.004124529,0.12931462,1.0,0.32930624,0.0061968584,0.0012847326,0.0041045374,0.00042803865
0.0012010103,0.008081151,0.001550343,0.00033594106,0.0013252334,0.10255651,1.0,0.38063228,0.006027341,0.00057891407,0.0018396117,0.00020537672
0.005903152,0.018152757,0.0021861983,0.00048277396,0.0025438818,0.16840598,1.0,0.31052008,0.0049550817,0.00047198663,0.0011456885,0.00020522063
0.060887948,0.055959314,0.002654423,0.0017556363,0.026296832,0.5972979,1.0,0.14018755,0.002863062,0.0009945383,0.00079160696,0.0030953619
0.1902519,0.07881406,0.0074003087,0.013444235,0.13715774,1.0,0.63162345,0.033201955,0.005391965,0.0036817875,0.0034402446,0.02183735
