0.024134964,0.04143337,0.04188401,0.041083105,0.08631236,0.3190337,1.0,0.5749411,0.110129036,0.049924996,0.075790875,0.025952918
0.024261907,0.044702627,0.03425396,0.01934985,0.03143212,0.17119671,1.0,0.4992643,0.05579009,0.029955965,0.05916588,0.01624329
0.017120926,0.03800484,0.018773163,0.011548004,0.030549029,0.28662992,1.0,0.41317943,0.053958826,0.02449796,0.022010984,0.0070808004
0.011710396,0.022030676,0.013218161,0.010248932,0.055640187,0.50856894,1.0,0.33099017,0.07910395,0.025237698,0.012707731,0.005915977
0.003211667,0.006686836,0.0073277126,0.004977101,0.022207845,0.13888828,0.5445282,1.0,0.22181763,0.014290072,0.0055658533,0.0022164136
0.0004884725,0.0015250219,0.0024035147,0.0018758969,0.008261624,0.040978406,0.10133356,1.0,0.58312094,0.02881615,0.0054096286,0.00071345025
0.0001739118,0.00051311305,0.0014181118,0.0007505991,0.017493963,0.0840809,0.09348723,1.0,0.6344728,0.022870729,0.003994962,0.00052176137
4.941378e-05,0.00034589277,0.0010795614,0.00055297295,0.02103818,0.06289222,0.27190182,1.0,0.29950932,0.008338603,0.0014281312,0.00032961153
3.5902674e-05,0.0003515722,0.00064303685,0.0004077212,0.0114555545,0.035900176,0.6541996,1.0,0.09201763,0.002258294,0.0003899024,0.00018711001
6.9226444e-05,0.001022677,0.0010462467,0.00045435445,0.006178028,0.043163672,0.9148749,1.0,0.058281757,0.0047439532,0.0006359695,0.00024731827
0.0002308219,0.0018793391,0.0012864681,0.00071077095,0.006672042,0.06825621,1.0,0.76755077,0.052658632,0.013896587,0.001599722,0.00035249762
0.00021685798,0.0020739073,0.0016416594,0.0009914545,0.012203469,0.06563043,1.0,0.8296342,0.055447552,0.012472203,0.0012765453,0.00037344891
6.7520494e-05,0.00079728087,0.0012440596,0.0006075587,0.0110200355,0.029622905,0.6235596,1.0,0.106820405,0.004064828,0.00039798973,0.00023305925
3.2511784e-05,0.0004187121,0.0008376806,0.00031077428,0.0053044995,0.019475734,0.4426966,1.0,0.144254,0.0024116328,0.0003262426,0.00019580664
0.0001378774,0.0009861479,0.00078781234,0.00097465765,0.012120766,0.15523216,1.0,0.921712,0.09622615,0.0023045521,0.00055090507,0.00020167614
0.0013256652,0.0012681767,0.00065216224,0.0016520721,0.02524643,0.3843817,1.0,0.33146185,0.019502414,0.001658232,0.0014899262,0.00088658143
0.07026071,0.04030071,0.01334125,0.014829811,0.096229106,0.5888048,1.0,0.38012484,0.08604491,0.020643886,0.028069189,0.029754652
0.5969223,1.0,0.9954024,0.21527822,0.17726208,0.16530198,0.3893084,0.95556265,0.50593513,0.15556073,0.15285997,0.17927016
0.04734297,0.2809674,1.0,0.25476995,0.048720416,0.040693596,0.12073234,0.18355852,0.14510079,0.039261527,0.028253177,0.02091551
0.058224786,0.24664952,1.0,0.3338919,0.046268858,0.024534198,0.18755476,0.31285608,0.13576931,0.030205013,0.023951707,0.015194543
0.32066017,0.6254617,0.92610633,0.30700123,0.059861004,0.08229368,0.7368411,1.0,0.5672048,0.10607235,0.07844124,0.06663493
0.06802554,0.2206661,0.34316596,0.0655756,0.023512349,0.07061138,0.4425713,1.0,0.89638823,0.083996974,0.04846755,0.030619085
0.014249981,0.034602758,0.06440726,0.02252125,0.012078164,0.044291154,0.2626579,1.0,0.5736299,0.030966142,0.015938204,0.009935231
0.00994416,0.020783594,0.023572747,0.008389815,0.012654746,0.05991858,0.6151787,1.0,0.6300397,0.037866198,0.010615852,0.0085165985
0.0038034918,0.005214675,0.007413134,0.0037426893,0.005577457,0.019781621,0.2806407,1.0,0.45623136,0.016987938,0.004039786,0.0025906777
0.0025659732,0.0051468215,0.009648726,0.0039836136,0.006467976,0.014800802,0.12610538,1.0,0.5286959,0.0181054,0.0031909875,0.0011861429
0.006356933,0.014894422,0.011770553,0.0037744732,0.009852298,0.033664715,0.23052943,1.0,0.5856465,0.025279786,0.0059037604,0.0026240153
0.020825457,0.05793848,0.03730737,0.015061709,0.03662371,0.16300724,0.6223793,1.0,0.92583406,0.06503038,0.029004475,0.015650444
0.010768944,0.04579562,0.021131115,0.015183014,0.04431,0.2909233,0.8857748,1.0,0.7660493,0.06593981,0.04292575,0.012091272
0.013332631,0.037149496,0.017356794,0.013921924,0.03317105,0.19297199,0.48476148,1.0,0.6123165,0.050456006,0.035074383,0.0132127
0.022557056,0.03098281,0.021975454,0.013392178,0.02508252,0.18289872,0.92669755,1.0,0.4498768,0.06342012,0.042830344,0.017342435
0.009068881,0.016099066,0.023241514,0.009829913,0.015129129,0.077911206,0.38280794,1.0,0.77096325,0.053375814,0.018441204,0.008005118
0.005946894,0.0072999443,0.008264434,0.0028341822,0.0046559866,0.021903811,0.25124866,1.0,0.5991899,0.025196876,0.004193013,0.0036738385
0.0058855354,0.01048564,0.007350783,0.003724349,0.0065346854,0.016830796,0.2358971,1.0,0.52322525,0.020165276,0.003772607,0.0033848758
0.051041134,0.06809889,0.04049073,0.023122877,0.047218736,0.09388668,0.26206616,1.0,0.9541066,0.06876654,0.032331903,0.02533096
0.26300478,0.19054465,0.092843115,0.07124487,0.11366284,0.23425594,0.3850493,1.0,0.85793126,0.13874301,0.10762017,0.12796833
0.19835675,0.11616072,0.06590415,0.07906455,0.14170478,0.3069288,0.47053084,1.0,0.62088674,0.23514499,0.34207577,0.35305735
0.09411317,0.06991787,0.07282852,0.058011793,0.10793982,0.21855615,0.73768383,1.0,0.42503363,0.37382844,0.49234074,0.3041852
0.15588559,0.11529981,0.11963928,0.17013155,0.2012999,0.3204564,0.8392584,0.778325,0.7873502,1.0,0.89959544,0.38017875
0.112389445,0.1323589,0.09095054,0.13909754,0.17919518,0.27583697,0.5353246,1.0,0.9994523,0.7642934,0.49002796,0.19008668
0.08253912,0.106059395,0.09900262,0.054522485,0.117825635,0.19365625,0.36608428,1.0,0.73978627,0.30005664,0.18964788,0.09682108
0.07815138,0.093513794,0.09993695,0.052022327,0.14419213,0.24486971,0.43641007,1.0,0.7997009,0.39611632,0.31890786,0.16487528
0.11098497,0.0829662,0.08423697,0.060567804,0.08258898,0.14155908,0.26855114,0.5427045,0.73303765,1.0,0.55183,0.25745755
0.2756223,0.10095031,0.04433163,0.053693615,0.037604745,0.06297079,0.084964626,0.051846553,0.1177558,0.5152582,1.0,0.87558126
0.4723055,1.0,0.7713725,0.10150796,0.007221726,0.006759987,0.009407916,0.007450439,0.012280777,0.069284774,0.18918113,0.266262
0.206242,0.6292016,1.0,0.42298362,0.02897387,0.00093364215,0.0011724472,0.0023918839,0.0016271623,0.004157108,0.013842175,0.051000223
0.022540845,0.08173032,0.39304605,1.0,0.18311147,0.002418369,0.0003550621,0.00079408917,0.0023538363,0.0009398965,0.0016882595,0.008025555
0.0019489569,0.011564574,0.1681197,1.0,0.2456196,0.0028306672,0.00024846263,0.00050201686,0.0020138787,0.0005966887,0.00089113775,0.00044602063
0.043373298,0.18415245,0.38162273,1.0,0.26591548,0.0035142086,0.000424619,0.00057974237,0.0013741202,0.00077793445,0.0029294337,0.0060253777
0.4190404,1.0,0.5392779,0.6526935,0.22169502,0.009193031,0.001591573,0.0007059656,0.002101528,0.0063817566,0.027485367,0.06829569
0.8317048,1.0,0.407424,0.75998855,0.18965538,0.023480503,0.0064792903,0.002860313,0.006332384,0.015541262,0.06907677,0.21190767
0.74880606,1.0,0.67526984,0.6080825,0.19663906,0.02371859,0.012220379,0.03041161,0.024334986,0.02685155,0.11467169,0.5502999
0.65379494,0.9011605,0.5844523,1.0,0.22367229,0.027228234,0.018693415,0.08273307,0.07969926,0.06094184,0.057376314,0.18239065
0.25838143,1.0,0.74880475,0.63974786,0.3786893,0.4501939,0.21173538,0.13576794,0.25043845,0.5852525,0.5731678,0.15834327
0.37222317,1.0,0.47112924,0.1622141,0.16901647,0.24334036,0.10778614,0.078053184,0.087707736,0.2180418,0.27821362,0.18310013
0.5328873,0.51316524,0.30463275,0.30114758,0.26473314,0.1515057,0.09797711,0.23881477,0.338136,0.4240195,0.6431943,1.0
0.45399398,0.46293882,0.23978718,0.265053,0.31618804,0.13479295,0.10514571,0.3354972,0.40534896,0.43325496,0.6665939,1.0
0.79073197,1.0,0.72670704,0.51383597,0.3707042,0.1761805,0.15892014,0.26310718,0.3198132,0.26418832,0.37362692,0.776127
0.44948262,0.7546199,1.0,0.79966486,0.9131143,0.8898279,0.6391047,0.3460019,0.78889424,0.5524878,0.315018,0.29030022
0.09907955,0.49597803,0.37624642,0.17593865,0.29689732,0.53967994,1.0,0.5420487,0.27864194,0.2872691,0.26874596,0.05912058
0.1321022,0.9332864,0.7008322,0.08064573,0.077059135,0.14075957,0.7662326,1.0,0.10939747,0.04861653,0.0811418,0.045691144
0.08932318,0.36141688,0.2626046,0.02329951,0.053768855,0.21235046,0.86301786,1.0,0.11329018,0.017300323,0.020055212,0.02611421
0.009370102,0.016041568,0.019250559,0.018637162,0.12662692,0.55059063,1.0,0.59785324,0.06960256,0.016175492,0.01255829,0.009191337
0.023405472,0.0300828,0.029675838,0.06143814,0.39009634,1.0,0.70937455,0.45633993,0.083494194,0.04702236,0.031547543,0.014310933
0.2671969,0.5876718,0.49037075,0.4563273,0.6174693,0.61406857,1.0,0.86694086,0.33429408,0.23936234,0.27874804,0.20131798
0.16788006,0.45903587,0.37652725,0.2263333,0.35042256,0.37979552,1.0,0.5901383,0.16689923,0.21816325,0.25369227,0.1779005
0.11540609,0.32978618,0.4789936,0.1763247,0.19302762,0.2741847,0.77611834,1.0,0.18229835,0.1692589,0.22513767,0.15065978
0.24676657,0.8367579,0.58892715,0.13056116,0.102582015,0.21113391,0.5555634,1.0,0.24885291,0.19427693,0.327874,0.22480102
0.17008114,1.0,0.7430542,0.1886877,0.08332175,0.1221308,0.375498,0.5916761,0.22661698,0.13433842,0.16724764,0.1263586
0.11619464,0.9286275,1.0,0.4224415,0.21324374,0.24881513,0.33015636,0.5466691,0.29149386,0.15464051,0.15644208,0.1628928
0.089177154,0.2419105,0.32590044,0.2973196,0.3418013,0.4007996,1.0,0.9724607,0.48835054,0.32654184,0.16309415,0.23544765
0.07964907,0.31407726,0.49885854,0.14933276,0.12204844,0.2947566,1.0,0.93453693,0.32818577,0.20168984,0.09562628,0.17247264
0.098291576,0.5579127,0.5856407,0.13012262,0.15655422,0.5483385,0.72709256,1.0,0.377661,0.17130508,0.06763219,0.1530207
0.15032706,0.77624214,1.0,0.21468338,0.50315917,0.75028104,0.78250283,0.9158993,0.4849785,0.24942963,0.17442663,0.25939396
0.1527753,0.5482322,0.6141767,0.42151803,1.0,0.8369244,0.7076719,0.68490946,0.4869676,0.38747928,0.45349473,0.36110234
0.11734043,0.18306842,0.2729646,0.43241042,0.733334,0.78573936,1.0,0.83223164,0.6352939,0.38111094,0.33588734,0.16556215
0.03311028,0.03432552,0.052601755,0.36108106,1.0,0.6517368,0.23579113,0.16684498,0.16856502,0.15638447,0.123714454,0.036085144
0.011338613,0.007834551,0.011137729,0.13843024,0.9855134,1.0,0.24007186,0.07261559,0.0822878,0.052052565,0.029719407,0.011911554
0.012222505,0.0068722004,0.008219532,0.070155434,0.42151964,1.0,0.500406,0.099633664,0.05967809,0.034698464,0.01835224,0.0071169133
0.006944387,0.008399107,0.009813907,0.057323046,0.09688544,0.41175032,1.0,0.73436135,0.15697601,0.030968925,0.01705672,0.007103698
0.0013830152,0.0038359843,0.00639478,0.007563868,0.012155607,0.045643978,0.6620453,1.0,0.118691534,0.01548659,0.011718464,0.011008621
0.00086033397,0.0030722748,0.0042528594,0.0013502316,0.0027949272,0.04967442,0.83897436,1.0,0.08487886,0.009158801,0.022876991,0.017253429
0.0017994976,0.004999957,0.0032123013,0.0020528596,0.007207021,0.15520315,1.0,0.74775267,0.10123412,0.02092467,0.04271727,0.016735664
0.0250119,0.027660746,0.012715434,0.031074282,0.12155954,0.6276439,1.0,0.42221612,0.322874,0.14100862,0.11962674,0.036223102
0.04108804,0.020947937,0.039325163,0.34058055,1.0,0.49856144,0.29853246,0.94256014,0.8657009,0.18473841,0.11018516,0.11461597
0.017539607,0.015282218,0.029007012,0.31861335,1.0,0.30633128,0.12034401,0.90993875,0.680151,0.03470001,0.097356535,0.15136687
0.07887265,0.032524187,0.041932292,0.26313728,0.95948553,0.31275228,0.37755308,0.9059688,1.0,0.08810955,0.11703926,0.31627035
0.7132574,0.18331824,0.067506,0.1637794,0.71401125,0.7267749,0.96627045,0.6907699,1.0,0.34614065,0.101997286,0.58412695
0.3506885,0.24457581,0.027208095,0.039969303,0.11071444,0.54409957,1.0,0.27521682,0.13603131,0.1237382,0.04869457,0.105576485
0.04433272,0.13034092,0.027738536,0.013776465,0.02803527,0.17551371,1.0,0.23311712,0.017695041,0.014715119,0.025406593,0.017842827
0.18153368,0.20930934,0.035691544,0.012569267,0.031110836,0.22562236,1.0,0.21359344,0.012072873,0.019897088,0.026393916,0.03885945
1.0,0.21921724,0.040331893,0.06283308,0.111467384,0.318152,0.4626921,0.10623225,0.037832335,0.055818852,0.08726208,0.63028705
0.6245154,0.08380832,0.30663368,0.28593728,0.23007977,0.21274073,0.6672585,0.26471403,0.047518417,0.06409584,0.26824346,1.0
0.037605375,0.07582044,0.33315873,0.11082183,0.08005186,0.31953508,1.0,0.16120523,0.021343565,0.065146014,0.07296627,0.10244849
0.0148803955,0.05233193,0.19816215,0.094955966,0.12769997,0.29754305,1.0,0.4016219,0.17344192,0.1456932,0.1440829,0.060069453
0.03750187,0.034827694,0.116185255,0.3658201,1.0,0.53568596,0.48463705,0.611789,0.7971157,0.30805814,0.23260033,0.16144213
0.04959736,0.07355181,0.17971703,0.48926425,1.0,0.6397122,0.263008,0.13078421,0.3086286,0.181513,0.041881405,0.042633824
0.81896245,0.37407306,0.33251852,0.56039125,0.5809331,0.55386084,1.0,0.49509946,0.50026184,0.38165265,0.24879465,0.59876853
0.5717522,0.2560825,0.25346497,0.22876722,0.6050887,0.5406216,1.0,0.63139415,0.44911236,0.34797853,0.25950837,0.508616
0.73596567,0.20637368,0.21887779,0.19999306,0.54333615,0.6963044,1.0,0.92311984,0.46628305,0.2336406,0.21946207,0.65754575
0.6662771,0.5349888,0.5402371,0.5118265,0.5431652,0.50926656,1.0,0.7415933,0.6275111,0.34170386,0.37361714,0.67862445
0.050461415,0.07410993,0.17771474,0.47294995,1.0,0.8978227,0.5411302,0.13924359,0.11425935,0.080261104,0.05412475,0.063054584
0.013318349,0.013831037,0.021437295,0.076079175,0.36725584,1.0,0.7145921,0.10033377,0.060215484,0.080178924,0.030520203,0.009082052
0.024042232,0.026683815,0.028795986,0.013100125,0.07617569,0.5312618,1.0,0.67953926,0.20438181,0.08287314,0.053122576,0.01908462
0.013457074,0.011143333,0.015017772,0.011040599,0.004261626,0.02874546,0.20126168,0.6744563,1.0,0.22856717,0.01476839,0.00873136
0.0010428254,0.00055075035,0.0008979484,0.0037041828,0.0014114389,0.0016651892,0.020823836,0.3323718,1.0,0.2427476,0.0048076753,0.0004595484
0.00023720361,0.00047489436,0.003655132,0.003912046,0.001583503,0.0126046175,0.14566536,0.82780796,1.0,0.1764953,0.0042445464,0.00021927357
0.00090833404,0.0016705829,0.017006923,0.012498186,0.0039070733,0.04244185,0.42332056,1.0,0.47671422,0.05145507,0.0028231204,0.0007390409
0.01815389,0.006440096,0.036395155,0.035800986,0.027188726,0.10277158,0.5880485,1.0,0.261716,0.06443215,0.012514702,0.018911676
0.08271595,0.11953353,0.26592407,0.40757227,0.4884534,0.55109084,1.0,0.98069954,0.4138683,0.09868744,0.053657267,0.079981215
0.14770317,0.31510523,0.5617366,0.6727777,0.5260601,0.43713054,0.92446566,0.8045282,1.0,0.22513317,0.060528606,0.07120809
0.17242435,0.11698485,0.13004126,0.10370312,0.097938664,0.22426893,0.65737027,0.67346907,1.0,0.16402242,0.05720459,0.08604835
0.55343,0.06345334,0.103433944,0.09785141,0.20615086,0.24208081,0.35525194,1.0,0.9389582,0.2529714,0.11545039,0.45854044
0.56203794,0.08199891,0.08860794,0.14667656,0.40035313,0.7476075,0.685799,1.0,0.9884832,0.6630291,0.40724975,0.63874596
0.33042708,0.1478261,0.12783317,0.22229238,0.62258106,1.0,0.870454,0.85621846,0.7268612,0.78372324,0.76943946,0.6042071
0.3513624,0.14575094,0.12210877,0.27625498,0.6847019,0.82952696,0.64475024,1.0,0.85774505,0.5021413,0.61447865,0.608831
0.22940816,0.08634344,0.06500056,0.17855535,0.2002309,0.36418542,0.5812005,1.0,0.97042674,0.1201949,0.09756878,0.22640994
0.08583578,0.03963688,0.038594283,0.044167273,0.06633832,0.1292973,0.25891364,1.0,0.9409123,0.10389955,0.041671753,0.08238986
0.046384595,0.016521996,0.011895964,0.013636507,0.019263547,0.042320035,0.16484378,0.9815483,1.0,0.07812401,0.0109564895,0.027091203
0.032720845,0.016319506,0.013792341,0.01622832,0.019033981,0.03336708,0.088998325,0.6170099,1.0,0.09330009,0.008699784,0.018806491
0.03854505,0.018195638,0.030674167,0.022474885,0.028145997,0.0438552,0.076743774,0.5810024,1.0,0.115732975,0.028802656,0.03223261
0.1966644,0.0798809,0.08020597,0.057872847,0.078382425,0.0876041,0.17845047,0.9444863,1.0,0.12061621,0.07448728,0.15476948
0.81530386,0.95109546,0.8322794,0.4264555,0.28721628,0.31773514,0.3980484,0.801191,1.0,0.5681063,0.32449806,0.8230655
0.19941571,1.0,0.78243685,0.14800292,0.06297367,0.040635236,0.019651493,0.06733823,0.29919562,0.09977001,0.032539595,0.060345646
0.28950927,0.99200135,0.86875796,0.6504881,1.0,0.7431526,0.25287616,0.064404,0.2407183,0.13282298,0.1160231,0.1585253
0.13127065,0.15616927,0.1101658,0.24186407,0.5642389,1.0,0.8795936,0.0860141,0.024778742,0.030236825,0.046154793,0.07228415
0.036515735,0.08408406,0.013286822,0.018718658,0.07134961,0.553976,1.0,0.13213778,0.004865876,0.007867174,0.014341278,0.005716894
0.039923396,0.11214162,0.03280548,0.105729565,0.31226534,0.92364275,1.0,0.16048653,0.018454242,0.013580328,0.020212026,0.007178531
0.34765303,1.0,0.68167406,0.60106534,0.69754404,0.8972068,0.33046705,0.096016675,0.16279283,0.049937565,0.02947481,0.04640371
0.2089235,1.0,0.87913173,0.2188704,0.12048343,0.43770367,0.32556054,0.17806977,0.22930625,0.11719959,0.015223309,0.021858245
0.06291835,0.4861469,0.6002489,0.1584875,0.067620136,0.58416873,1.0,0.69577134,0.37023562,0.45874104,0.16454332,0.04504261
0.050374947,0.09847126,0.12039176,0.06415599,0.035629846,0.23791155,1.0,0.9548524,0.24860987,0.26054838,0.24456489,0.10114269
0.047678303,0.07611899,0.10650216,0.21407421,0.15270242,0.13455284,0.7213035,1.0,0.77683705,0.35594803,0.069903366,0.044487316
0.020559136,0.024989301,0.054057628,0.27550113,0.28801262,0.043582626,0.12971313,0.20944034,0.79652697,1.0,0.08981463,0.009031426
0.008908744,0.012696715,0.020061232,0.07337741,0.14500223,0.028237792,0.06612248,0.23675007,0.8263354,1.0,0.13787201,0.0049649607
0.0076286118,0.0090130465,0.008186111,0.042434644,0.076902114,0.037095394,0.14879292,0.49339128,1.0,0.6610255,0.1183419,0.0066535636
0.03762579,0.027445167,0.03444089,0.08474733,0.10144811,0.11548591,0.24305686,0.2998113,0.8019129,1.0,0.17121117,0.03365824
0.036638916,0.039055023,0.032874368,0.03968202,0.051361877,0.057792895,0.13068548,0.117971465,0.39065966,1.0,0.18930885,0.03703294
0.08150294,0.10408774,0.1212055,0.08245046,0.06947697,0.08544934,0.22924048,0.25425032,0.4589924,1.0,0.47220373,0.16991292
0.15275201,0.12531509,0.12886779,0.14093268,0.1331992,0.28585508,0.675399,0.70196325,1.0,0.7073121,0.17559579,0.14467518
0.10419015,0.08987889,0.10955971,0.09015321,0.0971155,0.3803965,0.7872982,0.94005233,1.0,0.45897982,0.06654056,0.040799998
0.09907337,0.0911585,0.12589905,0.13465694,0.13835,0.31135762,0.70621145,1.0,0.803352,0.39945567,0.09707026,0.06966847
0.06719309,0.17278382,0.15860651,0.17751868,0.2344336,0.15626447,0.48389992,0.8420229,1.0,0.3741723,0.08613207,0.050342295
0.5209251,0.37559137,0.35051578,0.24682039,0.2962688,0.24662468,0.39096174,0.6871193,1.0,0.55869967,0.22639486,0.18386424
0.08095901,0.28662428,0.924118,1.0,0.44484726,0.13010998,0.11665102,0.11467678,0.09999346,0.17011562,0.04964689,0.029724361
0.4121893,0.61035836,1.0,0.8068295,0.37133205,0.13433935,0.19668697,0.58539337,0.27164367,0.15711637,0.03597546,0.058431976
0.9037233,0.525723,0.25608402,0.2258037,0.7955656,0.28199708,0.20466612,1.0,0.42530406,0.07794645,0.019791897,0.084586784
0.6487444,0.39468423,0.07255033,0.11899294,1.0,0.40471172,0.08148647,0.38279524,0.24485688,0.060643803,0.02039217,0.039144106
0.49204037,0.80535716,0.10875899,0.08136709,0.9063386,1.0,0.16353533,0.24812473,0.34581184,0.10133393,0.028494636,0.023336835
0.19973958,1.0,0.15663008,0.01886836,0.28268516,0.957397,0.23146538,0.22263454,0.47983196,0.110521175,0.014371888,0.0070645623
0.3511078,1.0,0.10752017,0.010486117,0.19624822,0.5115199,0.10035115,0.2981821,0.529059,0.06286954,0.0062713367,0.0110650435
1.0,0.9642312,0.055953868,0.028179623,0.37034795,0.33509588,0.071508706,0.52639484,0.5080003,0.035419524,0.028894166,0.18771765
1.0,0.38026354,0.023985606,0.035723127,0.24445999,0.10763213,0.045876473,0.17242025,0.09793461,0.019215263,0.20194438,0.7674252
0.27107322,0.23231511,0.03936109,0.024509009,0.045026902,0.04512211,0.055418443,0.12346007,0.07886249,0.027267845,0.45373774,1.0
0.4074015,0.19460985,0.03396483,0.013509036,0.032885384,0.03163856,0.03897265,0.063015446,0.058231182,0.020135242,0.21366897,1.0
1.0,0.28500566,0.026732586,0.008031389,0.029001357,0.029452045,0.02480034,0.04439007,0.0434261,0.014760566,0.05378564,0.5643875
1.0,0.5321853,0.03467201,0.008837818,0.027934067,0.025024466,0.012671828,0.031753622,0.038624544,0.014827337,0.016373616,0.15228952
0.691945,1.0,0.0858111,0.0077564344,0.019543003,0.017105183,0.00952532,0.031331368,0.043436673,0.014267101,0.00855929,0.04064351
1.0,0.66960996,0.05498334,0.0032387064,0.013300048,0.009817391,0.0049033817,0.0152545,0.019343315,0.00840422,0.052068125,0.40610528
0.6985127,0.13095313,0.0105668,0.0028512964,0.014514189,0.013937015,0.0051442357,0.009233614,0.015999936,0.03682544,0.31640926,1.0
0.23483883,0.049608886,0.010287915,0.008926465,0.029441977,0.041250587,0.0154917855,0.046138644,0.07696057,0.43871927,1.0,0.9255105
0.115062,0.07863627,0.01846283,0.022224495,0.17261995,0.12137888,0.044789296,0.18248352,0.33295453,1.0,0.61723644,0.14856526
0.3475564,0.50249696,0.09345862,0.117927,1.0,0.6540183,0.20688418,0.480756,0.39144987,0.34746695,0.25778165,0.28188217
0.45651558,1.0,0.2082856,0.13674004,0.5965083,0.84917843,0.29096165,0.5246392,0.40216112,0.1470236,0.09128918,0.18779874
0.4507048,1.0,0.1954572,0.064829454,0.15092838,0.28716737,0.13424684,0.37843263,0.33961797,0.07278784,0.014795305,0.035686616
0.67655146,1.0,0.16853726,0.081674665,0.15267593,0.3229593,0.16774322,0.34322575,0.44021967,0.09892941,0.01898338,0.048515946
0.8911265,1.0,0.16038713,0.15663499,0.26563072,0.40574855,0.16260763,0.5228587,0.9674008,0.21290113,0.06731938,0.22712119
1.0,0.98360944,0.0772514,0.06329075,0.21835418,0.22474492,0.10082135,0.40827584,0.511595,0.112897635,0.04983772,0.13573983
0.8530722,1.0,0.12085747,0.060665082,0.14480363,0.21234427,0.12849419,0.481011,0.5910613,0.17933261,0.034093857,0.057929583
0.5439204,1.0,0.13871299,0.083798505,0.35220692,0.5913606,0.19062038,0.48445576,0.6369884,0.22485788,0.060535043,0.111895196
0.7937801,1.0,0.16803794,0.13472156,0.6425819,0.82518864,0.25284687,0.7091142,0.88269734,0.28571668,0.08932734,0.17402846
0.7117522,0.93736255,0.23715445,0.24364683,0.47330403,0.72834635,0.45824015,1.0,0.9988673,0.4558976,0.26987004,0.3422513
0.41924605,0.29084018,0.30614626,0.22759536,0.43715295,0.8345612,0.88259566,0.9451256,1.0,0.84596485,0.5386082,0.5582737
0.38380212,0.19949667,0.35164943,0.2076995,0.4224639,1.0,0.9481471,0.6474674,0.6461609,0.7110083,0.6634164,0.6601342
0.49649167,0.18442173,0.26876962,0.20935483,0.5797564,1.0,0.7052857,0.49001268,0.6906778,0.7029936,0.38537675,0.6262581
0.54760444,0.25371617,0.12968725,0.23846062,0.4901996,0.56802356,0.39570355,0.2619851,0.7961323,1.0,0.33776137,0.4137079
0.25901043,0.47821274,0.16271357,0.25988272,0.31201527,0.3615658,1.0,0.36475286,0.31630766,0.46480703,0.27346078,0.09628401
0.06214955,0.23490207,0.11811571,0.07889862,0.12135733,0.14631198,1.0,0.6768046,0.14088467,0.06484723,0.09567903,0.06001389
0.044443227,0.06479765,0.07327917,0.04316698,0.08374371,0.22213213,1.0,0.8856978,0.25564918,0.068918414,0.056514207,0.06526389
0.016163865,0.023900481,0.026616544,0.018560568,0.04477166,0.21807708,1.0,0.6974096,0.1649831,0.03543697,0.02175986,0.022940017
0.014103009,0.019071247,0.018357733,0.00639319,0.015542186,0.059446357,0.80076146,1.0,0.11150323,0.020408954,0.012031627,0.015741417
0.02433018,0.026322678,0.016359756,0.009433099,0.017580304,0.056371883,0.57013154,1.0,0.39589605,0.09097834,0.026575973,0.023891605
0.32971886,0.3462641,0.18505082,0.12539832,0.14095429,0.29002145,0.93442076,0.72143716,1.0,0.9383806,0.37133712,0.32538137
0.40750146,0.34371307,0.1914398,0.12368439,0.15544753,0.39362505,1.0,0.96681786,0.49679652,0.3926992,0.2730863,0.29340136
0.20807615,0.3155552,0.1690826,0.14845505,0.24470127,0.4677219,1.0,0.9023178,0.40544412,0.36534786,0.18095253,0.15516451
0.2914265,0.37516466,0.2942769,0.5287327,0.8108569,0.6540975,1.0,0.9043268,0.7573106,0.6827123,0.405,0.35039335
0.33444503,0.30962852,0.27175456,0.47272745,0.8135331,0.5678912,0.9962271,0.8097184,0.91183704,1.0,0.6845673,0.59774536
0.05761056,0.13974646,0.11551507,0.40492406,1.0,0.9451739,0.3765388,0.20623814,0.19754699,0.19637094,0.12868725,0.08349423
0.016415581,0.042364743,0.038189277,0.24597266,1.0,0.67680603,0.07641491,0.023165172,0.023544185,0.028124817,0.01908891,0.02793018
0.08491819,0.01856495,0.017782079,0.12629391,1.0,0.92564917,0.10511732,0.020619195,0.015547052,0.012931218,0.013842912,0.08939771
0.107787356,0.029184196,0.008572696,0.021768287,0.3065922,1.0,0.5396418,0.07222968,0.01333432,0.015987387,0.015652074,0.07627404
0.041505437,0.034241393,0.009236022,0.00441288,0.039515838,0.4624429,1.0,0.39538515,0.04603775,0.011756551,0.030041384,0.071624406
0.027272489,0.012637774,0.010816925,0.0027146772,0.0074318675,0.071972616,0.52581936,1.0,0.17910783,0.014854073,0.04891895,0.16808122
0.009934148,0.0038317987,0.007338368,0.001627351,0.0031729147,0.03202403,0.53722394,1.0,0.12896144,0.010408374,0.034181233,0.082699314
0.0028352262,0.003526637,0.002924607,0.00078830135,0.0030393272,0.106877446,1.0,0.768928,0.03997559,0.0050668838,0.030010378,0.017375054
0.0020561747,0.0027828054,0.001632497,0.0033110771,0.031785227,0.31936544,1.0,0.38304844,0.014046692,0.010045172,0.028477676,0.0050012707
0.0019275288,0.004077359,0.016847663,0.1327847,0.45159292,1.0,0.8083483,0.20248656,0.015611198,0.022424024,0.02948599,0.0037475778
0.002983918,0.007744526,0.21013853,1.0,0.63417876,0.291594,0.1271375,0.027405815,0.018705968,0.0368722,0.040719792,0.011998734
0.0034133305,0.0048497277,0.17583315,1.0,0.6652808,0.11502519,0.029263759,0.01286798,0.010142813,0.025002325,0.03143203,0.016455185
0.00338812,0.0016816017,0.034716845,0.35433927,1.0,0.82943887,0.31333497,0.04943565,0.010634475,0.008680334,0.0076408056,0.010376549
0.0015866994,0.002347897,0.004178044,0.017829832,0.16922432,0.6087695,1.0,0.5015365,0.047876664,0.0045836,0.0014157102,0.001732966
0.0008884855,0.0018841518,0.00413418,0.0019838107,0.007503727,0.061730675,0.64550215,1.0,0.10873507,0.0031230492,0.001116195,0.00081714295
0.00045501182,0.0019382257,0.003109212,0.0023167261,0.0054605426,0.032072116,0.6103411,1.0,0.090789385,0.0022821287,0.001029993,0.00059354556
0.0010408972,0.00304242,0.0025079518,0.00296413,0.0107047185,0.04304149,0.8639389,1.0,0.062154472,0.0016756668,0.001312019,0.0007191582
0.0047812974,0.016320178,0.010550032,0.0077616395,0.014516253,0.05882944,0.99350405,1.0,0.06297285,0.005899244,0.004082291,0.0018634873
0.027301524,0.10508542,0.03984001,0.015365008,0.021352677,0.166799,1.0,0.6152262,0.05515733,0.044559386,0.03427904,0.009791698
0.08985492,0.23207816,0.086002275,0.061208576,0.053191736,0.52722675,1.0,0.19434777,0.07177856,0.15560298,0.10486468,0.025219476
0.0304899,0.09989312,0.07496343,0.049240295,0.059129175,0.21880424,1.0,0.4303719,0.043214776,0.034948345,0.029974809,0.011718757
0.008475093,0.13036945,0.110762835,0.025899593,0.050201744,0.07750059,1.0,0.6769532,0.027674284,0.00853043,0.012583812,0.0053897887
0.016516903,0.17288503,0.08065415,0.029246816,0.059442062,0.123228185,1.0,0.50972277,0.014957001,0.003010132,0.005705318,0.0022672922
0.067781195,0.16623463,0.074252486,0.11264307,0.10559798,0.4536829,1.0,0.24364765,0.008801677,0.002954951,0.006308839,0.011659787
0.21461773,0.30136377,0.491648,0.5051959,0.71524674,1.0,0.5402245,0.09079191,0.0437384,0.022029195,0.08294309,0.24066952
0.17328759,0.3652415,0.5709092,1.0,0.8708975,0.16801001,0.047292586,0.048013944,0.048666835,0.122491375,0.42285135,0.48481333
0.3012545,0.23314926,0.31122655,1.0,0.76400155,0.04528523,0.03513115,0.04747506,0.039027486,0.20365751,0.76864344,0.8033562
0.26362753,0.28207174,0.15240608,0.5061043,0.89367247,0.07963656,0.03645201,0.069452845,0.024240114,0.1056447,0.5846726,1.0
0.17647974,0.37475663,0.22869761,0.75373465,1.0,0.08431108,0.07437398,0.11632487,0.018532531,0.07977003,0.38286045,0.633729
0.1181136,0.18984987,0.251297,1.0,0.8159745,0.037075475,0.08056229,0.07704881,0.016184345,0.05712428,0.3006884,0.28693146
0.045678955,0.09038706,0.3774424,1.0,0.36782822,0.01198931,0.02241023,0.015666882,0.007650851,0.06489397,0.19929768,0.09263647
0.033882942,0.32809794,1.0,0.5626139,0.07344041,0.0039608628,0.0054084104,0.004009688,0.05278018,0.17872421,0.096608095,0.02093167
0.16287646,1.0,0.7336541,0.08634869,0.007288788,0.0020291617,0.0021467896,0.018959414,0.1526964,0.13111356,0.016958823,0.008379479
0.4994026,1.0,0.1359464,0.010423432,0.0057838433,0.0017225649,0.0017526877,0.044295445,0.121652365,0.019986533,0.0025967858,0.01719687
0.7524966,1.0,0.1546919,0.0174918,0.008374154,0.0022311467,0.0019802293,0.04188478,0.07973527,0.010794409,0.001855182,0.04055259
0.31663027,1.0,0.75171435,0.109996304,0.025457291,0.0039682756,0.003140986,0.010696426,0.034112755,0.02801553,0.0052226903,0.040197283
0.1753807,0.7578099,1.0,0.34354153,0.06436499,0.022606626,0.03171187,0.023583269,0.031032616,0.029202148,0.025462138,0.058302153
0.53215146,1.0,0.46771,0.2510887,0.09971999,0.09684981,0.2122595,0.13909972,0.11161196,0.068696536,0.111983664,0.24911043
0.5412726,1.0,0.66779107,0.70574915,0.3252315,0.20077857,0.40884075,0.34058392,0.13079898,0.14673948,0.41897777,0.61443275
0.23959358,0.7779465,1.0,0.54160786,0.3735219,0.1854477,0.2376433,0.37972715,0.23389485,0.11982035,0.37774134,0.56785464
0.17713332,0.9844776,1.0,0.37967157,0.25616696,0.08859629,0.18674348,0.20781489,0.18999097,0.10512339,0.16300827,0.20478676
0.27246195,1.0,0.8854708,0.5470687,0.5461893,0.2732734,0.23749147,0.17275685,0.23040171,0.36131057,0.48183662,0.25089127
0.22767317,1.0,0.5494291,0.39732432,0.3781457,0.4025445,0.17940427,0.08022832,0.12035128,0.24433744,0.4164229,0.2678189
0.3001528,1.0,0.4450343,0.3883989,0.44529942,0.40436867,0.26219523,0.16349344,0.13478142,0.18836074,0.2956449,0.37097454
0.284426,0.594826,0.6735425,0.6298375,0.74644136,0.38351947,0.7093157,1.0,0.76903474,0.7061962,0.735601,0.41916275
0.063594006,0.057666697,0.12112133,0.16387232,0.16895433,0.17812747,0.4186642,1.0,0.5734007,0.4118908,0.3547007,0.09573557
0.038377818,0.04066378,0.08051838,0.12121893,0.09317817,0.103995465,0.19800657,0.42787114,0.35255185,1.0,0.539949,0.10232357
0.006964079,0.009007726,0.017069818,0.019101704,0.017990416,0.012088959,0.019111957,0.037912548,0.29130536,1.0,0.36445445,0.029126018
0.0038664178,0.004434498,0.0062228874,0.0057216203,0.0062338863,0.004188172,0.006095216,0.0108352415,0.20165779,1.0,0.3523631,0.017516224
0.0041450253,0.006654949,0.007301871,0.008504429,0.004331521,0.004764792,0.0071239923,0.008622677,0.11347853,1.0,0.63191247,0.035810553
0.0062866514,0.009162836,0.011221483,0.009670268,0.0055844947,0.004251994,0.010467235,0.0152692795,0.08617474,1.0,0.903244,0.0488309
0.006581064,0.009163527,0.010311781,0.0057899957,0.0043000137,0.0048188022,0.008382818,0.01669806,0.06317921,0.7624515,1.0,0.07101223
0.005840762,0.011349335,0.0119252745,0.0042702826,0.0029036098,0.004544799,0.004822314,0.025313748,0.12114298,0.5653631,1.0,0.09429979
0.012675506,0.012218203,0.008889806,0.0025964843,0.00233479,0.003868667,0.004524247,0.024146415,0.12323804,0.50015706,1.0,0.15478939
0.1530573,0.035440117,0.009718878,0.0039614155,0.0033070878,0.005069904,0.008580557,0.010099419,0.08696742,0.36834806,1.0,0.88343
0.64179915,0.10336803,0.016776847,0.004035456,0.002745215,0.0027061321,0.0122811925,0.011392805,0.018610394,0.04551584,0.25650933,1.0
1.0,0.17272733,0.012938612,0.0027695969,0.0033205897,0.0017456971,0.0075025703,0.015594117,0.0042220857,0.010351489,0.029572157,0.3956495
1.0,0.163027,0.0077546504,0.0020456966,0.0021184618,0.001495089,0.0066745915,0.01435854,0.0026513983,0.0027415166,0.016455708,0.34769943
0.655993,0.060280975,0.004982002,0.0017236538,0.0009736689,0.0021988833,0.008660435,0.0077381567,0.0030157405,0.016247233,0.2373409,1.0
0.1742592,0.020158492,0.003257305,0.001174492,0.0027938744,0.008264708,0.0055528837,0.0028982672,0.0065367473,0.1469688,0.9738314,1.0
0.051345844,0.007043597,0.0021045804,0.0007597716,0.009933397,0.015347722,0.0031270164,0.0031400116,0.01558478,0.4013907,1.0,0.31504762
0.077716775,0.008940746,0.003184415,0.0015768063,0.016367016,0.023754474,0.005187383,0.0041602226,0.02717414,0.6332067,1.0,0.1710033
0.31635234,0.028658671,0.003514441,0.0022254605,0.00384332,0.014855399,0.015313843,0.0053043826,0.00879463,0.17060708,0.80837166,1.0
1.0,0.106360614,0.002614411,0.0016102918,0.0011857216,0.0027872466,0.010150025,0.008997187,0.0018110529,0.011820717,0.14706357,0.9309164
1.0,0.22727273,0.003072593,0.0003504977,0.0007021932,0.0006330928,0.0025103383,0.008039753,0.0018665228,0.002869227,0.011352792,0.24654296
1.0,0.29951724,0.0034416898,0.00029256198,0.0011054593,0.0005392081,0.0020714097,0.011905899,0.0029220814,0.0039017936,0.009630241,0.119924575
1.0,0.21694604,0.0023794442,0.00054018764,0.0014438694,0.0005758016,0.004777752,0.01922398,0.0032431742,0.007942518,0.016002692,0.19961634
1.0,0.1056854,0.001496767,0.0023032678,0.0017515616,0.00094240444,0.020504655,0.030501813,0.0028052921,0.012947919,0.025164578,0.5030515
0.857982,0.035730176,0.002190327,0.008316567,0.0035872983,0.0036278393,0.059569288,0.04471646,0.004495528,0.02028071,0.06364126,1.0
0.86980855,0.053575438,0.0051246537,0.016140569,0.011479066,0.007044777,0.0794923,0.07116086,0.010004277,0.04001073,0.09913378,1.0
1.0,0.2453819,0.010350785,0.027872639,0.06487963,0.022291841,0.045131434,0.16204324,0.06593518,0.11165609,0.33432683,0.39760134
1.0,0.6057483,0.03781851,0.1283125,0.49565598,0.14183396,0.07628339,0.5396893,0.47076985,0.20582692,0.8597912,0.27577072
0.76803315,0.8776099,0.08348358,0.31399333,1.0,0.28902188,0.14337116,0.6815628,0.8612314,0.262449,0.71243894,0.284232
1.0,0.8811419,0.077245735,0.23342484,0.85353357,0.24634507,0.22189614,0.8728002,0.7008037,0.27700722,0.60664296,0.27227142
0.47200945,0.14016485,0.016219217,0.07557704,0.20683694,0.13655144,1.0,0.9898661,0.19892368,0.34866372,0.2823457,0.26027435
0.0498807,0.006510221,0.0071251164,0.019210085,0.01697078,0.14039785,1.0,0.31162378,0.06953794,0.12737858,0.04824048,0.10991432
0.01506721,0.0044995956,0.007549111,0.014536515,0.010374444,0.17975077,1.0,0.17589425,0.10221123,0.10932402,0.04132016,0.10039346
0.032865856,0.0069590737,0.008699505,0.022365453,0.02304676,0.19436306,1.0,0.21434663,0.21126321,0.29152802,0.07004099,0.14810815
0.16685154,0.12651259,0.024238544,0.02966138,0.057870913,0.16503571,1.0,0.8347541,0.38665405,0.42625353,0.123164974,0.11112856
0.76754946,0.98383933,0.23339859,0.07275115,0.13693617,0.17800583,0.47420257,1.0,0.9309662,0.5570679,0.22003354,0.2191142
0.71183294,1.0,0.3373869,0.10620413,0.07054268,0.07639111,0.09783241,0.16846375,0.49828342,0.4917868,0.143416,0.2244831
0.10842381,0.35449725,0.6962982,1.0,0.6745519,0.33455846,0.1902463,0.14163136,0.11482695,0.090534374,0.063719094,0.059987612
0.003359215,0.010636219,0.15598086,1.0,0.9836864,0.2505477,0.06882495,0.02949393,0.01984783,0.012662337,0.010523236,0.0054390603
0.0007632561,0.0040132985,0.18169196,1.0,0.55354035,0.047337353,0.012783476,0.0055905418,0.0051885657,0.008021371,0.008150708,0.0031090858
0.0022663784,0.026976848,0.35332677,1.0,0.34065628,0.015500354,0.004986963,0.0028783085,0.003546248,0.007779811,0.0079122465,0.0024781195
0.0128587745,0.20439863,1.0,0.90863454,0.24724282,0.019771742,0.0075726444,0.00612069,0.008459169,0.010528343,0.010424592,0.00397992
0.034149207,0.46177483,1.0,0.20928335,0.045446202,0.013628256,0.0124674365,0.023613485,0.018737158,0.01885631,0.013721884,0.0096683
0.13010995,0.51897556,1.0,0.3814981,0.1463772,0.04900766,0.075296715,0.07192369,0.062873825,0.073165946,0.05500553,0.0577161
0.06231197,0.043911144,0.08758035,0.56816053,1.0,0.46085554,0.07800472,0.012393421,0.009850701,0.010134318,0.017122343,0.052594826
0.018006988,0.0072638863,0.00923625,0.16270483,1.0,0.93296355,0.14626808,0.011226403,0.0050757057,0.0037397025,0.007148806,0.03266385
0.012381203,0.0050897202,0.0030091826,0.025867017,0.34603044,1.0,0.61124593,0.08689362,0.006660231,0.0056925244,0.007820722,0.019113066
0.0074638776,0.004361099,0.00306776,0.0037478944,0.047034096,0.39895323,1.0,0.5501958,0.05161313,0.0053699506,0.015409569,0.01933475
0.011572294,0.003072168,0.0037129677,0.0014308826,0.0028736535,0.036052942,0.48160863,1.0,0.1677334,0.004868361,0.016485654,0.03701588
0.013762772,0.004065862,0.0043994514,0.001528788,0.0059370305,0.07307981,0.6158517,1.0,0.1578658,0.008580319,0.017291617,0.036127172
0.008759472,0.003792287,0.0038008385,0.020952396,0.13973877,0.5632816,1.0,0.45250368,0.03412119,0.022386223,0.022713782,0.014489852
0.0063275667,0.0051683984,0.05406261,0.35038045,0.71039987,1.0,0.548008,0.103739,0.032399934,0.038947277,0.02195474,0.008512731
0.0057763513,0.009654291,0.23177992,1.0,0.34525874,0.08564401,0.039032776,0.02194015,0.015197551,0.010847923,0.008409093,0.005278563
0.0072886576,0.0071107903,0.14778192,1.0,0.599981,0.04646951,0.010201687,0.015487028,0.018155761,0.017044293,0.012640153,0.010207858
0.00772418,0.0068495683,0.061446007,0.9286119,1.0,0.08725596,0.009882817,0.02921249,0.037785467,0.029989379,0.017428093,0.014539298
0.0059956997,0.007558969,0.06494996,0.98689735,1.0,0.07426878,0.009793416,0.05100903,0.063673444,0.032376442,0.021213656,0.014462892
0.0041181534,0.009898081,0.1806726,1.0,0.5349922,0.043406583,0.013533629,0.038484666,0.05138389,0.030005604,0.0245487,0.0083866585
0.009184492,0.06290563,0.5802345,1.0,0.22759232,0.026541535,0.029087571,0.030040901,0.059143867,0.090999186,0.047158875,0.007665509
0.033997715,0.39850038,1.0,0.43301517,0.10349729,0.057144977,0.033925336,0.031463258,0.19950078,0.3486849,0.07600095,0.01607058
0.110753804,1.0,0.8139843,0.097814284,0.068701014,0.107847884,0.04523623,0.10310447,0.56093854,0.40454307,0.0693972,0.03224732
0.1064565,0.8858658,1.0,0.2399541,0.08988193,0.091805324,0.06469566,0.09661374,0.67716503,0.44262868,0.056993846,0.024786888
0.022078872,0.14446609,0.8060339,1.0,0.2582102,0.06643281,0.03670074,0.04679777,0.12985314,0.21747567,0.0733152,0.01948469
0.011191496,0.021685991,0.38857603,1.0,0.22482097,0.042042114,0.029528156,0.06022491,0.108510464,0.15891798,0.058643293,0.022823494
0.020650283,0.031981535,0.49250728,1.0,0.1744958,0.05110679,0.07384608,0.13964295,0.3716742,0.28170496,0.06967126,0.033569243
0.04163007,0.21914428,1.0,0.86680424,0.12828787,0.0959785,0.10899004,0.21403292,0.9705548,0.5121228,0.12060527,0.065158695
0.14577782,0.46590292,0.38982874,0.13857327,0.0474218,0.0781761,0.05781967,0.27012193,1.0,0.36436012,0.048179645,0.03535828
0.24151881,0.38680393,0.083285555,0.021134418,0.027412213,0.042622633,0.046015628,0.53964716,1.0,0.19338442,0.040760327,0.031885374
0.11853882,0.35713387,0.34379113,0.24204428,0.13894846,0.083671264,0.10298838,0.3473256,1.0,0.5441551,0.13692012,0.055034816
0.030032815,0.11728415,0.33764046,1.0,0.8103265,0.25774708,0.15669204,0.13371907,0.35205457,0.33320493,0.114790104,0.059740163
0.022312813,0.10050916,0.42692742,1.0,0.7423549,0.26967585,0.12248814,0.17280726,0.09100818,0.045154046,0.039996758,0.03314885
0.047759667,0.36370596,1.0,0.32074833,0.08033123,0.051441837,0.07004412,0.17870207,0.093589365,0.051383484,0.03920901,0.027100261
0.063436076,0.45981753,1.0,0.36492753,0.19967791,0.110978074,0.28543139,0.33381736,0.13640492,0.118503876,0.09484206,0.045368616
0.055855315,0.061859418,0.24669814,1.0,0.82499397,0.20517342,0.31220928,0.66777027,0.16635513,0.15206543,0.2855192,0.09567077
0.051808484,0.053176243,0.08708284,0.6761893,1.0,0.29038954,0.1495087,0.7108366,0.29556167,0.08227219,0.28225127,0.22705226
0.19402964,0.096101575,0.06154016,0.52971756,0.93125015,0.2656297,0.16852073,0.95896566,0.76279384,0.24216162,0.5609561,1.0
0.64776266,0.13596024,0.04947115,0.12910934,0.3659225,0.24037746,0.11475871,0.2626279,0.3552307,0.3591314,0.36017126,1.0
1.0,0.5657396,0.088632844,0.13456051,0.24202499,0.56942976,0.49329662,0.11603473,0.15272,0.3172541,0.69609666,0.69035095
0.41392764,1.0,0.17617954,0.24863116,0.15698393,0.45159084,0.9626308,0.1655116,0.116823755,0.18662645,0.49592087,0.56912667
0.1952899,1.0,0.32116666,0.24021156,0.1547311,0.18372136,0.9360271,0.29378033,0.1213471,0.22879444,0.17996356,0.34932452
0.51261,1.0,0.26284522,0.16924712,0.092714064,0.41456708,0.8949341,0.19538276,0.13820708,0.18735072,0.111774065,0.18559521
1.0,0.5783679,0.15914236,0.09860573,0.08371105,0.51677936,0.38985103,0.05135794,0.07398125,0.062397923,0.12538847,0.24646716
1.0,0.2093898,0.08718763,0.04642606,0.080891386,0.23420817,0.091644675,0.023532512,0.024159992,0.0403228,0.06483666,0.35520542
1.0,0.1550296,0.035812203,0.032784972,0.07725745,0.19239086,0.07868762,0.020324219,0.03226093,0.04573446,0.04274164,0.44749662
1.0,0.5331565,0.1375911,0.21098079,0.26421544,0.5473337,0.8622211,0.33045855,0.22169007,0.3028606,0.2586783,0.42362872
0.09582624,0.14040157,0.07927143,0.115002334,0.2624568,0.47077304,1.0,0.42183003,0.13405502,0.13375331,0.07707293,0.04143639
0.026388759,0.022396088,0.021694716,0.06252751,0.2807394,1.0,0.98704195,0.1810277,0.021501347,0.013512353,0.012870879,0.01550246
0.003964421,0.0020687648,0.00456486,0.14218512,0.8561013,1.0,0.30715185,0.028701155,0.0031116635,0.0018265822,0.0012701728,0.003325029
0.002771745,0.0008619535,0.0046731606,0.21391167,1.0,0.42441303,0.033895154,0.0032749677,0.0017000404,0.0009364206,0.0007779928,0.0027183013
0.0038038369,0.002342533,0.008867793,0.25353393,1.0,0.310568,0.01433781,0.004718888,0.0048392415,0.0026728266,0.001690674,0.003359424
0.015776627,0.017877162,0.034635097,0.16486356,1.0,0.68703157,0.090093926,0.040355492,0.027586242,0.014898553,0.01424071,0.014318101
0.03230467,0.048833948,0.046085197,0.069179565,0.45002496,1.0,0.7151765,0.31416148,0.13041098,0.036488604,0.0370095,0.036923
0.0212266,0.09242321,0.03759558,0.05654982,0.1605257,0.23015583,1.0,0.6148474,0.1261201,0.03085833,0.037052263,0.021907771
0.059311572,0.1946678,0.05232531,0.14793636,0.2549771,0.1620402,1.0,0.4774407,0.07524111,0.050816644,0.05146163,0.021474104
0.81865495,0.3911008,0.24147321,0.59760565,0.4265774,0.9364177,1.0,0.1867264,0.1330396,0.14270255,0.09896402,0.35669634
0.5564797,0.039623775,0.09804247,0.11840465,0.21663512,0.22417673,0.046254274,0.016555274,0.06861445,0.03107221,0.08849541,1.0
0.2246457,0.020256104,0.022006933,0.13568808,0.18020298,0.03363292,0.007089774,0.05092235,0.05686298,0.012190858,0.22566712,1.0
0.17365205,0.1795591,0.15039614,1.0,0.41591415,0.025142832,0.05538553,0.32511985,0.11706663,0.05074465,0.63343436,0.8854463
0.5247126,0.37071052,0.30920997,1.0,0.50965023,0.12654631,0.10618729,0.37917075,0.40339923,0.26126698,0.3991869,0.48693934
1.0,0.44686115,0.11897526,0.15524171,0.14948708,0.15252829,0.29110903,0.1650185,0.24366833,0.44870067,0.29549062,0.40548116
0.16414757,0.1598521,0.05700382,0.029425783,0.041206192,0.14550883,1.0,0.57285976,0.12063481,0.1761306,0.17260556,0.12079523
0.0085128965,0.021295592,0.024937244,0.009663927,0.028845483,0.18661144,1.0,0.59486467,0.045522343,0.038509615,0.06815598,0.045703005
0.008374903,0.012957348,0.008664341,0.015336302,0.096070014,0.55768317,1.0,0.28668585,0.015734494,0.051767923,0.13381846,0.02692957
0.017116394,0.009448182,0.026607428,0.2062736,0.72969073,1.0,0.4769532,0.0646743,0.019593459,0.053829666,0.07522071,0.031065166
0.04975856,0.0450368,0.23838557,1.0,0.9424139,0.39251393,0.08119771,0.0212068,0.02009347,0.023862032,0.03696494,0.04109372
0.24172847,0.29447415,0.32573682,1.0,0.33752802,0.13879521,0.048939098,0.023432538,0.049361978,0.09666829,0.124392286,0.07134154
0.11098756,0.13566096,0.059603103,0.27568275,1.0,0.8405926,0.09998544,0.016935753,0.048343647,0.06227441,0.06441576,0.035553187
0.009650196,0.008032714,0.011131854,0.042998973,0.69918233,1.0,0.12213985,0.0060995272,0.011695133,0.009837077,0.0059493785,0.004859318
0.0036196993,0.0022333323,0.010912244,0.05218224,0.7130958,1.0,0.12606981,0.0072284467,0.0042619705,0.0046240306,0.0028156703,0.0028416384
0.005388019,0.0044519966,0.012066392,0.08808635,0.7275712,1.0,0.15983789,0.011373751,0.002982108,0.0028889913,0.0025348086,0.005304586
0.058234632,0.057766043,0.0430813,0.13338673,0.41081065,1.0,0.3498348,0.050917387,0.026103191,0.019357715,0.019509114,0.05109876
0.40223137,0.3078501,0.13721739,0.3832693,0.813691,0.8098504,1.0,0.3679064,0.16368073,0.1706298,0.22598025,0.5443731
0.4408569,0.24334674,0.11714632,0.23958728,0.45403504,0.47223327,1.0,0.47673762,0.16461758,0.11997566,0.20543835,0.6260389
0.38532057,0.23145369,0.15851527,0.3218907,0.7303833,1.0,0.9776634,0.4057777,0.21126498,0.2613137,0.30271178,0.54474694
0.33741617,0.19288705,0.148169,0.39652634,0.88704765,1.0,0.839791,0.2909912,0.19902223,0.24623188,0.23161088,0.23590823
0.39324012,0.36840102,0.6149904,0.5781154,0.7983102,1.0,0.86734706,0.2920644,0.35906714,0.5048545,0.48018044,0.39601526
0.3356511,0.6654766,1.0,0.5459776,0.36873776,0.28856564,0.20504674,0.08943573,0.23086171,0.32254976,0.3586231,0.2613397
0.57978386,1.0,0.8633656,0.83431476,0.36113423,0.16525371,0.09324995,0.07021617,0.13956751,0.24291503,0.38277927,0.35557795
0.5559596,0.916226,0.9764805,1.0,0.54642904,0.35231957,0.656328,0.54650235,0.38828796,0.32857758,0.5849056,0.585418
0.48184475,0.96150076,1.0,0.87528235,0.846928,0.47684568,0.8493391,0.95850223,0.72329235,0.4982156,0.854663,0.5158383
0.39683452,1.0,0.7287755,0.33830205,0.47192812,0.2942856,0.20448561,0.25129434,0.31887954,0.4331847,0.5504208,0.34570554
0.6704869,0.99158144,0.79061824,0.3293645,0.5070765,0.4079706,0.33162874,0.32703248,0.37523997,0.7957357,1.0,0.8043241
0.33618578,0.29559422,0.3221721,0.14090008,0.24353704,0.32460925,0.5102855,1.0,0.2786901,0.6743262,0.93825775,0.59034044
0.07951129,0.049065713,0.08010461,0.04636178,0.06297631,0.13613857,0.48239747,1.0,0.16076677,0.15333296,0.25107974,0.18719055
0.095717624,0.10631563,0.111024655,0.06585012,0.06250068,0.16166466,0.44056728,1.0,0.2412219,0.07571525,0.17102419,0.26202467
0.19585441,0.2537157,0.27963707,0.199161,0.34673896,0.6659077,0.56040764,1.0,0.4383771,0.20868969,0.44264537,0.4627285
0.13211825,0.1696987,0.13668944,0.1598907,0.6666234,1.0,0.27016473,0.21843661,0.1991785,0.20711623,0.22874452,0.11512397
0.021736188,0.026002139,0.028330376,0.26639643,1.0,0.613914,0.06519905,0.037658017,0.022354713,0.0224557,0.04383887,0.024647504
0.006812269,0.0053912015,0.023545682,0.3711326,1.0,0.31325543,0.018230021,0.008998697,0.008263234,0.012992614,0.017999912,0.0056071207
0.0039522247,0.0035228906,0.022998285,0.49779448,1.0,0.1711938,0.012414915,0.008736928,0.009695168,0.018963678,0.009913854,0.0027037465
0.0046638823,0.007080947,0.056678683,0.775058,1.0,0.13475856,0.011226551,0.012625086,0.02312264,0.029494599,0.0069671585,0.0026289625
0.020837583,0.025356626,0.2022766,1.0,0.6393614,0.07681441,0.057030722,0.046377502,0.092997156,0.112752184,0.056501206,0.020066543
0.69253397,0.32960996,0.51240605,0.8573339,0.48856014,0.22764707,0.36971158,0.5683132,1.0,0.96505004,0.6961226,0.77484643
0.73163104,0.2579332,0.25299898,0.0972288,0.055796314,0.096739694,0.123373,0.23644145,0.31687093,0.332558,0.58136785,1.0
0.98350847,0.6732772,1.0,0.13410208,0.11698254,0.25147337,0.075468026,0.27247518,0.27856955,0.29841363,0.87000436,0.8269407
0.8844703,0.5005702,0.91906404,0.26189455,0.17558876,0.29227963,0.23254497,0.2631844,0.12759097,0.15347472,0.61892235,1.0
0.9397175,0.1130132,0.14053966,0.19846258,0.13718893,0.057313584,0.19866039,0.19736937,0.020061452,0.023483582,0.13063836,1.0
1.0,0.043871358,0.013359554,0.07990676,0.07277782,0.0066346657,0.091895066,0.13577008,0.008584151,0.004653099,0.030332254,0.8594078
0.70192236,0.024860714,0.012904121,0.04232919,0.021628603,0.011262086,0.075895675,0.058431264,0.006261283,0.004441335,0.07256166,1.0
0.4247177,0.040217783,0.059432074,0.056931436,0.028541131,0.0430104,0.14038435,0.05280823,0.022546584,0.018266974,0.1916152,1.0
0.96973,0.34929094,0.4059369,0.459817,0.3134636,0.16893758,0.23875792,0.17871082,0.1487974,0.1811245,0.43163738,1.0
1.0,0.18487382,0.17886265,0.1917713,0.116231084,0.048115067,0.064782955,0.054293428,0.058458135,0.06872116,0.11326934,0.67980057
1.0,0.103462264,0.10834944,0.100027844,0.08456262,0.034415234,0.034689177,0.052005026,0.039744787,0.035015397,0.06968815,0.7584059
0.9877213,0.10009087,0.10653251,0.094874136,0.14163926,0.09169434,0.073140435,0.09682792,0.07009244,0.061167885,0.14414325,1.0
0.8368081,0.19198573,0.28653038,0.27008367,0.24696274,0.12579782,0.13539681,0.21784966,0.14417547,0.14341167,0.3236532,1.0
0.70493513,0.18297629,0.31044057,0.33946314,0.32637617,0.16968043,0.20426059,0.22901805,0.11837598,0.114362344,0.28472224,1.0
0.40762523,0.13569093,0.18542407,0.6071195,1.0,0.32748508,0.28692126,0.31506363,0.13668612,0.10225987,0.26634413,0.766848
0.37150535,0.105581984,0.10134302,0.536753,1.0,0.21755771,0.19255349,0.32478696,0.11832507,0.082728475,0.11859631,0.3314654
0.7963176,0.11989747,0.1406019,0.63459307,1.0,0.32223982,0.2510465,0.44682777,0.20663667,0.12382441,0.14821108,0.5046875
1.0,0.12537022,0.09614627,0.35753348,0.55281526,0.24998492,0.1835814,0.25375766,0.17932071,0.11274259,0.18667607,0.7202842
1.0,0.1681176,0.14914042,0.57895505,0.78269696,0.3407758,0.31064418,0.26101574,0.19265561,0.1768213,0.46362904,0.81069267
0.584086,0.14772445,0.30130565,1.0,0.81536615,0.22010848,0.223478,0.18695392,0.14545375,0.14573285,0.28221717,0.46796116
0.45158812,0.15856989,0.25350598,0.6777049,1.0,0.27359098,0.18957584,0.23136479,0.18519305,0.1748617,0.18716276,0.37489706
0.797262,0.19950475,0.19611032,0.6092505,1.0,0.25645447,0.1985879,0.26091206,0.21576568,0.2557449,0.35630018,0.7216701
0.64088327,0.26051614,0.15432578,0.2562246,0.5450099,0.20725504,0.21261562,0.2966057,0.17448492,0.20340255,0.54433805,1.0
0.38686994,0.13139206,0.08823069,0.1486655,0.22424208,0.12951487,0.1769976,0.28824365,0.14712524,0.14390765,0.46869534,1.0
0.52611226,0.12963797,0.088215254,0.12355279,0.1443288,0.10804005,0.16699982,0.31387553,0.20664696,0.25314727,0.43158236,1.0
0.4040161,0.07954985,0.062249657,0.11041584,0.14356391,0.10968539,0.15074,0.17801024,0.13523193,0.23590095,0.5566867,1.0
0.27869326,0.058935367,0.038069863,0.08095667,0.16280435,0.17188375,0.18530142,0.15110764,0.16945507,0.44788158,0.927417,1.0
0.29956594,0.13559012,0.11259332,0.22272325,0.48669878,0.554245,0.40766963,0.32820457,0.44348842,0.81894624,1.0,0.7688187
0.34774128,0.1821091,0.23685364,0.7253029,0.7430472,0.60950667,0.3663351,0.30510703,0.33629006,0.5254433,1.0,0.4857876
0.097546555,0.045401797,0.24603008,1.0,0.9084914,0.7525395,0.27803418,0.13009709,0.116290145,0.35184404,0.7152059,0.24420168
0.13067609,0.13251363,0.34145978,0.57403296,0.7816217,1.0,0.317631,0.12386956,0.11747649,0.20030728,0.28292125,0.13122557
0.07860932,0.13953316,0.5938558,1.0,0.46129963,0.34709698,0.16895618,0.07994909,0.090500295,0.21494475,0.233329,0.06177915
0.013567193,0.010854861,0.14374518,1.0,0.96195155,0.41599917,0.05024505,0.045815777,0.043572508,0.07986565,0.15350866,0.050891712
0.00793871,0.0038332955,0.014901442,0.23021725,0.84960663,1.0,0.17033187,0.0065244157,0.0086994,0.0109157255,0.015170763,0.011757621
0.0031185846,0.002789876,0.0017160254,0.025338221,0.33700317,1.0,0.28333148,0.005466057,0.00097650336,0.0028472033,0.0022965542,0.002055137
0.0025381206,0.0030727915,0.0014245838,0.006154946,0.12736961,1.0,0.43189338,0.017649297,0.0025378298,0.0010641651,0.0012203048,0.0012832565
0.0069722347,0.0061880276,0.005825158,0.020324634,0.16607086,1.0,0.6948085,0.12036813,0.023379277,0.004250142,0.0057605132,0.0057817567
0.100552656,0.061649274,0.041584216,0.10852322,0.31396082,1.0,0.7648191,0.24934697,0.06723269,0.06845353,0.14603266,0.15374205
0.34456748,0.36176556,0.30951232,0.32885388,0.76465315,1.0,0.53245115,0.248516,0.4367021,0.8972303,0.927049,0.5201957
0.19490968,0.5526951,0.57435304,0.19447619,0.28150612,0.2912841,0.16964898,0.20654485,0.35632044,0.93271506,1.0,0.31541902
0.31330574,0.6145965,0.45486093,0.14884095,0.22356088,0.23918836,0.20483452,0.3034589,0.51377976,0.9406969,1.0,0.5035796
0.18417971,0.2442923,0.20588389,0.12121879,0.10987608,0.15280142,0.26066634,0.31119272,0.60562485,0.9144401,1.0,0.48369795
0.13746648,0.1203939,0.166301,0.20881663,0.2196577,0.20747142,0.3188142,0.43483275,0.7038882,0.7997723,1.0,0.43198645
0.22647184,0.1770595,0.14885192,0.23526607,0.3302507,0.20945504,0.21327494,0.5186998,1.0,0.8641934,0.98488045,0.35336325
0.6942783,0.33400607,0.12365155,0.1870353,0.25696224,0.18681838,0.26954353,0.5521095,0.88191193,1.0,0.9185146,0.7838286
0.22788985,0.17250694,0.46727124,1.0,0.66279083,0.1683536,0.12144128,0.4353713,0.63037926,0.72596943,0.6344779,0.2976024
0.030100835,0.027838586,0.13525502,0.5784869,1.0,0.42561597,0.08137667,0.07454866,0.09516358,0.11810322,0.124271914,0.06425542
0.03983215,0.027100286,0.013469897,0.10736274,0.49426338,1.0,0.5920126,0.092598274,0.018612783,0.012595781,0.012320728,0.020258894
0.015289122,0.037196364,0.008477299,0.00920472,0.04465034,0.5344939,1.0,0.19496675,0.008888058,0.0038043538,0.0030519043,0.0018288145
0.007205821,0.044430733,0.013609059,0.0060118246,0.012900846,0.22770779,1.0,0.31971207,0.015100814,0.0035836508,0.003590014,0.0013459015
0.010099005,0.07036632,0.03318151,0.010752661,0.020389477,0.2020368,1.0,0.47732636,0.047893513,0.013169036,0.014924678,0.0068579554
0.011556271,0.034614556,0.045673206,0.023977587,0.021208351,0.045994125,0.4049012,1.0,0.8955993,0.24698722,0.02811004,0.021130292
0.0038280075,0.002537355,0.006224533,0.014704534,0.010908516,0.0055096336,0.020840267,0.19296584,1.0,0.4366198,0.016015312,0.0036945222
0.0022067777,0.0022114667,0.004687679,0.016362896,0.016511379,0.005158322,0.0040508956,0.077036135,1.0,0.67267394,0.023937512,0.0015433215
0.0025429158,0.0034868084,0.0065475306,0.019638851,0.020964433,0.0060749575,0.012668538,0.11052922,1.0,0.7304272,0.03234353,0.0015677395
0.0149513595,0.036480617,0.02958939,0.03422314,0.03477834,0.07838433,0.30818295,0.4578102,1.0,0.48950845,0.03025653,0.005172134
0.043726314,0.08468588,0.02672596,0.02804943,0.055032846,0.47800207,1.0,0.286979,0.09856355,0.039584916,0.007965451,0.006775628
0.13046376,0.05633215,0.020343706,0.05116784,0.31504846,1.0,0.7308617,0.13264406,0.026144622,0.011328705,0.009107595,0.072804116
0.433561,0.05219766,0.038181596,0.13366787,0.81208974,1.0,0.1708398,0.04563672,0.057694983,0.023678726,0.038675305,0.4202665
0.54403156,0.22705013,0.12809563,0.2380534,0.48629144,0.9439325,1.0,0.86014545,0.4011048,0.10332317,0.053739633,0.31100821
0.024850257,0.038165964,0.05596333,0.13103096,0.1067235,0.06776143,0.16646622,0.4807869,1.0,0.5626942,0.06388041,0.011804806
0.0055916766,0.008191872,0.02264027,0.039455906,0.03918658,0.010505784,0.009717157,0.056019172,0.6543188,1.0,0.115062594,0.004743786
0.003733518,0.0054114773,0.018312318,0.025001014,0.01896652,0.0065729995,0.008298674,0.046517827,0.600124,1.0,0.11113364,0.0034719296
0.00828015,0.018747585,0.06300199,0.08853484,0.03545629,0.031319614,0.07605173,0.29160115,1.0,0.7600943,0.07370863,0.0045907227
0.46230257,0.2991366,0.29710436,0.3239156,0.34446728,0.7961665,1.0,0.8443384,0.7457265,0.2670754,0.05680046,0.13040668
1.0,0.16525872,0.10610101,0.18062852,0.50464875,0.87328804,0.2545282,0.05270943,0.059558526,0.032196946,0.031869672,0.45170096
1.0,0.26511058,0.15682793,0.18928711,0.37019584,0.55130255,0.24530365,0.17717028,0.11530796,0.04004873,0.031512022,0.49237147
0.22622794,0.20707802,0.2647345,0.24488208,0.15849425,0.14415339,0.1503146,0.43074575,1.0,0.74107975,0.13076922,0.120552815
0.010465204,0.023642737,0.050722025,0.06756996,0.029050007,0.014031013,0.010330556,0.05022364,0.3717113,1.0,0.44538975,0.031452686
0.004758583,0.021382468,0.022673085,0.031427313,0.011929175,0.008641256,0.0055154595,0.011728157,0.09245037,1.0,0.84821254,0.050825037
0.003932676,0.01584211,0.021758374,0.029136328,0.012824542,0.0066850064,0.008905663,0.039848596,0.26169428,1.0,0.5480699,0.028068313
0.09907378,0.106120706,0.11732526,0.08068154,0.04931775,0.07660605,0.15128267,0.3371672,0.8369605,1.0,0.27430665,0.05060944
1.0,0.1863179,0.09673427,0.09931549,0.2831534,0.35139468,0.17919934,0.11144932,0.080686405,0.04457411,0.09855382,0.9993908
1.0,0.111445755,0.023906864,0.034920532,0.12679052,0.10907388,0.015376677,0.009282728,0.0076464503,0.0077875494,0.04966353,0.9227834
1.0,0.26362595,0.041579958,0.01940605,0.035205413,0.059703212,0.041384324,0.027397923,0.0197464,0.022342838,0.028034516,0.48932123
0.78784156,0.4482434,0.12541765,0.04970245,0.039499305,0.058861565,0.079705395,0.105227865,0.31364557,1.0,0.7236717,0.37839848
0.090622686,0.042812686,0.022404332,0.007831174,0.009342485,0.01316595,0.013884843,0.020153983,0.17905368,0.9600299,1.0,0.281533
0.11920399,0.031122092,0.0131100435,0.007589459,0.006974843,0.01703924,0.054151464,0.23380229,0.68965364,1.0,0.78505826,0.37411225
0.085703276,0.051488202,0.026632927,0.017526304,0.012868613,0.024353921,0.11478655,0.57079667,1.0,0.29997495,0.15556878,0.092416495
0.48816913,0.06693511,0.028633282,0.020390164,0.018036079,0.02268078,0.045873273,0.05957271,0.10478709,0.18753035,0.61110324,1.0
0.5111131,0.042392503,0.0040716296,0.0016935893,0.0022592163,0.0039512636,0.017817464,0.00744855,0.0031062379,0.011678217,0.28863493,1.0
0.45295715,0.02825081,0.0004818955,0.00027922893,0.00026314298,0.0018104524,0.011769105,0.0035605596,0.00055293203,0.0070085893,0.2571208,1.0
0.27909562,0.009177814,0.00051236455,0.0002891309,0.00020275333,0.00216707,0.008427669,0.0012424563,0.0004480767,0.017023247,0.4201235,1.0
0.20350826,0.004299293,0.00044383848,0.00030988108,0.0001879289,0.0027904506,0.006454431,0.0006293438,0.00073353533,0.030535033,0.5824124,1.0
0.15987706,0.0023541984,0.00030179913,0.00026087547,0.00016328697,0.0030246207,0.005353268,0.0004713694,0.0011339472,0.0573515,0.7500865,1.0
0.10333808,0.0011808166,0.0002117308,0.00018915324,0.00029046548,0.004218608,0.004606178,0.00044755102,0.0020010872,0.12048186,1.0,0.9582857
0.11908549,0.0034537052,0.000543563,0.00044902667,0.00039748504,0.0042937654,0.0053011477,0.0006290523,0.0019759387,0.11598882,1.0,0.99518913
0.22140475,0.0056464016,0.0004913289,0.0005826781,0.0002258282,0.0020070628,0.00645762,0.00086723507,0.0012368078,0.03250166,0.5716678,1.0
0.3349242,0.020985674,0.0026034622,0.0008972103,0.0002835263,0.001248675,0.006686539,0.0023342671,0.00047324758,0.015989322,0.36336595,1.0
0.9572813,0.1487294,0.010087601,0.00241735,0.001478465,0.001975375,0.01187981,0.014757637,0.001717419,0.015711296,0.15079917,1.0
1.0,0.1452264,0.0044833985,0.0019298231,0.0019270753,0.0013338241,0.012580133,0.021496348,0.0018324871,0.0068397205,0.03137155,0.6186542
1.0,0.11030313,0.0031880245,0.0046783597,0.003405961,0.0011477146,0.018961545,0.023206947,0.0036052805,0.027683644,0.07567493,0.8874185
0.59112936,0.040306628,0.0019677996,0.008079342,0.003222918,0.003949637,0.027956525,0.015182735,0.011474431,0.050142683,0.15041222,1.0
0.41255444,0.020047745,0.0016514101,0.008041751,0.0036296267,0.008661218,0.033783127,0.012374177,0.018949172,0.061022326,0.19521083,1.0
0.6119128,0.03935618,0.0018273124,0.009482658,0.005533742,0.004684741,0.023303783,0.013554313,0.01147641,0.05288086,0.14541626,1.0
1.0,0.10625646,0.004939518,0.016259,0.016362285,0.00919875,0.022729047,0.022947498,0.010227091,0.062008873,0.118502565,0.95033604
1.0,0.20994653,0.012864731,0.016496686,0.03393453,0.03435967,0.068847016,0.038042434,0.024516724,0.066249214,0.080466196,0.4491516
1.0,0.44555855,0.025282655,0.011431521,0.047342278,0.034479555,0.09592164,0.049640663,0.02875992,0.045413356,0.06609956,0.20892103
1.0,0.43621996,0.026068976,0.015208379,0.05508459,0.025548382,0.08118731,0.04271147,0.025922757,0.042337418,0.08149821,0.26349488
1.0,0.2572337,0.024526583,0.02254562,0.066907674,0.06361122,0.108967565,0.06193903,0.031711172,0.06324484,0.15112841,0.63493335
0.5286816,0.09690478,0.02546647,0.032706056,0.07056588,0.06003973,0.039929934,0.02418432,0.014677304,0.048074875,0.33687565,1.0
0.26744607,0.16602841,0.106191166,0.15099391,0.32139456,0.13511682,0.027004072,0.017273156,0.020308932,0.08413921,0.7165253,1.0
0.13151257,0.07670759,0.16403525,0.40948483,0.8275224,0.29890075,0.044419408,0.024737442,0.031649284,0.13966067,1.0,0.96003324
0.304588,0.028588088,0.03259608,0.13516861,0.21890509,0.08322861,0.03316201,0.016261633,0.014232902,0.055837817,0.5471933,1.0
0.7387768,0.093907386,0.038186606,0.22362295,0.084720455,0.015365644,0.044007357,0.032873496,0.015124324,0.028711697,0.20797561,1.0
1.0,0.50089175,0.10749507,0.123869084,0.047884963,0.011679544,0.03323857,0.035229936,0.016966758,0.027440067,0.04977971,0.29708353
0.7713004,1.0,0.277228,0.09642176,0.03223574,0.018784478,0.023295892,0.02546654,0.021059899,0.027397394,0.03539053,0.079375245
0.78041774,1.0,0.4500613,0.1822502,0.069165744,0.04068631,0.039137095,0.044911616,0.032125246,0.034724552,0.040353082,0.08999254
1.0,0.80358326,0.9211923,0.47421,0.18504727,0.15256865,0.22193399,0.17609887,0.09256557,0.112538844,0.14223884,0.38491303
0.29796433,0.35577956,1.0,0.64944863,0.22641015,0.25658122,0.46500745,0.31846026,0.15680453,0.23727661,0.5077796,0.6391142
0.27133194,0.42966932,1.0,0.35607383,0.14803526,0.1990569,0.2895111,0.22712845,0.101472646,0.17500298,0.7291921,0.6559003
0.6578556,0.7379102,0.38913354,0.12058433,0.08289678,0.10935812,0.1428099,0.0957352,0.039500955,0.065694496,0.4032611,1.0
1.0,0.47032163,0.14456424,0.02804704,0.03411233,0.042445377,0.09746616,0.0652225,0.018735515,0.027446946,0.10004461,0.7056054
1.0,0.29037178,0.056248326,0.015258452,0.024675945,0.026927836,0.15999946,0.1144095,0.02829441,0.04649049,0.1512586,0.78747827
0.6940694,0.11273343,0.05477386,0.04335869,0.040812854,0.031355284,0.20346709,0.3108777,0.052960273,0.09182154,0.2549195,1.0
0.78663576,0.11923777,0.07803183,0.12167163,0.0665532,0.05470599,0.2715185,0.34082177,0.0881258,0.16424842,0.18888776,1.0
1.0,0.1784922,0.05200674,0.09050295,0.037289303,0.050363176,0.16872416,0.15930602,0.12291234,0.125943,0.15467049,0.94917357
1.0,0.3575315,0.0704698,0.041171446,0.014198529,0.028802501,0.16330343,0.10146145,0.025533259,0.021675467,0.03531871,0.43384194
1.0,0.4065621,0.12713279,0.10960565,0.0439979,0.060121946,0.45513177,0.23047619,0.031363264,0.042347003,0.052160244,0.5647981
0.17455782,0.04949494,0.045349773,0.15844306,0.06273951,0.11934312,1.0,0.61014336,0.07394374,0.051637147,0.05398583,0.35139024
0.059168357,0.020997982,0.036990326,0.10292624,0.047604036,0.27925274,1.0,0.31119198,0.07528324,0.05166268,0.094849035,0.25919026
0.03120376,0.020060759,0.10068862,0.08826759,0.05622635,0.61170584,1.0,0.08003426,0.08283959,0.13228671,0.5937584,0.51819825
0.026203118,0.01853715,0.08309334,0.049624193,0.037582196,0.463779,0.3744697,0.026656285,0.053202283,0.1158914,1.0,0.61163586
0.14703533,0.060511585,0.080441974,0.15820783,0.15413976,0.5329986,0.69987315,0.17497957,0.302026,0.32119656,1.0,0.911309
0.6825051,0.28712928,0.053306613,0.25383252,0.6724787,0.35571653,0.56454104,1.0,0.71339923,0.5993577,0.5896356,0.38544416
0.63211924,0.37042388,0.02970736,0.064219356,0.44433933,0.22881642,0.22865349,1.0,0.60572606,0.3417872,0.47353658,0.10751784
0.49514756,0.49110922,0.07347214,0.058440395,0.32049507,0.2663522,0.2757125,1.0,0.8387036,0.24816506,0.26435935,0.10268516
0.5768016,0.44439209,0.08757673,0.07365412,0.275637,0.29550314,0.39558962,1.0,0.7545785,0.19511177,0.10787684,0.14749722
1.0,0.26900718,0.04278744,0.08105253,0.18643725,0.21999624,0.2970302,0.4755,0.2550289,0.07983382,0.0983318,0.577546
1.0,0.14254962,0.033455417,0.0824158,0.10172528,0.08481227,0.258536,0.3117952,0.09563067,0.0561722,0.12773865,0.8262456
1.0,0.24117492,0.02857045,0.072866715,0.11043781,0.07056607,0.20615289,0.33695278,0.10895063,0.074404396,0.12563536,0.5157138
1.0,0.6970274,0.07943128,0.048148125,0.14382584,0.13318533,0.1312247,0.2991614,0.20555677,0.09539799,0.13346216,0.24747016
0.7290513,0.63277584,0.08961978,0.14344095,0.42985928,0.33783048,0.47144607,1.0,0.6541076,0.2068493,0.12557657,0.12589923
0.5352659,0.19437668,0.13644777,0.5995755,0.45168033,0.32627478,0.8042916,1.0,0.4304836,0.21810848,0.29518718,0.8058484
0.2358452,0.058832847,0.13177696,0.27802554,0.12428941,0.2987936,0.45076084,0.23322143,0.07366266,0.14741595,0.877788,1.0
0.092569776,0.11054234,0.11519139,0.03537887,0.11541704,0.24405947,0.12765,0.10507728,0.0555421,0.38030285,1.0,0.3065187
0.048364103,0.08632657,0.11360973,0.05197997,0.09562377,0.16283199,0.11614246,0.115470916,0.05475166,0.31650928,1.0,0.30085492
0.07488913,0.05000499,0.08795149,0.20158029,0.12867112,0.116786614,0.26314905,0.16012011,0.055898722,0.18891509,1.0,0.6985215
0.15551452,0.07753916,0.06982964,0.45770046,0.56619924,0.28553945,0.4325425,1.0,0.6090181,0.38462263,0.60937804,0.45690447
0.06072757,0.09261529,0.0568874,0.1039836,0.35698712,0.43606806,0.27488023,0.951486,1.0,0.29469365,0.14248022,0.08311575
0.10520649,0.36036175,0.25093699,0.09905569,0.29191834,0.45437574,0.3797345,0.529715,1.0,0.67474604,0.246716,0.09446684
0.2976626,0.63497293,0.22417562,0.030638784,0.05038483,0.088515446,0.40652865,0.98033595,1.0,0.5807784,0.38909158,0.16469271
0.4318463,0.29938835,0.05471341,0.022914818,0.031137876,0.041304093,0.40822327,1.0,0.57446384,0.20092748,0.3418983,0.32723793
0.21409532,0.05882261,0.018861702,0.02624301,0.02521665,0.04036884,0.30011103,1.0,0.4688184,0.18766056,0.27119404,0.47195587
0.20801723,0.047682755,0.023470867,0.017383588,0.029400377,0.05271519,0.28760576,1.0,0.5188969,0.27396765,0.3092222,0.28883883
0.48080543,0.13666756,0.044046342,0.029833859,0.036185116,0.091658816,0.3965997,1.0,0.5674593,0.475865,0.58597714,0.35821494
1.0,0.6361789,0.10677065,0.032705992,0.035864323,0.09686835,0.2750289,0.4809341,0.33827367,0.34997258,0.4988452,0.6457887
1.0,0.7246951,0.10894092,0.030626778,0.0445217,0.047393404,0.06090064,0.07177816,0.058168497,0.05592485,0.0728783,0.31839046
1.0,0.4662482,0.11851801,0.061330307,0.07486827,0.046322484,0.033236876,0.05550061,0.07562808,0.14541471,0.3796237,0.90615666
0.37396607,0.12445603,0.07338559,0.0861631,0.07844145,0.117124304,0.26988757,0.4376288,0.5725366,0.8531197,1.0,0.7174117
0.39181137,0.22650073,0.18963452,0.21951266,0.28789607,0.5547645,0.8498047,1.0,0.79830104,0.7100456,0.619638,0.40729874
0.14037666,0.11070551,0.1062575,0.06899945,0.08942634,0.1788041,0.20234138,0.381474,1.0,0.7517193,0.32255098,0.19049981
0.21834607,0.25446957,0.34419617,0.090066805,0.10008052,0.13411076,0.24748215,0.6112051,1.0,0.7538982,0.31575865,0.17793569
0.88739234,1.0,0.9119117,0.27885318,0.44843462,0.52523565,0.39260736,0.71186703,0.63225347,0.6292145,0.3995879,0.5217876
1.0,0.6255185,0.5069442,0.30164832,0.4226533,0.5311934,0.28242126,0.34172693,0.29828924,0.41616765,0.61781496,0.6615628
0.84096354,0.5163487,0.48393357,0.3573975,0.79883015,0.44453385,0.35634515,0.40755126,0.8781489,0.6219034,1.0,0.8064777
0.39750314,0.28352758,0.43686816,0.6450845,1.0,0.34834266,0.16943474,0.1352353,0.49345893,0.29265994,0.33717844,0.51466733
0.64881045,0.48625925,0.86196727,1.0,0.77726436,0.2870719,0.1657428,0.1341978,0.257337,0.21600418,0.20322368,0.4649353
0.51588017,0.35008058,0.60453475,0.4903123,0.29492038,0.1756232,0.17563465,0.30592075,0.63184804,1.0,0.61974126,0.3561364
0.05553376,0.041809108,0.08256794,0.059253715,0.09193298,0.09926406,0.063664876,0.08120644,0.33619228,1.0,0.7510195,0.15885477
0.07525765,0.044898186,0.061859854,0.053545147,0.11511482,0.14898866,0.15096128,0.6328193,1.0,0.9764763,0.8544765,0.1955225
0.01763465,0.0158722,0.017461438,0.013951846,0.08653868,0.13384344,0.37859562,1.0,0.415045,0.2804641,0.2278175,0.060031217
0.002262631,0.0071266163,0.009066565,0.007014754,0.024613643,0.07845787,0.60877997,1.0,0.1607496,0.055915073,0.0401307,0.010556319
0.00082469714,0.003788206,0.007693879,0.011157538,0.009834301,0.041203756,0.44558185,1.0,0.31215715,0.03694527,0.010792279,0.0025457414
0.0020954695,0.00319529,0.008977859,0.021835724,0.013995041,0.023649354,0.18672737,0.6998481,1.0,0.37705985,0.0336696,0.0028814485
0.010555747,0.006294063,0.007407196,0.02158853,0.022673758,0.014636887,0.08188055,0.19215412,1.0,0.8259696,0.11958717,0.021930901
0.25567445,0.03163515,0.034798134,0.065020144,0.03674428,0.08485663,0.25246167,0.40283903,0.6409792,0.5140195,0.60495,1.0
0.22820291,0.038138695,0.098855786,0.09593139,0.05723752,0.105584264,0.15640527,0.17038992,0.11431757,0.14106318,0.579883,1.0
0.38893598,1.0,0.96132237,0.4442861,0.21317026,0.2224004,0.23515745,0.21897559,0.16225815,0.17480297,0.29447168,0.35004494
0.3971656,1.0,0.600623,0.45810518,0.6128973,0.25460717,0.11081526,0.05702951,0.035278175,0.021246571,0.05191371,0.18095025
0.5074192,0.5679383,0.22956213,0.65288466,1.0,0.1984017,0.0391594,0.021575853,0.023174407,0.03482159,0.09368653,0.25308782
0.65785176,0.8377874,1.0,0.7709305,0.38701594,0.13894247,0.040680464,0.016385574,0.015540054,0.041162763,0.08980526,0.19386299
0.5056918,0.34223783,0.902377,1.0,0.33357474,0.07951329,0.023226438,0.013451776,0.009955593,0.032925077,0.117581494,0.45264998
0.55220073,0.031690415,0.04301669,0.069201,0.027833562,0.014648708,0.018074716,0.009080019,0.0015335085,0.006465678,0.12718143,1.0
0.2916555,0.015139609,0.012097876,0.033225056,0.049682956,0.049632784,0.02064633,0.0050906627,0.0136435805,0.09665215,0.46678138,1.0
0.31184217,0.31019256,0.8270443,1.0,0.49447712,0.16419432,0.04831374,0.06647612,0.19863799,0.56206554,0.78270197,0.58947754
0.255831,0.50394845,1.0,0.56008744,0.18130514,0.073044024,0.04951311,0.0402297,0.053755052,0.07173347,0.11746608,0.25546423
0.19576289,0.32124436,0.48325744,0.97322655,1.0,0.15535712,0.031697497,0.034076758,0.030410761,0.026071861,0.39147303,0.54772645
0.25816885,0.07123512,0.091549516,0.98292094,1.0,0.21401303,0.03737576,0.027059205,0.030773977,0.039540112,0.40983123,0.5647869
0.6873194,1.0,0.19230506,0.12359724,0.22726826,0.31009972,0.20610976,0.05046763,0.01575093,0.116261825,0.27192357,0.20861517
0.21276765,1.0,0.31639123,0.009864046,0.008119658,0.03711868,0.13009736,0.066659085,0.0061619077,0.05866143,0.31059512,0.07892178
0.1216075,1.0,0.7115866,0.06673345,0.017823134,0.019797513,0.16982178,0.2178397,0.03825668,0.05132758,0.43586808,0.18266958
0.08810429,0.30080238,1.0,0.37112933,0.082399145,0.027886383,0.15411139,0.3051989,0.22175021,0.15693295,0.20337316,0.14950667
0.40060726,0.6148791,0.7542155,0.5367816,0.3407737,0.16609421,0.11413553,0.15456389,0.3742048,1.0,0.77232075,0.25273913
0.5065677,1.0,0.389358,0.18827423,0.23462138,0.19418246,0.056319647,0.08141739,0.10929606,0.33288833,0.30949357,0.16100453
0.78999996,1.0,0.6942885,0.27101597,0.24292354,0.2137208,0.12979734,0.2262125,0.39403465,0.46990433,0.38824406,0.63132304
0.7974294,0.4156906,0.21081851,0.39000788,0.25989637,0.16049522,0.11031085,0.20802388,0.2854248,0.34640056,0.38757226,1.0
0.502182,0.27845532,0.23786092,0.2582443,0.18608452,0.14602548,0.049428135,0.20460579,0.39883593,0.18495458,0.32921883,1.0
0.48599145,0.39919102,0.2998588,0.34267363,0.18628491,0.060747493,0.052992538,0.22815298,0.36930162,0.24297553,0.33025816,1.0
0.7225699,0.6419888,0.56961656,0.9819219,0.4895051,0.13339487,0.13616545,0.61392856,0.67105013,0.46737862,0.49201447,1.0
0.6614978,0.9241396,0.80442584,1.0,0.74528825,0.318385,0.2580917,0.82251406,0.75319034,0.5220855,0.7923844,0.9069559
0.47120175,0.4751124,0.51585746,0.8933607,1.0,0.4307995,0.3044927,0.39619675,0.57162404,0.55706704,0.8688786,0.9319814
0.5852195,0.32346675,0.57774544,0.8544015,1.0,0.4290198,0.2586046,0.31617242,0.36151397,0.4776026,0.55176306,0.99543446
0.5679897,0.34742564,0.6067403,1.0,0.63190156,0.71151096,0.6547093,0.34268,0.29133323,0.30201596,0.48406482,0.92791
0.42304558,0.21831882,0.21329752,0.46716124,0.6804895,1.0,0.99259275,0.34712788,0.21667722,0.2565089,0.27545372,0.69882387
0.47479168,0.3405127,0.18022618,0.41626465,0.6646761,0.7116994,1.0,0.65377176,0.2755399,0.2734516,0.42787167,0.5730375
0.55737054,0.9131008,0.4170519,0.47332385,0.60681343,0.3598692,0.810194,1.0,0.39480793,0.33054262,0.81446195,0.9459648
0.5388101,1.0,0.60754514,0.2817845,0.169726,0.25626194,0.5731879,0.6683135,0.3626272,0.22756791,0.82797563,0.7985061
0.75551313,0.8718788,0.524366,0.3131675,0.23428294,0.19292137,0.58126545,0.96867,0.9357101,1.0,0.7197734,0.727916
0.042971265,0.036764983,0.05187188,0.03551225,0.031676922,0.02765236,0.056301046,0.122607425,0.31671566,1.0,0.9211537,0.21640585
0.03134207,0.0093618855,0.01348919,0.010127899,0.03012333,0.06621158,0.0263827,0.031716768,0.07864182,0.497664,1.0,0.41975623
0.09726768,0.005005534,0.00555118,0.005954691,0.011106457,0.040648468,0.017775215,0.0087798,0.0086569395,0.07765194,0.77088034,1.0
0.15873943,0.0031577323,0.0023137853,0.0052371924,0.002572139,0.006758661,0.006714327,0.003858662,0.0034200228,0.021488314,0.47099698,1.0
0.4378871,0.025559813,0.0025484106,0.012357906,0.0060066557,0.004379261,0.011078503,0.007098456,0.0052988697,0.01864922,0.31826895,1.0
1.0,0.08514696,0.0044228924,0.024141898,0.011249473,0.004233344,0.018191908,0.014519378,0.005717803,0.008526869,0.08017424,0.8081883
1.0,0.09282464,0.082454406,0.113791235,0.015309786,0.01617193,0.026848467,0.0124549335,0.0065583983,0.011031671,0.09485352,0.77893776
0.81171954,0.43099317,0.95086175,0.50342494,0.18068786,0.30763772,0.1953826,0.034114167,0.07454903,0.3010962,0.79686695,1.0
0.16791156,0.22816207,0.37279096,0.2242089,0.53641796,1.0,0.2578856,0.034907505,0.110425055,0.42410743,0.5986999,0.32150763
0.08916371,0.12461994,0.17954305,0.23156741,0.7300465,1.0,0.23841324,0.053929456,0.113807835,0.37207603,0.4010522,0.14236936
0.35158595,0.57434213,0.8215248,1.0,0.38248903,0.15475944,0.099846914,0.117164135,0.11895424,0.16838351,0.26918852,0.19788015
0.113861926,0.21648414,0.46024305,1.0,0.54016894,0.10677179,0.027917318,0.029608725,0.039441053,0.09475231,0.20006616,0.10408093
0.05710215,0.053091787,0.12011102,0.5584206,1.0,0.5974958,0.056174498,0.011924425,0.016527636,0.050322223,0.11151949,0.07553854
0.046305936,0.071047276,0.010912216,0.060495786,0.66630363,1.0,0.20582901,0.011294345,0.0023909353,0.004741374,0.006060056,0.009530542
0.03873407,0.11588805,0.01794712,0.019957123,0.32872295,1.0,0.39640686,0.035994984,0.002730107,0.004420046,0.0047107367,0.004155538
0.019775175,0.075215735,0.022726357,0.017979996,0.0687765,0.51046944,1.0,0.17077869,0.007473995,0.0070386156,0.0064901453,0.0047207554
0.005095656,0.014461907,0.0064006536,0.007193766,0.018185306,0.1983519,1.0,0.28037295,0.0069846986,0.0029151766,0.0029189717,0.0017977784
0.004389846,0.006204049,0.008860651,0.010640479,0.031978156,0.20124464,1.0,0.29885393,0.0068149446,0.0019820998,0.002692241,0.0025671255
0.0500051,0.029395867,0.033062153,0.035080988,0.07773763,0.3789175,1.0,0.27217028,0.03331689,0.08421873,0.08914121,0.043456253
0.24740714,0.05938995,0.04512621,0.038456824,0.06485422,0.17679073,0.1434121,0.090627424,0.11746085,0.6394592,1.0,0.6197938
0.1556958,0.029254325,0.039469797,0.027882332,0.016880719,0.04218962,0.059707455,0.086412214,0.1933687,0.62060046,1.0,0.6332618
0.043366697,0.019298015,0.024129199,0.021391973,0.014177935,0.028112656,0.07949739,0.31894892,0.7849521,1.0,0.9590894,0.22334798
0.02920316,0.019881025,0.013611062,0.018395605,0.017465167,0.029756628,0.08845786,0.28773174,0.6042854,0.9584453,1.0,0.12955357
0.103712544,0.05871074,0.025948599,0.03023449,0.026413947,0.03871553,0.080778465,0.20673677,0.4525111,0.9860665,1.0,0.15395913
0.5084182,1.0,0.45360073,0.10345188,0.080683604,0.045930695,0.07935112,0.13401338,0.29750308,0.5851995,0.86695296,0.5640892
0.31704807,0.995415,1.0,0.4773576,0.13226677,0.03906095,0.013983842,0.013563949,0.048838906,0.074333414,0.062002424,0.088570885
0.06415715,0.3086323,0.6989914,1.0,0.8909314,0.49758017,0.105864905,0.018766254,0.0232239,0.03409734,0.01455988,0.011532112
0.040777065,0.077894144,0.115609564,0.3446066,0.67149365,1.0,0.56089944,0.122636974,0.034573376,0.01962051,0.008760301,0.014361254
0.08227381,0.07005007,0.031831887,0.06320277,0.16621135,0.85163534,1.0,0.39979878,0.2745114,0.29632097,0.16872615,0.10432504
0.016758839,0.008994263,0.0072042034,0.035693515,0.10473572,0.10058362,0.045787673,0.063232854,0.30067098,1.0,0.73462087,0.13988358
0.008380538,0.0048422813,0.0043600597,0.017423104,0.05161772,0.042704754,0.036826078,0.111458436,0.49506792,1.0,0.60043246,0.09302618
0.016788809,0.012029629,0.018331401,0.029691124,0.08510127,0.294674,0.5884046,0.7954697,1.0,0.8301955,0.30289605,0.05825422
0.035171725,0.048801977,0.07748199,0.11511206,0.29037485,0.7880576,1.0,0.45415384,0.17692338,0.12686382,0.09443196,0.06429615
0.44429696,0.6663063,0.7222379,0.46164644,0.51834357,0.75366193,0.86560506,1.0,0.77568287,0.74325097,0.7421496,0.5221423
0.3338066,0.36445147,0.2941155,0.23533455,0.270575,0.41062462,0.48701763,1.0,0.8670677,0.41553268,0.54558146,0.3472277
0.45983484,0.3870515,0.34499538,0.38547218,0.29786763,0.3599143,0.54913104,1.0,0.8310419,0.4525113,0.5890875,0.64883447
0.33182135,0.38398615,0.2592848,0.36428103,0.30127317,0.28362107,0.3708826,0.7789704,0.57739687,0.39094004,1.0,0.7160897
0.6318323,0.25314793,0.101292945,0.1927712,0.23105338,0.2774592,0.3390464,0.5247011,0.39698145,0.46174654,1.0,0.87709445
0.43122417,0.29134774,0.0827679,0.081813976,0.17191677,0.21008626,0.32462314,0.334935,0.22060223,0.49155706,1.0,0.6139997
0.360166,0.1761924,0.09304575,0.09629815,0.18608384,0.22541459,0.31543905,0.2894691,0.209309,0.2693519,1.0,0.86400294
0.39185318,0.24830551,0.08332976,0.15170844,0.30384663,0.32972515,0.5069069,0.36193988,0.37463075,0.70504487,0.86456466,1.0
0.6406718,0.31961122,0.10204491,0.20817189,0.31790048,0.3726794,0.70120174,0.42608747,0.5755567,0.88328016,0.50219053,1.0
0.65833855,0.29304144,0.18100734,0.15755449,0.19141974,0.33701897,0.47307003,0.37609416,0.29173928,0.25756082,0.5803762,1.0
0.5995793,0.921361,0.30441526,0.54067117,0.39308876,0.81536096,0.6732593,0.55828327,0.23077251,0.35830218,1.0,0.9094128
0.3865496,1.0,0.19521528,0.70741713,0.3196524,0.9751466,0.50637954,0.63099366,0.17534918,0.15654548,0.7860624,0.37317696
0.4568138,1.0,0.20986742,0.6924049,0.35309905,0.912671,0.48785728,0.689868,0.2175036,0.22076644,0.9593853,0.40056488
0.44738233,0.4971745,0.33496922,0.40952054,0.25424936,0.30479163,0.60208327,1.0,0.6291379,0.42290416,0.6301309,0.38035372
0.09083388,0.086276054,0.1887513,0.42081997,0.2374891,0.0662892,0.17678496,0.49177107,1.0,0.8132319,0.23839006,0.12397313
0.020188775,0.023346255,0.020010067,0.054117966,0.053572573,0.024175426,0.020880517,0.08836875,0.51629835,1.0,0.31884256,0.051677033
0.008766538,0.014902794,0.013362604,0.02205941,0.019545771,0.025839223,0.105784826,0.43271527,1.0,0.8356904,0.2224095,0.03916752
0.02796775,0.032563142,0.03382435,0.07182188,0.2172947,0.5409163,0.95973843,1.0,0.55004066,0.18304023,0.069673195,0.05541731
0.035708025,0.03609682,0.11804246,0.5768764,1.0,0.8192641,0.53826094,0.20063898,0.03085763,0.021192651,0.048496444,0.058836643
0.022741016,0.031071315,0.18748008,0.82683176,1.0,0.37754413,0.14032844,0.034187026,0.017248418,0.012075561,0.043760113,0.036238674
0.029732762,0.03143383,0.09019174,0.2853164,0.5825747,0.9342788,1.0,0.67237,0.2745946,0.07051923,0.045931652,0.04339981
0.036034055,0.015724516,0.022549197,0.025047828,0.04351638,0.17469053,0.5456658,0.9186031,1.0,0.77676505,0.36678922,0.1404145
0.09721939,0.014205591,0.0045021786,0.0035534252,0.0053700395,0.007931458,0.01797765,0.049699325,0.18650971,0.6642238,1.0,0.5107997
0.3963971,0.10581792,0.023648357,0.006246778,0.0054750047,0.00567296,0.0057495576,0.008327284,0.02510225,0.253315,0.9157832,1.0
0.80035,0.37623075,0.12858488,0.05312261,0.034315683,0.030977098,0.024821296,0.026618792,0.030045297,0.15349355,0.5906706,1.0
0.84299856,0.6072144,0.2547918,0.31955153,0.39762804,0.27715102,0.37407142,0.29368827,0.26991197,0.39464834,1.0,0.8224554
0.3078194,0.19849598,0.099061266,0.146814,0.21522148,0.21999182,0.41930926,0.3149311,0.25951383,0.35216844,1.0,0.70163244
0.5780892,0.2631653,0.14933582,0.19990353,0.21010715,0.33731487,0.36893097,0.7272847,0.5846739,0.4467397,0.77489346,1.0
0.45406774,0.3134889,0.17802608,0.31194937,0.2633902,0.3260189,0.34154525,0.9404166,0.5954761,0.5351217,0.89936924,1.0
0.6764208,0.34507728,0.13050897,0.12969764,0.15101764,0.09689446,0.046386383,0.04078122,0.084171824,0.31700245,0.8040499,1.0
0.37242204,0.047891885,0.01204798,0.018866278,0.0264834,0.01782645,0.014139827,0.0072303205,0.012769655,0.14975803,0.72768897,1.0
0.18386622,0.010220335,0.008783779,0.0052568577,0.007217155,0.008863997,0.010134598,0.0040562665,0.003021512,0.10043523,0.81608826,1.0
0.15758161,0.006171306,0.008696212,0.0046089236,0.0040393113,0.013813701,0.010700677,0.0012970171,0.0011500565,0.048756417,0.60907173,1.0
0.290592,0.006743372,0.007665116,0.013546172,0.0028446028,0.016344115,0.019194689,0.0024968889,0.00062591356,0.009299627,0.2601369,1.0
0.37711582,0.015438127,0.04952873,0.09996917,0.010857916,0.016823027,0.043600183,0.009421018,0.0013918877,0.0050624916,0.17081927,1.0
0.36163837,0.10769583,0.5241951,0.49465638,0.03810107,0.07166456,0.16019227,0.0245671,0.0067967535,0.015406009,0.31652838,1.0
0.32358927,0.068978444,0.18402702,0.14553194,0.010726264,0.030979214,0.13471463,0.03442923,0.0031081946,0.008541714,0.19777188,1.0
0.3011667,0.027946338,0.010803227,0.017649703,0.003010436,0.011595782,0.11682963,0.034023218,0.0015007239,0.0054276623,0.16891526,1.0
0.2049492,0.0059133847,0.002328403,0.0056280997,0.002124689,0.020171547,0.19586399,0.05551779,0.0008398356,0.0027196596,0.18401223,1.0
0.2500268,0.005393577,0.0010604482,0.0028021417,0.0020499837,0.026044616,0.3018283,0.106616795,0.0013182195,0.0024258157,0.17061096,1.0
0.40008444,0.012615963,0.0010692198,0.0044327234,0.0020785627,0.027026126,0.43915698,0.20919077,0.0030757217,0.003308836,0.1306889,1.0
0.5262905,0.024838623,0.0010407442,0.0055904645,0.0022893706,0.017889563,0.38304943,0.23566072,0.004778326,0.004125562,0.12147054,1.0
0.6693903,0.04108912,0.00097428303,0.004085704,0.0017509267,0.009772706,0.24264401,0.16565797,0.0043335115,0.0033596258,0.11144913,1.0
0.76362246,0.052527826,0.0013122979,0.003503045,0.0013689413,0.005773562,0.15864559,0.12701635,0.003999872,0.0025438303,0.09946353,1.0
0.7932432,0.05904938,0.0008214304,0.0016666744,0.0008586849,0.0038023468,0.10683519,0.09439608,0.0033659493,0.0029236355,0.1049029,1.0
0.67354584,0.044660624,0.0005814624,0.0012545835,0.00060498406,0.003565666,0.07564,0.052825768,0.0017800562,0.0031076812,0.13642661,1.0
0.6192848,0.038364362,0.0006662606,0.0011408688,0.0005811576,0.003431608,0.06259217,0.03756966,0.000986714,0.0029252653,0.14531831,1.0
0.64091027,0.041613966,0.00050002866,0.0010546539,0.00050917506,0.0034410404,0.06500592,0.03938061,0.0009418476,0.0029501074,0.13746926,1.0
0.540476,0.03047156,0.0005328744,0.0008701963,0.0003298849,0.0036575377,0.05939476,0.029323576,0.00071264204,0.0036527228,0.17065667,1.0
0.40272704,0.018541599,0.0004790222,0.0007272094,0.00028188515,0.003839757,0.03989916,0.013205703,0.0006420611,0.006200477,0.25238675,1.0
0.25016177,0.008590916,0.0005639484,0.0008340203,0.00055278756,0.009308562,0.03326482,0.0048800954,0.0012337468,0.018083032,0.4293227,1.0
0.18266396,0.0036123053,0.0008288536,0.0011311178,0.0007912463,0.015772808,0.044723473,0.0043454706,0.0015008643,0.029504837,0.5513052,1.0
0.2969827,0.012166608,0.0006936333,0.000616853,0.00048484906,0.01185106,0.06271573,0.014764469,0.001904156,0.016810529,0.3648982,1.0
0.83120334,0.10907425,0.005202944,0.0005339195,0.0003436916,0.0045921495,0.057153143,0.045679137,0.0055059115,0.007093718,0.15389146,1.0
1.0,0.3542414,0.022749918,0.0010568964,0.00069752405,0.00076104724,0.01229978,0.038300805,0.010218108,0.0020808484,0.02281914,0.3806496
1.0,0.5779511,0.084993005,0.006325398,0.004562121,0.002196498,0.0063138045,0.025840504,0.017130634,0.03039217,0.100051574,0.49568793
0.5765097,0.3432793,0.1469496,0.029995963,0.022825241,0.027140202,0.061909,0.13764808,0.25311908,0.56425124,0.99184805,1.0
0.1649098,0.046439067,0.040401235,0.04572742,0.11193847,0.30741987,0.7043884,0.98729163,1.0,0.85084534,0.4951494,0.38152593
0.34709477,0.15677203,0.14640796,0.17088327,0.38974175,0.73654926,1.0,0.6093944,0.18205695,0.14183621,0.30396965,0.7174135
0.403713,0.25614285,0.22344291,0.21585993,0.4511173,0.34778595,0.53684735,0.44002005,0.21228595,0.2468887,0.5971016,1.0
0.7880072,0.5062712,0.41012585,0.5147798,0.76742744,0.5889209,0.8175608,0.7280129,0.5816262,0.40445784,0.6673634,1.0
0.47196534,0.254181,0.37819204,0.40878236,0.4959002,0.5002503,0.55110717,0.38766158,0.35721168,0.4128571,1.0,0.8924719
0.08620464,0.017831367,0.026630055,0.023672467,0.020536508,0.0333581,0.03649058,0.025189234,0.055621352,0.40779126,1.0,0.5294515
0.030573381,0.0035314385,0.0042749946,0.0033577126,0.0032540786,0.009652685,0.004729059,0.0025068668,0.016975617,0.31678173,1.0,0.44248965
0.01463247,0.0016705433,0.0020884993,0.0012938338,0.003967297,0.012679453,0.0025700107,0.0014739424,0.020955821,0.35734433,1.0,0.36670738
0.026408909,0.0022721794,0.0014549848,0.00050231145,0.004635916,0.039134927,0.025720695,0.0034426388,0.021663737,0.33502993,1.0,0.4401816
0.31268048,0.030414712,0.0021456121,0.0005966262,0.0028119432,0.05906222,0.17363812,0.07070243,0.01173353,0.121701375,0.7153669,1.0
1.0,0.25298986,0.01772459,0.0014188653,0.0006198848,0.017628731,0.22761318,0.2867237,0.04251166,0.011338179,0.15579201,0.8181385
1.0,0.73460525,0.07733612,0.0029359683,0.00049424305,0.0026175801,0.051045936,0.25708583,0.1626773,0.006519461,0.03087812,0.1618634
1.0,0.56108814,0.06966921,0.004147798,0.0060950746,0.019134523,0.08050255,0.31461018,0.19390878,0.05022557,0.16893737,0.499773
0.5555339,0.14070459,0.020616034,0.02409652,0.050935708,0.17890064,0.32739684,0.50034326,0.4618686,0.5824065,0.85298955,1.0
0.06194255,0.051186237,0.12606621,0.26477212,0.40859127,0.86263585,1.0,0.7674167,0.53334546,0.44733098,0.27950826,0.12622619
0.17688207,0.32418498,0.5296429,0.68146604,0.690108,1.0,0.7374976,0.37132105,0.13478713,0.10685156,0.11949748,0.1312011
0.39716864,0.46519834,0.3955344,0.32559663,0.2598841,0.34499717,0.50509024,1.0,0.9511273,0.5018055,0.48113167,0.5270875
0.23344572,0.19970258,0.14562665,0.09824095,0.11300967,0.209585,0.56822413,1.0,0.7916183,0.5445537,0.4335335,0.46871614
0.37362096,0.27441797,0.19133258,0.15195239,0.1349064,0.20203754,0.5697661,1.0,0.70762366,0.5752949,0.46392256,0.64326197
0.601528,0.24349125,0.1652073,0.1492054,0.14030454,0.21357046,0.6330148,1.0,0.4607955,0.30589545,0.45944872,0.896237
0.33349624,0.13923845,0.104029305,0.13305853,0.14533065,0.21817215,0.6358788,1.0,0.41978452,0.3250237,0.3113564,0.5271514
0.21680468,0.12737904,0.09978887,0.17059828,0.22399782,0.2851029,0.5665425,1.0,0.5029425,0.3325866,0.36371514,0.27851784
0.61215335,0.6867699,0.3062481,0.38862103,0.30985218,0.4169856,0.72817206,0.6969105,0.46862644,0.43693247,0.7599648,1.0
0.6828866,0.8271984,0.30567113,0.32017377,0.26913032,0.24832642,0.30045223,0.35851738,0.35171396,0.7506023,1.0,0.67902386
0.10109372,0.06014949,0.11687456,0.5007215,1.0,0.43099436,0.070321426,0.18817897,0.14351238,0.15513442,0.12123082,0.10817947
0.122599185,0.01753706,0.01797055,0.15962704,1.0,0.9573972,0.17650297,0.069370896,0.043996435,0.021513408,0.013944637,0.091201365
0.12585074,0.07273548,0.015412638,0.017260903,0.31462955,1.0,0.46249494,0.04685697,0.007578687,0.006322567,0.0055153086,0.027479358
0.1301379,0.2128866,0.12628132,0.051723994,0.16026132,0.9278385,1.0,0.31167302,0.08772144,0.043398585,0.018516136,0.020322306
0.11755793,0.25158337,0.37784463,0.28397074,0.24071638,0.48251906,0.8826978,0.7670857,0.48020855,0.8736478,1.0,0.45532748
0.1795471,0.027877247,0.08280748,0.10852547,0.066919304,0.3705471,0.768037,0.35499656,0.11566832,0.2545658,0.9168573,1.0
0.11653591,0.029178532,0.08082876,0.12345754,0.13031906,0.7314229,1.0,0.25548515,0.21799463,0.44916192,0.5933706,0.55461675
0.029869115,0.038345944,0.067280814,0.13832173,0.17499036,0.3489972,0.39266542,0.4090944,1.0,0.8796368,0.29121965,0.08052269
0.0848401,0.073693156,0.08236002,0.06739195,0.06418734,0.22710244,0.6071007,1.0,0.9772493,0.29868189,0.032063726,0.034567792
0.5530401,0.14218685,0.06904866,0.0473468,0.41305318,1.0,0.76571953,0.49560082,0.19984175,0.06370966,0.018028267,0.29331794
1.0,0.37050185,0.07262011,0.04378714,0.4338224,0.8117418,0.1905997,0.036757097,0.02715015,0.03245263,0.01666272,0.33084592
0.57154113,1.0,0.447782,0.15452707,0.12984769,0.48259917,0.36462978,0.22292547,0.2266265,0.21659906,0.10376566,0.11488933
0.12181595,0.30676186,0.2348593,0.1485144,0.11184351,0.25688836,0.1465814,0.0949469,0.3410771,0.71007234,1.0,0.5922826
0.08290024,0.026469447,0.09683568,0.057868972,0.03648584,0.2061337,0.19835232,0.03195909,0.056621406,0.23452567,1.0,0.81299233
0.05511117,0.10292226,0.11920774,0.09512813,0.17436664,0.23789927,0.15402217,0.051472984,0.24563862,1.0,0.990002,0.3035556
0.02791342,0.14772367,0.20238172,0.17484422,0.112806454,0.05987393,0.07918117,0.24993491,0.69114584,1.0,0.24762169,0.029213957
0.05669324,0.6664137,1.0,0.20557474,0.029401956,0.057429653,0.34254006,0.59322834,0.42086017,0.26124758,0.05151825,0.014590944
0.37397385,1.0,0.3865403,0.030219406,0.012245357,0.09087809,0.2781203,0.1302913,0.014236817,0.0075207134,0.009154197,0.02783966
0.3707764,1.0,0.38280514,0.073560804,0.021363936,0.06648105,0.15247469,0.0972922,0.031391107,0.024945643,0.026443928,0.057310443
0.22383429,1.0,0.6940291,0.21619521,0.10044071,0.14878002,0.22756423,0.24221049,0.14667462,0.399224,0.5341415,0.30118006
0.12892517,0.086541094,0.042705834,0.03738432,0.046106536,0.12046806,0.17958339,0.061015323,0.10422935,0.54045874,1.0,0.52740383
0.25256008,0.05487711,0.036667053,0.021383202,0.02332529,0.059196357,0.07921832,0.03402718,0.08397413,0.41677067,1.0,0.6674873
1.0,0.41757283,0.04857837,0.0076058987,0.006417568,0.019534905,0.048024256,0.037510205,0.051450066,0.10617601,0.34415588,0.7918845
0.835318,1.0,0.11507693,0.010900263,0.008998444,0.029184038,0.05462712,0.03822816,0.027071083,0.014468116,0.030509457,0.09919211
0.3801753,1.0,0.4336612,0.04222018,0.03270553,0.067680925,0.05733346,0.042687587,0.036009062,0.022637235,0.026143534,0.080142
0.5506788,1.0,0.32675096,0.020712642,0.020233586,0.032813795,0.021941036,0.03705171,0.03423413,0.017229388,0.021470467,0.090904236
1.0,0.55759907,0.065839596,0.003763458,0.0027525232,0.0051942905,0.008344773,0.016810467,0.0090716975,0.0064258715,0.04462967,0.4148396
1.0,0.133719,0.0074770846,0.0008565201,0.0005303929,0.0025376976,0.020692766,0.015568433,0.002220093,0.0027922057,0.0980217,0.88128936
0.80222785,0.060836922,0.0014643752,0.0014605018,0.00056773267,0.0024095252,0.045948386,0.032758072,0.0012563322,0.0022059083,0.11947984,1.0
0.68605983,0.048826013,0.0024914222,0.0024045722,0.0010201687,0.003372268,0.06535833,0.043383837,0.001717178,0.0029797286,0.12439281,1.0
0.44033957,0.025954973,0.004139834,0.003888436,0.007737049,0.021648264,0.07714438,0.035074707,0.0049239253,0.0049884445,0.19636884,1.0
0.47106746,0.028261546,0.012053996,0.008590889,0.024791969,0.07230595,0.07830353,0.032048263,0.008805738,0.0052890778,0.18651536,1.0
0.4351722,0.023791082,0.010873703,0.0061507616,0.022665037,0.05789312,0.06853505,0.023018364,0.0050060204,0.008033248,0.22924457,1.0
0.23618744,0.007839754,0.0027935475,0.0015521069,0.007475865,0.042211935,0.10049879,0.014072182,0.001209677,0.022692606,0.46511543,1.0
0.15869837,0.0024844157,0.000680449,0.00035502494,0.0018857616,0.07647097,0.16248491,0.010698893,0.0006572022,0.042713482,0.65238625,1.0
0.264239,0.011525939,0.00052957714,0.00025288775,0.0010217036,0.06951967,0.2380923,0.036995735,0.0009463891,0.02428623,0.43978274,1.0
0.5713939,0.03656456,0.00053109234,0.0001412602,0.00024629122,0.023167405,0.21179792,0.085280254,0.0014165471,0.0056775315,0.1734519,1.0
0.7636093,0.05241297,0.0005015185,0.0001615385,0.0001600778,0.0058023473,0.13829583,0.10058427,0.002091523,0.0019822137,0.10389251,1.0
0.87686807,0.068506956,0.000837591,0.0005742729,0.00055159506,0.0045438297,0.15210588,0.16331351,0.0061882404,0.0018076056,0.094146945,1.0
1.0,0.088592775,0.0011312196,0.0009969765,0.00092299166,0.006195168,0.30628803,0.5518265,0.030886551,0.0022517,0.06388035,0.90799546
0.6683827,0.06923595,0.0015052682,0.000756997,0.0008080462,0.004316214,0.33735096,1.0,0.10892646,0.00314069,0.029760445,0.47473028
0.7588243,0.16700499,0.005103766,0.0016466143,0.0023267132,0.0041962024,0.22549668,1.0,0.20948488,0.035515267,0.027254658,0.26708877
1.0,0.44687998,0.015340342,0.0036678137,0.009006512,0.0065971664,0.11338424,0.669576,0.34395763,0.09318551,0.19635385,0.25427017
1.0,0.38534147,0.017444458,0.007308077,0.008616675,0.006268172,0.073473684,0.24970847,0.13624525,0.054794203,0.23909692,0.5183482
1.0,0.10244204,0.007557749,0.010759617,0.0042941673,0.005933776,0.07512698,0.0736456,0.013249503,0.010609161,0.061602395,0.8638847
0.9495376,0.08072634,0.009939141,0.01191396,0.0042472864,0.0073381867,0.08021002,0.06703358,0.0071905465,0.009330375,0.052896935,1.0
1.0,0.13486758,0.016713811,0.008149362,0.0048124953,0.0045415647,0.037277248,0.075192414,0.012825775,0.008444253,0.020181973,0.42639053
1.0,0.27911702,0.03482043,0.028703924,0.025187863,0.010756511,0.032966975,0.107062384,0.03505096,0.008353924,0.0146386875,0.1992698
1.0,0.84086734,0.11403349,0.18931773,0.23756598,0.09295072,0.053148665,0.17411493,0.145383,0.027836142,0.028154533,0.10079175
1.0,0.7797658,0.08718969,0.181234,0.70553255,0.4085153,0.06897268,0.21213083,0.16248253,0.04009472,0.045184553,0.0953556
1.0,0.33740336,0.088275574,0.074407354,0.39610344,0.2786904,0.115030564,0.24416374,0.085443005,0.04146942,0.05393354,0.20624301
1.0,0.24074657,0.07225208,0.07683795,0.110982105,0.1228421,0.18090315,0.3699943,0.10315209,0.08383002,0.07399092,0.5074314
0.553417,0.07419003,0.025057346,0.074169956,0.07713611,0.12640907,0.19126137,0.21500105,0.10045333,0.17084244,0.21620488,1.0
0.50777584,0.115426905,0.025440075,0.050032083,0.07224499,0.10920798,0.14542818,0.14827257,0.06723237,0.19034426,0.32335877,1.0
0.72536176,1.0,0.23522821,0.08701256,0.20139943,0.43241113,0.16786814,0.17894927,0.09153864,0.14889348,0.21488403,0.35054573
0.3987423,1.0,0.3206214,0.12162639,0.1125067,0.22915705,0.064060256,0.05367133,0.072880305,0.11279535,0.114812486,0.04918058
0.58232474,1.0,0.44486913,0.42120087,0.20573625,0.0746788,0.040890936,0.056915827,0.08115476,0.12508182,0.09129768,0.084602185
0.28520012,0.8753706,1.0,0.6827265,0.11978751,0.041225217,0.03145257,0.02455826,0.0434381,0.05840853,0.03229536,0.044863578
0.08512438,0.38211137,1.0,0.67335945,0.06942062,0.018953675,0.010505553,0.0095693655,0.011789246,0.025206331,0.019268395,0.020484362
0.023219584,0.0869537,0.7616423,1.0,0.21981128,0.016767837,0.0049490533,0.0033576551,0.0027494093,0.012503613,0.015498134,0.009916184
0.004771627,0.015551647,0.33151087,1.0,0.3158742,0.015695795,0.0022675626,0.0012152964,0.0008450349,0.006015582,0.018567655,0.005761197
0.0031785837,0.0047585065,0.21719193,1.0,0.35660207,0.016819067,0.0034690162,0.0011689086,0.0015217188,0.023056671,0.090378866,0.016580703
0.003346979,0.0051842327,0.24852331,1.0,0.29144114,0.010387847,0.0036410622,0.003994884,0.0060942015,0.077914014,0.23081276,0.028384583
0.0042927144,0.013734426,0.35081896,1.0,0.21702278,0.004935856,0.0047613615,0.014422195,0.013083505,0.059120093,0.14009042,0.018663324
0.0062558753,0.10144109,0.8416415,1.0,0.124548994,0.005460834,0.012515195,0.033758264,0.020331506,0.055792436,0.060900096,0.016517315
0.052505106,0.5263507,1.0,0.33739224,0.0301589,0.011499188,0.027210072,0.04417806,0.07493669,0.09124375,0.032226652,0.011988685
0.29891312,1.0,0.50113213,0.048281997,0.011908151,0.017757371,0.023016682,0.09231652,0.17030956,0.08785855,0.019955354,0.023510072
1.0,0.9767263,0.1308546,0.018666053,0.009638041,0.009614124,0.06786696,0.67607653,0.4354757,0.038429867,0.03303104,0.13285014
0.47281012,0.17617925,0.008107696,0.0034259371,0.003470693,0.0018530979,0.12289229,1.0,0.33879802,0.009114697,0.013429265,0.10042579
0.24330841,0.10762689,0.0047614416,0.0014481479,0.0027533795,0.00135211,0.09049772,1.0,0.4543815,0.012123889,0.004691887,0.04544547
0.18282455,0.25300562,0.06180128,0.0067502963,0.005074486,0.0041643633,0.06279958,0.9969897,1.0,0.122019246,0.013677196,0.022769377
0.0556109,0.36194363,0.35306025,0.053897303,0.005854374,0.009694928,0.04484573,0.38405642,1.0,0.64210266,0.20283608,0.042298988
0.015816614,0.12665918,0.28747225,0.052700177,0.003365713,0.005498969,0.026650071,0.07199758,0.21753502,1.0,0.42542562,0.16334918
0.03138966,0.17115493,0.22463901,0.032056287,0.0026343372,0.004736793,0.014830795,0.03435735,0.2229772,1.0,0.46080396,0.18263945
0.31627873,1.0,0.28760132,0.025696466,0.005991252,0.01586522,0.025602221,0.103524975,0.4404064,0.654345,0.4726885,0.18158989
0.47091147,1.0,0.15189847,0.0152595425,0.01066479,0.016309712,0.018305153,0.15798958,0.20497927,0.16243885,0.29380485,0.16331159
0.81286025,1.0,0.15771763,0.025395421,0.046112806,0.04148545,0.031808987,0.35736713,0.27794266,0.08043615,0.17876254,0.18750462
0.41820893,1.0,0.2721664,0.02394192,0.022044618,0.023072768,0.017186807,0.11513693,0.13850242,0.046140008,0.030778812,0.049493473
0.14710309,1.0,0.78837556,0.14124997,0.026539562,0.012952936,0.013521751,0.026782885,0.066234656,0.06213602,0.04141641,0.025830947
0.10540475,0.6935116,1.0,0.32914025,0.08608884,0.017904459,0.027369754,0.03934356,0.03902709,0.07993701,0.07037564,0.05642984
0.8518049,1.0,0.8412314,0.3435922,0.165152,0.07909925,0.0860935,0.09867718,0.1518972,0.30682588,0.46074072,0.7847819
0.3894373,0.3028638,0.14399432,0.06406449,0.06185272,0.06788398,0.13914454,0.30661651,0.4437615,0.7374696,1.0,0.8257722
0.31253138,1.0,0.62481683,0.36447492,0.3113195,0.43820834,0.6867203,0.8148974,0.5184662,0.59445685,0.28798965,0.21416257
0.25029942,1.0,0.6486394,0.33373478,0.15883008,0.10475267,0.09773927,0.17601591,0.2426954,0.27988365,0.12863785,0.12298572
0.34911618,1.0,0.8832197,0.49232188,0.1897455,0.075760104,0.08885063,0.25748095,0.39931267,0.43868786,0.35323292,0.26451555
0.37625068,1.0,0.8340522,0.50165194,0.29597884,0.13548797,0.10790602,0.2665865,0.30313888,0.46338266,0.52806926,0.2587917
0.35149166,1.0,0.8323149,0.6769882,0.3570899,0.25973544,0.16234504,0.33217257,0.33649218,0.3982792,0.30217105,0.17140064
0.2880411,0.5333629,0.6065859,0.6264417,0.509446,0.54613024,0.38923824,0.8030124,1.0,0.93759453,0.43263736,0.2085067
0.10394149,0.122135125,0.15829872,0.18778835,0.2039032,0.20343825,0.22699714,0.4986937,1.0,0.9723056,0.4568795,0.15756322
0.066924185,0.12654652,0.16892567,0.13403098,0.10163796,0.12824672,0.14178649,0.43236262,1.0,0.8407373,0.44192225,0.1492353
0.17748256,0.11860692,0.121772535,0.12835719,0.11983074,0.11039139,0.09198663,0.24401143,0.46343482,0.7009606,1.0,0.6190782
0.10821441,0.022907628,0.015413035,0.0193976,0.03875185,0.01631081,0.011204892,0.0174228,0.03849127,0.25535128,1.0,0.8041058
0.05299061,0.006037668,0.0052629807,0.010126275,0.022379922,0.007156096,0.003226967,0.0039159907,0.01979212,0.25677252,1.0,0.6383231
0.038785964,0.0031539947,0.0032594085,0.0077747963,0.015903482,0.0032755306,0.002275202,0.0033146245,0.015841143,0.24605863,1.0,0.59987646
0.071729384,0.004311289,0.0048360135,0.007314405,0.017171502,0.0040474776,0.00358183,0.007879148,0.026671154,0.20548701,1.0,0.79156363
0.13592955,0.008118772,0.006795102,0.010909583,0.020021655,0.007677759,0.0070732217,0.016236348,0.045582652,0.17343952,0.94615483,1.0
0.24697067,0.011555189,0.007992354,0.017313585,0.011700651,0.0064872475,0.005540906,0.01672304,0.047676183,0.094201356,0.56043047,1.0
0.35331678,0.02497961,0.009897895,0.02292882,0.010947962,0.006681062,0.00791318,0.018971022,0.059176102,0.0765208,0.33772203,1.0
0.7527462,0.099529885,0.012097544,0.0306941,0.022070227,0.010999337,0.0124271205,0.025027119,0.08659461,0.06866265,0.19913964,1.0
1.0,0.12476254,0.010737766,0.03208626,0.02532337,0.018738903,0.023291837,0.03401621,0.101067014,0.057448983,0.099999994,0.81946856
1.0,0.15244442,0.014274552,0.026810413,0.024628643,0.03968069,0.04385008,0.06311921,0.1290657,0.04860575,0.092185445,0.79618436
0.7775694,0.09076859,0.023648743,0.03752748,0.025967583,0.07884073,0.08715681,0.1371064,0.15531784,0.03800868,0.16695066,1.0
0.37338772,0.05091466,0.038513057,0.041229717,0.026217781,0.08301099,0.12286284,0.30764058,0.14001237,0.041917738,0.33772683,1.0
0.23560148,0.0278954,0.024144901,0.029060401,0.019288938,0.036087375,0.110820815,0.39041382,0.1317249,0.052018873,0.5090751,1.0
0.2726156,0.10654707,0.028642228,0.020562662,0.01181779,0.04663014,0.20059933,0.30479506,0.09706612,0.054184373,0.44759557,1.0
1.0,0.5359173,0.11779945,0.035715804,0.02053964,0.08715482,0.51434827,0.5431883,0.14185768,0.0824843,0.2449921,0.97651947
0.9435079,1.0,0.15036179,0.019264726,0.017861092,0.02996824,0.20098567,0.24780633,0.11195912,0.08567677,0.08301542,0.16095379
1.0,0.7837716,0.10329678,0.020374684,0.017936362,0.041314904,0.2834746,0.48362702,0.2913301,0.15361875,0.14220347,0.20237485
1.0,0.27331203,0.027331578,0.015158424,0.01598241,0.053661082,0.3664242,0.5462185,0.30209902,0.13750465,0.16901855,0.44992223
0.8354886,0.093835846,0.013536177,0.01608395,0.013725369,0.070892565,0.29518634,0.41068876,0.190705,0.22882655,0.24706346,1.0
0.42109388,0.035445925,0.0064484826,0.015338898,0.008166946,0.032625407,0.08634411,0.110645585,0.12824875,0.21171518,0.2913359,1.0
0.6576551,0.098285615,0.012067372,0.016548367,0.015797373,0.031937476,0.11784843,0.12102637,0.13704483,0.17139833,0.22534375,1.0
1.0,0.19767499,0.011813773,0.015266245,0.028670754,0.013379623,0.045910295,0.080645986,0.06749451,0.05481705,0.08322477,0.61390585
1.0,0.6653114,0.10058863,0.02197587,0.04296075,0.0322336,0.052193034,0.083394125,0.06409202,0.035181966,0.040426973,0.26336113
0.27456826,1.0,0.71581846,0.124763995,0.04186017,0.073580325,0.04506803,0.06958962,0.08355755,0.07078228,0.034892008,0.026538908
0.053642437,0.27899048,1.0,0.8278218,0.17747273,0.06731462,0.040861815,0.040802773,0.14888285,0.13227415,0.06708052,0.051915023
0.13907692,0.07980136,0.49548844,1.0,0.16191244,0.045274913,0.039091453,0.036233895,0.091503255,0.1558893,0.0978097,0.17455404
0.06280312,0.079927996,0.38876238,1.0,0.13382928,0.0334563,0.029961878,0.024117026,0.03820899,0.06562494,0.06343304,0.09820616
0.01405205,0.03294177,0.33534473,1.0,0.14208572,0.016899774,0.015416021,0.009741917,0.016868878,0.03513467,0.050371364,0.022299478
0.011572562,0.094392516,0.9320618,1.0,0.09023075,0.012126828,0.0144997975,0.013151962,0.025268266,0.099665046,0.071020894,0.017382197
0.017643338,0.33802998,1.0,0.2947581,0.02901813,0.014766953,0.015820542,0.016767463,0.08470215,0.150466,0.03475373,0.013038847
0.1827331,0.9798892,1.0,0.21546164,0.10909872,0.097989336,0.037619054,0.21623108,0.47225535,0.24023955,0.050359063,0.03367922
0.38359123,0.3451662,0.3774591,0.22207978,0.21032569,0.090695314,0.124156244,1.0,0.43660983,0.037358075,0.06191674,0.051832836
0.16148514,0.08194961,0.27451214,0.1271263,0.2031081,0.034266543,0.15115428,1.0,0.22779311,0.02273652,0.04586766,0.029292434
0.21776123,0.3456181,0.35922137,0.21419895,0.25233293,0.08626531,0.11206347,1.0,0.56545305,0.06966928,0.089052625,0.037479844
0.13398406,0.91407764,1.0,0.3655515,0.09488984,0.06310074,0.026812794,0.18397708,0.3430917,0.14182352,0.07766595,0.045256566
0.06492563,0.58462346,1.0,0.3385058,0.032883346,0.011904208,0.014116012,0.017671969,0.040912956,0.0976979,0.055076625,0.020234149
0.19653742,0.79295105,1.0,0.45526743,0.06679617,0.032092847,0.03752341,0.059717357,0.057466213,0.1346606,0.07504085,0.04037367
0.2481265,1.0,0.48541287,0.06884679,0.049693435,0.028545957,0.033331793,0.06412109,0.048857756,0.061752424,0.047404863,0.048446357
0.24303578,0.9398111,1.0,0.7591379,0.58688664,0.25410908,0.17497806,0.26260942,0.19638555,0.18020119,0.1650249,0.097112544
0.19116712,0.17222328,0.13585061,0.35303083,1.0,0.68076533,0.17449439,0.15370376,0.13988553,0.18535574,0.36484334,0.21606836
0.16848865,0.4482076,0.3675619,0.10198036,0.7350126,1.0,0.29451767,0.16438283,0.116633624,0.111558996,0.305524,0.2599729
0.13530202,0.57412726,0.6066357,0.57555044,1.0,0.67415017,0.24717352,0.16171023,0.10670619,0.09140235,0.1343664,0.11862047
0.09995444,0.31318852,0.78809196,1.0,0.75066036,0.3045647,0.35034904,0.11405052,0.10885855,0.14877415,0.085942894,0.064444005
0.284003,0.5246096,1.0,0.6873484,0.39496642,0.6151216,0.82248086,0.22326812,0.21295518,0.25519362,0.2281006,0.24031128
0.05971048,0.09572426,0.3611325,0.14751396,0.18132058,0.7327822,0.41370428,0.11425271,0.21427554,0.17537136,1.0,0.36453468
0.040030226,0.052726395,0.32450265,0.25243774,0.1221295,0.5177629,0.3089242,0.08436897,0.4438594,0.35857126,1.0,0.5466216
0.16124427,0.064734675,0.25699264,0.7796232,0.42674196,0.21667089,0.40621656,0.24014087,0.5883556,1.0,0.56493187,0.64342433
0.23446012,0.07497908,0.12493208,0.50723684,1.0,0.1268323,0.1590198,0.5155167,0.25232574,0.6773659,0.47084057,0.14664966
0.2565988,0.0681621,0.1244222,0.44895896,1.0,0.12643012,0.14738816,0.53320867,0.16109571,0.571217,0.618994,0.11555628
0.24273282,0.06657156,0.13157468,0.99678683,1.0,0.12809357,0.35637203,0.51992446,0.15339205,0.9002209,0.74752754,0.23899017
0.19299658,0.061941605,0.19135724,1.0,0.49277025,0.14949258,0.4618953,0.2918121,0.19550334,0.6983268,0.6077762,0.55393577
0.10315574,0.0362339,0.22056827,0.4554678,0.09427752,0.14475329,0.3056043,0.071886614,0.13039634,0.31421396,0.705601,1.0
0.039294966,0.022791263,0.12057244,0.0714576,0.01985447,0.10722664,0.118588306,0.05387236,0.0452243,0.06855428,1.0,0.75992304
0.027269742,0.019193683,0.078822,0.04506802,0.023296852,0.0825192,0.11499441,0.13709319,0.11567777,0.15853155,1.0,0.5251264
0.047806643,0.027214997,0.070796974,0.07993195,0.06950105,0.12540457,0.2256926,0.24339545,0.30267283,0.978735,1.0,0.35496587
0.0546008,0.02826798,0.04892297,0.04377099,0.043437935,0.09384383,0.13139631,0.12567295,0.092634566,0.95959747,1.0,0.1318088
0.121733785,0.09359375,0.167513,0.11589652,0.12107935,0.17264901,0.19784915,0.28948304,0.28342682,0.9573155,1.0,0.27745917
0.08645673,0.07277335,0.13520916,0.11657085,0.14485478,0.3605874,1.0,0.7545301,0.3284256,0.34094942,0.19851704,0.10397743
0.116884686,0.14536658,0.07962751,0.047480483,0.13705839,0.5660982,1.0,0.4756319,0.15984452,0.09959968,0.08338351,0.1011751
0.34803697,0.42252448,0.30861017,0.1493829,0.2255562,0.8535485,1.0,0.37509242,0.30530372,0.2310254,0.3026743,0.3116608
0.33685172,0.17775995,0.22881915,0.26445356,0.3053895,0.22662057,0.2372692,0.28100392,0.7877733,0.99947065,0.94074446,1.0
0.26594976,0.083789974,0.115745716,0.1579136,0.21335293,0.12633027,0.11218276,0.18523555,0.7406981,1.0,0.59865606,0.49894312
0.25637576,0.11624907,0.17803118,0.2627903,0.3881076,0.33547112,0.15596566,0.33852065,0.7975899,1.0,0.67589605,0.358301
0.11292061,0.08463264,0.22001643,0.32541344,0.65305716,0.7630001,0.23913658,0.37990937,0.7050788,1.0,0.91751087,0.26544887
0.05495787,0.06089454,0.14087527,0.13848801,0.13620557,0.2018012,0.20677832,0.42187083,0.83604306,1.0,0.4137043,0.07973772
0.38121405,0.3202731,0.48464033,0.5604787,0.8093192,1.0,0.8554616,0.71117955,0.5059808,0.45518813,0.31668887,0.2860532
0.3807154,0.28444734,0.19794813,0.92661273,1.0,0.31108132,0.112118356,0.094371215,0.043166965,0.062236097,0.28137252,0.41014507
1.0,0.3852269,0.12756337,0.23299283,0.5262504,0.4492662,0.18037498,0.067548804,0.03751574,0.03485044,0.17457537,0.90606904
1.0,0.4239336,0.19571261,0.080173254,0.09192605,0.18458028,0.16803308,0.08847837,0.056638993,0.07076789,0.21744165,0.647874
1.0,0.3391815,0.051131543,0.022580486,0.014076845,0.019119011,0.024155341,0.03595852,0.040026203,0.02823348,0.10143078,0.36280742
1.0,0.5026552,0.019420555,0.0043658447,0.006779673,0.010076309,0.0100259725,0.046808228,0.06947934,0.015637996,0.052748226,0.18779899
1.0,0.34350944,0.02594709,0.014553621,0.012720341,0.026346538,0.046068873,0.08261599,0.092274375,0.1406697,0.29402438,0.5955269
0.9393456,0.32812777,0.35333747,0.17516683,0.04418428,0.08220199,0.13970374,0.21257001,0.33407316,0.57281035,0.6014156,1.0
0.5492805,1.0,0.9975295,0.27899846,0.16955326,0.6209394,0.52973306,0.33843517,0.35306785,0.78457123,0.6609467,0.433592
1.0,0.6116042,0.17840943,0.05060463,0.38510066,0.8230652,0.17028487,0.042726535,0.19630207,0.41086918,0.17600122,0.24927424
0.8208416,1.0,0.20398961,0.028194062,0.078642495,0.15424444,0.049462732,0.013700104,0.023211151,0.036870733,0.013909036,0.095541336
0.46286812,1.0,0.28567508,0.048220888,0.050655253,0.109797396,0.046611905,0.018152436,0.0133133,0.016839158,0.019066885,0.042052392
0.5879418,1.0,0.44202974,0.15642156,0.26845422,0.5334744,0.15191121,0.05463233,0.0715065,0.17437159,0.20041446,0.22294621
1.0,0.658024,0.2891192,0.29827574,0.37759593,0.6142899,0.24364449,0.15900092,0.18050124,0.30521274,0.57012767,0.9291775
0.80070245,0.83554035,0.5381511,0.48617703,0.45712116,1.0,0.5204731,0.34411684,0.26916364,0.3091082,0.42342734,0.6486813
0.9379902,0.898409,0.3499947,0.23923354,0.385629,0.49786103,0.34772846,0.33000335,0.23956697,0.29545566,0.7541281,1.0
0.92303336,0.9628894,0.43830076,0.19279408,0.32703656,0.5123297,0.5109989,0.5243201,0.4171646,0.33499163,0.73341435,1.0
0.092264496,0.10688973,0.1820074,0.22121198,0.4139862,0.5219652,0.95564437,1.0,0.43902326,0.46064,0.21657363,0.09809557
0.1577555,0.25096813,0.28929955,0.29456878,0.40598804,0.5443233,0.88062435,1.0,0.54044,0.30427626,0.23052269,0.12561144
0.111856334,0.09131397,0.08985779,0.083529495,0.12379427,0.1745266,0.5769159,1.0,0.24310006,0.10063598,0.10685373,0.06791112
0.120757155,0.045023676,0.031401753,0.07699859,0.16761912,0.07043915,0.33713126,1.0,0.15811928,0.075991824,0.07350581,0.04996821
0.14450376,0.03854868,0.037672605,0.16591293,0.30329457,0.0787442,0.27223063,1.0,0.19662324,0.11030465,0.116880566,0.06934779
0.20072438,0.07612048,0.11693695,0.5789087,0.38172802,0.22573058,0.7805078,1.0,0.43276826,0.32287705,0.16606915,0.26485413
0.1149427,0.10169977,0.12710078,0.505284,0.19448793,0.18303992,1.0,0.64253837,0.4455256,0.28654873,0.1287708,0.31788537
0.12137909,0.09047807,0.1027648,0.42033857,0.18243441,0.13060567,1.0,0.6087052,0.34777662,0.17350484,0.11052418,0.3144142
0.109461546,0.07838019,0.10221396,0.57415247,0.20823066,0.20853555,1.0,0.5476781,0.25225723,0.17895082,0.090108156,0.24813321
0.13061585,0.09948805,0.13972512,0.70486206,0.2637908,0.40694907,1.0,0.6204225,0.3557706,0.2871734,0.11359173,0.2577226
0.17007238,0.08848788,0.1299787,0.46673882,0.20875931,0.16901693,1.0,0.98532814,0.45673844,0.19909778,0.12303183,0.2945637
0.10331678,0.034916762,0.038019948,0.09607254,0.17726666,0.05987221,0.34673783,1.0,0.3115771,0.07909785,0.0435635,0.07407013
0.03175964,0.015819015,0.011464408,0.02514796,0.12003785,0.065119796,0.2381144,1.0,0.29199702,0.03541941,0.014648868,0.016774662
0.014440607,0.0075725242,0.0046564788,0.024583168,0.07894746,0.07470622,0.22320385,1.0,0.25889078,0.021620734,0.009489528,0.01035813
