0.029697893,0.073472895,0.28757125,0.9648805,1.0,0.2595626,0.07234095,0.02230882,0.014976439,0.03300309,0.060406603,0.033435643
0.007201726,0.013396846,0.080332175,0.5954994,1.0,0.4960958,0.25336534,0.09330075,0.016067985,0.007031182,0.016257938,0.008660222
0.006136397,0.012343166,0.055687495,0.48745844,1.0,0.6438034,0.71182466,0.51597136,0.14480753,0.011502949,0.004738974,0.0037986722
0.017242707,0.029575296,0.062302098,0.20708705,0.35593954,0.33203796,0.8240779,1.0,0.5098223,0.06512513,0.007972958,0.010257365
0.1197714,0.47325024,0.8549007,1.0,0.6854795,0.5252622,0.63013715,0.3585228,0.11014515,0.084812775,0.06654633,0.041183643
0.30465913,1.0,0.71340644,0.16676022,0.1604752,0.04412746,0.01848537,0.038208973,0.057940677,0.029274892,0.024460623,0.045074362
0.7720124,1.0,0.34685022,0.07233075,0.08073615,0.111270376,0.09202705,0.06726542,0.04115599,0.03017185,0.088155374,0.26033083
1.0,0.936098,0.50398546,0.8897575,0.9193072,0.489372,0.28381494,0.30744475,0.4008342,0.29422483,0.29669598,0.43227214
0.2701511,0.40350327,0.64477783,0.7962936,1.0,0.7112378,0.5673634,0.7151576,0.83087516,0.74817455,0.5474206,0.25127268
1.0,0.9168321,0.36588794,0.26413658,0.4605114,0.36786833,0.3273271,0.35101858,0.28062424,0.34993652,0.2925619,0.37994346
1.0,0.8127984,0.25809166,0.15784563,0.294448,0.14610048,0.112751395,0.11302714,0.06758065,0.07593818,0.12372576,0.27686015
0.4277238,1.0,0.3497906,0.10500232,0.1412749,0.046411768,0.027755443,0.032128636,0.057423227,0.043703075,0.04396115,0.07937981
0.2082456,1.0,0.4564487,0.06097197,0.043951206,0.01396845,0.010671266,0.019056007,0.053707816,0.042062603,0.026126018,0.061228354
0.78800696,1.0,0.3242906,0.1314826,0.18629448,0.114003345,0.047651295,0.04954368,0.07074557,0.068703964,0.17538252,0.4188203
0.71617335,1.0,0.41138873,0.5984226,0.69737726,0.24761426,0.10750601,0.094223075,0.09520191,0.052658133,0.11495366,0.2673545
0.66800874,1.0,0.43921357,0.3520898,0.25354534,0.090908416,0.13633247,0.09354046,0.057971206,0.018072842,0.015823256,0.08509542
1.0,0.8856164,0.11116977,0.12787704,0.15087487,0.13744025,0.19692963,0.15662602,0.11313155,0.038971666,0.03051473,0.143698
0.67518306,1.0,0.21891078,0.16799618,0.103088774,0.06749047,0.1017298,0.06460718,0.049226794,0.0302064,0.0261091,0.10106757
0.41195938,1.0,0.3955517,0.24735785,0.20074198,0.04504358,0.09459069,0.1541211,0.17298317,0.09520672,0.09491856,0.13520421
0.95695955,0.9191823,0.9871598,1.0,0.4502699,0.20855115,0.23104599,0.4476488,0.43157256,0.5534552,0.21507606,0.3190953
1.0,0.76872045,0.48343876,0.21141782,0.24180827,0.2238965,0.30209002,0.44670826,0.4155642,0.4686166,0.5240401,0.6703884
0.8956834,1.0,0.73037565,0.4318451,0.6414224,0.39707416,0.30888718,0.24217723,0.14858072,0.17426139,0.20647866,0.38515732
0.40957907,0.5627147,0.73089176,0.9060355,1.0,0.73827434,0.38092777,0.12707752,0.0960118,0.15055376,0.20415956,0.2074602
0.11902798,0.17630273,0.20977448,0.43877962,1.0,0.4595605,0.43325493,0.19873214,0.20617783,0.17084317,0.18928607,0.09077812
0.11322666,0.39832696,0.26020074,0.4703523,1.0,0.74435955,0.45004457,0.17492187,0.17797038,0.13156123,0.13073431,0.039710805
0.26850593,1.0,0.39360252,0.45509312,0.81815016,0.83945614,0.25805226,0.08238732,0.055911176,0.08441433,0.12785059,0.06210081
0.49598747,1.0,0.3460392,0.3717032,0.44885102,0.53344023,0.1449749,0.041574165,0.055418704,0.10337169,0.15366061,0.17999408
0.6403892,1.0,0.5636453,0.50276244,0.30114892,0.5823475,0.26640725,0.06323705,0.07910842,0.17739809,0.18451965,0.20800689
0.60839635,1.0,0.56450456,0.3201024,0.24898872,0.32170087,0.30461228,0.20399211,0.100423925,0.27193967,0.52115697,0.36701217
0.49648875,1.0,0.34480014,0.13667476,0.06780078,0.12958919,0.23234408,0.4524613,0.27488893,0.130599,0.37213606,0.73581046
0.32049575,0.76353604,0.30662382,0.13608816,0.033000655,0.07494893,0.22385311,1.0,0.57524776,0.106890105,0.5945976,0.9402404
0.13397744,0.1811655,0.11814014,0.10898128,0.040631816,0.038213193,0.20254125,1.0,0.6694665,0.115542814,0.20781665,0.32670408
0.052201062,0.066032186,0.23472734,0.3487715,0.16449371,0.083281785,0.16997254,0.8387405,1.0,0.35799265,0.22769599,0.16114931
0.079200454,0.10408105,0.3762229,0.6481609,0.23311812,0.13594031,0.08055517,0.32185593,0.8461527,1.0,0.39853925,0.12008391
0.13036057,0.39537704,0.9046414,1.0,0.4017225,0.20739278,0.13379623,0.13309161,0.300764,0.42050478,0.15396772,0.059328087
0.19312952,0.6773261,1.0,0.61576027,0.36379135,0.17355612,0.15117049,0.17848155,0.19182993,0.2686887,0.14720856,0.08361791
0.28323445,0.42011142,0.5186875,0.5299124,0.43478307,0.21932207,0.39654073,1.0,0.6449336,0.40471044,0.6645038,0.46750456
0.25738484,0.13704304,0.15696289,0.33649895,0.46170312,0.22974443,0.27775645,1.0,0.8652624,0.62380636,0.9087087,0.8250509
0.49534833,0.27129504,0.25808597,0.5068639,1.0,0.9376556,0.72288316,0.90657,0.80237526,0.9600547,0.8058667,0.90957516
0.79498214,0.7954064,0.77049357,0.8680524,0.85078895,0.8162109,0.68280077,0.5947034,0.7145478,1.0,0.62775284,0.5673391
0.32243115,0.537036,1.0,0.78449893,0.44519496,0.1734334,0.14431483,0.18833168,0.43864596,0.47475147,0.27709824,0.30360213
0.5769944,0.6137651,0.8246802,0.5205846,0.62589395,0.46549377,0.27410623,0.470305,1.0,0.73262644,0.4587954,0.64620274
0.77946854,1.0,0.97084653,0.82087344,0.717497,0.51072663,0.32575005,0.39905593,0.5554158,0.60464865,0.66844845,0.7455348
0.31586942,0.86839753,1.0,0.48905587,0.38077,0.29640383,0.17918074,0.22324501,0.3862196,0.4738686,0.39423257,0.24910271
0.31990218,0.7677692,1.0,0.42751873,0.45773318,0.5975079,0.3790896,0.9281238,0.87959534,0.5827759,0.45984578,0.20390008
0.050645184,0.12356826,0.42202932,0.35019192,0.43244636,1.0,0.6068301,0.98104405,0.45932916,0.20175005,0.11364237,0.06327809
0.03170425,0.083226174,0.20334803,0.2182316,0.44471103,1.0,0.48812094,0.25754353,0.14017822,0.07558704,0.0691111,0.052634876
0.06593007,0.098703876,0.14781164,0.25571787,0.6374104,1.0,0.58954024,0.1720692,0.086243086,0.049337503,0.07102414,0.094652064
0.19438446,0.23917536,0.32851323,0.44824988,0.7643529,1.0,0.59369826,0.32825774,0.120590664,0.03976209,0.05522854,0.12165554
0.38286138,0.8285459,1.0,0.4337804,0.18366344,0.38343215,0.1978602,0.15345937,0.071843766,0.025756491,0.027947756,0.07076874
0.37322155,0.8404443,1.0,0.3255705,0.10168084,0.12007375,0.056228243,0.06956118,0.051582996,0.012405494,0.009190833,0.027262302
0.120754674,0.5612635,1.0,0.38238952,0.13075799,0.097603545,0.11526216,0.23519781,0.080863826,0.016952606,0.016399376,0.01961003
0.24881096,1.0,0.7446038,0.64548266,0.19581828,0.11351662,0.47856978,0.9641588,0.29786298,0.08616266,0.08076915,0.07266578
0.36430648,1.0,0.77158093,0.4836474,0.26579645,0.14252472,0.38252038,0.6969763,0.3527799,0.25754946,0.23490092,0.16832933
0.6672946,0.9602007,0.99577487,0.8625573,0.7035753,0.8333281,1.0,0.60827094,0.25363138,0.353994,0.5115515,0.34696695
0.54928803,1.0,0.66409326,0.5363377,0.59794354,0.7287808,0.7748411,0.7007681,0.32385626,0.32339406,0.42580515,0.34468248
0.396642,0.7415337,0.46074206,0.26018175,0.34541458,0.52773845,0.5879639,0.9632301,1.0,0.71146125,0.50187624,0.31129035
0.17328952,0.15799303,0.13219331,0.14754093,0.23229116,0.34637007,0.56450856,0.8634799,1.0,0.64990544,0.28879303,0.1967412
0.010096971,0.0136170285,0.028062927,0.03645157,0.04104601,0.03573817,0.30835447,0.55550265,1.0,0.72509116,0.27027693,0.019698683
0.025961021,0.035308685,0.04706153,0.05517101,0.084729105,0.07616191,0.33471626,0.44675148,1.0,0.5559581,0.34959581,0.05327847
0.066179834,0.12557419,0.14090498,0.21908815,0.4497975,0.3557356,0.6356884,0.8533539,1.0,0.6380361,0.42373645,0.13942489
0.3058537,0.5814381,0.59831244,0.3764968,1.0,0.7284819,0.8070929,0.9659843,0.84468156,0.6327339,0.36682653,0.36449108
0.68591595,1.0,0.7404415,0.49930212,0.41844466,0.23013261,0.3194595,0.3937091,0.26455182,0.4917395,0.69353324,0.7488603
0.5473773,1.0,0.49433964,0.3506133,0.2049802,0.08974051,0.029967008,0.064853214,0.05290169,0.047654346,0.08032131,0.257751
0.9732471,1.0,0.5847499,0.28576407,0.3310302,0.103614286,0.054998036,0.07142713,0.039059076,0.043341126,0.14418943,0.44561374
0.39682195,0.42220694,0.36295855,1.0,0.6780691,0.098292015,0.050877877,0.04913473,0.017853795,0.042038146,0.33802703,0.46778265
1.0,0.41593295,0.20985167,0.7624005,0.7480872,0.25857404,0.07947526,0.0369642,0.029836597,0.03436367,0.3176197,0.95196444
1.0,0.44990906,0.25948426,0.18265063,0.17028522,0.1916979,0.23592222,0.11157583,0.10841038,0.101504475,0.14020099,0.4385667
0.7327255,1.0,0.28613836,0.21498242,0.12712607,0.17175765,0.4339959,0.5274161,0.6338272,0.5753538,0.37575367,0.32316962
0.73231316,0.30164078,0.046546463,0.04252829,0.06636372,0.13530597,0.14927985,0.07386743,0.13509634,0.26680228,0.7748272,1.0
0.36975604,0.05471367,0.019230036,0.017859215,0.010891707,0.039458055,0.06638407,0.015314066,0.018150957,0.070339896,0.56781125,1.0
0.1455901,0.019988561,0.021409007,0.058593452,0.08417161,0.09631572,0.055942953,0.060932945,0.15015587,0.42235035,1.0,0.81467885
0.1758007,0.10998003,0.2649343,0.45694268,0.61552894,0.3171479,0.15341078,0.3565789,0.8012932,1.0,0.64941454,0.40948495
0.43763342,0.56852704,0.64933646,0.48583007,1.0,0.92564255,0.66369456,0.46160808,0.585927,0.53408456,0.46427467,0.44601429
0.59934956,0.65654314,0.2947409,0.39103186,0.3845311,0.4464933,0.56917423,0.44994608,0.41094077,0.4957095,1.0,0.6535187
0.5278903,0.44814748,0.3656284,0.25965878,0.27703756,0.33557373,0.69070005,0.73109883,0.6280253,0.6234403,1.0,0.8840338
0.37320662,0.28991446,0.29583704,0.23298694,0.17200139,0.15818065,0.6514996,0.9149416,0.43485674,0.52826864,1.0,0.83179045
0.81399894,0.752731,0.39812088,0.2629503,0.14067084,0.2720108,0.89196736,1.0,0.3472875,0.37399122,0.8292755,0.87098503
0.59723854,0.45503685,0.86205524,1.0,0.5133763,0.24833643,0.16909796,0.14877962,0.14988738,0.109214865,0.11156469,0.34808487
0.07960721,0.03994641,0.3611452,1.0,0.32980463,0.04027973,0.01988295,0.021449812,0.043531533,0.021406453,0.01281651,0.035727605
0.019388601,0.018239057,0.16825564,1.0,0.677941,0.07810185,0.008892253,0.005728866,0.022183534,0.019821884,0.005734949,0.004404802
0.0060409517,0.008154288,0.04337314,0.64176273,1.0,0.17773527,0.0042455033,0.0015782388,0.008526607,0.019097717,0.008432823,0.0021332537
0.0075136507,0.012890692,0.06956173,0.63727105,1.0,0.21506654,0.006122995,0.0012911841,0.006516213,0.015377517,0.009951435,0.003070701
0.04232072,0.038177367,0.075698055,0.6077468,1.0,0.18930358,0.020262577,0.009895666,0.015740557,0.04063675,0.08402089,0.03314455
0.11518157,0.074080154,0.1042054,0.33924142,1.0,0.3236895,0.04658214,0.048574183,0.19844674,0.44800305,0.45321473,0.17165175
0.29555583,0.13191086,0.2522435,1.0,0.9480508,0.20527543,0.14500256,0.20256846,0.56436044,0.65328526,0.2988573,0.37341174
0.58068043,0.3747139,0.318162,0.8419194,1.0,0.27793956,0.14830917,0.25000462,0.929606,0.9271904,0.28074396,0.35938567
0.34228587,0.57986593,0.49448913,0.3658225,0.24963228,0.13068256,0.11354488,0.14844148,0.7133832,1.0,0.60113627,0.35090503
0.37799263,0.48936856,0.74185985,1.0,0.8188758,0.45173156,0.33377928,0.3767239,0.4865607,0.596608,0.73954326,0.5912414
0.60881567,0.8379166,1.0,0.7385943,0.53917724,0.41085774,0.24733187,0.22535105,0.30845758,0.37573802,0.4684243,0.39802644
0.6420281,0.7175423,0.6119902,0.539906,0.62556237,0.9094975,0.53046227,0.41031015,0.19888586,0.22378422,0.5299303,1.0
0.76212406,0.683464,0.4426273,0.7452951,1.0,0.641993,0.44802037,0.29468933,0.2100011,0.22446401,0.30707905,0.7565502
0.74723315,0.6463851,0.35154048,0.8016866,1.0,0.35693654,0.38069516,0.32420567,0.3422349,0.29343906,0.4682053,0.5784476
0.43678528,0.6045241,0.2921643,0.5463864,0.6520266,0.3980495,0.47304103,0.40048653,1.0,0.6044608,0.52874696,0.58265835
0.14987169,0.18164678,0.13067666,0.19171767,0.22005653,0.16195835,0.14994426,0.1899711,1.0,0.50638807,0.121043205,0.25434393
0.15965271,0.088700086,0.149437,0.14171171,0.25787562,0.2125564,0.29648978,0.13869104,0.77429086,1.0,0.17621802,0.2237582
0.101965874,0.04889143,0.13926476,0.18974097,0.22818138,0.31100622,1.0,0.67509836,0.14478366,0.6558504,0.4666998,0.09753958
0.025644705,0.028300025,0.059107076,0.37209806,0.28657764,0.3527681,1.0,0.82146996,0.08815135,0.1071436,0.33150533,0.19667764
0.12538621,0.212492,0.2527509,1.0,0.79407,0.27540538,0.5692737,0.29650638,0.08347468,0.076913014,0.38709491,0.48562542
0.28551108,0.3555865,0.33404726,1.0,0.73134524,0.15764683,0.37723994,0.31667772,0.12926112,0.629161,0.8849214,0.36080042
0.09400126,0.4371397,1.0,0.58479905,0.24635822,0.12253805,0.39343846,0.29960006,0.17934327,0.9668082,0.6772359,0.0619021
0.033307392,0.47210678,1.0,0.32024488,0.057931658,0.019682284,0.04927007,0.04446275,0.04795275,0.11223986,0.0359519,0.0067131426
0.05122326,0.18470715,0.62732464,1.0,0.66793185,0.11800182,0.018458186,0.020233389,0.020769197,0.024280693,0.03666046,0.038649704
0.036236696,0.015508188,0.055441976,0.5203719,1.0,0.20838225,0.0096712345,0.0076341755,0.0057930225,0.0051527456,0.02153045,0.045062307
0.018149352,0.030806491,0.09952071,0.65595907,1.0,0.20216003,0.010006416,0.0050026276,0.0037916654,0.006228556,0.019137869,0.017894095
0.023268139,0.06523231,0.16736437,0.7392304,1.0,0.15957373,0.012657026,0.008683865,0.013844588,0.017426647,0.01751915,0.011782283
0.05379933,0.05254677,0.16792357,0.86212564,1.0,0.19873081,0.059115082,0.058019783,0.06331593,0.045628875,0.04091107,0.06893278
0.16250303,0.12742648,0.23172142,0.77513754,1.0,0.26625475,0.21233578,0.22580121,0.37812853,0.20872815,0.12289358,0.12182187
0.13667467,0.16663037,0.23833592,1.0,0.6808095,0.33140203,0.2876292,0.27354386,0.57875544,0.36036858,0.23086394,0.14902882
0.10003071,0.31236568,0.4818295,1.0,0.6296834,0.41504744,0.30996212,0.22179055,0.2285979,0.25941187,0.21341217,0.11775417
0.062092066,0.257185,0.78236955,1.0,0.56548804,0.3091237,0.21751614,0.10869827,0.14614175,0.23923256,0.20953803,0.14020921
0.22179477,0.40511099,0.91994464,1.0,0.6489058,0.46013346,0.29440868,0.34115922,0.38768083,0.6298338,0.6015116,0.4385958
0.34693012,0.30859604,0.42367855,0.8200432,1.0,0.39252895,0.24080484,0.3195488,0.28742194,0.32680866,0.4207602,0.39507112
0.13086906,0.3082125,0.45982048,0.6847197,1.0,0.32963172,0.16360965,0.2107017,0.16387668,0.16513857,0.15146509,0.104925685
0.2941803,0.5229091,0.47182974,0.69433254,1.0,0.61262304,0.5722047,0.43737027,0.29680756,0.23690669,0.12792212,0.14708664
0.06843788,0.07807697,0.2121172,0.85108894,1.0,0.24560876,0.12701158,0.19773,0.0652648,0.04516856,0.091138214,0.097766824
0.01366803,0.0090170605,0.022779414,0.34842846,1.0,0.4104708,0.058405284,0.02219316,0.017791709,0.0063242386,0.014560653,0.027901338
0.009409435,0.0038122619,0.0052358247,0.189229,1.0,0.47415385,0.021037402,0.005292807,0.011727474,0.004056038,0.0033937327,0.0115310205
0.0035348497,0.00087555347,0.0020518638,0.13254632,1.0,0.56096476,0.021001238,0.0013057967,0.0051890127,0.0019730092,0.0009995265,0.0047918363
0.0023514996,0.0003388805,0.0009815617,0.09453798,1.0,0.6806378,0.027950672,0.0005551467,0.004092657,0.0017639331,0.0002712422,0.0023963915
0.0041339616,0.00068365585,0.0011684765,0.09798183,1.0,0.9122044,0.07825678,0.003435972,0.0091230925,0.004739313,0.00036207162,0.002027156
0.008517494,0.0037801003,0.0021459423,0.08585714,0.46184656,1.0,0.4011146,0.024948398,0.0076756496,0.006254059,0.0011907192,0.0014103719
0.016598957,0.0073413528,0.009899527,0.09647513,0.50470674,1.0,0.5837034,0.07166864,0.006374563,0.006151186,0.0035578494,0.008225666
0.019962551,0.019263892,0.13303937,0.54934835,1.0,0.40855262,0.096569374,0.04128412,0.011496689,0.011837466,0.018891472,0.02790402
0.044603955,0.2253686,0.60175467,1.0,0.5662191,0.079040535,0.026534237,0.015698984,0.010737085,0.02578092,0.034363136,0.016309023
0.43783823,1.0,0.83630013,0.48991892,0.39049026,0.102530755,0.1255355,0.12210173,0.07502985,0.04537458,0.04403908,0.08080581
1.0,0.97769874,0.2334659,0.3148002,0.58213574,0.52953446,0.58362275,0.3373003,0.1133465,0.049522635,0.049565163,0.15811324
0.9925156,1.0,0.44565076,0.4958806,0.4006956,0.33527088,0.42695883,0.29925132,0.1716229,0.11956287,0.074660175,0.20577744
0.8072728,0.5113825,0.7373087,1.0,0.6352134,0.8560316,0.85703087,0.50240946,0.275707,0.26905698,0.26235798,0.4108184
0.7318626,0.43824688,0.660733,1.0,0.5427816,0.80202436,0.7963329,0.45987293,0.18838692,0.21526133,0.24467085,0.35328218
0.49822187,1.0,0.78356355,0.69248396,0.8371603,0.3333459,0.26906833,0.35356274,0.25458488,0.13779905,0.12658873,0.21889639
0.43766448,1.0,0.99367607,0.4493181,0.3125853,0.09635874,0.07398235,0.11155496,0.18790044,0.10536357,0.052780498,0.11750916
0.12029864,0.2611336,0.89051443,1.0,0.28619877,0.049199417,0.016734103,0.012407001,0.0367766,0.05039437,0.037138797,0.025532039
0.012367902,0.039283402,0.27918455,1.0,0.50240326,0.0437469,0.003319638,0.0013125901,0.0013251039,0.0041990196,0.011186646,0.008972892
0.0059842025,0.0044989795,0.07098992,0.77527845,1.0,0.19349924,0.011527179,0.00072603935,0.00085006055,0.0005244445,0.002499218,0.008531963
0.0058276956,0.0012474728,0.018599505,0.30013922,1.0,0.44192624,0.022701198,0.00061575166,0.0005502805,0.00029014194,0.00065720436,0.007111933
0.014878296,0.0013398088,0.00725143,0.11893003,1.0,0.78765804,0.048702337,0.0013292927,0.00064764795,0.0003743569,0.001056224,0.016463075
0.012154021,0.0037453265,0.028395545,0.26910767,1.0,0.4807267,0.037773654,0.0036307976,0.0018278637,0.0011677844,0.005286145,0.022190908
0.0049179583,0.019618638,0.1556113,0.8811231,1.0,0.17436592,0.012977383,0.00540772,0.0023140882,0.0036827752,0.019551756,0.012441985
0.006985062,0.03852604,0.32850483,1.0,0.46330804,0.0684895,0.004002101,0.002457621,0.0008017152,0.0070394296,0.03284563,0.010851699
0.013393858,0.02196647,0.1685934,0.86154294,1.0,0.42131823,0.19779484,0.08704397,0.029970212,0.021797398,0.030279633,0.031789355
0.015078715,0.015257575,0.05944591,0.33334857,0.5173697,0.3773454,0.58580405,0.97543335,1.0,0.41701323,0.05668881,0.019182077
0.003894255,0.004010812,0.004445047,0.012656639,0.012332543,0.009086263,0.04424492,0.25982442,1.0,0.55815107,0.05962254,0.00415391
0.002850506,0.0046272296,0.005959388,0.008896528,0.0046500163,0.002633217,0.015693983,0.21349813,1.0,0.49979824,0.0315559,0.002858149
0.002661711,0.0032507791,0.0042332513,0.0069257254,0.002559032,0.0013126776,0.01691917,0.2724811,1.0,0.3838126,0.020748407,0.0014018175
0.0059051686,0.0049842703,0.00871819,0.010998282,0.0028877885,0.0021844695,0.021648576,0.32481882,1.0,0.35593906,0.024519028,0.003390947
0.010860265,0.0065501444,0.01015301,0.010090611,0.0036713616,0.006753335,0.11069822,0.7729763,1.0,0.25269982,0.019684322,0.013985096
0.006202166,0.0038681866,0.0072807763,0.0030488907,0.0032564623,0.027158862,0.35981882,1.0,0.2546961,0.06567502,0.01580776,0.029412951
0.006557597,0.001851743,0.00494694,0.0032582406,0.0030400413,0.025707083,0.31800136,1.0,0.5016699,0.099339895,0.016182939,0.030551953
0.0070625977,0.0014026208,0.0010698376,0.002419854,0.0023522638,0.006294375,0.06143343,0.31027848,1.0,0.52075493,0.062309776,0.013785432
0.0038282317,0.0016713007,0.00037378454,0.0014633558,0.004240546,0.0022799796,0.0054406514,0.06402958,0.6337068,1.0,0.22609805,0.017709428
0.0024759814,0.001651131,0.0007798656,0.0011334659,0.00612237,0.0037793478,0.0021837046,0.024344735,0.27963454,1.0,0.5691704,0.05082473
0.027340785,0.01666282,0.008069091,0.0074591944,0.029545305,0.011836891,0.004100267,0.01606904,0.113334395,0.9201425,1.0,0.18134941
0.0070207748,0.004639207,0.0014846764,0.002595359,0.012208606,0.0045504114,0.0015741396,0.0078339325,0.15487449,1.0,0.6540146,0.044744343
0.0014270534,0.0008225104,0.00020986341,0.0027394125,0.0044638696,0.00092357973,0.0006800126,0.020810302,0.4268474,1.0,0.31791696,0.011778836
0.001358182,0.00057871745,0.0003421819,0.004224442,0.002669116,0.00030885768,0.00094187574,0.07427172,1.0,0.70220524,0.0723042,0.00358902
0.001151675,0.00046110692,0.0002457573,0.0027558901,0.001767467,0.00024338305,0.0011622098,0.117263645,1.0,0.41503403,0.00826632,0.00039945668
0.0010958031,0.00047572184,0.00029328678,0.003488949,0.006909915,0.0012323125,0.0024479805,0.138642,1.0,0.56078786,0.030888274,0.000957256
0.0073893773,0.0033724862,0.0019957803,0.016287988,0.03962849,0.012020952,0.014757264,0.14086221,1.0,0.92607725,0.18191554,0.017642692
0.081044726,0.09707329,0.07120571,0.22035663,0.39350373,0.4422624,0.5167308,0.48648176,1.0,0.65712696,0.6513049,0.19177024
0.19695888,0.3620864,0.4701523,0.82544225,1.0,0.6139666,0.5465377,0.28027058,0.43284953,0.2689373,0.18586108,0.14663473
0.9501041,0.70499337,0.4810618,0.7385144,0.74511987,0.5621993,0.6970565,0.7172323,0.5569505,0.50106686,0.8112949,1.0
0.58304834,0.25327438,0.19641379,0.47326535,0.68529,0.4790064,1.0,0.6885667,0.20949338,0.2666531,0.56552464,0.69384843
0.30017045,0.39507553,0.4114072,0.6080821,1.0,0.50256217,0.42654222,0.37061107,0.26643512,0.23317236,0.23074901,0.30933565
0.28530157,0.5609808,1.0,0.7410284,0.47854623,0.4130648,0.31670055,0.34546086,0.4838955,0.35931435,0.3010645,0.35008898
0.22337383,0.43736094,0.8711519,0.8739108,1.0,0.8049932,0.505962,0.33120924,0.31952396,0.22366533,0.1961558,0.21475701
0.014286046,0.008303659,0.061027583,0.4488723,1.0,0.60478973,0.088225044,0.008516957,0.003905079,0.0038018331,0.004482825,0.012330948
0.0121161975,0.008763184,0.027163522,0.35192785,1.0,0.8138678,0.2825605,0.033356287,0.0020872082,0.001022258,0.0013984785,0.0049858927
0.009695746,0.019420188,0.017556768,0.23866951,0.55969465,0.6462881,1.0,0.21913393,0.0071057267,0.0023447936,0.005266859,0.0023872834
0.0026471661,0.015438086,0.00691535,0.020365162,0.031911194,0.17913534,1.0,0.36262694,0.010556466,0.0024573505,0.005072885,0.00072907837
0.0031198768,0.016408116,0.0046272655,0.000799089,0.008499427,0.2069035,1.0,0.34134528,0.011001075,0.0010458248,0.0016971179,0.00046491233
0.025875814,0.024494706,0.0047876183,0.024074985,0.200816,0.82970107,1.0,0.19984922,0.0064343195,0.0008639485,0.00157429,0.006864722
0.019487545,0.009606804,0.07211442,0.45620823,1.0,0.5611054,0.09689728,0.013241498,0.0011119773,0.0013966104,0.009261559,0.02104479
0.0019596792,0.017926035,0.29397026,1.0,0.63547367,0.09267553,0.0029946084,0.00027836382,0.0002977866,0.0048516258,0.012778841,0.005803406
0.0011913774,0.023750542,0.37824604,1.0,0.29684344,0.06136216,0.004072773,0.00037918394,0.00023988266,0.0049802284,0.01163263,0.0030723254
0.009673022,0.013971323,0.115406856,0.7115052,1.0,0.46968958,0.08469041,0.0063577346,0.00058406085,0.0015799185,0.005107571,0.0077300495
0.024240607,0.021390026,0.03740933,0.40578744,1.0,0.92065716,0.8452586,0.3200633,0.032268897,0.0018575835,0.0005772827,0.005996543
0.0017252446,0.007815651,0.0138866035,0.01188411,0.019080838,0.049016166,0.43149373,1.0,0.30798623,0.013687686,0.0010048576,0.00069717586
0.009248055,0.037178345,0.017405994,0.002471265,0.002320304,0.033350695,0.3137798,1.0,0.5023994,0.0688223,0.0206299,0.004021108
0.56819534,0.471544,0.050259948,0.007899777,0.05733629,0.29288968,1.0,0.86860496,0.37409067,0.19578572,0.19716653,0.16335718
1.0,0.37413764,0.03607835,0.10780977,0.20857152,0.15756147,0.14756124,0.06760821,0.021522373,0.04831638,0.15388294,0.49094105
1.0,0.43534854,0.5369611,0.9503491,0.4730271,0.08341059,0.040793516,0.02956289,0.026030479,0.2669529,0.5783491,0.66628945
0.47342485,0.3014065,0.7258843,1.0,0.22150595,0.032504663,0.045369387,0.0465692,0.029912552,0.28417793,0.35916397,0.122727
0.5235173,0.4634942,0.4151942,1.0,0.6680309,0.2285657,0.06405507,0.06296384,0.037344772,0.12173737,0.27402505,0.3100361
1.0,0.92990786,0.2356345,0.2624904,0.43677557,0.5359729,0.37582502,0.056849368,0.031269785,0.13602802,0.11431947,0.24962436
0.26540244,1.0,0.22247079,0.026969992,0.02803495,0.108019166,0.3955097,0.10425928,0.0064547174,0.039373197,0.0769778,0.024188533
0.25100335,1.0,0.2416915,0.015669605,0.026669132,0.11699081,0.40276486,0.11344392,0.008478506,0.041330688,0.07375532,0.02503941
1.0,0.8554747,0.16929701,0.105458714,0.25013748,0.3593592,0.3270313,0.11486011,0.11413407,0.14473459,0.14886038,0.4105625
1.0,0.46157807,0.48439762,0.7594118,0.54115736,0.20850338,0.4726656,0.4532908,0.20669512,0.303268,0.5769969,0.7281697
1.0,0.42766556,0.7342435,0.69085443,0.19585398,0.14002274,0.8024782,0.4460871,0.09911255,0.5044332,0.5116517,0.29973355
1.0,0.92091423,0.5789075,0.60011643,0.69752187,0.5903496,0.76875496,0.66999006,0.22551146,0.38327226,0.5794366,0.44327
0.33358857,1.0,0.42761606,0.11470455,0.25133958,0.32508022,0.60813165,0.42280865,0.07450652,0.041856345,0.084097065,0.110127576
0.42422503,1.0,0.54129624,0.2282176,0.38202393,0.44834328,0.8728265,0.6039103,0.07847056,0.07120941,0.11986076,0.15672728
0.2663983,0.64374727,0.606322,0.59641975,1.0,0.6175943,0.9268172,0.90559816,0.25242785,0.2520752,0.22932197,0.23321985
0.8294981,1.0,0.59322506,0.28672418,0.21108237,0.32789442,0.37788096,0.29108834,0.2462027,0.27813703,0.28407013,0.5069453
0.8809661,1.0,0.28719997,0.117018424,0.103550985,0.28144595,0.24788433,0.091796115,0.16034423,0.18023418,0.3054746,0.47225633
0.67455363,0.96444637,0.49757984,0.51825255,0.597512,0.8793559,1.0,0.5768467,0.30633262,0.20887944,0.25188383,0.38205278
0.55371976,0.84402144,0.9394207,1.0,0.86726725,0.665993,0.4846419,0.2961411,0.14709133,0.077792294,0.08988737,0.21942905
0.5160244,1.0,0.9919124,0.68882275,0.28013697,0.18318594,0.16381274,0.12333672,0.05940963,0.03891023,0.057476647,0.20849824
0.47912705,1.0,0.85787547,0.40985048,0.06496934,0.04515253,0.05945681,0.10896047,0.058393475,0.04069762,0.09966872,0.28651842
0.6784765,1.0,0.99954605,0.7643644,0.20395687,0.10787152,0.16799954,0.2986624,0.23108025,0.12495235,0.21208647,0.45627883
0.5759363,0.65778935,0.8283135,1.0,0.5875357,0.33886492,0.26786554,0.40032148,0.44415534,0.34030277,0.35655633,0.3280419
0.35340068,0.67503434,0.45393717,0.28971848,0.26782656,0.45114505,1.0,0.7529055,0.3040877,0.16849351,0.10709057,0.06839955
0.065786965,0.1366771,0.08702787,0.05584198,0.043563258,0.37761012,1.0,0.31133103,0.064238116,0.047208194,0.03752951,0.012332018
0.01180575,0.02648104,0.020983102,0.017176738,0.016131643,0.16592209,1.0,0.540667,0.10510099,0.041852124,0.014051713,0.0037423323
0.0027785744,0.010678256,0.010905216,0.0080392435,0.007169774,0.18410912,1.0,0.4858811,0.1117639,0.04636227,0.005041614,0.0017672239
0.009228841,0.012971472,0.0130370185,0.013818609,0.033874635,0.26166254,1.0,0.3089948,0.12722635,0.036983386,0.004111713,0.0047948924
0.02010171,0.036176812,0.1687361,0.38786802,0.70401233,0.72486216,1.0,0.34347466,0.029926399,0.016605617,0.011048805,0.01439943
0.023864157,0.117081106,0.4149003,0.68237835,1.0,0.5601168,0.14061573,0.06479063,0.01706532,0.021258669,0.012899326,0.009336645
0.026463408,0.1279181,0.2824966,0.53059775,1.0,0.76378286,0.04636468,0.0045496207,0.0060735918,0.009754718,0.0053101815,0.0072714896
0.0038663463,0.018134765,0.07320255,0.5959466,1.0,0.3240322,0.04270747,0.021215437,0.006499449,0.0014611605,0.00177925,0.0026089977
0.0051342077,0.02386037,0.11561816,0.84155005,1.0,0.1500503,0.08205027,0.09459833,0.02593811,0.004148684,0.0017413722,0.0017817359
0.022261541,0.075980194,0.1739685,0.81287336,1.0,0.18683936,0.15674853,0.18740235,0.04670549,0.014242458,0.004038594,0.0044902703
0.07944922,0.41598305,0.73415047,1.0,0.78946966,0.25193796,0.35212526,0.2669887,0.07994726,0.04102804,0.01479664,0.024549862
0.104053795,0.64396906,1.0,0.9808718,0.2473502,0.050999038,0.061067108,0.07290847,0.075225346,0.06091993,0.03175503,0.023177754
0.14356776,0.8760298,1.0,0.5198846,0.079635285,0.02866238,0.022684019,0.024697168,0.030096924,0.035996698,0.069494605,0.07469632
0.19478494,0.9302449,1.0,0.27912137,0.034423396,0.021751024,0.009867563,0.0074865553,0.024971455,0.02417194,0.010788726,0.04066992
0.1186229,0.4697924,1.0,0.5036712,0.23051755,0.058047332,0.014869291,0.008458494,0.014308598,0.01587567,0.0048396215,0.017870476
0.020022858,0.07640855,0.43775067,1.0,0.5871279,0.06546701,0.01102086,0.0045921537,0.0029654258,0.0032614563,0.0090451,0.009755907
0.012181035,0.020643728,0.09017829,0.7236554,1.0,0.18834849,0.011984106,0.0015941899,0.0011769553,0.0019071318,0.0055740695,0.010483776
0.031530894,0.04892713,0.04488026,0.4568566,1.0,0.2445955,0.013489222,0.0021059858,0.0023611244,0.0020140065,0.0030177012,0.01076175
0.73191005,0.6346367,0.26698822,0.7212262,1.0,0.19866626,0.042999804,0.036630813,0.015938815,0.014870322,0.08012505,0.33368546
0.7281502,0.6848339,0.06293446,0.086515084,0.09645159,0.058546703,0.112824164,0.048701387,0.019001422,0.0664012,0.45742056,1.0
0.3861696,1.0,0.7794485,0.2807995,0.03822804,0.011192952,0.020939425,0.020785948,0.0313553,0.04742237,0.08825694,0.16397066
0.10583481,0.4237578,1.0,0.67435175,0.10283318,0.009510231,0.0034329416,0.0033970457,0.008065362,0.022601748,0.01788329,0.013221062
0.15945308,0.456888,1.0,0.7538053,0.15839058,0.015266976,0.0023546824,0.0020170282,0.005426205,0.01968449,0.024526384,0.023012634
0.5961181,1.0,0.50567025,0.15565656,0.058034685,0.010925564,0.0053128935,0.0077478783,0.01621856,0.03568942,0.058911745,0.13062745
0.92749023,1.0,0.16538991,0.11542972,0.022295449,0.0071219224,0.007877814,0.013759846,0.03432553,0.06875952,0.103859395,0.14209037
0.8430344,1.0,0.18095279,0.09089226,0.024153545,0.0027133035,0.0019054351,0.003528468,0.010066403,0.0062184692,0.009917953,0.11563808
0.6720593,1.0,0.21905443,0.03702925,0.018783804,0.0045762267,0.002520713,0.00570786,0.0145982215,0.015819913,0.014385889,0.09318246
0.43503034,1.0,0.3096499,0.114446074,0.0680877,0.027463183,0.020450445,0.01814518,0.029417457,0.058780354,0.09320024,0.10087098
0.5003287,1.0,0.41328105,0.1904423,0.11032164,0.11792107,0.1146287,0.085012875,0.11293982,0.19685997,0.29507095,0.323362
0.47817978,0.71549326,1.0,0.82939553,0.53151846,0.43205795,0.5028965,0.43792146,0.4549269,0.533439,0.56446934,0.46225947
0.17477326,0.19471183,0.51302737,1.0,0.718274,0.4422066,0.43978545,0.6810978,0.5151578,0.34026888,0.3466489,0.23179346
0.31079057,0.23684973,0.19840463,0.68609256,1.0,0.5035323,0.3601361,0.58618194,0.5826649,0.5365674,0.47703946,0.40054587
0.4135976,0.43146044,0.3468573,0.49075493,1.0,0.6701346,0.36792058,0.35470766,0.58250785,0.5919657,0.62279665,0.8287209
0.06594801,0.13302232,0.15158918,0.5395495,1.0,0.3989342,0.056942783,0.06363194,0.09626791,0.09056592,0.043455064,0.032978635
0.014947688,0.024161102,0.059620447,0.3532064,1.0,0.33958942,0.023529442,0.014521001,0.02689573,0.04176121,0.015759787,0.0069847526
0.0077578397,0.0065972586,0.0137257,0.14348291,1.0,0.6513733,0.0777053,0.025017496,0.018294495,0.02481491,0.020778561,0.008758476
0.063774504,0.046764646,0.015785884,0.08437993,0.73576665,1.0,0.46768665,0.14343324,0.037488945,0.011580901,0.024793314,0.05536484
0.8308476,1.0,0.21051915,0.05532859,0.32330495,0.5255087,0.6968353,0.5347669,0.33970743,0.043722138,0.025366355,0.1260038
0.892874,1.0,0.14253217,0.03754169,0.23454115,0.1486033,0.09182988,0.17245951,0.15793298,0.023066882,0.01951372,0.13008136
1.0,0.81344104,0.09596892,0.08897967,0.6395866,0.7074021,0.4608097,0.2161714,0.0451761,0.03624518,0.09753139,0.28145167
0.41760284,0.4235068,0.3081102,0.53962636,1.0,0.89658266,0.37736866,0.11642112,0.05555503,0.061512385,0.089044414,0.08440497
0.16110362,0.54796255,1.0,0.5823282,0.3680042,0.0831958,0.041296776,0.081293486,0.035056215,0.011736898,0.007519514,0.036744777
0.019641494,0.3549076,1.0,0.4575033,0.060064565,0.019892614,0.030130463,0.055421356,0.032139614,0.014254826,0.0030884088,0.004063495
0.0163511,0.117938615,0.50748813,1.0,0.60167646,0.081645235,0.015061702,0.02484072,0.09765178,0.13150458,0.04259312,0.006423693
0.02598167,0.0220126,0.04470916,0.54405504,1.0,0.28826717,0.03652292,0.015539816,0.079914734,0.23747945,0.22832333,0.07276641
0.27657527,0.05437937,0.039681483,0.21854036,0.4188885,0.3822423,0.30274463,0.055698935,0.04589111,0.19440682,0.84810597,1.0
0.44984236,0.047394395,0.0075869896,0.0054521044,0.010761242,0.055263117,0.23077714,0.07194164,0.011054242,0.030070024,0.38325033,1.0
0.32909665,0.056007884,0.0070673963,0.024263812,0.10789977,0.233293,0.27111286,0.071910806,0.034035955,0.15577404,0.71870756,1.0
0.05635858,0.02160282,0.08326014,0.5439829,1.0,0.43444505,0.088292524,0.061335556,0.21175422,0.50412655,0.6730525,0.37642047
0.014415196,0.023292769,0.265203,1.0,0.61742854,0.07348466,0.018161733,0.07205748,0.18850271,0.097795,0.033943914,0.012844865
0.1384032,0.051120933,0.3677526,1.0,0.6207708,0.31661853,0.16424358,0.08246981,0.19398715,0.20779766,0.25472438,0.28067422
0.60234416,0.7485886,1.0,0.6041219,0.23859204,0.25935307,0.2201961,0.06329898,0.046831477,0.061834082,0.23955975,0.53923094
0.18231344,0.51037276,1.0,0.8650775,0.18680316,0.021823019,0.018314447,0.010064815,0.005494983,0.013624107,0.019128626,0.038323946
0.14539559,0.3077141,0.88853693,1.0,0.32430762,0.02167649,0.00520511,0.003610272,0.004040712,0.012101682,0.0073594484,0.017893752
0.6791599,1.0,0.62451166,0.36106858,0.3052593,0.052885994,0.016930195,0.021280581,0.035080817,0.058717478,0.07863954,0.17390062
0.9880694,1.0,0.28272158,0.30658707,0.35907724,0.35077018,0.2066809,0.30619088,0.48546928,0.7464582,0.67296803,0.5497632
1.0,0.45742205,0.3641931,0.30968153,0.1388704,0.10648276,0.1186513,0.2565192,0.3859014,0.30726576,0.5803558,0.9149796
1.0,0.8988632,0.756532,0.6496445,0.50000083,0.2954857,0.10534747,0.13761361,0.2785507,0.42663318,0.99123263,0.97365576
1.0,0.43159992,0.11699798,0.16395862,0.3670173,0.4888585,0.28217226,0.06853285,0.04236922,0.12705462,0.2927827,0.56506574
1.0,0.51722383,0.028552018,0.025206285,0.09682534,0.35995525,0.32973477,0.082362264,0.041105445,0.17754428,0.2334004,0.2617613
1.0,0.75566006,0.038979392,0.025615782,0.10458535,0.6098314,0.44140914,0.07466006,0.15877602,0.82523125,0.6469134,0.30681756
0.28056854,0.14140028,0.022488613,0.25961074,1.0,0.8124179,0.1794077,0.03616504,0.14169088,0.3054392,0.10701541,0.100047864
0.04326007,0.017856061,0.08036312,0.61515677,1.0,0.22930521,0.014855763,0.008816674,0.031879947,0.024388006,0.018258117,0.03574664
0.03849224,0.16820888,0.41204503,1.0,0.788169,0.08751778,0.004788322,0.005534106,0.018267976,0.031090138,0.029252071,0.013094755
0.44529563,1.0,0.3885725,0.2437579,0.23123859,0.031806596,0.0051870774,0.0229224,0.051614013,0.029419284,0.020604154,0.04999098
0.5511286,1.0,0.3306462,0.10158248,0.0424222,0.008086103,0.002864739,0.009764021,0.033466924,0.021254668,0.009780782,0.04794817
0.51026607,0.7644922,0.6760728,1.0,0.90711427,0.33213156,0.051373117,0.00935942,0.028524822,0.046560418,0.037067104,0.086063035
0.23866661,0.49639308,0.16598804,0.5246153,1.0,0.66124946,0.2979381,0.041806426,0.0107805515,0.019886713,0.023204137,0.04420672
0.5011115,1.0,0.20026973,0.07358569,0.11113955,0.2819495,0.46962535,0.12955415,0.06154397,0.069357984,0.05285543,0.031088898
0.72226727,1.0,0.26382476,0.2718457,0.44249332,0.561576,0.26024464,0.21907066,0.22802176,0.24448298,0.12916446,0.12522103
0.45415804,0.29192385,0.13277869,0.6163043,1.0,0.4003037,0.07598315,0.072487906,0.06536741,0.08200088,0.06529769,0.15921442
0.30874762,0.5214093,0.48018968,0.8557152,1.0,0.19177969,0.054586813,0.03165309,0.053785846,0.08334959,0.048564095,0.07818997
0.14111392,0.7602199,1.0,0.2981438,0.41881275,0.11983015,0.049958464,0.023900865,0.08379156,0.14547484,0.0329981,0.024872221
0.014804998,0.20314302,1.0,0.7265107,0.12791364,0.024142165,0.016507898,0.0056342743,0.021818733,0.105584,0.058509387,0.009187154
0.017288638,0.04456384,0.36385155,1.0,0.57567686,0.16619602,0.03180594,0.006072712,0.0046991343,0.026282003,0.05409403,0.022901189
0.16774482,0.19684297,0.11037117,0.602317,1.0,0.7818328,0.3139826,0.02090361,0.012556383,0.05563964,0.045202933,0.043701407
0.40315887,0.39220902,0.063534394,0.14574794,0.34966847,1.0,0.6058789,0.040971994,0.013693865,0.08314095,0.048142854,0.057236582
0.30921888,0.24047996,0.0828096,0.19795477,0.81438124,1.0,0.24022342,0.04785819,0.013171399,0.028182538,0.03767275,0.07238257
0.04838466,0.074496396,0.28212944,0.82427466,1.0,0.295771,0.031705342,0.0085547045,0.011496465,0.01540966,0.034628943,0.024388889
0.14886762,0.20495874,0.3845582,1.0,0.9681698,0.14230302,0.047790248,0.064957574,0.043844808,0.027642794,0.025822382,0.05760771
1.0,0.3498588,0.1117642,0.35631055,0.3993005,0.1691399,0.44006762,0.5222551,0.12112734,0.021448571,0.033869456,0.42832392
0.79496956,1.0,0.59691614,0.14020914,0.019762874,0.021761471,0.14318292,0.24471594,0.26890635,0.09806731,0.024202663,0.14236364
0.251626,0.7337773,1.0,0.9567335,0.6643958,0.2970275,0.05240382,0.024823891,0.09956912,0.116106085,0.06248318,0.054715533
0.04967834,0.064537525,0.1803351,0.7147153,1.0,0.78902423,0.28336725,0.028555052,0.009405325,0.022958072,0.02060308,0.028806798
0.06584808,0.050962914,0.051152736,0.29875118,0.7554937,1.0,0.48521665,0.037189603,0.003944424,0.008457413,0.007657405,0.019855345
0.0913774,0.1240579,0.2800111,0.70504546,1.0,0.37602383,0.06503436,0.0137643255,0.0088655045,0.011481339,0.019968603,0.03128455
0.46608096,0.58424926,0.49241602,1.0,0.9180615,0.12354813,0.052625947,0.051796462,0.021816393,0.0162514,0.026676847,0.13896537
1.0,0.55556625,0.34024492,0.2575769,0.29973173,0.07916249,0.20720296,0.21391897,0.10504611,0.03811133,0.046528857,0.37642393
0.37356642,0.78354985,0.9305577,1.0,0.9325037,0.60225713,0.16060582,0.047298197,0.06995777,0.06287478,0.06531449,0.123438016
0.11651972,0.15466039,0.1250162,0.338251,0.6685609,1.0,0.78402597,0.16173545,0.02279407,0.014762542,0.01862307,0.04073726
0.54348445,0.20178048,0.032204118,0.0826541,0.22761655,0.598679,1.0,0.34319663,0.07156318,0.047905438,0.05956426,0.24354754
1.0,0.47363046,0.22227752,0.30769098,0.4044269,0.37197542,0.44026327,0.36095756,0.24792297,0.3051275,0.2266349,0.597898
0.73307383,0.9279643,0.64576083,0.3877505,0.26614195,0.2724336,0.22559129,0.4312774,0.90198916,1.0,0.4595343,0.6327649
0.28990057,0.37559298,0.43817797,0.60940266,0.28341556,0.097014435,0.06019355,0.06546195,0.32358065,0.71027714,1.0,0.6050468
1.0,0.48358572,0.35553774,0.47971973,0.3464017,0.21212183,0.114795916,0.047341593,0.07301615,0.17936026,0.54887223,0.7473025
1.0,0.4563948,0.07940067,0.069783725,0.059131376,0.29875296,0.3700957,0.06620481,0.01699328,0.012719691,0.022049485,0.27854833
0.54281646,0.39446506,0.0529419,0.035182867,0.19899005,1.0,0.91804206,0.16111147,0.021398121,0.02081132,0.025341151,0.1302502
0.09309365,0.10890441,0.15617657,0.23965983,0.8185789,1.0,0.38303447,0.092640676,0.031184565,0.046552185,0.03206909,0.025581725
0.1330764,0.11412354,0.18284687,0.73027396,1.0,0.22130315,0.038903594,0.03210274,0.056034904,0.21517605,0.10255424,0.03967454
0.29729864,0.36881587,0.12987351,0.6346609,0.85364634,0.20266904,0.069052175,0.06168545,0.64730316,1.0,0.18423085,0.05959658
0.19001323,0.2170758,0.07759596,0.10299447,0.11116027,0.058327746,0.09371981,0.12841417,0.91395015,1.0,0.17559482,0.05667168
0.2982694,0.3742442,0.46982995,0.5205667,0.49950653,0.36802796,0.41131222,0.41377425,0.8144122,1.0,0.84362966,0.49785966
0.61824775,0.8805629,0.89750886,0.72525245,0.58336896,0.49134436,0.6698886,0.6495152,0.44829926,0.49120092,0.83954585,1.0
0.25890324,0.35322893,0.33691713,0.43478525,0.34859115,0.22013234,0.43395543,0.39627662,0.15989637,0.3038171,1.0,0.7598436
0.4498447,0.21513978,0.16531329,0.49484113,0.3707404,0.18383662,0.22972398,0.31345525,0.29628098,0.37216413,1.0,0.9884664
0.28418192,0.34730574,0.4556746,0.7141392,1.0,0.98149973,0.81643575,0.48656467,0.20210387,0.11814526,0.22902912,0.26834795
0.24937922,0.26547363,0.25270838,0.4429744,0.9308084,1.0,0.5169736,0.19773956,0.06251665,0.057645217,0.108338185,0.16887093
0.40820664,0.3379436,0.3307549,0.54519117,1.0,0.75807756,0.19763039,0.12201846,0.07474973,0.054883327,0.13808286,0.35614198
0.5360168,0.42605656,0.3724102,0.5176465,0.4049627,0.25681314,0.08625753,0.17298779,0.19795036,0.11319063,0.44283956,1.0
0.3331759,0.31716105,0.28667018,0.21934839,0.32763603,0.25087076,0.1809094,0.2077618,0.18572326,0.13491605,0.6347715,1.0
0.62866,0.56238914,0.25823924,0.28309068,0.3036985,0.28122404,0.31392464,0.15881713,0.089934975,0.22699718,0.9127917,1.0
1.0,0.89069265,0.09632417,0.074848674,0.11646106,0.18480067,0.17874236,0.11434845,0.08976506,0.06626256,0.21066535,0.31912518
1.0,0.76554394,0.10587286,0.08801303,0.09511831,0.15516415,0.16899437,0.31152454,0.36521927,0.1468668,0.14928584,0.27473733
0.52863884,0.2556444,0.07102993,0.09617573,0.13026722,0.10593427,0.1320203,0.5628376,1.0,0.71961415,0.531086,0.36876032
0.7169193,0.42241156,0.10253473,0.07209572,0.1048727,0.15767421,0.15816483,0.27474308,0.5902544,0.8813238,1.0,0.4479471
0.91453534,0.59423846,0.2515828,0.32294145,0.1988044,0.116246834,0.12331098,0.19723372,0.35435596,1.0,0.76193583,0.476912
0.528602,0.59056556,0.2592851,0.29838678,0.18269888,0.14624329,0.13753419,0.23499781,0.4628571,1.0,0.7333263,0.32515725
0.50392723,1.0,0.3991431,0.2098147,0.2796508,0.3323812,0.27529946,0.24737309,0.48193493,0.74124324,0.69490993,0.41266268
0.71914375,0.8940741,0.729943,1.0,0.75222486,0.6806048,0.7237891,0.64673936,0.93426496,0.9843784,0.7723728,0.67522
0.5032499,0.33441553,0.3583404,1.0,0.8455754,0.51595026,0.38821962,0.4821237,0.4876072,0.4656544,0.5950842,0.48026145
1.0,0.86823726,0.7485621,0.69465935,0.8037574,0.45269278,0.43525156,0.512622,0.6707781,0.8404654,0.81650525,0.7612094
0.9040783,0.9401452,0.5560369,0.44056693,0.47219712,0.41999447,0.9863978,0.8541303,0.4992107,0.6408784,0.9063423,1.0
0.67284614,1.0,0.43359703,0.31500176,0.32146403,0.3873993,0.58131224,0.8794483,0.9739524,0.83489704,0.50116515,0.45258588
0.47177395,0.9790652,0.5570655,0.33077994,0.34349835,0.36421388,0.3107726,0.47243494,0.9903648,1.0,0.58805716,0.37814656
0.26379195,0.291573,0.27010408,0.37033084,0.20395309,0.18194489,0.16698122,0.28958565,0.46808073,0.40491533,1.0,0.7312533
0.18763037,0.11606317,0.116213314,0.24913341,0.39832544,0.22917053,0.079227485,0.18644276,0.2529309,0.2134061,0.6538091,1.0
0.33728567,0.25061253,0.2730325,0.5041658,0.7868266,0.41646236,0.16381727,0.43416312,0.35655248,0.37783745,0.7182665,1.0
0.71555495,0.701729,0.45574456,0.39101303,0.4504457,0.36591,0.629755,1.0,0.4870155,0.32831505,0.24063276,0.39926904
0.2354071,0.19437668,0.35989246,0.6998551,0.91628194,1.0,0.8676847,0.64058816,0.349073,0.2671572,0.27675378,0.26356113
0.20253348,0.43793157,0.7794846,0.9321025,0.71706444,1.0,0.8204614,0.35699332,0.24689288,0.14415576,0.16246118,0.19042902
0.29058307,0.6540055,0.9698197,1.0,0.8312589,0.5533894,0.4847003,0.33447906,0.2966949,0.14267002,0.108924314,0.12318435
0.10734967,0.23309778,0.3080024,0.40509978,1.0,0.7981279,0.30132064,0.092878625,0.11230803,0.11148204,0.13829705,0.06254627
0.08945539,0.13693446,0.18615572,0.2534147,1.0,0.97672534,0.44412628,0.06866832,0.07171373,0.089593366,0.20871401,0.15984444
0.2851688,0.7325482,0.6512554,0.50082535,0.5439567,1.0,0.50571895,0.10737902,0.08649797,0.06121086,0.11472517,0.19069847
0.3404385,1.0,0.57353437,0.30152622,0.1831152,0.27571365,0.20867442,0.04151085,0.035544686,0.031619877,0.04086342,0.059846684
0.25718862,1.0,0.7231636,0.36326352,0.2182694,0.19316961,0.1283702,0.03364649,0.018929409,0.019679066,0.035935327,0.055727296
0.3994484,0.9387712,1.0,0.78345954,0.27067137,0.18306655,0.13600698,0.11552861,0.15662128,0.13057765,0.17395861,0.2297308
0.1555954,0.32989988,0.4982416,0.6532801,0.5775105,0.8678794,1.0,0.86033195,0.4462638,0.19514306,0.21335937,0.2670258
0.15957657,0.17653772,0.2704526,0.43823707,0.51136035,0.7093211,1.0,0.5160867,0.22477058,0.2302061,0.22464769,0.20868888
0.0796131,0.15752544,0.2573923,0.345975,0.23692189,0.3702507,1.0,0.47359818,0.19951195,0.13013722,0.07136503,0.0768553
0.12116042,0.27858606,0.34149912,0.36830628,0.45203498,0.64948577,0.71918714,0.7611641,1.0,0.42858258,0.16905594,0.16662309
0.29401037,0.15533102,0.07138559,0.047551736,0.021858102,0.02196554,0.043150205,0.081014715,0.23390791,0.5684096,1.0,0.67638564
0.68421644,0.13735363,0.051844623,0.029053848,0.007838054,0.007424064,0.014914923,0.030420713,0.05722942,0.11738195,0.46054503,1.0
1.0,0.16893956,0.08256659,0.022592746,0.0054105246,0.006884391,0.017904831,0.0328419,0.043630745,0.034044147,0.080737434,0.803495
1.0,0.34976497,0.066163704,0.010639805,0.0028050437,0.002846471,0.006952108,0.012550368,0.021338651,0.010697822,0.01720382,0.3586428
1.0,0.39433396,0.042231604,0.0057566054,0.0021575782,0.0016554664,0.0031101143,0.005322767,0.0087461565,0.0053334963,0.013274236,0.31655163
1.0,0.35296085,0.037588947,0.0059555764,0.003087175,0.0018598911,0.0035761208,0.007166742,0.00883188,0.00703499,0.038138244,0.5208147
0.6518563,0.2362629,0.046834003,0.012546224,0.0055181296,0.0056257886,0.0092698205,0.019748012,0.022509973,0.015802193,0.18797597,1.0
0.34323445,0.067510314,0.03312081,0.0149972895,0.0056524845,0.0093353605,0.024389954,0.018939165,0.024687896,0.03418214,0.40369904,1.0
0.28259945,0.038742278,0.022269716,0.01412668,0.0072541386,0.021889122,0.032829452,0.014015203,0.02553399,0.1545067,0.8153623,1.0
0.13185157,0.037256952,0.02086725,0.014645464,0.015449635,0.028920844,0.020605097,0.01289487,0.05628933,0.4869321,1.0,0.3544376
0.048111238,0.015164258,0.020834412,0.012500747,0.011265756,0.04671966,0.03689804,0.010501023,0.03899855,0.32624108,1.0,0.49678928
0.18269914,0.059426624,0.045181938,0.024330249,0.023312615,0.11232284,0.10534684,0.011948342,0.021200342,0.09003473,0.89622563,1.0
0.2229971,0.047948375,0.029966127,0.014501321,0.013820538,0.11444296,0.14193107,0.022840232,0.014528235,0.045219187,0.7122277,1.0
0.11051254,0.011831713,0.012157038,0.008952026,0.01113833,0.16451989,0.24172027,0.043237276,0.04542506,0.073229305,0.8704566,1.0
0.0414414,0.0038187802,0.005289724,0.0028677413,0.0073232893,0.12783976,0.2107604,0.045624133,0.034506436,0.117397524,1.0,0.65654564
0.007896506,0.0012949705,0.003435422,0.0008503711,0.0032611692,0.036699083,0.03908223,0.012026819,0.012861561,0.13298118,1.0,0.38705668
0.0030327963,0.0010474984,0.002357708,0.0004141894,0.0018493965,0.008083757,0.0023737322,0.0019798416,0.006001539,0.2003744,1.0,0.24406253
0.0014813602,0.0009780779,0.001513413,0.00028836605,0.0010931522,0.0026933225,0.00053920184,0.0010630587,0.0041264575,0.25989208,1.0,0.16452597
0.002122807,0.0011273694,0.0016384035,0.00048020174,0.0007823902,0.0020300706,0.00033116894,0.0007675275,0.0039661326,0.2505205,1.0,0.17201291
0.0047600237,0.0020367862,0.0030223997,0.001276296,0.0016192921,0.0035816443,0.0007255654,0.0015280886,0.0062635937,0.25157234,1.0,0.20005247
0.0053598755,0.01025455,0.010896311,0.0051507307,0.006919751,0.0058228676,0.0014051603,0.004991128,0.056163233,0.82793486,1.0,0.08760524
0.0026533036,0.009481962,0.006020184,0.005115104,0.018487675,0.007791829,0.0028448342,0.021105153,0.27917916,1.0,0.30116534,0.0105716195
0.0044295047,0.0070313173,0.0070008864,0.013795082,0.032138787,0.011672991,0.016881788,0.12791175,0.9013084,1.0,0.11680981,0.004425759
0.009574074,0.010200431,0.016118288,0.02603675,0.036614347,0.020615943,0.05237805,0.22469631,1.0,0.56673294,0.04084509,0.0083861165
0.17615734,0.13684107,0.10233496,0.08078444,0.124453805,0.1588546,0.5672669,0.5714061,1.0,0.43722486,0.15270151,0.17492495
0.34501576,0.25697568,0.20257522,0.09436369,0.10837566,0.35952815,1.0,0.5111361,0.43572477,0.2892175,0.17428352,0.22079007
0.2675707,0.23520152,0.23166695,0.08857084,0.19310233,1.0,0.76799643,0.22250018,0.10845225,0.08594319,0.083979495,0.12475717
0.16320978,0.11169968,0.093318425,0.04571351,0.3457035,1.0,0.32866436,0.05444152,0.021661997,0.013275077,0.019151296,0.06815866
0.20876543,0.11223212,0.058882985,0.11148573,0.95095325,1.0,0.15535325,0.038163096,0.01703766,0.007915103,0.012859256,0.11462711
0.04604985,0.019930393,0.037042815,0.35081047,1.0,0.3060568,0.01872842,0.012051909,0.0052769356,0.0025852004,0.015553659,0.062184017
0.014744213,0.03841531,0.12976538,0.6586428,1.0,0.19928938,0.010678253,0.011616022,0.006913787,0.008222974,0.023829652,0.027851239
0.17972359,0.4125602,0.33618832,0.6458449,1.0,0.21333711,0.018769268,0.025587365,0.036361724,0.035448655,0.036496107,0.06426373
0.9739958,1.0,0.26508543,0.20962678,0.33903667,0.12356186,0.06552694,0.07107172,0.09539688,0.12851697,0.3149396,0.53158814
0.6368784,0.7709502,0.25263777,0.062243402,0.1730892,0.259278,0.37398526,0.25309536,0.23639905,0.4995241,1.0,0.6858778
0.19273001,0.31569964,0.1807134,0.063171655,0.13818112,0.18069494,0.4557278,1.0,0.96412057,0.44129437,0.3786875,0.17901485
0.27239305,1.0,0.5059761,0.05685711,0.073188595,0.13768047,0.36244935,0.5913534,0.39281842,0.21229894,0.27968115,0.12465668
0.20624444,1.0,0.69705623,0.11467601,0.038209025,0.050595775,0.18627748,0.19245611,0.09205706,0.082096495,0.13720144,0.0887134
0.64330006,1.0,0.89410925,0.29162538,0.11686109,0.0613358,0.1483731,0.12256569,0.12198418,0.20153981,0.36196342,0.60586625
0.6041774,1.0,0.86658293,0.5723419,0.38259214,0.10468512,0.039053433,0.036679115,0.027135955,0.036817867,0.09560988,0.2695754
0.12271504,0.31367365,0.31275702,0.5430898,1.0,0.5626664,0.09252214,0.01259886,0.012118654,0.014457322,0.011413293,0.025441863
0.053157516,0.040950045,0.016819056,0.11167564,0.39300686,1.0,0.58215296,0.030817391,0.00438044,0.0071991496,0.0047311387,0.011620131
0.010162338,0.009380232,0.004917022,0.006555503,0.10370071,1.0,0.76194704,0.033864092,0.0012906269,0.0021632463,0.0014965243,0.0027708344
0.0010181594,0.0009278328,0.008969388,0.13639592,0.69340616,1.0,0.36270863,0.0279985,0.0009730624,0.00061007513,0.0006226925,0.0007629308
0.000558157,0.00018020892,0.014989329,0.36129844,1.0,0.27750924,0.017830247,0.0039105127,0.00024960982,0.00014588027,0.00043151213,0.0016326566
0.00031684348,0.0001647077,0.012334749,0.35101,1.0,0.24956273,0.006885839,0.0005084736,0.00017533643,0.00012101692,0.0004214218,0.001570812
0.0006009739,0.000526685,0.009175645,0.18841541,1.0,0.49558663,0.025816962,0.00067286164,0.00030077796,0.00018665196,0.00046205893,0.0015043118
0.044510767,0.073651336,0.090150245,0.28023818,1.0,0.44208425,0.029126266,0.011524586,0.01641957,0.020669503,0.034524947,0.047742344
1.0,0.960815,0.19105801,0.33214194,0.36569977,0.082093194,0.019755887,0.07884414,0.13538095,0.12888475,0.16753167,0.34615204
1.0,0.9367458,0.12248952,0.044470124,0.029057717,0.02023487,0.013548363,0.03371286,0.06394095,0.046872642,0.032813173,0.14476477
0.62724733,1.0,0.32487372,0.043676782,0.029035196,0.028661085,0.06352379,0.07560689,0.114511035,0.07961056,0.020743348,0.06843277
0.74146175,1.0,0.4848924,0.20602024,0.15985373,0.078927144,0.28324798,0.3450608,0.17832296,0.106116034,0.0742613,0.1445949
0.20713095,0.23263775,0.12683545,0.7636327,1.0,0.14531237,0.11452706,0.1747969,0.06945311,0.028675366,0.06294036,0.07461459
0.029147612,0.036430657,0.02258213,0.37362272,1.0,0.35123584,0.04656574,0.025833894,0.06791213,0.028208937,0.010544135,0.014290286
0.017944172,0.02419278,0.01698761,0.21068603,0.76630074,1.0,0.47349128,0.032166455,0.05717008,0.10470572,0.033422478,0.008509783
0.013325853,0.015183123,0.0036279205,0.012672375,0.09592606,1.0,0.8708106,0.044319954,0.0077934116,0.09438092,0.051942755,0.0027867814
0.011112313,0.009555542,0.00234905,0.007235699,0.15952447,1.0,0.46924058,0.019012906,0.011716611,0.06779809,0.021150894,0.002077737
0.007484056,0.003915155,0.0021293696,0.01924631,0.466069,1.0,0.15125853,0.0063609686,0.033658378,0.049028743,0.0048812823,0.00329232
0.007346494,0.0013621522,0.0014734651,0.06679636,1.0,0.90042955,0.05190571,0.008150355,0.04890882,0.022921618,0.002608279,0.0091018835
0.008933089,0.00078955176,0.00091230526,0.0765466,1.0,0.6658563,0.025036931,0.006329665,0.03391374,0.011315566,0.0013659317,0.011743052
0.015124771,0.0014642935,0.0008058678,0.05321118,0.85576594,1.0,0.08637229,0.0062513994,0.023138415,0.013478035,0.0017262767,0.012923875
0.012290832,0.003712275,0.0012469811,0.017502837,0.29669222,1.0,0.35554644,0.01674164,0.0076578823,0.013173911,0.0032173533,0.0041220654
0.004748082,0.004031041,0.0033566013,0.0077192336,0.10556957,1.0,0.8397128,0.04415874,0.0032211796,0.009204372,0.006225794,0.001619281
0.0034374013,0.008826164,0.037670396,0.16400069,0.5011948,1.0,0.4835382,0.026931917,0.0019711803,0.0023307654,0.0025104298,0.0012478282
0.0116815455,0.020934477,0.10917411,0.57530296,1.0,0.5935037,0.20333965,0.0332183,0.003094806,0.0013142963,0.00092611613,0.0018576754
0.088467844,0.15219742,0.20292084,0.8304565,1.0,0.15066127,0.028575132,0.021079201,0.002614183,0.0013485436,0.0031873425,0.010990654
0.89150137,1.0,0.24720101,0.30689824,0.46453756,0.22485246,0.056681857,0.041293178,0.04885683,0.052251313,0.07161116,0.20828967
0.7798788,1.0,0.20351772,0.16174223,0.1659607,0.15782015,0.20156884,0.119825214,0.11574331,0.09947504,0.059452854,0.1228055
0.9095303,1.0,0.32123098,0.3859725,0.45904958,0.33175862,0.2934304,0.19940205,0.26482823,0.21403345,0.20234957,0.24720167
0.49338526,0.36692694,0.29107553,0.2565186,0.46539775,0.63305646,0.45307016,0.6138703,1.0,0.56783557,0.47360992,0.5426222
0.36363247,0.3268191,0.24632159,0.3524745,0.42055982,0.46377864,0.36982766,0.51767814,1.0,0.6466508,0.3848634,0.4435454
0.3262724,0.3342972,0.3076357,0.51353776,0.6038288,0.9184591,0.7342692,0.72176975,1.0,0.75430447,0.50720525,0.4329676
0.9151555,1.0,0.27604505,0.14540848,0.15036045,0.2870014,0.22344874,0.07030735,0.06109974,0.16649549,0.21834722,0.27229354
0.7095259,1.0,0.28310904,0.09430155,0.058863245,0.05445795,0.05392964,0.036005996,0.033811554,0.077983156,0.12797263,0.09105446
0.6276544,1.0,0.62033856,0.8623483,0.4161082,0.06076732,0.021382516,0.028654773,0.038903434,0.21691364,0.39424607,0.09548916
0.04452642,0.03819365,0.059885513,0.7121675,1.0,0.1829793,0.011864996,0.0044238395,0.006455965,0.07553186,0.17113099,0.0522768
0.015529908,0.021607228,0.08506269,0.8929005,1.0,0.15791301,0.016368683,0.0028311855,0.002313232,0.012405945,0.020762863,0.008508652
0.0075202556,0.011116458,0.124915615,1.0,0.54233676,0.025715346,0.002912455,0.0010100986,0.00018773992,0.00029370893,0.0002689664,0.00092097867
0.0035105774,0.011856465,0.260412,1.0,0.37440732,0.01263115,0.00038944857,0.00033498692,0.00015000596,0.0001111693,0.00013636901,0.0005467425
0.011191054,0.12929894,0.91279566,1.0,0.20429297,0.012468622,0.0005474617,0.0005192822,0.0003086313,0.00033491492,0.0003197594,0.00094254786
0.0089641325,0.1299443,1.0,0.8428678,0.07499368,0.0033840772,0.00013917818,0.00017718866,0.00017490247,0.00025479202,0.00028125657,0.0005841533
0.0018332732,0.030559145,0.46619365,1.0,0.23464675,0.01181041,0.0006487784,8.364865e-05,3.4159548e-05,7.2738636e-05,0.00014561665,0.0003478549
0.0011821793,0.008827546,0.13052015,0.9885561,1.0,0.1928012,0.011750845,0.0003971538,5.629415e-05,9.462242e-05,0.000191449,0.00027830288
0.0009848706,0.0022389567,0.050297365,0.5475325,1.0,0.43567193,0.08518275,0.0036129311,6.481293e-05,0.00012772487,0.00018098614,0.00027488536
0.0021173346,0.005003699,0.06828926,0.2771383,0.5398682,1.0,0.8554783,0.037541408,0.0010565973,0.0012862072,0.0011379749,0.0012039484
0.00092393364,0.0016387847,0.0065052183,0.072237745,0.5245088,1.0,0.26792267,0.008156036,0.0009916907,0.0009872402,0.00052776333,0.0005425557
0.00020341812,0.0021854148,0.059824787,0.46799794,1.0,0.33191618,0.016414573,0.000459187,0.00021557114,0.00016769707,0.00025812484,0.00024345024
6.394138e-05,0.0011527531,0.08847934,0.8775903,1.0,0.10079226,0.0012616261,0.00014888468,6.9829075e-05,0.00010646899,0.0004225162,0.0004991684
0.0001229448,0.0004945535,0.047060173,0.7478536,1.0,0.11069526,0.0012567453,8.784761e-05,5.931127e-05,9.692262e-05,0.0006201899,0.0011970839
0.00018894022,0.00015095717,0.016327035,0.4132427,1.0,0.18950653,0.0033834828,9.585167e-05,8.5504915e-05,0.000111005575,0.00044403484,0.0013402356
0.00029589477,0.00016066188,0.005559244,0.21260753,1.0,0.31781298,0.0058216606,0.000119644435,0.00017472958,0.00013329062,0.00024761556,0.0010694915
0.0004337868,0.00022458423,0.0040601413,0.21920705,1.0,0.35293216,0.007880274,0.00020839513,0.00030572343,0.0001829951,0.00022764606,0.0011397016
0.00065492094,0.00047432544,0.0069354665,0.2520949,1.0,0.33243275,0.010341729,0.00057662406,0.00073754805,0.0010484997,0.00090013654,0.0011453185
0.00064806227,0.0009969737,0.015923353,0.2947737,1.0,0.20347072,0.0063357307,0.0009491407,0.0010324352,0.002695066,0.004706198,0.0012732974
0.0020803942,0.0013854621,0.030021675,0.64779437,1.0,0.09517182,0.0035195826,0.0019317108,0.0023955097,0.0030135834,0.0044637197,0.00491339
0.019657036,0.0018129096,0.03256666,0.6717751,1.0,0.117440104,0.0018427026,0.00070818054,0.00066061714,0.0010515866,0.020620862,0.060026042
0.058349207,0.007907646,0.032276113,0.68250823,1.0,0.10360832,0.002008638,0.0014167351,0.0012901229,0.0016385746,0.03411369,0.13548736
0.01983255,0.0061435555,0.027028447,0.6108571,1.0,0.10738286,0.003383569,0.0029302337,0.0023876498,0.0017673197,0.020107852,0.05205582
0.0043208445,0.0016272512,0.020786142,0.5809571,1.0,0.10234257,0.0035295791,0.0026450208,0.0027684963,0.001233194,0.013380904,0.024311936
0.0027565637,0.0009005879,0.015669525,0.4570525,1.0,0.14967248,0.0046944753,0.0019265263,0.0034177906,0.00090850535,0.01059494,0.024574926
0.0015315743,0.0018126644,0.010471554,0.22897162,1.0,0.38591313,0.022571307,0.0023025745,0.0039464124,0.0012894565,0.0030994648,0.0092017995
0.024553351,0.036503818,0.08501909,0.29196945,1.0,0.5447523,0.102268785,0.016179157,0.00780773,0.0026985703,0.0030138083,0.010558068
0.17539705,0.18912902,0.22776167,1.0,0.85298336,0.13856989,0.080016784,0.032588094,0.011231698,0.007467701,0.020688785,0.029485568
0.89507884,0.9466088,0.36733875,1.0,0.87563485,0.12284706,0.053096812,0.052336965,0.034468375,0.09940352,0.18037327,0.2612838
1.0,0.8927247,0.22481549,0.6043527,0.32311073,0.024608444,0.03380297,0.04372575,0.11452754,0.20115624,0.15920813,0.18103614
1.0,0.6197428,0.23312561,0.23202902,0.14624397,0.05822293,0.02491815,0.029756656,0.09175119,0.12441224,0.057822537,0.24773297
1.0,0.37019733,0.18485916,0.38717225,0.77331865,0.54105246,0.13240503,0.09200883,0.08719864,0.11828346,0.09425008,0.351158
1.0,0.5067879,0.5657837,0.6459287,0.8495858,0.81344396,0.19769748,0.15757647,0.20106918,0.36378652,0.71810144,0.8167124
0.75222546,0.1368852,0.16223824,0.12213761,0.04175648,0.3695479,0.7610231,0.44760665,0.10337823,0.073676184,0.39263475,1.0
1.0,0.8832833,0.3240817,0.03948906,0.03014773,0.16018496,0.47085136,0.32909656,0.073914744,0.014277462,0.05294223,0.33208668
0.52512705,1.0,0.23883338,0.008780531,0.008543912,0.018378811,0.04617557,0.03428869,0.01070173,0.0021721954,0.0016129556,0.037527014
0.4592817,1.0,0.19693801,0.0028376868,0.0012024551,0.0023830663,0.0026848477,0.0029517184,0.005157312,0.0007181391,0.00027523012,0.022039715
0.4623487,1.0,0.17770545,0.0022446713,0.00017736045,0.00037930056,0.00039050807,0.0014821747,0.00553018,0.00081254967,0.00040678546,0.022070976
0.7564296,1.0,0.11421908,0.0015005287,0.00013898287,0.00014660835,0.00031771304,0.0036149092,0.00480544,0.00056651555,0.0023623905,0.0756866
1.0,0.7371851,0.055003278,0.00088573445,0.00019984381,0.0006919856,0.0020615857,0.0057022395,0.0023414567,0.0016006399,0.018889545,0.23220703
1.0,0.8795637,0.07536366,0.0023531746,0.0036110524,0.016438318,0.012647982,0.008903708,0.016386308,0.020910513,0.15372767,0.32097703
0.9136781,1.0,0.15170482,0.00700548,0.020185685,0.13763049,0.06745923,0.031815007,0.109414294,0.15992253,0.73218864,0.6326275
0.34309635,0.17605193,0.062490072,0.012494285,0.023453983,0.14801161,0.13673754,0.041257568,0.124868505,0.15916282,1.0,0.9038668
1.0,0.41587165,0.050445598,0.00447365,0.0014336118,0.009838349,0.035959866,0.030024849,0.019125475,0.023180407,0.17653467,0.86072594
1.0,0.965338,0.18724431,0.018132623,0.0037837322,0.0014010057,0.0035468424,0.011599772,0.007541199,0.0019217132,0.011262839,0.18358782
0.70231587,1.0,0.46286353,0.12180683,0.023792868,0.005167235,0.0023039188,0.0035123846,0.0054597054,0.0047724987,0.004025845,0.07929376
0.5873532,0.9299316,1.0,0.17994712,0.03157713,0.013667813,0.009021171,0.002513849,0.008211742,0.0149172135,0.006270111,0.0694124
0.4268725,1.0,0.36297202,0.023696646,0.012162902,0.008865397,0.0029694107,0.0014329952,0.005542886,0.0045320266,0.0049511823,0.0492989
0.8210917,1.0,0.31843793,0.12326453,0.04676892,0.020722136,0.011990683,0.0064263986,0.010935083,0.013134034,0.08302461,0.2766595
0.17526345,0.24812116,1.0,0.3627783,0.062983125,0.030901063,0.018547429,0.010313584,0.02730397,0.023206688,0.20224583,0.20138532
0.13302411,0.2175084,1.0,0.4121543,0.055972945,0.02262918,0.013297166,0.010280989,0.02474624,0.022373166,0.11327813,0.14076743
0.38291287,1.0,0.7444354,0.21892177,0.04364091,0.015623591,0.011509312,0.00832928,0.010460507,0.017075883,0.027150681,0.09822004
0.1511074,1.0,0.7889713,0.09485542,0.009004369,0.0043220744,0.010078639,0.004121243,0.0035546347,0.009943353,0.0052566165,0.0101931365
0.11798211,0.64326525,1.0,0.75230896,0.28827828,0.06152107,0.056580756,0.055774048,0.025033576,0.030329743,0.03040857,0.014320985
0.05041231,0.17443919,0.2239363,0.73751354,1.0,0.3281505,0.12796791,0.08694855,0.06557232,0.03339464,0.031144796,0.030265914
0.06408382,0.123230316,0.17394876,0.6179975,1.0,0.2960293,0.117463514,0.072924346,0.046824485,0.04167863,0.08140652,0.089515366
0.25810733,0.26816556,0.26539627,0.74874496,1.0,0.40456346,0.3316479,0.47554174,0.87784606,0.7826409,0.6957556,0.6267612
0.61927027,0.9632286,1.0,0.7988969,0.5126827,0.2198128,0.11608894,0.077524535,0.086978644,0.076491326,0.13373223,0.24333403
0.69180554,1.0,0.5519296,0.3640292,0.23521504,0.042024676,0.014146079,0.013917451,0.06515747,0.2562402,0.3453054,0.30351058
0.41520265,0.53150433,0.11017203,0.05847163,0.16686498,0.07336142,0.012332119,0.018356236,0.08197623,0.6386175,1.0,0.27932894
0.26080236,0.11400655,0.018827178,0.014706348,0.060294952,0.048216276,0.023381276,0.016927782,0.022704031,0.23241132,1.0,0.7774864
0.305761,0.021495385,0.0034552433,0.004192899,0.0073471805,0.00923947,0.019399015,0.005143346,0.004456721,0.03403182,0.4791986,1.0
0.3079212,0.032236144,0.00412031,0.0009022022,0.0016561229,0.0038291148,0.008086721,0.0029009378,0.008017578,0.093538485,0.66084826,1.0
0.1310066,0.09362465,0.010133922,0.002285156,0.0029101246,0.0041315374,0.010091865,0.030285325,0.13978875,0.55518115,1.0,0.58290994
0.44350487,0.360624,0.12983777,0.18412739,0.31163764,0.4674337,0.6151032,0.54657716,0.81994694,1.0,0.39717996,0.21393865
0.14933518,0.2649056,0.21753041,0.3805849,0.6668023,1.0,0.87545365,0.23309337,0.08585457,0.11905927,0.11180257,0.086262874
0.20211788,0.47029486,0.46998525,0.62845856,0.63954943,0.71978027,1.0,0.37566867,0.09716173,0.09515878,0.15265945,0.17034623
0.06634407,0.19059433,0.21653876,0.18560329,0.29292902,0.7128606,1.0,0.48584032,0.13274267,0.024133235,0.02280274,0.040951855
0.024589779,0.13855019,0.3645821,0.18547954,0.08358554,0.26630992,0.9594198,1.0,0.22180861,0.029036969,0.013611661,0.022380201
0.09154084,0.07388523,0.40911874,1.0,0.32039797,0.11156156,0.33236545,0.7253727,0.83544546,0.264008,0.027703514,0.038992595
0.09035573,0.049144827,0.11673274,1.0,0.94740903,0.08689409,0.0388505,0.08332297,0.5494617,0.35106003,0.027157247,0.019084668
0.035773914,0.025429297,0.060673293,0.9482398,1.0,0.09343266,0.018560145,0.030430343,0.26714414,0.20142277,0.019569589,0.007206811
0.057435337,0.03770226,0.08420613,1.0,0.8040644,0.09034836,0.0196863,0.028045962,0.17665306,0.17480056,0.065057546,0.03979492
0.53147346,0.4820371,0.3235622,1.0,0.9404201,0.19604413,0.06438704,0.0925829,0.26493555,0.18393442,0.26622465,0.23334074
0.61037064,0.61148053,0.32619452,1.0,0.908135,0.1588194,0.19701836,0.31406054,0.7169076,0.39028025,0.22745983,0.22749214
0.12781477,0.1702675,0.32478076,1.0,0.6438095,0.16846222,0.15169752,0.18432114,0.31150955,0.18757924,0.11504825,0.08664056
1.0,0.6297904,0.80727637,0.33826238,0.5304551,0.2782152,0.1416853,0.11630857,0.054052703,0.0506148,0.16692299,0.94320136
0.91764694,0.270706,0.12065352,0.038079344,0.08101161,0.05876715,0.016903978,0.0040538716,0.0055096094,0.032757867,0.21207227,1.0
1.0,0.24355122,0.024821304,0.012540214,0.012906773,0.009024703,0.0049467403,0.0035407199,0.005953628,0.032501467,0.299374,0.90240324
1.0,0.65439785,0.095599234,0.15418595,0.082023464,0.053550683,0.03279743,0.021280998,0.025880305,0.08526506,0.27946317,0.30632508
1.0,0.72002023,0.19677676,0.24738966,0.081745274,0.038092647,0.033946127,0.048538122,0.04800033,0.062331658,0.05076882,0.26877236
0.8227726,1.0,0.3303999,0.32207775,0.18206103,0.06847191,0.07804075,0.17571272,0.26275808,0.38502797,0.5844915,0.7235909
0.474933,1.0,0.50737196,0.31447425,0.45795444,0.30749783,0.4231421,0.7045507,0.33556148,0.3504129,0.6040547,0.5288551
0.08474998,0.24700253,0.35592255,0.16053516,0.12623838,0.19775583,0.6191113,1.0,0.40263543,0.10266416,0.12201047,0.11898863
0.20108177,0.16663583,0.71453285,0.96802986,0.28462732,0.045258783,0.20577769,0.8186155,1.0,0.39211786,0.13349672,0.17179447
0.17326283,0.094177485,0.33899626,1.0,0.4204576,0.030376935,0.0248969,0.16145998,0.78557646,0.79056793,0.15681033,0.07716062
0.090906516,0.07777464,0.06565118,0.42080718,0.4635538,0.07840204,0.00890283,0.03600799,0.35800138,1.0,0.7252842,0.15700735
0.07516804,0.027430566,0.017833738,0.09848291,0.14754304,0.0377317,0.0058486806,0.018042644,0.07193992,0.5411151,1.0,0.40016323
0.11746381,0.021670796,0.025005521,0.033216722,0.037717354,0.017434359,0.01853885,0.091805175,0.47836488,0.8736288,1.0,0.74823135
0.06296277,0.0122601865,0.009300364,0.015199452,0.020676335,0.025351034,0.011010706,0.024859495,0.13629845,0.4977977,1.0,0.42560497
0.010793283,0.0032765127,0.0025559708,0.0014242319,0.0074477238,0.012736889,0.0020050225,0.0035748866,0.05802858,0.5607719,1.0,0.17983592
0.0014750523,0.0009764444,0.00057426293,0.0010779246,0.004718567,0.0031976982,0.00044183072,0.0057313405,0.19965185,1.0,0.5673312,0.033944152
0.0014921655,0.0012985218,0.00064933475,0.0025828122,0.007074099,0.0013998378,0.0004433105,0.017718833,0.50490874,1.0,0.2093313,0.0077023786
0.0019753184,0.0014433041,0.0011790511,0.003058935,0.011237919,0.003684563,0.008706994,0.06590112,0.9207468,1.0,0.10525858,0.0048381058
0.010376992,0.0012840796,0.0021051818,0.005688056,0.016521892,0.014364183,0.048985355,0.16346578,0.8675287,1.0,0.4173013,0.09267869
0.096428625,0.008567859,0.0039369157,0.008580682,0.012349172,0.016886892,0.046670035,0.04720805,0.16832623,0.22908175,1.0,0.79968625
0.1494657,0.01156131,0.0025384426,0.002393327,0.0029718424,0.0042718877,0.008039785,0.0074654818,0.0631443,0.17617662,0.9720684,1.0
0.10637016,0.015032277,0.002865738,0.0013811627,0.0024476193,0.0056685675,0.010185088,0.020280622,0.08854901,0.3599615,1.0,0.74180514
0.36791354,0.11251476,0.027114673,0.034542084,0.08880876,0.15843879,0.29742312,0.318156,0.5199005,0.8352404,1.0,0.7613884
0.3125471,0.25726968,0.14164616,0.44579026,0.7726562,0.5949479,1.0,0.56669563,0.30682474,0.36003035,0.40296772,0.29379904
0.63192374,1.0,0.43738297,0.4114482,0.50552356,0.27901798,0.27502626,0.5799384,0.540768,0.20108959,0.2606639,0.25415456
0.884692,1.0,0.5485867,0.5242427,0.44659624,0.34767854,0.25521258,0.51565546,0.366649,0.15354662,0.14755419,0.3300943
0.49277627,1.0,0.36152074,0.45336255,0.98276085,0.795396,0.7038644,0.385358,0.2082923,0.14173965,0.17460236,0.27021584
0.17209327,0.18841039,0.12265992,0.1659545,0.3701414,0.67275363,1.0,0.52183026,0.1037742,0.037890077,0.02380569,0.05806207
0.08037987,0.10295391,0.07976262,0.11094312,0.13738802,0.19550715,0.90419376,1.0,0.21309438,0.019819846,0.0061088735,0.0133640515
0.039232634,0.0595077,0.08005765,0.13790078,0.100588836,0.04476988,0.37860084,1.0,0.7134405,0.16957995,0.031426933,0.013383201
0.0137545075,0.014643677,0.047674555,0.16816446,0.13482809,0.02852577,0.06360809,0.23206055,0.96886116,1.0,0.24763778,0.02040606
0.0058831866,0.008055812,0.008732188,0.025103746,0.03448807,0.008440442,0.008604827,0.03976544,0.34720445,1.0,0.5487338,0.04977836
0.013803603,0.009603932,0.010611097,0.0029371728,0.003336089,0.004366654,0.0028286723,0.013765232,0.075912006,0.5372693,1.0,0.25311574
0.0247373,0.0032091355,0.007024812,0.001303477,0.000884278,0.00493604,0.0023729212,0.0036549608,0.014902343,0.25454956,1.0,0.48396257
0.03136862,0.0023613134,0.0072973236,0.0015568272,0.0009746403,0.0054233186,0.0032462515,0.0044632363,0.012976493,0.21130522,1.0,0.55955905
0.022230761,0.0032649178,0.008814955,0.0016110387,0.0018288036,0.0058569913,0.0030294354,0.00637847,0.024625968,0.3289302,1.0,0.40356162
0.015378784,0.0074113454,0.0072170957,0.0024639966,0.0049636485,0.006321908,0.0035850904,0.012418,0.09636206,0.83252937,1.0,0.19298525
0.004321537,0.0076949354,0.003193247,0.002628554,0.004332791,0.002472568,0.0026897134,0.011573448,0.13105202,1.0,0.4901588,0.022656286
0.00531424,0.00597905,0.0037896931,0.0025007783,0.0032817684,0.0037625558,0.002374992,0.021002045,0.07612618,0.883431,1.0,0.1113653
0.041795556,0.003250243,0.0032173456,0.0021110505,0.0017183173,0.008332087,0.007406296,0.014570226,0.03623112,0.2771466,1.0,0.5052676
0.18204233,0.0041192034,0.0013396064,0.0012761971,0.0007622458,0.006999313,0.011312904,0.002564868,0.009808279,0.02349797,0.37483352,1.0
0.28383484,0.014290626,0.0023693948,0.0008545537,0.0031842105,0.020815704,0.012683573,0.0019778158,0.002373213,0.020293953,0.36071843,1.0
0.35464454,0.050701212,0.013134701,0.0053366735,0.08703397,0.1662896,0.0277152,0.0043106903,0.010923467,0.22981884,1.0,0.89705414
0.046926226,0.08441378,0.026091117,0.14839111,0.97741866,0.42967236,0.023811603,0.015583695,0.12235291,0.99055564,1.0,0.124671295
0.04119668,0.08978921,0.024766818,0.24393518,1.0,0.15138601,0.01673948,0.021887567,0.16053288,0.5515036,0.14144278,0.015629409
0.04089218,0.110684775,0.04292412,0.09901126,0.4952086,0.18672346,0.025600232,0.02549683,0.08223365,0.6786423,1.0,0.14565775
0.0049003973,0.009765689,0.006769594,0.002273118,0.0155582,0.023643682,0.005138263,0.0024383361,0.01865113,0.36166668,1.0,0.15294124
0.0071481485,0.00085044204,0.0009169028,0.00039049677,0.001104323,0.0040146024,0.0017573958,0.0010955409,0.02052981,0.30883318,1.0,0.2872101
0.017310556,0.0012684427,0.0007082137,0.00049598824,0.0018740038,0.0039093373,0.0021232935,0.0029436706,0.012526316,0.18308824,1.0,0.54060537
0.026600005,0.005957847,0.0020693152,0.011827215,0.038321137,0.010488396,0.016543778,0.019340206,0.048771955,0.49510908,1.0,0.35215253
0.046949133,0.03527207,0.014231515,0.34309757,0.91505396,0.0935123,0.11408456,0.07982949,0.35382912,1.0,0.41301203,0.06820739
0.014559215,0.026317433,0.0071110153,0.26781428,1.0,0.15383227,0.022810174,0.016589016,0.10699453,0.27011395,0.054217648,0.0030184956
0.0069389087,0.0283477,0.011889942,0.13597536,1.0,0.39991054,0.014673827,0.015995465,0.03764339,0.31370217,0.25353748,0.01660942
0.0055152094,0.016136598,0.015024932,0.031424023,0.42851284,0.36034265,0.01776299,0.06532083,0.11676582,0.95174587,1.0,0.05588906
0.0027699375,0.004574293,0.0037803496,0.004424438,0.019986695,0.033147953,0.04669584,0.17143601,0.499679,1.0,0.5067853,0.02878567
0.00795291,0.010553464,0.010159598,0.01894864,0.05550247,0.07984531,0.17842075,0.38272005,1.0,0.7451011,0.17040628,0.023054203
0.050363585,0.060932204,0.06877195,0.11941248,0.3151114,0.17568834,0.33581522,0.34641257,1.0,0.4761264,0.045156837,0.02760105
0.14503738,0.15764302,0.19191775,0.53419036,0.61197066,0.19537456,0.30520934,0.3020591,1.0,0.39575562,0.09494468,0.039566625
0.23978531,0.22451113,0.06697873,0.17261995,0.21217012,0.13348241,0.15498312,0.30986914,1.0,0.55752885,0.21169184,0.114618175
0.17367138,0.13871408,0.06798952,0.16176176,0.2336328,0.29378498,0.5496473,0.6867391,1.0,0.58573735,0.5592752,0.27216756
0.07465819,0.05818909,0.046339322,0.12606944,0.17927565,0.2794297,0.57277995,0.7329692,1.0,0.3500763,0.43772584,0.2588135
0.0952828,0.06366597,0.07341134,0.12569909,0.15271172,0.21811548,0.7218245,0.8547626,1.0,0.31167445,0.33718574,0.22707869
0.621469,0.6046556,0.8831511,0.7064662,0.37233683,0.41960004,0.8400799,0.99001193,1.0,0.5918105,0.36881745,0.59878594
1.0,0.6960733,0.5910131,0.5520194,0.3000813,0.18017091,0.19222584,0.23044206,0.28143385,0.32069224,0.21825708,0.59527475
0.48176754,0.7343544,1.0,0.5528161,0.14986657,0.033667866,0.037692223,0.040659245,0.086748466,0.13414782,0.08319764,0.13294142
0.068807445,0.1190305,0.55608475,1.0,0.5562087,0.125144,0.020624325,0.009709708,0.01291579,0.033781562,0.062913105,0.030356329
0.056080658,0.08997015,0.20918715,0.6907967,1.0,0.44922817,0.14023541,0.034986403,0.016676316,0.02086003,0.045082033,0.044319056
0.13447127,0.1473449,0.07076196,0.122450255,0.3597863,0.7272058,1.0,0.36102638,0.058815554,0.031827893,0.024037711,0.032828655
0.117823035,0.24565186,0.11164189,0.024742136,0.022378704,0.17933266,1.0,0.763035,0.11369471,0.023198439,0.0161504,0.016507946
0.07383465,0.13735253,0.051374327,0.014928515,0.018179758,0.15097994,1.0,0.78868026,0.10174292,0.01758289,0.014146735,0.008757105
0.05734972,0.10467587,0.024938298,0.013146347,0.081560545,0.45897183,1.0,0.43111008,0.05563626,0.018253984,0.013387511,0.0076714624
0.14214697,0.13617711,0.113260865,0.45631143,0.92391366,1.0,0.63710135,0.2280762,0.053098768,0.045860987,0.04101714,0.050957263
0.04686504,0.17836927,0.59307605,1.0,0.63184965,0.16697764,0.031663593,0.019964106,0.021935519,0.070865974,0.07348175,0.028210849
0.04995653,0.23740746,1.0,0.7844341,0.19281484,0.06652509,0.038797587,0.066366896,0.10983696,0.13538796,0.089526616,0.034435768
0.26621017,0.38745832,0.9387517,1.0,0.7257572,0.3777117,0.33871746,0.9321563,0.94504404,0.4053025,0.1655111,0.18805216
0.03227849,0.089159355,0.1864739,0.26574618,0.20411359,0.093824714,0.4427509,1.0,0.72403526,0.4294619,0.08775333,0.023329701
0.011941262,0.06009056,0.17117856,0.19130293,0.111529194,0.0787563,0.4775229,1.0,0.91983885,0.44666424,0.049626686,0.008582035
0.024136687,0.086538814,0.13610001,0.09429088,0.059780225,0.15855302,0.5982483,1.0,0.6912724,0.28037155,0.046035636,0.012328397
0.05373345,0.093421586,0.09861658,0.15562922,0.3982884,0.79992247,1.0,0.3590956,0.12483683,0.071871616,0.024932908,0.022660354
0.019201599,0.027237928,0.18469478,0.8473998,1.0,0.3599207,0.13716874,0.06908574,0.026128242,0.020303845,0.03647703,0.025035944
0.010192058,0.06234756,0.48428228,1.0,0.2591529,0.05073295,0.0039825486,0.0029721423,0.0046242406,0.018695423,0.029497122,0.0053718714
0.005195193,0.028402757,0.34425554,1.0,0.49330577,0.0648223,0.0034531846,0.00069784815,0.0007988506,0.005756062,0.012822889,0.0033287916
0.008732069,0.012629271,0.13959353,0.90751773,1.0,0.21316026,0.023231331,0.0020906415,0.0007649726,0.0015860823,0.0050857156,0.005247059
0.03660182,0.029266428,0.06809466,0.6689519,1.0,0.3951989,0.19412796,0.06076783,0.015530054,0.011262693,0.0058811614,0.00792603
0.28860068,0.19042619,0.19386825,0.36255124,0.39862472,0.48774874,1.0,0.9262185,0.38033426,0.35419708,0.13299206,0.08404325
1.0,0.5651075,0.3016607,0.29655063,0.26313195,0.37697673,0.834437,0.70937014,0.30528614,0.26084542,0.3453781,0.6266113
0.35352516,0.30686456,0.12553073,0.22588931,0.7072532,1.0,0.6204288,0.15100382,0.060906567,0.061144747,0.16161388,0.24572098
0.06649457,0.16548671,0.3573821,0.79607415,1.0,0.5561481,0.17395799,0.051285807,0.07329362,0.13702512,0.09942014,0.029537575
0.052577525,0.22353534,1.0,0.8487113,0.52763575,0.100636624,0.03178987,0.021244872,0.124520704,0.71061456,0.31733304,0.03772858
0.063910805,0.06591265,0.20755777,0.5915507,1.0,0.74952537,0.28810638,0.0397245,0.036804575,0.2513375,0.21219763,0.08700041
0.03910194,0.02452182,0.01662667,0.15296641,0.5632767,1.0,0.94421965,0.29767504,0.03201199,0.015113655,0.020900423,0.025410734
0.009462446,0.015988585,0.023954425,0.035977747,0.06478664,0.2823832,1.0,0.88924277,0.10203602,0.008301567,0.00271801,0.0038464342
0.007650334,0.019750731,0.10792824,0.19767717,0.10181293,0.2958683,1.0,0.8010489,0.08551231,0.022431398,0.03378788,0.01562754
0.063980155,0.10466866,0.42858306,1.0,0.78031206,0.5664494,0.86174953,0.49009752,0.09167635,0.111772306,0.20104349,0.074951574
0.3997311,0.5336079,0.44752494,0.91994184,1.0,0.20422876,0.13641654,0.14216976,0.2415305,0.29643223,0.2594447,0.15971461
1.0,0.72428745,0.34393427,0.6771345,0.5339417,0.19935046,0.13470541,0.21690574,0.23065121,0.128443,0.1782808,0.25876704
0.2123833,0.2449501,0.33042198,0.518124,0.83751494,1.0,0.7733354,0.4983483,0.26801953,0.17109104,0.12696442,0.13677742
0.067721955,0.1007177,0.20275445,0.46095964,0.9122952,1.0,0.64806557,0.3554933,0.16435868,0.08829571,0.10406874,0.0947345
0.09440386,0.128032,0.2814498,0.58954024,1.0,0.78351873,0.30152416,0.14624107,0.07177814,0.047017436,0.08020642,0.09277081
0.15166114,0.72220784,1.0,0.84026927,0.23144543,0.08853967,0.11963569,0.0940657,0.041116767,0.040118642,0.055811293,0.048606217
0.36189064,0.9150837,1.0,0.7102103,0.12629834,0.11755544,0.08818811,0.12529969,0.07106394,0.07805758,0.105158,0.13598415
0.56601423,0.94696707,1.0,0.9845901,0.52760667,0.30110946,0.42424333,0.4268438,0.26547632,0.28029406,0.575525,0.5358615
0.9511009,0.5796702,0.424689,0.38298988,0.37044233,0.3004846,0.4452215,0.6058256,0.46576267,0.7481014,0.9024903,1.0
1.0,0.6886743,0.4442268,0.1902311,0.09882282,0.15570061,0.17106165,0.23031585,0.18584056,0.44926602,0.5020509,0.48770383
0.75641483,1.0,0.5058627,0.19333956,0.09827235,0.13662326,0.17876795,0.16723628,0.11853704,0.26810423,0.505068,0.43216076
0.50178194,1.0,0.48526776,0.32984325,0.12177548,0.09797132,0.1382105,0.14273725,0.13073818,0.26130012,0.42281508,0.5629487
1.0,0.933749,0.5905714,0.44354698,0.14500968,0.10728539,0.15218726,0.30312538,0.27575177,0.3442516,0.38318765,0.5770187
1.0,0.8964624,0.77736944,0.55771595,0.24132942,0.22684935,0.39817554,0.7071577,0.97081745,0.7323712,0.5258009,0.4476817
0.3382133,0.3332975,0.25939342,0.23883866,0.123378806,0.17615421,0.37808082,1.0,0.7533889,0.38973698,0.44325402,0.45137945
0.19488539,0.19310164,0.07893891,0.12130079,0.16281208,0.248729,0.6158806,1.0,0.4640913,0.19225156,0.23683268,0.26523963
0.2580446,0.20946507,0.13196298,0.26890072,0.4715122,0.5742176,1.0,0.7176744,0.64397013,0.7435103,0.43512267,0.35345256
0.24909176,0.23454037,0.124857076,0.27413037,0.54195184,0.37095875,1.0,0.7857416,0.52368295,0.80751765,0.3840289,0.32462364
0.2361614,0.26641354,0.24538057,0.41234735,0.49914593,0.2395218,0.88873315,1.0,0.59670424,0.5600152,0.4291505,0.36282244
0.17566018,0.13434622,0.2239905,0.35933223,0.37769797,0.23708424,0.5896649,1.0,0.9498997,0.93776727,0.40267068,0.31790522
0.20195559,0.1285083,0.19139397,0.380955,0.61802,0.44234893,0.78205794,0.61981356,0.744299,1.0,0.41462326,0.20044509
0.5127689,0.48979038,0.38823187,0.47518668,0.525817,0.50560284,0.7958019,0.96777153,1.0,0.85180146,0.6355076,0.5145058
0.38748083,0.32932836,0.34609723,0.2950229,0.24679665,0.38515446,0.5935289,1.0,0.90716493,0.7683385,0.4461107,0.46274632
0.21345119,0.2872431,0.22601077,0.10954051,0.25700527,0.40881574,0.4189591,0.962613,1.0,0.6217933,0.28667086,0.1729579
0.52625,0.35010043,0.23977716,0.17773703,0.3099086,0.3046626,0.4794339,1.0,0.8190952,0.4642621,0.3717297,0.37528774
1.0,0.9380646,0.51151556,0.260679,0.15173012,0.18267652,0.3716821,0.9950704,0.4685079,0.38299683,0.34635103,0.4710099
1.0,0.7753725,0.42479277,0.4400707,0.3350463,0.26981932,0.4391939,0.7654288,0.4620824,0.5180798,0.5998299,0.86233556
1.0,0.765306,0.5386424,0.6991172,0.5106343,0.68226504,0.765263,0.7319746,0.8352878,0.6312829,0.60756,0.6997235
0.10700608,0.112621754,0.10820636,0.18871519,0.5363525,1.0,0.304984,0.115157835,0.2845984,0.18754582,0.17292525,0.065955214
0.026213739,0.032349396,0.049085304,0.08753225,0.4477682,1.0,0.34690896,0.03255221,0.07016293,0.059621546,0.11826423,0.058327064
0.06575236,0.042036217,0.073551096,0.16415575,0.43535337,1.0,0.68582433,0.07168738,0.0345129,0.030574279,0.13061556,0.20143604
0.1489645,0.06593314,0.05645698,0.18340555,0.31310582,1.0,0.91989195,0.11322827,0.025591725,0.016095364,0.06994252,0.19765325
0.37840942,0.66967493,0.26916513,0.20066325,0.5039005,1.0,0.5921518,0.14172849,0.06330979,0.04172997,0.05129405,0.16006032
0.46560115,1.0,0.2379009,0.119797945,0.19767638,0.5079301,0.25696963,0.0445204,0.03436303,0.02928604,0.026647765,0.05649132
0.54684824,1.0,0.43285215,0.30713844,0.42772028,0.58988833,0.21004789,0.10408366,0.10202762,0.091231935,0.06775194,0.13227202
0.7199559,0.77738523,0.7384832,0.6361837,0.4737408,0.47756502,0.37481487,0.4563824,0.4967291,0.80356365,1.0,0.820587
0.36215442,0.37667158,0.36729032,0.39165923,0.37656698,0.3578335,0.4056821,0.40617892,0.37535495,0.9284311,1.0,0.46532643
0.29379877,0.14259294,0.115099825,0.17826317,0.17872633,0.2900541,0.37594196,0.45062494,0.55313575,0.83782196,1.0,0.59232295
0.056255862,0.012347409,0.01020585,0.019789988,0.021920357,0.014308217,0.009217149,0.028615525,0.108009174,0.6151383,1.0,0.31172508
0.030946236,0.008409703,0.008256032,0.009134905,0.0071676797,0.005666951,0.0049955957,0.01037872,0.057518505,0.48694435,1.0,0.2649369
0.06067183,0.027514594,0.023007475,0.016690336,0.028097795,0.033280186,0.019010274,0.077960186,0.23432983,0.48817036,1.0,0.43179876
0.30432117,0.24370047,0.21371885,0.11978846,0.17709959,0.19943216,0.17649081,0.3522684,0.7763755,1.0,0.66774327,0.5426175
0.21374549,0.14740032,0.22680724,0.19387996,0.2478028,0.16554017,0.15838592,0.23809202,0.31422678,0.8337333,1.0,0.3137676
0.074217945,0.16796982,0.2804636,0.35280165,0.35070127,0.12523447,0.13562097,0.14324632,0.28055716,0.88764423,1.0,0.21884918
0.26593924,0.5894817,0.64069885,0.823987,0.6868253,0.3040571,0.43393165,0.41197515,0.425282,1.0,0.97561145,0.32556581
0.21752521,0.89709467,1.0,0.2538246,0.25272486,0.35536024,0.5488675,0.38053638,0.31410706,0.4314617,0.47697008,0.23113798
0.29961997,0.9370898,1.0,0.22707056,0.24758792,0.321048,0.31606412,0.37811387,0.47497538,0.46078038,0.5092588,0.25823814
0.6024741,1.0,0.74243855,0.5849186,0.54727966,0.3471445,0.3167155,0.43059877,0.4023667,0.611751,0.6796486,0.3739351
0.46845543,1.0,0.7955263,0.6400372,0.25288144,0.13191436,0.27635556,0.23819308,0.27361223,0.3053372,0.40212083,0.42656735
0.39695683,0.6078506,0.40993056,0.21115412,0.20559165,0.1986722,0.47366366,1.0,0.8384023,0.36273444,0.24224031,0.29895645
0.044829424,0.059833262,0.038405325,0.03947277,0.053833578,0.057060696,0.09805766,0.3637749,1.0,0.8205889,0.27752033,0.075427964
0.010546847,0.01474806,0.009070054,0.014625849,0.01814609,0.019909965,0.016683988,0.054255597,0.5200725,1.0,0.33818915,0.03591029
0.0064450502,0.012220817,0.0046877568,0.005310973,0.013578173,0.010610606,0.006788823,0.022568315,0.30314338,1.0,0.43474367,0.030729966
0.00686366,0.018204527,0.0038675463,0.005532293,0.025697028,0.011172545,0.0047319694,0.011495962,0.22753248,1.0,0.5229561,0.032163315
0.025926441,0.020726789,0.006616855,0.0063452986,0.03911412,0.0154161565,0.0055181026,0.016212555,0.21942131,1.0,0.62211156,0.08007996
0.20694424,0.12208158,0.0408612,0.05029552,0.056239225,0.03001784,0.030448966,0.18852188,0.7567114,1.0,0.6833343,0.35119206
0.40308276,0.29195356,0.10232003,0.12711714,0.06634767,0.03363075,0.045995392,0.41168675,1.0,0.27399838,0.1409741,0.20682555
0.41193643,0.26196143,0.25186422,0.24617766,0.2158177,0.051014468,0.047719732,0.30268312,1.0,0.48153213,0.13802668,0.2712756
0.23660007,0.49173158,0.34942374,0.7148906,0.4232121,0.059042517,0.03784027,0.15944888,0.8543181,1.0,0.23182632,0.122445345
0.2724916,0.38990074,0.14436187,0.5369352,0.48414406,0.12032902,0.03515702,0.078532636,0.37924927,1.0,0.52844477,0.096147746
0.27110478,0.3906762,0.16573156,0.17755452,0.295166,0.4559504,0.11659794,0.045896802,0.18088064,0.91343075,1.0,0.14997187
0.04229605,0.05859549,0.046302304,0.030140944,0.17800748,0.4765758,0.23425075,0.044190574,0.03882737,0.36487535,1.0,0.3025988
0.07063636,0.011794686,0.018646035,0.009359601,0.04459475,0.10361634,0.053134993,0.01154033,0.008233117,0.15658864,1.0,0.60092527
0.1127049,0.021519104,0.017913276,0.018903136,0.16336884,0.17894003,0.02086384,0.007860114,0.012376252,0.29512024,1.0,0.49560922
0.06110704,0.06404206,0.055598367,0.13049491,1.0,0.7877088,0.06928274,0.016600372,0.03309815,0.38273156,0.44586694,0.089718245
0.021051627,0.031991385,0.038274895,0.22291218,1.0,0.34986812,0.059177443,0.034903623,0.028788319,0.109489545,0.04324727,0.02795021
0.033673313,0.041584093,0.050597902,0.2163482,1.0,0.44399595,0.07333026,0.04772994,0.022750327,0.11172461,0.06383563,0.040991694
0.042301003,0.0496862,0.090681896,0.17819767,1.0,0.9514831,0.17969137,0.032530557,0.014762894,0.06643346,0.17205125,0.16489781
0.17196116,0.12526031,0.14087296,0.20960474,0.4604157,0.53426886,0.3373475,0.06957341,0.074622914,0.25417116,1.0,0.98710555
0.14772928,0.06795098,0.02646261,0.028124472,0.039164215,0.045642633,0.11376635,0.052571967,0.12876558,0.40789157,1.0,0.5944367
0.29208192,0.32514864,0.13236135,0.11760134,0.12603147,0.12177631,0.14247957,0.16537684,0.76983494,1.0,0.86314046,0.27730936
0.25666165,0.22197616,0.085478686,0.10239882,0.06868436,0.06401916,0.16487911,0.5844473,1.0,0.5623552,0.14526896,0.11238008
0.11868043,0.1558581,0.06711998,0.029807935,0.04725801,0.1733976,0.8968838,1.0,0.30610266,0.30972582,0.08108991,0.05958221
0.036053717,0.024558019,0.010301178,0.010083622,0.017905014,0.03184403,0.14012343,0.23175251,0.6807636,1.0,0.41114068,0.07488214
0.011182034,0.011414121,0.0018596853,0.0037901283,0.011792576,0.0049091126,0.004739154,0.018242039,0.25975224,1.0,0.54646325,0.050290003
0.0033318014,0.009480473,0.0054519754,0.0021478164,0.00942326,0.00566207,0.0009638949,0.005404834,0.15283388,1.0,0.7714474,0.06274512
0.008570687,0.010606397,0.019548172,0.0027716733,0.0051405327,0.0068151522,0.0017391717,0.005170022,0.093531825,0.83141094,1.0,0.17344862
0.06293961,0.02962564,0.032005794,0.0058450256,0.006978657,0.016584195,0.03528779,0.09534977,0.274242,0.831355,1.0,0.34962597
0.22318208,0.14721648,0.07068646,0.059668306,0.042259466,0.13682286,0.6321923,1.0,0.6087741,0.44444007,0.44870967,0.27190748
0.36167097,0.40646866,0.22908393,0.22704184,0.1254355,0.32825616,1.0,0.6773972,0.13546176,0.2581758,0.41148815,0.22102016
0.6246508,0.8920637,0.6859732,0.6080768,0.39408886,0.41450202,0.57101524,0.6055917,0.3307004,0.7436222,1.0,0.4280263
0.41414604,0.9455801,1.0,0.63911283,0.35393435,0.20999752,0.16755761,0.29045132,0.35726005,0.6201327,0.5487364,0.46846265
0.63804656,1.0,0.8043434,0.5473842,0.31734955,0.16491142,0.1029574,0.18963164,0.4023484,0.51999384,0.49515125,0.39965668
0.5388245,1.0,0.6719089,0.28120333,0.2793858,0.21393259,0.099712096,0.08131218,0.18011788,0.3277788,0.3885106,0.36643645
0.84048015,0.9074118,0.68090945,0.436878,0.41103095,0.2326821,0.302402,0.38273874,0.39136693,0.41890222,0.72890955,1.0
0.08413521,0.1631533,0.105764665,0.07865866,0.17350498,0.33680487,0.78187335,1.0,0.47519043,0.1839565,0.18741177,0.104842104
0.014475763,0.02928231,0.027081953,0.017726213,0.040745232,0.103140146,0.43587512,1.0,0.56483537,0.102518424,0.030357487,0.020333985
0.010066184,0.011442078,0.009970946,0.017970314,0.018230503,0.0187122,0.10524942,0.3803773,1.0,0.8295332,0.12984788,0.0101279365
0.005531087,0.01005763,0.0023591062,0.0042603114,0.0095826285,0.0031874068,0.0040707476,0.021407073,0.3359986,1.0,0.32838407,0.015202877
0.0031625703,0.011440518,0.003659721,0.0007059628,0.0047817403,0.0026312028,0.0005604524,0.004481298,0.10393052,1.0,0.5898036,0.0242631
0.0036246916,0.0072137206,0.0028672076,0.00033985346,0.0026292952,0.0032047543,0.0011844764,0.0065390556,0.1434252,1.0,0.96536267,0.08789881
0.0063685365,0.0022940023,0.0011804011,0.00031263434,0.0010117884,0.0058943536,0.003902326,0.015827952,0.09807913,0.32862657,1.0,0.2330689
0.025133625,0.004790928,0.0019995735,0.0006324759,0.007037642,0.024710726,0.008695256,0.006140874,0.03487352,0.27615196,1.0,0.28191072
0.2008201,0.022989713,0.0034615633,0.0011524044,0.019510819,0.0984497,0.038977534,0.00352357,0.017090421,0.21553153,1.0,0.8304581
0.21072078,0.04604134,0.004071666,0.00074499456,0.009049651,0.04007602,0.024964424,0.0020673568,0.011036803,0.22274593,1.0,0.8892517
0.06840801,0.050893,0.010513848,0.013821596,0.026389062,0.021547655,0.018113593,0.018107647,0.08374087,0.59036535,1.0,0.3653506
0.5522122,1.0,0.691412,0.6229227,0.47123083,0.2136031,0.13453625,0.18335725,0.37748736,0.47027108,0.2713496,0.16077827
0.68910706,1.0,0.34670174,0.17884205,0.17651667,0.1032485,0.2752589,0.7225824,0.4281984,0.062128127,0.035091702,0.13612647
0.36737356,0.24985571,0.030169996,0.015707847,0.08484509,0.24553786,0.7460623,1.0,0.29703337,0.04997509,0.09249551,0.17802727
0.25993553,0.2863083,0.066523425,0.093862355,0.27534196,0.604707,1.0,0.885347,0.40505663,0.3701876,0.7240144,0.40357175
0.20301528,0.18557355,0.08491006,0.26367766,0.2585264,0.13220602,0.15752281,0.15583123,0.10796306,0.3962524,1.0,0.58743197
0.23964474,0.45185453,0.17499125,0.15090983,0.45310238,0.20763163,0.22577561,0.2661468,0.13621758,0.44573912,1.0,0.2718377
0.73743737,0.89335763,0.21194102,0.33964026,1.0,0.63076204,0.83947414,0.74382913,0.3231943,0.40770972,0.58810794,0.30575773
1.0,0.97268856,0.13146752,0.3662825,0.72368604,0.3419317,0.44338423,0.3446888,0.10587302,0.09500126,0.113498166,0.13146336
0.8548178,1.0,0.16922325,0.07180935,0.08075169,0.040189527,0.04590298,0.042511422,0.032958366,0.036415312,0.03277788,0.12813896
0.82613015,1.0,0.3083086,0.2935132,0.3376061,0.36102697,0.5065532,0.40746042,0.91483873,0.62094736,0.27786893,0.33397338
0.16624542,0.11536512,0.11758754,0.2518062,0.36456972,0.379428,0.5986844,0.62114877,1.0,0.79023683,0.34685388,0.2696839
0.098755114,0.10356149,0.19620188,0.49877065,1.0,0.83998823,0.7794997,0.31638828,0.25206572,0.2791629,0.21434553,0.14883588
0.107035846,0.051331624,0.05222509,0.14101383,0.34237632,0.39552173,0.3843196,0.22361925,0.23598629,0.5830019,1.0,0.5032912
0.2874623,0.041229684,0.0067853346,0.007673121,0.016465593,0.01928689,0.033226766,0.030263502,0.06761551,0.25573498,1.0,0.9674141
0.747668,0.3247259,0.061601542,0.0075385603,0.004994978,0.006387463,0.012543515,0.013997241,0.046133358,0.13876025,0.81323206,1.0
0.6022186,1.0,0.4276487,0.018791018,0.0041302196,0.007178544,0.006130372,0.010350247,0.06485469,0.12183931,0.28422448,0.26797017
0.11941895,1.0,0.65899277,0.025691029,0.0012280312,0.0052141724,0.0020304772,0.0053653,0.08305608,0.05147744,0.01685829,0.030964477
0.23771381,1.0,0.37953606,0.01026192,0.0010929089,0.0042958963,0.0009682068,0.006653302,0.070310675,0.021957923,0.0025975844,0.012378752
0.5202658,1.0,0.19983715,0.004363187,0.0009864734,0.002528996,0.0005061942,0.008487162,0.03796263,0.008559342,0.0044505494,0.051457707
1.0,0.55066895,0.0473231,0.0027924448,0.0008669624,0.00104816,0.0023350283,0.010320735,0.011191753,0.002658811,0.02751932,0.303305
1.0,0.3324792,0.015986519,0.0011779002,0.0006775384,0.0013789085,0.012561794,0.012419716,0.005063955,0.009587809,0.06522684,0.6270743
0.49393898,0.29765517,0.031992253,0.0011271086,0.0014422958,0.008703989,0.067771256,0.035737082,0.025838252,0.07500317,0.23197982,1.0
0.95488495,0.19182146,0.009890627,0.0011190485,0.0014709143,0.0065674568,0.06920374,0.062334746,0.021174429,0.09445532,0.1749196,1.0
1.0,0.5185712,0.069206364,0.0071816416,0.0021969662,0.001986561,0.010836127,0.025108522,0.010718781,0.024119487,0.038655635,0.3212924
0.6970588,1.0,0.4402215,0.10203589,0.014554741,0.004780047,0.0033970666,0.008955556,0.024748603,0.0144187845,0.011513185,0.105524704
0.4976585,0.858798,1.0,0.24173938,0.047873136,0.036483213,0.014330478,0.045652334,0.26977652,0.12501778,0.015494615,0.10409957
0.8705701,0.88489854,0.3145766,0.03819961,0.035785474,0.044201076,0.048932683,0.43850064,1.0,0.2386462,0.042931866,0.21618204
1.0,0.5547682,0.043033503,0.012345343,0.019764643,0.026286174,0.11900728,0.55870473,0.94245017,0.26914778,0.4350522,0.65090823
0.20523906,0.14058784,0.012879503,0.002425125,0.002862976,0.017913403,0.032309208,0.04203717,0.14190397,0.13872525,1.0,0.65046346
0.11891293,0.064177565,0.008212324,0.0031866587,0.0017296196,0.0070930934,0.0077805035,0.006220496,0.032382224,0.11052938,1.0,0.7542296
0.42649794,0.0852099,0.011099856,0.026607161,0.026212366,0.0128341485,0.019989695,0.026690088,0.043719403,0.11087993,0.5851434,1.0
1.0,0.19223745,0.01391402,0.049878754,0.12620156,0.057322856,0.047797956,0.07066071,0.10769208,0.086481616,0.124024644,0.7251661
1.0,0.37660643,0.025161711,0.027273962,0.06622916,0.05276295,0.042123735,0.09870349,0.11300769,0.11713735,0.269127,0.5511147
1.0,0.5071185,0.07058382,0.11862624,0.12658237,0.13073388,0.17529662,0.152878,0.21150193,0.6579019,0.60022193,0.37131342
0.15151182,0.1303694,0.08425198,0.1298551,0.13742243,0.12727757,0.12004372,0.15608,0.44978887,1.0,0.48110276,0.26244906
0.2336672,0.36051878,0.18763828,0.19370505,0.20320933,0.22944042,0.29525128,0.38289878,0.5914986,1.0,0.45548674,0.2460336
0.17375042,0.39676905,0.2270668,0.0942981,0.17407818,0.16174541,0.23375526,0.20233892,0.4467551,0.96049243,1.0,0.39242518
0.17219256,0.14014032,0.07360679,0.07160639,0.11647193,0.15436631,0.12312973,0.14682026,0.56899995,1.0,0.6398906,0.3042975
0.10441225,0.07868758,0.026183257,0.05933649,0.11814931,0.12150913,0.06206568,0.056008387,0.34188443,1.0,0.6187974,0.17571656
0.19890973,0.05522124,0.03659665,0.18171489,0.28615218,0.12645534,0.037762772,0.015234325,0.07964146,0.599853,1.0,0.43216628
0.27050233,0.021829912,0.010058428,0.073626794,0.083007485,0.017914796,0.0064521143,0.0039134542,0.0070974827,0.11503604,0.7636625,1.0
0.1961317,0.010698639,0.002335305,0.013377218,0.013649725,0.002675153,0.0018362828,0.000937467,0.0042635044,0.09811885,0.7935759,1.0
0.07351064,0.0046971724,0.00090991706,0.001665422,0.0025340684,0.0013912271,0.0009626107,0.0036360812,0.04017713,0.35556874,1.0,0.62102276
0.052946474,0.009475206,0.005305024,0.009898885,0.02251815,0.038793575,0.04280062,0.13066265,0.49795064,1.0,0.8052894,0.2773126
0.040581338,0.03540391,0.038834225,0.13475949,0.319934,0.85513914,0.93858004,0.9096125,1.0,0.56413686,0.1288314,0.074796826
0.019942565,0.03134536,0.24485569,0.9327501,1.0,0.5828157,0.42417997,0.14928815,0.07157708,0.05670649,0.06815354,0.044556767
0.009319473,0.032321416,0.28041443,1.0,0.70204556,0.2080048,0.11219056,0.06242784,0.024744537,0.03505385,0.05231441,0.02244974
0.0046939994,0.012750503,0.03927748,0.17217174,0.29737845,0.5378581,1.0,0.9185184,0.2680939,0.03424794,0.014212745,0.0078046783
0.0015706606,0.0029925164,0.008016978,0.0145416055,0.01502376,0.07975149,0.38659626,1.0,0.7937921,0.11367411,0.007841068,0.0017979864
0.0026437654,0.0014858628,0.004667272,0.014402243,0.0058026346,0.0049790367,0.034287512,0.31849524,1.0,0.35832015,0.02051809,0.0034256862
0.009361396,0.0041215965,0.0028112829,0.015150647,0.01856515,0.002900412,0.0049077123,0.089279726,1.0,0.9972484,0.092012875,0.013707382
0.011820338,0.0038465431,0.0013210982,0.0044054757,0.016537521,0.004155833,0.0035938337,0.022224206,0.33231482,1.0,0.16605991,0.023219656
0.0025957744,0.00088966993,0.00037073268,0.0011354967,0.0077406634,0.0028129702,0.0024237435,0.02556688,0.38584992,1.0,0.17395747,0.009759604
0.0012049231,0.00069932675,0.00037878938,0.0007603173,0.004746397,0.003615993,0.0048406236,0.064199254,0.5666454,1.0,0.25492376,0.01145391
0.01839082,0.015657721,0.0073581864,0.00487768,0.010286283,0.009788616,0.013923628,0.071002774,0.42629248,1.0,0.7189075,0.0535238
0.09251317,0.04209037,0.03889545,0.0412856,0.03530297,0.0106789665,0.007968076,0.050946176,0.54240966,1.0,0.37347224,0.072328806
0.6057685,0.90709984,1.0,0.6200868,0.15511002,0.0389486,0.073887914,0.11284583,0.31330106,0.37052846,0.24448949,0.24905139
0.32847598,1.0,0.8993349,0.4956367,0.2005307,0.15840653,0.1686999,0.11385507,0.0781142,0.053074855,0.038171396,0.08612807
0.4667201,0.7098264,0.25612772,0.06343534,0.12126742,0.09279424,0.123200014,0.3494071,0.87577504,1.0,0.4998123,0.18483253
0.6182871,1.0,0.15790801,0.02941717,0.09242709,0.06873779,0.074721225,0.34336022,0.6066379,0.33011392,0.18635482,0.09350375
0.42342597,1.0,0.4087904,0.07825547,0.11842096,0.11975491,0.057621457,0.12507294,0.30519485,0.13580078,0.061547894,0.06338266
0.25512695,0.62698656,0.990747,1.0,0.9695579,0.33065268,0.14963089,0.128979,0.3814935,0.38853016,0.4238907,0.4385775
0.3727837,0.08722636,0.10552788,0.46681955,1.0,0.52134067,0.08818717,0.040185038,0.10201929,0.0837703,0.1584822,0.4254706
1.0,0.4500748,0.041172724,0.14413129,0.4492692,0.84612405,0.3602847,0.0421358,0.05554432,0.11777384,0.04047978,0.22454377
0.4548529,1.0,0.25471917,0.038028438,0.0495081,0.21168552,0.4406418,0.13774186,0.018595936,0.042897943,0.032923,0.029370604
0.0829914,1.0,0.6662488,0.026507994,0.027560508,0.03613485,0.30208197,0.26008514,0.018006649,0.006639398,0.013628906,0.011502073
0.12082663,1.0,0.62888163,0.01974763,0.010076784,0.040595755,0.31848615,0.24993867,0.018043369,0.0045612752,0.010452033,0.019287307
0.87147033,1.0,0.31474122,0.0356241,0.08918324,0.15920025,0.32556152,0.20763595,0.032546338,0.037197124,0.10844745,0.38823456
0.8756499,0.18243062,0.10800973,0.18430358,0.24818349,0.09749392,0.06489326,0.09797963,0.11062335,0.4291159,0.7880795,1.0
0.21483934,0.27752128,0.40848094,0.32576957,0.3792616,0.098918185,0.07980106,0.116610974,0.2938338,0.8230674,1.0,0.3645084
0.0956377,0.2207477,0.38042682,0.6684659,1.0,0.6741298,0.41411898,0.15399297,0.13291238,0.09459269,0.102527246,0.08546869
0.031939898,0.047693755,0.05379568,0.20520824,0.5067488,0.53649765,1.0,0.98190737,0.34676954,0.075015895,0.023315165,0.021217784
0.011758629,0.013744447,0.029212687,0.032309517,0.025665404,0.037752565,0.20274149,1.0,0.63163155,0.07830929,0.021575507,0.010429684
0.020065961,0.015591888,0.017928978,0.020596486,0.022006521,0.084140144,0.26327342,1.0,0.51323396,0.069944315,0.014462233,0.013490315
0.021588732,0.020869818,0.017535532,0.09411092,0.57266724,1.0,0.78360957,0.5150413,0.08337729,0.019076532,0.009430195,0.017291497
0.0038750884,0.0033113395,0.04270922,0.4008942,1.0,0.41799203,0.054919094,0.02174612,0.0031922346,0.00094444957,0.0054971986,0.009877428
0.0007820746,0.001122061,0.05146485,0.69919574,1.0,0.12802115,0.0042480035,0.0014885301,0.0005014411,0.00038329492,0.0043061385,0.0048608487
0.005436144,0.011587405,0.076520994,0.8066932,1.0,0.1378939,0.0067745596,0.0027678697,0.0014603469,0.0005817372,0.0024368707,0.004542878
0.042207,0.10055158,0.24326746,0.93818104,1.0,0.16975446,0.01751764,0.006547641,0.003357366,0.0023891837,0.0030929279,0.012416836
0.3883728,0.96060735,0.9886326,1.0,0.93838906,0.2358516,0.04456931,0.032380324,0.023344286,0.02403074,0.01999783,0.1149472
0.44514927,1.0,0.9678498,0.56520665,0.1331719,0.08751578,0.040849026,0.046359554,0.06498505,0.082127444,0.08449147,0.17421019
0.163798,0.48272356,0.41271406,0.44775,1.0,0.69247854,0.32506734,0.20971979,0.15844192,0.17613107,0.15087123,0.089991756
0.5498754,0.61931264,0.6296075,1.0,0.9897264,0.46010062,0.23368044,0.34052116,0.51129824,0.5720475,0.5207278,0.41266894
0.59091955,0.8633413,0.57454354,0.8770301,0.7056615,0.13563485,0.06423082,0.21389718,1.0,0.8628634,0.40307352,0.21476638
0.22330284,0.33152136,0.28750145,0.97847104,1.0,0.09184502,0.024801586,0.079651386,0.65374446,0.39187017,0.0850725,0.05109204
0.18038413,0.05238024,0.17374474,1.0,0.52061373,0.044818513,0.020927083,0.0704167,0.36930355,0.1208943,0.01632483,0.05300493
0.4861603,0.11032963,0.2228976,1.0,0.28337336,0.17683859,0.15445662,0.18980981,0.6749726,0.137362,0.041075442,0.17666852
0.28542933,0.17417745,0.21986146,0.37642142,0.36588383,1.0,0.32949817,0.15228231,0.328362,0.074676074,0.054173462,0.20242853
0.2684963,0.14262368,0.30965865,0.3201775,0.5362567,1.0,0.24012792,0.07240855,0.1990542,0.14634126,0.07603791,0.25806516
0.5977908,0.33663213,0.39051682,0.34973073,0.3968569,0.6948471,0.31679836,0.30680007,1.0,0.9546697,0.44149652,0.48910388
0.19819264,0.19760434,0.11887582,0.10106669,0.14837565,0.24342032,0.29372284,0.55692184,1.0,0.78529984,0.5342412,0.22435914
0.038013324,0.051155448,0.08075878,0.10412782,0.07901876,0.038707405,0.061664373,0.24218698,1.0,0.95689857,0.44372612,0.0864086
0.0062483996,0.005461427,0.0067956382,0.01045401,0.022136759,0.006983978,0.0021389078,0.026906393,0.330093,1.0,0.5890779,0.07677831
0.001642029,0.0015857287,0.0018568934,0.0023456698,0.01314405,0.0069886087,0.0009000674,0.0079733515,0.17125365,1.0,0.762114,0.06273514
0.0033679968,0.0025753172,0.0027746204,0.0022063307,0.01091219,0.0081725195,0.0009159232,0.0026364217,0.12808518,1.0,0.94075894,0.07690519
0.0055932496,0.00399293,0.0036756552,0.0023655891,0.006209103,0.0065837805,0.00088452187,0.0021834555,0.11112744,0.93285143,1.0,0.10602957
0.003940431,0.0015909068,0.0010690208,0.0018928292,0.009719694,0.005564884,0.00076544296,0.0044529815,0.14296618,1.0,0.8963424,0.07293149
0.007487274,0.0056811045,0.0027075352,0.0045028953,0.030081023,0.023502935,0.0036258714,0.0064951833,0.113444775,0.89454114,1.0,0.12760344
0.009176447,0.0031102696,0.0014355966,0.0027492277,0.015663529,0.03863005,0.00734425,0.0019812237,0.023438962,0.4035407,1.0,0.21170843
0.0046936693,0.00068134186,0.0005111064,0.00086273503,0.0058840183,0.028248705,0.005473957,0.000749798,0.004422976,0.24716918,1.0,0.23080836
0.003987822,0.00036303102,0.00044317037,0.00027403035,0.0034806558,0.020009717,0.0039449297,0.00039314732,0.0035432973,0.23292026,1.0,0.23141967
0.036023982,0.0013554277,0.0004826751,0.00027058032,0.001880086,0.01614998,0.009072571,0.00050406496,0.0026226137,0.15946679,1.0,0.5342679
0.2867373,0.02199756,0.0011115426,0.0009809486,0.00054336194,0.0054566623,0.011839112,0.0022587236,0.0011399594,0.039317153,0.55642897,1.0
0.7472834,0.12396856,0.010594496,0.00821906,0.004209641,0.001833802,0.0085193785,0.0057422416,0.004867401,0.017008571,0.2474599,1.0
1.0,0.61708677,0.08957718,0.06741475,0.052421745,0.011297952,0.010020099,0.017173065,0.08318169,0.29866317,0.42273867,0.7503426
0.26986465,0.23589274,0.03194501,0.061582122,0.06809649,0.021830967,0.00719315,0.017641434,0.14069605,1.0,0.9964679,0.23691706
0.028820034,0.019635072,0.0041345726,0.007700263,0.005967773,0.0033013874,0.005626825,0.034454808,0.40580308,1.0,0.3058903,0.026817426
0.020678861,0.009196135,0.0028593028,0.01018975,0.006884883,0.0007382307,0.0025582807,0.054417223,0.7756827,1.0,0.12969716,0.0067634163
0.021979213,0.019077253,0.004042827,0.008467744,0.012772569,0.002706954,0.0011851519,0.032611784,0.6086349,1.0,0.21292181,0.010674475
0.00446046,0.008937869,0.0035739986,0.0034271318,0.00923334,0.004978798,0.0014206208,0.008583145,0.17154796,1.0,0.42559397,0.02299495
0.034225374,0.0072149322,0.003350521,0.004457534,0.006660115,0.008339988,0.015859343,0.03373612,0.27326128,1.0,0.7420926,0.18194605
0.298286,0.032349348,0.005536488,0.010399997,0.009256393,0.01962943,0.11049571,0.0714507,0.17256248,0.2564003,0.6723347,1.0
0.15579434,0.029095393,0.0065308535,0.003031402,0.0021329615,0.018726239,0.060173564,0.02236457,0.041847795,0.1300915,0.848649,1.0
0.05568445,0.012246789,0.0049690315,0.0012180044,0.0032537836,0.016043002,0.010070124,0.010576454,0.054577284,0.3932003,1.0,0.43400037
0.008057247,0.012176274,0.0054059,0.0038556429,0.008020642,0.0066417363,0.0064850305,0.047450602,0.34592196,1.0,0.694915,0.11391407
0.012847157,0.021322366,0.017654955,0.021120848,0.017113047,0.0056044096,0.016430808,0.17462428,1.0,0.8337581,0.10077184,0.03738104
0.017932588,0.021109069,0.015844705,0.035145387,0.04280738,0.010662228,0.016037196,0.16533431,1.0,0.85131085,0.082730435,0.012489068
0.015329016,0.014117435,0.0035049622,0.014004419,0.043207772,0.013554981,0.009661027,0.07018485,0.4976598,1.0,0.49289793,0.09536511
0.043583613,0.0063759936,0.0043100533,0.005227624,0.02090781,0.021561798,0.009295008,0.01356412,0.06858449,0.41018024,1.0,0.42724076
0.07301994,0.008837352,0.009854279,0.009576028,0.014520618,0.034415632,0.019169724,0.0042331857,0.0049414015,0.18553878,1.0,0.73550504
0.042101234,0.010207244,0.014519936,0.014711335,0.04667812,0.10410402,0.03214287,0.004312448,0.013775604,0.274633,1.0,0.54079986
0.029724566,0.028340736,0.022182586,0.04340735,0.30698663,0.3044292,0.030650886,0.008360546,0.07163352,0.6143685,1.0,0.27854088
0.019654378,0.038453158,0.042280484,0.35509062,1.0,0.32115522,0.014079494,0.02483864,0.20927204,0.53309184,0.2490054,0.039492823
0.016703364,0.013040124,0.071917064,0.822584,1.0,0.11076332,0.0041426187,0.028337743,0.19886711,0.18301564,0.02143891,0.0042430586
0.013233709,0.009242422,0.104147434,1.0,0.7773887,0.04371041,0.0027035885,0.020292887,0.13729815,0.104178615,0.009029398,0.0045836736
0.0075115813,0.012164848,0.060330123,0.7194094,1.0,0.17808414,0.010559072,0.010334886,0.07122332,0.14930166,0.08588199,0.016838042
0.11933905,0.033406608,0.031178724,0.35153705,1.0,0.45334986,0.06650513,0.011649377,0.023675563,0.1482157,0.4382788,0.38093454
0.8035705,0.16864638,0.01651185,0.036485575,0.08629703,0.061397105,0.045058195,0.0136769675,0.0044673216,0.019777505,0.24686232,1.0
0.6077082,0.13740525,0.011421119,0.01576308,0.006625665,0.005522229,0.00907632,0.004779114,0.0027447827,0.016360378,0.26148784,1.0
0.2396408,0.055164423,0.022859408,0.01655435,0.040620383,0.022311006,0.0051304973,0.003318394,0.016416823,0.13770096,0.69164544,1.0
0.5398099,0.25816783,0.25560734,0.35499924,0.6079897,0.15754014,0.018911391,0.023918424,0.22301877,0.6049288,1.0,0.9576537
0.10663561,0.11202367,0.11948807,0.85209155,1.0,0.094975874,0.0152683165,0.019035975,0.18345147,0.17029712,0.069544464,0.04382983
0.02942477,0.022221558,0.02811822,0.53898084,1.0,0.14236711,0.012882737,0.008111325,0.047282565,0.0535088,0.026395572,0.019940121
0.018707005,0.027984284,0.03477024,0.21175824,1.0,0.47474873,0.07478113,0.0077492273,0.012151739,0.03733184,0.07661665,0.04520706
0.04532528,0.15052813,0.596995,0.32702237,1.0,0.777366,0.2561435,0.045033246,0.035680193,0.052736644,0.3363411,0.22557883
0.022432173,0.2064368,1.0,0.24430998,0.14831622,0.11971327,0.06728737,0.049453877,0.029020602,0.026787689,0.19146526,0.12073037
0.024152746,0.48195913,1.0,0.13025048,0.022304567,0.03812089,0.021858275,0.031925894,0.033882402,0.072835945,0.19177592,0.051021922
0.07238949,1.0,0.8982442,0.06454353,0.03444872,0.033227157,0.010630667,0.034036707,0.14735861,0.556934,0.53563696,0.056436107
0.08243978,0.6128774,0.3756378,0.061664823,0.11982704,0.027651971,0.01927939,0.039205935,0.4705139,1.0,0.37322688,0.056215294
0.2882351,1.0,0.5299436,0.16036293,0.19541404,0.057392597,0.043277007,0.06648557,0.64093745,0.8988652,0.20587967,0.06599366
0.09757157,0.689764,1.0,0.1638645,0.06042482,0.038510315,0.038490433,0.05418583,0.111009665,0.181155,0.27952158,0.16591011
0.4020452,0.42040008,1.0,0.46036333,0.1797778,0.09749935,0.12741649,0.16301346,0.117427155,0.07548329,0.25897008,0.6554927
1.0,0.16285843,0.26235422,0.83177936,0.5956155,0.46344805,0.39201996,0.30369028,0.09918342,0.054001376,0.115382716,0.9007325
0.27850306,0.097598925,0.10889922,0.29768232,0.8767177,1.0,0.5878527,0.12896799,0.038024593,0.103520125,0.19115186,0.3571706
0.042553347,0.052312873,0.039499294,0.3610171,1.0,0.48928264,0.24601799,0.043430485,0.06204376,0.14566308,0.0806163,0.044499993
0.051342476,0.08842445,0.04935975,0.4500149,1.0,0.21561202,0.26745626,0.0775353,0.116042756,0.20867611,0.09715447,0.054648433
0.07183924,0.16090772,0.17475083,0.4660727,0.8594033,0.30736214,0.22909106,0.0915615,0.11162163,0.34922555,1.0,0.3700703
0.029062098,0.022725007,0.04511664,0.06454239,0.058476705,0.036189944,0.027882328,0.033436265,0.117600836,0.41214857,1.0,0.33810696
0.035288546,0.02354065,0.014704095,0.017225482,0.021264749,0.016080584,0.041174755,0.052879553,0.19544058,0.6443611,1.0,0.26823944
0.39211646,0.4915159,0.19966337,0.34230322,0.69010574,0.46537966,0.7744032,0.46733114,0.5896312,0.6367586,1.0,0.36603674
0.9935922,1.0,0.36366746,0.455819,0.73151475,0.31003943,0.5065291,0.4922317,0.586225,0.33156002,0.19403093,0.33780438
0.6450016,1.0,0.374823,0.48169988,0.60573477,0.5660951,0.8166225,0.9415746,0.9241646,0.5389679,0.5727543,0.44899806
0.2460851,0.368063,0.40254992,0.41882426,0.48901477,0.78078514,0.7708678,0.9910884,1.0,0.59398603,0.4559992,0.20061797
0.21252196,0.38145494,0.463774,0.48758215,0.44487637,0.44121134,0.50414085,1.0,0.99742603,0.6924012,0.3431024,0.115876585
0.53794515,0.4244406,0.279519,0.32697716,0.27688923,0.3521823,0.51451933,1.0,0.8334175,0.5703799,0.4124041,0.3459114
1.0,0.38150492,0.17782351,0.14093329,0.11707608,0.20312884,0.33361885,0.33040574,0.29310724,0.3222827,0.46603498,0.7600562
0.6837511,1.0,0.75520617,0.3193825,0.08962739,0.06848162,0.10112043,0.08526272,0.09486792,0.17982294,0.19831493,0.2249722
0.14118949,0.432462,1.0,0.9952025,0.47376633,0.16720894,0.04434401,0.030925572,0.039208956,0.09427307,0.09620645,0.059753038
0.13006361,0.27379945,0.62215793,0.9912902,1.0,0.8967712,0.59878147,0.19853626,0.058548924,0.070990466,0.124962844,0.121067725
0.06889276,0.35023183,0.3092111,0.09793057,0.092110634,0.299187,1.0,0.66956383,0.1355198,0.036872726,0.033473365,0.027897308
0.03451207,0.25788066,0.37857398,0.08941243,0.0146396,0.088784434,0.8006854,1.0,0.1822036,0.025470993,0.022551324,0.01935722
0.059014436,0.23449999,0.1997801,0.02754358,0.03147609,0.23746273,1.0,0.71751493,0.108974226,0.016143423,0.014724869,0.012961501
0.25216496,0.34652182,0.09560335,0.08393315,0.29322055,0.7390245,1.0,0.3952647,0.053853218,0.020728597,0.023160009,0.049400568
0.23116899,0.23241784,0.2989435,1.0,0.92205924,0.34018654,0.20563078,0.1072741,0.038565725,0.035434373,0.07854083,0.079901844
0.050523914,0.06314339,0.43810177,1.0,0.2813872,0.022630075,0.003298333,0.00700534,0.009985784,0.037531808,0.0725093,0.020172087
0.031278826,0.057736725,0.431234,1.0,0.3275555,0.066224866,0.015114468,0.012842745,0.017301008,0.04641369,0.10163174,0.03871467
0.25723037,0.56393397,0.5638909,1.0,0.86667424,0.656527,0.8414868,0.6921368,0.29746303,0.113318495,0.114388876,0.14936832
0.13122885,0.44872147,0.41074967,0.14843547,0.16445272,0.12334857,0.44366854,1.0,0.84007776,0.23265411,0.045931797,0.032569204
0.040264335,0.101277865,0.1346648,0.14675245,0.21321438,0.044898786,0.06965397,0.500373,1.0,0.35440296,0.050168153,0.016530065
0.16738184,0.52544916,0.33812115,0.32249784,0.27882648,0.19256148,0.520203,1.0,0.7667217,0.2762045,0.04454233,0.022486303
0.34399292,0.8027048,0.43962824,0.28438413,0.7414613,1.0,0.85284644,0.40030465,0.06785851,0.044532873,0.04213516,0.10168718
0.056654178,0.055642687,0.075617746,0.4465532,1.0,0.3402348,0.055811297,0.026272245,0.0087887235,0.008512892,0.033342686,0.07307903
0.010371786,0.011620477,0.10461532,0.87301075,1.0,0.105866626,0.008682997,0.0041677817,0.0022873334,0.00537945,0.03513189,0.03592588
0.011201763,0.007956409,0.0759939,0.832978,1.0,0.15812494,0.02583527,0.00564257,0.0037200698,0.0041400343,0.01817554,0.026403647
0.05698793,0.08011661,0.11856889,0.6522287,1.0,0.42452148,0.3222012,0.22923891,0.15923786,0.09230627,0.038780235,0.028718198
0.2650901,0.32287613,0.27989426,0.32184273,0.3021784,0.3140374,0.6241755,1.0,0.6425918,0.4652068,0.28261083,0.15050425
0.6518566,0.5279268,0.21560094,0.19318786,0.1861446,0.2967319,0.71476996,1.0,0.52058035,0.38021442,0.39377043,0.42869067
0.442318,0.5209507,0.21473253,0.16144209,0.2298346,0.4367459,0.9458365,1.0,0.41779202,0.25417456,0.26226488,0.22803266
