0.03222973,0.104645036,0.5151162,1.0,0.4398694,0.07294065,0.028459433,0.016505904,0.013866708,0.014410191,0.017895937,0.019802311
0.0044430024,0.018840265,0.32719538,1.0,0.26254416,0.012941034,0.0053696497,0.004550629,0.0068894248,0.009226392,0.0058097895,0.0037773524
0.0008531966,0.004722909,0.2586509,1.0,0.26404756,0.007813867,0.0032144114,0.0054962886,0.007459044,0.011094272,0.003367445,0.0015011947
0.0033651544,0.01136354,0.21443652,1.0,0.36373153,0.011380133,0.0030669614,0.005232102,0.0062206183,0.0121180955,0.005185812,0.0022716357
0.03125337,0.078565165,0.3564014,1.0,0.52287525,0.044659067,0.008341225,0.0036408626,0.0047315573,0.014446727,0.011597061,0.013704162
0.15178224,0.41075742,1.0,0.90807164,0.9391181,0.26901695,0.041654024,0.009209658,0.010236658,0.031493347,0.041120898,0.06939442
0.058893494,0.114049025,0.86508995,1.0,0.198275,0.10323091,0.03959156,0.020264298,0.024356546,0.10989146,0.17103237,0.06341386
0.027098956,0.028326474,0.14575353,0.6481685,0.5177596,0.13354997,0.03116897,0.025051834,0.023395928,0.3204681,1.0,0.14869627
0.010372059,0.0063588554,0.0844911,0.5704637,0.48293242,0.07756283,0.01912438,0.029047403,0.02477352,0.18265186,1.0,0.19723967
0.017654136,0.0062383143,0.07719645,0.46317026,0.22176541,0.01928885,0.010852741,0.023155766,0.02912433,0.19767074,1.0,0.25743875
0.041011274,0.007812927,0.11574904,0.5096357,0.14080988,0.013034331,0.026376484,0.049716428,0.07360665,0.32351613,1.0,0.32243416
0.077226296,0.0143603645,0.25019065,1.0,0.23092702,0.057456613,0.25268275,0.15154712,0.1222256,0.2710812,0.50521207,0.38241908
0.0716571,0.021078423,0.32803896,1.0,0.23870654,0.072457165,0.51870054,0.31370732,0.08063968,0.09850376,0.16196258,0.23167512
0.19730088,0.1014778,0.9515161,1.0,0.15710855,0.06621058,0.34605175,0.37994233,0.11745551,0.25923008,0.7489894,0.3753131
0.14792733,0.06517436,0.60267717,1.0,0.18858735,0.04361747,0.05893062,0.053094834,0.033436224,0.1167329,0.18625204,0.14756826
0.044158075,0.04583506,0.44084555,1.0,0.26590824,0.096471995,0.066581324,0.058999475,0.027536513,0.24473006,0.2691335,0.050928824
0.036411773,0.09000724,0.41833115,0.5018918,0.39212638,0.24982554,0.12744191,0.065904446,0.086046435,1.0,0.689004,0.12331322
0.02006392,0.06075129,0.20920181,0.08364412,0.13994512,0.17707801,0.14818762,0.02273122,0.15707542,1.0,0.26151586,0.06583512
0.015632698,0.04051652,0.176292,0.063612334,0.057472654,0.09614811,0.16178346,0.029934743,0.22198132,1.0,0.14114378,0.034372836
0.03873895,0.112146184,0.3254688,0.17101997,0.11580505,0.114139095,0.19569917,0.08726139,0.22741722,1.0,0.19840288,0.057998676
0.03103521,0.20195386,1.0,0.84470475,0.11858753,0.035371255,0.03957156,0.027907977,0.04295209,0.16234711,0.06322698,0.026565066
0.03422804,0.11773333,0.67294043,1.0,0.2642158,0.056803,0.013709042,0.010825068,0.023961045,0.13692278,0.08563257,0.03022518
0.048470285,0.121330485,0.8687918,1.0,0.27031586,0.07649979,0.030003615,0.022017818,0.043702886,0.20900816,0.1313657,0.052428853
0.032141164,0.33959943,1.0,0.4074397,0.14034626,0.12600374,0.17449862,0.06705307,0.0651138,0.1317869,0.053341866,0.03057456
0.16896819,1.0,0.9371927,0.12968078,0.07924292,0.17850329,0.4078404,0.14306703,0.077104874,0.086008124,0.032463633,0.061417665
0.36853647,1.0,0.51906806,0.05520385,0.02094975,0.10246316,0.16489945,0.07417998,0.04261325,0.049395237,0.04988904,0.11483537
1.0,0.9844188,0.33410513,0.07375415,0.04004903,0.08450024,0.07089551,0.05731633,0.09421262,0.23846485,0.48813865,0.6879187
0.23099686,0.14253761,0.054231167,0.07237342,0.048390787,0.07684656,0.20665297,0.3898233,0.7005726,1.0,0.9026867,0.45981592
0.10061775,0.090261474,0.14569888,0.2682585,0.28353572,0.650383,1.0,0.95829386,0.8205388,0.5381272,0.16241954,0.08787685
0.11578138,0.18719,0.5078693,0.96185386,0.90285385,1.0,0.7236462,0.22207189,0.2286553,0.636795,0.16528635,0.1052074
0.053241137,0.10973879,0.62619054,1.0,0.37538537,0.113837145,0.14914235,0.07755465,0.21051233,0.8105361,0.19228414,0.07218484
0.3333263,0.62483656,0.796688,1.0,0.78394586,0.23304062,0.3468812,0.39221525,0.8532118,0.92123276,0.43714276,0.25750202
0.4898457,0.5691703,0.40206024,0.5288517,0.7179045,0.47407517,0.41656125,0.48105672,1.0,0.6430436,0.45106333,0.31718037
1.0,0.6481323,0.59065014,0.6494042,0.9957998,0.8262977,0.6743904,0.69647044,0.9655316,0.890217,0.7144566,0.65913206
0.53540576,0.44797462,0.657883,0.6717895,0.5437096,0.48685673,0.6102985,0.8456431,0.73282504,1.0,0.7007645,0.42778
0.22434852,0.2462723,0.67955154,0.5533486,0.39044416,0.39950407,0.66413844,0.8161841,0.735226,0.76117975,1.0,0.4213555
0.008267648,0.011324962,0.019305592,0.023389373,0.15075754,0.7808808,1.0,0.45621982,0.28788674,0.16165859,0.07148149,0.024180051
0.0051976964,0.003826396,0.004337089,0.02216627,0.20947306,1.0,0.7586327,0.17969857,0.10973856,0.06047831,0.029286852,0.00947053
0.0058261394,0.0065067094,0.07154407,0.5340897,1.0,0.80893934,0.25346184,0.022378702,0.0128328735,0.0114827035,0.014328805,0.009319371
0.006309367,0.061907634,0.4006355,1.0,0.55803156,0.060096543,0.0041503003,0.0006570927,0.0012077577,0.0057101976,0.012681473,0.006603674
0.07990572,0.64757246,1.0,0.63638026,0.17209916,0.02051371,0.0042664674,0.0017734229,0.0031766389,0.005549833,0.005120674,0.0077013397
0.04683612,0.3560857,1.0,0.9923579,0.2743718,0.026264206,0.0072519197,0.0036015015,0.0043218634,0.0064362846,0.0035025799,0.0075498973
0.0028854478,0.026417315,0.38756067,1.0,0.28819507,0.011556413,0.0018530833,0.0024220478,0.0024748174,0.003010412,0.0022370096,0.0015331429
0.0028250923,0.0048739086,0.16845557,1.0,0.4350692,0.015730612,0.0021558846,0.005220405,0.013587687,0.007869985,0.0023061193,0.0015018592
0.0037203503,0.013524745,0.3115901,1.0,0.30513275,0.010240388,0.0036577391,0.006540581,0.022653742,0.01011944,0.002650598,0.0027029854
0.035411865,0.2334229,1.0,0.9587836,0.12975715,0.0067605507,0.0076836096,0.008009817,0.020457959,0.011228111,0.0064452626,0.0083867945
0.3420046,0.8921168,1.0,0.4515766,0.03559515,0.00683315,0.009694821,0.0073674326,0.018318335,0.019226788,0.014243103,0.03801536
1.0,0.74160963,0.15676631,0.14186135,0.055327743,0.042022206,0.053972725,0.036533225,0.0310084,0.028798569,0.028959718,0.1769
0.15263133,0.122642525,0.40589902,1.0,0.5500501,0.24924026,0.59112054,0.53323054,0.078276396,0.09553796,0.103615984,0.09959077
0.03386838,0.021481302,0.21967897,0.6490149,0.3148573,0.16289265,1.0,0.5288134,0.04984533,0.1591447,0.13279228,0.03647867
0.013530161,0.009921153,0.07945761,0.12017935,0.05979116,0.16359293,1.0,0.2892786,0.046562325,0.26638332,0.15313354,0.014302079
0.020573162,0.010569803,0.07209428,0.06511198,0.049206547,0.21823673,1.0,0.32918265,0.08253783,0.42430678,0.2812421,0.017843552
0.035532158,0.02515038,0.22356385,0.2323824,0.14308442,0.3198299,1.0,0.58168906,0.09555207,0.37236607,0.35244375,0.030925242
0.086883955,0.17624716,0.8522082,0.5553694,0.34837383,0.56936085,1.0,0.5764306,0.10566134,0.28930348,0.31258923,0.08078086
0.10820199,0.2509133,1.0,0.5919304,0.4290409,0.4093489,0.39259207,0.18393707,0.05429012,0.13115397,0.1516987,0.07523248
0.109277986,0.111313,0.7709666,1.0,0.5807773,0.28805482,0.49989355,0.46090528,0.07703498,0.075992174,0.06522484,0.039070178
0.11216385,0.049131352,0.4061835,1.0,0.23671678,0.11737211,0.59466136,0.8412805,0.08670451,0.044382606,0.054548524,0.047788188
0.031177092,0.019965013,0.36757123,1.0,0.14075014,0.0934667,0.33252245,0.43449837,0.051880512,0.023381874,0.03532071,0.027457803
0.02870841,0.08144659,0.9801109,1.0,0.096250534,0.09126974,0.21369687,0.19545518,0.043349624,0.021758199,0.028288681,0.040983185
0.06284748,0.15253851,1.0,0.6838415,0.08518432,0.055889614,0.16066144,0.26819983,0.077377595,0.02037125,0.03941805,0.10625669
0.27954295,0.34782153,1.0,0.93104666,0.2326251,0.09285743,0.4264943,0.98725575,0.28383154,0.09295654,0.22425981,0.41302416
0.26194304,0.5661351,1.0,0.74602413,0.64085364,0.1807692,0.58989626,0.78555053,0.30484247,0.15924408,0.17573929,0.18141653
0.036493406,0.055650145,0.31527877,1.0,0.7488786,0.09791351,0.15649363,0.21340217,0.1401302,0.066400066,0.0700169,0.054087304
0.026858343,0.0212095,0.35874176,1.0,0.30503693,0.020903552,0.082889155,0.14393912,0.07109322,0.030332668,0.03008225,0.026933184
0.041121636,0.030341454,0.5262687,1.0,0.16341743,0.018308887,0.19154662,0.2755166,0.16901721,0.062527664,0.039256588,0.033488892
0.06519064,0.11279764,1.0,0.93062466,0.08642743,0.023655012,0.30859697,0.59541446,0.4254889,0.18686685,0.119587265,0.07560427
0.02634502,0.25427115,1.0,0.3998688,0.11537915,0.019017102,0.10634483,0.26700473,0.13467328,0.13183817,0.067731604,0.039417945
0.007849631,0.1246943,1.0,0.8884109,0.123868965,0.011414871,0.023104774,0.07751222,0.03791409,0.023283908,0.010900489,0.009917621
0.0049238345,0.0605074,0.9101028,1.0,0.0715691,0.004513776,0.024673013,0.07490857,0.051522013,0.017936107,0.010571586,0.0064924015
0.0036215752,0.045521338,0.8115054,1.0,0.07712736,0.0042107725,0.029964177,0.065446876,0.04818894,0.016120356,0.01004534,0.005406357
0.0041947262,0.05794136,0.8950051,1.0,0.07256258,0.0043165996,0.019524835,0.051547345,0.040696573,0.015898572,0.0071494137,0.0063335486
0.012357732,0.06273642,0.7494343,1.0,0.14936203,0.021502446,0.017404262,0.05590685,0.068148404,0.022910535,0.010628617,0.008664411
0.028549641,0.03055007,0.43990347,1.0,0.26596358,0.08424183,0.059141587,0.10524569,0.12338641,0.036199093,0.028690513,0.018206952
0.019848209,0.015129105,0.41606674,1.0,0.19720228,0.13767512,0.13219589,0.120976344,0.09246269,0.034616116,0.03843658,0.0177546
0.026886342,0.040475544,0.6483503,1.0,0.124595866,0.13768156,0.17627032,0.22838487,0.09693052,0.042193785,0.039980922,0.016733043
0.030232858,0.21450445,1.0,0.56202465,0.044758033,0.040674094,0.058700413,0.13197742,0.057338934,0.03360203,0.02283495,0.01572587
0.013860439,0.366436,1.0,0.26488808,0.010063592,0.0060658967,0.013725364,0.03654573,0.023488456,0.0183731,0.00501207,0.003902182
0.043009076,0.65524423,1.0,0.15300736,0.0042121094,0.0024096717,0.011770559,0.024157269,0.01552274,0.013265304,0.002217908,0.0029940968
0.19884287,1.0,0.74518836,0.08672948,0.002572562,0.001531788,0.009181794,0.012520279,0.0074018147,0.0067404006,0.0022143808,0.013742399
0.41518635,1.0,0.44962513,0.0684264,0.014594236,0.0041071284,0.010740807,0.0111354515,0.008110401,0.009508369,0.0075900694,0.047598526
0.15413585,0.28497353,0.4413026,1.0,0.4586416,0.03528742,0.045871597,0.08267211,0.18252684,0.33160177,0.07806111,0.046894353
0.012840683,0.047590807,0.4469744,1.0,0.24220654,0.014704526,0.019598672,0.06258509,0.23950458,0.3095255,0.06892124,0.009188267
0.012847524,0.1574063,1.0,0.87842333,0.07918449,0.006581096,0.011568033,0.07471093,0.19880147,0.13570021,0.03612995,0.004581171
0.007527625,0.1641112,1.0,0.54305094,0.031029634,0.0036415334,0.009702615,0.062755845,0.107433945,0.051474474,0.016554473,0.0023738379
0.009688427,0.10412912,1.0,0.8240717,0.06488339,0.004596564,0.012098241,0.052734807,0.0940605,0.03992259,0.01856941,0.002230836
0.014718958,0.060933653,0.77617383,1.0,0.09973264,0.0079316525,0.01657124,0.045518503,0.07744341,0.035614233,0.024017338,0.0034832666
0.017650086,0.062189665,0.8240866,1.0,0.09021621,0.016267922,0.023086082,0.063101165,0.088358775,0.041367948,0.03195403,0.0057638534
0.014232059,0.08677916,1.0,0.726454,0.051579215,0.013796601,0.022731414,0.07490903,0.071634434,0.032150052,0.020368256,0.0068006227
0.015468377,0.14922523,1.0,0.37924567,0.049133677,0.010141231,0.020818878,0.06185217,0.028771458,0.014019118,0.0069707367,0.008806628
0.062672295,0.57145023,1.0,0.29086983,0.109093145,0.02432148,0.05352878,0.118631445,0.031786412,0.016833011,0.011559482,0.009555265
0.36860523,1.0,0.54434675,0.39862266,0.10951633,0.09935609,0.24207313,0.14133877,0.030262034,0.03799554,0.024064751,0.025289034
0.67833227,1.0,0.46859962,0.50945324,0.070000544,0.1180031,0.31203508,0.113695964,0.030640833,0.039182097,0.015554436,0.0479296
0.75159687,1.0,0.40794376,0.419356,0.052648585,0.052912932,0.13631321,0.10175133,0.037314232,0.028851572,0.009809349,0.054934084
0.52795815,1.0,0.31362957,0.1534464,0.032761097,0.030900827,0.07841219,0.073144324,0.04857286,0.035723306,0.010712629,0.03608822
0.19724327,1.0,0.71468484,0.10054083,0.020954678,0.02138242,0.05246327,0.052376643,0.034375165,0.027281817,0.007909031,0.013709732
0.050806608,0.6197094,1.0,0.25883082,0.05430005,0.017558537,0.017709726,0.0143118845,0.014834263,0.015775343,0.0049437396,0.004580913
0.042046066,0.2848518,0.8159595,1.0,0.49083996,0.08710317,0.022659196,0.012138247,0.016017064,0.016201591,0.004853601,0.0068971827
0.06147297,0.10670896,0.2532231,0.89823353,1.0,0.2237245,0.03878876,0.022100441,0.021658266,0.025935687,0.010447689,0.014118145
0.3321846,0.5507094,1.0,0.5232894,0.21413589,0.12200763,0.15277995,0.14954229,0.07605947,0.055066593,0.023521397,0.035767682
0.27019522,0.49720666,1.0,0.6482682,0.1277305,0.03884997,0.13423185,0.23733954,0.06659221,0.03812432,0.022071484,0.034331918
0.21375184,0.41458154,1.0,0.8020258,0.1303988,0.04452323,0.1573247,0.2910146,0.08138154,0.052428976,0.047647145,0.05113122
0.47808146,0.9319906,0.9199513,1.0,0.23556945,0.09763453,0.30792537,0.63787913,0.2349506,0.090047605,0.094381064,0.11109031
0.73655695,0.6105772,0.5769674,0.32483542,0.24255317,0.28695726,0.5702214,0.56686467,0.41504043,0.5245277,1.0,0.8816241
0.75886625,0.6133496,0.53894806,0.30602744,0.2984668,0.36048856,0.8222568,0.94698125,0.6429034,0.7506789,1.0,0.751093
0.41916797,0.44085085,0.37211192,0.329916,0.42342705,0.34809268,0.8121724,1.0,0.81577426,0.5396345,0.532154,0.32786095
0.3693121,0.29751328,0.32427502,0.5962997,1.0,0.66699827,0.57189256,0.6650313,0.6572158,0.2724043,0.20457546,0.2018576
0.74656117,0.6266302,1.0,0.72298145,0.86215514,0.94186044,0.73690224,0.8000827,0.68939334,0.6902883,0.650612,0.45086297
0.5669661,0.63661027,0.880576,0.40355802,0.26693124,0.43480504,0.87611806,1.0,0.7080422,0.7153771,0.64064443,0.35832405
0.36128658,0.5013255,0.7894829,0.5503396,0.35338902,0.45143795,1.0,0.8443635,0.74402875,0.57534504,0.42889675,0.30232033
0.427928,0.33184567,0.5373802,1.0,0.6866133,0.51017237,0.8900694,0.89806736,0.7507035,0.59126574,0.24973664,0.33813947
0.4056854,0.44727856,0.68103474,1.0,0.60002196,0.51488,0.80318576,0.95760936,0.42562917,0.40233746,0.2011811,0.26697737
0.30386266,0.56487316,0.6779888,1.0,0.9856898,0.9132243,0.9185105,0.7106267,0.28484654,0.3468564,0.23529014,0.20507585
0.23644815,0.41231272,0.8138111,0.9877748,1.0,0.87532616,0.41720366,0.25982606,0.17636333,0.2554359,0.17868325,0.13914879
0.18716808,0.5032289,1.0,0.76693285,0.4324564,0.34124133,0.29471275,0.22332208,0.2908124,0.40379003,0.20148519,0.09372785
0.15337451,0.4504093,1.0,0.652866,0.21260345,0.08991144,0.23533013,0.14986385,0.16608682,0.16951165,0.11275008,0.05240343
0.3301183,0.6368219,1.0,0.7537149,0.3038931,0.13813087,0.22839086,0.18294759,0.17739536,0.16935104,0.18116185,0.16588862
0.3715311,0.6350297,0.8242305,0.87176,0.5719416,0.7443465,1.0,0.74188435,0.47833693,0.46288574,0.30399242,0.2330805
0.21568811,0.53960913,0.45632562,0.42569375,0.5001056,0.79526347,1.0,0.78700536,0.48592302,0.7324192,0.78572726,0.19787607
0.048714947,0.10828045,0.08911377,0.06492352,0.12056517,0.14060879,0.20955923,0.23315482,0.50937563,1.0,0.4307534,0.055412896
0.01012035,0.0129945,0.011148847,0.023325,0.027979545,0.03258818,0.132215,0.33483353,1.0,0.5472273,0.06611239,0.008502765
0.010073438,0.008718772,0.0061227228,0.015369862,0.038054597,0.12206914,0.2479143,1.0,0.81641203,0.18711683,0.02910838,0.009079763
0.0050248015,0.0039037631,0.0017942402,0.0028969706,0.011324521,0.10680129,0.6908247,1.0,0.50250053,0.11983383,0.014390624,0.0033401456
0.018852428,0.0067105815,0.0035133446,0.0026475969,0.005292371,0.15342394,1.0,0.6936816,0.18926504,0.044019178,0.009884723,0.012696117
0.037401147,0.019660257,0.013684219,0.0060303714,0.014322727,0.47108766,1.0,0.20116435,0.019111702,0.007995197,0.006704893,0.026249822
0.062770225,0.064450875,0.0463187,0.017632598,0.030943317,0.6947477,1.0,0.051669836,0.004961193,0.0074551855,0.007378424,0.03842374
0.095016375,0.105756864,0.04980451,0.018848214,0.031557154,0.33350703,1.0,0.19476496,0.0101358825,0.0215448,0.023469724,0.03412918
0.23587945,0.31027845,0.06314117,0.0154829975,0.0648416,0.38475847,1.0,0.3395608,0.027152637,0.040078837,0.07622554,0.08640269
0.6463426,1.0,0.069628894,0.013581794,0.100727074,0.65593797,0.8513169,0.2012644,0.055457182,0.021748759,0.04017479,0.06471465
0.18836536,0.33688477,0.031230012,0.0041782577,0.020406716,0.20130137,1.0,0.4164986,0.046548456,0.01119384,0.008084932,0.010825025
0.020928288,0.051444814,0.00731558,0.0015041041,0.005818407,0.26563233,1.0,0.23904319,0.013092554,0.008384421,0.011415683,0.011504758
0.025664544,0.033325974,0.004478403,0.001941997,0.0088912,0.33767208,1.0,0.19191983,0.017512389,0.011929715,0.027682897,0.039709028
0.09056447,0.09283498,0.012179552,0.0037890198,0.01774693,0.52246964,1.0,0.1169876,0.031489767,0.037476193,0.08978525,0.16340476
0.20743027,0.5209622,0.15286738,0.01742921,0.060311716,0.7947806,1.0,0.12693278,0.029545568,0.041419886,0.08927124,0.26605397
0.11357251,0.5756998,0.28094,0.04666801,0.14216909,1.0,0.85891354,0.12383998,0.009114523,0.009982739,0.022467189,0.0744537
0.01305646,0.052016407,0.0268693,0.022962712,0.07308825,0.36447397,1.0,0.1844538,0.0069265254,0.001822902,0.0016073657,0.0024879202
0.003087133,0.0099118855,0.0034046723,0.014530441,0.042972438,0.2052729,1.0,0.26500425,0.0103361625,0.002336582,0.0017535122,0.00088666426
0.004756565,0.014695857,0.0070685744,0.016825747,0.039738923,0.1895417,1.0,0.42735025,0.032374635,0.0060112625,0.0058871093,0.0029025632
0.0137875015,0.049477763,0.016688129,0.017812964,0.04058185,0.14651509,1.0,0.52984697,0.06179212,0.011001269,0.012788597,0.0057120994
0.02500998,0.060636494,0.016574828,0.011845272,0.019821525,0.17110239,1.0,0.28535417,0.041701023,0.018917294,0.018197965,0.009283149
0.033601336,0.066985615,0.018563982,0.011672598,0.021667942,0.33061516,1.0,0.18586686,0.06762975,0.057133522,0.1131986,0.033994984
0.017160576,0.040194556,0.0115550095,0.008659828,0.03969362,0.5786313,1.0,0.120154515,0.024440514,0.035751157,0.13340172,0.034195874
0.0027017714,0.0064427527,0.0026302163,0.002360507,0.022241313,0.2891215,1.0,0.34749416,0.018029876,0.00358401,0.013491712,0.00439149
0.00046926498,0.0020523244,0.0014860611,0.0007810745,0.0025678617,0.083811425,1.0,0.59451985,0.019012688,0.0014488689,0.00076478056,0.00031831223
0.00033908192,0.0014097028,0.0006613484,0.00063242123,0.004795169,0.15435079,1.0,0.42305318,0.011372914,0.00062775484,0.00056161627,0.0002184343
0.00054486847,0.0015226587,0.0006539856,0.002227533,0.034100372,0.5137609,1.0,0.18345748,0.003580538,0.0005563131,0.0007265106,0.00029914093
0.0010251427,0.0023696597,0.005584017,0.039464574,0.27781457,1.0,0.7233776,0.07892749,0.0022830283,0.002228755,0.0016588923,0.0007216002
0.21375775,0.4647843,0.46323943,0.5834902,1.0,0.6855187,0.18462919,0.043456145,0.026897773,0.026007079,0.018036326,0.048510708
0.77313423,1.0,0.33065408,0.08716573,0.0589424,0.020651972,0.02761445,0.029191837,0.014825176,0.015896399,0.041304734,0.23775089
0.9813989,0.79981756,0.29929754,0.148505,0.09821277,0.042960018,0.10401023,0.11599634,0.07618386,0.22351278,0.8082069,1.0
0.17793147,0.10095873,0.08474911,0.12568766,0.15939902,0.044772353,0.051523685,0.057408985,0.1310304,0.5405223,1.0,0.6528063
0.52246904,0.8424332,0.3855074,0.53632164,1.0,0.43824917,0.24016295,0.14663692,0.28607172,0.74844974,0.60309523,0.51712054
0.61318505,1.0,0.7913953,0.63316035,0.8195497,0.6875501,0.52090794,0.2386118,0.16908686,0.20245548,0.1989208,0.27809212
0.6574317,0.7227519,1.0,0.5404305,0.744408,0.3632201,0.443722,0.2385148,0.16334912,0.16639976,0.12256774,0.2826855
0.52040565,0.50085515,1.0,0.6969648,0.7847311,0.38538685,0.28138635,0.17814009,0.11628689,0.15325044,0.19550277,0.24927633
0.7288802,0.5825237,0.83516264,0.90052295,0.762154,1.0,0.5349643,0.1804263,0.14578652,0.110469684,0.27485588,0.3753044
0.10334477,0.11394278,0.18536845,0.4436379,0.5707351,1.0,0.4390932,0.06277147,0.05530993,0.04212459,0.06406362,0.076149374
0.014212694,0.026727742,0.06987044,0.27763113,0.69556487,1.0,0.29993427,0.043491133,0.033403825,0.027655344,0.010551312,0.004967364
0.035128385,0.0527604,0.08503477,0.20853002,0.52513045,0.9217539,1.0,0.22022843,0.08683618,0.062021747,0.020204194,0.014261681
0.031993493,0.054071855,0.040002808,0.057996623,0.08538065,0.244309,1.0,0.28117204,0.037660263,0.052855123,0.025750447,0.022039013
0.034837596,0.046746463,0.039202537,0.173348,0.41942948,0.22781156,1.0,0.5244486,0.08196176,0.1428651,0.057916004,0.023753997
0.0063418653,0.010466906,0.012774688,0.15120757,0.3633916,0.31022647,1.0,0.3260004,0.051010694,0.07235745,0.02218001,0.010106105
0.005009591,0.004947965,0.008466911,0.09087365,0.21640824,0.6968643,1.0,0.14161903,0.020296313,0.016315341,0.0120639745,0.008231347
0.0048897183,0.0049963254,0.010084005,0.08189744,0.10489637,0.7445867,1.0,0.10322612,0.009858751,0.0043677227,0.0073711495,0.003900222
0.0049776435,0.009973912,0.006688241,0.05159109,0.044244315,0.40044436,1.0,0.15654603,0.007653448,0.0030155461,0.005347576,0.003090209
0.009834022,0.013178428,0.0036549387,0.020636419,0.062261302,0.6694247,1.0,0.1425188,0.014850337,0.008125755,0.007789718,0.0052090813
0.011506012,0.0097688,0.013289033,0.07189763,0.37079918,1.0,0.5636808,0.08616455,0.038986504,0.02394254,0.012223516,0.007152812
0.13135536,0.16502005,0.21213849,0.50426,1.0,0.6383558,0.23010316,0.15669298,0.11354717,0.09176544,0.086410865,0.13350664
0.33241558,0.20993634,0.14082506,0.1840872,0.18209729,0.10751505,0.18622237,0.2701975,0.71150106,1.0,0.7607365,0.72865874
0.046451725,0.032183643,0.028213622,0.03850847,0.026624434,0.020438403,0.045352757,0.36429346,1.0,0.5637415,0.23100609,0.12902066
0.021333449,0.028549328,0.011207962,0.017189926,0.022848768,0.010582894,0.013890009,0.18564104,1.0,0.9861287,0.22603215,0.030378075
0.10389616,0.055139896,0.021315211,0.00886666,0.016754055,0.019108055,0.015917225,0.027612085,0.3376385,1.0,0.7867434,0.3100132
1.0,0.73890764,0.19400673,0.032183323,0.010842621,0.02393647,0.043029264,0.043094933,0.08216218,0.37160435,0.81697005,0.8989694
0.5427804,1.0,0.78787446,0.35680658,0.06555951,0.012875821,0.018501142,0.021184089,0.04507242,0.07928803,0.081283405,0.113854304
0.08746494,0.15446666,0.534702,1.0,0.8285468,0.19530311,0.033607494,0.01606005,0.015410111,0.06695807,0.23992388,0.2812922
0.2728242,0.05839492,0.09845281,0.26404947,1.0,0.7456034,0.10089216,0.01533485,0.008357752,0.01896759,0.086256616,0.33240113
0.33688962,0.21057472,0.21271344,0.09290868,0.2826649,1.0,0.49049664,0.036869112,0.012202517,0.044243112,0.14431535,0.16658443
0.20192643,0.32823068,0.23182055,0.13597015,0.1810985,1.0,0.88300294,0.15984981,0.060343556,0.0864206,0.19922844,0.08961
0.16833451,0.27010122,0.15324716,0.12528734,0.37098256,1.0,0.981463,0.8464368,0.17247261,0.055137888,0.062391546,0.027174843
0.0050161765,0.012304185,0.01838837,0.010740238,0.036916632,0.055609405,0.7392001,1.0,0.07625342,0.002429133,0.0023887495,0.002463794
0.0026788928,0.0048279106,0.003736739,0.0032280125,0.014759608,0.07075963,0.9122825,1.0,0.06260872,0.0012604563,0.0026809229,0.003179658
0.0018227882,0.0021214697,0.0012988598,0.0038827758,0.012797932,0.17195104,1.0,0.4185977,0.014035218,0.0008525338,0.0026646806,0.003554292
0.001042647,0.00090213027,0.00102121,0.008033438,0.022662658,0.44699726,1.0,0.1444172,0.002802278,0.0009533896,0.0037497664,0.0052223643
0.00090050115,0.00069483696,0.00083963596,0.009044655,0.034609657,0.74065626,1.0,0.07527946,0.001388746,0.0011598408,0.0039779185,0.004660136
0.0008934145,0.0007093911,0.0010516278,0.009191916,0.038070053,0.812177,1.0,0.06101896,0.0022850474,0.0023007307,0.0054375627,0.0054437118
0.0013007307,0.0015709569,0.0012353794,0.006363797,0.021500168,0.38512027,1.0,0.2332847,0.020472279,0.0063284547,0.016356941,0.00694011
0.00579629,0.0041853315,0.002263982,0.0038191415,0.009659254,0.117710076,1.0,0.6518332,0.049722325,0.013925248,0.05462336,0.023932783
0.02309859,0.012219974,0.006498848,0.006038765,0.017205613,0.11978059,1.0,0.7011106,0.037032314,0.02361909,0.080213115,0.06339852
0.0629014,0.047116645,0.02402975,0.015418761,0.042122155,0.17741038,1.0,0.6389462,0.03689595,0.05047588,0.18294506,0.12469809
0.09787815,0.15006894,0.053905096,0.04342837,0.09017071,0.3140602,1.0,0.36222714,0.035322856,0.14360961,0.40873715,0.13647665
0.19084905,0.34484887,0.07497939,0.07872019,0.20082681,0.77317244,1.0,0.16807656,0.080824666,0.5612036,0.6102429,0.1262906
0.29258537,0.4068189,0.058400102,0.054912724,0.19120963,1.0,0.67339635,0.15752576,0.23352416,0.64964783,0.31283063,0.08816799
0.10439254,0.11381613,0.034463905,0.0731681,0.46567234,1.0,0.3822998,0.16145758,0.18037874,0.24625546,0.17011859,0.049983658
0.016873773,0.022104492,0.024723085,0.14710046,0.7789596,1.0,0.29387087,0.11333932,0.059147693,0.08145423,0.07196597,0.020837355
0.010305584,0.018791055,0.01742577,0.029160982,0.09534623,0.26907676,1.0,0.89858127,0.13202552,0.034991834,0.017486496,0.010277921
0.0013650531,0.005382393,0.0035512196,0.0018724018,0.004233272,0.05526051,0.8363016,1.0,0.10550334,0.0051707965,0.00336617,0.0017224625
0.0012665361,0.0075804703,0.0042638243,0.0022966089,0.0068570944,0.052330382,0.88172835,1.0,0.08964657,0.0075168656,0.00892197,0.0027591167
0.00579206,0.015171084,0.009263361,0.013859681,0.03997203,0.22689398,1.0,0.60230076,0.056364976,0.036395732,0.059104078,0.011948521
0.03237806,0.021931674,0.0124474205,0.024553174,0.094758496,1.0,0.9561171,0.121174246,0.031859554,0.15980807,0.14265321,0.03629766
0.04458748,0.011055983,0.004789264,0.009038504,0.1537431,1.0,0.41378376,0.021191647,0.016433023,0.07426619,0.040863305,0.030522786
0.0539086,0.01398163,0.008641472,0.01558063,0.19998838,1.0,0.32617354,0.018104622,0.013248562,0.03251772,0.018927896,0.02012634
0.048114065,0.035847347,0.01885871,0.026949335,0.13354464,1.0,0.8611658,0.08506641,0.024617946,0.040313475,0.027917968,0.023483
0.029458227,0.057942864,0.022772962,0.02423337,0.036465224,0.40439558,1.0,0.15398559,0.026909532,0.040853728,0.04089748,0.030207885
0.03336187,0.07592733,0.029753298,0.023979014,0.04009232,0.30899388,1.0,0.19686651,0.0462164,0.09991337,0.09124231,0.07186389
0.07730133,0.09261882,0.044200335,0.029972142,0.055532765,0.28894618,1.0,0.2495473,0.07526876,0.17105529,0.18531406,0.1822647
0.18949626,0.168025,0.065920405,0.035485122,0.06590965,0.24105513,1.0,0.28481093,0.114848025,0.1628562,0.27172488,0.3312321
0.15073998,0.3089709,0.1023026,0.03350787,0.054869875,0.24232405,1.0,0.26237237,0.16272074,0.10023705,0.16027428,0.1918688
0.08439256,0.34733158,0.09731981,0.048618954,0.058083385,0.5327795,1.0,0.14265712,0.079787165,0.050882563,0.057983577,0.043393556
0.15227498,0.24322559,0.062995315,0.06477728,0.10792187,1.0,0.79462653,0.07468994,0.040555753,0.03776767,0.03851494,0.044618256
0.16459352,0.15142412,0.12545952,0.16671215,0.18842846,1.0,0.6524013,0.055897344,0.03726628,0.036458857,0.024511188,0.050186113
0.19903517,0.2253053,0.25336772,0.46500406,0.2956308,1.0,0.91048294,0.06004015,0.0571987,0.045015156,0.027316239,0.041381523
0.19586368,0.32757154,0.26152375,0.5857533,0.3362609,0.74437,1.0,0.09343138,0.051668927,0.04427801,0.039306164,0.038091425
0.10593472,0.34474003,0.15815714,0.35266593,0.19304365,0.35589018,1.0,0.17512494,0.027827887,0.035584733,0.041540347,0.024040414
0.066061355,0.46242046,0.2539157,0.30929783,0.18437232,0.16925567,1.0,0.40397468,0.027092416,0.03334021,0.042363428,0.027740983
0.030915767,0.5005098,0.3079589,0.14358526,0.21737029,0.11481439,1.0,0.5112339,0.020835685,0.02051796,0.05225333,0.029529648
0.04604543,0.47246817,0.19537587,0.08477338,0.1615998,0.12253799,1.0,0.3503845,0.012717809,0.016296668,0.05346419,0.01731204
0.04795465,0.36744162,0.14168821,0.079425596,0.08550266,0.13842365,1.0,0.27755997,0.009979704,0.014449478,0.026203984,0.01041342
0.058205154,0.3018603,0.118855506,0.14129679,0.08418222,0.17128532,1.0,0.21165125,0.016876908,0.023026131,0.019232439,0.010754
0.05628063,0.20809005,0.09944831,0.17561568,0.09480094,0.21296833,1.0,0.15714139,0.019330252,0.028512528,0.021023521,0.01134474
0.037613288,0.21474233,0.09423158,0.17253263,0.09513025,0.16419125,1.0,0.21033761,0.016323436,0.022104392,0.01406257,0.0094710495
0.037797295,0.22313711,0.109603226,0.24628906,0.08759961,0.1788117,1.0,0.17151366,0.013976185,0.016991964,0.0062258015,0.009157351
0.025856817,0.19139153,0.089207746,0.21220005,0.09268643,0.15648885,1.0,0.19925164,0.011641231,0.017991336,0.0044375425,0.006155484
0.019638829,0.17262642,0.09650485,0.27686185,0.1138811,0.11816721,1.0,0.26090527,0.012915146,0.023789972,0.00578501,0.008999755
0.02475206,0.17006351,0.11450213,0.30054945,0.14160286,0.1243508,1.0,0.30118936,0.016080007,0.03188618,0.013890328,0.012493339
0.033835433,0.20925497,0.111494884,0.1572664,0.15318121,0.18050952,1.0,0.30427438,0.019640809,0.046356928,0.03824703,0.022303807
0.09086719,0.16946003,0.051727135,0.09843291,0.112542234,0.4385705,1.0,0.1425959,0.030676285,0.056834605,0.050246168,0.032046188
0.19550724,0.13207573,0.07367803,0.09722196,0.11161263,1.0,0.835533,0.071716286,0.05280725,0.045944825,0.031000119,0.030928377
0.16483346,0.092995904,0.073116034,0.07130164,0.12498823,1.0,0.44487473,0.032041736,0.052306432,0.032203875,0.021369195,0.03017797
0.11945236,0.11870081,0.077691264,0.07971875,0.13470003,1.0,0.73468983,0.05344969,0.041613124,0.02994541,0.0156296,0.045786854
0.049145956,0.12711428,0.08477306,0.17970696,0.10477712,0.4231512,1.0,0.10602083,0.016639885,0.026833715,0.013159561,0.028260114
0.030881004,0.13901328,0.08371455,0.16687275,0.12687142,0.2221207,1.0,0.16348657,0.011466174,0.024928749,0.02797662,0.020761741
0.032444585,0.12925676,0.09798686,0.11323225,0.109837994,0.20176566,1.0,0.18750009,0.014960805,0.025102332,0.03276179,0.016274499
0.030552944,0.14432746,0.081260346,0.16600144,0.09701879,0.18171746,1.0,0.1908333,0.020311419,0.03856764,0.027316842,0.018268535
0.057126805,0.15272875,0.06682719,0.18778351,0.087585405,0.31921032,1.0,0.13217023,0.019215235,0.04078026,0.019314501,0.017978651
0.09774084,0.15998945,0.10744926,0.2249467,0.090980954,0.67368317,1.0,0.059483487,0.025963217,0.038672063,0.024610488,0.020600667
0.06681057,0.15317585,0.09143462,0.25448924,0.11662678,0.57097894,1.0,0.061365187,0.023372872,0.034916773,0.026216283,0.019604411
0.054194927,0.15100966,0.07735257,0.17738166,0.12663105,0.44474956,1.0,0.075596035,0.018634647,0.03924213,0.035558883,0.014192728
0.03788508,0.1302032,0.05714934,0.10519573,0.09665874,0.31755516,1.0,0.11674061,0.009892113,0.02352365,0.032896508,0.01678857
0.037575893,0.13652804,0.06830608,0.10367572,0.09804109,0.2523705,1.0,0.14601043,0.01195496,0.021329049,0.027436862,0.015592938
0.060994096,0.19225231,0.07451196,0.13120924,0.09370427,0.29556,1.0,0.12650457,0.016837874,0.034991648,0.028031515,0.019738503
0.051048458,0.21346824,0.075337656,0.1575291,0.10725414,0.22990267,1.0,0.18567216,0.013614155,0.035175256,0.033121947,0.020641128
0.041034292,0.24497989,0.13965012,0.1753724,0.12629308,0.18965262,1.0,0.28880605,0.018361261,0.030288681,0.030278511,0.018418364
0.03530231,0.3338448,0.20847279,0.13550375,0.14855696,0.15127808,1.0,0.42938554,0.022206562,0.02314085,0.029701294,0.018934762
0.06825004,0.28921363,0.08470993,0.1510752,0.18810213,0.28333458,1.0,0.19852458,0.015745332,0.027448196,0.05031027,0.014118686
0.10795731,0.20831755,0.07309141,0.17882042,0.15429471,0.56797475,1.0,0.07030599,0.016594995,0.03250888,0.038764633,0.018491345
0.13603735,0.17606051,0.07689501,0.128102,0.0972087,0.83317626,1.0,0.04817123,0.019776968,0.034850433,0.025199974,0.018045487
0.106995,0.14794639,0.06288286,0.10297996,0.07168056,0.7573789,1.0,0.047167446,0.020756451,0.027985087,0.022361586,0.019958982
0.08456901,0.11836415,0.058368213,0.10984805,0.07898631,0.74280113,1.0,0.04503901,0.017224118,0.024912816,0.019871738,0.01791887
0.066694655,0.11821273,0.05113068,0.11520486,0.060057286,0.60016024,1.0,0.05954111,0.0104127,0.019917548,0.01415893,0.009507793
0.09337571,0.12356425,0.08971762,0.15446837,0.09197789,0.78562015,1.0,0.048951298,0.019573975,0.028860167,0.014531046,0.016516188
0.083918296,0.12401019,0.10134121,0.20130567,0.08350515,0.7546184,1.0,0.049019605,0.020117829,0.033352926,0.0127755385,0.0144862775
0.09028467,0.14471118,0.06652678,0.13233225,0.0642871,0.74486744,1.0,0.044575326,0.013963111,0.025545169,0.013585931,0.010589107
0.100015506,0.13750626,0.073220834,0.11263551,0.054386027,0.7880859,1.0,0.04313934,0.01885209,0.023569878,0.009443585,0.012782966
0.10859102,0.062718146,0.052766666,0.053778682,0.09951677,1.0,0.5326357,0.016790492,0.015643582,0.01172629,0.006452497,0.015725655
0.08527971,0.023676308,0.039102465,0.029585063,0.15035266,1.0,0.22008061,0.0062714047,0.013971759,0.0075933067,0.004999984,0.016495528
0.09260031,0.018471403,0.046021204,0.040624313,0.2097099,1.0,0.16339436,0.006614529,0.014135086,0.007622369,0.0036271112,0.023692587
0.13866732,0.027544744,0.054922372,0.05007568,0.59337145,1.0,0.094581835,0.029939564,0.04297303,0.015358098,0.01793749,0.10507231
0.18932447,0.06454794,0.08201625,0.100258544,1.0,0.79691464,0.05284234,0.06743769,0.06459721,0.027267044,0.048278823,0.20109858
0.22675584,0.09266328,0.16144538,0.13472721,0.9224478,1.0,0.09009297,0.057845805,0.06831024,0.037645683,0.049347844,0.15890013
0.1727142,0.06910525,0.17504834,0.11621012,0.30591092,1.0,0.14786157,0.015157163,0.036916252,0.025724616,0.016539691,0.048863348
0.12330109,0.04977261,0.14773615,0.086059645,0.2261407,1.0,0.14544418,0.008748179,0.028753988,0.016015278,0.012736041,0.036899675
0.09872794,0.032356586,0.12732622,0.06265478,0.26824296,1.0,0.12471553,0.0069854204,0.021706553,0.010601193,0.009174728,0.03338399
0.1065454,0.035873037,0.138205,0.089552596,0.6053388,1.0,0.08008853,0.013604191,0.02910746,0.011950873,0.013122783,0.071207106
0.06942804,0.0501225,0.10453422,0.13432993,1.0,0.62862056,0.03115554,0.032697096,0.031637948,0.014951803,0.023442943,0.123820454
0.0566692,0.05387293,0.07616317,0.14495085,1.0,0.39400166,0.020295033,0.040669657,0.028285079,0.009846676,0.021938207,0.13676566
0.08657349,0.05416498,0.084542766,0.11399258,1.0,0.54111415,0.023558177,0.039074697,0.03662373,0.011354117,0.022427859,0.13498214
0.11511099,0.07392965,0.13228838,0.112565696,1.0,0.7520625,0.029819252,0.034633547,0.044753928,0.016890693,0.024878189,0.1287101
0.10290225,0.10574257,0.18877469,0.11663914,1.0,0.9020648,0.035780203,0.038148228,0.0595202,0.0202742,0.03403371,0.101894945
0.10781175,0.15266977,0.28920156,0.13437295,1.0,0.96750367,0.04096257,0.040634636,0.068340346,0.01836818,0.039787605,0.097660445
0.09616314,0.15427424,0.2890864,0.13702947,1.0,0.8301849,0.035002027,0.037635423,0.055957977,0.014253317,0.032361448,0.116597325
0.05468771,0.11069287,0.15029396,0.13258445,1.0,0.44221348,0.02071501,0.035894655,0.031473346,0.008725661,0.020622578,0.11884413
0.03014393,0.088403955,0.07380547,0.19932382,1.0,0.23655829,0.016118247,0.03112022,0.0150690265,0.0061277496,0.02275828,0.106512964
0.021202568,0.08949751,0.069183335,0.2881933,1.0,0.16682588,0.015646515,0.03599458,0.015460208,0.006073843,0.03019806,0.092554
0.023815146,0.10778913,0.111128084,0.37339061,1.0,0.13912682,0.015949508,0.042700667,0.017198568,0.0069604507,0.042689327,0.10488588
0.029305344,0.12168615,0.12884249,0.44559625,1.0,0.1317916,0.024791261,0.074436784,0.027814522,0.012165101,0.081016906,0.13689424
0.052966148,0.20346497,0.12217573,0.5065144,1.0,0.18046878,0.044118058,0.12675579,0.029859034,0.017431939,0.089533485,0.1604034
0.062324837,0.23055853,0.17349763,0.6276574,1.0,0.17408094,0.037745427,0.11477337,0.030353671,0.018870452,0.105524875,0.18193312
0.042655922,0.1534666,0.13800079,0.82393086,1.0,0.10094881,0.024336673,0.06603657,0.015304818,0.0127835525,0.10109571,0.14202008
0.03148963,0.1272657,0.13260448,1.0,0.9295095,0.07225238,0.023269627,0.04995621,0.010316722,0.01053822,0.09312765,0.095525205
0.03268994,0.1519633,0.13102841,1.0,0.9166135,0.07150724,0.022121334,0.049763836,0.010504238,0.009766967,0.07907588,0.07546252
0.06484168,0.2198274,0.13970618,1.0,0.9002423,0.07126455,0.02867806,0.069350734,0.016284691,0.01531709,0.1092487,0.09997948
0.10761917,0.26098302,0.1642518,1.0,0.7864542,0.060834218,0.04358967,0.086923584,0.019264378,0.026374709,0.14272866,0.10448505
0.10827827,0.2529241,0.16976288,1.0,0.76575494,0.077164,0.055581238,0.08698166,0.022009984,0.030417018,0.14333093,0.10467142
0.08464594,0.3315374,0.14722873,0.67894876,1.0,0.14561628,0.036494598,0.06565316,0.020267405,0.02206074,0.07970507,0.11951733
0.068642706,0.36634648,0.18259375,0.4523847,1.0,0.13658908,0.01892862,0.058866184,0.017551098,0.014032375,0.041493,0.09759176
0.058637463,0.27459523,0.22268762,0.44376463,1.0,0.107774414,0.017611532,0.05489432,0.018244183,0.016804416,0.039856546,0.094121724
0.07417394,0.24914114,0.24828696,0.59666866,1.0,0.08711872,0.02305527,0.060324855,0.02095728,0.021125913,0.07367003,0.11955998
0.09812737,0.2577338,0.22790933,1.0,0.94040924,0.0673551,0.038723134,0.060354624,0.020239409,0.020287318,0.11814077,0.11216535
0.114652686,0.19698593,0.19796742,1.0,0.51148444,0.0543197,0.03983157,0.04115958,0.014845027,0.025362115,0.11270809,0.06122635
0.16967358,0.20480269,0.17468286,1.0,0.31611905,0.042831723,0.044622567,0.032906134,0.0077540088,0.025891587,0.097885214,0.03963398
0.20228542,0.20451242,0.1745128,1.0,0.26970124,0.027608529,0.04265244,0.027497467,0.006094535,0.020197209,0.07397506,0.028201846
0.19422239,0.17097689,0.26300034,1.0,0.21496889,0.030505171,0.056546815,0.029427543,0.0096433,0.03304639,0.06903861,0.024976766
0.19231054,0.11414956,0.3620548,1.0,0.1476567,0.035415187,0.06576124,0.028241621,0.009475541,0.048137236,0.07873155,0.025990067
0.24428,0.21530643,0.25100043,1.0,0.19100538,0.022332262,0.039445076,0.02211969,0.0061853984,0.026233982,0.06991581,0.029126054
0.1809962,0.24845564,0.16499457,1.0,0.2812104,0.019003931,0.016649976,0.016064972,0.004963896,0.012447227,0.06634873,0.03126357
0.34103638,0.6400956,0.21503042,1.0,0.26641837,0.018714795,0.026217408,0.039857294,0.008158142,0.024479413,0.08219903,0.029394655
0.8648038,0.96684676,0.5088024,1.0,0.1385647,0.03722239,0.089862846,0.082421504,0.015240048,0.07586091,0.13137233,0.05619328
0.9722845,0.7319544,1.0,0.98530895,0.12651838,0.08661929,0.20783725,0.09026152,0.036742903,0.20507412,0.18367949,0.18262811
0.80530524,0.5669635,0.725713,1.0,0.09076291,0.05400638,0.10823995,0.05605716,0.021540608,0.10946662,0.14706273,0.13884838
1.0,0.7968117,0.5302037,0.72037935,0.06659594,0.034444213,0.0991494,0.07870373,0.014435713,0.092352994,0.15201862,0.084946625
1.0,0.7933881,0.41213787,0.7675068,0.11466361,0.0395561,0.10850369,0.08022365,0.015508553,0.085749276,0.15336671,0.10325212
1.0,0.9197525,0.43005124,0.8321985,0.1036208,0.031847086,0.10304274,0.073688515,0.022093741,0.09744576,0.1441886,0.08354402
0.92878515,0.7046618,0.7275133,1.0,0.12326137,0.0634804,0.18735978,0.06466218,0.04170602,0.1690078,0.1611275,0.18405773
0.6624929,0.33093515,0.36349505,1.0,0.16536523,0.03478341,0.10458277,0.038732827,0.019309891,0.06487694,0.12341748,0.12572172
0.7466424,0.38064528,0.3616201,1.0,0.13248353,0.02357465,0.07557257,0.036295224,0.010449045,0.04680431,0.102611646,0.0825473
0.9096491,0.6379114,0.54230523,1.0,0.0884798,0.024895152,0.06512086,0.044901464,0.010620732,0.063428104,0.10503831,0.08325434
1.0,0.60278976,0.5871275,0.7465486,0.053319193,0.0246972,0.072034255,0.043723065,0.012568111,0.07416772,0.08831841,0.09473474
0.8774661,0.6138476,1.0,0.7963253,0.0651182,0.043707717,0.09677168,0.04154539,0.025301544,0.109289564,0.087417945,0.13402894
0.77657247,0.50271416,1.0,0.8325832,0.06307978,0.037973147,0.092932604,0.045738127,0.019681724,0.09821614,0.08065769,0.12830259
1.0,0.5902496,0.7887577,0.7982528,0.060644485,0.025842762,0.08310641,0.050286308,0.013495547,0.082603954,0.095553346,0.121960044
1.0,0.7466108,0.52603406,0.99719805,0.10963092,0.021314647,0.054986224,0.045964487,0.010506628,0.061516263,0.12895511,0.089575574
0.74126995,0.6786525,0.41119662,1.0,0.124515645,0.01775009,0.05473397,0.046932805,0.009694696,0.052531447,0.121990375,0.06607312
0.6341085,0.6404783,0.42229158,1.0,0.11082624,0.014108115,0.034156803,0.034535587,0.009181957,0.047713578,0.10721884,0.05877888
0.6718858,0.5245617,0.4866802,1.0,0.09282778,0.018062346,0.04059773,0.029926231,0.0070892344,0.050331924,0.098610796,0.059958573
1.0,0.5461324,0.67917293,0.9864032,0.06463141,0.020860177,0.05508951,0.03447752,0.007470708,0.07282686,0.09460295,0.08055741
1.0,0.37109712,0.79714805,0.68315434,0.033155914,0.02145808,0.06998698,0.03348326,0.007958562,0.08434466,0.06689749,0.10372869
0.79276747,0.30524987,1.0,0.45490596,0.023985552,0.03875426,0.08770132,0.0258209,0.020407166,0.11214419,0.047505997,0.15890662
0.5953704,0.28677174,1.0,0.29289335,0.019459609,0.046893623,0.08129528,0.017354107,0.027232103,0.12320516,0.03996201,0.19598101
0.5264852,0.23447153,1.0,0.28917783,0.019062825,0.046959683,0.074956395,0.01477135,0.025461702,0.12662405,0.041575328,0.19103563
0.51022947,0.17074245,1.0,0.36438093,0.018895458,0.03285585,0.05495893,0.010948511,0.0139680635,0.115691125,0.04792617,0.15881194
0.5520763,0.16075128,1.0,0.6324814,0.028697541,0.022630546,0.049757794,0.0146404095,0.008638165,0.10189181,0.065767154,0.13073939
0.78918016,0.22228152,1.0,0.72366184,0.03482946,0.02410403,0.06572975,0.023781681,0.011000838,0.119791746,0.082925044,0.15537076
0.944197,0.34805843,1.0,0.9255781,0.05134009,0.027508695,0.08052267,0.03257778,0.012209788,0.119097106,0.11487343,0.16272542
0.98590386,0.29834563,1.0,0.61817044,0.03127334,0.026877424,0.09033338,0.027122622,0.019276807,0.14993551,0.08086336,0.18378662
0.7701735,0.21533258,1.0,0.29272386,0.016584523,0.031478252,0.10524545,0.017582564,0.027518902,0.17578952,0.0470421,0.25535148
0.64311147,0.25701603,1.0,0.18721442,0.015369379,0.046848252,0.11076493,0.013757837,0.036801845,0.19980392,0.042230107,0.31696928
0.42861092,0.21970275,1.0,0.18359199,0.015014483,0.03253229,0.07682016,0.008336983,0.031666145,0.18110171,0.035467476,0.24047254
0.6416248,0.22094305,1.0,0.23085204,0.016279928,0.036851663,0.08588346,0.012604489,0.03279428,0.18046361,0.042156313,0.25351015
0.64851105,0.28692517,1.0,0.19519274,0.02172634,0.061924316,0.096319765,0.012655075,0.054422118,0.21543996,0.04485715,0.33260655
0.4250587,0.31278837,1.0,0.16249686,0.036611747,0.042456027,0.055731677,0.007240227,0.061313298,0.25213125,0.04380572,0.21893264
0.3965713,0.23292279,1.0,0.1900466,0.032048415,0.029017467,0.055401947,0.0076539516,0.044849608,0.26429296,0.05773443,0.1924265
0.29892528,0.15575299,1.0,0.28305203,0.014700316,0.022253089,0.04000818,0.0065045385,0.021375827,0.2069761,0.064819574,0.11597265
0.24643447,0.16581348,1.0,0.34497467,0.022454007,0.044118054,0.061192345,0.008391927,0.03048618,0.19127662,0.06664018,0.11649073
0.31980914,0.15787064,1.0,0.40556738,0.028122168,0.04404099,0.06448642,0.008927378,0.0301525,0.15587679,0.05951844,0.1695319
0.31124747,0.22586912,1.0,0.27581304,0.03656243,0.066754736,0.07846239,0.010360062,0.070216194,0.20245604,0.051431205,0.23432575
0.33605862,0.38056645,1.0,0.14064817,0.05258537,0.11053158,0.082382925,0.011484419,0.13482477,0.32265434,0.058940336,0.36741772
0.43132487,0.48849759,1.0,0.10610989,0.0665294,0.1447093,0.10661264,0.010350728,0.19226615,0.4110026,0.056852814,0.47832775
0.41441867,0.43301496,1.0,0.103002295,0.056046914,0.08468053,0.07146358,0.0092159705,0.13252473,0.355175,0.05257646,0.4365206
0.30408683,0.49095973,1.0,0.11697534,0.059650097,0.092114076,0.07219359,0.013131384,0.18543193,0.36170676,0.051435087,0.32720065
0.47783366,0.2852671,1.0,0.23410022,0.044967387,0.08684225,0.085336685,0.015076389,0.106723994,0.3110622,0.08272644,0.46921077
0.77831525,0.20253249,1.0,0.44959798,0.032486614,0.05056851,0.094510704,0.018992504,0.059336156,0.2835001,0.106644556,0.35452095
0.6612303,0.18656327,1.0,0.46009105,0.028581109,0.052377466,0.11204949,0.022078915,0.05606237,0.3053315,0.110520676,0.30252025
1.0,0.2365697,0.8855577,0.1898183,0.0166943,0.06310821,0.14367856,0.021204377,0.081786215,0.34199557,0.078126974,0.5516245
1.0,0.31258056,0.987807,0.13641657,0.018174933,0.08226884,0.13725644,0.017699601,0.12910578,0.4181684,0.07667132,0.7480889
0.6011097,0.30726042,1.0,0.13267331,0.01871512,0.033468854,0.060636006,0.008495544,0.10065357,0.36831748,0.06069854,0.48252162
0.22052188,0.53311825,1.0,0.12379782,0.051950295,0.045719385,0.028008832,0.011109695,0.3001626,0.484409,0.0532185,0.3162774
0.25038567,1.0,0.7150602,0.09024764,0.09098831,0.115724444,0.02721114,0.046418928,0.7301949,0.5712702,0.06271197,0.502104
0.21348043,1.0,0.47149602,0.054264434,0.07511911,0.20551169,0.035672344,0.07596772,0.80060786,0.32925487,0.06808815,0.36132184
0.375359,0.9962151,0.872191,0.08900461,0.08526819,0.23757401,0.05746842,0.061557017,0.6009332,0.50082964,0.20317802,1.0
0.30550227,0.87525886,1.0,0.09878184,0.056780353,0.14206578,0.044094205,0.040195614,0.4214215,0.44470552,0.15931226,0.8943487
0.28981918,0.69522935,0.9930954,0.08246238,0.038126882,0.11302978,0.04205462,0.028296944,0.32125887,0.41721922,0.15500355,1.0
0.29426685,0.8468017,0.8958476,0.07317008,0.042981405,0.13229507,0.040868256,0.04927237,0.44745016,0.43672338,0.18125331,1.0
0.2785662,1.0,0.6341967,0.059959207,0.059926387,0.1373555,0.031022668,0.07875164,0.56501645,0.31361923,0.22124979,0.9855796
0.3533856,1.0,0.32024318,0.047240864,0.11596611,0.13004005,0.016210634,0.22151992,0.702972,0.1587378,0.17980208,0.5420521
0.46822292,0.93621254,0.13603286,0.033502437,0.15592921,0.13254032,0.01722577,0.4194395,1.0,0.10559953,0.28754073,0.2819535
0.7743308,1.0,0.082288936,0.029452011,0.10968822,0.053262576,0.019533902,0.5619114,0.8226179,0.06157328,0.16461347,0.1708965
0.5267887,1.0,0.10960145,0.03823291,0.14704917,0.06332259,0.024234068,0.38246027,0.66034174,0.08734451,0.24161355,0.31908014
0.32532242,1.0,0.17417154,0.05084559,0.14529602,0.08573727,0.031069063,0.2098512,0.6147001,0.13477884,0.2762251,0.4100728
0.3013563,1.0,0.19902603,0.061922822,0.16612948,0.12394131,0.034364372,0.25466132,0.6881506,0.15733927,0.345575,0.35836864
0.48176113,1.0,0.14271308,0.07903579,0.23072198,0.12168171,0.040137887,0.43348062,0.87201864,0.15146887,0.30576319,0.29576913
0.9655672,1.0,0.10215586,0.12093363,0.3168347,0.10110659,0.08278,0.81542015,0.9219246,0.1237919,0.31577396,0.33683774
1.0,0.64490056,0.07498884,0.13538757,0.2600824,0.04826942,0.11872104,0.8402418,0.5767367,0.07694399,0.22448322,0.24207932
1.0,0.5623698,0.059827153,0.16125615,0.26150876,0.04597279,0.12558839,0.7800746,0.5309806,0.07771128,0.17981665,0.24962382
1.0,0.4742629,0.060557954,0.17922126,0.23567672,0.048731953,0.16805527,0.80216104,0.45534125,0.098971695,0.1268048,0.37044242
1.0,0.38238245,0.07351712,0.24810308,0.23351808,0.048464976,0.20106299,0.99603844,0.4643082,0.09762132,0.13812192,0.36781275
0.97454643,0.5732948,0.114611134,0.20364979,0.1837927,0.07558955,0.15073292,1.0,0.559036,0.07777178,0.13135993,0.25374758
1.0,0.59206825,0.067933716,0.107654124,0.073712155,0.032614443,0.060234424,0.63214386,0.42395607,0.0564498,0.07031467,0.14093655
1.0,0.30095538,0.030318003,0.03942096,0.03026419,0.055548448,0.1710737,0.43563193,0.15387039,0.041180104,0.14560296,0.50880057
0.5151283,0.09128725,0.04042552,0.06717706,0.139877,0.25941715,0.33379972,0.26394162,0.13794988,0.20056865,0.56661016,1.0
0.28288773,0.204636,0.31532222,0.4361067,0.5001275,0.5802323,0.5976693,1.0,0.9886036,0.70485055,0.7834057,0.7591193
1.0,0.40502396,0.27814826,0.41817454,0.5526579,0.96806574,0.7685168,0.7906247,0.45485157,0.3671739,0.3583008,0.8186144
1.0,0.69996715,0.4344983,0.4014346,0.26750493,0.4292924,0.33989388,0.427977,0.33980003,0.28443766,0.32957625,0.93301344
0.28834632,0.2826197,1.0,0.98912597,0.13719063,0.09319437,0.2665083,0.6228014,0.7861293,0.2903435,0.19009973,0.33801988
0.21745604,0.25583485,0.6024084,0.92204684,0.16784525,0.060986776,0.21854378,0.5053883,1.0,0.45602652,0.19342755,0.16861269
0.42428052,0.7651269,0.28635266,0.32832006,0.16013113,0.13275807,0.45138767,0.657912,0.86612976,1.0,0.8011845,0.16097991
0.58994156,0.83966815,0.2956936,0.23029071,0.2160407,0.1984347,0.44098493,0.7936504,0.79898405,1.0,0.95611554,0.20880671
0.9195944,1.0,0.2710853,0.34108302,0.32488438,0.27002195,0.47713307,0.86798865,0.8727543,0.8906656,0.64020395,0.41044757
1.0,0.9309402,0.21269089,0.12002138,0.1133508,0.16421619,0.22460768,0.2737454,0.33165,0.24805696,0.16310638,0.31630942
1.0,0.86749226,0.1983103,0.10394837,0.13202903,0.12808514,0.24893877,0.23298372,0.17645304,0.15773056,0.19902949,0.47946942
1.0,0.8760976,0.21085677,0.1158404,0.19773299,0.14302814,0.21395662,0.37336624,0.34842408,0.24465531,0.28046778,0.6622319
0.63296366,0.54776955,0.13936496,0.13271493,0.18999623,0.08104283,0.15077895,1.0,0.75935537,0.20393741,0.15967773,0.39277238
0.34414452,0.25061125,0.06714919,0.0970676,0.14275753,0.03808887,0.079359815,1.0,0.69613403,0.14899686,0.086791664,0.19574068
0.9519851,0.86622727,0.13559487,0.052784365,0.053839635,0.034625843,0.09371308,1.0,0.5523197,0.09492619,0.19203135,0.44720376
0.84726524,1.0,0.17354736,0.04138056,0.06576942,0.030511342,0.049286142,0.6571033,0.36665547,0.05239028,0.12106271,0.26016945
0.8345242,0.8415654,0.14628415,0.04682204,0.0835313,0.06096336,0.08326221,1.0,0.85573405,0.13635531,0.099351935,0.31388265
0.9655871,0.6369197,0.11958491,0.07025921,0.108326234,0.18855682,0.11395662,0.82842,1.0,0.25334507,0.111929916,0.3741127
1.0,0.7304667,0.12748267,0.21459973,0.30976695,0.20513928,0.2031223,0.6678166,0.53743017,0.2547466,0.19233657,0.47292766
1.0,0.86705273,0.17496328,0.24051873,0.3942874,0.11084883,0.20710945,0.6959687,0.43443742,0.24731235,0.18938783,0.4567058
0.6177223,0.41215038,0.12094747,0.1312404,0.16312282,0.09543061,0.22634819,1.0,0.511934,0.07725091,0.13834663,0.35250512
0.35133445,0.27739677,0.110295616,0.07249426,0.06293788,0.11232596,0.26831308,1.0,0.565463,0.12048041,0.18955855,0.35646245
1.0,0.3349751,0.1340264,0.13003801,0.10126864,0.14184952,0.15832557,0.5425818,0.48549843,0.31356144,0.31162253,0.8112662
1.0,0.49510965,0.12731455,0.07824146,0.058147926,0.048915926,0.08467925,0.5815829,0.3936107,0.19451873,0.11966848,0.5303272
1.0,0.50023884,0.15794761,0.11476156,0.10383178,0.045733195,0.13726702,0.78623605,0.60159105,0.18051042,0.13922888,0.6498918
0.9920847,0.59170014,0.20575368,0.15909933,0.17859395,0.04257411,0.2035842,1.0,0.8139458,0.17022064,0.19153756,0.8369008
0.7088631,0.6466225,0.1712811,0.09377884,0.10910244,0.06532247,0.12368921,0.66985977,0.40848517,0.1242526,0.239954,1.0
0.46913916,0.31803486,0.17464222,0.07810159,0.15573333,0.09448292,0.10982526,0.78335005,0.530328,0.10319562,0.18149783,1.0
0.37604073,0.2140439,0.15050109,0.14932716,0.24947979,0.069576375,0.1629792,1.0,0.74223846,0.20085338,0.21626364,0.667541
0.789808,0.795014,0.48109505,0.35611436,0.2981578,0.15835872,0.27008656,0.98995745,1.0,0.6437905,0.3796242,0.45218235
0.665137,0.9043011,0.50710493,0.49456713,0.42384374,0.2692621,0.21185033,0.58557135,1.0,0.6290263,0.29475102,0.33944514
0.76342875,0.57518834,0.31517193,0.4430278,0.37070197,0.29892907,0.25549623,0.61363983,1.0,0.6564264,0.48123348,0.6296443
1.0,0.8397393,0.39904603,0.72063196,0.7401539,0.45090693,0.41083202,0.61201787,0.9232527,0.56184816,0.4245166,0.6556507
0.59275323,0.516421,0.43749002,0.7092631,0.6799181,0.64668864,0.70560575,1.0,0.9710161,0.45737484,0.23909478,0.38980144
0.261936,0.3177374,0.35114077,0.39384943,0.33861712,0.40815964,0.416025,0.8823861,1.0,0.3594799,0.17641577,0.17628005
0.22722153,0.18211128,0.2461463,0.29440007,0.34886336,0.29117566,0.26324865,0.60884386,1.0,0.5829204,0.22534448,0.22150677
0.2264524,0.1584885,0.29245815,0.46664345,0.636631,0.34557277,0.29886404,0.5626467,1.0,0.7463597,0.24694526,0.2850212
0.25531515,0.2023628,0.2985895,0.5077763,0.81520224,0.57424086,0.43248278,0.5790222,1.0,0.78507024,0.39732116,0.28268233
0.18615419,0.16634429,0.18498547,0.28475443,0.6041502,0.74054307,0.40900186,0.61241263,1.0,0.61731505,0.32059687,0.19204293
0.16078183,0.16683981,0.31789637,0.32084507,0.5714133,0.61008006,0.36667538,0.6378594,1.0,0.7194562,0.23360369,0.16309498
0.13424088,0.22920285,0.36124617,0.42815125,0.5832344,0.47454342,0.37570375,0.5673504,1.0,0.5982419,0.1498926,0.092133865
0.19571666,1.0,0.93534875,0.36649224,0.27466804,0.24160731,0.19502889,0.24651311,0.59118485,0.2954892,0.06447052,0.047594257
0.11715346,0.6829681,1.0,0.4041646,0.37419963,0.18191592,0.11213998,0.10747749,0.21413404,0.11940182,0.02604385,0.035855684
0.053544812,0.11917392,0.32966805,0.55761874,1.0,0.2527437,0.084458865,0.07703269,0.08716655,0.061464544,0.024828572,0.038202953
0.073837504,0.19985051,0.49122363,0.6130719,1.0,0.19017375,0.04019734,0.024526898,0.01815634,0.02564858,0.020642027,0.021118566
0.5221129,0.9129474,0.9217877,1.0,0.8107447,0.14021751,0.025710333,0.024675107,0.044563703,0.16194278,0.25943366,0.22200663
0.49958515,0.39054415,0.22099732,0.34069657,0.4913689,0.123398446,0.030544316,0.072515436,0.28977907,0.6915363,1.0,0.5321867
0.1886644,0.2066583,0.18891853,0.16016816,0.31815183,0.1445707,0.051317174,0.11248018,0.36566076,0.55009055,1.0,0.5499703
0.35164213,0.31509146,0.2187188,0.3527367,0.41465822,0.22509907,0.14487429,0.19904464,0.3262213,0.5329501,1.0,0.8772756
0.47757003,0.47339982,0.30761358,0.37817004,0.7344078,0.4546192,0.32888702,0.41563207,0.69566554,1.0,0.5865616,0.61958516
0.31336132,0.5054972,0.19175506,0.20419052,0.33079067,0.22418423,0.17840713,0.27829957,0.6551818,1.0,0.3839548,0.1459147
0.4271747,0.49942678,0.20152043,0.15093291,0.26501516,0.27027997,0.24867603,0.37279817,0.7784541,1.0,0.29278016,0.19548926
0.28657198,0.27729347,0.13564126,0.114922754,0.18877336,0.1286512,0.11071907,0.25359905,0.8405425,1.0,0.3248358,0.18301284
0.45542592,0.4520373,0.321606,0.19399913,0.21183044,0.14717892,0.12101738,0.22747798,0.8706404,1.0,0.755578,0.41630584
0.2717012,0.31851357,0.38347828,0.34469283,0.3061702,0.28727096,0.23913519,0.4224317,0.97005177,1.0,0.7014089,0.29766732
0.2095548,0.22543773,0.24535716,0.54139006,1.0,0.5331879,0.21309932,0.17537823,0.31926247,0.49676877,0.46495506,0.226997
0.04501738,0.06620061,0.086135626,0.6918266,1.0,0.3842952,0.1285873,0.055463128,0.017218541,0.012131386,0.04676492,0.0712344
0.006250165,0.006228669,0.015310794,0.2441007,1.0,0.59098184,0.0726597,0.004724932,0.0020817802,0.0010949153,0.015534947,0.029688701
0.0015141348,0.0004921415,0.005233845,0.16247465,1.0,0.65053165,0.046271916,0.0010581022,0.00051711354,0.00035736238,0.006942524,0.014204093
0.0017430331,0.00040775683,0.0020264133,0.082124665,0.9691592,1.0,0.07872119,0.0022312878,0.00067145994,0.00048994244,0.0029055602,0.0053441585
0.004883817,0.00096481404,0.0006975536,0.0155702215,0.37570158,1.0,0.19170186,0.009230414,0.0018814913,0.0029298218,0.0065540867,0.0052220463
0.025591267,0.004999834,0.0010864671,0.007019535,0.1497721,1.0,0.38564867,0.030872526,0.007393061,0.008394991,0.0152571695,0.017933618
0.10654592,0.02159903,0.0025509014,0.025756653,0.42834216,1.0,0.27209213,0.03056578,0.028637733,0.028705908,0.009845872,0.038399287
0.15484135,0.039793395,0.026317846,0.20027149,1.0,0.54902947,0.051017717,0.023398034,0.04395699,0.028078364,0.021395935,0.114088
0.10678502,0.060869403,0.14426373,1.0,0.8984537,0.10824431,0.023099538,0.050138395,0.050299246,0.032529578,0.107356966,0.1411543
0.041401867,0.04065947,0.42135093,1.0,0.2301793,0.01587312,0.041659813,0.027804768,0.023399534,0.061333004,0.09101668,0.05769949
0.060592856,0.18868719,1.0,0.98291326,0.10052758,0.026687283,0.11153045,0.06876067,0.080569744,0.2221455,0.18656579,0.050374262
0.48171467,1.0,0.64675426,0.37677163,0.16231517,0.099822186,0.09435553,0.10163966,0.20451994,0.29286507,0.26578498,0.14003293
1.0,0.7209925,0.098332144,0.02515444,0.051516052,0.050190687,0.021729562,0.0367502,0.043362968,0.02544899,0.043362755,0.28780296
0.9117875,0.32417983,0.092054464,0.09137378,0.104344405,0.1449866,0.060227614,0.058231015,0.06508143,0.097124055,0.3037607,1.0
0.4152205,0.21999662,0.22008808,0.31963274,0.3752375,0.5255055,0.2031259,0.13246532,0.15848404,0.30574918,0.769785,1.0
0.32137212,0.27628076,0.43557706,0.73364735,0.87046844,1.0,0.3754074,0.20732264,0.24285609,0.27632186,0.31083497,0.40532893
0.10532464,0.09036989,0.16633688,0.6209501,1.0,0.9292617,0.19695185,0.06204161,0.05595793,0.07811211,0.09149013,0.08033117
0.036195457,0.028803881,0.065445855,0.24807581,0.8314964,1.0,0.19361709,0.025176564,0.011799158,0.023695488,0.04008707,0.029045716
0.028518429,0.019835724,0.06003413,0.24283487,0.6908284,1.0,0.35467848,0.030649973,0.01553244,0.026798943,0.037015602,0.04089054
0.021421934,0.014108712,0.07047225,0.35324576,0.7194036,1.0,0.29302928,0.018936235,0.01541783,0.025585048,0.021491667,0.0206414
0.027619835,0.026454521,0.102335125,0.43148234,0.81999665,1.0,0.26501232,0.017182201,0.0154717,0.041329216,0.062381472,0.04183097
0.20703685,0.14515407,0.26787344,0.7392375,0.96908295,1.0,0.4654582,0.13775325,0.1274266,0.21958171,0.24904963,0.13606764
0.36236137,0.26964015,0.3542787,0.6606291,1.0,0.7166572,0.38254765,0.46224344,0.5454126,0.6388378,0.55846256,0.42980093
0.056711122,0.039710667,0.10801108,0.49286112,0.8302673,0.925126,0.8195998,1.0,0.76025265,0.23908967,0.08063393,0.075528085
0.004914906,0.0015257389,0.018580513,0.38560233,1.0,0.3063885,0.08085867,0.09399874,0.06882025,0.012137456,0.0049581258,0.012990989
0.011900704,0.0014246323,0.0055340724,0.25047603,1.0,0.28470108,0.01770284,0.00408774,0.0046672323,0.003250436,0.0077370596,0.0251123
0.03628969,0.017149951,0.004358877,0.108776435,0.9048449,1.0,0.20119013,0.020102574,0.015013951,0.009863592,0.019218072,0.06377617
0.06690764,0.030539032,0.0039990996,0.012459529,0.2184647,1.0,0.40479022,0.040825877,0.014886235,0.014431257,0.01244951,0.05384576
0.14832914,0.063530244,0.0063279015,0.0067618536,0.17039108,1.0,0.37552816,0.030816384,0.017099446,0.030327264,0.021572614,0.09661731
0.3007478,0.079088844,0.0069461544,0.025068652,0.52061045,1.0,0.17371124,0.018458648,0.04055973,0.0344191,0.06355124,0.36557782
0.43133104,0.09187619,0.010198274,0.072475255,1.0,0.86155987,0.060140483,0.03216519,0.07517327,0.04579138,0.18159279,0.7557827
0.3145534,0.05997258,0.00977624,0.10827972,1.0,0.58182317,0.036485888,0.045451958,0.06998722,0.02967262,0.16578583,0.55951
0.28803745,0.03813081,0.009369462,0.20393512,1.0,0.3077283,0.032819815,0.07468235,0.065820515,0.028301785,0.16207506,0.38525918
0.25798634,0.02807522,0.017308354,0.32558465,1.0,0.16555533,0.044728022,0.1276924,0.05373091,0.032034565,0.18467093,0.4119177
0.15178554,0.0165759,0.026892178,0.376973,1.0,0.15086776,0.029600479,0.11151469,0.03933742,0.02830247,0.15311047,0.22552095
0.093432695,0.01649969,0.04659787,0.5053131,1.0,0.10853162,0.02863467,0.12001669,0.036146674,0.03873156,0.16899504,0.15285656
0.094214775,0.026535867,0.078121714,0.6384958,1.0,0.07342451,0.048695914,0.25499946,0.054996986,0.0577079,0.20540704,0.1850196
0.108500734,0.03312181,0.12155934,0.8009923,1.0,0.0587543,0.08797387,0.44620007,0.09448026,0.09079686,0.28745797,0.26184475
0.070458055,0.047903184,0.1942918,1.0,0.60719246,0.037508808,0.16619623,0.39433572,0.13391523,0.16265133,0.48125887,0.2989972
0.035004612,0.06005892,0.2310628,1.0,0.2862685,0.025408337,0.18519509,0.24138978,0.13850027,0.18271086,0.48170924,0.20848332
0.043635763,0.0497145,0.1770695,1.0,0.43752408,0.024743522,0.21053259,0.29562038,0.084207684,0.13252184,0.31058502,0.18507148
0.068773285,0.062655345,0.1610999,1.0,0.6063955,0.033262227,0.30076745,0.42355105,0.0865015,0.17722282,0.2713263,0.23074085
0.09602893,0.05818471,0.12840982,1.0,0.85144705,0.06727416,0.27773055,0.43117216,0.13053538,0.21598665,0.30380738,0.302543
0.062139973,0.020488305,0.084332414,0.9655619,1.0,0.09306455,0.11283588,0.3007639,0.15189725,0.27338403,0.35181147,0.23156017
0.021665867,0.029332329,0.27226514,0.90565014,0.4840992,0.04843506,0.030585324,0.07470324,0.07237866,0.31353998,1.0,0.26464707
0.035156127,0.13410679,0.4696134,0.3525301,0.06865621,0.0094844615,0.012191514,0.02303633,0.032750748,0.24635372,1.0,0.2962994
0.15446806,0.6817058,1.0,0.13425456,0.056200415,0.025857551,0.019004041,0.030877443,0.06467701,0.22853845,0.27148533,0.19625345
0.08565249,0.37683016,1.0,0.38421908,0.085481815,0.019583633,0.014990273,0.028234646,0.05485072,0.123244986,0.07154034,0.03272855
0.06730776,0.12158482,0.5035215,1.0,0.5914588,0.08732766,0.052632358,0.041882187,0.0420875,0.086930566,0.14225766,0.06717788
0.06657925,0.08049034,0.052445322,0.2942316,1.0,0.4573449,0.10576744,0.029238855,0.01289104,0.01724828,0.08158488,0.14931358
0.049345262,0.051300146,0.03423366,0.29405397,1.0,0.40356365,0.08673771,0.028879484,0.015292221,0.025104634,0.15911789,0.24853072
0.40317816,0.23501723,0.095963545,0.723784,1.0,0.26434594,0.15090378,0.08790347,0.048752137,0.17755729,0.98933345,0.7987978
0.5265395,0.2698295,0.112419866,0.33796367,0.14355181,0.12687404,0.088526,0.06283054,0.025373902,0.20567797,1.0,0.4477407
0.8067933,0.4016728,0.14845297,0.26270503,0.06975135,0.06366612,0.06818968,0.05969188,0.024409952,0.22567551,1.0,0.3945175
1.0,0.6394909,0.17873135,0.33925894,0.09869404,0.025284968,0.090549834,0.08906723,0.02385791,0.21800247,0.95244884,0.35219595
0.9592036,1.0,0.3362168,0.8599338,0.23601304,0.033263486,0.16245845,0.17140199,0.028929282,0.19675943,0.8834327,0.30327985
0.16086552,0.17091945,0.30839202,1.0,0.21075973,0.016632408,0.086460866,0.08175291,0.015476981,0.079891056,0.37359527,0.08751064
0.036021404,0.035659257,0.18209602,1.0,0.42980462,0.019618748,0.03781153,0.03960502,0.008916183,0.022287564,0.11347028,0.039013453
0.03017089,0.050895844,0.12238414,1.0,0.7950472,0.09448277,0.053499173,0.07198878,0.022073671,0.013424968,0.067886606,0.04772157
0.05239493,0.09565103,0.1811758,1.0,0.7887689,0.3593287,0.30097765,0.58963394,0.1170218,0.05214931,0.16726804,0.10485711
0.043404307,0.080081336,0.2348476,0.49267888,0.16974802,0.21875668,0.5749632,1.0,0.10887165,0.079266645,0.14850184,0.04927497
0.04438733,0.27949727,1.0,0.5648267,0.14412805,0.11896499,0.73324,0.8187752,0.07333748,0.09217833,0.11297968,0.0283764
0.008595861,0.11082408,1.0,0.86862063,0.08524714,0.0257639,0.1450496,0.07562189,0.020018768,0.05219638,0.033599187,0.004618668
0.004077794,0.059610527,0.8841278,1.0,0.07810162,0.014893527,0.10948653,0.07033049,0.018643567,0.061164763,0.04411202,0.0049567167
0.0027384427,0.027076118,0.58949184,1.0,0.12466471,0.014302364,0.065731905,0.080170125,0.014924448,0.032970432,0.032003652,0.0045271493
0.0014580442,0.012732464,0.41563258,1.0,0.17275009,0.015332494,0.045123402,0.08759332,0.012366455,0.024627892,0.03335713,0.004028408
0.0011743841,0.007090034,0.31768534,1.0,0.22583954,0.019103019,0.036721997,0.090975344,0.013389518,0.02155424,0.031992085,0.004686136
0.0011793539,0.013917838,0.4213731,1.0,0.1845586,0.026838839,0.032347813,0.0699565,0.009909966,0.020543143,0.030299593,0.0040066014
0.0014734343,0.032849915,0.6714901,1.0,0.11218751,0.028408095,0.02474119,0.03571149,0.0081750415,0.03301233,0.035966333,0.0029324729
0.0017180052,0.06696893,0.9257019,1.0,0.09110616,0.027547885,0.013257887,0.014384324,0.008726243,0.048129633,0.03764414,0.0020538946
0.002298143,0.099416,1.0,0.76528764,0.062942594,0.024454825,0.0081351055,0.007597062,0.0091916425,0.055359043,0.028788626,0.0014126915
0.002619662,0.13072959,1.0,0.59038955,0.051244866,0.02464924,0.006384011,0.0044554253,0.009038649,0.05596043,0.025318442,0.0010252228
0.0031382383,0.1327073,1.0,0.5432402,0.055196933,0.027296634,0.007651357,0.0039720894,0.009678257,0.058068797,0.021930784,0.0009585143
0.002493099,0.12215403,1.0,0.646495,0.07301263,0.03313414,0.00940913,0.004671012,0.008474535,0.048092645,0.021455776,0.0010313247
0.0021011448,0.11315893,1.0,0.66375476,0.07264574,0.031451948,0.011878753,0.006862736,0.0081437845,0.04267093,0.016967082,0.0009650892
0.0023736125,0.099020034,1.0,0.74811643,0.07633551,0.0300004,0.021644425,0.013323585,0.00892989,0.036731753,0.01566103,0.0010507992
0.007955197,0.07245051,0.7678709,1.0,0.1913554,0.03210247,0.059372805,0.043495763,0.010361947,0.029666087,0.026846867,0.0073395483
0.067798525,0.0667672,0.42407852,1.0,0.3504988,0.075180925,0.07907983,0.05582978,0.022883236,0.098788835,0.21714164,0.14572005
0.4377555,0.29411536,0.81259865,1.0,0.3493804,0.20819548,0.18579558,0.12024878,0.04816189,0.3070207,0.7385552,0.80310965
0.6966421,0.44345006,0.96397567,1.0,0.26583207,0.22042938,0.20331979,0.16395964,0.039166905,0.22396605,0.4366505,0.34796974
0.62456197,0.27445686,1.0,0.45950708,0.1580699,0.0924899,0.15325572,0.05224379,0.029055506,0.16050406,0.13987753,0.21393394
0.5456271,0.22082332,1.0,0.24196315,0.123262346,0.061220486,0.12986274,0.022856731,0.03741221,0.17531326,0.078291334,0.25557932
0.5015133,0.24154249,1.0,0.18275198,0.09800628,0.059952065,0.122549236,0.01646324,0.043128826,0.18086378,0.0656324,0.30491886
0.42503673,0.29144514,1.0,0.17487328,0.08484121,0.07331651,0.17663777,0.027445884,0.057275597,0.23179162,0.12496937,0.2717477
0.35712862,0.31628326,1.0,0.2897807,0.08146655,0.07647614,0.2011221,0.054840047,0.05875435,0.24915773,0.18455517,0.2682801
0.28933337,0.35121313,1.0,0.7134818,0.1353782,0.07946839,0.30262363,0.18119842,0.077902466,0.25597733,0.30440733,0.38327536
0.26059085,0.37328246,1.0,0.91411,0.1567103,0.12260796,0.34678957,0.22821312,0.10898229,0.31277213,0.51242495,0.520546
0.14402081,0.2631063,1.0,0.56580985,0.10735003,0.14984058,0.20372395,0.122329876,0.08448249,0.20392554,0.30191964,0.18894826
0.14858493,0.39838222,1.0,0.30253404,0.103125036,0.20997658,0.20212124,0.08684928,0.12478208,0.175213,0.23735422,0.19260754
0.16156565,0.72054344,1.0,0.2033136,0.13678929,0.20478773,0.10759283,0.07313636,0.13789387,0.17034453,0.21199185,0.15220518
0.15051834,1.0,0.54161793,0.08312684,0.052885663,0.058792084,0.027706658,0.026067324,0.07292456,0.06354612,0.077639945,0.061053034
0.27414104,1.0,0.19971885,0.020773241,0.016566414,0.019902794,0.007498626,0.019240065,0.061559048,0.02244552,0.04566284,0.045502093
0.43725368,1.0,0.090346865,0.01141204,0.009338818,0.011420919,0.003918435,0.02526767,0.06692397,0.013646652,0.05482028,0.045194555
0.3909419,1.0,0.100624055,0.008331303,0.006031586,0.008377623,0.0018595252,0.024013706,0.07069452,0.008618376,0.02627985,0.029681241
0.6548951,1.0,0.071671605,0.0047138175,0.0088522555,0.007870139,0.0029275308,0.07454646,0.10351156,0.007637462,0.025855675,0.03271865
0.927462,1.0,0.0594134,0.005307169,0.011200078,0.007797347,0.004904269,0.12796748,0.1392707,0.0099916505,0.031426676,0.043507185
0.41500413,1.0,0.2726988,0.027114447,0.005475977,0.005862536,0.0024477607,0.03735984,0.068810105,0.010730861,0.00742396,0.017099611
0.14345747,1.0,0.7871931,0.21123531,0.026859272,0.0063417326,0.0037584875,0.007805712,0.025585774,0.014322647,0.0058185076,0.0065641385
0.123015605,0.5398457,0.74271196,1.0,0.39745647,0.06019494,0.0322304,0.029354319,0.0404458,0.05204921,0.051188447,0.035636447
0.2207075,1.0,0.6929713,0.5291824,0.21580744,0.08906735,0.042898268,0.052119695,0.08787708,0.1351942,0.07971121,0.06456385
0.36990663,1.0,0.44216785,0.16174398,0.026455265,0.017930886,0.018153878,0.030611714,0.054355364,0.060959056,0.04099709,0.03282174
0.4121872,1.0,0.24249543,0.06975185,0.018968917,0.009136806,0.008710156,0.01979878,0.03292843,0.03326035,0.018337546,0.017292304
0.527713,1.0,0.29491568,0.12518826,0.08322894,0.11309258,0.13080199,0.16853386,0.18279292,0.16727619,0.0636901,0.08713084
0.5223859,1.0,0.54078233,0.21320756,0.13718554,0.23400863,0.2851444,0.36060983,0.35349286,0.40893456,0.1567288,0.13535759
0.53751284,1.0,0.8354844,0.40723357,0.26797217,0.41647968,0.53232205,0.8300447,0.939823,0.93080145,0.42420578,0.21010385
0.5277384,1.0,0.6944683,0.4233089,0.43140087,0.5258738,0.50711125,0.85944974,0.8669774,0.71569073,0.45023847,0.22089875
0.51651376,1.0,0.30071336,0.14642592,0.15012385,0.14476414,0.14064744,0.14083226,0.13904154,0.10942876,0.08480003,0.05891188
0.5859019,1.0,0.23899128,0.12007613,0.09456077,0.092344634,0.13823818,0.16857763,0.15306298,0.08757333,0.057043187,0.045295417
0.39121494,1.0,0.813332,0.3997042,0.099999756,0.10515163,0.1164166,0.17533472,0.15103206,0.1395548,0.054862004,0.036046017
0.18388282,0.6614526,1.0,0.53212327,0.07140216,0.07728236,0.08836024,0.08643829,0.060893375,0.070575655,0.031289645,0.027870322
0.38767743,1.0,0.78886616,0.4481749,0.14687559,0.20345584,0.22064708,0.13441859,0.11103327,0.1487737,0.05927553,0.088117324
0.47043005,1.0,0.7398442,0.1338962,0.10207428,0.18812224,0.15374249,0.10858493,0.09867498,0.10730701,0.050142426,0.07881092
0.4044047,1.0,0.4850519,0.13460663,0.05437204,0.10543524,0.06305293,0.07918688,0.09931679,0.073969856,0.030245757,0.03089873
0.41731018,1.0,0.34353027,0.101710714,0.02949348,0.053510595,0.038130887,0.045166746,0.0533606,0.076836616,0.03952951,0.027709823
0.43385065,1.0,0.38921377,0.09896994,0.026599282,0.041899055,0.035947688,0.034453962,0.042720333,0.07308756,0.04728798,0.029326344
0.40016937,1.0,0.5490502,0.13266367,0.0212608,0.034506455,0.03134206,0.032774575,0.05774741,0.09357654,0.029393237,0.028085442
0.38196832,1.0,0.6872683,0.32306945,0.0422325,0.04612624,0.038446844,0.047092877,0.06906089,0.120871894,0.04266612,0.03712231
0.46823996,1.0,0.7275602,0.39413172,0.07317807,0.05798205,0.04027278,0.060596026,0.04790128,0.07879986,0.04712407,0.048248935
0.4436936,1.0,0.35606468,0.1244645,0.039373,0.0313424,0.0216523,0.04027303,0.060289875,0.040014848,0.028428014,0.038050458
0.3996556,1.0,0.2576155,0.07029369,0.018780949,0.0150952935,0.010377732,0.022899868,0.044883795,0.03661745,0.012580049,0.017461931
0.5459882,1.0,0.23151043,0.07367946,0.0124664325,0.0136500355,0.012375944,0.025916936,0.02684039,0.02500408,0.01303285,0.020840188
0.5236872,1.0,0.32223317,0.069916934,0.010582972,0.012287204,0.01059705,0.01593914,0.017154695,0.01365316,0.012525561,0.022347294
0.5066144,1.0,0.21694423,0.055168405,0.011997118,0.020555584,0.014009042,0.009729122,0.014480551,0.014220443,0.011913905,0.018482342
0.4372031,1.0,0.34054348,0.08704591,0.015973425,0.02687726,0.018151779,0.017441418,0.025996285,0.021528471,0.022918122,0.021391787
0.28057984,1.0,0.80246097,0.13589983,0.038486894,0.03799599,0.036393583,0.06828608,0.08579246,0.036099948,0.037697498,0.04169268
0.342153,1.0,0.87523013,0.33206183,0.14004911,0.09598449,0.07781644,0.082518436,0.081774786,0.047990173,0.03861522,0.04890764
0.6125199,1.0,0.91050667,0.93573797,0.50244534,0.575507,0.6305511,0.427941,0.4365081,0.43853435,0.26481566,0.15435424
0.29555526,0.5225501,0.46586096,0.48029003,0.52252966,0.4919191,0.5869009,0.6608473,1.0,0.97410035,0.540524,0.18536589
0.037317943,0.030031584,0.03271233,0.036442887,0.05801613,0.063495316,0.09757754,0.29961216,0.93432057,1.0,0.19211687,0.05727328
0.044576183,0.04960112,0.045333967,0.029255757,0.047402278,0.08224318,0.119131766,0.34402457,1.0,0.942417,0.207403,0.043906752
0.10788817,0.16790709,0.18380672,0.12303788,0.18257153,0.28877318,0.26096874,0.5700674,1.0,0.8265959,0.39403832,0.1117334
0.17685735,0.30280337,0.42155093,0.30844536,0.34786817,0.4143649,0.44056803,0.7989086,1.0,0.8150611,0.4130737,0.16700943
0.45134017,0.58045405,0.7693775,0.6243661,0.6560683,0.6206455,0.6849562,1.0,0.9924565,0.7090375,0.35711405,0.21095665
0.6947948,1.0,0.97987634,0.70616305,0.7300434,0.68835825,0.66970927,0.66482085,0.75208604,0.5192823,0.24493027,0.28671685
0.7026642,1.0,0.5751543,0.40333283,0.44681218,0.41625044,0.37939852,0.32504982,0.30194372,0.2763697,0.20480119,0.27013534
0.6898057,1.0,0.54520786,0.38645473,0.4106141,0.37795556,0.30992568,0.27462646,0.23025323,0.23658463,0.2762812,0.30741632
0.60972613,1.0,0.63569045,0.5207797,0.5494346,0.47736883,0.38110054,0.3186259,0.24240151,0.2606029,0.27906132,0.2799644
0.6801904,1.0,0.5664267,0.35610142,0.33293518,0.33822688,0.38523227,0.3855534,0.27373385,0.26703963,0.21154545,0.286887
0.74025023,1.0,0.6041238,0.4991543,0.54927677,0.4992176,0.662119,0.6510646,0.4899969,0.48328152,0.26888448,0.39967346
0.6939032,1.0,0.3728467,0.24661465,0.31232092,0.30058488,0.33050686,0.34227982,0.30047977,0.29783842,0.16743165,0.21131079
0.5447291,1.0,0.26818505,0.10240211,0.11696372,0.12619907,0.13810337,0.19348748,0.13562493,0.15514223,0.07331919,0.07625662
0.55635387,1.0,0.3674267,0.2208416,0.29810455,0.32982513,0.2968229,0.4132024,0.22021522,0.24199456,0.1281686,0.10578998
0.532402,1.0,0.93907446,0.60307115,0.77025634,0.66539854,0.49826133,0.58189523,0.50388795,0.53138363,0.2788415,0.27863228
0.3549967,0.6578798,1.0,0.6672109,0.37877253,0.32293168,0.46047342,0.72420037,0.66235036,0.8416918,0.32952145,0.34254992
1.0,0.84521055,0.5813089,0.44757903,0.36693794,0.4190294,0.40712383,0.35377884,0.46914935,0.8201942,0.77232647,0.54864544
0.64126784,1.0,0.8849256,0.44347313,0.16046488,0.39808849,0.5120426,0.09561842,0.114567146,0.24617043,0.2817877,0.35466552
0.23280844,0.6040122,1.0,0.7807423,0.25427678,0.30749014,0.78274065,0.30112192,0.1048942,0.2937938,0.21559817,0.10763524
0.030592302,0.099056214,0.34730485,0.87572974,1.0,0.7349888,0.7320214,0.42990083,0.11133627,0.15638004,0.15361482,0.046878103
0.018612731,0.029506335,0.043657452,0.1536037,0.5005356,0.8472933,1.0,0.41653198,0.061529122,0.03623619,0.030838024,0.02104979
0.019472603,0.048055112,0.066200696,0.08487949,0.1640822,0.4149274,1.0,0.9417,0.60628986,0.50519633,0.123176426,0.024210773
0.05487773,0.020604638,0.0148901995,0.05316532,0.104521856,0.12065525,0.087738656,0.14331123,0.47212029,1.0,0.93040395,0.3115916
0.039702006,0.0045099873,0.005258116,0.011460758,0.041311696,0.14257947,0.05442111,0.023946775,0.10647501,0.39566463,1.0,0.39652047
0.035364933,0.03585828,0.07770395,0.09911795,0.08263318,0.15641989,0.11600738,0.24846202,0.7338953,1.0,0.3929867,0.13825709
0.040313303,0.07026594,0.05069442,0.042605463,0.06957857,0.41195443,1.0,0.6238561,0.28632757,0.1714655,0.05002567,0.021499611
0.09734574,0.042410586,0.008396863,0.019768279,0.22247188,0.87092304,1.0,0.3317823,0.040467367,0.016081344,0.008452276,0.052425157
0.25431532,0.019244222,0.0046489644,0.111703396,0.8949585,1.0,0.4063583,0.10103541,0.030806802,0.017626874,0.06551093,0.51320237
0.36672544,0.016136529,0.0045716837,0.13211752,0.6953149,0.2309637,0.015119547,0.0059083533,0.019729435,0.007020484,0.1388303,1.0
1.0,0.30233747,0.06291686,0.08457454,0.46768537,0.4513236,0.15796265,0.049583774,0.017798811,0.006084537,0.11372436,0.97277296
1.0,0.9412361,0.65969723,0.8404432,0.5828157,0.5217526,0.51459426,0.55986506,0.9029454,0.49172637,0.07195331,0.28684142
0.043014128,0.05121151,0.06028274,0.40225235,0.68173164,0.08271678,0.022153985,0.07763835,0.83167756,1.0,0.09133167,0.008387694
0.06353418,0.051737603,0.016065888,0.24980545,0.4769091,0.056390166,0.023410663,0.040021516,0.62935454,1.0,0.12464844,0.012030236
0.10844973,0.06826173,0.18810914,0.50559646,0.3058597,0.08647323,0.08692203,0.29073825,1.0,0.7090698,0.11866379,0.07048582
0.47175044,0.73400533,1.0,0.6411266,0.15179467,0.28069964,0.39114738,0.94850945,0.8800896,0.20374042,0.10626958,0.29538548
1.0,0.44370896,0.18835704,0.06008847,0.1860815,0.24626833,0.14520162,0.09628946,0.028713712,0.015958235,0.07550785,0.7223421
0.6150333,0.044127792,0.018144704,0.021526748,0.17088625,0.12082717,0.026263166,0.005411617,0.0061127204,0.009057632,0.10412855,1.0
0.6958065,0.105413824,0.055288456,0.03947852,0.14984106,0.20098157,0.12955305,0.10772717,0.10150946,0.039129004,0.12727599,1.0
0.19995809,0.09799837,0.10467828,0.13573548,0.08409981,0.09241739,0.15641537,0.6662425,1.0,0.28902435,0.06260418,0.18845947
0.008469966,0.0031240087,0.010569444,0.060225498,0.0709209,0.030142538,0.13268234,0.7000167,1.0,0.3458189,0.057819024,0.022015356
0.031163171,0.008228524,0.008650557,0.019867076,0.04270296,0.064966045,0.3693469,1.0,0.6269558,0.1474151,0.043681566,0.04150334
0.054508615,0.03029795,0.0487066,0.034442097,0.0585518,0.10138511,0.19946392,0.73823774,1.0,0.33188835,0.07089729,0.10362432
0.44416714,0.50110525,0.29418904,0.19239733,0.2912604,0.37919238,0.2436367,0.5247835,1.0,0.92327404,0.3718645,0.7150823
0.6177158,0.5798395,0.16033109,0.25994074,0.49310777,0.20708402,0.1392593,0.18113902,0.3117973,0.12190142,0.14081576,1.0
0.9512419,0.3826376,0.1650823,0.38519776,1.0,0.482435,0.25856727,0.62134033,0.5710318,0.18641968,0.13377383,0.8233561
0.7500164,0.3600271,0.32580075,0.22737354,0.7094897,0.7091344,0.5132924,1.0,0.8785035,0.23588146,0.095150396,0.63891095
0.43241227,0.19882388,0.1340725,0.19158417,0.36761296,0.27388927,0.4886322,0.8468166,0.5778401,0.17658217,0.19494447,1.0
0.37644923,0.26444438,0.25848064,0.28474632,0.41092062,0.51780623,0.62663215,1.0,0.44884053,0.438756,0.47412568,0.5363743
0.12619936,0.104740456,0.07289453,0.09351136,0.33912355,1.0,0.746348,0.2942331,0.13680422,0.14623517,0.14770912,0.15297508
0.056820165,0.016445162,0.03781096,0.25819492,0.8912452,1.0,0.3433159,0.049171157,0.013136476,0.029257411,0.0797126,0.13095745
0.030556036,0.012428697,0.14687793,0.8389953,1.0,0.4954255,0.105276324,0.048228614,0.020568563,0.2175921,0.86835784,0.3641158
0.12930436,0.02517718,0.08830117,0.48950943,0.52175677,0.20585488,0.038955618,0.024655594,0.016020412,0.16036668,1.0,0.72488874
0.3854966,0.1539694,0.11487679,0.26730344,0.78211117,1.0,0.24286418,0.071130425,0.07156806,0.08974877,0.5318133,0.6985931
0.1755606,0.10678794,0.0978007,0.25258756,0.4285812,0.7355274,0.21245734,0.141503,0.42709643,1.0,0.6228455,0.12752646
0.024246816,0.012308941,0.0069381027,0.056395765,0.4809558,0.29098913,0.02465751,0.025327008,0.18679239,1.0,0.47945604,0.028248647
0.024275145,0.01404763,0.0066583073,0.15649246,0.65245444,0.20473167,0.030893698,0.03471866,0.28980923,1.0,0.34271273,0.01690309
0.16524145,0.065906055,0.18869011,0.7176907,0.61697227,0.15007357,0.17573996,0.25074685,1.0,0.8999595,0.16689804,0.10741914
0.5791948,0.64037955,1.0,0.7371645,0.331476,0.50407374,0.65413,0.8353948,0.83454365,0.27901316,0.3768231,0.8284709
0.66111624,0.37526482,0.25279555,0.3223644,0.6814704,0.39486423,0.2502814,0.16957006,0.06845043,0.08657838,0.7080861,1.0
0.09799347,0.01420718,0.034223527,0.3992217,0.42343518,0.063825734,0.015372405,0.0638023,0.024327146,0.0729126,1.0,0.71943974
0.46474028,0.03697466,0.010906154,0.18040276,0.73309547,0.39479876,0.023167294,0.024733597,0.019530127,0.030668177,0.5459829,1.0
1.0,0.26860598,0.09542101,0.06862836,0.61810493,0.7695027,0.20597838,0.10378364,0.021774687,0.012842103,0.09844199,0.61099535
1.0,0.53431875,0.5193677,0.44525373,0.35251528,0.67721736,0.6352397,0.5573505,0.24094608,0.043364953,0.09717505,0.60515517
0.46892288,0.15440756,0.2367922,1.0,0.30841208,0.31055474,0.685666,0.33195207,0.58094674,0.18749043,0.056707364,0.18976663
0.45684442,0.12775524,0.1575812,1.0,0.45397836,0.3743157,0.6744422,0.24820192,0.6900442,0.39303672,0.15727077,0.19272809
0.41405818,0.341919,0.8185656,1.0,0.30245024,0.45167598,0.60944515,0.64243984,0.6744581,0.19819824,0.15326707,0.38416183
1.0,0.865941,0.4438044,0.10687718,0.14717646,0.94180167,0.86348903,0.32375503,0.08094062,0.018293973,0.078038104,0.42363128
0.88248444,0.31840163,0.017756732,0.002019805,0.08723888,1.0,0.5098778,0.028647617,0.0029060007,0.0037182327,0.007000602,0.14512722
0.41514826,0.3153578,0.030578462,0.0038089217,0.04085578,0.89422077,1.0,0.08964811,0.012004635,0.010916954,0.008637536,0.046818882
0.17154182,0.35601053,0.10782099,0.036248457,0.05462997,0.43240377,1.0,0.2975657,0.23135689,0.35798568,0.15119673,0.035799954
0.041871224,0.050539754,0.0362584,0.038621895,0.080344506,0.055184964,0.10330353,0.12567593,0.37054348,1.0,0.68613183,0.10923123
0.017742394,0.013854996,0.008315533,0.02442498,0.06277737,0.040636647,0.015131079,0.08400905,0.59966147,1.0,0.58735996,0.13312308
0.0060014995,0.0038311458,0.00246629,0.0059255473,0.008383561,0.008276926,0.007423928,0.15930307,1.0,0.8437916,0.10930244,0.0056986767
0.001990321,0.0017701911,0.0013833788,0.0026681137,0.005422633,0.010492319,0.010124195,0.18802339,1.0,0.7578146,0.0771451,0.003924323
0.037009127,0.023326177,0.008444725,0.014262977,0.010396128,0.017336056,0.012767424,0.11705681,0.72931254,1.0,0.3930204,0.107934445
0.7356885,0.16064514,0.04955914,0.09581779,0.025483169,0.02062094,0.030436212,0.04416055,0.12910561,0.24793395,0.3806143,1.0
0.538796,0.15377234,0.07709858,0.070798166,0.06564487,0.0688366,0.11049342,0.09168295,0.05355948,0.08014276,0.293927,1.0
0.28355443,0.08516677,0.081509344,0.044969283,0.041211404,0.105617434,0.12787475,0.08704594,0.07003548,0.09612879,0.4041385,1.0
0.14432956,0.05034857,0.06805138,0.027201986,0.03528233,0.3423035,0.21433525,0.054048505,0.059367005,0.10976868,1.0,0.97665715
0.040365662,0.038883068,0.03817721,0.012822195,0.027332919,0.42407104,0.22709517,0.0124605745,0.014794735,0.09351941,1.0,0.5794121
0.03647204,0.039788306,0.05551056,0.01929017,0.03141872,0.58111316,0.33827347,0.008688543,0.0050060144,0.074551694,1.0,0.66846323
0.038172632,0.06838565,0.2718279,0.09081705,0.06341918,0.92257166,0.44144583,0.010280739,0.0035452363,0.08265857,1.0,0.5728085
0.03203473,0.09342921,0.57176286,0.21436714,0.11197031,1.0,0.29911387,0.006261704,0.00435787,0.134327,0.87063843,0.29677168
0.009851399,0.03269359,0.21376488,0.08027885,0.11607416,0.77399105,0.16339485,0.0027690164,0.0059223818,0.24176331,1.0,0.21246931
0.008427096,0.0045808307,0.023809057,0.0065587955,0.041244473,0.31176415,0.09556623,0.0021779635,0.005982713,0.24341805,1.0,0.25799143
0.078372315,0.02579138,0.016678724,0.010722204,0.013923794,0.14280261,0.10255929,0.0049791457,0.009653191,0.2285279,1.0,0.549667
1.0,0.35768783,0.03770745,0.020567916,0.0073529677,0.023833204,0.038058896,0.02054167,0.010604058,0.05762724,0.32579753,0.89252174
1.0,0.76797545,0.08138531,0.0049760803,0.0020916762,0.0039897016,0.00405726,0.016984824,0.013846356,0.002321467,0.020680333,0.15824473
1.0,0.62078327,0.05930447,0.0020096414,0.0011907283,0.0036933378,0.0056582587,0.016296657,0.008782008,0.0018578551,0.027855784,0.24467595
0.7793563,0.1627083,0.011620923,0.0018587154,0.0012423203,0.0068456396,0.018523313,0.013976764,0.0032235095,0.021334255,0.25877485,1.0
0.1671541,0.011128782,0.0016498691,0.0011532819,0.001271071,0.012000292,0.015731493,0.0025399034,0.006083842,0.11731373,0.85514635,1.0
0.02401763,0.0011125065,0.00064600626,0.0007883081,0.0014302754,0.0067060026,0.0033931695,0.0015549996,0.011178269,0.2334563,1.0,0.54014087
0.022888646,0.0010821811,0.0005254569,0.00065571506,0.0015676913,0.007079996,0.0033292267,0.0013343954,0.010384552,0.22533846,1.0,0.5416365
0.10140821,0.002970799,0.0008064211,0.00081888377,0.0018223069,0.012698692,0.014609232,0.0012256568,0.005757535,0.13828483,1.0,0.9799335
0.17514163,0.0032850183,0.0009557729,0.0009882912,0.0007671427,0.011761782,0.025075907,0.0018223681,0.0016933257,0.037024263,0.5862037,1.0
0.22251303,0.004810756,0.0007979046,0.00095428334,0.00065557257,0.008898603,0.024510298,0.0023091591,0.0011182018,0.021728609,0.48245677,1.0
0.20305629,0.004137791,0.0007214592,0.00092196505,0.00069167436,0.0104994215,0.026080178,0.0020452028,0.0012142402,0.027397612,0.5199489,1.0
0.18076405,0.0023686334,0.0007079744,0.00095459266,0.00092096167,0.010046715,0.024133539,0.0016195684,0.0014491501,0.03540345,0.57940924,1.0
0.15358175,0.0018240099,0.0009693534,0.0010098333,0.0011405215,0.014002942,0.027074095,0.0015621759,0.0020845407,0.043623842,0.6438246,1.0
0.14898711,0.001550929,0.0010077292,0.0010349274,0.0009921193,0.017126659,0.03155861,0.0016564344,0.0019309142,0.04756032,0.66388816,1.0
0.12496127,0.0013055871,0.0008350765,0.00086362864,0.0010536766,0.016360799,0.026508443,0.0012748899,0.0019819997,0.06236858,0.75458103,1.0
0.1217705,0.001315614,0.001082242,0.0010333996,0.0021076673,0.015904903,0.022983328,0.001011147,0.0018915839,0.065389924,0.7723753,1.0
0.11356818,0.0016298462,0.0014316543,0.001130189,0.0027040855,0.020471811,0.023186114,0.0010497844,0.0028483868,0.09022409,0.86068517,1.0
0.11037218,0.0022587448,0.0022638305,0.0019103185,0.0026201755,0.027788563,0.031050181,0.002835229,0.013803862,0.12193051,0.9065565,1.0
0.29381785,0.010455756,0.0031709669,0.0076324185,0.0031824815,0.030876141,0.09919275,0.024660666,0.02180756,0.06689576,0.40053767,1.0
0.66723245,0.033126693,0.0047652135,0.011483983,0.005751024,0.019119408,0.1440816,0.08247144,0.0080587715,0.019839283,0.11431153,1.0
0.7649307,0.039098788,0.005409534,0.008584607,0.0058962237,0.016892694,0.1278347,0.08939734,0.0033810178,0.005998335,0.07034357,1.0
0.47030675,0.023726769,0.004828411,0.009537106,0.0070938054,0.021250015,0.12474057,0.04980873,0.0024706486,0.0060478095,0.1338263,1.0
0.2377574,0.019303178,0.0049383435,0.009185105,0.009642729,0.040311597,0.14845133,0.023965536,0.0021198664,0.008715043,0.25678024,1.0
0.13582446,0.024199633,0.005537965,0.0067285085,0.0102738915,0.07655804,0.18470517,0.014691553,0.00250427,0.0143043995,0.41458866,1.0
0.11538605,0.043849003,0.011965003,0.009540246,0.022443818,0.18016618,0.21873894,0.011518853,0.0076858536,0.04616839,0.79956204,1.0
0.096237086,0.03836717,0.018465417,0.011215529,0.033361875,0.2729644,0.13570297,0.005998524,0.01236764,0.09806593,1.0,0.58135515
0.097128235,0.03595675,0.020376729,0.011531065,0.03290546,0.33847356,0.17544219,0.006309715,0.011552952,0.10160475,1.0,0.56184083
0.108305,0.039755106,0.018586809,0.016062774,0.03436775,0.3101575,0.31920704,0.014503872,0.010270339,0.060276113,0.9431991,1.0
0.15362318,0.019431863,0.009362791,0.016687019,0.020646116,0.106858194,0.26898292,0.029911049,0.0054626577,0.019183977,0.4186858,1.0
0.30129415,0.01461369,0.006251191,0.021198703,0.011375519,0.043338984,0.2532385,0.068823524,0.005215217,0.014690045,0.18079521,1.0
0.39880836,0.014671959,0.0053063505,0.022424554,0.010218716,0.036851536,0.28671828,0.10205092,0.0056344415,0.015618252,0.11841949,1.0
0.23021756,0.016154608,0.006595614,0.016916187,0.010814327,0.07892733,0.38734594,0.07394204,0.011098713,0.021784874,0.24654381,1.0
0.11948634,0.024510317,0.012188141,0.013317118,0.016953595,0.24060091,0.44375256,0.037066776,0.018050687,0.04065131,0.58081573,1.0
0.082766846,0.028924309,0.024044508,0.015056372,0.055207334,0.60332745,0.37104616,0.01704027,0.025112601,0.121049866,1.0,0.6975981
0.051887237,0.017106866,0.023331068,0.016624196,0.11764376,0.6881154,0.15049578,0.014716124,0.027906815,0.22976388,1.0,0.28962633
0.058101043,0.01990679,0.02640834,0.020237671,0.1226059,0.78103334,0.22419281,0.018452678,0.039854873,0.21617623,1.0,0.35440287
0.12900446,0.044180334,0.039777055,0.033674847,0.073014215,0.79724485,0.7593234,0.04525541,0.051065847,0.116446756,0.95099276,1.0
0.2045582,0.029602485,0.018193467,0.038602002,0.019368067,0.20565812,0.7025649,0.09656556,0.035260305,0.06906384,0.30977613,1.0
0.27285257,0.017829908,0.010861887,0.043243986,0.011702116,0.076983936,0.5972652,0.13841803,0.028894827,0.078325406,0.18248622,1.0
0.24770957,0.017228585,0.010622392,0.03655868,0.011963559,0.08474577,0.58244807,0.12307321,0.036778126,0.08472749,0.20891841,1.0
0.16881946,0.022527132,0.01817595,0.036500048,0.01828847,0.20643507,0.72713053,0.086883254,0.06596251,0.090090066,0.33614972,1.0
0.11463005,0.039704416,0.03916477,0.04011097,0.035686526,0.4869095,0.870738,0.053558912,0.10732362,0.08877548,0.6167608,1.0
0.115609996,0.06874242,0.069520526,0.05126686,0.06690507,0.8793022,1.0,0.042736948,0.14109005,0.10496693,0.9126829,0.99245673
0.116914086,0.06713964,0.063686155,0.051155157,0.06719267,0.7953321,1.0,0.05063736,0.13334703,0.10146856,0.7261609,0.85967153
0.15719493,0.045670863,0.036753677,0.05928393,0.034594864,0.3643022,1.0,0.105032876,0.12652516,0.16129325,0.3705059,0.9133699
0.2548638,0.038183752,0.021475669,0.06585806,0.022343477,0.14821388,0.9422415,0.19521539,0.12051485,0.27785215,0.21630363,1.0
0.27394754,0.038318247,0.020443186,0.0674318,0.021028426,0.11506446,0.92846584,0.22242267,0.12243461,0.31641904,0.1888029,1.0
0.20262724,0.028191673,0.018905094,0.060572688,0.025066761,0.15603752,1.0,0.19655848,0.14764634,0.30987707,0.16872416,0.80965847
0.1301331,0.028728226,0.026703767,0.06537036,0.02246862,0.20981914,1.0,0.1452582,0.21787712,0.31007764,0.19423966,0.6765166
0.110456124,0.03506084,0.04025939,0.09075952,0.014343818,0.23904847,1.0,0.123167366,0.26245466,0.30269223,0.21902347,0.63816637
0.18714584,0.043978404,0.04212605,0.12884206,0.022160042,0.15461579,1.0,0.24472108,0.16366616,0.30328453,0.15725236,0.64862996
0.5389586,0.07141905,0.051640503,0.14701034,0.070582524,0.06648641,1.0,0.8955482,0.09560086,0.30548185,0.12149508,0.68837464
0.4891849,0.05408485,0.041051853,0.0993594,0.08281567,0.023475813,0.61275256,1.0,0.058497205,0.10927457,0.061396167,0.3628367
0.29559648,0.041696668,0.046876583,0.15608236,0.06326975,0.09255981,1.0,0.6668681,0.08133518,0.16244738,0.086864114,0.44803867
0.08650896,0.03135926,0.08076402,0.13729036,0.030561835,0.3585793,1.0,0.20221685,0.27110687,0.21968222,0.18479216,0.39128956
0.043083817,0.046594284,0.15531304,0.08575289,0.13705651,1.0,0.64976853,0.23622972,0.66772634,0.20329985,0.35310784,0.22523327
0.03235344,0.057285774,0.12631606,0.050915018,0.24989013,1.0,0.24367452,0.39338452,0.516909,0.14409374,0.33502364,0.098699406
0.09441096,0.04735267,0.101571165,0.08343531,0.10266933,0.7593719,1.0,0.36500722,0.36889148,0.14802094,0.2423263,0.29879192
0.24956506,0.036011856,0.034155305,0.09746571,0.07064738,0.16226624,1.0,0.6147548,0.06672715,0.09663933,0.06103531,0.2922038
0.3811222,0.046019293,0.03954972,0.15223727,0.15775013,0.20233348,1.0,0.83480203,0.15408102,0.19882967,0.113223106,0.43458265
0.1631862,0.058135737,0.09094804,0.24125735,0.5122403,1.0,0.983636,0.45571348,0.66676795,0.4419514,0.280211,0.37514746
0.09836781,0.16175985,0.23683946,0.4574611,0.8062877,1.0,0.43787435,0.40918788,0.6871242,0.36829412,0.14163177,0.09137375
0.3968048,0.47857004,0.52691376,0.49509308,0.5217917,0.74297905,1.0,0.77707946,0.41156092,0.23997802,0.13741498,0.25229833
0.86552685,0.77896506,0.38196334,0.6771747,0.5426831,1.0,0.96933055,0.5282546,0.44445735,0.43969414,0.43868968,0.79887336
0.30322674,0.4520198,0.4191849,0.59272003,0.5874903,1.0,0.7057322,0.46105373,0.36049458,0.24042533,0.18432122,0.24093227
0.19474311,0.32249883,0.46265104,0.508967,0.53162885,1.0,0.6798898,0.6550382,0.5504272,0.422277,0.26103267,0.19653167
0.19666716,0.12308665,0.113005795,0.16708249,0.26994148,0.9550732,1.0,0.6574208,0.42994583,0.30477476,0.2008648,0.38575387
0.2251139,0.058544293,0.08564139,0.1673642,0.27748305,0.7135358,1.0,0.61046404,0.78235775,0.28916702,0.34480807,0.7179263
0.4118203,0.1403875,0.2720139,0.36106074,0.39311618,0.6877935,1.0,0.80738246,0.8914728,0.3892822,0.30656877,0.94799376
0.17039038,0.06559428,0.09252173,0.1414983,0.15807319,0.5339821,1.0,0.7431398,0.3237833,0.16314858,0.23028292,0.36267957
0.16646267,0.036245383,0.0351656,0.06362485,0.082328714,0.26288292,1.0,0.6519793,0.22094817,0.122224525,0.23083453,0.3255881
0.28358167,0.09096526,0.07834411,0.17869377,0.18511054,0.3525123,1.0,0.4821192,0.2824262,0.178539,0.2619984,0.35463345
0.2762926,0.09056108,0.0694298,0.13940202,0.17786287,0.5832219,1.0,0.4307786,0.20463753,0.20555647,0.42280504,0.44913623
0.31709665,0.13004275,0.12934917,0.22015792,0.2930745,0.76419634,1.0,0.5388657,0.27986652,0.32790428,0.5877292,0.64630485
0.3951682,0.18533128,0.16054623,0.21913104,0.32508868,0.44654426,1.0,0.66093147,0.24558248,0.32196572,0.40177482,0.5189363
0.61491793,0.2426351,0.2104323,0.37166345,0.96008843,0.8013247,1.0,0.8313421,0.4152177,0.462687,0.52875715,0.7742382
0.27996325,0.22938056,0.14278126,0.22086675,0.699025,1.0,0.55888796,0.4496737,0.24863473,0.18255962,0.25096154,0.36050767
0.54805475,0.7900794,0.4733581,0.49711552,0.56028396,1.0,0.88754934,0.7394795,0.4586003,0.3294254,0.45977223,0.51745373
0.20540239,0.952646,1.0,0.440077,0.44819042,0.22009481,0.20740049,0.16018355,0.12349745,0.1112355,0.10311874,0.1223692
0.04853417,0.25280672,0.3774136,0.31065264,1.0,0.31708708,0.10421695,0.06118166,0.03173942,0.025738996,0.020937905,0.04114549
0.010348173,0.017180264,0.041857257,0.1365612,1.0,0.3541652,0.044161417,0.033658035,0.014810758,0.009022781,0.0082683815,0.021275477
0.014556071,0.019060204,0.046055976,0.1543419,1.0,0.31831932,0.057598833,0.04151654,0.018938987,0.010510774,0.011515959,0.03247865
0.46618608,0.58073354,0.6212907,0.59795636,1.0,0.7977835,0.4625522,0.15533714,0.10212425,0.17806421,0.4574734,0.580348
0.3370482,0.12906614,0.11651994,0.12713829,0.14035587,0.23901185,0.19115742,0.07689787,0.18025729,0.57353425,1.0,0.80629987
0.20136729,0.06880003,0.1077396,0.20379794,0.28284943,0.32789743,0.24692619,0.16579492,0.37208474,0.6809215,1.0,0.59417486
0.08069163,0.09682017,0.22483979,0.60103613,1.0,0.66868335,0.3561902,0.40250635,0.43589896,0.29225338,0.43489268,0.27735656
0.22107302,0.21057305,0.21588452,0.4339925,1.0,0.8875652,0.5082196,0.35225198,0.4093996,0.38894776,0.32312456,0.2253454
0.45570263,1.0,0.51321787,0.16758338,0.20817885,0.16918471,0.19417824,0.21831772,0.24064901,0.22301742,0.15879457,0.10259626
0.34529024,1.0,0.53226507,0.22415219,0.26902345,0.13575558,0.14409105,0.14723793,0.12495298,0.122945264,0.1350338,0.10511953
0.27112222,1.0,0.58395666,0.44808832,0.40301725,0.14372566,0.15413651,0.18975925,0.120120145,0.12010716,0.16949601,0.1303183
0.27575085,0.9003789,1.0,0.9100499,0.77245367,0.358873,0.23951781,0.33979365,0.38723928,0.6201207,0.47860226,0.18300581
0.079089545,0.16844718,0.4152894,0.52161515,0.69631785,1.0,0.6446282,0.27670062,0.2521718,0.22460945,0.13479401,0.064020745
0.22015218,0.2075199,0.21896903,0.27306286,0.48186365,1.0,0.91304153,0.6130509,0.3092041,0.36156705,0.3253543,0.13005759
0.43420148,0.11796927,0.1140179,0.10626789,0.10825924,0.107607916,0.12709603,0.20926091,0.12654503,0.6172065,1.0,0.4872727
0.41965148,0.1082514,0.08417194,0.06439712,0.11924637,0.118575245,0.15951587,0.2305608,0.15993783,0.39011163,0.81884396,1.0
0.090157405,0.03399944,0.045010395,0.051019445,0.04113311,0.024529612,0.07954349,0.5148099,1.0,0.3198102,0.18973736,0.29318625
0.010878739,0.0016403163,0.0054911007,0.019666946,0.0071742674,0.002247231,0.0074118357,0.24871251,1.0,0.2266743,0.020129548,0.016319118
0.0034502558,0.005357476,0.012074047,0.013275734,0.003934984,0.00939737,0.06620963,0.4588562,1.0,0.2282182,0.035402156,0.0060008685
0.02042093,0.06004989,0.050568856,0.023779484,0.024480598,0.2551069,0.70756525,1.0,0.9305357,0.5358838,0.31715205,0.05016827
0.05696603,0.04987001,0.01580155,0.03959718,0.26120168,1.0,0.82735586,0.25785196,0.34939563,0.76508754,0.5149354,0.0706494
0.044871926,0.00710676,0.011602599,0.20621516,1.0,0.7368186,0.13512617,0.15491565,0.32614383,0.25086886,0.07258485,0.056828517
0.018073566,0.0035400342,0.013957041,0.32675105,1.0,0.22887844,0.02738879,0.08754316,0.13484456,0.029520454,0.014133366,0.062395614
0.039408457,0.01167827,0.014524683,0.26658437,1.0,0.41965184,0.06620502,0.042266276,0.061111733,0.022483548,0.014520719,0.06675129
0.089157954,0.07543685,0.04140895,0.16185735,0.8990127,1.0,0.6086855,0.46129954,0.15767908,0.053590942,0.032733925,0.067817524
0.02417172,0.024028573,0.03911294,0.052703496,0.080016196,0.10881612,0.28830937,1.0,0.8279155,0.15922453,0.027905738,0.04595923
0.013743934,0.004114597,0.01611607,0.04968136,0.03355166,0.022504866,0.042133465,0.60111034,1.0,0.25276437,0.016682936,0.010557698
0.010187858,0.014383161,0.035544895,0.06502235,0.058324423,0.1219813,0.42191815,1.0,0.90253353,0.22184531,0.030896515,0.01630885
0.027191047,0.03360661,0.038922198,0.119228795,0.3380946,0.9735688,1.0,0.48628452,0.17826526,0.07406377,0.04098004,0.019529419
0.016892334,0.010483071,0.05649052,0.4163676,1.0,0.64926875,0.15294765,0.032919068,0.021159861,0.017937345,0.025183035,0.031979647
0.0065705217,0.009520536,0.16872478,1.0,0.9517913,0.17557268,0.013518869,0.02806089,0.016611401,0.0096901,0.0597453,0.054241013
0.028186692,0.027716378,0.21467538,1.0,0.7632931,0.24203868,0.1521312,0.12981306,0.074360035,0.03505041,0.07841398,0.09917998
0.028227516,0.0414869,0.092778556,0.30253285,0.30376035,0.21985061,0.30359882,0.6524415,1.0,0.5819798,0.16812499,0.053640723
0.0018059596,0.0039446885,0.011391036,0.04108011,0.07903372,0.013531468,0.01767629,0.11100461,0.8949444,1.0,0.21971762,0.010859483
0.0007246548,0.00077018637,0.001725179,0.014010051,0.039235316,0.01929066,0.05903156,0.27830166,0.9729745,1.0,0.25292966,0.015401748
0.0038795592,0.002958783,0.00579536,0.03325504,0.10881632,0.26104173,0.45157754,0.6648335,1.0,0.7104645,0.2113675,0.032613404
0.011409678,0.01690643,0.055748597,0.30685863,1.0,0.8776763,0.47315347,0.1678558,0.12385741,0.085618,0.04003888,0.026663566
0.005226614,0.003831702,0.009013928,0.044652432,0.45384437,1.0,0.5065606,0.075022705,0.01511387,0.010413057,0.0071867015,0.005682117
0.0044295774,0.001448976,0.009679195,0.111487366,0.7867191,1.0,0.33081156,0.041435417,0.0061765807,0.0022585238,0.0018042573,0.0058130566
0.005286563,0.0064853155,0.01686858,0.19369753,1.0,0.6216923,0.11958433,0.020355446,0.0071332655,0.0017732998,0.0017327415,0.0075041433
0.032958586,0.069528766,0.045642942,0.115422666,0.6091295,1.0,0.7146569,0.32647005,0.15364888,0.0376242,0.008942013,0.010345942
0.25517973,0.21339186,0.12879272,0.19862786,0.41474846,1.0,0.9156852,0.6673877,0.92895424,0.8079254,0.44398707,0.17521255
0.13343598,0.056439295,0.04198019,0.087510325,0.08148205,0.22544825,0.16114952,0.10681884,0.1258343,0.64402676,1.0,0.3421342
0.06493153,0.017304331,0.035193305,0.073615305,0.040545013,0.07882973,0.19183585,0.15435627,0.118169606,0.72294927,1.0,0.42805445
0.07361482,0.04180261,0.08171041,0.08092036,0.091196224,0.32226056,0.44581446,0.574318,0.99378526,1.0,0.69932437,0.44057727
0.20018217,0.08011183,0.04869171,0.05766799,0.21703756,0.87778896,0.9938643,1.0,0.82019144,0.3278136,0.17025547,0.20737115
0.4360168,0.028222864,0.006756228,0.06995452,0.78500074,1.0,0.25000173,0.1360878,0.2462305,0.13674355,0.071938,0.5396843
1.0,0.12628302,0.025804663,0.10562989,0.8366027,0.62226677,0.07585408,0.03440633,0.14148872,0.15918587,0.14601626,0.9973967
0.9956352,0.34037083,0.1372342,0.12290895,0.2620287,0.27010408,0.14590658,0.17541638,0.40872785,0.5647355,0.47149006,1.0
0.20696603,0.11984117,0.115240246,0.07660716,0.06275955,0.06441322,0.048774485,0.05816396,0.42841655,1.0,0.6181702,0.30009082
0.03549652,0.029111698,0.054923493,0.027607506,0.036680557,0.06655692,0.049167186,0.029470809,0.19929089,0.7031517,1.0,0.25944725
0.0813462,0.021236183,0.017764557,0.014337653,0.035308894,0.07584126,0.10367695,0.24913764,0.42040685,0.6370639,1.0,0.45663404
0.042972468,0.030948855,0.020134129,0.018257836,0.027993934,0.04400197,0.26855636,1.0,0.6376055,0.22676174,0.07128204,0.0902293
0.0736575,0.08263582,0.067242004,0.053107478,0.047391005,0.04705013,0.086145386,0.27536142,0.79842114,1.0,0.6750684,0.14167242
0.012236739,0.008837382,0.007364503,0.006151175,0.008518127,0.004892026,0.0021929315,0.0155503,0.26421916,1.0,0.6460139,0.07435259
0.0018992802,0.00018330764,0.00015929369,0.00080089614,0.0059256647,0.0025723993,0.0005153092,0.008323514,0.20865516,1.0,0.57739264,0.041442525
0.0010950628,0.00029821802,0.00018915148,0.0010658224,0.008553771,0.0042803497,0.00061712373,0.0083412975,0.21328479,1.0,0.552227,0.030971112
0.008769738,0.00039344223,0.00023010852,0.0011604807,0.0070385667,0.010367646,0.001517174,0.0050622276,0.11303552,0.7905425,1.0,0.17370744
0.08506787,0.005696891,0.00027318366,0.0005584542,0.0020547507,0.008599519,0.0049988898,0.001659573,0.020796588,0.27917904,1.0,0.6868015
0.4967977,0.06332685,0.0043988363,0.00037954978,0.00044996545,0.0022755018,0.0071499683,0.0051234267,0.0031154074,0.040633455,0.40829274,1.0
1.0,0.53176636,0.06487721,0.0020516496,0.00033191987,0.0005227357,0.0032922304,0.0102636935,0.0057077026,0.0043572555,0.06697719,0.42961255
0.7622608,1.0,0.13536292,0.0029796532,0.00032172017,0.00033384617,0.00063197524,0.008026701,0.010037531,0.0016449363,0.007163047,0.064716406
1.0,0.54667926,0.06007928,0.0028970733,0.00060093374,0.0004911611,0.0030049519,0.009815762,0.004785897,0.0015944565,0.037748538,0.34399223
0.8452532,0.12340505,0.007589465,0.007127826,0.0012989094,0.0011880823,0.0067980527,0.0049783383,0.0012076038,0.0046782265,0.16246817,1.0
0.323283,0.020591157,0.0042940704,0.010187821,0.001928808,0.011581244,0.019797493,0.0024862085,0.0014460918,0.016971765,0.3874316,1.0
0.07902591,0.0028988123,0.0030884468,0.003168073,0.0044788723,0.063749485,0.057410665,0.0021437695,0.0017630743,0.07194794,0.90829,1.0
0.09285709,0.0017226887,0.00076565036,0.0010665121,0.0045071156,0.081867725,0.15503532,0.0134296175,0.0012512626,0.051568672,0.7123558,1.0
0.1954739,0.0023652043,0.00073515245,0.0029274249,0.0029591217,0.0830488,0.4342371,0.07246517,0.0013588495,0.012543866,0.2870918,1.0
0.26028362,0.0042049894,0.0033497687,0.010958214,0.004643552,0.14693543,0.87773615,0.15850477,0.002316229,0.0036942076,0.15822056,1.0
0.25962988,0.0059814733,0.007505159,0.014175325,0.007862439,0.10916518,0.62353504,0.12851684,0.00401365,0.0055515384,0.17057663,1.0
0.2184462,0.004503268,0.0037161757,0.003531496,0.0043935124,0.039489176,0.28324452,0.071726955,0.0019226222,0.0049353717,0.2395533,1.0
0.13713731,0.0022028626,0.0010937239,0.0012412486,0.0030232572,0.05028067,0.2035509,0.02563879,0.00082750677,0.011478882,0.40805778,1.0
0.0871798,0.0012500789,0.00085872016,0.0013628018,0.005474818,0.10657364,0.17506278,0.013929155,0.002404257,0.057938114,0.81374496,1.0
0.028544845,0.0018084295,0.006239255,0.005763699,0.021886788,0.21416737,0.1394304,0.011967541,0.013675924,0.1224244,1.0,0.57600826
0.03828812,0.0049802056,0.022175785,0.016117586,0.039308313,0.4896726,0.38757616,0.027581034,0.030176148,0.12036504,1.0,0.6978984
0.2682055,0.01887811,0.026700536,0.047672704,0.03306759,0.34799728,0.7002453,0.10304928,0.027783083,0.0514416,0.4843982,1.0
1.0,0.11929542,0.023778891,0.12792261,0.12463375,0.10504259,0.663666,0.7907091,0.15068172,0.093564235,0.17899737,0.9210764
1.0,0.22584817,0.03908859,0.06736852,0.06407328,0.019270616,0.26806784,0.8980119,0.16582961,0.07470817,0.15817069,0.386893
1.0,0.539865,0.586518,0.4969667,0.16130076,0.09639032,0.8062553,0.8833531,0.1512438,0.120300286,0.14614095,0.57346636
0.16307858,0.3133416,1.0,0.6326243,0.15953429,0.5095301,0.8605277,0.31896627,0.24711102,0.1453581,0.29872146,0.3147067
0.047716886,0.34270293,1.0,0.18883087,0.10585559,0.45614332,0.20295382,0.06624552,0.1263222,0.12743494,0.3805596,0.10531985
0.071860924,0.4854901,1.0,0.11666279,0.12246323,0.32653227,0.06625072,0.03495802,0.06063522,0.1895176,0.44419423,0.09564001
0.12058933,0.3340563,1.0,0.23180217,0.10566865,0.3641021,0.20573206,0.04116864,0.07389478,0.14917123,0.48833242,0.27312753
0.4659414,0.587579,0.9545593,0.4734446,0.20808075,0.45713693,0.78565735,0.21001616,0.17296313,0.14790568,0.4761641,1.0
0.7039853,0.73661894,0.5349591,0.31735477,0.21151267,0.18891515,0.95739955,0.42816645,0.13198201,0.0756132,0.16120538,1.0
0.4201591,0.44548836,0.3185317,0.20771442,0.14983337,0.31713018,1.0,0.34754258,0.08253967,0.05997717,0.28164923,0.96189773
0.15927795,0.13348334,0.20527993,0.16416024,0.34205082,0.6127613,0.70323527,0.14361554,0.07216781,0.1374179,0.8813307,1.0
0.043002512,0.033127032,0.057370707,0.094514675,0.32975128,0.3497956,0.20243266,0.059802257,0.045741905,0.20404327,1.0,0.6154623
0.053770643,0.028073583,0.033147097,0.082738504,0.31860304,0.34883815,0.20587862,0.053478148,0.03599651,0.17714933,1.0,0.71020573
0.15257962,0.026905369,0.043335684,0.081076436,0.33220893,0.32616028,0.23300034,0.055714805,0.024528855,0.0982004,0.7988857,1.0
0.28435397,0.023247154,0.039205365,0.07743435,0.23711814,0.30480474,0.26724684,0.080647945,0.037690975,0.03533275,0.3949141,1.0
0.4485129,0.032788366,0.04029039,0.07943718,0.17043468,0.40045002,0.4698516,0.18968837,0.06589766,0.02781639,0.20162515,1.0
0.44377533,0.03241056,0.030180024,0.05380984,0.100244276,0.32854864,0.44484493,0.19151588,0.053647317,0.024820495,0.16165867,1.0
0.25617468,0.02210349,0.03811364,0.030123353,0.072871104,0.25442135,0.28650057,0.1079991,0.030606676,0.042979382,0.34377897,1.0
0.1098968,0.023916205,0.05163337,0.021234313,0.116381794,0.27861607,0.22694372,0.0671853,0.023127032,0.093512334,0.75828123,1.0
0.0950331,0.020954547,0.04762508,0.017115846,0.098877236,0.24650733,0.22108626,0.044107627,0.029416742,0.09422358,0.75874186,1.0
0.10943999,0.012475393,0.045714173,0.014538068,0.038182925,0.1597328,0.2116243,0.04156804,0.049786635,0.08002139,0.5406959,1.0
0.1344368,0.011885718,0.03616521,0.016067846,0.022357838,0.16229697,0.27685076,0.05292066,0.0497929,0.07307867,0.46371156,1.0
0.18456587,0.008075149,0.021142479,0.019081965,0.009365912,0.122513555,0.35914662,0.0720612,0.08554611,0.11046512,0.3118585,1.0
0.2531143,0.008436588,0.014671897,0.015613943,0.009650291,0.098353766,0.43508533,0.11941837,0.12140084,0.13815567,0.23086397,1.0
0.13459541,0.011239549,0.026084157,0.015194506,0.023375316,0.21238486,0.44505292,0.08396994,0.13146181,0.11979757,0.4224963,1.0
0.08787295,0.013977746,0.046880204,0.01735945,0.035037607,0.32270038,0.45972925,0.078233294,0.19260861,0.15435305,0.6576671,1.0
0.032629464,0.017722847,0.034988552,0.020322105,0.08321636,0.4668539,0.3287674,0.086354606,0.16651036,0.20235145,1.0,0.6222753
0.01655141,0.021004874,0.023019226,0.0128733665,0.10886886,0.43772173,0.20393687,0.06149691,0.101317085,0.17437176,1.0,0.45673314
0.035953134,0.026562463,0.03933547,0.015140527,0.10723158,0.5078298,0.36256352,0.06544949,0.10074754,0.14535783,1.0,0.71465176
0.087824546,0.021437062,0.06261603,0.021822235,0.075640805,0.40211943,0.59724575,0.16022281,0.17334884,0.14869219,0.69998443,1.0
0.42321143,0.040853377,0.058889233,0.034385633,0.036667183,0.23007277,0.8071462,0.4159944,0.17907684,0.14701723,0.25874135,1.0
0.5414268,0.030769547,0.018336745,0.039108206,0.019376572,0.08441221,1.0,0.6803258,0.10764648,0.10415154,0.08822489,0.83763677
0.2768563,0.016119784,0.04638068,0.056974906,0.027333558,0.18218343,1.0,0.46177167,0.15454017,0.144096,0.12658036,0.68875074
0.16677046,0.021373175,0.08405392,0.04803629,0.040959183,0.345211,1.0,0.28196168,0.15470853,0.13957208,0.23374602,0.682875
0.07618716,0.053987946,0.10222874,0.034293592,0.13677895,1.0,0.9392574,0.13006686,0.15734947,0.23177624,0.8091688,0.6930407
0.025765538,0.039384227,0.03224853,0.019385565,0.15608752,1.0,0.41549632,0.08859868,0.20375533,0.24141432,0.8454346,0.3414554
0.035051215,0.031655997,0.041926127,0.022433277,0.145176,1.0,0.6573478,0.11697312,0.22900774,0.2291333,0.764598,0.4950437
0.08207229,0.042087995,0.07124133,0.022544198,0.10581111,0.7302105,1.0,0.19764914,0.24386935,0.28790462,0.5569993,0.67323965
0.10973696,0.033090055,0.099891044,0.042568177,0.06326498,0.3639452,1.0,0.26203728,0.1918704,0.3215716,0.29932708,0.56522787
0.14240023,0.020314239,0.09828353,0.0665615,0.038474806,0.263901,1.0,0.29071096,0.13277161,0.1945458,0.22985047,0.5811401
0.13358496,0.01973011,0.07818656,0.058984794,0.033089347,0.2718408,1.0,0.23792337,0.091788694,0.11264594,0.28777042,0.6500263
0.076140225,0.025574936,0.06424381,0.03514902,0.04923745,0.4637216,1.0,0.15624288,0.08648535,0.14708878,0.4953655,0.7465343
0.06489912,0.033156782,0.047344744,0.020336142,0.10753597,0.97466135,0.9408818,0.12359554,0.12675813,0.21474826,1.0,0.84935385
0.042493638,0.029612252,0.02289025,0.015462827,0.10494273,0.8264171,0.43245575,0.053632967,0.07844931,0.16031078,1.0,0.47378302
0.03033943,0.020585464,0.019435562,0.017543849,0.10035996,0.70931697,0.2826921,0.031005,0.054445565,0.14669515,1.0,0.36025655
0.028256338,0.016453352,0.0461222,0.02702172,0.07436993,0.7583665,0.478782,0.03843372,0.054050695,0.11838281,1.0,0.53948605
0.09066203,0.012395628,0.049680267,0.0673348,0.035426546,0.45911014,1.0,0.13221334,0.039771978,0.057848033,0.5773119,0.83713734
0.1495138,0.011079525,0.02266027,0.070917204,0.01786255,0.1559844,1.0,0.19529553,0.019961389,0.034077987,0.15547684,0.7588197
0.18192735,0.01052182,0.024994336,0.08033493,0.016570004,0.14080614,1.0,0.20938346,0.013292733,0.025146965,0.14919925,0.8992045
0.17576289,0.0065698707,0.022903454,0.050324567,0.010851717,0.13661632,0.8732525,0.17191926,0.00834629,0.017113453,0.18060495,1.0
0.119129896,0.012719502,0.018667934,0.025492765,0.019665169,0.36111483,0.9458056,0.13159648,0.02685303,0.029896792,0.4167129,1.0
0.04597702,0.018180711,0.022702266,0.014891371,0.08387089,0.8168143,0.515198,0.03968771,0.030528877,0.081219256,1.0,0.7029631
0.027018832,0.021577975,0.028123546,0.02044546,0.30997652,1.0,0.2336508,0.027111853,0.026515534,0.1703768,0.8736983,0.24571756
0.0274867,0.059862163,0.058070038,0.03613766,0.6592277,1.0,0.099762276,0.023935046,0.028677607,0.31898677,0.5880908,0.13286644
0.065919876,0.043407246,0.085635506,0.0324761,0.2793075,0.942987,0.48946813,0.06307616,0.01611303,0.21399051,1.0,0.5212117
0.48239306,0.018210815,0.024109624,0.037538074,0.033018027,0.27114484,0.92361766,0.4138224,0.012855886,0.031245315,0.36211088,1.0
1.0,0.040884558,0.0115581425,0.0672172,0.048101425,0.027903626,0.6496381,0.64930344,0.022402845,0.021315124,0.036073405,0.84301597
0.89508396,0.03858589,0.019157188,0.13652238,0.071096346,0.07474584,1.0,0.6209552,0.019435998,0.024218809,0.06659171,0.98020655
0.1419455,0.02150965,0.02829809,0.072552234,0.024580617,0.3221978,1.0,0.19343068,0.012892878,0.015803745,0.23862351,0.6753638
0.08161239,0.042105928,0.048854843,0.040863678,0.03285379,0.86308986,1.0,0.044520136,0.01967827,0.020965135,0.45141175,0.5415951
0.06292405,0.018078418,0.07661985,0.052247293,0.045706157,1.0,0.92247915,0.029127998,0.013960221,0.020511422,0.38437703,0.3633793
0.06532426,0.06651373,0.097189255,0.081934765,0.027091486,0.731859,1.0,0.03997338,0.008047461,0.012463973,0.3116755,0.40316638
0.14331278,0.20715283,0.10290043,0.09309199,0.02183068,0.61092234,1.0,0.052007794,0.0078293355,0.00920881,0.19730179,0.30373114
0.08253248,0.08124027,0.052541066,0.08587908,0.016603662,0.27619207,1.0,0.17293648,0.008293,0.008245308,0.060064312,0.16394366
0.04969613,0.03623093,0.036765773,0.10493365,0.019284312,0.10933254,1.0,0.28693986,0.0072366246,0.007846953,0.021347962,0.111022465
0.062196717,0.057507038,0.045222256,0.122967385,0.02333162,0.086082414,1.0,0.3741652,0.0101746265,0.011252819,0.018474266,0.12405021
0.052276574,0.038828965,0.026199067,0.07117447,0.021201244,0.14251964,1.0,0.43352348,0.018909533,0.010823215,0.013024581,0.09295228
0.02060344,0.017039876,0.029746164,0.07506728,0.014233709,0.21074073,1.0,0.23378806,0.013522761,0.0060038725,0.016082827,0.06506433
0.0117471125,0.012123227,0.05609283,0.10313861,0.014563041,0.28556028,1.0,0.12658389,0.0076137437,0.0036651804,0.02179472,0.054184612
0.011236525,0.018329266,0.13848764,0.18526812,0.036886837,0.40890324,1.0,0.10535671,0.0073048207,0.006052483,0.03655358,0.059387147
