0.44228023,0.489462,0.5088691,0.21254604,0.1994966,0.2037785,0.18059215,0.6606223,1.0,0.30159378,0.29015547,0.29607186
0.29004857,1.0,0.96075207,0.29877818,0.308849,0.17351145,0.11449771,0.40228054,0.45375273,0.09312249,0.12874329,0.17646898
0.17457438,0.9794291,1.0,0.33811957,0.22003408,0.20270735,0.17223041,0.3130575,0.2069401,0.03865883,0.086648345,0.12616603
0.36127973,1.0,0.86022794,0.48441988,0.34515214,0.558097,0.58517754,0.6025896,0.55440974,0.15134645,0.28255758,0.40204605
0.2499389,0.32595813,1.0,0.6123039,0.3276397,0.5219204,0.8932246,0.60044146,0.465683,0.20617211,0.21096343,0.31351653
0.25440243,0.77627325,0.7385784,0.51335627,0.45273995,0.7287754,1.0,0.62861943,0.41346592,0.13350599,0.15571438,0.21639596
0.18499264,1.0,0.9144185,0.29687947,0.47844368,0.5537783,0.70634574,0.453005,0.27466646,0.06327934,0.0921253,0.13701704
0.11087897,0.8669656,1.0,0.14413424,0.28115472,0.66664475,0.7472987,0.37360668,0.26426035,0.12450448,0.1643073,0.1538278
0.06428957,0.29912272,0.44176975,0.16112994,0.4436545,1.0,0.49596572,0.24730806,0.2353283,0.13874342,0.123922616,0.094745085
0.076950036,0.101873234,0.2341056,0.3030184,0.62560505,1.0,0.30930057,0.22621809,0.2616653,0.1474513,0.110482246,0.06805075
0.18882103,0.18352634,0.28775084,0.37908775,0.5988122,1.0,0.5625416,0.5766974,0.49963942,0.20653535,0.13200518,0.17209376
0.17990257,0.48442003,0.82824975,0.30516666,0.5172341,1.0,0.7492603,0.67901057,0.6205026,0.10348901,0.09758657,0.14033121
0.22576681,0.821221,1.0,0.39362296,0.61444145,0.80911744,0.73178166,0.4941899,0.4830455,0.097564325,0.14612928,0.21721649
0.35023665,0.9917336,0.8923966,0.5292649,0.57814884,0.77722496,1.0,0.9063282,0.82050437,0.19025797,0.15523593,0.21318422
0.4452111,0.8801035,0.88467723,0.34283897,0.29233336,0.5925808,1.0,0.71192867,0.5486942,0.20000929,0.23000509,0.47563174
0.5608242,0.489616,0.3443066,0.24515487,0.31713492,0.6397285,1.0,0.57719296,0.363058,0.30351537,0.42150334,0.5836475
0.68548936,0.7343524,0.5679487,0.37945643,0.27494448,0.5269995,0.9973805,1.0,0.54510105,0.42411175,0.34402725,0.374905
1.0,0.39180937,0.22127946,0.09725408,0.043580085,0.087421946,0.16753867,0.14285943,0.07130647,0.06891741,0.27080896,0.9576345
0.64459044,0.33072641,0.25529075,0.11707123,0.10619166,0.12546313,0.08524896,0.07471221,0.1457952,0.55876917,1.0,0.99451995
0.13353351,0.18447419,0.32332742,0.39699307,0.24265283,0.09997678,0.047587603,0.2928032,0.80930334,1.0,0.602245,0.2190775
0.027597424,0.08108572,0.58183277,0.36781597,0.102148175,0.02749526,0.11283537,1.0,0.7012615,0.27336755,0.06598101,0.036413748
0.003378146,0.035599153,0.29679915,0.06885198,0.011181817,0.005215899,0.21094197,1.0,0.14605014,0.009304377,0.010043119,0.004747262
0.0009208457,0.02004124,0.10717353,0.017263671,0.005310255,0.0056353016,0.36040345,1.0,0.08006382,0.0035507681,0.0033852449,0.0022920538
0.0004612739,0.015645418,0.07724736,0.011529104,0.011578374,0.016134512,0.39075357,1.0,0.07274968,0.001302974,0.0020107843,0.003220086
0.0013716929,0.039276507,0.14639477,0.020146769,0.06165381,0.087343656,0.3643024,1.0,0.08164141,0.0018386105,0.003506107,0.0062860777
0.010762436,0.11624627,0.26223776,0.033843063,0.075677246,0.13787387,0.4800564,1.0,0.08877905,0.004575689,0.011685305,0.016624078
0.017296027,0.112651855,0.16733168,0.017617736,0.038024228,0.33795625,1.0,0.82276815,0.08012863,0.008527187,0.03894452,0.027330324
0.011904275,0.021693222,0.021973042,0.00475954,0.024808146,0.4440949,1.0,0.26016492,0.021279657,0.010194423,0.035266045,0.016009208
0.011128635,0.016791955,0.017144658,0.0065272595,0.021409536,0.48429394,1.0,0.23543815,0.019476224,0.014226,0.021534579,0.010616055
0.031782728,0.05773918,0.08762921,0.037589066,0.12608792,0.8393594,1.0,0.56505466,0.08868715,0.04857961,0.06142669,0.03700171
0.039281778,0.051950317,0.10741502,0.074117266,0.06008474,0.19816467,0.7225615,1.0,0.14850369,0.17275381,0.15415905,0.07880287
0.04460299,0.056932215,0.16717117,0.0822278,0.053901345,0.18873899,0.553095,1.0,0.19797842,0.24247515,0.19340709,0.11517172
0.028306117,0.04777062,0.12808956,0.06637155,0.06760231,0.09336346,0.27249357,1.0,0.35658166,0.2533921,0.11628595,0.07403387
0.022034854,0.040320765,0.16217865,0.07448975,0.034080107,0.032396268,0.24026173,1.0,0.24957879,0.088053405,0.07685343,0.048812732
0.02146729,0.023258016,0.08581261,0.051567312,0.024348265,0.017948171,0.26840946,1.0,0.22795475,0.07334318,0.11178041,0.054697465
0.020220868,0.019439302,0.10927398,0.077987306,0.032881778,0.029717833,0.33094132,1.0,0.23098549,0.12255438,0.17611273,0.06783367
0.022040747,0.023938175,0.11821209,0.08504389,0.04030613,0.05454793,0.27522758,1.0,0.45439118,0.19503404,0.21759245,0.058009442
0.022538606,0.02391448,0.107999,0.112467706,0.06941962,0.078130215,0.27125674,1.0,0.4635645,0.24788266,0.3083476,0.060713578
0.019987606,0.014871749,0.09471557,0.10488127,0.06715175,0.06690275,0.2986287,1.0,0.45566735,0.20867652,0.26692796,0.06346671
0.021248735,0.012921091,0.058580536,0.09159746,0.078877844,0.08875902,0.37661856,1.0,0.5310208,0.26014444,0.31459886,0.07453225
0.055762626,0.034220744,0.09425835,0.21396449,0.18284176,0.22554748,0.5696051,1.0,0.79564625,0.6280628,0.51306736,0.102167174
0.06042133,0.045405068,0.0879511,0.22090048,0.20139313,0.26049528,0.5173174,0.984427,1.0,0.71434504,0.5763746,0.10677463
0.058279242,0.07163837,0.08438767,0.25607356,0.20054065,0.17374249,0.43065456,0.9876169,1.0,0.6379078,0.4821002,0.088580236
0.06620653,0.11311003,0.3108772,1.0,0.44335178,0.48458683,0.7523057,0.96204156,0.7477363,0.3545227,0.27282292,0.047236715
0.022631712,0.0306095,0.022928486,0.13268651,0.10884024,0.6412697,1.0,0.29989526,0.1096714,0.028211333,0.028233362,0.0052884705
0.006803605,0.013106797,0.0034284417,0.02965787,0.033456087,0.32309163,1.0,0.3376191,0.0382197,0.007165012,0.0074881217,0.0011617213
0.001994099,0.013030798,0.0037991856,0.01062031,0.022920892,0.1355604,1.0,0.47080773,0.023944484,0.0042256345,0.0066321003,0.0009664764
0.0030201713,0.021976525,0.011742737,0.005043323,0.01846768,0.081816785,1.0,0.6689424,0.027190799,0.0031569705,0.006721939,0.0026378762
0.01348651,0.023918627,0.019259073,0.004884986,0.0096097775,0.055566933,1.0,0.941012,0.04474353,0.0033390122,0.0066802525,0.010762112
0.015317369,0.012210887,0.0134510845,0.0031412318,0.0036625247,0.029667193,0.6843158,1.0,0.09247023,0.0034731608,0.004477205,0.012235296
0.012468099,0.0051943283,0.009663777,0.0026811704,0.0019731412,0.009997074,0.30555886,1.0,0.21616265,0.0064572697,0.0023462407,0.008490599
0.0081151845,0.005475333,0.020751312,0.006305902,0.0028300358,0.0056075593,0.16809547,1.0,0.33633855,0.007938482,0.0021307457,0.006444214
0.008868041,0.017724449,0.04302692,0.0065641818,0.002318569,0.0084226,0.29580963,1.0,0.22247176,0.0050920276,0.0020552482,0.00645741
0.0129071865,0.015909176,0.024460874,0.0027464004,0.0009504025,0.012053018,0.38763103,1.0,0.2199662,0.011351609,0.005784221,0.012135128
0.015875595,0.0056005004,0.005027719,0.003552962,0.001953988,0.020584611,0.45095512,1.0,0.4336468,0.052198123,0.01939853,0.019514544
0.030074613,0.029982327,0.03243922,0.021513946,0.018435981,0.051288698,0.5502344,1.0,0.8137255,0.33159897,0.05865895,0.03144372
0.06282995,0.06366718,0.105328776,0.044073485,0.04756228,0.10638469,0.53415877,1.0,0.7855559,0.9956247,0.21078804,0.0391519
0.04261522,0.021875909,0.029877545,0.009032507,0.0061841635,0.021857595,0.33333164,1.0,0.8276413,0.3047043,0.11001381,0.08557175
0.35934877,0.16581647,0.096681446,0.07644562,0.020253086,0.061705083,0.63128316,1.0,0.6369138,0.35233265,0.15157798,0.2433255
0.40171427,0.34606105,0.4738944,0.5410714,0.066459395,0.13462724,1.0,0.46647477,0.19967134,0.38990158,0.13490522,0.22388588
0.122018404,0.19925888,0.5124889,1.0,0.1307872,0.10984036,0.9694186,0.3570527,0.0753519,0.39155662,0.12672228,0.117841266
0.09278586,0.13931188,0.36227834,1.0,0.16286182,0.07934563,0.9515675,0.4457474,0.08407268,0.56034213,0.2087267,0.08711531
0.10316217,0.12532297,0.2772034,0.8866467,0.16529097,0.06019563,1.0,0.6438962,0.11590948,0.7867493,0.2495389,0.10088427
0.21366575,0.08409179,0.20781618,0.81791407,0.2771014,0.034443896,0.9248064,1.0,0.08877636,0.86611205,0.38393384,0.15332033
0.26410592,0.04367405,0.08898483,0.50297356,0.29224852,0.021824542,0.67289066,0.92525434,0.09190505,1.0,0.47783664,0.18194225
0.40654865,0.06422671,0.049121708,0.15319759,0.17138337,0.016713815,0.38168293,1.0,0.16018486,0.96955395,0.7545657,0.18874353
0.42677242,0.09542819,0.039788343,0.03629554,0.08289216,0.012486149,0.1074645,0.77899694,0.21754687,0.44455084,1.0,0.15048292
0.40288693,0.120720394,0.07076981,0.03872702,0.04455919,0.010056855,0.052090146,0.70607257,0.3589277,0.33768117,1.0,0.17174871
0.8264824,0.22533393,0.1631785,0.06309004,0.046443094,0.016020982,0.10062673,1.0,0.39724314,0.28262323,0.72384447,0.3359776
1.0,0.18516232,0.16595899,0.05478536,0.030848764,0.017651016,0.15802471,0.64226854,0.14819296,0.13752332,0.19079359,0.6114322
1.0,0.382308,0.55306464,0.0733833,0.019254245,0.019898608,0.32104284,0.50043565,0.04690267,0.054485917,0.11785842,0.86673975
0.17953087,0.4704379,1.0,0.12522504,0.0143214855,0.021058545,0.27372113,0.26407802,0.017815338,0.016533015,0.13417722,0.4467563
0.1308922,0.47091225,1.0,0.32056478,0.14552453,0.11942005,0.72782683,0.8165957,0.08596241,0.046986543,0.45322362,0.91417223
0.10109357,0.053482693,0.11109184,0.13091178,0.1336377,0.25207838,0.37025464,1.0,0.3711539,0.047524456,0.33104944,0.71975094
0.061618373,0.013168191,0.041581333,0.046128396,0.03228736,0.15182483,0.25588462,1.0,0.702028,0.04876737,0.06018336,0.19258001
0.030716622,0.012023744,0.027373867,0.045562256,0.031925358,0.107513994,0.43584743,1.0,0.59155184,0.051762488,0.010049962,0.034331694
0.03348671,0.018990662,0.031320166,0.051373355,0.055731773,0.091763385,0.2892572,1.0,0.93362707,0.1394641,0.026069669,0.024437092
0.022053989,0.016200732,0.024230842,0.01098318,0.0070974827,0.013536375,0.09780854,1.0,0.72827834,0.052885436,0.010278599,0.018739162
0.019214896,0.026718818,0.018898537,0.0046401764,0.004764027,0.014508715,0.23732002,1.0,0.3246834,0.017615248,0.0045686997,0.014966866
0.020746788,0.028339045,0.011304193,0.004803082,0.008762765,0.020981882,0.43237853,1.0,0.17619716,0.018682763,0.0063491715,0.022927394
0.025385601,0.029959695,0.0147885475,0.010353754,0.015692933,0.027872233,0.41762698,1.0,0.21081264,0.03549296,0.010800836,0.035077773
0.03175462,0.029422307,0.03532602,0.0222758,0.019118577,0.035896108,0.23802857,1.0,0.4153039,0.062631615,0.014325687,0.040468268
0.031548906,0.024240496,0.04573282,0.031085469,0.02205873,0.03221711,0.108242474,1.0,0.8435507,0.10662037,0.014401934,0.024573497
0.051483758,0.03967108,0.052789707,0.04201875,0.024859961,0.08673621,0.32900625,0.61927146,1.0,0.2932398,0.03763136,0.02104977
0.10328491,0.12765618,0.17964484,0.15091693,0.11825827,0.30642885,0.8671018,0.6597377,1.0,0.36677042,0.06662215,0.04063514
0.12827101,0.12357047,0.34798485,0.26475132,0.32158148,0.5822399,0.8761394,1.0,0.6652214,0.12127497,0.09244392,0.054340333
0.10788217,0.30842638,0.46624824,0.23946367,0.29433376,0.36258835,0.44322416,1.0,0.27271456,0.1017604,0.09469249,0.058585174
0.13632141,1.0,0.5527974,0.28643215,0.15474364,0.1294444,0.492212,0.45452985,0.079892896,0.1389826,0.05635412,0.10914724
0.10064086,1.0,0.38454664,0.18162753,0.04151324,0.034680165,0.23755233,0.0915695,0.018092947,0.042374875,0.017391462,0.09134091
0.074476235,1.0,0.753162,0.13453859,0.032561995,0.015539196,0.13423605,0.10976628,0.017143438,0.033144202,0.013309777,0.062334634
0.031251278,0.44178867,1.0,0.149489,0.02789955,0.010016946,0.078378975,0.20447858,0.038422853,0.04506282,0.018371342,0.01542928
0.03594063,0.14865495,1.0,0.5157329,0.15414724,0.061749376,0.10351017,0.5225862,0.20510283,0.043493602,0.039251287,0.01757181
0.08313287,0.07142672,0.60259086,1.0,0.9725106,0.4948541,0.15274243,0.52713865,0.45846796,0.0470895,0.09501899,0.043518495
0.10694599,0.108761415,0.7559317,0.9259867,1.0,0.77246857,0.46613777,0.52740735,0.26902306,0.034580547,0.06885679,0.0928413
0.10079798,0.2052491,0.73477834,0.4577077,0.16666193,0.43963292,1.0,0.5895871,0.09181272,0.02523792,0.052716743,0.105768144
0.055799115,0.10372491,0.15355854,0.060624268,0.055726774,0.40478656,1.0,0.32932028,0.08399273,0.041148093,0.04028713,0.04570376
0.049712803,0.071611114,0.054638807,0.065860696,0.1630745,0.73746574,1.0,0.36559767,0.229271,0.06614216,0.044360813,0.05540148
0.43522406,0.26699802,0.25329596,0.23946038,0.23764324,0.60256803,0.8851822,1.0,0.90918094,0.19982515,0.18012208,0.37525705
0.24269302,0.09950457,0.13414346,0.07960071,0.043173987,0.08177736,0.25216827,1.0,0.78371185,0.086646974,0.053009745,0.1925047
0.045652706,0.044071723,0.08963182,0.051050484,0.017826632,0.055103954,0.26496804,1.0,0.5086647,0.071608804,0.04892031,0.04250115
0.021535529,0.024570404,0.036176946,0.026892291,0.014528718,0.030262128,0.2724909,1.0,0.3812776,0.052392308,0.031225782,0.022998564
0.029231032,0.011527505,0.010420552,0.014862043,0.018063832,0.017590636,0.36975947,1.0,0.27781147,0.03318481,0.016156644,0.02771124
0.037552245,0.01282421,0.01335422,0.030695727,0.029667703,0.05677597,0.9199982,1.0,0.07971981,0.015887596,0.021582937,0.06694495
0.024714263,0.0079139825,0.014197985,0.028824039,0.015908826,0.10111859,1.0,0.6334829,0.03777074,0.0068887034,0.037010845,0.08814683
0.11003511,0.048579153,0.050122432,0.032275382,0.0132987015,0.11294394,1.0,0.54730874,0.046520904,0.0092107635,0.07365264,0.2509895
0.12833363,0.09231,0.17035647,0.15144949,0.08343522,0.18091229,1.0,0.6928459,0.07436793,0.015458862,0.045232818,0.1725235
0.03631285,0.04585565,0.15746294,0.2070016,0.16969343,0.36344528,1.0,0.6286344,0.11961139,0.024709696,0.022883046,0.056780912
0.052606884,0.02041566,0.03712358,0.04767044,0.11809966,0.3244112,0.99047035,1.0,0.1672647,0.030526944,0.18318053,0.39719063
0.054606564,0.07023845,0.2108598,0.40436128,0.6631845,1.0,0.9212718,0.38616425,0.13428389,0.06416391,0.14802147,0.1997494
0.17148668,0.35423037,0.7959097,1.0,0.6111331,0.4523284,0.23885988,0.34693348,0.57737935,0.27186945,0.1489046,0.08844886
0.07954255,0.15775424,0.27643234,0.25216702,0.19344422,0.23466222,0.39242947,0.7799433,1.0,0.6186081,0.38735828,0.121895276
0.032480564,0.05785455,0.16648811,0.15670268,0.13623609,0.17392644,0.39186814,0.8761603,1.0,0.5618566,0.3297363,0.10031526
0.051290523,0.106288575,0.19822061,0.18077402,0.0917069,0.14916945,0.32653835,0.89021355,1.0,0.37690362,0.3316488,0.12027301
0.04750171,0.1005368,0.17627306,0.14090087,0.10233927,0.14367177,0.29910415,1.0,0.70683706,0.29099983,0.2532894,0.091232404
0.056693334,0.18222056,0.27848625,0.47786373,0.5864479,0.19546083,0.3958288,1.0,0.8426835,0.7158177,0.40874574,0.08227329
0.010018667,0.056909136,0.40514514,1.0,0.65132415,0.33692834,0.20523383,0.3785396,0.49467018,0.4119274,0.1497647,0.015652578
0.002059229,0.15805534,0.71868664,0.34931397,0.28875887,0.40606123,0.46972477,1.0,0.30799273,0.41105124,0.072516955,0.0034845083
0.0013475575,0.139092,0.3616943,0.027150236,0.043702513,0.05711427,0.405566,1.0,0.16405438,0.0979077,0.011530964,0.002055113
0.0011641006,0.058424465,0.14292717,0.00826791,0.0059184018,0.015691113,0.41783917,1.0,0.1437649,0.017155765,0.0026742194,0.001329175
0.006906582,0.050526638,0.048655234,0.002308665,0.0027182025,0.044745725,0.6923293,1.0,0.09746457,0.00413565,0.0016934759,0.0017866615
0.013857717,0.051230676,0.023108909,0.0015010338,0.0038084716,0.10104672,0.82132566,1.0,0.1314066,0.0066687334,0.0037106096,0.0042441995
0.018949928,0.02343579,0.016766261,0.004260808,0.012407926,0.06092153,0.30670923,1.0,0.60044426,0.03887908,0.010110034,0.007080442
0.27733642,0.31876588,0.30115864,0.2316331,0.26463512,0.20302913,0.26826584,0.632085,1.0,0.5286244,0.6515312,0.45957887
0.18825603,0.26174954,0.34388357,0.26580787,0.29102677,0.21635428,0.27549973,0.48188967,0.6090962,0.54522896,1.0,0.53352475
0.21676725,0.24042514,0.35886654,0.29219502,0.22730069,0.19799808,0.2911587,0.8754043,1.0,0.54487586,0.7827915,0.3965819
0.09173795,0.04670721,0.028899528,0.02856628,0.023776527,0.019872805,0.10247985,1.0,0.7684004,0.1005997,0.038486272,0.03149921
0.13193578,0.1012978,0.0206164,0.10285514,0.12143538,0.023795638,0.22186302,1.0,0.48281357,0.05120704,0.030273728,0.024133194
0.19431858,0.12038264,0.07741783,1.0,0.8372529,0.07028007,0.90460825,0.8852707,0.105811074,0.15604305,0.08403793,0.14747243
0.1859219,0.055432566,0.08032845,0.8715236,0.518893,0.076449595,1.0,0.51954496,0.030412128,0.10836696,0.049102068,0.40130937
0.31981024,0.06880065,0.06721215,0.35236555,0.106114976,0.06883684,1.0,0.47020528,0.031625517,0.091390766,0.06593681,0.81584626
0.335008,0.06794895,0.07091146,0.14009334,0.052547768,0.03833813,0.80415463,1.0,0.10447598,0.15158403,0.095766015,0.7003919
0.080032885,0.018726876,0.044016995,0.023851475,0.016612286,0.0086326,0.17895806,1.0,0.25386524,0.08612695,0.10602227,0.09118899
0.017218633,0.010482515,0.056356564,0.019887768,0.0064047365,0.0039864182,0.07651389,1.0,0.35102835,0.032784324,0.066363744,0.01307833
0.004377316,0.015590696,0.090009,0.01963416,0.0020406884,0.0030664583,0.12565808,1.0,0.2512968,0.0072440784,0.011061283,0.008525767
0.027733993,0.19521575,0.18487412,0.014264616,0.0029242632,0.028488297,0.41499004,1.0,0.13886142,0.0029956119,0.0028582723,0.004787071
0.5821958,1.0,0.2473505,0.011226484,0.042168956,0.4417341,0.91340804,0.46181932,0.03799689,0.0034257802,0.009824891,0.062192276
1.0,0.4003428,0.030431673,0.0080638565,0.16588098,0.91331,0.3269946,0.033122655,0.006369886,0.004114935,0.011872891,0.24081679
0.6811456,0.08979252,0.008274561,0.008635638,0.23074594,1.0,0.27370426,0.02813491,0.008233515,0.0049136095,0.013586546,0.28336328
0.66088426,0.18681492,0.06798518,0.08867942,0.24267781,1.0,0.5905036,0.475037,0.08169224,0.0503571,0.0531011,0.39866957
1.0,0.40775165,0.105557,0.15690568,0.19632818,0.2896287,0.62127584,0.7197086,0.19922827,0.07323779,0.06654269,0.29865903
0.5594135,0.300947,0.057852857,0.04855101,0.11777485,0.29228634,0.34058902,1.0,0.3370213,0.043954656,0.045354232,0.1913785
0.3393606,0.18903305,0.04801193,0.034522478,0.059017275,0.15982258,0.33887482,1.0,0.26791608,0.04080706,0.04173589,0.15558867
0.40223634,0.21683767,0.063324,0.050284024,0.038438868,0.09529608,0.2752349,1.0,0.2631712,0.048286498,0.07464908,0.3645975
0.34059304,0.18451235,0.069804855,0.07854607,0.051716078,0.05872108,0.28624594,1.0,0.24538623,0.028423546,0.051725,0.26249757
0.28216496,0.14775226,0.11638524,0.083887175,0.049865264,0.04757951,0.2449555,1.0,0.3053344,0.014969563,0.023274442,0.181145
0.17723715,0.12894586,0.12323882,0.073228054,0.036297046,0.07392909,0.24085015,1.0,0.24494334,0.029708302,0.034408,0.104597956
0.14730358,0.048165556,0.050790727,0.053336117,0.025589053,0.04136507,0.26257256,1.0,0.23411776,0.02126122,0.022671167,0.08390444
0.31787407,0.12609017,0.13115598,0.08650262,0.03852912,0.09803297,0.4463633,1.0,0.27144745,0.044668365,0.048256215,0.14656614
1.0,0.40354985,0.37340796,0.19334684,0.101912834,0.6096202,0.9598795,0.5779981,0.3609267,0.18569359,0.23032962,0.3764594
0.45935094,0.34059557,0.20701045,0.12985246,0.050154142,0.29066807,0.82131356,1.0,0.44697946,0.12344704,0.077910766,0.21236502
0.2985147,0.25772077,0.18746015,0.19251047,0.07902707,0.1889687,0.77646327,1.0,0.39419603,0.066458404,0.046056464,0.1372358
0.4155419,0.21125157,0.19623913,0.30663565,0.21709889,0.40056056,0.5875535,1.0,0.43873167,0.0673342,0.06843559,0.26813182
0.17143813,0.08728584,0.088296935,0.145955,0.15546778,0.35988504,0.50458467,1.0,0.27274194,0.031865332,0.05128764,0.11912768
0.35345954,0.13928458,0.05405526,0.07195469,0.07686088,0.14180109,0.3126762,1.0,0.32221687,0.027992569,0.063544974,0.1868594
0.22790328,0.12626702,0.025975015,0.018583793,0.03659909,0.051817298,0.17635284,1.0,0.2231952,0.011883328,0.023217881,0.099223085
0.16936368,0.09679623,0.017454006,0.017372267,0.033474095,0.11259493,0.24155529,1.0,0.26162297,0.022761727,0.018727193,0.07482934
0.41516793,0.25750473,0.08057289,0.07434943,0.1154623,0.3407426,0.40969118,1.0,0.3679523,0.09272674,0.055127986,0.15055838
0.13366218,0.10144361,0.047857046,0.030169643,0.048070017,0.103292875,0.2421746,1.0,0.30467203,0.0437415,0.032167904,0.0399795
0.042548615,0.038316812,0.03418621,0.018797386,0.024817843,0.062282674,0.252096,1.0,0.23727903,0.037523046,0.04011225,0.026071737
0.10263016,0.07166232,0.048626713,0.028485531,0.030794645,0.046923134,0.3274013,1.0,0.2298678,0.08024249,0.08756451,0.08743395
0.22598033,0.1482107,0.092083864,0.08013602,0.06713727,0.11680786,0.31701759,1.0,0.29522797,0.10314535,0.091443285,0.102342814
0.34411296,0.18934879,0.17835356,0.315378,0.20762609,0.33896884,0.39181632,1.0,0.38907033,0.21032745,0.2037488,0.14175256
0.93564975,0.43657166,0.51303744,0.8713603,0.4848472,0.48025122,0.4852392,1.0,0.548766,0.5727717,0.659464,0.74702317
0.52856547,0.5588948,0.42199647,0.36709398,0.3408967,0.5797399,0.34407744,0.67151535,0.49499133,0.77226776,1.0,0.65448165
0.4057063,0.43682778,0.42093506,0.91324866,0.57295537,0.559156,0.37063313,0.5407754,0.9171362,1.0,0.66009176,0.37394518
0.049914848,0.046803907,0.039883688,0.12734842,0.114484176,0.041184973,0.06825559,0.12231429,0.6017637,1.0,0.18880635,0.02916596
0.06504131,0.045843713,0.01415335,0.052332863,0.08643174,0.03165677,0.02633157,0.10152679,0.6288926,1.0,0.1508939,0.028204575
0.39067006,0.15394168,0.04502857,0.07902316,0.15880013,0.14006785,0.2443747,0.41513565,1.0,0.8451677,0.17949286,0.10887722
1.0,0.47896847,0.20889068,0.36936244,0.35084203,0.49010286,0.7722399,0.91027397,0.8865272,0.5986146,0.4593865,0.73999625
0.60908854,0.16352044,0.041821174,0.0810285,0.10342311,0.12864673,0.10775538,0.13907097,0.2391345,0.46172762,0.7724017,1.0
0.51856345,0.14600968,0.041372523,0.0810336,0.1947394,0.25581092,0.14274386,0.12529257,0.30637336,0.77319413,0.99994904,1.0
0.34552726,0.17429422,0.0763741,0.21385908,0.63389325,0.94349235,0.44531643,0.39077407,0.69976854,1.0,0.8384965,0.6461287
0.30554095,0.2845413,0.29885566,0.20347331,0.43755552,0.6561159,0.3649989,0.20016216,0.24560942,1.0,0.82628363,0.37685326
0.19614185,0.38521767,0.34132054,0.19502333,0.27766505,0.39127114,0.21109848,0.23661587,0.28294137,0.70874065,1.0,0.4534279
0.27958104,0.28377095,0.5429454,0.8796166,0.619803,0.20706426,0.1813115,0.15598115,0.56831986,0.9918602,1.0,0.51767886
0.5115866,0.2373148,0.40128532,0.71899706,0.52212846,0.9510508,0.57830703,0.19134134,0.38476115,1.0,0.79300606,0.29964498
0.20137559,0.13000017,0.20928901,0.35796878,0.36098045,1.0,0.61550695,0.1461307,0.10996693,0.20972042,0.1719744,0.06262002
0.02910333,0.050685417,0.06415258,0.14048839,0.31666753,1.0,0.6403674,0.13123539,0.06104721,0.037084434,0.022870988,0.018102173
0.0146926185,0.048235916,0.11890679,0.10951584,0.22483018,1.0,0.7945863,0.3154318,0.12561871,0.037846062,0.022579009,0.019402722
0.047417164,0.066754825,0.52340245,0.78246105,0.48643076,0.91150516,0.81798553,1.0,0.96757257,0.16986665,0.113885306,0.05865003
0.03449219,0.031805597,0.44830287,0.79181236,0.60324305,0.5899273,0.3320355,0.77367526,1.0,0.13265191,0.059617903,0.03140591
0.03701697,0.11058095,0.44829378,0.74940157,0.87548983,0.5804268,0.6706026,1.0,0.53386235,0.10262781,0.048753127,0.026304912
0.07025568,0.19817205,0.31339264,0.6586434,0.76695067,0.6140348,1.0,0.53032154,0.16407107,0.090127446,0.059855126,0.028596064
0.17307335,0.11699584,0.20414184,0.27428874,0.54074013,1.0,0.6415374,0.13760185,0.14594036,0.061309673,0.033895764,0.04202961
0.22622973,0.044346478,0.07180053,0.12804562,0.5131106,1.0,0.23516825,0.073784344,0.070306286,0.039851654,0.024360735,0.13537928
0.35540357,0.06472421,0.035919342,0.100719094,0.47493234,1.0,0.17007206,0.081547506,0.047130313,0.0410761,0.025732039,0.15115169
0.298009,0.18070476,0.055077896,0.118397646,0.2352255,1.0,0.5529025,0.072950765,0.037229117,0.03596337,0.018228387,0.04335942
0.0923075,0.2358364,0.11073401,0.19789088,0.25131425,0.5643987,1.0,0.15196396,0.02730884,0.036410272,0.01522119,0.010833723
0.05636459,0.31736282,0.14864767,0.38570696,0.4405839,0.28481534,1.0,0.21339008,0.020184733,0.039022088,0.022581115,0.007336954
0.12930228,0.27743953,0.10698976,0.49114677,0.4058297,0.546577,1.0,0.1101017,0.022648647,0.049585484,0.021302328,0.01032717
0.22091775,0.18440609,0.17618284,0.52385765,0.21958047,0.9563042,1.0,0.04907406,0.038999736,0.07542803,0.018172637,0.014842992
0.3926879,0.17281362,0.37936088,0.49103922,0.16273206,1.0,0.50950503,0.03221959,0.059587013,0.08335693,0.016807016,0.038011767
0.5330606,0.44796628,0.47405812,0.55286014,0.1718687,1.0,0.6080384,0.04991689,0.08054848,0.11859519,0.03795483,0.042449307
0.34211275,0.8206752,0.4378146,0.5310781,0.21390428,0.6222029,1.0,0.11965878,0.07569078,0.1758146,0.123611115,0.06581269
0.18195128,1.0,0.96070296,0.47020674,0.2617359,0.26680356,0.84188104,0.4292146,0.07914025,0.17533858,0.20208389,0.08121426
0.062050525,0.58224916,1.0,0.4949637,0.22821629,0.13625008,0.37032282,0.48299024,0.047221188,0.060654167,0.13030732,0.04328426
0.06763372,0.48655775,1.0,0.7006846,0.31462792,0.17692357,0.33477873,0.4911723,0.04167001,0.052767623,0.14455697,0.031084362
0.066068694,0.34836152,1.0,0.70137626,0.29126242,0.16077076,0.25720274,0.54769826,0.06515522,0.044279534,0.17040296,0.03998191
0.048602168,0.23620807,1.0,0.81778973,0.34888497,0.16049564,0.18757737,0.635665,0.104687445,0.03175407,0.16664574,0.061735544
0.034942307,0.24816194,0.8618633,0.41746834,0.27352828,0.14126085,0.38105103,1.0,0.10403112,0.033825487,0.14891873,0.07553597
0.0182209,0.12824267,0.3545533,0.13633311,0.3343826,0.1288575,0.45238945,1.0,0.07493008,0.021122081,0.06987926,0.03687693
0.015676372,0.05235451,0.16174264,0.09917537,0.39928272,0.24539635,0.47604433,1.0,0.09185842,0.022294909,0.044867877,0.019242616
0.010161093,0.027623694,0.08242415,0.0493462,0.103405796,0.14157207,0.34818438,1.0,0.20031923,0.012427915,0.016488187,0.00970965
0.009304363,0.025361989,0.1085181,0.02855837,0.016462278,0.026368426,0.15074423,1.0,0.33400095,0.009283799,0.008948704,0.024231117
0.03110126,0.055698823,0.24122204,0.05517541,0.012141747,0.01838747,0.23833667,1.0,0.23605756,0.015321168,0.035507143,0.09595202
0.020802252,0.034043062,0.14253686,0.03037383,0.009092235,0.03975905,0.57907903,1.0,0.11444009,0.017199196,0.048567522,0.10516363
0.040053986,0.011491833,0.039211858,0.012051477,0.006041123,0.05771075,0.58123946,1.0,0.20497811,0.026646258,0.04413935,0.13136077
0.17364702,0.009220813,0.04233152,0.034512907,0.009219852,0.042220663,0.20326348,1.0,0.57163715,0.047678422,0.026637102,0.28877002
0.20742019,0.09758149,0.28519765,0.10351693,0.020282783,0.053803764,0.2601842,1.0,0.51593995,0.044787988,0.03078224,0.38518855
0.050504345,0.27037308,0.42972198,0.18390438,0.2784148,0.6008627,1.0,0.6137227,0.12266563,0.023814026,0.01965362,0.03948878
0.21668695,0.51188356,0.77197903,0.76931554,0.8399141,1.0,0.7841423,0.39535508,0.09000793,0.032252524,0.044423398,0.08486719
0.72629446,1.0,0.9571972,0.53957546,0.2831134,0.19395156,0.20808044,0.33963078,0.15465714,0.261951,0.5542786,0.6586923
0.20654656,0.16748033,0.18142173,0.12543072,0.10440212,0.1351601,0.2715575,0.47579882,0.30173045,0.5707125,1.0,0.5095221
0.120657474,0.18613712,0.32073098,0.35107154,0.3868417,0.3921562,0.58816606,1.0,0.54562813,0.6446304,0.8311841,0.24970639
0.11822206,0.13189404,0.22947477,0.21344797,0.28576255,0.37849262,0.5551569,0.86882764,0.46585733,0.524889,1.0,0.2969164
0.10277935,0.10408986,0.17140049,0.16830297,0.20167544,0.4023803,0.5349393,0.86478513,0.4104763,0.5259193,1.0,0.26927713
0.21361859,0.4693339,0.942582,0.9152248,0.45032948,0.46291205,0.6077805,1.0,0.5820692,0.6356492,0.98840886,0.31229627
0.03835462,0.111260116,0.3382353,0.69996417,1.0,0.7625967,0.28825557,0.1557975,0.058282908,0.06019688,0.10643194,0.04856131
0.018109007,0.07826589,0.06278938,0.06956338,0.2529367,0.7557149,1.0,0.41762358,0.041244272,0.012410637,0.014862647,0.008569483
0.02520526,0.15498614,0.1345981,0.01849777,0.03943088,0.26117882,0.9621373,1.0,0.17802049,0.021078754,0.01133935,0.011303792
0.04885115,0.13718456,0.12987043,0.036137044,0.012384174,0.040678598,0.25990075,1.0,0.6990102,0.0661022,0.0136572365,0.024592299
0.07161963,0.10032963,0.053433694,0.03778848,0.010491185,0.025775274,0.048515975,0.4584701,1.0,0.14300345,0.014749466,0.019874055
0.06775165,0.06297238,0.031201778,0.027706264,0.010169161,0.01838211,0.031202223,0.38813794,1.0,0.1556706,0.017393382,0.021201083
0.07891323,0.05100309,0.035197355,0.028969007,0.01031807,0.019305402,0.042348813,0.5442463,1.0,0.11850551,0.02264584,0.03684227
0.09010776,0.062687464,0.06708131,0.03657689,0.0219113,0.044068366,0.20040666,1.0,0.9668134,0.11868741,0.04916695,0.06462758
0.15457699,0.20790385,0.091948576,0.034587137,0.038197666,0.1288912,0.84918004,1.0,0.32317132,0.07908671,0.13124685,0.11134831
0.31574863,0.3501251,0.068580136,0.04322242,0.054501582,0.2530108,1.0,0.36290485,0.14711551,0.06996231,0.12709539,0.20299785
0.45288587,0.41757265,0.11462637,0.0610791,0.080554694,0.22947025,1.0,0.47244027,0.18272059,0.05944617,0.07872847,0.24127175
0.30310762,0.20566794,0.117830925,0.044846598,0.052528992,0.08472679,0.53115803,1.0,0.2855556,0.049450483,0.03972363,0.12059185
0.45661488,0.20528705,0.08918386,0.113206975,0.031525582,0.06522926,0.3320906,1.0,0.7028099,0.07727816,0.030801056,0.11604126
0.10934486,0.08870601,0.1134958,0.1516081,0.01766541,0.04297383,0.2949361,1.0,0.80742884,0.0809634,0.0131565025,0.032128986
0.010807165,0.01598898,0.064263746,0.050586592,0.00756147,0.061080538,0.48113126,1.0,0.35895243,0.032822214,0.008911202,0.007559483
0.019795304,0.015051057,0.016582547,0.008730615,0.014118228,0.117516235,0.60349715,1.0,0.23102334,0.0407511,0.03117291,0.02043177
0.05866005,0.039403863,0.02600206,0.030337987,0.11820803,0.58896476,1.0,0.5164192,0.092876755,0.04979348,0.043165512,0.049141377
0.030110216,0.03210946,0.0069253184,0.01755372,0.33103952,1.0,0.42368513,0.04638355,0.04350086,0.011949757,0.012968651,0.020383239
0.063448824,0.07685211,0.021695504,0.013746866,0.34430605,1.0,0.23932303,0.067112476,0.055793703,0.014310203,0.012471258,0.05544832
0.24916911,0.30764177,0.28407678,0.046445854,0.1776124,1.0,0.512269,0.114186354,0.0690001,0.058976457,0.029598536,0.19409414
0.33352602,1.0,0.85677725,0.18889244,0.084158294,0.37943783,0.62270766,0.11229047,0.039744306,0.039758705,0.040682256,0.16521809
0.15309523,0.863401,0.6813923,0.24478683,0.1601587,0.24774471,1.0,0.24675904,0.038169965,0.030178888,0.03668301,0.050211992
0.028445808,0.07113776,0.06542316,0.052521322,0.07617082,0.22291636,1.0,0.32455817,0.037695844,0.018600551,0.015894584,0.01768083
0.017221218,0.023495032,0.020730231,0.027474467,0.34004864,1.0,0.94686186,0.26679432,0.044680398,0.02722489,0.018244494,0.019922605
0.005201084,0.0062683886,0.012893964,0.1453658,0.96225196,1.0,0.2225636,0.042658407,0.039642785,0.017515361,0.010662027,0.010448642
0.0032020041,0.0059148027,0.061840188,0.53592324,1.0,0.30032992,0.066910416,0.043952767,0.03539521,0.011878377,0.013528938,0.011142997
0.022141427,0.02544545,0.30295599,0.73652285,0.46295923,0.22723797,1.0,0.40426174,0.06282539,0.12877215,0.08926565,0.027563682
0.021494245,0.016128166,0.12893878,0.06871375,0.024995567,0.18522166,1.0,0.17936291,0.025036404,0.0924661,0.038659714,0.0120868245
0.012491331,0.0076348875,0.059782784,0.026498036,0.017720494,0.15057723,1.0,0.15499707,0.00627187,0.0438995,0.020890906,0.0070698923
0.012476106,0.0065146773,0.06707354,0.039910953,0.04121494,0.12301917,1.0,0.21929322,0.005167826,0.047492564,0.02912445,0.008583563
0.02294168,0.016668603,0.14245608,0.07056179,0.10904241,0.15934373,1.0,0.22686581,0.01014622,0.095706776,0.04938489,0.012987521
0.032639112,0.08188969,0.20636939,0.08099138,0.19772656,0.7317949,1.0,0.12570329,0.05085523,0.12460292,0.040339116,0.026284276
0.020334547,0.07132951,0.052629817,0.04618605,0.4943316,1.0,0.251371,0.032362398,0.063940264,0.028212773,0.010384215,0.016265154
0.03199693,0.026692605,0.0097426195,0.06552723,1.0,0.6767187,0.035925858,0.057920575,0.044322163,0.008243179,0.009081508,0.0073506404
0.055872392,0.045537047,0.016822947,0.09633029,1.0,0.4743737,0.061052702,0.1981811,0.18439543,0.02566972,0.025532195,0.014189875
0.07103862,0.20600429,0.12028078,0.08788032,0.55823445,0.68762314,0.34290925,0.6009581,1.0,0.3535767,0.10265913,0.04878818
0.16326033,0.56354487,0.6590475,0.24886018,0.2272962,0.47173235,0.48516902,0.6893204,1.0,0.9404538,0.2922952,0.108472675
0.26330355,0.4971091,0.8796235,0.43981954,0.2328287,0.35611093,0.432459,1.0,0.77886915,0.35531983,0.20839863,0.16260949
0.23920381,0.5621273,0.9423167,1.0,0.61808693,0.6516442,0.70330715,0.83868504,0.6621023,0.31536874,0.25168762,0.19294398
0.33232892,0.85169876,1.0,0.5805215,0.4272173,0.42332575,0.337614,0.21335459,0.18725435,0.119190976,0.11926482,0.14076965
0.9331731,1.0,0.66757685,0.30745202,0.41821063,0.38738686,0.23086937,0.3207162,0.19535105,0.08885631,0.16346322,0.42968124
0.97566164,0.19125557,0.07064201,0.043453828,0.0982594,0.14891152,0.45623583,0.3901813,0.12963367,0.068115994,0.1709695,1.0
0.42981073,0.01580043,0.0111757,0.014097497,0.02037379,0.14387967,0.9282627,0.26030067,0.02287562,0.019232081,0.12202296,1.0
0.331704,0.007421855,0.0034252985,0.006353481,0.009987544,0.0976446,1.0,0.41270646,0.014199846,0.00548105,0.096209764,0.8941671
0.5994276,0.019819567,0.0037415586,0.0087714335,0.012376759,0.051053178,0.6763921,0.42972755,0.02014391,0.0146927815,0.07417397,1.0
1.0,0.096068,0.011160666,0.01590354,0.027903534,0.040032115,0.21289231,0.18192545,0.016197214,0.0141389705,0.03718588,0.74686426
1.0,0.24532929,0.03738249,0.035848033,0.19325314,0.07985187,0.047797907,0.09546826,0.01847356,0.0042973734,0.011601234,0.36695734
0.7851128,0.21721421,0.044551156,0.11162638,1.0,0.5481145,0.14491494,0.11882415,0.03213258,0.026177855,0.054701157,0.33845824
1.0,0.09273604,0.027953364,0.13687725,0.8305267,0.58753175,0.44786668,0.46283334,0.2194713,0.34773248,0.36006585,0.9273656
0.8996051,0.06764301,0.016082644,0.023460947,0.030718435,0.045338083,0.16348465,0.2227189,0.21364318,0.70191634,0.39293364,1.0
0.37533063,0.06391885,0.02215572,0.026227258,0.03632101,0.07779024,0.2016864,0.21869849,0.15606233,0.6245869,0.6391196,1.0
0.24142733,0.03928,0.022400752,0.031419937,0.07831137,0.11513364,0.19356278,0.19167247,0.07021536,0.123715006,0.48786932,1.0
0.7173681,0.23500088,0.104760095,0.04828034,0.09348788,0.11780962,0.18849353,0.24799468,0.14005592,0.09818269,0.41112015,1.0
1.0,0.9154954,0.20449634,0.025808917,0.030930674,0.06534057,0.10389072,0.1575023,0.1199383,0.046039756,0.07122696,0.19629438
1.0,0.48548535,0.09378594,0.021927377,0.020386169,0.03212525,0.06621355,0.06733308,0.048089735,0.0557057,0.2092825,0.61376953
0.5096488,0.0994217,0.023861153,0.016517557,0.024331791,0.039810635,0.08156886,0.0840547,0.13369702,0.38632527,0.83070916,1.0
0.13710703,0.051848594,0.036512677,0.03137113,0.07814416,0.13397358,0.20343375,0.5148414,0.8828494,1.0,0.8814185,0.38716725
0.0796978,0.05173491,0.07282333,0.05520393,0.18375139,0.2614797,0.34206268,0.7579697,1.0,0.43731844,0.41615582,0.15259787
0.2357442,0.111317314,0.088639565,0.069205046,0.18268262,0.2556746,0.34969005,0.5288233,0.56157786,0.7228547,1.0,0.82295364
0.39087614,0.050162047,0.033679605,0.02723974,0.026450973,0.055345148,0.08549422,0.059003245,0.03662031,0.06173549,0.42402193,1.0
0.45479497,0.057961654,0.041747455,0.03028832,0.027038645,0.05227313,0.089851074,0.07366844,0.03031897,0.024493378,0.2814296,1.0
1.0,0.49163407,0.10287106,0.061355118,0.10208334,0.20962122,0.5382446,0.51387787,0.1938758,0.09196262,0.16474558,0.58923936
0.9467954,1.0,0.19015482,0.071326554,0.12459812,0.21299204,0.6268773,0.3540153,0.1372509,0.1355898,0.059833746,0.13035347
1.0,0.69809145,0.17724766,0.055307865,0.09866742,0.23608808,0.37085903,0.17337091,0.06776907,0.16541648,0.40370762,0.7852915
0.1752943,0.07262262,0.034974135,0.02115922,0.034756478,0.10068122,0.14136386,0.12265538,0.23646249,0.66842806,1.0,0.58323616
0.038352408,0.052365724,0.03511281,0.019233568,0.052568704,0.37907726,1.0,0.8324011,0.3250176,0.25542942,0.15249828,0.04641142
0.11518646,0.032322325,0.0065677622,0.03574382,0.34794593,1.0,0.9613949,0.37934557,0.07242444,0.03827295,0.017147504,0.057785463
0.5619531,0.10987432,0.0078014047,0.052731056,0.6410103,1.0,0.23206608,0.05782892,0.048123717,0.0323414,0.017451175,0.29158667
1.0,0.51232094,0.12012821,0.055193406,0.2755094,0.5228585,0.16825804,0.09380364,0.05254684,0.04934033,0.040791523,0.3035115
0.7989972,1.0,0.8123201,0.3568997,0.12980165,0.3249414,0.46886837,0.6587936,0.2143084,0.21222952,0.2523689,0.3193903
0.58436334,0.11750533,0.14613347,0.10708093,0.037308797,0.075063154,0.2205438,0.27039748,0.107176766,0.21595024,0.44521308,1.0
0.5761585,0.063335404,0.00618236,0.008855328,0.0128172245,0.026245521,0.09515164,0.09934887,0.07639403,0.17695439,0.39550614,1.0
0.22433978,0.050006613,0.057348233,0.1157443,0.119976625,0.1586396,0.29357308,0.42131296,0.6476554,0.9217351,1.0,0.7519331
0.14563066,0.115621395,0.2056029,0.3761507,0.4654152,0.73402464,1.0,0.83489347,0.6499281,0.5671503,0.2843009,0.21047771
0.64554894,0.49463096,0.43862024,0.42306036,0.47108456,0.5952531,1.0,0.701791,0.29942083,0.19384131,0.20380291,0.41308174
0.7914806,0.354353,0.124749824,0.10735971,0.35974693,0.6055498,1.0,0.4929491,0.2502514,0.24099943,0.21835545,0.27853653
0.5389111,0.49832314,0.27325878,0.13774315,0.40258053,1.0,0.95362175,0.3278834,0.1793656,0.16634206,0.17853324,0.2567009
0.35812888,0.46164644,0.35206813,0.07243375,0.25892466,1.0,0.5950676,0.15424612,0.07776169,0.092843086,0.060454093,0.15178247
0.5630031,0.36124346,0.28181258,0.0981715,0.5512293,1.0,0.35251763,0.13081586,0.11154432,0.16395847,0.13580753,0.28247896
0.48014513,0.23223205,0.09409958,0.098185435,0.4735576,1.0,0.6715052,0.3489071,0.26538,0.18718472,0.2582864,0.47173423
0.52375484,0.13747492,0.101891845,0.107085615,0.27544048,0.87316847,1.0,0.52810836,0.2831452,0.2795597,0.38129342,0.52151525
0.3180644,0.23416136,0.18823251,0.1313025,0.5827179,1.0,0.7069408,0.57556856,0.23564294,0.22243063,0.17534211,0.2717311
0.30191165,0.2409955,0.20308763,0.103794426,0.3936477,1.0,0.6326449,0.33305302,0.21744743,0.2140293,0.26052234,0.1789128
0.7760549,0.37494513,0.19644187,0.14412598,0.30711946,0.6204464,0.29247135,0.30434978,0.258272,0.42715055,0.7790788,1.0
0.5407229,0.10014203,0.047940474,0.1575922,0.18333006,0.16294895,0.09687741,0.11241598,0.11963173,0.2521321,0.53021014,1.0
0.862203,0.12933783,0.058264397,0.22580074,0.22665238,0.15496933,0.14391118,0.10009649,0.1463489,0.22226796,0.33876973,1.0
0.6460062,0.10410828,0.048234932,0.15100643,0.14442965,0.1965488,0.19476698,0.07280848,0.12911052,0.17122209,0.37482193,1.0
0.4766776,0.06958414,0.06895189,0.06778737,0.08085947,0.20768514,0.1460155,0.059252813,0.077103004,0.15562056,0.46112293,1.0
0.50447243,0.113606215,0.07065825,0.09923557,0.20949861,0.3577806,0.35588288,0.1975572,0.13360958,0.7147521,1.0,0.9718701
0.5181321,0.14337501,0.14039963,0.15917213,0.3343061,0.56399643,0.5076952,0.24543865,0.20707776,1.0,0.7621366,0.9036132
0.45836878,0.18110363,0.16897617,0.23451231,0.29994947,0.43538782,0.56592983,0.4840213,0.3333236,1.0,0.7496906,0.63973564
0.3228156,0.14482835,0.13622285,0.09878383,0.29948315,0.3581152,0.31734487,0.3154503,0.37021178,1.0,0.45205486,0.2547493
0.36229214,0.2746909,0.18406571,0.077350706,0.31243846,0.49725413,0.3644958,0.3299471,0.47882107,1.0,0.39580673,0.30204004
0.36094087,0.29341567,0.23717748,0.15749,0.251773,0.6969553,1.0,0.8726845,0.76352507,0.80549437,0.49316788,0.39730942
1.0,0.46946648,0.31792393,0.1802686,0.2941913,0.6360147,0.9601351,0.7332287,0.49578458,0.45567098,0.48767033,0.66468924
1.0,0.47185498,0.47809926,0.19705941,0.27669057,0.7473918,0.7990231,0.46442837,0.545541,0.6892111,0.5886014,0.686446
0.4088027,0.29855427,0.31543922,0.25993916,0.33004558,0.68747836,0.85538155,0.5282711,1.0,0.794047,0.5242579,0.62528116
0.06304083,0.042456016,0.06373325,0.12743792,0.10621153,0.17765743,0.15268877,0.26643372,1.0,0.9623102,0.31900737,0.14962086
0.03829644,0.014006966,0.022053631,0.048077535,0.04006999,0.039924502,0.03701766,0.07153334,0.29263157,1.0,0.81301785,0.288699
0.30692327,0.065239854,0.024545144,0.03815977,0.04160913,0.03956267,0.038964793,0.051255573,0.12239153,0.6792842,0.9617492,1.0
1.0,0.2669614,0.030895233,0.020184785,0.028948033,0.035481714,0.037543356,0.048035167,0.072092615,0.15886347,0.32187676,0.9737662
1.0,0.27023458,0.0387833,0.018777091,0.029563583,0.027793424,0.023458052,0.025926726,0.029154249,0.06432808,0.20938052,0.713379
0.47068867,0.12795228,0.034877647,0.02865169,0.048559837,0.044729866,0.022653101,0.03573257,0.09316468,0.27485016,0.69525903,1.0
0.24494576,0.060624454,0.06641412,0.079479426,0.10525017,0.117950745,0.051570702,0.0592248,0.30155686,1.0,0.7537097,0.6045355
0.09656423,0.04069825,0.104473926,0.24865983,0.19104028,0.082101814,0.036544774,0.03754788,0.16663894,0.80334955,1.0,0.47661954
0.36820284,0.22785147,0.39038917,0.75438094,1.0,0.42503873,0.17715548,0.25991467,0.5463036,0.86830103,0.89021075,0.8396703
0.1341558,0.16392027,0.4864095,1.0,0.41986835,0.09450964,0.04749539,0.111103766,0.1154704,0.07044145,0.06674405,0.0961987
0.01785659,0.022284554,0.11898845,1.0,0.6291497,0.023554942,0.0074765934,0.047641125,0.028131107,0.006001873,0.012416566,0.013901286
0.0019351351,0.0034312312,0.041615825,0.9445906,1.0,0.06898335,0.004660561,0.023210214,0.018607749,0.0022147975,0.004650129,0.0046577817
0.0031523996,0.00535301,0.029744696,0.54520804,1.0,0.36672774,0.03553683,0.009601607,0.0120646525,0.006076249,0.009852175,0.0034429047
0.0069242865,0.014698329,0.016720718,0.15296742,1.0,0.96956336,0.13944401,0.025247777,0.012475318,0.018123783,0.05122306,0.015684081
0.025951445,0.023300998,0.049210995,0.55358225,1.0,0.58644974,0.40016875,0.14435764,0.07587364,0.05625392,0.10397121,0.060323805
0.07339984,0.02811083,0.05995395,0.8596284,1.0,0.18114613,0.22445613,0.11045469,0.10362144,0.061890915,0.053250216,0.059941407
0.08956934,0.037954513,0.08339354,0.76194924,1.0,0.20580506,0.121251166,0.10891382,0.21482553,0.4058397,0.33406806,0.11409393
0.11735625,0.118037984,0.087451525,0.16074131,0.5276232,0.4164541,0.19528584,0.12513897,0.27723163,1.0,0.90476614,0.24102391
0.11123719,0.12842126,0.09767174,0.122828074,0.1358786,0.14020856,0.13682416,0.29797035,1.0,0.5978492,0.22104621,0.14624579
0.13474984,0.24303032,0.075573914,0.050911255,0.050265346,0.040505882,0.16434623,0.41836947,1.0,0.5352165,0.07928116,0.044040773
0.38348296,1.0,0.43084157,0.0855433,0.06728643,0.10834365,0.39275116,0.5508471,0.5801296,0.5120769,0.16926152,0.08929259
0.22490811,0.5460479,1.0,0.25867006,0.09827261,0.07687891,0.35042667,0.9910066,0.2074231,0.09476348,0.10243436,0.13587882
0.12404588,0.1285789,1.0,0.58108264,0.14366494,0.038773693,0.17585655,0.9746534,0.25577173,0.028666642,0.042270333,0.047712233
0.031347077,0.049971834,0.8580428,1.0,0.15911745,0.032121424,0.061327666,0.38111484,0.14542145,0.011826543,0.009737516,0.008780445
0.035940938,0.08208817,0.5959329,1.0,0.57996446,0.1215259,0.24450085,0.441725,0.07693978,0.014610133,0.009972596,0.026444878
0.05344174,0.11112527,0.28604275,0.6608701,0.5238714,0.41253248,1.0,0.6210432,0.052775603,0.013038443,0.011757785,0.05230682
0.04657038,0.05768161,0.12932768,0.16622691,0.096786134,0.298129,1.0,0.47372574,0.05386407,0.019606343,0.018641725,0.041726332
0.18374053,0.088457026,0.10206268,0.25037888,0.52828354,0.6885101,1.0,0.877563,0.8393478,0.1702831,0.061757464,0.13855775
0.089073114,0.071727596,0.29879743,0.9218096,0.42646524,0.15887403,0.107528836,0.6528908,1.0,0.1816042,0.048430197,0.09504269
0.027400421,0.050936628,0.2773177,1.0,0.33406195,0.031821635,0.026406247,0.13138969,0.077244736,0.041801356,0.034775108,0.021240188
0.04990348,0.14000046,0.43041334,1.0,0.41499677,0.047315467,0.022693716,0.041086115,0.028549345,0.026251053,0.029120613,0.03023037
0.62336886,1.0,0.9794196,0.680074,0.22173479,0.05589856,0.10191143,0.15437694,0.09055833,0.050952055,0.116535485,0.30421358
0.64967394,0.5687647,0.5266006,0.3574686,0.16832761,0.28133175,1.0,0.90729374,0.48521408,0.21746437,0.36448953,0.5936821
0.059247185,0.15027837,0.3146971,0.21505174,0.14100245,0.19906375,1.0,0.88727266,0.29119644,0.20689179,0.15009344,0.05075828
0.061563395,0.16119282,0.27366447,0.2548559,0.20980868,0.17567454,0.7805825,1.0,0.39936227,0.29663002,0.24822906,0.05166181
0.12031503,0.27181652,0.36852422,0.3341682,0.20858751,0.2550114,0.9568209,1.0,0.39296716,0.3097844,0.41123044,0.10070892
0.14412978,0.32712317,0.4723029,0.3683225,0.19254321,0.28845915,0.77602357,1.0,0.5704973,0.307714,0.30812204,0.09623496
0.27266535,0.53306,0.067919835,0.09457248,0.07456661,0.48354802,1.0,0.64201814,0.4842667,0.09792186,0.06776325,0.009940622
0.21254268,0.45585415,0.027018763,0.031928703,0.025198057,0.34475803,1.0,0.47681502,0.2372396,0.07466132,0.08026193,0.0052608526
0.23046438,0.392403,0.026184427,0.037220415,0.026462365,0.44809842,1.0,0.50026137,0.33671194,0.14653611,0.118942834,0.0075443927
0.14093548,0.2899183,0.18903072,0.049991578,0.022782296,0.3624394,1.0,0.7689115,0.42972726,0.13977367,0.1037939,0.009638553
0.0054692123,0.07971345,0.2212454,0.05881423,0.0040664347,0.02763082,0.26252443,1.0,0.54578,0.05694607,0.013364484,0.0019119129
0.0025978652,0.02102901,0.07326346,0.03369279,0.005544324,0.01735922,0.18951787,0.8673763,1.0,0.3589686,0.083813325,0.007638998
0.0025252176,0.005234926,0.013326413,0.012108122,0.0075443517,0.011077977,0.04261967,0.11679099,0.4071304,1.0,0.49789783,0.025407756
0.0033733298,0.013910722,0.02386864,0.009142538,0.0037362506,0.0025126885,0.0070259585,0.018862212,0.11708398,1.0,0.5676895,0.017299931
0.014866179,0.029267086,0.01443032,0.007424582,0.004175753,0.0060429964,0.04253678,0.31716263,1.0,0.7384687,0.1326822,0.008768567
0.02879264,0.00813265,0.0040223645,0.007980676,0.004961135,0.01527059,0.26529756,1.0,0.79373896,0.10187567,0.011741114,0.019484367
0.18146922,0.0356113,0.01569413,0.037912298,0.013721001,0.08434885,0.7973998,1.0,0.3158892,0.03662193,0.03700957,0.17851613
0.3829004,0.40111056,0.15811704,0.09997043,0.026783084,0.24190323,1.0,0.36792022,0.068823166,0.025846876,0.079683825,0.2527315
0.12351493,1.0,0.590137,0.07243344,0.012741187,0.103264205,0.35481906,0.09492348,0.016491214,0.006786637,0.015361763,0.018368825
0.07084224,1.0,0.90047604,0.23165502,0.044443786,0.06770574,0.46849418,0.51431036,0.076374434,0.008445139,0.012005448,0.012390616
0.0124983145,0.08904046,0.24503131,0.15468965,0.031242074,0.07117731,0.19949995,1.0,0.5690775,0.024979647,0.004063943,0.009700612
0.0048217345,0.008003406,0.029622005,0.029167589,0.004722436,0.034300607,0.12400652,0.929794,1.0,0.05843833,0.002370672,0.0045859204
0.0023368201,0.0033039413,0.008956787,0.010945706,0.018550372,0.12324548,0.5120784,1.0,0.57148534,0.038665283,0.0025232888,0.0026842374
0.0032115725,0.006786274,0.021155756,0.015891416,0.055111248,0.3202261,0.96949184,1.0,0.21762745,0.034162737,0.0051616244,0.0045913416
0.015587492,0.021334924,0.060841087,0.039314404,0.024560394,0.10976063,0.39141703,1.0,0.24339107,0.07060943,0.017458942,0.01470235
0.031032117,0.086566076,0.13840248,0.15990858,0.04493868,0.08725161,0.3784012,1.0,0.7533083,0.43935126,0.08169167,0.03578076
0.04817846,0.25629342,0.20987654,0.12876388,0.06553782,0.121828064,0.22782537,0.6345276,0.8513428,1.0,0.6013084,0.12932009
0.12203509,0.25951213,0.3828692,0.22250819,0.16246448,0.49132058,0.67637295,0.68515813,1.0,0.7658521,0.8990065,0.64561135
0.03973496,0.10179516,0.36923504,0.1553745,0.048992082,0.15916225,0.18136832,0.11509501,0.23320736,0.54110444,1.0,0.41234908
0.110380225,0.043692503,0.0572929,0.012726635,0.02649896,0.032336336,0.011471271,0.026929306,0.042199433,0.27610853,1.0,0.59421074
0.24549131,0.108005024,0.050583765,0.02142571,0.21348414,0.12663582,0.01097291,0.017628955,0.03387385,0.30618742,1.0,0.7374373
0.10556351,0.074063495,0.039801005,0.06676683,1.0,0.43254006,0.017918266,0.010706913,0.05963592,0.8351647,0.5643821,0.18929651
0.002703306,0.00435147,0.0022512632,0.03365466,0.6920556,0.335559,0.009160241,0.0055683088,0.06661063,1.0,0.42762598,0.008998258
0.00085309026,0.0018115164,0.0005462572,0.012609995,0.21123797,0.09696503,0.0031308325,0.005971392,0.123840846,1.0,0.34624135,0.0050376663
0.001555845,0.0023469548,0.0006678827,0.009164511,0.047845993,0.009537159,0.0041530794,0.0571334,0.6606057,1.0,0.11516904,0.0029643418
0.004362737,0.0031991012,0.00088774733,0.004469686,0.010501642,0.001695133,0.00862092,0.16578929,1.0,0.6003195,0.027248623,0.0017376278
0.041010007,0.021997854,0.0015060814,0.0057877507,0.0059131547,0.0020540615,0.012741194,0.1898183,1.0,0.4494377,0.017622918,0.0033076245
0.32024196,0.13076864,0.006987717,0.034820177,0.0254405,0.00760653,0.01658192,0.12646316,1.0,0.4742113,0.03474926,0.029019633
0.16244954,0.040796272,0.04816571,0.088196434,0.024589334,0.015404497,0.044682704,0.52627915,1.0,0.2122118,0.07187032,0.052125707
0.03076594,0.03129037,0.10778048,0.11018116,0.049647033,0.045193683,0.16135587,0.79255116,1.0,0.382876,0.19131026,0.05811301
0.056014072,0.06058558,0.07608972,0.08753783,0.10072757,0.1003348,0.23261468,0.8195281,1.0,0.60949874,0.3384725,0.12309533
0.029792624,0.09301382,0.11391952,0.05721266,0.09363513,0.09537465,0.5427519,1.0,0.36103794,0.12532711,0.10504055,0.05683831
0.02643588,0.08780288,0.07835729,0.05566941,0.07431477,0.25330418,1.0,0.53483325,0.06923921,0.03660866,0.047683235,0.038186423
0.017391317,0.036307953,0.02165835,0.031445142,0.04864435,0.54427046,1.0,0.1620204,0.017786745,0.015723454,0.018781593,0.014595395
0.013495779,0.017552355,0.004586053,0.013451123,0.048246346,0.78385776,1.0,0.08290558,0.0063108215,0.007892426,0.00971174,0.00836246
0.012728001,0.025655435,0.006140239,0.010804357,0.026216168,0.44693732,1.0,0.22839037,0.013105984,0.0052075977,0.011270234,0.0155974245
0.017169092,0.03250526,0.0130569395,0.013654319,0.021050822,0.18086527,1.0,0.49093276,0.030429408,0.008931602,0.029262353,0.047770243
0.035691608,0.06152748,0.025020663,0.014062262,0.018560145,0.13046901,1.0,0.52864355,0.027855152,0.011803644,0.065974504,0.13946867
0.04820444,0.07351458,0.03343227,0.008122908,0.007976228,0.103326716,1.0,0.5542968,0.024317427,0.0083391145,0.055795975,0.1395094
0.01981689,0.016795734,0.010401121,0.0021110491,0.0087184105,0.24235469,1.0,0.36402628,0.016717313,0.0065460545,0.020629514,0.056929193
0.0055418145,0.0033515778,0.0023134686,0.001047253,0.014703407,0.40892717,1.0,0.18045035,0.015081224,0.00992695,0.012815892,0.016441233
0.002671896,0.0023944168,0.0020181388,0.001614678,0.013572137,0.25814474,1.0,0.4255712,0.023695242,0.009632513,0.0061939405,0.006210551
0.009668901,0.008490121,0.007460072,0.0037653116,0.007615801,0.07402831,1.0,0.90877676,0.043531258,0.009014089,0.010124448,0.014444347
0.014664133,0.007265301,0.006594854,0.0059694825,0.0039332905,0.10434365,1.0,0.5820576,0.019940889,0.0084922835,0.023797914,0.044018682
0.013783507,0.0049241115,0.004319477,0.0064155767,0.003157263,0.082981125,1.0,0.71001333,0.042948283,0.0051453635,0.017201824,0.042284332
0.04010983,0.0053201667,0.0039222734,0.010390177,0.0062328335,0.049345862,0.926905,1.0,0.06466986,0.0039184736,0.011288215,0.06656845
0.09505316,0.012981697,0.0053238813,0.009235832,0.00823386,0.017782003,0.5724007,1.0,0.078796774,0.004161268,0.006940849,0.09583401
0.4317726,0.07241913,0.023718504,0.028558884,0.033468775,0.016088001,0.51963496,1.0,0.07759861,0.045523316,0.053563725,0.245983
0.51456857,0.1422212,0.38644287,0.15806104,0.090622626,0.033928115,0.38639334,1.0,0.12583444,0.06597453,0.08610615,0.21657427
0.118416004,0.11604203,1.0,0.5479272,0.11481013,0.041193243,0.12043724,0.48936665,0.09007817,0.016393643,0.015436265,0.02610802
0.16919108,0.10211848,1.0,0.70881784,0.3483781,0.16251767,0.26461628,0.70228004,0.12887634,0.041554876,0.03788989,0.062986545
0.3616145,0.059355963,0.12849851,0.08929329,0.14235707,0.13915464,0.31080905,1.0,0.33673108,0.047956005,0.035881713,0.18433204
0.15030554,0.028529437,0.044155676,0.020509314,0.023664346,0.115665756,0.4901505,1.0,0.35045236,0.041100573,0.016937172,0.09659522
0.02960166,0.028410532,0.06231928,0.03052776,0.05709699,0.32798544,1.0,0.795057,0.25506446,0.09818243,0.017926045,0.020967968
0.04668035,0.06521469,0.11884222,0.09399598,0.14966506,0.4413632,1.0,0.52571857,0.6521401,0.64976597,0.09004144,0.06525781
0.17500482,0.13076556,0.1743503,0.13500936,0.20159088,0.6260644,1.0,0.45960632,0.67163587,0.6757631,0.18626726,0.16910316
0.11870922,0.06370388,0.10610037,0.31477785,0.60270476,1.0,0.64893883,0.545095,0.5754287,0.5102364,0.14147411,0.071593605
0.0247729,0.039849177,0.26856485,0.5772341,0.7516899,0.59081894,0.31620786,0.44667065,1.0,0.6229159,0.1897765,0.040540233
0.015263523,0.03554976,0.448942,0.79622513,1.0,0.8813573,0.25746247,0.29187015,0.7456377,0.4059414,0.20801623,0.03779697
0.017181639,0.04261712,0.61251247,1.0,0.9407107,0.92886114,0.37397677,0.1895459,0.22117396,0.14906932,0.111169085,0.024972482
0.04232996,0.10969475,0.97947,1.0,0.71696424,0.7154472,0.39407694,0.11961961,0.05823062,0.061242938,0.050571408,0.020274179
0.11898002,0.18707034,1.0,0.63273466,0.30143565,0.46294945,0.250672,0.04848578,0.025107183,0.036765978,0.03234576,0.042092662
0.24360232,0.61927426,1.0,0.45405778,0.21364784,0.5827392,0.40051654,0.097654305,0.06793835,0.068920396,0.07887756,0.11501878
0.5161036,1.0,0.3126455,0.065452114,0.06605999,0.22455835,0.36487567,0.27789748,0.12979405,0.056761954,0.09505457,0.119866
1.0,0.6019467,0.057104517,0.030242896,0.04171793,0.06347232,0.20351039,0.50621784,0.1628193,0.07672666,0.14769581,0.22165608
0.6971667,0.3941844,0.040222764,0.017820336,0.019497529,0.01951276,0.2725925,1.0,0.21911763,0.040701058,0.052493166,0.12676147
0.53205043,0.9067494,0.28358802,0.046962388,0.03224688,0.028501991,0.2873625,1.0,0.3666996,0.037361383,0.03318031,0.07589121
0.17432551,1.0,0.7968438,0.10505438,0.030168626,0.0399685,0.065745175,0.18168032,0.25792268,0.1479042,0.039328277,0.0348546
0.034502648,0.3076815,1.0,0.29955086,0.02481551,0.04150029,0.072326854,0.18392459,0.31079733,0.42874146,0.19066435,0.044647988
0.11350069,0.48321375,0.9236262,0.19818147,0.019168723,0.03327732,0.045346066,0.13189708,0.34683767,1.0,0.6974551,0.22185001
0.12929392,0.70928127,1.0,0.13452192,0.021374376,0.04562473,0.04222506,0.03607634,0.11877511,0.17895849,0.14430875,0.18041445
0.069026485,0.55343336,1.0,0.17267582,0.13304263,0.15453269,0.18134414,0.032410655,0.109622955,0.20369025,0.05179999,0.08382791
0.024963053,0.14324404,0.2922342,0.22760414,0.5535222,1.0,0.3659828,0.06436947,0.28381503,0.2865662,0.045899276,0.04018232
0.005701216,0.013190103,0.015004048,0.062332105,0.26911178,1.0,0.16527127,0.033897888,0.23674631,0.09874413,0.012116129,0.011248147
0.006756974,0.008600568,0.015536214,0.021114115,0.16471624,1.0,0.59446466,0.08783128,0.34003267,0.32369232,0.03371001,0.009108758
0.007690283,0.009868206,0.037202023,0.04840313,0.09663927,0.3598066,1.0,0.57112217,0.16448177,0.31409442,0.11955498,0.018839959
0.033123337,0.047538064,0.14128618,0.21086766,0.098807044,0.17287041,0.45427483,1.0,0.28609616,0.10419037,0.189826,0.062020615
0.4832483,0.53715163,0.9585449,1.0,0.3087979,0.23530573,0.40733117,0.92494786,0.4836848,0.2584995,0.7070519,0.65920514
0.46661577,0.4700804,1.0,0.8945968,0.34508213,0.21446174,0.23300993,0.29916266,0.30204436,0.3908332,0.69535995,0.78865176
0.09007641,0.50445837,1.0,0.3275695,0.11202789,0.12518223,0.12091962,0.18937488,0.23437653,0.21775922,0.15114461,0.1066218
0.082548834,0.52797836,1.0,0.35872522,0.14051963,0.17572793,0.12361081,0.20854236,0.2875048,0.24836363,0.15363616,0.08348433
0.07037108,0.28431937,0.8513993,1.0,0.4826462,0.30164078,0.23730054,0.33883584,0.6511018,0.50570434,0.24791005,0.10262388
0.118695535,0.10814989,0.16902009,0.23351601,0.63440007,1.0,0.6581661,0.49412715,0.42221817,0.3068731,0.43207276,0.23539491
0.49358475,0.43750998,0.29966024,0.10380656,0.31944308,1.0,0.9185429,0.56456965,0.33562297,0.29607773,0.58719134,0.62909937
0.07518971,0.12409165,0.11055878,0.036256667,0.08553288,0.15438281,0.60446954,1.0,0.20603314,0.058904957,0.11280863,0.0968719
0.0046142573,0.018634582,0.054753937,0.015586802,0.052236922,0.074423105,0.26502183,1.0,0.16606309,0.010604458,0.025335265,0.01780705
0.0027882874,0.014486826,0.078549586,0.019097209,0.03788139,0.07593373,0.20880084,1.0,0.14163218,0.006154422,0.01346657,0.011112279
0.0022055132,0.033032626,0.068517976,0.011798963,0.023187272,0.042737875,0.4213089,1.0,0.0989053,0.005678932,0.0053616352,0.0036303005
0.019881457,0.098066285,0.060499642,0.013249311,0.049112543,0.22271608,1.0,0.7538139,0.05463755,0.021560017,0.01082564,0.006890362
0.061535716,0.06607266,0.029773155,0.03526538,0.27755263,1.0,0.7352489,0.18527555,0.10277942,0.06572004,0.025853986,0.030532543
0.0586035,0.026362082,0.037073635,0.213844,1.0,0.9425581,0.42849392,0.23456618,0.1539844,0.054867636,0.032864347,0.066766135
0.122647636,0.120414786,0.08354605,0.308692,1.0,0.57975733,0.41410887,0.3676867,0.11201274,0.07863943,0.04530645,0.059793804
0.16378354,0.21090007,0.14864545,0.2926716,0.98095673,1.0,0.5813829,0.50285727,0.36591294,0.24589744,0.10638953,0.055238128
0.07277673,0.108173065,0.20754969,0.45147425,0.9712677,0.9561469,0.8141611,1.0,0.5347643,0.23601681,0.15954238,0.083745115
0.09410735,0.0725096,0.053864468,0.10505952,0.27989203,0.41707548,0.57999283,1.0,0.28482056,0.15388185,0.09944285,0.082849935
0.21630573,0.20206161,0.16477332,0.1937865,0.34442917,0.6485796,0.707839,1.0,0.5449565,0.2553465,0.15633528,0.2081521
0.308118,0.7532935,0.9576699,1.0,0.77781904,0.4677854,0.3504086,0.32797715,0.17310989,0.13166372,0.083654776,0.15577394
0.83848494,1.0,0.6862715,0.4339895,0.3022725,0.2360926,0.3085615,0.40979815,0.15124252,0.11394551,0.24636127,0.54026717
0.5876546,0.25500143,0.10190533,0.039668836,0.062984146,0.18034235,0.60048103,0.6889457,0.46728617,0.22148584,0.4168793,1.0
0.26248237,0.13944353,0.034366712,0.009976565,0.029729318,0.09294034,0.6705372,1.0,0.4671337,0.2326224,0.09882559,0.24235132
0.19632362,0.51146096,0.43274835,0.13472348,0.123816386,0.17830884,0.68511045,1.0,0.36419526,0.23271956,0.08027266,0.044348575
0.038446452,0.18093273,1.0,0.7876186,0.18425997,0.15162627,0.36684796,0.36048028,0.0988791,0.09336239,0.05182767,0.026286118
0.012576964,0.05937088,0.7761043,1.0,0.16008037,0.047815207,0.15119013,0.2776988,0.047398422,0.019727653,0.017614644,0.013312834
0.14917621,0.46760556,1.0,0.6571696,0.08639052,0.029889908,0.15054649,0.26068872,0.07168662,0.025470888,0.020293102,0.035522
1.0,0.7239774,0.32494003,0.08952662,0.02324449,0.066954106,0.12756765,0.094349526,0.086756654,0.04721167,0.036581006,0.39765304
1.0,0.12333598,0.01891619,0.0054595154,0.015605484,0.065404736,0.06564124,0.06454262,0.12580052,0.04195257,0.080224864,0.9594991
0.8739279,0.10526223,0.014164329,0.006086582,0.017185487,0.038089745,0.10154331,0.24874206,0.18158336,0.02906674,0.10246095,1.0
0.9932041,0.8561429,0.26626784,0.06853102,0.06894785,0.035752688,0.21891625,1.0,0.86033946,0.1368097,0.0515715,0.36037916
0.17829986,1.0,0.891317,0.17269143,0.04170763,0.024397342,0.07004824,0.2144687,0.46072805,0.2777097,0.07425848,0.04592994
0.3378704,1.0,0.5399002,0.08278104,0.01735559,0.020113733,0.022163521,0.02687257,0.070163704,0.102114014,0.039926942,0.037322775
0.9846392,1.0,0.1714465,0.011674527,0.011715495,0.031510387,0.049252957,0.07766805,0.030753002,0.019199817,0.03244665,0.18594705
0.74415046,0.3521953,0.06942404,0.042113416,0.05735267,0.060745526,0.19181424,0.3115215,0.18788968,0.13814507,0.45220178,1.0
0.38813692,0.19834611,0.088067845,0.07612857,0.054089125,0.04873319,0.1272339,0.3068584,0.18519527,0.17629883,0.62295055,1.0
0.37419495,0.92032534,1.0,0.3263328,0.035230044,0.015693799,0.03336339,0.1217465,0.2827078,0.20751037,0.09803513,0.19730759
0.029001476,0.2906892,1.0,0.56162107,0.047101144,0.007278911,0.012609668,0.027469024,0.106396124,0.30858663,0.26032004,0.054034743
0.037689324,0.063291445,0.5320859,1.0,0.30927125,0.040045127,0.016610403,0.019619009,0.0644497,0.24464779,0.5779379,0.26524314
0.08412168,0.030841494,0.16392268,1.0,0.6098197,0.05127908,0.03565743,0.028940437,0.04084477,0.12647045,0.28951532,0.26287606
0.062453974,0.07666927,0.36659992,1.0,0.39423317,0.04001735,0.040377185,0.037281156,0.06471225,0.1383791,0.10970942,0.09675259
0.023349686,0.19215517,1.0,0.83769345,0.107359216,0.033557728,0.027957426,0.033953786,0.11012302,0.13396804,0.10268619,0.041494366
0.093074046,0.60215557,1.0,0.4072707,0.114156306,0.08860179,0.021710658,0.03375037,0.160611,0.14757474,0.073992856,0.021254692
0.504643,1.0,0.38970542,0.16412587,0.47173697,0.40420005,0.045150477,0.106056325,0.27179307,0.17496122,0.10199473,0.062711574
0.55645657,0.6196396,0.2420142,0.2731175,1.0,0.49265918,0.11140924,0.18268009,0.37779203,0.23231497,0.21039082,0.116626754
0.10091449,0.2699413,0.47065482,0.68077046,0.63745797,1.0,0.32886598,0.19714227,0.3132752,0.20055394,0.264597,0.09474551
0.022299068,0.026432332,0.11713149,0.6502071,0.5729521,1.0,0.3514568,0.19089921,0.15218665,0.09665888,0.1902036,0.1050609
0.039212093,0.028189149,0.11217402,0.82238007,1.0,0.9348995,0.2856134,0.16241781,0.10070795,0.12793328,0.20247647,0.109103866
0.030502794,0.028253486,0.31060088,1.0,0.8796904,0.5286992,0.123209044,0.06948104,0.094543576,0.34147048,0.4098291,0.11784222
0.023271192,0.07944949,0.4467639,0.65137804,0.54173446,0.16962048,0.09555162,0.04607559,0.34371862,1.0,0.37089655,0.0743011
0.025668953,0.12200047,0.18556131,0.26291588,0.28671438,0.15814054,0.061484803,0.24329297,1.0,0.88623565,0.102089114,0.029825293
0.020271454,0.06678604,0.067834966,0.1441092,0.17648877,0.19847839,0.028678222,0.31682777,1.0,0.234165,0.020953689,0.0146459555
0.03446366,0.15068865,0.8785388,0.51341033,0.28947282,0.26670456,0.17508733,0.2898031,1.0,0.9213334,0.19388248,0.030089965
0.02236653,0.076041155,1.0,0.6694288,0.13325925,0.096943155,0.27903706,0.15248153,0.05608998,0.33371538,0.18914786,0.020988792
0.009357341,0.07764279,0.9269819,1.0,0.09261027,0.050496425,0.1296201,0.052713353,0.024133258,0.11496032,0.10432893,0.012752154
0.051875137,0.42297107,1.0,0.4419585,0.030952316,0.025676845,0.01904028,0.011256295,0.071517006,0.112560526,0.041405592,0.0070001422
0.3753839,1.0,0.4084368,0.07233681,0.025717432,0.03171604,0.017522534,0.030899212,0.12303944,0.06494378,0.022025991,0.03036173
0.85285276,1.0,0.17996518,0.062909745,0.05676348,0.026787367,0.017064756,0.086224794,0.08847072,0.03659706,0.03585227,0.08870554
1.0,0.44028786,0.29015008,0.17965485,0.26174036,0.068413265,0.03934512,0.2354897,0.13463894,0.076555006,0.09965864,0.20899819
1.0,0.4037571,0.3086392,0.46869755,0.609085,0.12693603,0.08792591,0.24471581,0.1578368,0.23798332,0.24652359,0.29584947
0.74132025,0.22681741,0.32399008,0.9327668,0.4576881,0.060860775,0.2543983,0.2364019,0.10566524,0.123866126,0.21748291,1.0
0.26266223,0.06944204,0.15430275,0.6044431,0.094604895,0.034416936,0.1969231,0.07803069,0.014413646,0.019455893,0.20173585,1.0
0.15339859,0.022505613,0.14546525,0.30881536,0.021637086,0.02706751,0.093566045,0.020284805,0.0042259838,0.01213149,0.3361403,1.0
0.09974118,0.014737068,0.16349526,0.261198,0.011263959,0.02241711,0.05741611,0.008254869,0.0022530418,0.01140058,0.44851774,1.0
0.07808394,0.014536718,0.20790558,0.32865494,0.013394553,0.021434162,0.052638903,0.008296798,0.0031415843,0.012540758,0.51611745,1.0
0.06761283,0.01285756,0.32350752,0.4443254,0.01744601,0.026820708,0.05754312,0.009636344,0.004002322,0.017082274,0.5919072,1.0
0.08236103,0.011508687,0.38291255,0.64305466,0.028326081,0.02682901,0.06381913,0.010902917,0.004313569,0.0136532355,0.5052462,1.0
0.115364574,0.012942319,0.42061448,0.99896365,0.060649518,0.031585395,0.09472397,0.019776624,0.008045092,0.011550051,0.39846304,1.0
0.094799854,0.010398455,0.2700305,1.0,0.087002866,0.022500744,0.089813344,0.022063151,0.007070112,0.0077037634,0.14814432,0.53605825
0.06628995,0.013270837,0.2462436,1.0,0.09102192,0.016820045,0.075434566,0.019564698,0.004866149,0.005871641,0.06906354,0.29657412
0.058289,0.0153133245,0.2422003,1.0,0.09836781,0.022365084,0.08979489,0.024892561,0.0074215047,0.0075654937,0.06127539,0.24809827
0.07740082,0.011102609,0.22766453,1.0,0.13373148,0.05512269,0.13909152,0.034480993,0.0142522,0.017348142,0.17370805,0.441611
0.11692676,0.020419376,0.21949369,0.5633818,0.25823298,0.34043843,0.487526,0.12809159,0.06773192,0.06415941,0.5706757,1.0
0.06828014,0.039356574,0.10356907,0.13049468,0.29075223,0.6221039,1.0,0.311865,0.14408085,0.09310607,0.4671388,0.55520177
0.100932196,0.07689783,0.13607717,0.20252348,0.20446904,0.52281386,1.0,0.5180024,0.21388642,0.25747004,0.9114348,0.6079084
0.061337702,0.025089214,0.059357475,0.102521196,0.07601207,0.12251974,0.13171804,0.22044954,0.10156917,0.2807645,1.0,0.6380029
0.12820879,0.039005443,0.04291422,0.054243077,0.06191686,0.094751805,0.09302483,0.16762365,0.08163033,0.26975042,1.0,0.7084433
0.4740694,0.08153862,0.03361887,0.031972528,0.029213196,0.029991273,0.034684706,0.056536898,0.028524108,0.06596983,0.4471521,1.0
0.41077742,0.039570626,0.01716268,0.019030455,0.009305343,0.010221169,0.026512073,0.028231524,0.014177583,0.040038742,0.37533483,1.0
0.08609445,0.014249261,0.015156616,0.011838595,0.007708043,0.011178945,0.012818541,0.012974449,0.030816523,0.3050394,1.0,0.69095194
0.01990305,0.01328272,0.022229785,0.012994937,0.007018883,0.008968394,0.017420867,0.05440496,0.19595726,0.7225468,1.0,0.32521316
0.034856327,0.025847565,0.05418156,0.054723345,0.029277176,0.06745544,0.29678977,0.7596666,0.9393384,1.0,0.7498624,0.27747104
0.023699818,0.03721509,0.09267061,0.13659297,0.11732299,0.2991512,0.6685712,1.0,0.8343683,0.32023248,0.16239858,0.06496787
0.025936324,0.045087658,0.103587106,0.18859401,0.13395636,0.15146007,0.17580506,0.45137018,1.0,0.41200322,0.11612059,0.06333795
0.031183876,0.06238579,0.12511495,0.17528053,0.072479025,0.056700062,0.08322641,0.32243022,1.0,0.41493845,0.11187747,0.052573685
0.021464216,0.037695378,0.09258815,0.18958993,0.10062564,0.07682082,0.06386247,0.32010624,1.0,0.5563281,0.118466675,0.042360377
0.04190399,0.16566454,0.4917761,0.63312626,0.3136582,0.20639092,0.11115324,0.30647817,1.0,0.78969777,0.36538705,0.1368175
0.023426682,0.08485635,0.5326524,1.0,0.8706401,0.55583745,0.1428797,0.07123594,0.2341787,0.3138375,0.20127177,0.07534505
0.023837551,0.07081205,0.22271018,0.5021049,0.8830575,1.0,0.48684305,0.2109927,0.410641,0.43993253,0.17548373,0.033352923
0.006623145,0.037532955,0.07309988,0.20561951,0.38058382,0.33246124,0.2977022,0.36050597,0.9776,1.0,0.42461556,0.03285527
0.0011506765,0.0034892207,0.010816209,0.12699264,0.19428697,0.039461683,0.031533323,0.23928551,0.9585893,1.0,0.3998014,0.025774946
0.0019907842,0.009983842,0.024621094,0.08181511,0.21621564,0.12668039,0.16914903,0.5815299,1.0,0.87927574,0.48433772,0.049867008
0.019596567,0.0938236,0.071048,0.055485547,0.2549183,0.61863214,1.0,0.60998905,0.5304188,0.48831502,0.35498402,0.053708874
0.02580758,0.039516285,0.027637566,0.10711151,0.4771637,1.0,0.5273671,0.08995918,0.078239374,0.079725526,0.06296596,0.03592681
0.014494551,0.004710994,0.028025594,0.23328623,1.0,0.68109643,0.110890724,0.019045342,0.034720145,0.03334188,0.029299483,0.05071137
0.010997493,0.005458977,0.022356182,0.2496438,1.0,0.441447,0.05128822,0.012005935,0.030764086,0.020353494,0.013733863,0.027175887
0.023459183,0.0364204,0.019330408,0.10701537,0.7099314,1.0,0.38507795,0.08866665,0.09006205,0.047306977,0.019137422,0.01191343
0.025806835,0.12113472,0.07717542,0.15563276,0.5701006,1.0,0.7975033,0.52456856,0.502798,0.3302473,0.1462138,0.030666916
0.011730346,0.04187346,0.11402427,0.4704036,0.5378476,0.29717916,0.30572528,0.6369741,1.0,0.60195845,0.3520344,0.07998617
0.022179179,0.014824628,0.07748701,0.4837011,0.50579935,0.15429708,0.1429737,0.50560355,1.0,0.588132,0.38041142,0.12961651
0.11005207,0.022878898,0.060044453,0.6331815,1.0,0.45960346,0.6288225,0.62674564,0.8341489,0.55192757,0.94740224,0.6422461
0.016436417,0.006181211,0.0406457,0.33222407,1.0,0.97561187,0.3972218,0.1093101,0.078142636,0.09586159,0.19909257,0.10461015
0.004093337,0.0042059603,0.055544358,0.6017131,1.0,0.32338965,0.06275866,0.026422303,0.032698046,0.04041789,0.041791122,0.013968772
0.0091080405,0.0046963934,0.09464467,0.9114082,1.0,0.17300472,0.039159816,0.029276367,0.034307417,0.034636617,0.04110122,0.030164625
0.049205605,0.035320405,0.08732267,0.47950628,1.0,0.638552,0.15228823,0.085505225,0.041679524,0.022490768,0.023406345,0.037492827
0.06907129,0.11340936,0.11609807,0.5764035,0.97020864,1.0,0.5413898,0.6129673,0.39261013,0.1406416,0.037623737,0.01293505
0.012989842,0.023658248,0.09711237,0.5643061,0.20603757,0.12158998,0.23720314,0.7826612,1.0,0.38694492,0.04914558,0.0045835394
0.007980931,0.015106047,0.122438885,0.6073044,0.16305037,0.08932416,0.48209313,1.0,0.96948504,0.42685005,0.08340771,0.010678745
0.06908807,0.03307553,0.09082666,0.43660113,0.83895314,0.6395328,1.0,0.6579999,0.2975945,0.11949534,0.13175212,0.14282358
0.08342439,0.008160869,0.022807268,0.14899452,1.0,0.93085,0.23500562,0.062071968,0.018875534,0.008430463,0.021363487,0.11876904
0.0573201,0.0044844807,0.04900948,0.44853,1.0,0.38181195,0.036416516,0.011236493,0.0036700186,0.0022765698,0.017178493,0.111119814
0.024264306,0.008024796,0.081391685,0.70002264,1.0,0.2311955,0.058445167,0.010032814,0.00248513,0.0032796327,0.024101028,0.07732323
0.018892284,0.018507704,0.041490387,0.2761714,1.0,0.8035022,0.21627466,0.048430685,0.085784145,0.14016777,0.10566022,0.047477067
0.017255383,0.015974993,0.013109985,0.037748046,0.2472297,0.365028,0.13866234,0.106386326,0.45143297,1.0,0.7755726,0.17784584
0.05674438,0.05097966,0.06164275,0.050673205,0.030165305,0.017195106,0.01348492,0.040966343,0.3601807,1.0,0.9759042,0.3353247
0.35356995,0.48478273,0.71523887,0.6846375,0.42266122,0.17668247,0.124444745,0.25975645,0.62935543,1.0,0.99345124,0.66553366
0.06487287,0.14659871,0.3596489,0.72945756,1.0,0.6888322,0.47997755,0.18281424,0.12645368,0.26138324,0.25907418,0.124751486
0.82757175,1.0,0.90896463,0.75465757,0.57330203,0.3570484,0.17937434,0.2898736,0.23342268,0.10536436,0.30542818,0.5368663
0.4111164,0.24794212,0.14261574,0.07917902,0.062439278,0.12849101,0.1298666,0.11512967,0.091347635,0.36603096,1.0,0.8211645
0.032176297,0.024591349,0.024962628,0.0056742663,0.025783336,0.06805288,0.03020371,0.018628983,0.038639765,0.40304747,1.0,0.2663483
0.008561743,0.010035252,0.016104197,0.002951492,0.011969075,0.07065419,0.029126875,0.012650146,0.028059792,0.26954693,1.0,0.28583884
0.052805815,0.004453235,0.011501538,0.005144996,0.0071896003,0.102732226,0.09580587,0.020697542,0.050063662,0.14036603,1.0,0.69236034
0.2435401,0.014529521,0.006080856,0.0067231976,0.004255184,0.060760356,0.18818666,0.065300114,0.0443291,0.07111519,0.43451688,1.0
1.0,0.16003437,0.008651676,0.009861055,0.0139084505,0.028506067,0.23481306,0.41967997,0.10382888,0.110273555,0.14255318,0.8153304
1.0,0.32555145,0.010937165,0.003973157,0.013848669,0.010599236,0.08479513,0.49865085,0.2093551,0.060354214,0.14317143,0.1985349
1.0,0.29100224,0.011159438,0.005234629,0.010325714,0.009676271,0.11233312,0.43976614,0.18347915,0.10779061,0.2812446,0.306826
0.75620615,0.1580142,0.072896555,0.018090189,0.011712188,0.04179239,0.19739042,0.2457293,0.05095538,0.12318068,0.5427445,1.0
0.18130444,0.48085567,1.0,0.18376803,0.026824221,0.07926216,0.118481286,0.075339936,0.06952566,0.21157299,0.60727626,0.5124119
0.040874064,0.29500982,1.0,0.32279152,0.04511674,0.078085385,0.07527567,0.036081843,0.08592218,0.15590161,0.2419626,0.0840377
0.16078125,0.18566576,1.0,0.6040152,0.39967993,0.6839503,0.42176187,0.16552728,0.2253386,0.37001494,0.6908752,0.49669844
0.8865234,1.0,0.5872302,0.36654288,0.6237744,0.6677417,0.31215107,0.3135892,0.16228917,0.14234403,0.27312058,0.6197166
0.101448335,0.63764256,1.0,0.40441087,0.1418866,0.038809605,0.029861614,0.09259637,0.04680022,0.021669159,0.041303918,0.04976432
0.033595767,0.4632976,1.0,0.36602798,0.11003553,0.043041468,0.020413633,0.05740001,0.03537931,0.021459369,0.023015657,0.01748907
0.2461836,1.0,0.9061949,0.20945707,0.070059024,0.06510572,0.06294185,0.18847468,0.0997607,0.04583258,0.02999124,0.04212951
0.75823766,1.0,0.2737116,0.055621885,0.049170002,0.08729663,0.3939189,0.8751922,0.30738595,0.08669056,0.1463113,0.37876886
0.4439903,0.168426,0.042091686,0.031336207,0.04005746,0.14565217,0.42403972,0.43357593,0.17671514,0.073764436,0.46915358,1.0
0.5901474,0.09760992,0.021634305,0.035748966,0.02806588,0.120754726,0.3222224,0.29762745,0.15543464,0.07804897,0.4311943,1.0
0.3800683,0.13464794,0.042360943,0.01505672,0.015163166,0.06784525,0.44954273,1.0,0.42583263,0.121973366,0.0995004,0.32339317
0.5375401,1.0,0.730883,0.33379292,0.18101054,0.0842881,0.20585151,0.77113885,0.5214732,0.13977906,0.04885333,0.106951326
0.31842226,1.0,0.67501974,0.5210095,0.44332486,0.23317856,0.15871507,0.37780082,0.5146107,0.22649144,0.0714105,0.041109435
0.752023,1.0,0.22416008,0.15064326,0.25252625,0.35940072,0.38670212,0.62254786,0.68024987,0.5770129,0.44310692,0.16922423
1.0,0.4431856,0.05624,0.030455766,0.038131893,0.08080239,0.21613303,0.72365934,0.75736016,0.72978354,0.5078993,0.67901224
0.3418371,0.12185591,0.046713345,0.024729712,0.022576246,0.069770016,0.15132052,0.2738038,0.59221375,1.0,0.76004344,0.8741128
0.07082535,0.038857345,0.042141784,0.03538757,0.05940118,0.13388884,0.26267928,0.31952903,0.27025208,0.7530369,1.0,0.5483385
0.23859885,0.028498173,0.03136694,0.096167155,0.1423764,0.18224241,0.41381097,0.529991,0.26250857,0.584563,1.0,0.8785889
0.7244119,0.14017566,0.03862161,0.08619959,0.09412316,0.14512259,0.4561499,0.78494227,0.3615746,0.19147104,0.3361809,1.0
0.5172364,0.20011528,0.046596304,0.055879932,0.07199003,0.13393074,0.30736527,0.35272264,0.18260832,0.11134202,0.5220424,1.0
0.099059634,0.11297808,0.05187335,0.054166317,0.07929946,0.11832558,0.18017831,0.2790201,0.16399361,0.33463296,1.0,0.5686649
0.043096196,0.037870333,0.023125,0.014961298,0.026279917,0.060409963,0.10468859,0.106008045,0.08555163,0.39216188,1.0,0.43445104
0.041424632,0.03448556,0.018290425,0.010771957,0.019556945,0.053732596,0.109662406,0.10385641,0.10218315,0.5629072,1.0,0.3661624
0.029217498,0.052244343,0.017636994,0.016719988,0.031457804,0.056469195,0.10183038,0.1105046,0.35277563,1.0,0.5079314,0.0579306
0.015538387,0.02786181,0.012049624,0.016998667,0.039976697,0.07518875,0.096118435,0.20773782,0.97646606,1.0,0.14064208,0.0102436505
0.017588837,0.024191504,0.015482547,0.022505485,0.07371715,0.11770186,0.13021706,0.32280552,1.0,0.89891267,0.18801124,0.041406937
0.08082537,0.02774895,0.02919154,0.031305302,0.09725968,0.18692046,0.14071313,0.1198948,0.22467145,0.6535989,1.0,0.50127953
0.105087124,0.01941486,0.018683903,0.012842498,0.056890156,0.2221271,0.13373847,0.037295036,0.039414763,0.24738254,1.0,0.71759015
0.06434797,0.022605589,0.015472584,0.018979881,0.09366998,0.197635,0.077073656,0.14517461,0.3957216,0.8865872,1.0,0.3721048
0.03292701,0.03468267,0.030178739,0.031042887,0.09175822,0.4088699,0.8112094,1.0,0.7080469,0.3918741,0.14797346,0.039948948
0.093035765,0.026598616,0.047927856,0.1776971,0.45300195,0.88419735,1.0,0.5373939,0.14718756,0.1456898,0.32906958,0.2751059
0.09015653,0.0938744,0.24525648,0.42951733,0.50895053,0.43471897,0.32677284,0.19927563,0.23872213,0.7529624,1.0,0.61355424
0.19215229,0.38841507,0.4371267,0.24873877,0.15300341,0.17875706,0.15714912,0.22950046,0.38590917,0.5041445,1.0,0.4353735
0.5101938,0.26969585,0.25167513,0.20926513,0.12552232,0.09450963,0.08971847,0.18214108,0.29265112,0.2543948,0.6988777,1.0
0.4764454,0.11014221,0.08602415,0.12368226,0.059619915,0.031118808,0.039615426,0.13116355,0.3126652,0.14636439,0.39432606,1.0
0.24312986,0.25497004,0.26433387,0.27263942,0.09943557,0.069581926,0.23052959,0.71606165,1.0,0.2998311,0.2566116,0.38616952
0.23912442,0.53779805,0.31229728,0.18877046,0.14494815,0.33549502,0.8505883,1.0,0.73603165,0.22945932,0.11912032,0.16499992
0.5631853,1.0,0.43631655,0.3214593,0.4890588,0.8085516,0.90723306,0.84229326,0.55237716,0.34487027,0.30629128,0.62643665
0.5207756,1.0,0.7475258,0.58306164,0.5516192,0.607324,0.54356307,0.7387372,0.71553403,0.55975145,0.5792574,0.5437727
0.49846902,1.0,0.8096554,0.67203695,0.47156197,0.64770323,0.82086194,0.6546592,0.5040354,0.5803553,0.5058087,0.32026917
0.38923275,1.0,0.63572717,0.4706392,0.2790225,0.42902735,0.34638584,0.39585632,0.5326745,0.44184044,0.3465842,0.30529228
0.31682816,1.0,0.6296504,0.26807886,0.19463809,0.27313364,0.2616906,0.3241954,0.6111254,0.35385558,0.29174763,0.22165096
0.51623565,1.0,0.7684568,0.49288327,0.56822836,0.43777138,0.50615567,0.53416127,0.90899307,0.4336435,0.5864109,0.58297324
0.48048556,0.83718854,0.6924637,0.43980977,0.67111784,0.805454,1.0,0.48204792,0.8441379,0.7625491,0.99804854,0.8480258
0.30713022,0.34057856,0.36064464,0.25441533,0.289671,0.41454235,0.74756646,0.47935203,0.54560226,0.59000516,0.8756798,1.0
0.4327883,0.42410088,0.58429843,0.48045576,0.38838503,0.36832437,0.49026042,0.647592,0.85380816,0.6737752,0.8592572,1.0
0.20103133,0.18202265,0.18377067,0.23726492,0.18836276,0.23306198,0.12225515,0.20139788,0.31637457,0.5688823,1.0,0.5335949
0.48814967,0.47556254,0.22108835,0.2163759,0.15288803,0.16639332,0.074375734,0.17198664,0.364165,0.8432955,1.0,0.61607903
0.7088051,0.5962398,0.19143984,0.10696803,0.101425506,0.07949547,0.061958883,0.25730518,0.37870973,0.32205164,0.80641484,1.0
0.6968604,0.39288265,0.19255513,0.1311669,0.17653933,0.113200575,0.09593525,0.50098443,0.6685154,0.28141624,0.8396807,1.0
0.65596664,0.31482378,0.24899118,0.20662303,0.31017628,0.26195103,0.25552288,0.8825749,1.0,0.5216101,0.5769697,0.7663095
0.4853255,0.34939104,0.37584895,0.27063262,0.2728526,0.31056306,0.27575728,0.45562547,0.5633915,0.5981718,0.9111779,1.0
0.40186745,0.26466808,0.33061612,0.19832622,0.16141388,0.33961993,0.43049076,0.3274787,0.3793917,0.32142165,0.81940204,1.0
0.48457024,0.40869206,0.37686428,0.23364832,0.21294594,0.5433857,1.0,0.7255259,0.9223254,0.52733797,0.8749959,0.77475506
0.4443174,0.48789307,0.47137603,0.27811754,0.29605743,0.60828257,1.0,0.7716177,0.86650497,0.49104607,0.7253753,0.7307523
0.39108324,0.4081867,0.663116,0.56594276,0.43865597,0.56431574,0.8330616,0.8042547,1.0,0.78140414,0.8852952,0.56420815
0.37354463,0.19874728,0.40096107,0.5026856,0.510727,0.57304007,0.4895123,0.8281281,1.0,0.822831,0.78522927,0.7674659
0.21202935,0.16147777,0.22953597,0.33423427,0.47917786,0.52409035,0.3318648,0.6840633,1.0,0.7464587,0.64910567,0.4286838
0.43020445,0.6822185,0.3609114,0.57287884,0.77387476,0.532189,0.5914842,0.6774993,1.0,0.8323552,0.71238685,0.36154026
0.30384696,0.52087384,0.24358438,0.48155165,1.0,0.68391865,0.76296794,0.43817917,0.2867162,0.45741075,0.419919,0.24804905
0.27341697,0.6640163,0.16105273,0.41379994,0.7528506,0.6964296,1.0,0.3825806,0.23692146,0.5106873,0.577123,0.16152287
0.269486,0.58978766,0.11828217,0.34215313,0.47772408,0.48812932,1.0,0.4181913,0.21625954,0.26733094,0.39475203,0.17767763
0.124884844,0.24428083,0.23167533,0.33291626,0.34691304,0.34144554,0.8710164,1.0,0.30137563,0.20837161,0.28622675,0.21910046
0.08866295,0.1353682,0.20704044,0.63719076,0.4093517,0.22471169,1.0,0.96981645,0.40238452,0.35499018,0.2086571,0.14099063
0.08644714,0.2436895,0.0841755,0.28302568,0.35357362,0.14583905,0.5060474,0.5306725,0.5179646,1.0,0.20852259,0.058288425
0.0393432,0.15430611,0.07916659,0.06169339,0.31835756,0.30724174,0.09388216,0.31373033,0.35257098,1.0,0.4651024,0.04059337
0.044430584,0.13877194,0.20012672,0.06559813,0.6130699,0.9019902,0.10249742,0.38583878,0.31928876,0.59736484,1.0,0.13564263
0.093802035,0.13448298,0.12045047,0.13046552,0.5453063,0.81665367,0.11974558,0.19843392,0.22001816,1.0,0.99835575,0.13599855
0.0619875,0.09173701,0.07902968,0.24789275,0.33303982,0.22198574,0.07610226,0.11182781,0.33683348,1.0,0.34258586,0.058735516
0.124389574,0.21259741,0.45780265,0.5274107,0.41420004,0.23509549,0.12068355,0.18927562,0.53339255,1.0,0.4358604,0.10942491
0.2584013,0.21877517,0.39917603,0.74166095,0.8373114,0.96387565,0.20417026,0.21210772,0.22809264,0.55554897,1.0,0.52414554
0.17133038,0.103378214,0.16353366,0.57481575,0.998592,1.0,0.18500668,0.13914822,0.22191432,0.6332116,0.7015429,0.44341698
0.074597545,0.030415101,0.046391625,0.2556567,0.9382571,1.0,0.16645774,0.049707446,0.11805477,0.29255214,0.23204693,0.19392082
0.03513044,0.028333602,0.0047116033,0.048348695,0.43528453,1.0,0.35435322,0.024337845,0.011295124,0.030206371,0.029052261,0.03519763
0.01638359,0.023272857,0.0033581508,0.013192239,0.15493381,1.0,0.87065816,0.061268818,0.0093453955,0.010998643,0.011533902,0.0068418114
0.005029353,0.0052643693,0.0024921638,0.006215799,0.029109387,0.59119916,1.0,0.10823311,0.02676358,0.022306053,0.008763685,0.0022940852
0.0042136735,0.0035257563,0.0025449286,0.005672794,0.03783779,0.5415972,1.0,0.14116083,0.036254313,0.0537771,0.017600762,0.0033155903
0.03262942,0.035783324,0.0195417,0.030022278,0.11102726,0.4103419,1.0,0.271096,0.08290805,0.16478997,0.062145818,0.026478544
0.10666234,0.06357936,0.062638305,0.08009729,0.17709132,0.29186314,0.2075365,0.18089108,0.43846244,1.0,0.971579,0.3603092
0.107821725,0.071012676,0.10093579,0.06122823,0.1346855,0.1632865,0.07002752,0.105735846,0.28563845,1.0,0.98013705,0.33892745
0.31548578,0.35566333,0.22009332,0.11909098,0.16328038,0.21245012,0.1322649,0.21552466,0.3086498,1.0,0.9554689,0.6854235
0.1626764,0.05119219,0.022500783,0.024815504,0.03474451,0.052959435,0.081738,0.17786542,0.47136223,1.0,0.964646,0.4096587
0.10820411,0.049120884,0.07484052,0.030684602,0.03360041,0.050959602,0.114529066,0.6403131,0.5859146,1.0,0.57202345,0.17764531
0.051125642,0.093631975,0.25862005,0.06675104,0.05746977,0.0925968,0.27002057,1.0,0.8366982,0.6290565,0.21512403,0.07008952
0.054118715,0.24190862,0.36150905,0.13635163,0.19917074,0.24751915,1.0,0.8816243,0.371935,0.22284588,0.18182313,0.08275035
0.07744093,0.14649534,0.10927213,0.14666142,0.118756585,0.31707072,1.0,0.37061602,0.06952279,0.25292003,0.19654666,0.056047708
0.18265557,0.29730105,0.15364502,0.29221058,0.24423724,0.36319718,1.0,0.34945226,0.24618085,0.5961613,0.73416233,0.21824872
0.045671254,0.09468835,0.055829015,0.059630692,0.08569223,0.13506952,1.0,0.45202294,0.06561743,0.0934177,0.3818626,0.18953551
0.048537556,0.043636236,0.05608465,0.020812307,0.03658875,0.131361,1.0,0.61683005,0.03277528,0.033503942,0.29245937,0.3271223
0.1964524,0.11999431,0.14137991,0.047852468,0.057952024,0.17366877,1.0,0.7760983,0.049668908,0.04643308,0.46410972,0.7636051
0.17488356,0.084450126,0.071665876,0.0463062,0.1354263,0.4954055,1.0,0.4946173,0.04978393,0.055089988,0.24722409,0.43037868
0.083793215,0.06559191,0.04112345,0.06090214,0.43207303,1.0,0.52803195,0.32509696,0.06483888,0.049028616,0.139127,0.19104779
0.05786804,0.11395833,0.07378849,0.09167576,0.44343424,1.0,0.3784512,0.17414144,0.08890634,0.09419248,0.19264989,0.120639965
0.09231975,0.13531041,0.14905155,0.12844987,0.3688132,1.0,0.5325242,0.28453046,0.16934355,0.17413254,0.36939713,0.22983342
0.15738063,0.33809483,0.3498312,0.3584053,0.5851908,0.92726225,1.0,0.80954605,0.39913547,0.31252968,0.64144903,0.47653353
0.16988863,0.3425194,0.3239478,0.2835897,0.3696878,0.29978645,0.6576584,1.0,0.52064383,0.24850161,0.6970027,0.57303923
0.17054819,0.26357213,0.21747753,0.11833911,0.16911387,0.2527708,0.68875724,0.61743855,0.41808826,0.23510635,1.0,0.8969239
0.0981909,0.15756845,0.11055528,0.057083856,0.099965565,0.27551803,1.0,0.34383634,0.15186596,0.13446838,0.62674344,0.55545765
0.06658997,0.13598473,0.108441904,0.061545234,0.08090347,0.27112666,1.0,0.3690371,0.16335891,0.118946515,0.30241337,0.22286168
0.04769401,0.10012602,0.07719702,0.05320492,0.07302851,0.22015283,1.0,0.36879522,0.11494286,0.09016564,0.14571792,0.09281703
0.052459992,0.09750235,0.047730103,0.036934927,0.05299685,0.20829703,1.0,0.28145158,0.058434762,0.06054127,0.14811006,0.08526195
0.054433685,0.10498053,0.040361814,0.056962658,0.063202664,0.28537613,1.0,0.25899863,0.06353464,0.057273943,0.12583646,0.10245607
0.054181475,0.07791857,0.080937356,0.11526817,0.1053677,0.2858518,1.0,0.22046186,0.08109206,0.060516484,0.100702815,0.12030814
0.3790886,0.46886176,0.51726574,0.83368284,0.69081414,0.75557935,1.0,0.35948092,0.22784226,0.20131178,0.26519242,0.33254135
0.20497018,0.4540069,0.9638831,0.72260964,0.93898785,1.0,0.61602557,0.20672108,0.1765062,0.20258276,0.21738234,0.21930097
0.15754674,0.52226454,1.0,0.57293797,0.53145516,0.6795262,0.6696853,0.19800615,0.18592803,0.18821535,0.16709223,0.16390917
0.22100398,0.5972982,1.0,0.93863124,0.4406946,0.5816711,0.9582262,0.633149,0.53057325,0.45696637,0.32994762,0.15507999
0.46384057,0.33412808,0.53039765,0.58146477,0.3923361,0.18948218,0.4339838,0.44818425,0.70182407,1.0,0.6849281,0.4696878
0.16669677,0.2150094,0.43142775,1.0,0.75273246,0.22676598,0.17022526,0.11432293,0.18960832,0.20714793,0.13420579,0.15620752
0.04035517,0.06926835,0.20640218,0.51909506,1.0,0.883428,0.433794,0.13061427,0.053393476,0.032391686,0.0352252,0.03225092
0.026260903,0.07197781,0.20343934,0.11021155,0.2977069,1.0,0.92596054,0.27235806,0.028646534,0.025706522,0.025012411,0.013404401
0.07771405,0.15874702,0.27523535,0.0994799,0.07559966,0.6042255,1.0,0.33747408,0.035930306,0.03744244,0.048125762,0.022162022
0.24933515,0.3795172,0.20955673,0.11453652,0.087466024,0.7683836,1.0,0.2232311,0.042594526,0.050719764,0.06352036,0.033905633
0.43721262,0.54722,0.10181783,0.08793826,0.08072157,0.7799483,1.0,0.24878873,0.051772643,0.08665268,0.08089539,0.04150448
0.8363372,0.93866235,0.075520806,0.0591239,0.07361907,0.78908294,1.0,0.32752374,0.06527134,0.11889129,0.09388262,0.07132011
0.79151255,1.0,0.05331805,0.031095073,0.058162782,0.7139885,0.9656451,0.25644583,0.06596375,0.10451814,0.07895895,0.05812575
0.75093627,0.89616734,0.06542771,0.02731554,0.06567659,0.7467594,1.0,0.26005527,0.08784009,0.12030277,0.07563671,0.17751631
1.0,0.6767012,0.10610166,0.03021835,0.06396426,0.51082116,0.77978957,0.21218477,0.08737067,0.11767959,0.05977415,0.38466385
0.6901442,0.5251326,0.1768332,0.044907663,0.049743645,0.58995706,1.0,0.1808761,0.06728764,0.05981723,0.05671985,0.28578332
0.7023639,0.8178295,0.15705809,0.09653837,0.10691692,1.0,0.8035211,0.08118788,0.044171125,0.04501235,0.046783056,0.15142034
0.7291608,0.9996417,0.50010747,0.39996356,0.22298528,1.0,0.552903,0.05885174,0.065392114,0.08656068,0.04771043,0.24507082
0.5194627,0.6091607,1.0,0.5288111,0.16524357,0.6717198,0.47936985,0.05005879,0.07963253,0.09673449,0.04537869,0.24858713
1.0,0.6985417,0.5834909,0.38831055,0.19403099,0.66169435,0.4028577,0.0361485,0.095476136,0.0982953,0.06415827,0.2553135
1.0,0.43285602,0.112849034,0.13391164,0.10794699,0.25720495,0.123754635,0.01116758,0.05459121,0.05448595,0.033963017,0.17886868
1.0,0.32178643,0.03743313,0.058021266,0.06483285,0.12241499,0.04052592,0.0070518735,0.03793661,0.052723594,0.02158299,0.13782778
1.0,0.69319814,0.09871898,0.06828141,0.10804974,0.1655958,0.06586456,0.020396756,0.05241779,0.07624227,0.028610935,0.19579625
0.3846054,1.0,0.12568398,0.035451833,0.052341904,0.060005162,0.06268911,0.012530407,0.018516492,0.047975868,0.020070078,0.04865099
0.21276037,1.0,0.25807428,0.026072757,0.023359865,0.020992564,0.043757606,0.029529754,0.012338356,0.037742574,0.028810324,0.0256751
0.14596073,1.0,0.92834336,0.113065936,0.058761764,0.031304777,0.10402648,0.2452019,0.043735556,0.028103251,0.073891945,0.09814581
0.08909788,0.3807367,1.0,0.16589119,0.06210373,0.024541236,0.12056155,0.44225374,0.06138697,0.008271227,0.05536049,0.098786905
0.13576202,0.8274229,1.0,0.121239804,0.025863422,0.024133394,0.24075945,0.4737205,0.06742739,0.03489084,0.10764438,0.06000395
0.38191774,1.0,0.23414369,0.02843551,0.013475356,0.065179996,0.23268843,0.07809719,0.020194381,0.03983696,0.053875677,0.029995201
0.86700463,1.0,0.086034924,0.03805842,0.04195856,0.165598,0.2851084,0.07279758,0.09456929,0.07940369,0.02284858,0.15515241
1.0,0.2302626,0.075551935,0.05314394,0.14374018,0.2390029,0.16141818,0.1391917,0.44833368,0.30167696,0.056365572,0.638385
0.7934477,1.0,0.2226572,0.06085418,0.10826867,0.25470516,0.3074642,0.13868134,0.27026024,0.33692396,0.14263429,0.30639598
0.22753957,1.0,0.29935828,0.042614322,0.02615164,0.0804377,0.22059232,0.12255643,0.039750203,0.05938503,0.07338671,0.058983337
0.32694474,1.0,0.62058306,0.13002954,0.026309185,0.089300744,0.4806449,0.801364,0.14885373,0.030231137,0.07691457,0.08150248
0.24367541,0.46563974,0.2579715,0.059634477,0.06404093,0.42703238,1.0,0.8234742,0.18808652,0.015217739,0.026829977,0.0616761
0.13368171,0.43755156,0.13032812,0.02010646,0.06323579,0.5394812,1.0,0.22957113,0.03068144,0.008843238,0.007609553,0.02108401
0.03343,0.07767929,0.039356135,0.009789447,0.015753083,0.13615035,1.0,0.966851,0.072709255,0.008037206,0.00606609,0.012760671
0.0056470884,0.018347014,0.007470664,0.001974799,0.0064508813,0.034641158,0.4493495,1.0,0.17656639,0.0057129473,0.0014803235,0.0023700546
0.0049003805,0.013327078,0.00261645,0.0007670179,0.002092881,0.014101833,0.24813324,1.0,0.2914677,0.006363025,0.0010898917,0.0018378621
0.0045748064,0.01939942,0.005215886,0.001118256,0.007916497,0.020040715,0.23678327,1.0,0.30205315,0.00809927,0.0014775151,0.0013189102
0.006804354,0.03118067,0.0147935385,0.01987571,0.08581819,0.26145682,0.88037676,1.0,0.13366634,0.0069362116,0.0062673697,0.003604177
0.05763679,0.16885303,0.25754106,0.3724973,0.56863,1.0,0.97630566,0.46692532,0.086080305,0.021613175,0.020377727,0.02148093
0.7001895,1.0,0.9263146,0.65125096,0.4310645,0.41639334,0.21846591,0.16243297,0.17543335,0.19896297,0.32232568,0.5005261
0.52445805,0.4117235,0.23999731,0.08261104,0.059260435,0.084572166,0.16361931,0.18377165,0.41259044,0.81584746,1.0,0.74118304
0.6998959,0.8764342,0.49760357,0.15837832,0.11073987,0.20036253,0.3968081,0.45706478,0.629447,1.0,0.84411633,0.5585409
0.6335369,1.0,0.8106443,0.289024,0.07019914,0.052011736,0.11329122,0.121227,0.09176168,0.0813519,0.113883294,0.19257651
1.0,0.6661647,0.61827487,0.4625099,0.2180504,0.150015,0.124745764,0.106806256,0.09690259,0.11005013,0.15447842,0.4820076
1.0,0.7234817,0.5561383,0.40932548,0.44888395,0.5329392,0.51047975,0.4055893,0.21574137,0.3586664,0.72420883,0.8832007
0.20499682,0.3097536,0.46176603,0.17718789,0.24936098,0.3275357,0.37840483,1.0,0.42954156,0.32507217,0.5784102,0.47547197
0.07777493,0.06367776,0.14351195,0.12989424,0.08065953,0.107467756,0.09815978,0.7674859,1.0,0.25587523,0.10007494,0.14654954
0.028643439,0.018253723,0.045306746,0.073164694,0.028915064,0.03435275,0.042614184,0.50716674,1.0,0.12297672,0.02092738,0.030419724
0.024695884,0.048283968,0.10681711,0.09253391,0.04333532,0.06676511,0.1508657,1.0,0.94382226,0.060868446,0.02067387,0.02977825
0.13172811,0.30836117,0.32775357,0.19323479,0.13006443,0.22176692,0.6401208,1.0,0.27742472,0.036013097,0.054696333,0.05874526
0.38415867,0.3181405,0.13827729,0.090009116,0.21176168,1.0,0.75629354,0.15704948,0.04095708,0.041685376,0.05664172,0.12232581
0.069809265,0.03169203,0.0074256333,0.011047426,0.21022289,1.0,0.5084707,0.09057733,0.037740298,0.021888629,0.017483197,0.031999048
0.01666713,0.01224823,0.008516508,0.013967778,0.15657969,0.83019876,1.0,0.98455846,0.7798331,0.1316936,0.011209591,0.0075661954
0.002878556,0.003741208,0.0062941224,0.00464146,0.0067820917,0.024074845,0.06684358,0.38550046,1.0,0.24012248,0.014796875,0.0026061162
0.0019003159,0.002518836,0.0029381525,0.0031459364,0.0015362559,0.0020650073,0.0086731585,0.19533776,1.0,0.3605692,0.019113421,0.0019031351
0.009579825,0.01186688,0.008501106,0.010475843,0.06455797,0.35453537,0.90105766,1.0,0.84883386,0.15734534,0.01179119,0.0048289048
0.012550438,0.0065815737,0.0023328073,0.01795604,0.27134365,1.0,0.9714126,0.21078192,0.025193553,0.0068885074,0.010023203,0.016673503
0.13257515,0.0515638,0.00534513,0.03946791,0.53001636,1.0,0.4922509,0.10139105,0.0651579,0.037841182,0.043408897,0.103713505
1.0,0.77776855,0.106931426,0.1087988,0.65191287,0.5152771,0.116261475,0.07099512,0.109882995,0.09773313,0.37309706,0.6927596
0.93426657,1.0,0.21804117,0.059670888,0.18235323,0.36074895,0.06116585,0.01608316,0.041195527,0.07457331,0.2828194,0.52298594
1.0,0.96426475,0.23278436,0.050163805,0.085697204,0.31483555,0.19075114,0.020834072,0.049908575,0.09340479,0.115777016,0.2936237
0.55014205,1.0,0.29645205,0.050176565,0.061120655,0.14108062,0.31037298,0.052865893,0.026898926,0.108576015,0.0808315,0.14981484
0.28377247,1.0,0.2854184,0.04405903,0.04296156,0.07583421,0.27572706,0.05629,0.013534874,0.07461398,0.04701252,0.0691448
0.29007623,1.0,0.27382836,0.04102295,0.036545888,0.09519607,0.30897468,0.05722833,0.014218133,0.066005185,0.03893034,0.06588095
0.90634483,1.0,0.17948197,0.030119982,0.06706024,0.29900765,0.28857243,0.032542933,0.023434954,0.05995494,0.042362127,0.15941483
1.0,0.2507317,0.022073817,0.010504564,0.13131943,0.33076626,0.06370241,0.009831962,0.020535875,0.026348522,0.037741918,0.5125976
0.48745558,0.042905003,0.007948929,0.014593707,0.1684725,0.14746009,0.025760567,0.016879493,0.014082968,0.021816736,0.09884733,1.0
0.5164021,0.048555955,0.009594375,0.012321269,0.13093959,0.086119495,0.023447627,0.020589165,0.011513037,0.011971038,0.07987919,1.0
1.0,0.4929077,0.103212185,0.015666148,0.111155204,0.2929905,0.20486055,0.047680847,0.02707921,0.011081657,0.032737665,0.63050425
0.2978864,1.0,0.5666124,0.038451508,0.044139557,0.18668401,0.5360921,0.19259362,0.022215398,0.018757388,0.025336152,0.060930386
0.05227398,0.6523158,1.0,0.12765585,0.062328774,0.05494658,0.41097832,0.37392336,0.033085044,0.027834758,0.07640603,0.04755722
0.16292278,0.63562715,0.9382338,0.28304392,0.16906996,0.42251715,1.0,0.47978434,0.05224323,0.102175415,0.13419852,0.11756739
0.104105845,0.15179476,0.10075122,0.17475568,0.40635934,1.0,0.5010268,0.093251504,0.039467957,0.057734508,0.04886745,0.075895555
0.055794418,0.05199622,0.059485003,0.14224902,1.0,0.98940104,0.16172689,0.041094773,0.035199206,0.013796613,0.034611557,0.09175036
0.052875116,0.023250932,0.033982668,0.10371071,1.0,0.86831075,0.1870352,0.064210184,0.028213263,0.009287031,0.020243661,0.07061414
0.041578505,0.037132815,0.032929428,0.04199775,0.3499432,1.0,0.59298044,0.082574785,0.021915114,0.011121136,0.01270743,0.022725724
0.023947412,0.053033356,0.03759962,0.025543094,0.09227974,0.7953636,1.0,0.10477554,0.022650745,0.012602527,0.010575376,0.012116236
0.008486523,0.011150561,0.007548382,0.010926656,0.15690182,1.0,0.59917027,0.04241846,0.012815213,0.0074211964,0.0059215124,0.010784385
0.007403485,0.008997255,0.015933864,0.030246466,0.30969083,1.0,0.38016292,0.0339284,0.016209617,0.0074957325,0.007934044,0.0094840685
0.27586234,0.25251725,0.21540065,0.2791619,0.6397941,1.0,0.43390572,0.2137448,0.10965493,0.05477789,0.04848495,0.09842098
1.0,0.43787944,0.14769584,0.28156692,0.24079764,0.119146414,0.15288147,0.29843158,0.12816934,0.06450728,0.10238629,0.4637327
0.84828335,0.5214697,0.17483352,0.35623664,0.4122962,0.25814736,0.25321093,0.2772793,0.20086375,0.11406463,0.3905102,1.0
0.96604174,0.4142445,0.14889205,0.38738075,0.4827023,0.9236938,0.85802585,0.34344524,0.22126555,0.35805568,0.49911705,1.0
0.17008494,0.19157219,0.11204379,0.19896345,0.3301064,0.37607685,1.0,0.94672596,0.22309843,0.12696122,0.15113519,0.1064506
0.0250848,0.049563807,0.056490954,0.060618345,0.17904173,0.17877659,0.9429315,1.0,0.2470096,0.075591035,0.06499103,0.038522903
0.08667587,0.122818746,0.099874325,0.088617295,0.16856183,0.2610283,1.0,0.99038506,0.21893993,0.1515765,0.22824533,0.12775974
0.452749,0.50631714,0.3004235,0.18415175,0.3012855,0.6072427,1.0,0.5345172,0.16409007,0.2339125,0.57907426,0.40520096
0.48883,0.40806857,0.3100628,0.5978238,0.7362851,0.8749784,1.0,0.90726095,0.5048267,0.35697687,0.5095175,0.58680135
0.11022868,0.1238159,0.29113093,1.0,0.544665,0.79027855,0.85367554,0.9688345,0.49403107,0.23938064,0.24213418,0.13455169
0.033450488,0.030620558,0.15351364,0.6796004,0.88655096,1.0,0.792283,0.47297445,0.20089053,0.085893326,0.13882414,0.06783992
0.012820431,0.007428837,0.00829953,0.052256793,0.32010505,1.0,0.55667275,0.11393303,0.03641302,0.01443419,0.037689414,0.022964876
0.006111141,0.004981863,0.0035452312,0.020089982,0.1115546,1.0,0.72115374,0.0734033,0.026082477,0.00907568,0.012770758,0.009165596
0.0043821097,0.00614303,0.01974152,0.07014411,0.3878491,1.0,0.5814521,0.09554182,0.022361465,0.0109915,0.008678798,0.007450264
0.018017126,0.12688825,0.45660385,0.65431273,0.82473963,0.9864646,1.0,0.1992174,0.04945337,0.037992038,0.012773217,0.022406802
0.08417235,0.6217168,1.0,0.77116823,0.4886373,0.48122305,0.5628821,0.21003585,0.119456686,0.08367209,0.030278355,0.108209625
0.11544712,0.7275785,1.0,0.31989908,0.25990447,0.46544647,0.75497097,0.31448966,0.48671648,0.45147964,0.0671273,0.16686547
0.018857071,0.094971955,0.3335038,0.11398778,0.17298973,0.42429775,1.0,0.20642655,0.21974082,0.19399914,0.027900042,0.016495693
0.009288214,0.03784541,0.26648003,0.30240738,0.12171745,0.39463714,1.0,0.24599369,0.092178665,0.069868915,0.047265567,0.0108296415
0.016636556,0.025618384,0.19733377,1.0,0.44338873,0.24423142,0.37537232,0.254582,0.08138973,0.044579767,0.10865956,0.05338696
0.032199446,0.08802231,0.45491427,1.0,0.4929301,0.14252669,0.18955737,0.15650557,0.07240124,0.066219166,0.13245486,0.06473486
0.051529195,0.3290705,1.0,0.354452,0.098985754,0.06711945,0.18499677,0.1883112,0.13243689,0.09201328,0.046591736,0.045595735
0.15689225,0.47410044,1.0,0.27535266,0.15994804,0.36633524,0.8173685,0.77242386,0.31040078,0.11203363,0.080075055,0.1357735
0.08555646,0.30665725,0.9296848,0.5521861,0.5572484,1.0,0.9886103,0.5077837,0.16568583,0.17104608,0.15269595,0.09618881
0.098967895,0.2656106,0.6075661,0.77449775,1.0,0.72749054,0.4071286,0.32420456,0.18885165,0.1602838,0.08285691,0.06311188
0.20069541,0.30430946,0.38429642,0.47110617,0.995792,1.0,0.5703008,0.30395803,0.22836986,0.23571189,0.13985364,0.17039715
0.7745569,0.99252075,0.68367153,0.34821364,0.36901146,0.64441663,0.99072003,0.9331364,1.0,0.72026616,0.5471773,0.957648
0.42197883,0.2683178,0.23096442,0.19187655,0.2611318,0.42605412,0.7238351,0.4735978,0.33420864,0.6386102,0.9751224,1.0
0.40703312,0.581354,0.79205656,0.51127195,0.70711976,0.92236686,0.75358284,0.7093744,0.5769987,1.0,0.77108103,0.5886062
0.32980764,0.5764586,0.79699177,0.66971856,0.61047834,1.0,0.78438246,0.35952792,0.4152516,0.3637712,0.45682514,0.3384665
0.63372236,0.7141995,1.0,0.99483263,0.72652704,0.7332081,0.97721493,0.6287346,0.4743241,0.27651465,0.40602684,0.50413555
0.4569175,0.5017713,1.0,0.6415559,0.41259375,0.36329755,0.4074186,0.40552425,0.25893283,0.15392232,0.16727763,0.3159445
0.43204525,0.46059242,1.0,0.7070666,0.4413651,0.71613705,0.91420394,0.44913033,0.2723316,0.28160134,0.17206176,0.37903553
0.22827443,0.2580267,0.88822865,0.7797783,0.45963776,0.7935974,1.0,0.39034674,0.20491195,0.18991478,0.22072321,0.28290978
0.2440323,0.23476453,0.827685,0.66470385,0.34511018,0.4602475,1.0,0.43257,0.24688567,0.11505749,0.1617256,0.26138002
0.104547866,0.18300606,0.56269485,0.32151717,0.25084147,0.5191532,1.0,0.42951494,0.42155674,0.646342,0.33530757,0.12757714
0.042235266,0.07885356,0.29914814,0.17390685,0.13388108,0.23291102,0.43406036,0.16995396,0.21903853,1.0,0.878556,0.2216191
0.16049139,0.07134621,0.2723771,0.19731702,0.102149606,0.12754662,0.25152862,0.09798134,0.08879469,0.54998374,0.9829827,1.0
0.18269335,0.044072606,0.14866734,0.0849504,0.047666635,0.053923238,0.087558046,0.04212691,0.035654858,0.06736309,0.50632864,1.0
0.20482437,0.04893927,0.14509487,0.09245079,0.06943962,0.098195955,0.09267476,0.043786816,0.085676394,0.17893177,0.6972738,1.0
0.19354425,0.08732134,0.2675568,0.28264707,0.36736536,0.5521386,0.5390039,0.30528694,0.34861937,0.71731305,1.0,0.8377797
0.1460624,0.13071936,0.41115505,1.0,0.9331174,0.9423439,0.48757252,0.3714396,0.40219563,0.46422943,0.29962844,0.20074038
0.09860603,0.13386321,0.18879642,0.3814483,0.5904469,1.0,0.35347876,0.218055,0.33083063,0.17293948,0.14749043,0.106250696
0.11220147,0.20736594,0.35297015,0.41949368,0.4329474,1.0,0.49994305,0.13797662,0.27790815,0.19325908,0.111047715,0.088635765
0.030966071,0.0418031,0.20130874,1.0,0.6426477,0.22842044,0.1652123,0.08305984,0.1071474,0.11957869,0.10933715,0.055460464
0.0104583865,0.0070944116,0.04005789,0.64424807,1.0,0.44034237,0.04480091,0.048129134,0.09245259,0.03213685,0.04178283,0.035878226
0.007139707,0.0052303765,0.0067561287,0.10605944,0.81807745,1.0,0.12823206,0.008305495,0.016822686,0.013569324,0.005927072,0.008458315
0.001484325,0.0019159869,0.0017903234,0.015174349,0.4416756,1.0,0.15797313,0.0085007455,0.0033032296,0.004134268,0.0016436927,0.0013413728
0.0015532682,0.002086653,0.0042604026,0.013883181,0.41756204,1.0,0.22750622,0.028003208,0.013990968,0.02300031,0.0086574545,0.0019687563
0.035784252,0.051285442,0.14626665,0.19451985,0.71232396,1.0,0.99503195,0.46108726,0.30916318,0.70088905,0.22270983,0.043359384
0.17022085,0.25040805,0.3785232,0.25544333,0.28589672,0.56493545,0.4221629,0.2377725,0.44270352,1.0,0.6311784,0.25867105
0.13400713,0.33524176,0.35075065,0.12663376,0.17064978,0.1620504,0.049212392,0.055035304,0.26231095,1.0,0.94005746,0.1710248
0.0766481,0.0857572,0.08003976,0.026584258,0.06511316,0.11991669,0.017093636,0.015092878,0.06773629,0.63788617,1.0,0.3175185
0.0348973,0.010175791,0.0044706375,0.005075659,0.013446556,0.0187637,0.003600564,0.012093912,0.062648416,0.45308337,1.0,0.3207423
0.14465317,0.02813431,0.025828842,0.029668871,0.02883415,0.043244768,0.03163542,0.08407595,0.252157,0.6819663,1.0,0.52237093
0.25116637,0.13625817,0.25662178,0.35917613,0.25400987,0.31003737,0.15025719,0.3673727,0.8499696,1.0,0.99298275,0.55151993
0.051304907,0.09624388,0.09982859,0.15873405,0.22804338,0.1839796,0.066704355,0.111821085,0.2013689,0.6399853,1.0,0.21923722
0.06972901,0.24028687,0.06572744,0.064911716,0.31235072,0.115731016,0.06677535,0.12032227,0.114800505,1.0,0.57768947,0.121990114
0.11964087,0.5467772,0.14475906,0.13491367,0.5283548,0.17037004,0.10866732,0.19386809,0.12909521,1.0,0.26889497,0.05601599
0.17406459,0.8691493,0.46056715,0.24563764,0.6628467,0.4658254,0.19761474,0.20621775,0.1446587,1.0,0.7179039,0.20992048
0.12855779,0.25372377,0.4591818,0.2331381,0.2288044,0.4349858,0.31481367,0.104644105,0.0747684,0.25475094,1.0,0.61246103
0.5100674,0.11999367,0.2505288,0.5201108,0.4390494,0.21705896,0.7951677,0.6967268,0.06889006,0.07942121,0.53241545,1.0
0.3902762,0.083401516,0.10027414,0.36272842,0.44083422,0.10504278,1.0,0.9241471,0.053140897,0.036645055,0.043874543,0.33635315
0.19830376,0.06665681,0.06157668,0.2106729,0.23144121,0.14024375,1.0,0.64589465,0.05425327,0.05919713,0.11087958,0.26785284
0.22819334,0.20580883,0.166468,0.15870892,0.099183574,0.13921586,0.583537,0.39167774,0.09657076,0.2848422,1.0,0.82541156
0.07062717,0.07950059,0.059783258,0.081620246,0.09841712,0.08413291,0.06363839,0.069539815,0.07043937,0.42246956,1.0,0.43019903
0.024202313,0.04021868,0.04261119,0.062047966,0.09127129,0.09580151,0.039383348,0.043028496,0.07862191,0.38052797,1.0,0.27690047
0.023915883,0.017238677,0.02895066,0.051992953,0.0823701,0.096173234,0.035924137,0.035084404,0.0722811,0.2108197,1.0,0.3997725
0.17562775,0.019149385,0.019414349,0.058835328,0.07714164,0.072944954,0.12445766,0.06756821,0.06394758,0.13203774,1.0,0.9749204
0.38352442,0.02314956,0.009752749,0.07521528,0.085490175,0.05992274,0.274925,0.12099752,0.025707683,0.047204807,0.3289791,1.0
0.41734633,0.028573487,0.010542756,0.1084102,0.1471457,0.0688618,0.3578793,0.14248362,0.027036415,0.034474727,0.2470007,1.0
0.31794906,0.022454437,0.010679773,0.062370013,0.075028785,0.06169023,0.25019485,0.09557239,0.021182053,0.03883783,0.34822887,1.0
0.2225047,0.012403602,0.0068896418,0.022108305,0.029278059,0.06526345,0.121127024,0.031161273,0.019801896,0.06044663,0.52788424,1.0
0.22672921,0.019113839,0.007280098,0.025100168,0.034166094,0.06911132,0.13017632,0.037536234,0.024166113,0.06123205,0.5354587,1.0
0.4337856,0.04758509,0.0056793117,0.009429702,0.013033126,0.027183505,0.085537374,0.038178474,0.011886782,0.020185675,0.29651025,1.0
0.8192501,0.15818232,0.0144833755,0.003326902,0.003790809,0.005362822,0.036951136,0.050977264,0.013048881,0.00846577,0.17559962,1.0
0.48854044,0.18450838,0.03130684,0.016949374,0.01373533,0.0055304198,0.032570027,0.034038138,0.0102821505,0.019945784,0.31317136,1.0
1.0,0.89048934,0.6303261,0.50889874,0.38507757,0.09194317,0.11686659,0.11679186,0.06679175,0.06768512,0.21167664,0.59175223
1.0,0.85830146,0.6227801,0.4081722,0.25867757,0.117651954,0.33417848,0.5322468,0.2844543,0.09002154,0.100876875,0.37344125
0.5694843,0.44017354,0.46785635,0.5140955,0.18208246,0.14734814,0.46309564,0.56542933,0.24797158,0.10640047,0.35388312,1.0
0.36136225,0.47118184,0.47678518,0.43219036,0.3130576,0.20394932,0.20035987,0.21910492,0.099183075,0.2576287,1.0,0.915149
0.304958,1.0,0.4036932,0.3936496,0.6986649,0.2860308,0.11046728,0.16199796,0.10805605,0.50143045,0.63192415,0.34031788
0.5382912,1.0,0.26638567,0.24408212,0.59904134,0.29706416,0.15283385,0.12040323,0.07901819,0.3251864,0.33466443,0.35179955
0.7592674,0.46915993,0.16039151,0.13797149,0.12111739,0.17486966,0.31650013,0.11643413,0.06867071,0.17602952,0.6636258,1.0
0.331009,0.14709328,0.04361266,0.050766263,0.037330747,0.07715514,0.1923772,0.08257783,0.05648502,0.18854699,0.7195441,1.0
0.118714124,0.05056612,0.029906292,0.035674497,0.04845039,0.07864477,0.096562244,0.08134702,0.27961317,0.91405106,1.0,0.43475863
0.064635135,0.042895246,0.033446897,0.049816433,0.04200579,0.053050935,0.12405969,0.31721535,0.82578707,1.0,0.50444275,0.16228276
0.1729756,0.22782779,0.17611063,0.14901052,0.17977372,0.40759322,0.81889796,1.0,0.67501825,0.412662,0.2821125,0.3660145
0.38053653,0.5836844,0.42661598,0.48510173,0.55292815,0.7714473,0.8617288,0.41748166,0.1666827,0.5257425,1.0,0.8503935
0.6924062,0.56747395,0.44889778,0.7266039,0.4502796,0.45822558,0.77828676,0.531006,0.17093526,0.37629187,0.88391757,1.0
0.5700303,0.5446221,0.56602645,0.6040733,0.5380503,0.58261275,0.64531404,0.57614404,0.64108664,1.0,0.8587,0.53620076
0.22480728,0.18614653,0.32120308,0.46247476,0.28145,0.27514696,0.28386667,0.27824032,0.5935679,1.0,0.6038381,0.2077695
0.27063653,0.17739116,0.5082511,0.92230606,0.41261694,0.27526954,0.27071366,0.26596913,0.6700818,1.0,0.98011494,0.42635766
0.2268536,0.20955446,0.6878841,1.0,0.54671735,0.3998539,0.2554897,0.22562462,0.38551238,0.6053926,0.72953266,0.393758
0.31866923,0.28795043,0.751259,1.0,0.91975635,0.85091686,0.45603713,0.40296996,0.70990586,0.9707363,0.9137371,0.41987336
0.20559289,0.19985165,0.49675393,0.54559433,0.55192393,0.5365581,0.3530494,0.5651085,1.0,0.76901,0.58924675,0.2892592
0.20153593,0.08429197,0.33689958,0.38119653,0.15081398,0.18762639,0.14197202,0.43474478,1.0,0.33351636,0.115550555,0.21733734
0.1556525,0.0629429,0.11919103,0.1868544,0.13226707,0.1011927,0.09847736,0.27534482,1.0,0.62223685,0.1880055,0.14992559
0.06646073,0.07444555,0.07621924,0.076365754,0.1357023,0.14637314,0.081530996,0.083536796,0.2689291,0.75408614,1.0,0.34765208
0.18275502,0.037425734,0.027497442,0.019813575,0.02850216,0.07942679,0.060780045,0.023189835,0.05265106,0.22125445,1.0,0.9709093
0.5991306,0.07546953,0.007835261,0.009672208,0.023617383,0.029378138,0.035014465,0.019548567,0.011194076,0.021564474,0.24768388,1.0
1.0,0.14141375,0.007941899,0.013839025,0.022765853,0.017209634,0.021519622,0.022698786,0.0070113107,0.007759263,0.06902807,0.84277576
1.0,0.13315324,0.0053832205,0.0044083083,0.0078034597,0.008139144,0.014525924,0.019153213,0.007300598,0.004527251,0.04771378,0.71691036
1.0,0.14740515,0.004008663,0.0044883783,0.0051612817,0.0038356562,0.009307058,0.014789077,0.0036432312,0.005206427,0.05777634,0.7853926
0.6237967,0.05818771,0.0046640052,0.0056231483,0.0020193101,0.0024590204,0.011534107,0.008568701,0.002332607,0.0090122,0.18206467,1.0
0.3909552,0.022625025,0.0058853566,0.0036983362,0.006243221,0.012215171,0.018393837,0.006802271,0.0037785787,0.011622233,0.26260376,1.0
0.5682421,0.041985802,0.0041054366,0.0018707209,0.006477035,0.025099928,0.025565306,0.012323535,0.0049840184,0.01313013,0.1780167,1.0
0.75908977,0.06464878,0.0036020398,0.0019722828,0.011037704,0.058082435,0.045310542,0.023235967,0.012120429,0.012967774,0.13174772,1.0
1.0,0.11296129,0.0029141952,0.0022173093,0.017573213,0.10766223,0.06470584,0.025008371,0.021200964,0.011307529,0.068767704,0.9154223
0.7438915,0.07954529,0.004035584,0.004264649,0.019858895,0.099120356,0.049335737,0.0197328,0.014201921,0.01577486,0.1512025,1.0
0.2977564,0.017237281,0.0065207826,0.008954947,0.03149906,0.06382863,0.025474131,0.008302313,0.0066790455,0.028105235,0.42893952,1.0
0.14908785,0.0076857107,0.0021878944,0.003945185,0.00985594,0.024294209,0.014439181,0.0025879357,0.0041165133,0.089736715,0.84023565,1.0
0.12347752,0.0025095448,0.0019060748,0.0018308016,0.0065279417,0.017806979,0.017840872,0.0034161233,0.0020775504,0.0999779,0.92901736,1.0
0.22593492,0.008338873,0.0017750148,0.0025945196,0.029250972,0.054583266,0.05513592,0.016240276,0.0052896724,0.053328563,0.6044652,1.0
0.7998276,0.13169323,0.0075037777,0.008341705,0.058997944,0.092797674,0.11263984,0.05857628,0.011860944,0.016854482,0.19311953,1.0
1.0,0.48544788,0.039738324,0.0042614397,0.010875323,0.034366723,0.03672095,0.03464098,0.010164624,0.0037253937,0.016295752,0.27400237
1.0,0.9887222,0.10613931,0.0068391217,0.0058052763,0.040825497,0.03445507,0.02241545,0.014282511,0.00460647,0.006837209,0.110782035
0.82869613,1.0,0.27131024,0.059264533,0.037652083,0.06371863,0.03773564,0.036024015,0.02894471,0.014912231,0.031096352,0.16878098
