0.48679516,0.5281314,0.6678528,0.8977242,1.0,0.90896136,0.7006655,0.69121736,0.74692416,0.6902978,0.65181726,0.50320816
0.7790847,0.7820398,0.8886603,0.902162,0.8863135,0.78433955,0.7432978,0.84564394,0.8892562,0.9250867,1.0,0.85183656
0.6719303,0.76277655,0.93444806,0.8894429,0.9413939,0.6825806,0.6333277,0.7173273,0.6693645,0.78327596,1.0,0.69742775
0.8092869,0.8745268,1.0,0.8906208,0.8749801,0.68411076,0.6018389,0.5832061,0.57425755,0.7051108,0.93699634,0.77853173
1.0,0.9499905,0.8528286,0.7564389,0.8591357,0.8778629,0.6469758,0.52849495,0.6272942,0.71202767,0.83353245,0.87637126
0.99670905,0.9438369,0.75334054,0.7450173,0.99601924,0.98263454,0.8851487,0.7854081,0.82223946,0.8303593,1.0,0.85829306
1.0,0.9455866,0.8772126,0.71874684,0.6786772,0.6818356,0.78301024,0.8200063,0.88601214,0.9347056,0.90013653,0.8713041
0.6791724,1.0,0.74139035,0.4113533,0.3090931,0.20826957,0.2229466,0.27298835,0.3682655,0.52160823,0.5413504,0.5159133
0.8094719,1.0,0.83420324,0.64629126,0.56221217,0.5320737,0.51264507,0.4408461,0.5184511,0.8489811,0.79267985,0.562482
0.5340983,0.4765881,0.7078816,0.7856357,0.66265464,0.79622,0.74687433,0.5535524,0.53834766,0.9522334,1.0,0.5404376
0.5499088,0.5581945,0.67446625,0.7075855,0.7457792,0.8508051,0.7510792,0.572221,0.5061162,0.7343627,1.0,0.6165368
0.91203827,0.9372668,0.77900755,0.6673865,0.63332695,0.69649637,0.62906975,0.57801074,0.6102165,0.8141465,1.0,0.85886866
0.78819734,0.800579,0.84394485,0.93706805,0.91147757,1.0,0.90839696,0.85566115,0.8748835,0.89076555,0.8301638,0.7042092
0.73147416,0.87983346,0.929506,0.9278829,0.89739895,1.0,0.825366,0.7347708,0.71136755,0.71112156,0.6722947,0.62513644
0.8493351,0.9368951,1.0,0.874294,0.86082166,0.98961633,0.7373611,0.6462311,0.6127945,0.6703386,0.68535817,0.68958616
0.6711748,0.70572454,0.69710505,0.6855314,0.82479596,1.0,0.7184951,0.58270746,0.5184752,0.6579343,0.57080686,0.509215
0.8350243,0.81619495,0.84032464,0.8065034,0.73081595,0.736836,0.72214985,0.61541563,0.67205137,1.0,0.8318433,0.739496
0.7842548,0.7416651,0.76867855,0.8058732,0.7675794,0.81271684,0.90602595,0.7351076,0.74442923,1.0,0.7800492,0.7121988
0.66157776,0.77858686,0.7522476,0.7616465,0.83727133,0.9871541,1.0,0.82756346,0.8794778,0.9523734,0.7150923,0.6497831
0.72967774,0.86115724,0.9251819,0.8221787,0.8374218,0.9311556,1.0,0.8145254,0.79876137,0.79392225,0.5768494,0.5258397
0.5502918,0.8279556,1.0,0.89810634,0.7175488,0.6652858,0.5293358,0.50073075,0.5565658,0.5333734,0.33780223,0.37525564
0.2884142,0.33863258,0.307849,0.64436364,1.0,0.6934962,0.62302107,0.60133386,0.31200612,0.18207465,0.1461767,0.17636664
0.168058,0.18706831,0.13751526,0.29065263,0.7092478,1.0,0.656559,0.6203503,0.30582902,0.121801436,0.08007264,0.10812819
0.16283268,0.16252805,0.11461512,0.20268407,0.65316916,1.0,0.65413857,0.5635799,0.45342883,0.17588215,0.12564398,0.12455429
0.35067245,0.26209047,0.21326818,0.29242292,1.0,0.5728085,0.3809635,0.3288346,0.40162134,0.24182646,0.33380646,0.48239166
0.52248573,0.3551261,0.29403868,0.3119732,0.88363093,0.5209487,0.508223,0.33766595,0.30906907,0.22670937,0.5192422,1.0
0.56578624,0.39249778,0.3617297,0.46536335,0.56537586,0.37376258,0.34519923,0.14860581,0.22049902,0.23738454,0.588647,1.0
1.0,0.77732104,0.8068678,0.959688,0.67679065,0.34326732,0.48379195,0.28688926,0.27773908,0.3215517,0.57768285,0.9805673
0.96328825,0.8773675,0.82533145,1.0,0.77270573,0.2822321,0.7882117,0.9322102,0.5297675,0.30677724,0.40690902,0.6657168
0.5641488,0.75956476,0.670796,0.5824087,0.49158263,0.13312045,0.22182079,0.7655427,1.0,0.24069609,0.21819241,0.43953404
0.8940171,1.0,0.8619764,0.7279997,0.43503317,0.12952878,0.17094167,0.46782377,0.9541871,0.59194696,0.405819,0.68200034
0.87322384,0.8458262,0.56413406,0.93381476,0.5027457,0.12018238,0.10279189,0.19441098,1.0,0.8571295,0.33838937,0.47292227
0.3713976,0.2923109,0.3267353,0.7135586,0.1960712,0.064376675,0.064149305,0.29932037,1.0,0.3346709,0.13845709,0.22348419
0.3809951,0.260776,0.23539726,0.62309086,0.22336623,0.05109642,0.060613435,0.22252095,1.0,0.38987055,0.139724,0.20980285
0.49060354,0.4235096,0.21169397,0.5951827,0.5690362,0.05412358,0.029416852,0.11409998,1.0,0.70158714,0.14907312,0.1990296
0.48661342,0.8668297,0.19195896,0.41007617,1.0,0.123534046,0.01597363,0.052717227,0.37340176,0.6579918,0.15637226,0.12807189
0.2705264,1.0,0.20017879,0.1949904,0.97804224,0.24195838,0.01866526,0.030498687,0.15306655,0.5497392,0.15477456,0.056059305
0.13777177,1.0,0.35247073,0.107709885,0.82297844,0.44998544,0.03166336,0.02721877,0.08187079,0.47077826,0.24057439,0.044774514
0.1193874,1.0,0.49364212,0.08329205,0.5581536,0.44981068,0.02937007,0.019782137,0.033525113,0.36645803,0.30890033,0.069699064
0.096582636,1.0,0.5984827,0.064183384,0.3868268,0.35837057,0.02324038,0.014552226,0.02123986,0.24828891,0.24879763,0.0578706
0.060780305,1.0,0.85836416,0.06313713,0.42203748,0.7157906,0.06979108,0.015811823,0.019884592,0.23491101,0.31102523,0.042779114
0.015662182,0.28745228,0.60846907,0.10449162,0.21489221,1.0,0.2861622,0.010707608,0.009521015,0.06522233,0.18229339,0.06400543
0.029602632,0.052475356,0.37096933,0.23291546,0.093533404,1.0,0.66797227,0.022877725,0.0076459157,0.025200393,0.15088253,0.16304503
0.13826653,0.08556498,0.38899657,0.5432894,0.07933772,0.6449167,1.0,0.06554871,0.018572671,0.038201228,0.31728646,0.5803741
0.25283104,0.14666688,0.2971193,0.4186973,0.061918933,0.19876724,0.57230663,0.06663676,0.030981166,0.06296414,0.5245354,1.0
0.22689272,0.120066725,0.13699393,0.1675519,0.05698739,0.06997779,0.19145271,0.035128005,0.017334923,0.042835634,0.5174694,1.0
0.25316393,0.09576433,0.078889124,0.082327805,0.03792603,0.028325897,0.060796365,0.027173998,0.023805758,0.055437412,0.5046016,1.0
0.2707689,0.09559118,0.05160462,0.03938172,0.019708386,0.021563092,0.03850255,0.046177644,0.07532522,0.15653422,0.7240047,1.0
0.121813715,0.07681733,0.05219059,0.034599926,0.021659974,0.022786744,0.020980867,0.0303715,0.068819284,0.3489037,1.0,0.574151
0.15193366,0.09205314,0.05026626,0.026365506,0.01780875,0.022014517,0.024515202,0.030972727,0.05856431,0.3066604,1.0,0.5955096
0.5727964,0.2988053,0.13953276,0.07335773,0.040876146,0.039653536,0.061120056,0.07906214,0.13573873,0.3354524,0.9101893,1.0
0.8504716,1.0,0.25945905,0.07968576,0.055891298,0.048937574,0.051632248,0.072706856,0.13565189,0.122234076,0.21909519,0.35712323
0.4899304,1.0,0.1891743,0.04509839,0.036822952,0.032357134,0.008244988,0.018507272,0.03818506,0.028816426,0.042349085,0.08638314
0.4255705,1.0,0.1884981,0.049416233,0.036135446,0.037589017,0.006191589,0.013029848,0.0322355,0.021150582,0.036464386,0.061212905
0.3888873,1.0,0.2009028,0.033253577,0.020459123,0.03110932,0.004572728,0.015101247,0.05209181,0.017523978,0.020366233,0.029040841
0.2763415,1.0,0.17918187,0.01030882,0.0068369335,0.012378526,0.0020265903,0.01673808,0.0720187,0.010608173,0.005500374,0.010488671
0.274934,1.0,0.17848468,0.009025146,0.0059764306,0.009753433,0.0021810997,0.033162873,0.17080949,0.028162543,0.012054318,0.02043359
0.30829448,1.0,0.19899097,0.014107215,0.007890274,0.012722614,0.004598748,0.06850947,0.42620587,0.08767304,0.045469403,0.07550528
0.33654642,1.0,0.23909448,0.026127666,0.013562702,0.019842591,0.011646715,0.08151934,0.48776275,0.11916725,0.11784852,0.21775517
0.24023616,1.0,0.28151804,0.02178041,0.010015621,0.012458581,0.005905983,0.026385663,0.13414876,0.03757146,0.07179691,0.14705342
0.18757594,1.0,0.28456488,0.019069696,0.008747862,0.011657636,0.0039707716,0.012887576,0.06924562,0.021400739,0.05143509,0.10835288
0.19290316,1.0,0.25172082,0.010343343,0.0068100244,0.013350725,0.004092425,0.010813621,0.056405716,0.016332405,0.050164077,0.094625086
0.24483569,1.0,0.23905665,0.005175924,0.006647818,0.017077286,0.006091141,0.009948315,0.035828475,0.009384545,0.067736834,0.10555616
0.3568372,1.0,0.2763331,0.009576719,0.011775973,0.02631857,0.008650745,0.01385018,0.040014744,0.010523569,0.099269606,0.13473794
0.22954886,1.0,0.29957825,0.0080604525,0.006904948,0.017356155,0.0047606137,0.0068608727,0.019958498,0.0061935643,0.033219207,0.054049082
0.24130511,1.0,0.277173,0.00718143,0.0047063204,0.011430481,0.0036677618,0.005122535,0.014677359,0.00448553,0.020869346,0.04303957
0.36545834,1.0,0.20596586,0.008295371,0.005890998,0.010242634,0.011684409,0.012579452,0.02274099,0.0056470493,0.021778025,0.04597698
0.63125825,1.0,0.16930884,0.008592634,0.005785769,0.008742529,0.030145032,0.029624853,0.036854018,0.009825118,0.031058654,0.08132663
1.0,0.6812845,0.11588474,0.015091216,0.0084157055,0.007665881,0.022647217,0.028339788,0.038701978,0.012895591,0.060727607,0.33963773
1.0,0.2537215,0.06601831,0.01576754,0.010064619,0.008890942,0.010963476,0.021334473,0.031051412,0.023319406,0.08842605,0.61233974
1.0,0.44281328,0.07846576,0.01691822,0.013682295,0.012929633,0.011126586,0.01644142,0.028109683,0.026121968,0.03426567,0.23140658
0.86114025,1.0,0.2853623,0.09875471,0.022642555,0.012922393,0.016575295,0.031329334,0.0465139,0.033584267,0.057239372,0.2252796
0.20308438,1.0,0.74067426,0.14890115,0.028638134,0.022215577,0.03010587,0.036091927,0.06247316,0.082743496,0.109099105,0.11114633
0.1616913,1.0,0.507544,0.056150693,0.026641821,0.03283697,0.023017403,0.027206093,0.040136095,0.046029385,0.0556145,0.07574793
0.13922426,1.0,0.3690304,0.017379394,0.01003259,0.027576644,0.008040202,0.008837398,0.021895826,0.0123176,0.029288959,0.059579976
0.14460006,1.0,0.27525935,0.007144551,0.0030669046,0.008826691,0.0021638582,0.0062424196,0.034028724,0.006659273,0.009078077,0.01799893
0.10679103,1.0,0.3509256,0.00948431,0.0031435513,0.008411819,0.0014544954,0.009684261,0.053914223,0.0075890827,0.0016891609,0.0043622633
0.113223545,1.0,0.31773478,0.00784905,0.004691703,0.016995518,0.0020191644,0.006589082,0.04009637,0.006090711,0.00083630974,0.0024602776
0.12030825,1.0,0.27910143,0.005774531,0.0063730213,0.032979492,0.004543829,0.0021737926,0.016891483,0.004028247,0.0008485043,0.002787087
0.0918854,1.0,0.36593187,0.007815926,0.008754975,0.066848,0.013490606,0.0021524024,0.011516151,0.0038851816,0.0011189992,0.0039989557
0.06222117,1.0,0.52960354,0.012836633,0.008204249,0.07888043,0.02026407,0.0031324301,0.01265576,0.005089114,0.0012682485,0.0050960006
0.067392096,1.0,0.5121578,0.011910372,0.005968363,0.052044656,0.013550949,0.0019976345,0.01003586,0.0048333188,0.000995516,0.004748808
0.085655615,1.0,0.43086317,0.010868491,0.0046858774,0.028057713,0.0067959856,0.0022539503,0.018342808,0.007855656,0.0017302356,0.0068195956
0.1080601,1.0,0.35458338,0.013589425,0.007321067,0.01969505,0.005758742,0.005110135,0.04890883,0.02188347,0.0056602033,0.021320136
0.107964225,1.0,0.35833728,0.013578139,0.007630499,0.021615304,0.00857925,0.008723881,0.0663463,0.034575876,0.010466917,0.044857293
0.120764844,1.0,0.35984668,0.010883116,0.004104186,0.027304698,0.00977267,0.008079902,0.035974782,0.019213548,0.0070603704,0.037786867
0.13188383,1.0,0.34510642,0.0081241485,0.0017509941,0.010668417,0.0042251656,0.004266308,0.020441774,0.010186812,0.0031454393,0.013353142
0.19366159,1.0,0.23901439,0.004078705,0.0010074516,0.0032068137,0.0015604063,0.0033263068,0.016925747,0.005679817,0.0016757885,0.006373575
0.31341958,1.0,0.17751291,0.003093802,0.0027094926,0.0041405214,0.0010991112,0.003992943,0.012834929,0.0030647016,0.0019405277,0.009634232
0.49471182,1.0,0.15295741,0.004470438,0.0077280966,0.009666854,0.0007920506,0.004214418,0.011057069,0.0018189837,0.0017226465,0.017257899
0.39554137,1.0,0.15135589,0.002881336,0.0047229626,0.007028256,0.0004875315,0.0023371466,0.006302661,0.0012924474,0.00084412313,0.011997398
0.39884904,1.0,0.13962993,0.003140026,0.0038390933,0.0064083613,0.0005429633,0.0019573935,0.007268142,0.0018506777,0.0007940034,0.010334217
0.44323668,1.0,0.14271817,0.003529439,0.0028681585,0.005258434,0.0007072702,0.0021785814,0.01188257,0.0030856964,0.000920556,0.011191014
0.39384505,1.0,0.19390278,0.008409803,0.0014778976,0.0019441737,0.0005840982,0.0027639477,0.017747922,0.00471926,0.0011715419,0.014313448
0.65710586,1.0,0.22436231,0.016754894,0.0026852519,0.002290466,0.0018945431,0.0042174454,0.020114062,0.0062148897,0.0066997763,0.09639016
1.0,0.40015462,0.04529359,0.011720367,0.0064040273,0.0056318985,0.007820957,0.009129547,0.016694602,0.008417162,0.023874909,0.2874696
0.68994015,1.0,0.2694462,0.040103186,0.013184826,0.015401591,0.0194643,0.01793753,0.022491205,0.017944286,0.021700326,0.07841138
0.2501558,1.0,0.3111061,0.01928931,0.012823572,0.017076027,0.009918717,0.010159132,0.022684587,0.011806624,0.01471715,0.029430237
0.24159263,1.0,0.19178523,0.004884342,0.0041721417,0.008248149,0.002279599,0.012479574,0.031536855,0.0039442666,0.012725742,0.015857698
0.20545384,1.0,0.26756406,0.0072705033,0.0034789091,0.009612271,0.0021923552,0.021409992,0.049857777,0.0048079197,0.0055525503,0.006962328
0.13191818,1.0,0.58057314,0.03704194,0.005972306,0.039478187,0.016267793,0.021436216,0.06961277,0.019446049,0.002973344,0.0064873416
0.047212444,0.83018017,1.0,0.10275866,0.023999445,0.34492436,0.16226974,0.010351529,0.10859872,0.111854695,0.005794338,0.0083072595
0.03875763,0.9172213,1.0,0.05852085,0.061616514,0.9368554,0.4748181,0.012533427,0.21637778,0.31863603,0.014187915,0.007350706
0.02282032,0.55640924,1.0,0.076641984,0.034944937,0.4813639,0.41026688,0.01754486,0.259652,0.54336625,0.033306107,0.006716518
0.017328499,0.44669574,1.0,0.09143063,0.019781422,0.10403254,0.1443513,0.01614475,0.20422663,0.54655576,0.04084086,0.00648566
0.026359897,0.70746547,1.0,0.065693416,0.012889848,0.060116008,0.071206346,0.018248174,0.41264853,0.73418856,0.040537585,0.0067559583
0.042642076,0.85492224,0.69697756,0.02839479,0.009605379,0.054900564,0.033231154,0.04245047,1.0,0.8609015,0.024401573,0.0050638355
0.046541143,0.6571077,0.29743028,0.00894309,0.0056315097,0.0363063,0.016027223,0.06421488,1.0,0.4657707,0.007687234,0.0027013256
0.053956848,0.6800012,0.2711404,0.00645603,0.0042675184,0.028149158,0.01152169,0.06939256,1.0,0.4367202,0.008137269,0.0022500725
0.050765272,0.85077375,0.41150317,0.008196832,0.0030443026,0.02366701,0.009515323,0.061037876,1.0,0.48317567,0.010337187,0.0018084171
0.04808302,1.0,0.5962122,0.013019269,0.0026596943,0.017893352,0.0075788517,0.030772304,0.6977826,0.4235764,0.0078008175,0.0011249194
0.084485576,1.0,0.5047896,0.01112853,0.0021335457,0.0069364877,0.0051116324,0.03277063,0.4092207,0.22849044,0.0051592644,0.0037691998
0.3394087,1.0,0.30958268,0.010555403,0.009240792,0.01911088,0.05028377,0.15261717,0.40279588,0.1386954,0.011018781,0.045028087
1.0,0.90893143,0.16433242,0.052053217,0.12413997,0.23773718,0.41397393,0.4644694,0.2568459,0.10239996,0.11220117,0.27788198
0.31226164,0.95916873,0.42413202,0.14114214,0.26104015,0.71430504,1.0,0.35920817,0.24815983,0.33047003,0.23603922,0.17862019
0.18758465,1.0,0.4809296,0.0827132,0.062460586,0.08815754,0.120088324,0.07525807,0.15558796,0.31052828,0.11694755,0.077391036
0.29979602,1.0,0.59358144,0.19562642,0.10310836,0.07935484,0.08158478,0.08983039,0.16938326,0.34790328,0.18623069,0.16451797
0.51328045,1.0,0.87731916,0.4718308,0.2393971,0.20629366,0.25830716,0.2898032,0.3743372,0.5946571,0.43302736,0.39014313
0.7026415,1.0,0.8116209,0.41720867,0.4399146,0.4752117,0.43582422,0.4142488,0.5516224,0.6633349,0.7052864,0.7364729
0.5157893,1.0,0.71636736,0.25810698,0.24479373,0.2685241,0.2519392,0.20386927,0.24458611,0.2759355,0.43138665,0.53510463
0.5167241,1.0,0.6610011,0.2593431,0.20926681,0.2128851,0.29104146,0.24994543,0.26694876,0.34294188,0.45350575,0.5923184
0.7712846,0.7841101,1.0,0.81823766,0.41492063,0.4489577,0.3963353,0.3858108,0.4029005,0.43058744,0.56096,0.9445666
0.7289646,0.68295944,1.0,0.8631065,0.7285442,0.9598731,0.66015893,0.4407186,0.43278712,0.47096747,0.5415395,0.9078526
1.0,0.9569207,0.82026446,0.6215766,0.49212,0.7626688,0.5942683,0.3531726,0.36608237,0.45233035,0.6814816,0.99441975
1.0,0.91720474,0.8474244,0.6859372,0.48024446,0.41180444,0.39400542,0.47135526,0.55300826,0.5920602,0.6845656,0.88214445
0.878304,1.0,0.7105982,0.5655387,0.6766125,0.43001342,0.49182686,0.5770094,0.8442297,0.83939123,0.8086709,0.70917535
0.8476497,0.9018309,0.529809,0.2770847,0.48218948,0.63656193,0.82511204,0.74197394,0.6954514,0.7103216,0.99458987,1.0
0.9141602,0.8772964,0.74752194,0.58006763,0.4676547,0.5908065,0.48756397,0.23650087,0.42378414,0.35269186,0.7244975,1.0
1.0,0.90023214,0.85495824,0.7728355,0.37619424,0.17445005,0.1522532,0.20477621,0.30653647,0.37102082,0.5107463,0.83702135
1.0,0.8954486,0.8137763,0.67013264,0.29548016,0.11425306,0.07673068,0.11830666,0.18122564,0.2598948,0.45795846,0.80484533
1.0,0.85699284,0.6209133,0.37832507,0.15411356,0.065407366,0.051535454,0.08693227,0.14320213,0.22614655,0.42815548,0.7877535
1.0,0.8997615,0.7186388,0.5007211,0.22055167,0.06666355,0.041562915,0.081431285,0.14323974,0.22657841,0.4351692,0.7882769
1.0,0.86844486,0.6822354,0.49518278,0.22671857,0.06593262,0.042012792,0.084919184,0.15096171,0.24129076,0.44975275,0.79625016
1.0,0.84259206,0.61969155,0.44231156,0.19800717,0.05905381,0.042800568,0.08733758,0.15718903,0.24996483,0.4526747,0.79832715
1.0,0.81316257,0.5399879,0.37662405,0.17449564,0.06425289,0.067743585,0.15599222,0.2696942,0.35412982,0.5211052,0.8315411
1.0,0.79519176,0.4717677,0.30733243,0.15958653,0.07678822,0.102399744,0.21553396,0.34237942,0.43812507,0.5844883,0.86109847
1.0,0.8812092,0.57863367,0.34090227,0.14050649,0.093091436,0.09724232,0.1669246,0.2617142,0.38030908,0.5505836,0.81837267
0.9798337,1.0,0.7980925,0.51784974,0.2108593,0.09078453,0.06859139,0.1163154,0.19102414,0.27431566,0.5368321,0.79647994
1.0,0.8840832,0.7464815,0.5405421,0.16869463,0.19504923,0.18013132,0.2471014,0.42529687,0.5532326,0.75217927,0.9300832
1.0,0.8643181,0.7586971,0.61408174,0.3421839,0.16958727,0.10241988,0.117648944,0.19509842,0.2731791,0.45543718,0.7801328
1.0,0.9500719,0.89909977,0.77908313,0.45541242,0.20062725,0.10012349,0.104000024,0.17221539,0.26601166,0.4334064,0.7638797
1.0,0.984955,0.9822917,0.88335013,0.527386,0.18345664,0.110830545,0.12905301,0.19010308,0.26519075,0.45417443,0.78744274
0.6630608,0.76367337,0.9386004,1.0,0.7614939,0.34164563,0.20288104,0.16618338,0.17268705,0.22418891,0.35548395,0.5279796
0.9316564,0.9238035,0.98802215,1.0,0.7744601,0.34255555,0.2185133,0.20804396,0.2602247,0.37969056,0.59917426,0.7882377
1.0,0.8830572,0.7181159,0.5599499,0.35368994,0.14290003,0.08941123,0.12644629,0.19530633,0.29815817,0.52093273,0.8188419
1.0,0.82806015,0.5648595,0.3972827,0.26620495,0.1227738,0.10238597,0.1602288,0.25602192,0.38054624,0.5494974,0.8340927
1.0,0.86529094,0.6643546,0.56231844,0.31681073,0.13288547,0.10715162,0.14688751,0.22190107,0.33716887,0.5092906,0.81737024
1.0,0.9160676,0.7751467,0.7989141,0.5189028,0.22491685,0.14632349,0.09435003,0.13105634,0.2335565,0.44003898,0.7992533
1.0,0.81104887,0.49560314,0.42131782,0.54022837,0.3177426,0.27588993,0.27844125,0.35844538,0.45044914,0.5948066,0.87481296
1.0,0.758513,0.40281746,0.25592616,0.7028976,0.57852626,0.5687589,0.46172342,0.58233553,0.6880351,0.7204894,0.9103277
1.0,0.7670637,0.42630965,0.29199022,0.76909316,0.60549253,0.53973544,0.34763175,0.3805401,0.48962155,0.6099854,0.8566318
1.0,0.8377497,0.6207338,0.4851723,0.40170062,0.29222652,0.26631954,0.23496301,0.294293,0.39061904,0.5395457,0.8280084
1.0,0.82898813,0.59879845,0.46795163,0.27613387,0.17483428,0.15561615,0.19405125,0.27020326,0.389743,0.5426562,0.84073913
1.0,0.8058623,0.5231049,0.3735827,0.2805885,0.16571146,0.14255932,0.16984977,0.2323077,0.31855017,0.4888955,0.8210283
1.0,0.86561465,0.6600801,0.5030985,0.3046494,0.201523,0.19138132,0.23299062,0.16357182,0.22737847,0.4318161,0.7901786
0.974514,0.98116916,0.9834762,1.0,0.7696849,0.49636406,0.34724352,0.30104053,0.24183153,0.30969387,0.47750342,0.7799864
0.40886778,0.5840324,0.7900502,1.0,0.8368548,0.6122161,0.7564171,0.3828311,0.17062627,0.14481676,0.19179033,0.3048872
0.1711873,0.25006747,0.41034982,0.5482553,0.6142715,1.0,0.9152494,0.3237859,0.15218519,0.13800594,0.1560601,0.14239556
0.45246798,0.506878,0.5814301,0.48205698,0.69122326,1.0,0.5600926,0.20904352,0.20976473,0.32139328,0.36429158,0.40314347
1.0,0.83543533,0.6735402,0.44431946,0.45451015,0.5838999,0.3859744,0.30629072,0.41210663,0.5793855,0.6849706,0.8666753
1.0,0.83690095,0.583518,0.3892424,0.22832198,0.19360761,0.16199954,0.17524187,0.24753612,0.3331709,0.507452,0.8206913
1.0,0.8583225,0.62965155,0.45262742,0.2568515,0.16190171,0.114720106,0.14999457,0.21283898,0.29563302,0.46933225,0.7958813
1.0,0.9498445,0.85876894,0.71279114,0.47230405,0.33217585,0.23823811,0.26085222,0.326987,0.4029462,0.55351526,0.8156466
0.849252,0.935648,1.0,0.98762965,0.9472405,0.88107514,0.6499551,0.58190626,0.5037705,0.52953976,0.57775855,0.70226246
0.9063686,1.0,0.9811638,0.8881353,0.74054456,0.6163604,0.56711054,0.5202246,0.5102241,0.57139367,0.6047771,0.73083097
1.0,0.86454356,0.6393356,0.45902395,0.3047511,0.23849784,0.257573,0.31772485,0.42288443,0.51449835,0.62729895,0.85411227
1.0,0.82066923,0.5371251,0.34374675,0.20320997,0.14417228,0.15022932,0.1917596,0.25895348,0.33867192,0.5139161,0.8236554
1.0,0.8148619,0.54198056,0.34780812,0.1873177,0.11239656,0.12591654,0.2038666,0.29779434,0.38750917,0.54578143,0.8345096
1.0,0.8600164,0.66444165,0.49330097,0.28105748,0.15062839,0.12632838,0.1780867,0.24658397,0.3276079,0.5036675,0.81393075
1.0,0.92544407,0.82235473,0.667779,0.37296376,0.16690692,0.10796538,0.14220211,0.20845765,0.3003756,0.48415437,0.8003073
0.83691657,0.8147353,1.0,0.9070496,0.6882798,0.42370716,0.32841635,0.30291468,0.47534037,0.6353737,0.87084836,0.97776324
0.33107704,0.54437596,0.6422468,0.27082786,0.1960941,0.13033816,0.12356892,0.18276246,1.0,0.7484343,0.42708504,0.42747226
0.21832284,0.42999893,0.41951236,0.123483196,0.08216328,0.07378883,0.060689013,0.12385806,1.0,0.5585053,0.18735442,0.22986174
0.6953516,0.8705928,0.77553415,0.42953432,0.31736347,0.17469995,0.126436,0.21692795,1.0,0.5949167,0.40666533,0.6152008
0.8194958,0.76049477,0.62219167,0.5078949,0.78652006,0.7772718,0.55825806,0.7160428,1.0,0.6097849,0.653038,0.7026531
0.3059388,0.27960944,0.27791956,0.281448,0.60776764,0.46424145,0.4037627,0.50840336,1.0,0.58947885,0.4305093,0.30672643
0.5330203,0.44678983,0.41375235,0.40262562,0.9046084,0.8150006,1.0,0.83173716,0.82870924,0.54681796,0.5663437,0.68202746
0.3399878,0.23979308,0.20291674,0.2394148,0.49933076,0.6599262,1.0,0.55181724,0.3367787,0.31427294,0.44929218,0.6269291
0.9632268,0.9365699,0.8054631,0.8093712,0.5501739,0.4930903,0.73459244,0.46710962,0.39112183,0.48973987,0.64152926,1.0
1.0,0.9241289,0.7326399,0.5696752,0.3317506,0.15500344,0.2054656,0.20674098,0.22636664,0.28908926,0.47525132,0.77910644
1.0,0.96380264,0.6939561,0.44277158,0.235189,0.09608042,0.09838319,0.18767183,0.22525612,0.28824043,0.48548213,0.7866385
1.0,0.9128142,0.6717324,0.46150264,0.259738,0.13823663,0.090530515,0.11375848,0.17092377,0.26085806,0.49519214,0.83967555
1.0,0.95086026,0.70610285,0.43510124,0.26253864,0.19916329,0.23726745,0.23752895,0.18205976,0.24349788,0.44113392,0.7926838
1.0,0.92426807,0.72791815,0.44692922,0.27090245,0.1865044,0.22780947,0.4155438,0.43427107,0.31946602,0.4541878,0.7888652
1.0,0.8995526,0.6604355,0.45650974,0.2826449,0.14604495,0.11421185,0.24934286,0.73983884,0.56341743,0.5025974,0.8136017
1.0,0.93128693,0.663731,0.3755715,0.23528746,0.1118097,0.10771755,0.38933966,0.8900286,0.63782835,0.54306376,0.8607177
0.81389856,1.0,0.7242033,0.33732125,0.19806492,0.12485135,0.23544587,0.57427174,0.5291474,0.41211945,0.7351784,0.8701837
0.7215773,1.0,0.7559357,0.45395434,0.331535,0.18007642,0.30133873,0.4611042,0.3584196,0.43117195,0.8062166,0.90194345
0.80881655,0.73904675,0.36523968,0.22825119,0.37389168,0.27392438,0.33144644,0.46483082,0.358282,0.44350165,0.6399003,1.0
1.0,0.9749832,0.65781474,0.49154243,0.50151074,0.29810306,0.12618728,0.1831634,0.24917991,0.30492514,0.46991178,0.77384037
0.81498384,1.0,0.8399789,0.5890066,0.39536557,0.21148582,0.111588545,0.14073132,0.15904558,0.20559134,0.35653892,0.5309317
0.6806297,0.9214612,0.9424162,1.0,0.9188622,0.47232392,0.15934415,0.11619411,0.098804094,0.13475801,0.41952917,0.7873852
1.0,0.53711814,0.33535236,0.32750598,0.53199834,0.64544445,0.28425112,0.085382655,0.039636344,0.05449572,0.16469522,0.78478456
0.56071615,1.0,0.57363814,0.2309538,0.21239717,0.2703612,0.47819272,0.36851755,0.1459143,0.06303418,0.063842304,0.18608168
0.41299728,1.0,0.7232201,0.8109804,0.5400205,0.16609086,0.31812432,0.68403953,0.82335097,0.5021214,0.20783007,0.21543387
0.42128915,0.46883217,0.27864975,0.4786912,1.0,0.46382907,0.080194704,0.21287256,0.4761841,0.9845383,0.66155523,0.33514595
0.23966599,0.26693603,0.24434336,0.15583938,0.38849816,0.6705051,0.100136325,0.056695785,0.07806885,0.48130953,1.0,0.32236415
0.13140593,0.121490166,0.13224828,0.07432574,0.08726552,0.38235366,0.11330952,0.023005385,0.042394564,0.22430916,1.0,0.3752063
0.08609545,0.074602656,0.06688201,0.030522333,0.040104747,0.19524786,0.076553985,0.022539522,0.04262779,0.27703708,1.0,0.38255996
0.12512106,0.13893272,0.09345901,0.029239515,0.043636065,0.15814288,0.064514674,0.035529606,0.07390584,0.4833651,1.0,0.37947735
0.3484867,0.34583852,0.22509642,0.119112,0.15618254,0.3010834,0.26739657,0.24307589,0.23136838,0.38866758,1.0,0.6613558
0.69678277,0.6571511,0.3375329,0.16076899,0.21301289,0.7365544,1.0,0.6686826,0.4940685,0.5903234,0.8689433,0.71975064
1.0,0.8964776,0.64722407,0.4383171,0.30701742,0.3697532,0.47134313,0.34184542,0.34648007,0.43524945,0.64020145,0.88843346
1.0,0.9709692,0.69900554,0.5002664,0.27285048,0.1238905,0.12279788,0.21791323,0.2471828,0.29162544,0.46553284,0.75021625
0.6119897,1.0,0.4225015,0.1669481,0.085751995,0.042500753,0.027852312,0.061476376,0.10920385,0.095914125,0.18544175,0.35215092
0.20758195,1.0,0.43942147,0.044225987,0.03175541,0.059256945,0.011498551,0.012147218,0.03034268,0.02582672,0.041794818,0.072158046
0.13634749,1.0,0.4572463,0.032760065,0.04140101,0.15463924,0.020759933,0.0069464943,0.022778552,0.018030759,0.02671768,0.045599557
0.15399298,1.0,0.3954309,0.040110283,0.06754704,0.25008002,0.029490279,0.010971984,0.05410155,0.029084368,0.033213977,0.05639727
0.19769023,1.0,0.2814546,0.030379534,0.04821129,0.17613155,0.023695035,0.024443341,0.13885735,0.057202984,0.043998286,0.07028105
0.16818835,1.0,0.28194347,0.018950518,0.02110321,0.075624414,0.012622421,0.02633169,0.20406488,0.07073841,0.029802779,0.047992185
0.12843792,1.0,0.31601173,0.011456302,0.008932993,0.030576872,0.006734943,0.027573666,0.25386375,0.07953219,0.017032502,0.025625385
0.10119381,1.0,0.3791766,0.012357515,0.0060168137,0.022298926,0.005392335,0.023374362,0.2740718,0.10098496,0.011573419,0.016390279
0.07720944,1.0,0.45055988,0.0110481335,0.0040753055,0.023058573,0.0063389787,0.018760372,0.27707806,0.12135862,0.008311756,0.009456604
0.06449324,1.0,0.52396613,0.012152327,0.004204733,0.02528748,0.0084638735,0.016220719,0.2819589,0.1493495,0.006700292,0.0070759216
0.060847588,1.0,0.5900855,0.018442634,0.006712605,0.020704424,0.0075855535,0.012244315,0.25747713,0.1617598,0.008300053,0.009650231
0.06031703,1.0,0.6124536,0.022530193,0.009076968,0.023504088,0.008440592,0.011306372,0.24287122,0.15978286,0.008495429,0.010544388
0.04761346,1.0,0.6720883,0.022051807,0.0072002592,0.02042989,0.008056937,0.009851852,0.25055358,0.17921449,0.005313643,0.0040197987
0.046142068,1.0,0.6934336,0.019648004,0.004569363,0.015297035,0.006089472,0.007821951,0.20998663,0.16040625,0.0043865344,0.002128611
0.0619025,1.0,0.55931354,0.020356042,0.005437165,0.016108263,0.0053817746,0.010137899,0.1867803,0.10785148,0.0057849996,0.005525108
0.08696471,1.0,0.415681,0.014317132,0.0044866744,0.010515022,0.0036081134,0.008953175,0.13661878,0.0694756,0.008156053,0.010619833
0.22489862,1.0,0.251582,0.015806705,0.0081104385,0.0063566095,0.0040318756,0.00868264,0.06680313,0.029274365,0.011360826,0.02342802
0.40288648,1.0,0.14091125,0.013392242,0.006891096,0.0035498326,0.0027364278,0.0083370805,0.043660335,0.013925554,0.010814595,0.02893331
0.44044736,1.0,0.22937885,0.02097228,0.01031467,0.006174053,0.003861336,0.01821111,0.0774305,0.024944682,0.02147516,0.056459207
0.8438731,1.0,0.35018283,0.036047418,0.02184532,0.016476871,0.023531662,0.068346955,0.12071887,0.09445668,0.11001386,0.2676157
0.57546544,1.0,0.39387953,0.056479316,0.03239858,0.025123812,0.025495062,0.036952376,0.0610807,0.090164594,0.104551256,0.2064729
0.5633716,1.0,0.6122643,0.070443876,0.03619126,0.04336744,0.040760174,0.052111257,0.08604813,0.12560885,0.13750078,0.27180037
0.5397384,1.0,0.6172424,0.11214968,0.0737703,0.10501693,0.1085165,0.120320745,0.12533891,0.1724113,0.25875238,0.4242221
0.5801386,1.0,0.5719298,0.18666753,0.26442182,0.37027794,0.3025667,0.2348663,0.45669413,0.37276357,0.44937724,0.42314154
0.29807532,1.0,0.62433183,0.13583405,0.16435336,0.10737932,0.066201404,0.08772504,0.28801325,0.22846471,0.17891581,0.20878677
0.16071461,1.0,0.51025593,0.0751022,0.05896499,0.028439403,0.015099699,0.030381676,0.10977473,0.04934111,0.042591825,0.066959195
0.15467264,1.0,0.30197617,0.032587923,0.024278123,0.020095883,0.006390977,0.03138306,0.19758926,0.043392234,0.015405864,0.027776476
0.20114432,1.0,0.18383369,0.015043553,0.015762974,0.029372469,0.004104345,0.078378424,0.459952,0.07287204,0.011764158,0.023369566
0.2341243,1.0,0.16722421,0.024115222,0.024497002,0.039450426,0.0059028114,0.13996612,0.825476,0.13025261,0.01772352,0.03019226
0.24460694,0.8949808,0.12563822,0.023721613,0.029950047,0.048955493,0.0069529787,0.20102486,1.0,0.13499925,0.011456588,0.02190709
0.31267655,0.98604596,0.11900615,0.017716547,0.037343126,0.05975036,0.009518343,0.27792403,1.0,0.094574876,0.0054603135,0.01301646
0.32392344,0.88719267,0.09622341,0.014969679,0.037867364,0.060024876,0.014083228,0.31652832,1.0,0.08338162,0.004770101,0.01130768
0.21439731,0.77536875,0.13025643,0.021170892,0.02825066,0.056832105,0.01591807,0.21680236,1.0,0.14301302,0.013473429,0.021216596
0.12241958,0.8324793,0.24430166,0.017650578,0.017211616,0.05360255,0.015518811,0.121798165,1.0,0.24603625,0.014544798,0.01972584
0.06436593,0.7547401,0.33543625,0.0092663625,0.006720113,0.03898734,0.012944443,0.07188772,1.0,0.4188602,0.011565989,0.009324136
0.049163185,0.917132,0.6047767,0.020812549,0.007925776,0.039885458,0.0177531,0.047903627,1.0,0.66150105,0.016112084,0.009088872
0.070950784,1.0,0.5387244,0.026101045,0.01671774,0.05936332,0.018460225,0.056996215,0.94643396,0.5216421,0.012615842,0.007970625
0.10393126,0.8570881,0.24275266,0.017273588,0.021069746,0.06735243,0.014164727,0.1076029,1.0,0.2793146,0.0071805627,0.004976024
0.10667699,0.91928625,0.46490166,0.03757662,0.01745441,0.058443524,0.020896252,0.09976464,1.0,0.47990373,0.025042139,0.008775967
0.040217448,0.4181247,1.0,0.31235537,0.016935967,0.024022419,0.038191915,0.03471625,0.36742488,0.71393436,0.20061342,0.01937987
0.02097934,0.07469199,0.7811762,1.0,0.08112449,0.018839201,0.045215625,0.04904527,0.03294103,0.42194417,0.54340214,0.046453014
0.008659401,0.017097985,0.24889465,1.0,0.12469071,0.021357372,0.022119228,0.046728473,0.006431067,0.10012165,0.3847902,0.049446814
0.0046609966,0.015565441,0.3192617,1.0,0.106928796,0.024271151,0.026738398,0.043946363,0.006530362,0.14986335,0.39263403,0.037233826
0.0063110893,0.047542244,0.87995476,1.0,0.063924536,0.023713201,0.075514644,0.05156552,0.031399615,0.82493454,0.77327764,0.026477296
0.004818216,0.081201844,1.0,0.45236647,0.019703642,0.010616304,0.049828913,0.0153375575,0.052835464,0.9073331,0.44654456,0.007846887
0.004884288,0.10974621,1.0,0.30495855,0.010460846,0.0072184433,0.03261781,0.0065887906,0.052578047,0.61899644,0.18646252,0.003923018
0.010649825,0.14565021,1.0,0.28316495,0.0064366623,0.0062002344,0.039778903,0.00913302,0.028516628,0.31822774,0.099571,0.005355673
0.047562055,0.3857565,1.0,0.23000231,0.005865404,0.013679024,0.09058693,0.02064302,0.011976514,0.12526467,0.056489613,0.009226134
0.14529346,0.76875484,1.0,0.1979382,0.012219144,0.067258835,0.40589753,0.07910625,0.018181268,0.0949958,0.04864341,0.030451586
0.058626983,0.46040407,1.0,0.15259495,0.019044308,0.21117526,0.565696,0.06550309,0.04223173,0.09974046,0.027342353,0.03561209
0.010980661,0.306918,1.0,0.18606876,0.012916959,0.24272108,0.20124574,0.008148894,0.027230412,0.041370656,0.005361661,0.005473219
0.011740533,0.3809802,1.0,0.18261187,0.014891947,0.26037467,0.15954927,0.0058961115,0.042259853,0.045571968,0.0031178372,0.003138054
0.04256493,0.88090813,1.0,0.11588356,0.03328726,0.45703474,0.20106758,0.018434782,0.2865573,0.1882449,0.01067997,0.005898554
0.07575813,1.0,0.46948183,0.02352825,0.048389465,0.38878766,0.08702529,0.054793395,0.8125182,0.34355778,0.012387639,0.009849967
0.06840408,0.8126894,0.35394332,0.011957474,0.02438742,0.17587179,0.03656016,0.07108622,1.0,0.42559892,0.009080102,0.00851104
0.04510686,0.6767776,0.3527878,0.0090493765,0.0073005315,0.07263295,0.02430375,0.06712323,1.0,0.5502831,0.012043766,0.0059877965
0.049186386,0.7866694,0.4154883,0.009987867,0.0048709447,0.054687273,0.021216614,0.06884033,1.0,0.55924374,0.011779975,0.0049073636
0.05552061,0.76590616,0.34984654,0.0069994917,0.004571878,0.04637115,0.015788473,0.06750255,1.0,0.479179,0.008835422,0.0033495494
0.048737157,0.69449836,0.30560258,0.0063907104,0.005291035,0.048878383,0.015328371,0.068215705,1.0,0.43272802,0.0073679006,0.0027930513
0.09879329,1.0,0.51662123,0.0231189,0.00881534,0.04423613,0.01689262,0.076504834,0.99935544,0.46715137,0.019043624,0.015618241
0.22368066,1.0,0.6304931,0.07790593,0.029130045,0.04588068,0.026092561,0.073055856,0.4853994,0.2768561,0.08010498,0.07960979
0.22221172,1.0,0.56041414,0.10931273,0.060794953,0.05434538,0.04820039,0.07242385,0.14785795,0.17872186,0.24472886,0.17154598
0.12209834,1.0,0.5196349,0.037735216,0.019475983,0.01662481,0.019525142,0.06499833,0.12919652,0.06379832,0.05365253,0.06408574
0.12241442,1.0,0.48099878,0.033561464,0.014421735,0.0089021595,0.0142481765,0.025679745,0.058495343,0.061603397,0.04683554,0.054750346
0.09337681,1.0,0.55147505,0.035496738,0.019500453,0.0119391335,0.008795873,0.0062880497,0.012131568,0.01585277,0.017450595,0.032146234
0.07511036,1.0,0.58422875,0.02446191,0.01772947,0.019086475,0.016007174,0.016120374,0.026375292,0.026859935,0.028985897,0.02918204
0.09108902,1.0,0.69932294,0.03001733,0.011553468,0.015075428,0.017685158,0.026968805,0.070624486,0.06055518,0.058715694,0.053103913
0.14428046,1.0,0.6219772,0.051996045,0.023228766,0.016495932,0.018064417,0.02958902,0.06809307,0.05770537,0.056118496,0.07650182
0.1720619,1.0,0.6057172,0.10070129,0.059046045,0.03786617,0.031403735,0.03484756,0.059595652,0.04377479,0.05413538,0.09253684
0.14992605,1.0,0.57851356,0.07841896,0.044656936,0.028907528,0.02446536,0.028736306,0.057590313,0.049374197,0.05077079,0.07399866
0.08741058,1.0,0.54463047,0.022024816,0.010883881,0.010679108,0.009821662,0.011236874,0.01989251,0.017715538,0.018393906,0.024391621
0.067738615,1.0,0.59995294,0.02102495,0.0069504557,0.005974996,0.005272035,0.0048741214,0.006294323,0.006497104,0.008157117,0.011009787
0.0671316,1.0,0.5587673,0.024624009,0.016897853,0.013548011,0.0093065025,0.009172753,0.011818358,0.01646563,0.013398182,0.009533721
0.06937376,1.0,0.5613371,0.03173679,0.040401433,0.023132514,0.010591769,0.010702664,0.015545991,0.029955177,0.024005383,0.014596539
0.0895634,1.0,0.6696528,0.044523057,0.02722138,0.023687782,0.012212979,0.006983456,0.010416182,0.018093126,0.024867745,0.0367772
0.11389813,1.0,0.8099395,0.07223341,0.036946096,0.022311658,0.013161431,0.009859557,0.017040864,0.024121206,0.037538998,0.060564157
0.15701109,1.0,0.927737,0.10907923,0.051239926,0.018238163,0.012873058,0.018691259,0.060564086,0.06862719,0.06348075,0.10021533
0.15155339,0.74612963,1.0,0.15627427,0.059727725,0.029107168,0.018008783,0.024111114,0.12212159,0.16091728,0.07160711,0.09978997
0.04327439,0.6996395,1.0,0.08163949,0.011834065,0.009542507,0.004524532,0.003207414,0.067307964,0.16709556,0.020110056,0.013289264
0.037408944,0.89515835,1.0,0.052118875,0.006256202,0.003141216,0.0020481881,0.0027544247,0.048029542,0.09182993,0.008937606,0.0065557323
0.04719099,1.0,0.8173831,0.03612888,0.008499642,0.004107469,0.002330498,0.0040316293,0.063327305,0.055761933,0.003985779,0.0056212777
0.057827324,1.0,0.5780915,0.02175065,0.00983911,0.006206166,0.0032364016,0.007723641,0.09320913,0.047127847,0.003917647,0.004559248
0.06756003,1.0,0.48188683,0.01294125,0.0047731926,0.0036900656,0.0024419157,0.010129172,0.1079933,0.043267384,0.003980745,0.0046755006
0.077410735,1.0,0.48841393,0.017635476,0.0059809396,0.0034485229,0.0018372766,0.007347923,0.08859612,0.037232805,0.006025408,0.010128748
0.08380568,1.0,0.48237196,0.019067345,0.0056194873,0.0031519264,0.0013581376,0.0039457805,0.057083644,0.029056998,0.0059532872,0.011363465
0.09748676,1.0,0.40358275,0.01488775,0.0035953762,0.004151385,0.00374863,0.006560416,0.035003446,0.02556166,0.011901247,0.015982367
0.07310288,1.0,0.5999004,0.039650463,0.0055551906,0.0033337171,0.0029314512,0.003967203,0.014129631,0.022582812,0.008703447,0.00963535
0.061290927,1.0,0.61874825,0.07795927,0.009107634,0.0033851922,0.0018629332,0.0014805899,0.004568451,0.009892674,0.004447939,0.002597898
0.059628658,1.0,0.7290614,0.19046079,0.026771415,0.007114722,0.0044933143,0.004323064,0.0058748308,0.008134857,0.00918047,0.0047891447
0.1338826,1.0,0.90427303,0.66489553,0.14118898,0.03550031,0.020648105,0.021583721,0.029197324,0.036638394,0.06585828,0.07127543
0.35930437,0.94333875,1.0,0.9880532,0.33084783,0.07887159,0.053376444,0.07131598,0.10043427,0.15098268,0.28740555,0.28501806
0.42538366,0.8297025,0.8160479,1.0,0.6337554,0.47178012,0.22590834,0.12452051,0.12852834,0.19743568,0.33073524,0.3146048
0.36386335,1.0,0.52946174,0.7780684,0.35296386,0.41723764,0.28627393,0.12587442,0.104892746,0.118114606,0.13650551,0.17035183
0.30489978,0.8531295,0.7037796,1.0,0.30823234,0.19479889,0.14207229,0.100226894,0.102433436,0.1080041,0.10269859,0.12346789
0.2625084,0.6346549,0.5912841,1.0,0.28218076,0.17915502,0.11426186,0.08729888,0.08031474,0.0749364,0.06934009,0.07474191
0.2418615,0.60739595,0.3971466,1.0,0.3142257,0.115600586,0.108722016,0.091167025,0.11668077,0.075918235,0.0842739,0.10653419
0.118957676,0.2023748,0.2689922,1.0,0.4136006,0.07872231,0.05243587,0.060490817,0.122903176,0.088037774,0.15441051,0.10109331
0.072020896,0.0836668,0.32087395,1.0,0.33937424,0.13324292,0.05427743,0.04804519,0.062012702,0.2189898,0.4231838,0.10185467
0.077955395,0.15741563,0.76453453,1.0,0.20048885,0.22385204,0.13052964,0.12073942,0.09351977,0.34358686,0.7411956,0.14970247
0.34877908,0.5685763,1.0,0.65698695,0.5024786,0.49062127,0.32476532,0.16553228,0.18074614,0.38567522,0.66587037,0.33379292
0.64180255,0.755456,1.0,0.686916,0.6038668,0.3759541,0.26723307,0.16646396,0.22151409,0.3454833,0.44608808,0.5260925
0.5242221,0.5964943,1.0,0.6438557,0.3688569,0.27180296,0.15642828,0.113430545,0.10598952,0.21085869,0.29091987,0.40715793
0.4782242,0.49886817,1.0,0.94954616,0.31392163,0.21513839,0.117749825,0.089415915,0.088613465,0.21800081,0.2798715,0.33983484
0.49444932,0.4869301,0.7876038,1.0,0.37461877,0.14027989,0.09097064,0.061368246,0.09940351,0.2641967,0.2830632,0.35878178
0.48974562,0.50147426,0.786772,1.0,0.35075706,0.09469521,0.077189185,0.07427075,0.111573994,0.3013441,0.4679883,0.40741295
0.2837063,0.3202404,0.761409,1.0,0.25141892,0.07718585,0.056736097,0.065015025,0.0579621,0.19410121,0.48249823,0.42370027
0.16896953,0.19194952,0.82704943,1.0,0.18666291,0.089979604,0.07335934,0.07673024,0.06329031,0.24157768,0.37953115,0.41060486
0.20284374,0.19657135,0.91233903,1.0,0.18155195,0.15049408,0.1267193,0.080943346,0.08868533,0.39216563,0.29389057,0.22834267
0.30655032,0.29280803,0.6165417,0.92114204,0.3140729,0.18143304,0.1467227,0.12032341,0.31235084,1.0,0.4697603,0.25829884
0.16642843,0.1905344,0.37234282,0.51998407,0.20581198,0.10521698,0.08229087,0.05247631,0.21872368,1.0,0.75821674,0.37513122
0.16305971,0.14644687,0.43977213,1.0,0.35008106,0.10991521,0.09400551,0.05803201,0.08291617,0.23154785,0.4734393,0.47300866
0.24169195,0.23989928,0.50179756,1.0,0.47054014,0.16259132,0.09843403,0.07244273,0.0627562,0.11535284,0.20847102,0.22797032
0.35894498,0.53202385,0.89560246,1.0,0.59913296,0.5361497,0.3381485,0.18108335,0.2050205,0.41999298,0.31953514,0.35717553
0.38970128,0.79488647,1.0,0.7624205,0.49513468,0.8624786,0.8511481,0.32175702,0.1889804,0.46524012,0.31208298,0.34044954
0.16826566,0.3700524,0.81266046,1.0,0.3044279,0.25387156,0.34635815,0.24388081,0.12772492,0.23043978,0.16206573,0.09111554
0.207825,0.21700495,0.715917,1.0,0.41576222,0.2712214,0.17439201,0.12832819,0.20299296,0.7287779,0.27043632,0.23189008
0.3135308,0.21944416,0.5504665,0.65509045,0.4653859,0.41663915,0.23865674,0.10520652,0.2716143,1.0,0.42773822,0.7558932
0.42814103,0.37852994,0.8130242,0.8642842,0.58735204,0.54769516,0.35380024,0.14931306,0.34142697,0.88770425,0.892585,1.0
0.3015624,0.34766743,0.83814335,1.0,0.4135003,0.27255896,0.19775559,0.15558486,0.18979429,0.49385342,0.5035507,0.33650905
0.24437094,0.31332883,0.8274042,1.0,0.35927886,0.22046678,0.12869324,0.10176691,0.14169437,0.40555182,0.37679604,0.28140837
0.9010637,0.7488246,0.9493058,0.8943652,0.5608051,0.4619431,0.38010335,0.42367938,0.46502542,0.62132514,0.7924641,1.0
0.9341794,0.711269,0.5449858,0.43312985,0.39668438,0.4253882,0.4150121,0.46318483,0.4848418,0.58299565,0.78334606,1.0
1.0,0.9618204,0.8709292,0.7206052,0.4797552,0.33769062,0.23845829,0.23858951,0.28320625,0.3894764,0.5635241,0.84947914
1.0,0.974962,0.80123925,0.60489655,0.33984905,0.16393617,0.12291223,0.12540203,0.16204366,0.25094822,0.4346379,0.76654917
0.9260809,0.91934186,1.0,0.73893523,0.41532773,0.33312592,0.36119398,0.3674328,0.6145945,0.740109,0.6081046,0.78753763
0.46416432,0.69654465,0.657757,0.39081568,0.3544896,0.5699874,0.8417281,1.0,0.69860494,0.31452972,0.19300185,0.26976976
0.3122032,0.408919,0.4335887,0.5555349,0.48604998,0.7264353,1.0,0.81027603,0.49953946,0.17550081,0.18704054,0.3093966
0.55221754,0.5231509,0.56153125,0.9971979,1.0,0.97483236,0.91945314,0.63014126,0.75405335,0.5354955,0.6567519,0.80868113
1.0,0.9117866,0.8815254,0.80082107,0.52401274,0.24801926,0.18210693,0.27153665,0.48012376,0.75837874,0.8615516,0.95318943
1.0,0.71346104,0.5578602,0.5783764,0.36958942,0.15495247,0.15014246,0.29565802,0.23254162,0.35070014,0.5210058,0.7498185
1.0,0.8553033,0.50903636,0.47002319,0.43576318,0.17357941,0.15105274,0.6270207,0.5238722,0.19001922,0.27151665,0.57691544
0.69104743,1.0,0.8231848,0.46199942,0.2499669,0.092685215,0.07844187,0.27250677,0.63349056,0.46955204,0.2818474,0.44740233
0.43767288,0.59361064,1.0,0.62259793,0.15131484,0.04936487,0.03699502,0.056276865,0.23789202,0.601739,0.4160539,0.33598423
0.25269133,0.22709484,0.4943624,1.0,0.20339584,0.039732922,0.024152827,0.04187775,0.05267827,0.26060402,0.50164044,0.24079506
0.10834738,0.093104936,0.19091047,1.0,0.25035962,0.03436892,0.015932016,0.027470289,0.025182595,0.06687463,0.27210808,0.1333976
0.048456743,0.04141496,0.1827916,1.0,0.21090734,0.021635178,0.011005748,0.022400435,0.014677447,0.059272557,0.27560154,0.08227667
0.03571371,0.04504557,0.40910932,1.0,0.13899903,0.017419277,0.017663073,0.024080614,0.011454915,0.16649042,0.3834892,0.054623485
0.029562376,0.08049017,1.0,0.8248994,0.095157474,0.020814795,0.046435148,0.025223445,0.038255453,0.7133801,0.5851333,0.037175573
0.01652066,0.08763093,1.0,0.39352134,0.03477837,0.01587626,0.04802576,0.013415004,0.04655456,0.6773624,0.29652077,0.016269062
0.03194282,0.100523554,1.0,0.38810733,0.030219393,0.014278771,0.042890783,0.01245598,0.040237505,0.55399126,0.22643626,0.026194893
0.04592906,0.09477616,1.0,0.53216726,0.040564626,0.016822875,0.053157892,0.021361694,0.03790671,0.70379037,0.41353217,0.039822955
0.037168752,0.0711689,1.0,0.8428336,0.056025356,0.015284065,0.07256505,0.04111898,0.031909194,0.8638616,0.72661287,0.039499167
0.01610835,0.045286786,0.91611063,1.0,0.057999976,0.010522674,0.09176858,0.0689765,0.022145355,0.586774,0.6380034,0.026325073
0.020592138,0.15069447,1.0,0.6567977,0.040791538,0.020215211,0.2024717,0.12283475,0.026760463,0.2081753,0.23802784,0.01612252
0.048244894,0.28748715,1.0,0.36212075,0.042013753,0.03092069,0.23235439,0.08766529,0.022641936,0.04762169,0.04970931,0.029151497
0.084171474,0.32982835,1.0,0.31193703,0.051465794,0.032914348,0.14682195,0.028411718,0.011162035,0.027665088,0.033580977,0.058265366
0.104624875,0.49472898,1.0,0.21688989,0.058197167,0.033940468,0.06541275,0.012335977,0.01670391,0.036816135,0.041156802,0.070948415
0.08030449,0.5621501,1.0,0.17089738,0.050459303,0.034265667,0.041355107,0.009256952,0.0177409,0.036694102,0.030052876,0.049232803
0.047517885,0.61680895,1.0,0.1484168,0.029266723,0.051269315,0.052241545,0.006386801,0.014368349,0.026778258,0.013407776,0.018168636
0.069471695,0.71805483,1.0,0.121150196,0.036204346,0.19889125,0.13856968,0.011357614,0.036636528,0.04239434,0.013162839,0.020326922
0.04663285,0.79295003,1.0,0.071038604,0.030470552,0.43821958,0.2610325,0.010749331,0.075274624,0.0924334,0.012410671,0.016857382
0.0539684,0.9560443,1.0,0.055291146,0.046074744,0.6771341,0.3273874,0.016928107,0.2363976,0.23647709,0.02248068,0.021190131
0.07237551,1.0,0.6823285,0.028021185,0.029552197,0.3534943,0.12564142,0.029320301,0.52826315,0.34496084,0.023922369,0.02321368
0.101709105,1.0,0.4165293,0.015028305,0.012251949,0.07820253,0.019074276,0.039048493,0.5356566,0.21950002,0.011576617,0.018015074
0.15903078,1.0,0.2497994,0.011230333,0.01349158,0.046438374,0.0073831487,0.057487905,0.43292037,0.10007869,0.0077582444,0.01386723
0.22627772,1.0,0.15483148,0.006226264,0.014552009,0.038192645,0.0053854208,0.082827754,0.41576058,0.054888636,0.0040672845,0.00792144
0.25257403,1.0,0.13076675,0.003501211,0.015522754,0.037547346,0.0050680866,0.1300369,0.5909047,0.06863283,0.0024173812,0.005185989
0.25107926,1.0,0.12900701,0.0036819307,0.02471711,0.079670615,0.009406959,0.1513752,0.77930135,0.10449398,0.004754332,0.008243895
0.20538758,1.0,0.18738902,0.008151394,0.053187404,0.26206994,0.03505874,0.113435194,0.72932506,0.12766878,0.009701982,0.014302596
0.1798808,1.0,0.22779283,0.01195501,0.065367706,0.48425162,0.09838461,0.07322729,0.54851973,0.12555619,0.01359433,0.01788877
0.2374682,1.0,0.24740468,0.020532286,0.046179656,0.38223228,0.093070894,0.034886323,0.29712194,0.090238646,0.01455789,0.024183938
0.5282122,1.0,0.19373986,0.04043035,0.036527064,0.11941139,0.02038487,0.016607108,0.08052672,0.028921526,0.018928729,0.043819886
0.73483497,1.0,0.11477724,0.043936025,0.020808024,0.020612916,0.0026950669,0.02398556,0.04813755,0.007257833,0.0094994325,0.050378826
0.7930428,1.0,0.0877815,0.02045924,0.010575325,0.0070128283,0.0016747317,0.037447937,0.06350261,0.005076288,0.0047180657,0.047924418
0.8694703,1.0,0.0722221,0.0099252965,0.013267673,0.007849024,0.0036084605,0.095301025,0.11400326,0.009324092,0.006517504,0.052341614
0.8385866,1.0,0.083219066,0.017978674,0.017227644,0.0117702745,0.00492319,0.116787225,0.15334906,0.01428135,0.0074622366,0.054149486
0.54718786,1.0,0.12778838,0.03406428,0.012100495,0.012506153,0.004408722,0.067859784,0.1296164,0.010854467,0.006515715,0.026527807
0.3559559,1.0,0.19371393,0.038598984,0.014423498,0.020979114,0.003510214,0.03027638,0.10195885,0.010899626,0.004144092,0.014405688
0.33604154,1.0,0.20656583,0.035343174,0.017915789,0.021367585,0.002072851,0.010658168,0.0439628,0.0070905513,0.004108729,0.01589591
0.5454648,1.0,0.20993465,0.039993655,0.009665288,0.0058609974,0.0009840643,0.0026136106,0.009650279,0.0035778962,0.0057775783,0.055981807
1.0,0.58173263,0.094079114,0.022525374,0.007625407,0.0027991687,0.0015998929,0.0029009972,0.005420039,0.003367395,0.021067692,0.30869722
1.0,0.15061976,0.025862053,0.028377032,0.017363025,0.012817297,0.009347462,0.013108058,0.019627156,0.015683683,0.09789382,0.9290564
0.72646165,0.08864524,0.038403157,0.038334314,0.019587277,0.012980688,0.015511161,0.022444898,0.03577912,0.030942827,0.1408286,1.0
1.0,0.29642695,0.0820901,0.04662056,0.01853629,0.020089189,0.027687985,0.0287116,0.037763342,0.041188702,0.15433958,0.8003011
0.7498295,1.0,0.22709021,0.04819602,0.027037978,0.09768704,0.18566251,0.09302074,0.18714187,0.05191806,0.07477174,0.1818589
0.28081253,1.0,0.30596146,0.024731781,0.015897168,0.16456927,0.3956023,0.093518,0.3152206,0.06605284,0.016591368,0.036753744
0.16935639,1.0,0.3424607,0.014906855,0.0050972756,0.09221337,0.3594547,0.083932556,0.351994,0.0950841,0.0077556516,0.011787373
0.13918221,1.0,0.34478134,0.016306607,0.0035937424,0.036304384,0.28586084,0.113242835,0.39453128,0.13112108,0.005395151,0.007494677
0.11475675,1.0,0.39823702,0.012790114,0.001901528,0.015501544,0.19534972,0.09779078,0.29876813,0.10959646,0.004108557,0.0044383616
0.13236426,1.0,0.3402628,0.008158028,0.0014082617,0.013931075,0.1613773,0.08661939,0.27469555,0.06533654,0.0032807423,0.0032003145
0.16101287,1.0,0.29765025,0.007927313,0.0017701797,0.026553093,0.15667821,0.0923085,0.4995115,0.1135592,0.0031881628,0.0035904702
0.25563157,1.0,0.20546812,0.008283728,0.0056492793,0.07096393,0.1333408,0.14286758,0.91706336,0.18147753,0.0059402706,0.009647027
0.5735,1.0,0.15766104,0.014134607,0.034661476,0.07518291,0.034683518,0.131512,0.6339149,0.09900027,0.0057718647,0.048593197
0.80826086,1.0,0.12560704,0.023098323,0.048622575,0.017273284,0.0036054088,0.090614095,0.2077058,0.019544482,0.0021816848,0.07942535
0.92235726,1.0,0.090468474,0.031185353,0.03222624,0.0055742576,0.002177325,0.08345727,0.16699462,0.01721106,0.0016628072,0.0911922
0.8672387,1.0,0.09452248,0.03257185,0.02482657,0.005090132,0.0019860896,0.073546596,0.13994668,0.014281383,0.0013090069,0.07512289
0.79493165,1.0,0.109775186,0.04422989,0.02576441,0.0049336026,0.0022319444,0.087332994,0.15178421,0.013835868,0.0017759677,0.06817567
0.5848957,1.0,0.16551413,0.05292929,0.025546249,0.011264186,0.002982358,0.120404154,0.22845666,0.02055421,0.0038427603,0.045063827
0.44442725,1.0,0.18631329,0.05327574,0.022851061,0.016337806,0.0030673337,0.13854693,0.41748154,0.041136485,0.007932324,0.025561865
0.34093127,1.0,0.1687347,0.022737358,0.018099403,0.010170027,0.001949172,0.09296832,0.34726274,0.036791813,0.003997645,0.014718733
0.32757518,1.0,0.12232381,0.008637765,0.0144317085,0.0065022158,0.0011188178,0.055531736,0.22615483,0.02463305,0.002246484,0.007226398
0.30062324,1.0,0.11983499,0.0033682208,0.004592436,0.002849243,0.00072839885,0.040397737,0.1630805,0.017494088,0.0013090101,0.0046060346
0.30139405,1.0,0.12286748,0.0016610207,0.0012932995,0.0020426598,0.0005143762,0.032512363,0.12736104,0.013411263,0.00087701506,0.0042253993
0.3267385,1.0,0.109924674,0.0016137977,0.0013603228,0.002358405,0.0005778833,0.04176747,0.16629736,0.018741783,0.0010824198,0.0049408637
0.3343905,1.0,0.10525705,0.0012355851,0.0014854304,0.0027368774,0.00060069805,0.0481546,0.19120991,0.020176768,0.00086660654,0.004913225
0.35646272,1.0,0.09641651,0.0011472078,0.001222216,0.0020929207,0.000535213,0.040568862,0.15213604,0.014504403,0.00042905097,0.005059118
0.35201252,1.0,0.103529476,0.00095305516,0.0005544158,0.0008442278,0.0002952831,0.024948472,0.09389301,0.009482318,0.00058861746,0.004936047
0.37127298,1.0,0.09504013,0.0009769214,0.00035253546,0.00047984082,0.00023564017,0.022094911,0.085950606,0.009761384,0.0011061843,0.006954393
0.3439256,1.0,0.09911072,0.0010363611,0.0002661617,0.0004000041,0.00022888643,0.026533248,0.12784536,0.017963957,0.0014191609,0.0065061864
0.27230814,1.0,0.12739033,0.00090764207,0.00019757632,0.00039954795,0.00020674663,0.021158282,0.12492451,0.020250306,0.0012670804,0.0032188941
0.23517062,1.0,0.14694668,0.0011138289,0.00018695006,0.00030740807,0.00017192929,0.014028959,0.09018335,0.016147004,0.0014063619,0.0023648366
0.18249524,1.0,0.19336514,0.0016661481,0.00021280086,0.00025584298,0.00016507051,0.007999698,0.06362177,0.014349518,0.0017607809,0.0017036428
0.14024211,1.0,0.2497002,0.003038064,0.00035453198,0.0003478073,0.00021639079,0.007125094,0.06606677,0.017981164,0.002526328,0.0017878829
0.13721581,1.0,0.2552685,0.0032157553,0.0008074891,0.0008088795,0.00021384849,0.0068403464,0.065171026,0.017140156,0.0019041107,0.001997505
0.16010289,1.0,0.21840587,0.0025870167,0.0023789597,0.0021168592,0.00023096039,0.005369463,0.04773158,0.013472613,0.00251088,0.0024718172
0.19764921,1.0,0.18181582,0.001860398,0.0026788127,0.0025952593,0.0002070535,0.0031172931,0.020516098,0.011672106,0.00492061,0.0023247192
0.23713242,1.0,0.15167685,0.0018831937,0.001778692,0.0020294709,0.00021496027,0.0035413066,0.021644035,0.014594604,0.00549177,0.003118528
0.2840771,1.0,0.13926771,0.002675015,0.0014088303,0.001179875,0.00024607123,0.0138969235,0.0913003,0.026402881,0.005535369,0.0055904263
0.246454,1.0,0.15655906,0.0036967415,0.0022950498,0.0015171136,0.00030538935,0.031252254,0.2107097,0.046854276,0.007030535,0.0072257537
0.19241601,1.0,0.18961999,0.0029334445,0.0013907044,0.0012079923,0.000332643,0.032507796,0.21964726,0.04231527,0.0048087207,0.003927027
0.18976061,1.0,0.19194914,0.0036266202,0.0011237501,0.00095013087,0.00037400282,0.030131284,0.22380166,0.045652125,0.0039093117,0.0029263175
0.17363553,1.0,0.20657697,0.0040213233,0.0015746669,0.0011148994,0.00030927674,0.03261281,0.2681613,0.056938957,0.0034063095,0.002660665
0.1748292,1.0,0.20358184,0.0033870426,0.0019119672,0.0015832585,0.00031994603,0.03517028,0.29713523,0.06333774,0.0026228672,0.0021930863
0.19212738,1.0,0.18001634,0.002160468,0.002233937,0.002263984,0.00039621105,0.03213012,0.25811926,0.05359264,0.0026964203,0.0024943743
0.22076206,1.0,0.1585182,0.0015975959,0.0020030933,0.001972606,0.0003670792,0.020981891,0.15876004,0.03360223,0.0020836864,0.004159313
0.2948372,1.0,0.11447509,0.0010675974,0.0017090027,0.001484003,0.00019998771,0.007623668,0.0547136,0.013461039,0.0012063645,0.004784497
0.30951598,1.0,0.10710472,0.00087769283,0.0013511468,0.0012442309,0.00014837028,0.005784096,0.03603281,0.009304685,0.00082214753,0.004478733
0.30381316,1.0,0.11981654,0.0010359782,0.0012328504,0.0016302392,0.00023881771,0.020035693,0.1187857,0.020826612,0.0012792688,0.004452732
0.27365118,1.0,0.15068391,0.0016805924,0.0024363226,0.004621017,0.00057137164,0.036141094,0.23240918,0.04324524,0.003841624,0.0039798636
0.23877107,1.0,0.17997403,0.0028637683,0.008578025,0.022058893,0.0020082907,0.05323316,0.3718785,0.07564811,0.007870744,0.00412083
0.24227704,1.0,0.18061297,0.0026172223,0.022306066,0.07989002,0.007332779,0.05585796,0.40725043,0.08530313,0.008299056,0.004474155
0.26777765,1.0,0.16290262,0.0022995393,0.04717183,0.16928102,0.014451723,0.044204097,0.30322868,0.06052016,0.0057300758,0.0047833137
0.31339833,1.0,0.1388463,0.0024472561,0.047302432,0.13688916,0.009578042,0.026977582,0.18287751,0.042649023,0.0056881565,0.006674859
0.38635397,1.0,0.11749318,0.003094243,0.027114334,0.05122206,0.0030576487,0.016786657,0.11309204,0.039445084,0.008517763,0.011656973
0.41141063,1.0,0.116804324,0.0030141275,0.011922915,0.01971581,0.0019096824,0.03248318,0.16324557,0.04551039,0.009867516,0.014838367
0.3814905,1.0,0.12798174,0.006338541,0.0058802753,0.00831147,0.003114551,0.039147064,0.18172128,0.047962625,0.012485851,0.01598622
0.31029052,1.0,0.17915018,0.017973432,0.0086346865,0.009552893,0.008406989,0.044216223,0.21991,0.04836082,0.016150823,0.02412251
0.3165463,1.0,0.27866697,0.07620323,0.04316748,0.027461126,0.017822867,0.04383574,0.2002877,0.058715727,0.048287705,0.08380994
0.4911236,1.0,0.38321933,0.20831655,0.11525053,0.061139043,0.038069677,0.07013151,0.2405171,0.13153875,0.15065826,0.24448255
0.63086015,1.0,0.3029851,0.14643604,0.06957589,0.04163098,0.027816696,0.069526464,0.27891263,0.15506178,0.1792515,0.30785248
0.62971187,1.0,0.3202228,0.16827232,0.07808824,0.0308576,0.018108997,0.07754481,0.3368676,0.1509952,0.16203618,0.2908634
0.7004196,1.0,0.33829176,0.19881468,0.0906399,0.032337777,0.016726809,0.10643958,0.3990209,0.14900868,0.17059287,0.31087208
0.70437807,1.0,0.30795723,0.17890622,0.083007306,0.030979924,0.016489936,0.084468134,0.22443818,0.11439691,0.14970416,0.27902067
0.7059099,1.0,0.27609557,0.13772169,0.064424165,0.02726003,0.016862582,0.078540534,0.24239232,0.12707685,0.14650199,0.26997548
0.6298231,1.0,0.25588256,0.10321364,0.04974368,0.031344246,0.024356052,0.11341736,0.36902294,0.17002887,0.15621811,0.24140655
0.45931238,1.0,0.20408854,0.049999095,0.022484537,0.021782175,0.016274383,0.061756372,0.18513769,0.10967177,0.097106405,0.13504533
0.42562628,1.0,0.1916851,0.042500973,0.018560557,0.019454401,0.008424047,0.027688056,0.099130206,0.077458784,0.06373861,0.08884074
0.35676315,1.0,0.18947984,0.030601392,0.015351073,0.019279694,0.0056802356,0.029408166,0.15799741,0.06861103,0.041655764,0.053874318
0.2933982,1.0,0.1856756,0.017630065,0.0108950045,0.016805718,0.0048923227,0.041814797,0.2608504,0.08583894,0.03525908,0.038965076
0.3537943,1.0,0.19698335,0.04472738,0.024874942,0.017050758,0.0051383157,0.05052225,0.32506916,0.11077984,0.04683713,0.058277056
0.44801965,1.0,0.19430874,0.0674641,0.03811182,0.021845669,0.0077499854,0.037431493,0.20961139,0.0986646,0.051951595,0.06951828
0.447455,1.0,0.15103555,0.041152086,0.025917146,0.015825616,0.0027817816,0.02040797,0.11682571,0.0713231,0.028184565,0.036270082
0.42691892,1.0,0.13626581,0.025246806,0.017907392,0.01058983,0.0013984547,0.016794965,0.10782761,0.067808546,0.019202888,0.021029847
0.41867742,1.0,0.14801708,0.021517444,0.012888221,0.00775647,0.0016234003,0.0107945725,0.076639235,0.065020375,0.02153198,0.022599036
0.37807482,1.0,0.17229609,0.027042057,0.009355773,0.0072533633,0.0023357817,0.018755894,0.11403279,0.073554486,0.032184806,0.03280259
0.35808143,1.0,0.19053304,0.051771384,0.012557513,0.009893304,0.0030196013,0.024718275,0.15073982,0.09850441,0.045420803,0.041224264
0.3656127,1.0,0.19310535,0.07309084,0.019763196,0.014817187,0.0028589421,0.016746534,0.11878495,0.11330165,0.052470814,0.04049943
0.32535845,1.0,0.18917918,0.049306877,0.014595607,0.016704207,0.0032858418,0.013007249,0.08795053,0.09313583,0.041527696,0.0278365
0.29853332,1.0,0.19372769,0.029367998,0.007052837,0.010654659,0.0028500305,0.015623807,0.073870465,0.0701737,0.033745665,0.020496264
0.33430758,1.0,0.1884684,0.030397378,0.0076981094,0.009099047,0.003561815,0.021505246,0.09416216,0.06948609,0.03502183,0.026358757
0.4441229,1.0,0.15636544,0.035594646,0.011584553,0.013840966,0.004821702,0.054034553,0.24915814,0.10732316,0.041696224,0.040259138
0.5421403,1.0,0.1442487,0.037042785,0.01585041,0.019069169,0.0046244115,0.09568545,0.39240566,0.11228606,0.040564533,0.055603843
0.49164435,1.0,0.15667479,0.031579535,0.01865732,0.0208332,0.00606579,0.05170477,0.20259818,0.07464348,0.03960466,0.05940634
0.4245824,1.0,0.15593076,0.026876083,0.015868394,0.016493207,0.004462723,0.05369666,0.23657593,0.0669913,0.03194117,0.046096366
0.38712403,1.0,0.16125314,0.021889819,0.0147664845,0.018927155,0.0031721243,0.03859352,0.17585869,0.05515492,0.024275044,0.032350115
0.26194566,1.0,0.21207528,0.012866536,0.0067050154,0.011437443,0.0020864995,0.01327577,0.07334407,0.037200153,0.017993059,0.015619291
0.21041921,1.0,0.24918994,0.01134649,0.0039887107,0.0100425575,0.0023608473,0.013600889,0.11158097,0.043784585,0.017920349,0.009524105
0.22471398,1.0,0.24792182,0.017065393,0.0064742845,0.016523233,0.0063507077,0.024988484,0.1956156,0.058566496,0.02159294,0.013574985
0.22951847,1.0,0.2388541,0.021506486,0.00808038,0.021615019,0.009718219,0.023308864,0.14741619,0.040141672,0.017602818,0.014916894
0.23911887,1.0,0.21901812,0.01744149,0.008007047,0.022770409,0.0065087043,0.014126588,0.07815071,0.025539808,0.0129924705,0.010901124
0.3120432,1.0,0.18250702,0.016668892,0.009286243,0.024327055,0.0058938186,0.035455637,0.16740496,0.035400093,0.011821339,0.014340322
0.45089412,1.0,0.14835592,0.022055265,0.016094156,0.03232072,0.009951143,0.086255945,0.2956505,0.04632191,0.013180523,0.026920443
0.45867097,1.0,0.12977326,0.018745784,0.015883263,0.02493108,0.0071830046,0.07348519,0.21485974,0.03041521,0.008262883,0.02035716
0.3279973,1.0,0.1848108,0.018289344,0.008542562,0.014771493,0.0028964032,0.02808656,0.116525635,0.033507902,0.01109709,0.009695733
0.19281997,1.0,0.28150088,0.020660277,0.0063863415,0.012579036,0.002432415,0.011177601,0.09558894,0.034522463,0.011031115,0.004954257
0.13699883,1.0,0.3740622,0.02950511,0.009401205,0.012749634,0.002652713,0.008499636,0.092452876,0.0327243,0.011584737,0.0041359616
0.11638531,1.0,0.4217088,0.045603808,0.014822056,0.011604627,0.002791326,0.0052015544,0.057391953,0.025403397,0.0118569005,0.00474598
0.14474422,1.0,0.3690492,0.03543357,0.01054697,0.009447926,0.0020236783,0.005379925,0.049547628,0.027740175,0.017498272,0.0059747053
0.22765759,1.0,0.24434666,0.01798293,0.0067437887,0.011990292,0.002111512,0.011769184,0.06887205,0.034141406,0.019606046,0.008222239
0.32661214,1.0,0.15406983,0.00844295,0.0065601245,0.010978961,0.0028313985,0.02531612,0.09721611,0.03347679,0.013129917,0.011085243
0.42196932,1.0,0.11539873,0.005916324,0.010441031,0.015027227,0.0022574286,0.06620745,0.1789547,0.0299049,0.008461883,0.014184632
0.4961562,1.0,0.10374049,0.00983741,0.012937148,0.01812609,0.0025069714,0.12477373,0.32959586,0.03353013,0.007930484,0.017687626
0.357662,1.0,0.15760686,0.010417043,0.009140515,0.016299967,0.0023659281,0.060629535,0.18422025,0.031330474,0.012766331,0.013734404
0.19929612,1.0,0.30008203,0.015678592,0.006350483,0.016970508,0.0037511978,0.011843889,0.05529893,0.02860378,0.017105253,0.013134758
0.17148906,1.0,0.50494117,0.046909917,0.01758856,0.021622902,0.008482848,0.010948616,0.08421072,0.05926983,0.02470112,0.03821731
1.0,0.9830126,0.57448846,0.17361715,0.07806469,0.042939782,0.041473333,0.06263361,0.15536483,0.15945199,0.14711374,0.5088587
1.0,0.42729068,0.25895023,0.18140116,0.08015549,0.03917086,0.05112115,0.07105102,0.08135566,0.106489465,0.2041796,0.7705266
1.0,0.91203904,0.7627381,0.4714954,0.21906033,0.07765613,0.06548818,0.08523711,0.11798673,0.18497528,0.31281427,0.7313
0.16781475,0.34450522,1.0,0.5597537,0.09770953,0.024823587,0.018787945,0.019697173,0.03669153,0.11060648,0.10654672,0.12315638
0.09054623,0.17755283,1.0,0.74928886,0.082474574,0.011245216,0.0075786104,0.010039976,0.020513715,0.15888228,0.18424447,0.0733927
0.065957904,0.08848419,0.55127937,1.0,0.15145592,0.009467094,0.0050387466,0.0072811157,0.013834469,0.25214103,0.6329641,0.10508914
0.035064228,0.03257076,0.19566977,0.92558205,0.21292394,0.004741749,0.0022766741,0.0042790147,0.007096814,0.16965598,1.0,0.21689703
0.027361874,0.023288526,0.16528994,0.9223478,0.23033588,0.0044959583,0.0020793716,0.005572794,0.007848089,0.11338264,1.0,0.2844013
0.024695842,0.031645406,0.39525375,0.9921115,0.14423855,0.0034539017,0.003189616,0.0070072673,0.016700974,0.35469198,1.0,0.14908636
0.016197585,0.11050293,1.0,0.67460144,0.0403121,0.0019948466,0.0028038798,0.004200166,0.05652984,0.69627744,0.54796475,0.03225092
0.006953185,0.20704673,1.0,0.24880774,0.010761108,0.0008631464,0.0009565838,0.0015138056,0.07789013,0.31432185,0.063284054,0.0041241
0.005973227,0.3260516,1.0,0.13111454,0.012282821,0.0007304305,0.0006528686,0.0014187339,0.11178265,0.25961497,0.015791612,0.0012001516
0.0057913917,0.31546724,1.0,0.15178125,0.011490355,0.0006991872,0.00080398493,0.0011650453,0.08604834,0.25177586,0.024445852,0.0009556778
0.0033911457,0.13799196,1.0,0.37198147,0.012038483,0.00072925276,0.0011120341,0.0007989102,0.019714259,0.1375616,0.047963932,0.0015402018
0.0023454,0.056228288,1.0,0.9217077,0.04618369,0.0010876402,0.0017209848,0.0018518337,0.005642097,0.08613321,0.07916793,0.0030853988
0.0016217425,0.02104298,0.58056504,1.0,0.079306915,0.0015312951,0.0018793249,0.0023011519,0.002328314,0.024269802,0.042997245,0.0025668303
0.004306311,0.041889828,0.73750013,1.0,0.095026955,0.0055897557,0.0033024047,0.0032485467,0.0040985364,0.015092356,0.025960522,0.0030153461
0.009020193,0.113047265,1.0,0.6699133,0.049770974,0.004802273,0.0027929328,0.0020538357,0.00383586,0.016926855,0.01276048,0.0048692804
0.012393654,0.23668142,1.0,0.31531653,0.013666309,0.0015750906,0.0015733374,0.0012000336,0.003732143,0.012571895,0.005687797,0.005656933
0.01754176,0.37774697,1.0,0.16264841,0.010196445,0.002223588,0.0028756796,0.0022881792,0.013097451,0.03368579,0.007616773,0.008056252
0.019996991,0.3929547,1.0,0.14061064,0.013313016,0.0033189605,0.004081911,0.0026606251,0.023629133,0.08309492,0.012895993,0.008776263
0.011718601,0.25550607,1.0,0.289531,0.014459663,0.0023232878,0.0031503267,0.0015463675,0.009059173,0.038244504,0.008512289,0.0042397426
0.007957503,0.14060913,1.0,0.81526494,0.06803819,0.0035053054,0.0029497417,0.0020940157,0.0036085872,0.022069097,0.027059132,0.0050221155
0.010097021,0.050354637,0.6371966,1.0,0.15047218,0.00718398,0.004455995,0.0052006296,0.006295031,0.0163637,0.032836497,0.012175598
0.18123826,0.34740013,0.96719885,1.0,0.20868184,0.030201992,0.024921542,0.027490722,0.035888273,0.05085131,0.08938323,0.14437737
0.88284004,0.7661574,0.5911213,0.36126596,0.15002164,0.083983794,0.10632908,0.18575348,0.34152427,0.5686436,0.85656524,1.0
0.5103064,0.4685978,0.34400117,0.2254489,0.12295853,0.08625553,0.13880686,0.4723794,1.0,0.67672694,0.6032172,0.6581985
0.5661049,0.35439113,0.295193,0.2233751,0.13579614,0.21219109,0.40090483,0.41573405,0.66111004,0.6429934,0.9362645,1.0
1.0,0.28935495,0.1380457,0.11804407,0.10276241,0.13029368,0.7096208,0.92904854,0.26119587,0.21201095,0.41418865,0.8763683
0.85472804,0.48381343,0.2489305,0.10809546,0.123652145,0.09533967,0.40231714,1.0,0.4069447,0.2246796,0.120739214,0.31504562
0.3444923,0.685758,1.0,0.8691427,0.28829032,0.1896948,0.4549901,0.52709514,0.51759136,0.7168414,0.6012373,0.26263243
0.15205401,0.0715427,0.23803042,0.76340634,1.0,0.32369605,0.1192147,0.16953573,0.09624238,0.16689825,0.43750548,0.50457364
0.27296048,0.036524054,0.011462426,0.07649194,0.6664012,1.0,0.11333033,0.015516384,0.023368813,0.015609475,0.03722157,0.22683956
0.24548566,0.06279806,0.0028274485,0.0047830003,0.1621129,1.0,0.2406585,0.004176613,0.0032174839,0.009901827,0.003729068,0.038880065
0.23427555,0.054678105,0.0023566997,0.009204242,0.21613446,1.0,0.24713239,0.004743756,0.0041339826,0.009992487,0.005226238,0.058560908
0.27837795,0.035394337,0.045906167,0.2565712,0.85621417,1.0,0.13608678,0.03004971,0.02150272,0.034522172,0.13535239,0.3025557
0.050236005,0.034828257,0.46725476,1.0,0.3948167,0.115186475,0.14305027,0.14864044,0.026777476,0.3237718,0.6644796,0.17510775
0.011056042,0.052828815,0.9527668,0.90538013,0.05166104,0.03057429,0.37639543,0.20405468,0.037071623,1.0,0.9818887,0.034153428
0.008666084,0.037865233,0.76549774,0.7431925,0.040385067,0.021447944,0.32901958,0.17075245,0.033687834,1.0,0.9735681,0.029635126
0.0072470168,0.016051272,0.49399197,0.9589013,0.07265596,0.0077707698,0.16867624,0.16507837,0.01562722,0.55466074,1.0,0.05204267
0.005932753,0.009781178,0.34297055,1.0,0.09715447,0.0029552556,0.057785902,0.10806779,0.0076273563,0.22279488,0.7285826,0.060369592
0.006655901,0.010820306,0.37135994,1.0,0.09024438,0.002913212,0.057487667,0.10528796,0.007832737,0.19964309,0.626426,0.051503718
0.012736421,0.027117625,0.6058291,1.0,0.070265085,0.008112404,0.14484651,0.13976085,0.01517772,0.41417387,0.7476443,0.048904784
0.017091578,0.09528957,1.0,0.5446319,0.023857104,0.03442515,0.29309145,0.094042405,0.05741579,0.771093,0.46842393,0.022156248
0.01323919,0.23749672,1.0,0.2116332,0.0075306003,0.08444292,0.23755364,0.03347116,0.17850186,0.78134185,0.15494476,0.0081319455
0.016613254,0.45883027,0.8929975,0.0768814,0.0094319815,0.16540018,0.19572826,0.023403542,0.48497623,1.0,0.060894016,0.0065029846
0.0115692625,0.29424742,0.77114844,0.08937947,0.0055169766,0.081011206,0.12008537,0.017058315,0.34620085,1.0,0.10256772,0.006208802
0.0115464665,0.13977493,0.9556198,0.35542694,0.012947673,0.026695097,0.13023031,0.035064895,0.123489834,1.0,0.39755422,0.015229032
0.008687743,0.03510868,0.73998684,0.94340867,0.059058778,0.0070720264,0.10183471,0.08053866,0.025345849,0.7614827,1.0,0.049366888
0.006659194,0.013040775,0.44441763,1.0,0.07386129,0.002799971,0.051613912,0.066751756,0.008754283,0.4120433,0.9168916,0.05530003
0.008230535,0.018792404,0.5929754,1.0,0.0569907,0.0032873745,0.07048604,0.07097091,0.012295495,0.6025419,0.9938593,0.044522665
0.013286851,0.028594298,0.6627526,0.81921524,0.039448842,0.0045457454,0.081800014,0.06659351,0.015556092,0.6815438,1.0,0.04366521
0.02511062,0.06043316,0.89717215,0.7102928,0.03649931,0.011686686,0.112114444,0.053244676,0.03205317,1.0,0.9685844,0.04155746
0.01639723,0.108732305,1.0,0.4268505,0.017897919,0.01942552,0.117773585,0.026920559,0.07211855,0.99577856,0.46134818,0.017263249
0.013213742,0.19942458,1.0,0.20788908,0.012872229,0.04178591,0.12977278,0.012938833,0.14676048,0.82400554,0.15006925,0.009749444
0.018891044,0.2731342,1.0,0.12609728,0.013682637,0.052707274,0.13440791,0.01148325,0.22194317,0.92694384,0.101037554,0.013023223
0.023882398,0.2284127,1.0,0.16625322,0.013305996,0.050999362,0.17047246,0.018146342,0.18048413,0.95388985,0.14776476,0.016887922
0.021885308,0.12713896,1.0,0.35872,0.015071306,0.029423853,0.17355241,0.037128303,0.10137544,0.9393068,0.37868586,0.020777356
0.010722429,0.048654854,0.83316165,0.8993426,0.056802187,0.010564518,0.12796547,0.08379593,0.04068457,0.9581097,1.0,0.04533418
0.0040272316,0.010484119,0.32923514,1.0,0.109554306,0.003145502,0.045630462,0.08744598,0.0108421445,0.29696032,0.7961286,0.06980933
0.002950415,0.0058572562,0.28275836,1.0,0.11454063,0.002542316,0.029944906,0.07235607,0.006023818,0.14181972,0.5840212,0.062463325
0.0039221845,0.015058642,0.5156712,1.0,0.08250768,0.004318456,0.07338736,0.07573644,0.011226322,0.41954017,0.75991803,0.045935247
0.007140808,0.06528702,0.8863292,0.55748886,0.024653507,0.017936375,0.17467313,0.06468329,0.051907107,1.0,0.7089805,0.01950463
0.007349274,0.12847342,0.96037656,0.27699625,0.009077969,0.046827413,0.21997228,0.030545533,0.114148885,1.0,0.28631637,0.00653322
0.011695965,0.22094972,1.0,0.16347581,0.008921376,0.093851,0.26950902,0.021240043,0.20417394,0.97732204,0.12508546,0.008024493
0.010408964,0.23941167,0.83594614,0.09771772,0.00719187,0.10274717,0.23466776,0.014810533,0.2375213,1.0,0.105290554,0.006521635
0.009768311,0.1686679,0.9005461,0.20183264,0.008124632,0.052929953,0.16905224,0.019486435,0.15444507,1.0,0.229957,0.007523253
0.009964142,0.06913038,0.8842609,0.7177699,0.049033947,0.013413062,0.110910535,0.056432452,0.05300784,1.0,0.8412345,0.037797675
0.0051745847,0.013314921,0.31718603,1.0,0.15503636,0.0043501826,0.039859045,0.08374388,0.01717516,0.34867552,0.80008924,0.08755441
0.0021459158,0.0036389318,0.13789135,1.0,0.2178783,0.0037643726,0.017902019,0.09094727,0.012402643,0.058405004,0.47735426,0.10316316
0.00246385,0.0037522924,0.1652949,1.0,0.1970277,0.003382861,0.023255099,0.09000307,0.010604896,0.07025853,0.4688016,0.08703415
0.0055305124,0.017640654,0.42938742,1.0,0.116747424,0.0056152395,0.08356079,0.10225852,0.01613307,0.36591545,0.67491287,0.05463537
0.009079987,0.0738772,0.74457824,0.43492284,0.021827996,0.028422374,0.19188158,0.059185173,0.07617689,1.0,0.5856985,0.016842416
0.008720228,0.1804596,0.818544,0.15229066,0.0060575963,0.08332573,0.23753548,0.022551179,0.1941776,1.0,0.1995167,0.0065575168
0.008786299,0.27111053,0.77994335,0.07306169,0.0050837765,0.12032335,0.24217921,0.014295736,0.29993924,1.0,0.08294757,0.0054969247
0.008583457,0.18056168,0.76319385,0.14147383,0.0045653507,0.076251686,0.205442,0.019281419,0.20841978,1.0,0.17725196,0.006212066
0.008059251,0.06864678,0.84134334,0.50322556,0.018471153,0.022282101,0.17628266,0.06584099,0.06601133,1.0,0.60633874,0.015923046
0.007547727,0.025012339,0.57285637,1.0,0.09313382,0.0075341496,0.14054863,0.16785938,0.030712,0.66580796,0.9280944,0.05532075
0.005032241,0.007859925,0.16929325,1.0,0.24295597,0.005589949,0.047242634,0.19957834,0.030660916,0.10598288,0.5013668,0.10925154
0.004536388,0.0069303596,0.11402276,1.0,0.29597926,0.0064603346,0.0344784,0.22561811,0.04169183,0.042651165,0.38944802,0.121218786
0.0042025223,0.010958659,0.24426344,1.0,0.16625217,0.0062765838,0.08566805,0.26153904,0.032936692,0.12251023,0.49609718,0.071257345
0.0051049762,0.028060367,0.6217477,1.0,0.07690941,0.010125862,0.17102054,0.19122101,0.035045307,0.43307212,0.62088305,0.03392999
0.009128693,0.15491192,1.0,0.4523919,0.021233603,0.041823417,0.20333476,0.06859636,0.14033002,0.93496424,0.40692988,0.011343648
0.009265752,0.33465403,1.0,0.12113351,0.006977026,0.08490009,0.16216414,0.020991746,0.27658352,0.87875164,0.10111196,0.004303056
0.0072596604,0.2342967,1.0,0.2572328,0.016536456,0.050562613,0.12135466,0.02133716,0.18880692,0.7871689,0.172241,0.0060780933
0.005146596,0.060791805,0.88247633,1.0,0.09784558,0.012710778,0.0741777,0.057625994,0.04163986,0.5785187,0.57522225,0.030605031
0.0024640632,0.008836376,0.20943874,1.0,0.22309467,0.005464174,0.020295266,0.068746865,0.012814028,0.110763215,0.31787464,0.053587694
0.0018218779,0.004190617,0.1291516,1.0,0.2667379,0.004803406,0.010096604,0.05610841,0.009821958,0.024257032,0.1930927,0.053643625
0.0040135877,0.027009076,0.41757187,1.0,0.15418868,0.005905627,0.038158603,0.06034907,0.0064323135,0.057381496,0.19637266,0.029227657
0.018475166,0.24039552,1.0,0.5038479,0.027777232,0.021381143,0.09722146,0.03837099,0.0039044132,0.055281736,0.07416817,0.0075401003
0.060731806,0.5870676,1.0,0.20459527,0.010248426,0.039839134,0.09365388,0.017461726,0.0053769345,0.025733877,0.014990846,0.004877335
0.18594107,1.0,0.7250032,0.21325769,0.032269523,0.05813212,0.05248389,0.012822291,0.02816177,0.043888472,0.01523505,0.01136457
0.08850074,0.888526,1.0,0.26461074,0.059849788,0.04176521,0.049573746,0.021554148,0.014659152,0.025314404,0.018179629,0.010618397
0.29179177,1.0,0.58897203,0.1107444,0.03759967,0.01615078,0.018242797,0.009585936,0.015908372,0.01881137,0.011802667,0.025538329
0.61439097,1.0,0.15983592,0.027865792,0.01667815,0.0058988864,0.0030618217,0.0058163605,0.016670758,0.016493598,0.006019645,0.042333107
0.73672163,1.0,0.08223958,0.0063254726,0.0072846627,0.0038330243,0.001441641,0.00555806,0.008746183,0.0057516536,0.005229232,0.048821963
0.7726283,1.0,0.066520214,0.0056195515,0.0053041186,0.0033519347,0.0010975922,0.009471144,0.0080178715,0.0045533315,0.008354791,0.044061758
0.72228193,1.0,0.07631632,0.0041016233,0.003299187,0.002421067,0.00065292104,0.0068079103,0.006566182,0.001369638,0.0015854926,0.037075955
0.6574002,1.0,0.08289558,0.0026401086,0.0022372827,0.0019877765,0.0004159755,0.0052776057,0.007837398,0.0009687015,0.00068644434,0.029220426
0.5370861,1.0,0.10179392,0.0024986963,0.002126787,0.0020754666,0.00034232493,0.0037784658,0.008417468,0.0021797358,0.00096285343,0.020599712
0.38814396,1.0,0.1484489,0.004162073,0.0021092761,0.0020844273,0.00092043425,0.0037007746,0.009097911,0.0051097567,0.0015869386,0.012478914
0.26082456,1.0,0.2323865,0.0065124505,0.001488704,0.0019654143,0.001140567,0.0045727454,0.010242369,0.0055910223,0.00209659,0.0074386885
0.20373107,1.0,0.2884234,0.009600296,0.0025662775,0.0018272592,0.000684977,0.0026434355,0.008699721,0.008383837,0.0046100845,0.0066074487
0.27331424,1.0,0.27588618,0.018195821,0.0062206723,0.002815419,0.001256782,0.005266593,0.024188876,0.01192424,0.00626949,0.011841006
0.37116945,1.0,0.2246757,0.010045545,0.0035155462,0.0032241745,0.0018984047,0.008586553,0.055147585,0.01969159,0.0026812973,0.017533602
0.6107283,1.0,0.19018659,0.011921482,0.004772997,0.004345352,0.004574588,0.016756823,0.05938931,0.021151774,0.0024372854,0.047664676
0.83364445,1.0,0.14373723,0.038220935,0.019306317,0.012174117,0.013236474,0.03182826,0.06423237,0.020529242,0.004640886,0.08040191
0.6880737,1.0,0.1485358,0.037742816,0.016059829,0.015346258,0.008294161,0.035902143,0.063113496,0.017052665,0.0032907824,0.048862815
0.48347718,1.0,0.17839311,0.016053218,0.016677018,0.029794604,0.0052233534,0.01650461,0.049001746,0.012336613,0.0015631984,0.022663504
0.2926803,1.0,0.2841675,0.014455557,0.015985576,0.0384609,0.007561811,0.014718465,0.073085055,0.02098187,0.0022135312,0.0120975
0.18702653,1.0,0.35229608,0.020492906,0.015838213,0.04699552,0.01278347,0.01714625,0.08650166,0.029232375,0.0047824467,0.0066793985
0.19298674,1.0,0.34255022,0.022502853,0.011385258,0.036133293,0.0066664536,0.016687991,0.058159843,0.015989946,0.0024306863,0.004249818
0.28401396,1.0,0.23011884,0.017559761,0.01251228,0.03282655,0.0038228265,0.016412096,0.06850952,0.014654077,0.001263216,0.007183273
0.36973116,1.0,0.14949253,0.01879756,0.014826625,0.02544345,0.0022791175,0.015392883,0.067697674,0.013365119,0.0014904317,0.010701598
0.42698362,1.0,0.13454194,0.021032618,0.01667422,0.026049074,0.002909107,0.017393604,0.05486486,0.010910097,0.0017895399,0.014152687
0.42950857,1.0,0.14071748,0.014910641,0.010509041,0.01691209,0.0025118967,0.018093279,0.057465155,0.010329892,0.002313859,0.016022561
0.27886268,1.0,0.20150474,0.010038655,0.0045161694,0.008536743,0.0014510021,0.00924792,0.027076498,0.0063045695,0.0018240503,0.007659198
0.1895349,1.0,0.28117058,0.019742206,0.0054791593,0.005540922,0.0012456708,0.010620705,0.06189325,0.01660064,0.0016792641,0.003480312
0.13971415,1.0,0.37065828,0.036184415,0.010954285,0.0048060073,0.0011571563,0.011206129,0.10605715,0.034432378,0.0023968345,0.0020233958
0.15298586,1.0,0.36595452,0.02689642,0.008188942,0.004821029,0.0011443178,0.0074756998,0.08344737,0.035449803,0.003863959,0.002574439
0.25282568,1.0,0.25143063,0.010308524,0.0040819338,0.008069019,0.0013235904,0.008563794,0.053848665,0.022340642,0.0038407762,0.0064675016
0.43508458,1.0,0.131102,0.0040154485,0.0049329917,0.008203354,0.0012001016,0.012643165,0.034466654,0.0116911,0.00248953,0.014119476
0.6317077,1.0,0.076766714,0.0024134421,0.0049819904,0.0046837907,0.0007883475,0.019951036,0.034197196,0.0054267636,0.0015134997,0.025781885
0.6968186,1.0,0.072283186,0.0024883058,0.0030182907,0.0024779288,0.0015876653,0.028599938,0.040218215,0.003641569,0.0018737357,0.029231451
0.47318953,1.0,0.13148502,0.004052794,0.0022039504,0.0024446896,0.0032029657,0.018625276,0.039824586,0.007145972,0.0044414806,0.020304043
0.6147261,1.0,0.22070464,0.024442177,0.014065421,0.012957856,0.017297937,0.023311904,0.047779374,0.029652871,0.056929637,0.17049287
0.5011217,0.37149113,0.13598783,0.040333994,0.038573124,0.0466478,0.08312511,0.16380808,0.25852838,0.5795142,1.0,0.93305016
0.08149549,0.2630605,0.08611546,0.02511242,0.039967444,0.08815137,0.26708016,0.63612515,0.8895386,0.98569936,1.0,0.41508505
0.24310021,1.0,0.3651379,0.24415527,0.14904514,0.19021113,0.6147756,0.9103567,0.9398005,0.6401092,0.38152272,0.17221081
0.33214316,1.0,0.24797684,0.13901258,0.13902123,0.21895576,0.25453714,0.14693137,0.18503147,0.3363319,0.26754582,0.28105584
0.43971956,1.0,0.27182746,0.0554899,0.03880117,0.05520914,0.09627177,0.09086148,0.075827286,0.095362306,0.13191916,0.32073474
0.26869154,1.0,0.43254808,0.11972547,0.05546628,0.034177348,0.04551385,0.067387335,0.05891735,0.09675782,0.076479524,0.17526388
0.28911862,1.0,0.5323745,0.25204292,0.3176179,0.32885173,0.0879914,0.059769165,0.07706393,0.118933216,0.109907344,0.18305679
0.5248039,1.0,0.38334328,0.09101109,0.3063663,0.66331947,0.24799502,0.0608167,0.063775755,0.06832375,0.06314868,0.17011449
0.9351161,1.0,0.20830841,0.02822444,0.06663772,0.22584286,0.18084069,0.044993337,0.0297743,0.026410257,0.048333958,0.15683863
1.0,0.7056966,0.06416297,0.008891023,0.02584977,0.10479054,0.07155485,0.02170525,0.013927499,0.019288326,0.040393867,0.18181841
1.0,0.60984975,0.041315854,0.0079029715,0.016308151,0.04270809,0.033224404,0.017430987,0.012642291,0.01707825,0.042234607,0.15403612
1.0,0.6114057,0.033942167,0.0069725136,0.015640879,0.013181106,0.012649114,0.025533918,0.023504699,0.013063816,0.047363646,0.15395573
1.0,0.96563,0.0763688,0.0138920415,0.032433994,0.023485826,0.009774907,0.032088183,0.04863004,0.0141132455,0.079452395,0.12888828
0.50786054,1.0,0.20020135,0.018004304,0.019124245,0.026488468,0.0054859146,0.020442685,0.07776637,0.020380495,0.08690123,0.11525749
0.24107441,1.0,0.3781262,0.028505452,0.015749766,0.037868474,0.008710109,0.0086097345,0.06515514,0.026808888,0.04377758,0.14659098
0.15197273,1.0,0.48226845,0.041164137,0.015691614,0.026187817,0.007044924,0.006224025,0.063030094,0.028564911,0.028605158,0.15072873
0.17016956,1.0,0.37628454,0.020179825,0.0069191153,0.015088653,0.0026387451,0.004839971,0.04125416,0.013960022,0.04205976,0.104767725
0.24197392,1.0,0.25520808,0.008557765,0.0052977526,0.011783557,0.001920664,0.0051957746,0.025152829,0.007975885,0.10854904,0.16243924
0.24878123,1.0,0.32453826,0.012345599,0.004542036,0.010196002,0.0022320792,0.005582394,0.028444592,0.0116893435,0.13164172,0.238336
0.16433902,1.0,0.99329007,0.11747,0.018048089,0.010723222,0.0073478236,0.0038928275,0.029909039,0.03316726,0.05907845,0.192752
0.06523567,0.23527417,1.0,0.4616434,0.065620475,0.025241109,0.014542546,0.005933892,0.00756793,0.052643795,0.03683942,0.036512867
0.055271234,0.06906328,0.71857107,1.0,0.11755922,0.048092037,0.01850804,0.017905345,0.003993671,0.05070309,0.078387484,0.013312254
0.04716668,0.059343476,0.60963553,1.0,0.120215654,0.04433536,0.01744665,0.017176906,0.0033597678,0.03702201,0.07484735,0.015913129
0.08387675,0.11208197,1.0,0.8910561,0.10119508,0.042735796,0.027774824,0.013665918,0.004656857,0.062193062,0.058431752,0.023772622
0.081792384,0.18904041,1.0,0.42496392,0.093704864,0.025757642,0.0160849,0.006089095,0.010165479,0.060927052,0.027488748,0.033883166
0.08103557,0.43144226,1.0,0.19792801,0.114861086,0.018949099,0.0108629605,0.0044553005,0.023772258,0.06746955,0.021239804,0.059242297
0.06246235,0.5325949,1.0,0.13291404,0.061447546,0.016294422,0.02198905,0.0047698454,0.028376536,0.072602235,0.023364212,0.051992763
0.044963036,0.30176762,1.0,0.24668872,0.025553389,0.02300901,0.038911495,0.0058726766,0.0235435,0.1110951,0.047686014,0.03294856
0.056933697,0.19739164,1.0,0.53747857,0.044998065,0.03270981,0.057076845,0.017552812,0.018211987,0.11381903,0.06995786,0.036716703
0.1297007,0.26851514,1.0,0.779178,0.14782263,0.07946,0.070601635,0.02741966,0.027757248,0.1011292,0.083429866,0.09087903
0.78011733,0.9586419,1.0,0.91456205,0.53256303,0.25914592,0.1530929,0.1096536,0.16574346,0.22295359,0.29839572,0.5584323
1.0,0.924668,0.803884,0.7442923,0.45471308,0.19945431,0.104215875,0.12459813,0.20722595,0.27961498,0.5109311,0.8532895
1.0,0.9386935,0.7352384,0.5432286,0.31029892,0.14329186,0.13083954,0.18986845,0.19072165,0.25888464,0.46990165,0.78341794
1.0,0.9472645,0.75710005,0.5403776,0.27415168,0.111824326,0.12832944,0.13854945,0.1701598,0.23852354,0.43208733,0.7752552
1.0,0.91007483,0.76510984,0.59410715,0.28008774,0.09542607,0.06973119,0.08358541,0.14088108,0.22864683,0.43342158,0.7860082
1.0,0.8697952,0.68092275,0.50767094,0.24057409,0.07703729,0.06717861,0.09670797,0.16991897,0.25911123,0.46462148,0.8033406
1.0,0.7739792,0.5088176,0.35501182,0.22407594,0.15109007,0.27414152,0.33491176,0.29391488,0.3721861,0.5553349,0.8319094
1.0,0.6813369,0.28641212,0.19666375,0.22256508,0.15735644,0.48267335,0.9102477,0.45588094,0.21806142,0.2890014,0.5361737
0.7530303,1.0,0.9000985,0.689737,0.24198131,0.07227072,0.16643566,0.52939755,0.42423603,0.18928768,0.15899043,0.29243645
0.078707986,0.16259347,0.5675974,1.0,0.36147627,0.060384694,0.012970933,0.013531572,0.020890975,0.022763247,0.031165004,0.053198252
0.061384257,0.07596299,0.28432095,1.0,0.9387719,0.47832307,0.15350391,0.03501477,0.021610085,0.025847794,0.034397364,0.05015435
0.15260522,0.15488307,0.13915974,0.18630369,0.24737482,0.5706092,1.0,0.25999546,0.05636286,0.061793346,0.08041656,0.12344626
0.18105714,0.17766447,0.14870963,0.12792492,0.11074548,0.31543094,1.0,0.31059554,0.06074584,0.05576034,0.08326454,0.14076829
0.2785592,0.29286465,0.28657603,0.31096885,0.36766154,0.5594999,1.0,0.3700999,0.078836225,0.06322459,0.117793694,0.21173212
0.7968834,0.8819193,0.8580823,1.0,0.92499346,0.44065928,0.3888942,0.14443044,0.17012416,0.24592017,0.5367723,0.714565
0.55593383,0.61267895,0.4141923,0.4114506,0.5233632,0.38178664,0.2509176,0.45874012,0.6823555,0.7456886,1.0,0.7396318
0.59278756,0.76613533,0.92061245,1.0,0.8591797,0.34185523,0.20258908,0.48063824,0.71107775,0.38060975,0.5059657,0.5317667
1.0,0.9860669,0.8679561,0.672181,0.37335578,0.19473095,0.10303389,0.21116999,0.5447629,0.42605013,0.56931514,0.9167531
0.96213543,0.85279,0.65886366,0.4283262,0.23455761,0.13324377,0.08451666,0.15315975,0.33752313,0.462074,0.7023194,1.0
0.59294206,0.92478174,1.0,0.42162278,0.09566057,0.037807155,0.03689438,0.051393762,0.07828959,0.13767707,0.2117203,0.39085734
0.3822187,0.35378882,1.0,0.62505937,0.06813836,0.026639175,0.04015087,0.028436279,0.04227915,0.08121203,0.08612973,0.20185755
0.15402558,0.09476827,0.6149309,1.0,0.14908539,0.050051622,0.02759811,0.027951792,0.030570814,0.050446924,0.074095055,0.06486294
0.05009094,0.059609324,0.42241558,1.0,0.18990359,0.050266676,0.013856214,0.02026736,0.01824032,0.026374882,0.054842204,0.0291753
0.085698485,0.08835989,0.5634591,1.0,0.14537829,0.031450957,0.012550073,0.017666262,0.01832315,0.036970377,0.063193664,0.037605833
0.21133077,0.21413343,1.0,0.8382427,0.07472845,0.01782617,0.013621213,0.014397091,0.022446726,0.05456807,0.058496643,0.08055875
0.22235632,0.37736687,1.0,0.35520384,0.032595966,0.011152267,0.012274816,0.010580121,0.026798632,0.0569146,0.033773158,0.16796568
0.2022628,0.7421615,1.0,0.14381862,0.025925886,0.018812196,0.015186361,0.013397324,0.058415543,0.0911459,0.040622294,0.25942203
0.15550561,0.8001374,1.0,0.15686493,0.025564212,0.020249713,0.017648365,0.008476357,0.050199106,0.07409158,0.027602071,0.18746522
0.18259281,0.43357882,1.0,0.30617508,0.06995516,0.017045103,0.018045882,0.0061487914,0.037025686,0.10794277,0.025854563,0.14640205
0.14200011,0.22478205,1.0,0.5958604,0.1651956,0.033154838,0.02956146,0.011595068,0.033744175,0.19674224,0.058550045,0.07434101
0.16705352,0.45074826,1.0,0.9063156,0.23135939,0.05835992,0.06418264,0.025432413,0.03580081,0.1685621,0.06973265,0.052575234
0.40975598,1.0,0.46501338,0.42510533,0.15455262,0.045729633,0.04213758,0.035531305,0.043984283,0.08117453,0.07853723,0.10657344
0.5027129,1.0,0.35910565,0.11597494,0.049827684,0.026966985,0.022341046,0.044057168,0.052221924,0.06841865,0.09111071,0.15806122
0.2687891,1.0,0.74865806,0.2071945,0.049843494,0.06359912,0.025599957,0.02693341,0.0686308,0.06268707,0.06886862,0.105135866
0.33345398,1.0,0.3601172,0.072453104,0.019897519,0.025978653,0.0075739576,0.025651662,0.10603665,0.049717285,0.04886259,0.046964638
0.52075547,1.0,0.11032322,0.011062617,0.014054094,0.012463404,0.0022046124,0.039946012,0.0941048,0.028197188,0.053467825,0.051182892
0.6166884,1.0,0.07773438,0.0043583624,0.011909719,0.011681515,0.0027777671,0.07034252,0.10968747,0.017548911,0.05140035,0.05241047
0.5798031,1.0,0.06793977,0.0033522751,0.010826552,0.008583974,0.002564316,0.08039939,0.09275114,0.007873614,0.014430659,0.021572677
0.53109366,1.0,0.067550115,0.0029945243,0.026019825,0.011821959,0.00081198924,0.020706074,0.026362259,0.002789726,0.0025465852,0.012693651
0.56981665,1.0,0.063586935,0.0038128726,0.022325462,0.00842569,0.00031423502,0.006307527,0.009339971,0.0016347482,0.0016710549,0.014631976
0.39865354,1.0,0.10737093,0.0033483312,0.0041658133,0.002504831,0.00029585516,0.004894099,0.011278544,0.0014977654,0.0012107494,0.010464317
0.17089841,1.0,0.2829095,0.0065488163,0.00084158126,0.0010922932,0.00028040458,0.003888259,0.024591014,0.008079739,0.00086026394,0.0033111204
0.066242106,1.0,0.6710607,0.019523969,0.0009884881,0.0017864603,0.00058405485,0.003632887,0.06930471,0.039193943,0.0018488182,0.0020016194
0.04715175,1.0,0.65302116,0.015285492,0.0013685805,0.0060857264,0.0013917563,0.015806545,0.23970562,0.09939982,0.002285888,0.0014667944
0.1190695,1.0,0.30247602,0.005172684,0.006294197,0.023324655,0.0033380438,0.107880645,0.8569318,0.20247076,0.004396817,0.0057415105
0.17502695,0.5753194,0.070122436,0.002184469,0.014484441,0.028403748,0.0041948254,0.26800779,1.0,0.1157695,0.0032488096,0.0064010024
0.2403377,0.48724568,0.03339565,0.0030291167,0.027587913,0.033724904,0.0067199497,0.46317118,1.0,0.056832533,0.0027335507,0.007108692
0.18449153,0.38697407,0.027952295,0.0037418434,0.031536352,0.047200765,0.008491647,0.48309922,1.0,0.053766564,0.0027253844,0.006467433
0.23098962,0.58217376,0.05335827,0.0075676474,0.050349604,0.17728868,0.028847696,0.40852618,1.0,0.06892224,0.0027056425,0.008907947
0.74342376,1.0,0.0802324,0.0143447425,0.055133753,0.2247882,0.040973924,0.16904598,0.47522306,0.051159803,0.03384156,0.15059082
1.0,0.8343169,0.08169895,0.023542894,0.035434756,0.053886812,0.013300682,0.09331728,0.16771069,0.065474495,0.13790178,0.45408735
0.6495747,0.650404,0.20915827,0.4019984,0.6017448,0.74165356,0.62525487,0.7528739,1.0,0.8005395,0.8558291,0.80639595
0.084290706,0.08843829,0.08467463,0.07717359,0.13033327,0.5969247,1.0,0.312318,0.25226748,0.10379828,0.090368524,0.060091257
0.03621225,0.073436506,0.19568954,0.09797435,0.026872518,0.35906157,1.0,0.11421547,0.088923395,0.13272412,0.046948645,0.014896143
0.07323357,0.11129333,0.4072744,0.4326187,0.1821443,0.873999,1.0,0.15587494,0.17234871,0.26341385,0.1128059,0.052440062
0.14197925,0.15627436,0.37260804,0.97559065,0.906475,1.0,0.36423397,0.19435245,0.20862223,0.30179766,0.24852143,0.14779446
0.044509333,0.048851326,0.122620516,0.53756183,1.0,0.5313537,0.12389247,0.05927657,0.04235948,0.10574608,0.14407817,0.068380974
0.033536818,0.03928124,0.11654391,0.51096666,1.0,0.6604619,0.115282856,0.05022271,0.034169406,0.08596215,0.118448526,0.059642673
0.028005902,0.032205354,0.15082064,0.25627458,1.0,0.9846477,0.12820725,0.074078135,0.06898565,0.090003945,0.098540924,0.044055626
0.022678243,0.032289576,0.120715864,0.07898197,0.2766394,0.8010219,1.0,0.8589288,0.32463348,0.09469921,0.06458259,0.03770255
0.010144872,0.021429341,0.07004495,0.035743095,0.024743633,0.23393647,0.84417003,1.0,0.25058508,0.028018512,0.020422522,0.02215769
0.011424357,0.014886235,0.030920323,0.032544173,0.06132486,0.12018515,0.34689364,1.0,0.50832886,0.04916567,0.015612468,0.019998837
0.018299159,0.012415977,0.04882772,0.2919607,0.2162493,0.04366516,0.09898147,0.66276824,1.0,0.22526559,0.034930974,0.018113555
0.018937908,0.013055544,0.08980822,0.7514531,0.2713028,0.02460531,0.035055336,0.2520741,1.0,0.5428268,0.08626633,0.03680552
0.013426846,0.0115983235,0.10752247,1.0,0.3226738,0.04548953,0.045272276,0.2105599,0.90506256,0.59370327,0.13267188,0.06590422
0.0057348306,0.009075923,0.105710864,1.0,0.4342951,0.055925272,0.16705582,0.47438583,0.5258483,0.15162471,0.04061452,0.022702273
0.012161924,0.025610873,0.11756512,1.0,0.9856324,0.27077562,0.4364549,0.5285569,0.29391587,0.04807484,0.01254524,0.010382251
0.07350403,0.12220163,0.20590223,0.51326835,1.0,0.2682866,0.15569629,0.12033248,0.118280806,0.034987584,0.031306658,0.043580543
0.2290566,0.27481455,0.500646,1.0,0.9750228,0.2501528,0.14401244,0.18270147,0.11428344,0.082557805,0.11347315,0.1490657
0.18442608,0.13665253,0.29674014,1.0,0.39315823,0.0732837,0.105761796,0.12500755,0.07995569,0.089762606,0.12071992,0.22870085
0.58028734,0.24515525,0.42903635,0.7585372,0.3302145,0.16150714,0.20610927,0.19526406,0.13858125,0.21100499,0.4713073,1.0
0.50056124,0.2740592,0.5328434,0.50397384,0.2711512,0.34854004,0.47626367,0.42109463,0.373526,0.4463662,0.99638724,1.0
0.047140103,0.11273142,0.2034425,0.098666266,0.038024712,0.07452064,0.41274974,1.0,0.8031676,0.44476524,0.22264668,0.086747915
0.012894655,0.14127377,0.31379288,0.050819885,0.021318065,0.03196267,0.38419366,1.0,0.3824494,0.12875949,0.056168903,0.019597737
0.009921463,0.21146525,0.6762791,0.11004137,0.04025557,0.054509874,0.36989978,1.0,0.18336494,0.024361176,0.012310601,0.0148948245
0.016120609,0.12383628,1.0,0.45093542,0.0628953,0.10131826,0.1924636,0.98802584,0.41506594,0.030935792,0.0071934033,0.026978642
0.044196628,0.06860538,0.9091681,1.0,0.08926024,0.072706796,0.10810569,0.8112335,0.9123961,0.121475756,0.011421782,0.037885297
0.0710485,0.042044517,0.21683273,1.0,0.31816223,0.017277388,0.03641117,0.2517605,0.8502788,0.39202857,0.026516488,0.016125688
0.11054739,0.10017435,0.06790505,0.8749722,0.7568419,0.034032278,0.02314502,0.14056778,0.8300782,1.0,0.083000995,0.009305889
0.15308572,0.18719658,0.024059994,0.23935471,0.51098996,0.04152019,0.020742107,0.09291073,0.62081236,1.0,0.11740392,0.009709937
0.46887043,0.33634394,0.035916775,0.16724008,0.25308987,0.025465956,0.028560238,0.15147628,0.9909456,1.0,0.108327426,0.038870852
0.23589227,0.071123354,0.03203032,0.15950158,0.05012865,0.0057786917,0.016174486,0.2142003,1.0,0.4637733,0.027188534,0.03432199
0.19023892,0.035180483,0.03361203,0.20832336,0.06323007,0.006997035,0.027313039,0.28249452,1.0,0.3552516,0.01802943,0.041033577
0.45001638,0.25219667,0.035957184,0.3537768,0.37475672,0.078135684,0.07972325,0.22396052,1.0,0.68698317,0.058654565,0.05114881
0.28580323,0.541734,0.06404425,0.16619854,1.0,0.48890492,0.07517232,0.03455727,0.21379776,0.57677203,0.1383229,0.017958242
0.14543152,0.28760132,0.04677104,0.34922895,1.0,0.24391077,0.019751728,0.016675234,0.15413894,0.30065078,0.05888943,0.009135336
0.24860203,0.14595114,0.07977785,1.0,0.7961502,0.061414357,0.016519345,0.047770336,0.4343,0.26775157,0.012561255,0.027465086
0.20357153,0.044499416,0.31463775,1.0,0.2265505,0.024141781,0.03344599,0.3026656,0.6525748,0.124056965,0.006950754,0.075255826
0.049991317,0.08988734,0.58892447,0.3477058,0.03152105,0.027921446,0.21583465,1.0,0.39746988,0.029701255,0.01100336,0.053818557
0.0025196562,0.07068706,0.29415554,0.043544002,0.01876959,0.029636655,0.2782829,1.0,0.12607579,0.0039493637,0.0075589386,0.015184034
0.0053850235,0.028494135,0.17365284,0.052384257,0.017868623,0.06506122,0.17873934,1.0,0.2391217,0.005352587,0.0036138142,0.018103184
0.036218297,0.014091985,0.22045524,0.19974963,0.024636127,0.19322431,0.1885495,1.0,0.5900791,0.022351122,0.0048230328,0.04757605
0.13605247,0.038402583,0.25771043,0.64341223,0.25940415,0.34830227,0.3626643,0.587792,1.0,0.18565293,0.033533074,0.085940115
0.07359183,0.058955595,0.06929551,0.32111096,0.65959597,1.0,0.37862322,0.344611,0.41004652,0.26825592,0.1832771,0.052560642
0.057397123,0.076790996,0.0412137,0.22425975,0.6025799,1.0,0.5922282,0.34721327,0.32814583,0.353776,0.17449194,0.037582345
0.14414819,0.10904931,0.053957686,0.9154003,0.99796516,0.2162035,0.5890657,0.29543728,1.0,0.8979833,0.064003825,0.021789549
0.1469387,0.07115381,0.07537794,0.92310107,0.5504926,0.04277197,0.09244989,0.08769304,1.0,0.5851229,0.034848697,0.03746262
0.2748272,0.13234016,0.13522504,1.0,0.44138074,0.023181168,0.027043743,0.073852055,0.9530489,0.44592327,0.054479685,0.094731055
0.40079263,0.17697516,0.15709345,0.8875736,0.3058055,0.018465938,0.021783447,0.09941704,1.0,0.36984113,0.072074436,0.15272601
0.5504746,0.29659703,0.22653814,0.7464887,0.27104843,0.029429777,0.031657692,0.1363025,1.0,0.4023329,0.1297156,0.25434282
0.9816056,0.77638704,0.52139246,0.9199393,0.75471866,0.23199314,0.13811268,0.29607487,1.0,0.97849256,0.42175743,0.599576
1.0,0.94495165,0.8147472,0.7901759,0.8978826,0.66454685,0.20051533,0.4447725,0.33874694,0.60487485,0.5565049,0.75553745
1.0,0.8596741,0.82588375,0.7089867,0.4352741,0.2667805,0.115286164,0.24676833,0.29208398,0.3754588,0.54768413,0.7917653
1.0,0.8883436,0.67175883,0.4015773,0.17459364,0.07456184,0.08158151,0.1519214,0.2637199,0.38956082,0.5539139,0.82512045
1.0,0.8828874,0.6520711,0.33165538,0.14184977,0.07102003,0.07982284,0.15611757,0.2759513,0.38482043,0.5394946,0.8229946
0.9721874,1.0,0.8149146,0.49357292,0.1926576,0.07557002,0.07762733,0.14445096,0.22158739,0.3099702,0.4971242,0.7657222
0.9091053,1.0,0.75902355,0.98553926,0.44170165,0.09815265,0.1360328,0.27142042,0.40499207,0.50688565,0.60166985,0.7709531
0.6578218,0.5811693,0.41729647,1.0,0.77130115,0.17143793,0.13189559,0.16465433,0.24330838,0.2682747,0.35470134,0.5491238
0.77412397,0.7172356,0.6474341,1.0,0.65626353,0.10521071,0.06519002,0.113688156,0.2351023,0.27800006,0.3771601,0.620423
0.8978135,0.80507076,0.7495832,1.0,0.5054126,0.1159718,0.08780411,0.16197804,0.3032127,0.3127148,0.42386177,0.71935576
0.6258327,0.73367953,1.0,0.72408885,0.46462542,0.14048819,0.07613132,0.12652427,0.3329251,0.31536773,0.3324505,0.50518894
0.14717549,0.46407604,1.0,0.61415476,0.96725404,0.40094593,0.1366914,0.15082522,0.49677783,0.37723017,0.21574697,0.13522857
0.28225282,0.36227766,0.6936929,0.55353343,1.0,0.6147808,0.4092352,0.45984554,0.73142636,0.6094788,0.36385328,0.31962445
0.30887538,0.27669847,0.50188375,0.48820812,1.0,0.54411936,0.4544639,0.46659178,0.779564,0.56536233,0.3721347,0.33636925
0.51039386,0.43338153,0.46971285,0.55524004,1.0,0.68870205,0.7926634,0.53831816,0.45647192,0.5008292,0.4278545,0.46757188
0.90081346,0.8362625,0.66628045,1.0,0.89474434,0.48566762,0.6215527,0.4369685,0.27452967,0.415767,0.49982843,0.7284922
1.0,0.9688071,0.69717765,0.69836,0.50578016,0.30380598,0.44068083,0.39234218,0.39484778,0.48227558,0.575082,0.8382199
0.9606865,1.0,0.756569,0.6326818,0.72219574,0.4722228,0.47829583,0.49934325,0.73133814,0.58798605,0.63683516,0.80501723
0.35734987,0.34666795,0.2465866,0.22723825,0.39181083,0.32035616,0.41400853,0.41517258,1.0,0.5317955,0.30877033,0.30268896
0.29404747,0.28864288,0.17040326,0.19749719,0.5334523,0.60749936,0.76735973,0.4935038,1.0,0.61184794,0.27189282,0.27776253
0.93976253,0.99793863,0.69134617,0.85030705,1.0,0.7242388,0.7301934,0.62811995,0.69025457,0.5865706,0.596214,0.83128065
0.96423364,1.0,0.71612257,0.7022899,0.50493145,0.31136584,0.32668343,0.2992589,0.3393062,0.43190664,0.5480916,0.8299222
0.92249537,1.0,0.679546,0.5019885,0.4155876,0.28839183,0.1864747,0.18900979,0.22254667,0.30096796,0.43358076,0.7293452
0.64692444,1.0,0.69849503,0.3732597,0.25957042,0.14334676,0.10546819,0.15480068,0.17125143,0.21702953,0.30647308,0.50180817
0.4181591,1.0,0.7004221,0.22376326,0.15489298,0.09244574,0.088681005,0.12225451,0.13558397,0.1511262,0.20936534,0.31779164
0.35725576,1.0,0.70978904,0.3195646,0.26555696,0.20094723,0.17237242,0.14351733,0.15147011,0.15542838,0.19811906,0.25696024
0.5675991,1.0,0.6593601,0.52550805,0.68310016,0.78498036,0.74399835,0.37367585,0.27587926,0.36031258,0.53948855,0.5288667
0.53480923,0.5671309,0.4010499,0.32813737,0.42785844,0.61195856,0.38878968,0.22535343,0.29001397,0.5025924,1.0,0.6350018
0.79260087,0.78358966,0.6764093,0.5533687,0.39753658,0.25737032,0.1517807,0.12863953,0.19071133,0.60311997,1.0,0.7288544
1.0,0.85721207,0.6171092,0.42935055,0.25087947,0.16456719,0.15309747,0.21480587,0.38642853,0.7843529,0.7657572,0.85705554
1.0,0.8065902,0.5155556,0.32812545,0.24144886,0.22879912,0.19626799,0.25154957,0.40210646,0.6676545,0.8006858,0.89394337
1.0,0.87748885,0.6783888,0.50111896,0.3517842,0.23703365,0.22390325,0.2989717,0.39057487,0.50093323,0.6807875,0.8838197
1.0,0.9154258,0.60334766,0.4401134,0.45476457,0.5002755,0.367837,0.4689669,0.56996137,0.6413192,0.75518423,0.9091095
0.9422792,1.0,0.5060406,0.45515755,0.49689335,0.54216564,0.4361078,0.562355,0.8227877,0.5702682,0.6256753,0.72887844
0.7264943,0.8086018,0.38930783,0.2765273,0.3297402,0.5804903,0.41209507,0.4824063,1.0,0.5820389,0.5186373,0.592506
0.75409955,0.8910044,0.7815761,0.5019435,0.3920957,1.0,0.5315213,0.277518,0.77969915,0.5046459,0.40769356,0.5906856
0.9958948,1.0,0.9675346,0.8083452,0.6358111,0.76919883,0.42399767,0.34860656,0.5076107,0.5458096,0.57172674,0.8223637
1.0,0.81509686,0.50648427,0.40834585,0.52468365,0.9182495,0.5349924,0.38914502,0.48403168,0.5437023,0.6469003,0.8709667
0.6127458,0.5666977,0.4583839,0.37651855,0.34146434,1.0,0.70604926,0.257925,0.29069346,0.35435444,0.40306228,0.5294882
0.56937075,0.61557144,0.4621522,0.41709447,0.36638182,0.7898297,1.0,0.4113444,0.33988777,0.37327364,0.4548192,0.50597787
0.39454913,0.4206715,0.24529779,0.22278608,0.30892926,1.0,0.78209233,0.2850351,0.28771275,0.2968815,0.3245764,0.33692014
1.0,0.9237967,0.77793235,0.6672983,0.5103216,0.8259384,0.48872343,0.29644114,0.3628615,0.39118785,0.506936,0.8208896
1.0,0.8673071,0.70647687,0.54710853,0.28847802,0.1482902,0.123878695,0.19524255,0.3071818,0.3707181,0.5440815,0.8379467
1.0,0.8616417,0.66258,0.50530404,0.3056737,0.15113045,0.108581215,0.19477935,0.23395589,0.33170956,0.5010037,0.8114405
1.0,0.83935183,0.67507344,0.52352005,0.5279172,0.38912997,0.24650775,0.35595757,0.40154943,0.52642494,0.63601816,0.8731704
0.62526643,1.0,0.6218186,0.30095795,0.3289856,0.32453936,0.40351528,0.3701039,0.33357385,0.3087495,0.4933041,0.67635906
0.30814758,1.0,0.539216,0.15944017,0.08564304,0.0732714,0.05888958,0.058816772,0.09156484,0.0874934,0.08145174,0.110877156
0.3240424,0.99452263,1.0,0.90419704,0.29325464,0.061041918,0.033482563,0.042383127,0.09240026,0.24162605,0.60097176,0.24161251
0.17762865,0.18279317,0.25833035,0.8770831,0.8293652,0.10783002,0.0153858615,0.018581606,0.032852884,0.24984789,1.0,0.5288567
0.16413498,0.13249195,0.105902806,0.36231717,1.0,0.2076293,0.012815691,0.01711142,0.029471634,0.09185493,0.27549917,0.36004815
0.25688967,0.22208631,0.18118618,0.33545312,1.0,0.28930837,0.021824274,0.028598243,0.045562293,0.06489563,0.12671097,0.26275727
0.832849,0.81572896,0.86655957,0.93561363,1.0,0.3848656,0.06570315,0.07298301,0.11870815,0.18509088,0.3591935,0.6727346
0.73004836,0.8218758,1.0,0.6554707,0.17570272,0.053979024,0.034698546,0.06743491,0.11828846,0.17755431,0.31836927,0.563991
0.9653464,0.96616477,1.0,0.88589215,0.19959918,0.058448393,0.06056282,0.12792261,0.21631153,0.294393,0.44439384,0.71771264
0.65073174,0.7983352,1.0,0.54241186,0.17337963,0.06624081,0.069445044,0.10664666,0.16649185,0.22037429,0.31515592,0.49684933
0.13853349,0.13537268,0.14652228,0.16126591,0.45977008,1.0,0.58814913,0.10745523,0.056835923,0.054337468,0.0753875,0.113984995
0.015438606,0.014118694,0.011157335,0.018536907,0.3078056,1.0,0.343384,0.018895585,0.008024912,0.008417783,0.009654444,0.012419047
0.020083817,0.01845931,0.05398833,0.3181821,1.0,0.87712663,0.1335748,0.0094131995,0.0083710905,0.01295928,0.012121783,0.017504789
0.044229496,0.11194226,0.4414905,1.0,0.8905863,0.26555532,0.017765515,0.0075763497,0.012425805,0.016800938,0.023769228,0.03582194
0.08053006,0.3108587,1.0,0.79851115,0.30608943,0.09182985,0.031058958,0.017716937,0.017286679,0.025320936,0.038395878,0.058634043
0.017671926,0.024520807,0.06610443,0.36716306,1.0,0.33566508,0.02256303,0.008782503,0.004816513,0.0048676217,0.015664682,0.030776536
0.06984842,0.010294702,0.013101372,0.16884011,1.0,0.6781788,0.05007172,0.003890637,0.00393022,0.0029826812,0.00890678,0.05300798
0.14370547,0.06253998,0.005480244,0.024492284,0.34752235,1.0,0.43073896,0.019324768,0.0030607667,0.0042810743,0.0039220857,0.03740095
0.066824265,0.1294641,0.014801777,0.0043044165,0.02548592,0.4820268,1.0,0.1292173,0.0072510974,0.0036987925,0.0042923,0.0070242533
0.016902445,0.10815079,0.025642179,0.0031616017,0.0069687045,0.1296835,1.0,0.25951758,0.014834291,0.0048469706,0.00443254,0.0029533985
0.049484625,0.14001715,0.023955502,0.0060973535,0.013075916,0.2594251,1.0,0.21491149,0.018306157,0.008115788,0.007607413,0.0087635955
0.24854858,0.20821217,0.014455221,0.013339916,0.10506687,1.0,0.84247327,0.057710603,0.011146458,0.01997277,0.016787423,0.03866958
0.26526466,0.08114157,0.009956293,0.049192544,0.43964565,1.0,0.26110628,0.011348527,0.0071990164,0.017003158,0.019799009,0.09480658
0.113610394,0.02388796,0.018205559,0.25397995,1.0,0.45903003,0.04986698,0.012839317,0.007031936,0.012327572,0.029726528,0.10200811
0.01736417,0.0077145174,0.008670462,0.19259602,1.0,0.31285337,0.012264156,0.0063945428,0.0041517764,0.012685465,0.017867185,0.0253032
0.051844075,0.0079590455,0.005303344,0.10258319,1.0,0.51239467,0.016183728,0.004199211,0.004940091,0.016993513,0.027191713,0.06675119
0.21953002,0.021964267,0.00815368,0.07141079,1.0,0.73294175,0.03936474,0.011439817,0.0082679195,0.028795255,0.04896924,0.18326701
0.09705355,0.019525854,0.007806738,0.1486175,1.0,0.34451506,0.018838808,0.008460183,0.0064911935,0.027878352,0.048398644,0.1256999
0.03681995,0.013789404,0.010050896,0.16065115,1.0,0.22644417,0.008158038,0.0054798718,0.008826646,0.023710152,0.047376603,0.15314692
0.06258391,0.022579543,0.022517197,0.22296086,1.0,0.1793844,0.043563597,0.046701256,0.025442362,0.04650039,0.09685559,0.3080873
0.10187243,0.06141572,0.06632093,0.3925518,1.0,0.109253734,0.16624397,0.1393108,0.04914594,0.07461651,0.1828269,0.48625544
0.08353186,0.05758485,0.045493957,0.36128724,1.0,0.09110008,0.06966592,0.06057101,0.03347956,0.046250157,0.14240263,0.38959688
0.051469978,0.035181955,0.028721815,0.3296845,1.0,0.10898171,0.07335316,0.051336195,0.023611307,0.027833736,0.09194377,0.21681243
0.0537738,0.048555177,0.08812664,0.58364505,1.0,0.14570618,0.18397595,0.097122476,0.061894946,0.035795216,0.07851849,0.14526843
0.060693625,0.102247,0.34200215,1.0,0.66168654,0.08466176,0.11519733,0.1481345,0.16526519,0.040784836,0.0542246,0.08229417
0.2074342,0.34951863,0.84150714,1.0,0.42957357,0.08037383,0.052577946,0.22746903,0.33246747,0.112232104,0.115776174,0.17194621
0.42402002,0.8063366,1.0,0.39920157,0.1631907,0.08220178,0.035651192,0.065040976,0.1081954,0.14047037,0.19599496,0.31110245
0.7457891,1.0,0.42460057,0.22663382,0.21758713,0.14690591,0.05305974,0.06886937,0.10773021,0.14457768,0.21118788,0.39120707
0.89409125,0.6561362,0.39791805,0.28671637,0.28172952,0.13696073,0.06126262,0.074863374,0.11371221,0.22686455,0.60079575,1.0
0.6256807,0.5305694,0.45420113,0.38486454,0.24160673,0.09058357,0.056939445,0.08362027,0.17207642,0.51163644,1.0,0.8446154
0.67624575,0.5714844,0.43525964,0.3168111,0.2117908,0.10363669,0.083284944,0.19355094,0.56904656,1.0,0.87371033,0.72746307
0.32187724,0.33161625,0.19827047,0.14794749,0.0829802,0.042541284,0.08912123,0.4383622,1.0,0.47815213,0.24444962,0.2605158
0.17743194,0.1664,0.09272785,0.06348434,0.045663074,0.032431338,0.084359795,0.37989762,1.0,0.7770643,0.37808588,0.25817025
0.7760805,0.69212633,0.319174,0.13707122,0.07985356,0.03520162,0.04623767,0.14198667,0.44780764,0.90019506,1.0,0.9288459
0.23851195,0.7880376,1.0,0.2863741,0.047341503,0.013540411,0.020803602,0.018302491,0.04444024,0.121955335,0.14539215,0.14745842
0.023552595,0.15333934,1.0,0.5696918,0.038732078,0.01690824,0.07582806,0.015179391,0.01156375,0.088372655,0.041697215,0.020828942
0.006826587,0.03821649,0.7355524,1.0,0.08159008,0.011633291,0.07235612,0.02204093,0.006019208,0.06717528,0.04102975,0.0063138194
0.0027438714,0.007962786,0.24212848,1.0,0.22578053,0.00554876,0.015494172,0.011126759,0.005361248,0.016965773,0.017642148,0.0036620498
0.0024559353,0.004053567,0.09243308,1.0,0.4984026,0.010429194,0.0022561175,0.0073885527,0.0046350565,0.0062839137,0.020974895,0.013869188
0.005376945,0.006242694,0.046920642,1.0,0.83552,0.022146786,0.0029995341,0.020959778,0.010788686,0.01101519,0.066380434,0.052843463
0.015269617,0.027191447,0.09771476,1.0,0.5071433,0.015773213,0.011321749,0.03730893,0.020134209,0.02769235,0.1176091,0.048017863
0.015926782,0.030257398,0.25921077,1.0,0.1721896,0.007277714,0.015238801,0.031563643,0.025681254,0.06130393,0.21086168,0.031833287
0.009224664,0.025093945,0.54406816,1.0,0.082802296,0.0037459484,0.014291583,0.02282079,0.03839378,0.16506213,0.3093321,0.025463264
0.017259872,0.08542204,1.0,0.70128363,0.043649383,0.0051151803,0.03225845,0.029160688,0.08920309,0.61946315,0.3883261,0.02744839
0.022042857,0.27807668,1.0,0.20875214,0.014268476,0.006364134,0.019402212,0.017316215,0.18132174,0.6314089,0.11223869,0.016568579
0.04699051,0.6295663,1.0,0.11440755,0.025173116,0.015048891,0.0141998725,0.022716824,0.45811298,0.90292686,0.07514067,0.024372116
0.06437287,0.35320505,0.50922287,0.1654583,0.094898395,0.047312908,0.023186048,0.025280947,0.506984,1.0,0.2127722,0.09948474
0.2678462,0.3991355,0.6628361,1.0,0.44637194,0.30244902,0.14629546,0.07805303,0.3896631,0.85411465,0.81944317,0.53737384
0.45274845,0.7391163,1.0,0.9722872,0.37025082,0.23348634,0.11372805,0.057929974,0.13259722,0.35389864,0.2183309,0.3055589
0.72675043,0.8176074,1.0,0.9343585,0.5032847,0.14789043,0.06059026,0.048045285,0.104257286,0.27625558,0.25842145,0.507821
0.9987392,0.99526685,1.0,0.8543738,0.45154363,0.1687692,0.0669402,0.06721137,0.11181055,0.18882856,0.39193743,0.75768906
1.0,0.8807265,0.7072484,0.53789526,0.2760287,0.11944436,0.06936603,0.10353887,0.17793162,0.26999736,0.4611675,0.7985572
1.0,0.8247367,0.57482713,0.39224568,0.21803263,0.15016262,0.13171144,0.19056484,0.30604652,0.41322786,0.56959283,0.84741884
1.0,0.78614783,0.44868436,0.2592444,0.17470914,0.17271912,0.1196047,0.124263145,0.20669183,0.30207473,0.48807508,0.81840914
0.70563537,0.80977505,1.0,0.99263006,0.66400653,0.36639813,0.18011142,0.12415937,0.15392207,0.20480214,0.31487533,0.53301775
0.15830444,0.4396393,0.8781874,1.0,0.7502937,0.47030222,0.22928579,0.081617706,0.05617262,0.06338606,0.06573389,0.086677365
0.4545659,0.65953547,0.9759508,1.0,0.6310673,0.3104313,0.1422524,0.055487823,0.03608388,0.05642057,0.14254186,0.30298656
0.9912102,0.99279904,1.0,0.86947435,0.47830957,0.1682582,0.07261732,0.08276712,0.13745369,0.21967429,0.41346017,0.75801396
1.0,0.90400696,0.7584045,0.59141517,0.32241216,0.12894951,0.055641524,0.07871269,0.13693553,0.22240396,0.42479968,0.78079665
1.0,0.86559075,0.6727804,0.4990223,0.26309714,0.1055701,0.061646555,0.09091631,0.1541682,0.2394873,0.44147792,0.7933296
1.0,0.77852035,0.46919414,0.2724298,0.14274316,0.087484606,0.118727334,0.21726629,0.35210922,0.46032286,0.60546833,0.86761487
1.0,0.83010805,0.61347127,0.45892292,0.31124943,0.24467713,0.25130403,0.36139336,0.518733,0.6259472,0.70833987,0.8947257
0.17674363,0.42638177,0.8680287,1.0,0.758625,0.548806,0.30562246,0.18116795,0.21089318,0.24039789,0.2058357,0.15138617
0.67276174,0.7882407,1.0,0.97484916,0.6046925,0.3170342,0.14797762,0.07849784,0.08436765,0.1331031,0.26469576,0.4938427
0.96602035,0.96956563,1.0,0.87673575,0.47173804,0.17754406,0.08090853,0.081117585,0.11759666,0.19339448,0.3907819,0.7349107
1.0,0.914907,0.80884093,0.6553986,0.3620783,0.16192557,0.095841356,0.109634094,0.16488212,0.24268179,0.44262943,0.78766686
1.0,0.66765505,0.4431804,0.28396967,0.15376307,0.08152823,0.07620476,0.19919473,0.26093906,0.27348745,0.4913608,0.87027633
1.0,0.66637075,0.54369384,0.46423683,0.25111386,0.15177497,0.17211658,0.5113067,0.68262076,0.49962643,0.6139706,0.88088894
0.86420083,0.73723835,0.8108713,0.96265244,0.49105898,0.31722245,0.48435518,0.789524,0.6457491,0.6225151,0.91083264,1.0
0.09296984,0.26696515,0.616724,1.0,0.36907938,0.06819212,0.036744334,0.04208461,0.026781386,0.071931966,0.09035674,0.07601154
0.030678341,0.123789266,0.50373864,1.0,0.22955123,0.02573516,0.015151033,0.019315746,0.012603813,0.06789016,0.11562195,0.031082595
0.022578543,0.04499712,0.34449986,1.0,0.3381397,0.047131993,0.028157521,0.046365917,0.025500877,0.06479825,0.16242053,0.058007855
