0.28493336,0.24995703,0.525047,0.6524707,0.40093246,0.5292161,0.4376366,0.7245825,1.0,0.52634996,0.20238173,0.11393083
0.1744153,0.19315016,0.4514191,0.74361676,0.5257696,0.4598195,0.30465922,0.5659374,1.0,0.6111664,0.13739394,0.0827376
0.0930045,0.119873084,0.25604218,1.0,0.81589395,0.37115732,0.21909526,0.42070216,0.64154255,0.32291567,0.0833526,0.07511338
0.07180663,0.14575541,0.2117088,1.0,0.95769626,0.28062415,0.29645097,0.43147245,0.43194112,0.19832072,0.07614144,0.0827788
0.074967586,0.16056885,0.29150087,1.0,0.6960222,0.29237297,0.36583552,0.24714905,0.39227262,0.19767122,0.07849886,0.10161031
0.08722616,0.13355651,0.4719229,1.0,0.37349176,0.3125301,0.35353243,0.13227144,0.13845776,0.099788494,0.06193292,0.08278953
0.36456442,0.46504155,0.6948747,1.0,0.4428388,0.2564329,0.26326913,0.23980969,0.15906954,0.08312352,0.068572685,0.11948288
0.41352543,0.34573564,0.33465472,1.0,0.7558769,0.293248,0.2571904,0.4465816,0.28289902,0.12716956,0.089833215,0.2011315
0.032038968,0.118807346,0.4702968,1.0,0.30975342,0.12721573,0.10246509,0.083276145,0.057575334,0.04209628,0.029899582,0.029556163
0.031755596,0.10521223,0.76898277,1.0,0.2690243,0.08864773,0.0952796,0.08156152,0.05762059,0.037638266,0.032002404,0.019689964
0.04866941,0.24101238,1.0,0.83759975,0.47344944,0.21067572,0.21435763,0.23309235,0.24602649,0.18389854,0.09996895,0.06282959
0.14598237,0.17495418,0.45516935,0.77891237,1.0,0.57132757,0.47233048,0.33157572,0.41601962,0.3384212,0.23587215,0.19798401
0.15204202,0.14068998,0.50024533,1.0,0.90088254,0.92159694,0.74570876,0.49312627,0.61380416,0.43439505,0.32270333,0.2799246
0.4597243,0.40850878,0.71289885,0.9104577,0.7919993,0.93343097,0.8122027,0.76962316,1.0,0.42437026,0.3446033,0.45175225
0.617448,0.5907745,0.95442325,0.7195351,0.70433223,0.7672518,0.6717848,1.0,0.92470366,0.30582967,0.26083374,0.36632833
0.48543414,0.42534798,0.71505487,0.8625832,0.6545783,0.5074547,0.7134351,0.8743924,1.0,0.6603416,0.4307277,0.40015146
0.29257432,0.3140228,0.76239526,0.9520906,0.57789594,0.58057594,0.8925114,1.0,0.98466545,0.77891254,0.7809928,0.29043308
0.16294892,0.29315114,0.5470077,0.8467632,0.52496886,0.5762215,0.6015195,1.0,0.8001977,0.58008856,0.68873185,0.35883272
0.20237984,0.32302478,0.46619782,0.6489353,0.43316373,0.50614244,0.45362344,0.7904495,1.0,0.40021297,0.2908552,0.43672153
0.46467528,0.405578,0.49363998,0.58020425,0.678346,0.68076146,0.6438094,0.83106595,1.0,0.5481166,0.30523667,0.65645725
0.6143571,0.40261322,0.5429978,0.82392275,0.82747793,1.0,0.8421403,0.7060991,0.54835224,0.44143537,0.5454984,0.77735025
0.7039652,0.6094811,1.0,0.99706453,0.929057,0.8933232,0.9362002,0.94335824,0.7384072,0.4502811,0.53096443,0.55307955
0.33734286,0.46987846,1.0,0.715628,0.5122678,0.6832247,0.7816777,0.5900867,0.5732508,0.38479295,0.3550515,0.3490725
0.35291725,0.5790089,0.8653269,1.0,0.59552294,0.8360744,0.91369146,0.6140444,0.58543605,0.40022022,0.24079943,0.22257178
0.30387333,0.40377146,0.422919,0.7447994,0.72807527,1.0,0.89410335,0.75709355,0.46991616,0.3252906,0.23057245,0.21171911
0.23289798,0.5193214,0.64764297,0.7906528,0.77172804,1.0,0.89374244,0.628245,0.4148381,0.1647044,0.14126955,0.211832
0.079502635,0.09778188,0.27181926,0.71960163,1.0,0.6589336,0.347803,0.12292217,0.048588917,0.023616208,0.023874773,0.043696288
0.042478412,0.06004889,0.09139735,0.12715663,0.41788948,0.8023341,1.0,0.604528,0.19654615,0.07645686,0.06398456,0.0537106
0.08397016,0.14938954,0.24787252,0.100759394,0.09999306,0.31064036,1.0,0.7938547,0.39620477,0.2369469,0.23361872,0.12724069
0.11107438,0.21047685,0.4514697,0.14462434,0.1122205,0.18756028,0.9685284,1.0,0.43831006,0.35918552,0.7213463,0.28588018
0.022213755,0.08260739,0.34357184,0.113904595,0.058632743,0.1182329,0.26416478,1.0,0.3977759,0.06775124,0.19110534,0.09070381
0.018652089,0.034990784,0.22636591,0.19459094,0.05546177,0.31156915,0.26926285,1.0,0.8985665,0.09463583,0.035108574,0.024744112
0.011868478,0.013569883,0.059123524,0.14554441,0.03169289,0.25055584,0.27181712,0.37197465,1.0,0.16505472,0.014529927,0.008012754
0.004027917,0.0041820286,0.026880728,0.09091459,0.017815165,0.112817824,0.17539771,0.41188744,1.0,0.16744292,0.008511351,0.003209969
0.0048629036,0.0130391,0.030923424,0.057597246,0.020654669,0.04801386,0.1570573,0.5811834,1.0,0.3131631,0.015016732,0.0046234834
0.020285008,0.032669295,0.024648704,0.08234779,0.26653326,1.0,0.74125624,0.22853053,0.28761277,0.11692907,0.03259428,0.010551034
0.030428268,0.011607896,0.011085749,0.043888908,0.53511524,1.0,0.43898895,0.08167428,0.037957635,0.02453675,0.010836424,0.028545711
0.08751406,0.0148952715,0.017337078,0.05464859,0.9309863,1.0,0.21755122,0.080347046,0.08782044,0.042133525,0.008630118,0.07020327
0.08068538,0.025568536,0.012651001,0.0236655,0.33735728,1.0,0.7111076,0.08428788,0.06890137,0.026357858,0.007529609,0.026606103
0.0153399175,0.019974729,0.011015023,0.012698672,0.07259964,0.5797221,1.0,0.15972796,0.021942075,0.008502276,0.012964138,0.0049140723
0.01012392,0.026033362,0.07344867,0.038409606,0.18488066,0.67852604,1.0,0.5789702,0.08135686,0.0073042796,0.023845963,0.018377353
0.054677945,0.023162259,0.16168126,0.10103726,0.20777166,0.79950225,0.44599694,1.0,0.42523247,0.040046353,0.019061325,0.06543204
0.14896838,0.055603392,0.09688417,0.13238393,0.19249065,0.8234357,0.729208,1.0,0.6941024,0.21038397,0.041011296,0.13756934
0.20014797,0.2313752,0.22335814,0.23142509,0.36998448,1.0,0.824877,0.5298486,0.54832953,0.165666,0.0675302,0.15675138
0.12897319,0.12104951,0.11621107,0.11821345,0.28420714,0.65296835,1.0,0.59305495,0.5428459,0.26598084,0.21054724,0.15215312
0.10030012,0.12210932,0.34451082,0.7237405,1.0,0.76958346,0.87535405,0.67392886,0.6266362,0.8053932,0.7983208,0.26852545
0.022330496,0.024198906,0.10828149,0.40806457,1.0,0.402391,0.12254361,0.17321059,0.14208749,0.069494806,0.07703529,0.06676776
0.020856112,0.014900341,0.04680709,0.2135921,1.0,0.6872764,0.1595848,0.11292035,0.073833406,0.013300026,0.019801447,0.05158387
0.021028373,0.0788454,0.1806878,0.10682111,0.63844913,1.0,0.50641686,0.19846949,0.028708845,0.0067224912,0.010669246,0.027027128
0.013751654,0.22503129,1.0,0.24874787,0.2897125,0.48150092,0.41379863,0.50643426,0.09520208,0.008668418,0.01807316,0.054128777
0.033699535,0.1251576,0.858118,0.42993146,0.48232418,0.78463906,0.2598506,1.0,0.40281537,0.02684707,0.026633356,0.049492255
0.017301325,0.045079768,0.35599527,0.20823482,0.28327045,1.0,0.22861305,0.8153859,0.3918976,0.022210034,0.013025319,0.014769067
0.004825955,0.011499783,0.08992913,0.062562995,0.18350542,1.0,0.24580102,0.42184758,0.19181456,0.014640355,0.0066400217,0.0064150686
0.004756201,0.013954441,0.0560607,0.09020409,0.2782629,1.0,0.58238345,0.32142833,0.09908567,0.016689923,0.011955538,0.008811167
0.1352843,0.24280895,0.22527711,0.38735163,0.5039815,0.8511332,1.0,0.30480656,0.16413753,0.061743762,0.046428245,0.06403161
0.049613,0.033292893,0.021470534,0.05318714,0.4977267,1.0,0.2737951,0.084295854,0.061984874,0.045363404,0.011687282,0.034882057
0.025388911,0.009559674,0.006554944,0.030212471,0.5670727,1.0,0.18749577,0.020966325,0.014845301,0.012935803,0.0043393043,0.02358224
0.03514917,0.087465875,0.06766248,0.03683789,0.5411593,1.0,0.46432295,0.20371825,0.024859974,0.013194065,0.008628937,0.016336724
0.008492926,0.10058775,0.21291679,0.029864086,0.092461616,0.2024282,0.48360935,1.0,0.12086302,0.01045067,0.006828492,0.0039367503
0.00094359694,0.012945043,0.070083916,0.014254991,0.010185298,0.023207914,0.17147717,1.0,0.17229305,0.0025211808,0.0012415404,0.0018705886
0.0010201349,0.0023968255,0.024601424,0.009128309,0.00556943,0.013504302,0.1483775,1.0,0.22346166,0.0024819511,0.0007490694,0.0015324814
0.0015572958,0.006726844,0.041633792,0.0113971485,0.037044033,0.060595807,0.1428826,1.0,0.300398,0.0060440185,0.0021217228,0.0058143735
0.008833111,0.033950977,0.117441505,0.027586935,0.12585004,0.17607321,0.2842456,1.0,0.3022489,0.013267378,0.014795494,0.047425255
0.011658807,0.028066128,0.09964862,0.047236636,0.08780469,0.20383447,0.27282545,1.0,0.51052886,0.05703514,0.014403365,0.032764386
0.008795222,0.0109242415,0.051360823,0.04520157,0.030073877,0.059809744,0.078067526,0.5234109,1.0,0.49171594,0.031122493,0.010034383
0.003900749,0.0042320113,0.0143157765,0.027138034,0.024087694,0.021277534,0.024370436,0.1924063,1.0,0.70142734,0.033615645,0.0031613053
0.0031310334,0.0045814184,0.029974198,0.0513204,0.020023547,0.017798219,0.0383961,0.26931727,1.0,0.448059,0.017734382,0.0024700584
0.0063556186,0.03619157,0.10908146,0.09153136,0.11170035,0.09855017,0.58379036,1.0,0.68384284,0.21005309,0.015538566,0.0053724363
0.008493263,0.053278036,0.0503698,0.08433823,0.21745187,0.2836578,1.0,0.4867084,0.11402057,0.033248834,0.012402782,0.0064824303
0.015606648,0.056667417,0.056504544,0.10923876,0.20315321,0.4665014,1.0,0.41934907,0.12055015,0.02909952,0.011046192,0.012336604
0.50466484,0.71707153,0.8588625,1.0,0.9644494,0.7591809,0.8392805,0.46241653,0.20420791,0.13065873,0.14849113,0.26930717
1.0,0.87245655,0.58647794,0.48740053,0.34583923,0.29553095,0.5245923,0.28053978,0.17660016,0.21741788,0.289627,0.542096
0.5160361,0.42194316,0.55945194,0.6416966,0.6122472,0.6775955,1.0,0.8529938,0.6501296,0.30951694,0.22640069,0.28962687
1.0,0.58905697,0.8646502,0.96021837,0.60650355,0.5182983,0.7047755,0.8551661,0.4823536,0.36960655,0.57040125,0.86771905
1.0,0.55467874,0.18701181,0.09091242,0.042467657,0.033463757,0.042536072,0.077725105,0.0623363,0.062170215,0.13521051,0.5157474
1.0,0.96303946,0.44577724,0.1881687,0.05085401,0.016770773,0.021699838,0.06006612,0.07802605,0.07425193,0.059034303,0.3205921
0.19062129,0.3581566,0.55056566,1.0,0.5850685,0.091522604,0.016893854,0.025160735,0.041948967,0.064023845,0.078518525,0.103150465
0.02312945,0.027626125,0.13614859,1.0,0.9693275,0.13242163,0.013697765,0.007866452,0.006995796,0.009861013,0.0737072,0.09106196
0.020983053,0.06128868,0.60632867,1.0,0.33190155,0.052271698,0.016248459,0.008294541,0.0070125773,0.02670321,0.05076939,0.040616225
0.0103753125,0.15512909,1.0,0.4353484,0.055806875,0.012361361,0.012714561,0.006974134,0.013212267,0.02458264,0.011737696,0.006734215
0.019482115,0.36153406,1.0,0.25883478,0.049162574,0.053117335,0.072881356,0.016558936,0.022403648,0.023237377,0.0050416263,0.0041890168
0.052067284,0.54630345,1.0,0.38584295,0.14788924,0.18619898,0.397368,0.06953657,0.025502598,0.039494663,0.021322135,0.011204371
0.009365637,0.049973857,0.607622,1.0,0.22303782,0.02729946,0.06827461,0.0354354,0.01046129,0.017923031,0.034095902,0.009957638
0.0033259331,0.013046999,0.3225589,1.0,0.27587578,0.009542054,0.006141018,0.011214792,0.0032348572,0.0035868555,0.013930512,0.0053701727
0.0114566665,0.03314281,0.431535,1.0,0.25918046,0.01715815,0.007447065,0.010389126,0.008009472,0.0064196363,0.008754766,0.007676401
0.07844647,0.4203273,1.0,0.7253724,0.1633979,0.05616767,0.040199276,0.040263474,0.047148313,0.030564643,0.025383253,0.05039574
0.35092697,1.0,0.45487258,0.30589354,0.106061295,0.105142914,0.1059341,0.07463826,0.0831766,0.036880825,0.0713382,0.108212754
0.24286413,1.0,0.60000056,0.23133639,0.07413297,0.07110543,0.07760716,0.061195053,0.056649547,0.025988443,0.030151643,0.07671308
0.27532664,1.0,0.56870586,0.12310382,0.07172519,0.06816653,0.07131231,0.07128937,0.052545786,0.038455416,0.017748278,0.08997465
1.0,0.8409178,0.323601,0.20102982,0.050950337,0.058110863,0.066505775,0.06692416,0.049604874,0.03743336,0.051094256,0.27151293
1.0,0.8884649,0.45294297,0.4690431,0.16916992,0.13992961,0.15879126,0.28058732,0.46799532,0.27810103,0.3863726,0.6248395
0.80441725,0.2602118,0.10146935,0.06106481,0.025390847,0.07500045,0.111204684,0.05926261,0.06297381,0.0966479,0.4021271,1.0
0.7703849,0.41917607,0.41735852,0.1987252,0.035977554,0.21082167,0.3830717,0.1007433,0.079221115,0.1167503,0.37151873,1.0
0.1769923,0.16949612,0.44149798,0.37192813,0.07702481,0.31804383,1.0,0.2642558,0.12090754,0.26094922,0.24861939,0.43097037
0.25330645,0.11144301,0.17512096,0.3999717,0.34784493,0.16742428,1.0,0.64996946,0.13870253,0.49107212,0.44553125,0.2834889
1.0,0.55641496,0.115149036,0.1888636,0.4251064,0.11896225,0.1564212,0.36822003,0.14041072,0.24512444,0.74069095,0.27485198
1.0,0.47292012,0.054142676,0.05837265,0.09086489,0.055503473,0.03109954,0.08316913,0.06986947,0.044538606,0.24592727,0.3365485
1.0,0.4436311,0.07636736,0.09306334,0.052015707,0.03802077,0.023733107,0.058288626,0.1116492,0.11412526,0.19443792,0.51216364
1.0,0.5224466,0.14515328,0.13294004,0.048547644,0.026997987,0.02177591,0.043241274,0.16098924,0.091026165,0.09953721,0.43549168
1.0,0.22918063,0.053654928,0.048396837,0.031270284,0.028031345,0.032804318,0.032941777,0.050793454,0.07846459,0.2634547,0.9412054
1.0,0.5260166,0.07973233,0.09065375,0.09775311,0.08680122,0.15257485,0.24099156,0.41764998,0.94896185,0.73642886,0.60311604
0.19459483,0.11938245,0.04563243,0.21503255,0.15525381,0.051475193,0.17758663,0.24194425,0.3336705,0.938195,1.0,0.40537423
0.09477418,0.03619511,0.050790146,0.34949392,0.19171669,0.05751822,0.23040542,0.25437415,0.19984649,0.5858287,1.0,0.29324445
0.04796348,0.035678737,0.062003475,0.36865163,0.2731271,0.13255395,0.21985726,0.39498237,0.6963755,1.0,0.57967615,0.08645616
0.06508805,0.04622873,0.05103904,0.27382103,0.4455043,0.2623585,0.27963436,0.5267655,1.0,0.6684657,0.25340065,0.0516835
0.15001121,0.10375759,0.10269738,0.3354299,1.0,0.91249424,0.79442227,0.5005729,0.4363082,0.36724037,0.2187268,0.07856647
0.11721337,0.065048374,0.15356922,0.72522426,0.7994875,0.3483833,0.6083315,1.0,0.71830535,0.2746017,0.18675405,0.08643609
0.022210306,0.035341404,0.13520151,0.592246,0.54226315,0.09490796,0.19431973,0.56835115,1.0,0.3674647,0.10708122,0.03523951
0.010075098,0.016435375,0.05922935,0.3183618,0.3392887,0.050024867,0.110660344,0.28297713,1.0,0.57126904,0.06627358,0.012225955
0.006139866,0.006648203,0.026867842,0.29640457,0.25542164,0.044233903,0.07888074,0.21326603,1.0,0.5800326,0.055647362,0.008016458
0.005070084,0.007210516,0.03926878,0.21605515,0.2563735,0.08559259,0.14125177,0.43753198,1.0,0.37646225,0.081130005,0.014277502
0.018080868,0.042333566,0.16467215,0.4810834,0.42184725,0.22781678,0.5666086,1.0,0.9865108,0.27576226,0.14328438,0.03245294
0.015895218,0.043608926,0.20189638,0.46093017,0.47810492,0.56262505,0.95793617,1.0,0.5141468,0.1892436,0.1055325,0.025312392
0.011966286,0.023193298,0.13025598,0.3774214,0.2535866,0.33185354,0.5709599,1.0,0.75919676,0.15578216,0.10291192,0.020316124
0.025237128,0.035628043,0.13755514,0.38252637,0.15838285,0.2534843,0.49828935,1.0,0.9962259,0.20918801,0.0796027,0.024278607
0.08093857,0.08311666,0.15988337,0.37086537,0.1767046,0.30908433,0.5107651,0.74019986,1.0,0.37743923,0.12933403,0.05686491
0.17726517,0.18616074,0.35112184,1.0,0.57611054,0.5692659,0.5660264,0.6166645,0.7878311,0.39803338,0.2305485,0.120743334
0.1368945,0.20115387,0.50409347,1.0,0.502884,0.4889317,0.3515454,0.26918945,0.3225014,0.31437585,0.2209251,0.1340534
0.19540545,0.23761006,0.4057918,0.9522735,1.0,0.59109026,0.47789052,0.34737405,0.3368597,0.17205304,0.1662897,0.14583914
0.12697208,0.1387344,0.20004827,0.71992546,1.0,0.34827,0.33022776,0.2827373,0.47380826,0.5604506,0.50822395,0.2121657
0.32367128,0.0773136,0.12202188,0.29766536,0.2785564,0.13113257,0.12353495,0.10181019,0.31246084,0.71783805,1.0,0.9325557
0.6322812,0.080089755,0.059222266,0.36494493,0.29189157,0.06289916,0.050032914,0.026037807,0.051370043,0.13359044,0.25552425,1.0
1.0,0.17112337,0.049216907,0.484244,0.9663649,0.1292148,0.06617981,0.062261667,0.049395517,0.10756063,0.25017855,0.83049047
0.732967,0.21041688,0.053387985,0.24169123,1.0,0.18871443,0.09668581,0.06368057,0.046272144,0.04020366,0.06326604,0.2658509
0.58072495,0.29966924,0.27074665,0.2953368,1.0,0.37141618,0.24032371,0.07606911,0.076096155,0.054293856,0.058994986,0.31714755
0.15473057,0.30456698,1.0,0.8437206,0.57394624,0.40578178,0.35959944,0.14307748,0.09398662,0.07297712,0.072566696,0.18215957
0.20082785,0.41842905,1.0,0.9313263,0.46905616,0.35802075,0.5863725,0.39599547,0.20446642,0.12016743,0.107863925,0.26964375
1.0,0.52993566,0.07076302,0.03554096,0.088394925,0.46942145,0.45739025,0.13406108,0.054449916,0.03129259,0.030889029,0.27938166
1.0,0.6382772,0.10355292,0.025746133,0.0280798,0.12967138,0.12266076,0.06645788,0.021141427,0.017233487,0.014492338,0.24227339
1.0,0.72705984,0.19356851,0.1417785,0.0804542,0.09361516,0.30715644,0.18486516,0.054930612,0.11755015,0.052819047,0.47923097
0.8002891,0.33839363,0.48376068,0.76739746,0.42580482,0.16802879,1.0,0.7639032,0.16001253,0.59029615,0.30878627,0.97384924
1.0,0.20525244,0.24235901,0.2836571,0.23811781,0.075776935,0.18353716,0.26636967,0.05086143,0.16545798,0.17668319,0.37520775
1.0,0.16327615,0.07481276,0.06271573,0.0849034,0.041666925,0.064784825,0.053204834,0.017225854,0.03058021,0.088474855,0.40613908
1.0,0.18484156,0.039901894,0.055561624,0.066636845,0.043251578,0.07683142,0.035080798,0.021904536,0.033146426,0.12553564,0.48912105
1.0,0.28091154,0.10044011,0.2011119,0.11054619,0.0612823,0.11392905,0.052806854,0.047932174,0.036506336,0.06080922,0.31703433
1.0,0.20101099,0.098359354,0.19238533,0.105979346,0.044469003,0.046231106,0.030077467,0.033790883,0.013804816,0.038205788,0.43447292
1.0,0.13973369,0.06119983,0.18741056,0.11584533,0.05685703,0.060535636,0.039763067,0.04780702,0.038870197,0.12100656,0.7378184
1.0,0.26966488,0.16990483,0.5764053,0.1625823,0.101589695,0.14598897,0.09669508,0.05181059,0.035771806,0.11383024,0.8232883
1.0,0.23702407,0.172992,0.5262352,0.43122867,0.3224263,0.2987407,0.2259038,0.095394604,0.09460246,0.10650014,0.72867686
0.27211028,0.3048399,0.49633166,0.56354034,1.0,0.5583445,0.43401498,0.3188653,0.36319113,0.4377456,0.12255844,0.19145441
0.15986146,0.27462542,0.60859,0.56075066,1.0,0.5824624,0.45205998,0.37379518,0.4764423,0.43215972,0.087246664,0.06845213
0.23248062,0.23834276,0.6746075,0.6010384,0.8074236,0.8290593,0.7651313,0.87404615,1.0,0.5893511,0.14952904,0.07787686
0.17864493,0.1649902,0.4822489,0.45283344,0.22103482,0.46115473,0.47183377,0.60196537,1.0,0.49999905,0.10040225,0.090471715
0.17179795,0.13092364,0.38199085,0.5765825,0.2814519,0.5850512,0.8595623,1.0,0.9606675,0.37544388,0.10688668,0.16799079
0.32400686,0.14329717,0.35089478,0.42136103,0.4046654,0.61848426,0.9178582,1.0,0.76541984,0.3395056,0.11236719,0.2849541
0.6117444,0.27426758,0.39908835,0.32787228,0.34876502,0.61963755,1.0,0.31330618,0.30990696,0.12623416,0.05440816,0.2559012
0.7777064,0.5971895,0.4492789,0.35368252,0.28525203,0.42737788,1.0,0.18887325,0.10557829,0.040272098,0.029267494,0.12746498
1.0,0.61184186,0.32220146,0.31442237,0.59411573,0.9938185,0.68684065,0.21557249,0.14427051,0.19827496,0.37704292,0.44943246
0.09673,0.059265,0.08276274,0.122939534,0.24518305,0.36024606,0.2728666,0.1435572,0.22154798,1.0,0.7993444,0.17018203
0.049194176,0.13400598,0.15592514,0.20033467,0.3529884,0.20884362,0.2639594,0.15819079,0.27196568,1.0,0.3841491,0.044121504
0.26171547,0.5231587,1.0,0.9944638,0.86673737,0.7199312,0.49836916,0.1638231,0.20776406,0.4487105,0.4374581,0.50696236
1.0,0.21778838,0.42773795,0.825154,0.623621,0.29144362,0.2553027,0.11220818,0.039557196,0.0388102,0.14290942,0.8790366
1.0,0.15952201,0.04558086,0.11089667,0.20773849,0.08565039,0.039205387,0.031122914,0.009524664,0.009018828,0.016941683,0.33195192
1.0,0.15043797,0.009230882,0.023614408,0.085121505,0.07209269,0.039575662,0.043779973,0.011429529,0.00589997,0.009839844,0.27906907
1.0,0.11888958,0.007680038,0.026310854,0.06653367,0.03653237,0.041802157,0.16846162,0.04272746,0.008020067,0.022011738,0.38184106
1.0,0.15619908,0.027823104,0.030686395,0.0662856,0.016127272,0.028652454,0.17896332,0.05037391,0.029600902,0.08025395,0.31235313
1.0,0.17330846,0.053623553,0.04204246,0.03975865,0.016619133,0.027057752,0.058006246,0.013629497,0.04238137,0.10009661,0.37204567
1.0,0.19490117,0.08012758,0.14604878,0.1290304,0.029241463,0.05950589,0.084056914,0.023380293,0.02064747,0.054619297,0.60428506
1.0,0.2109827,0.16898409,0.13863938,0.14409333,0.053065076,0.07588313,0.1316191,0.05225301,0.018245986,0.05428972,0.6482068
1.0,0.33317927,0.28938568,0.09743541,0.103088915,0.05628865,0.08036182,0.16499174,0.055376336,0.013341178,0.020395854,0.33751273
1.0,0.4766086,0.33480054,0.13650073,0.12067227,0.06497192,0.11688004,0.1778503,0.07241607,0.016813656,0.0121138785,0.19555716
1.0,0.44737265,0.37184104,0.15433577,0.1933458,0.072575994,0.094695084,0.15619154,0.11600243,0.050413188,0.021715887,0.2644752
1.0,0.30232844,0.33809376,0.21834826,0.22615954,0.10972864,0.13753867,0.18194641,0.27333903,0.08466745,0.06844378,0.6501229
0.7610658,0.17689998,0.14198366,0.25763318,0.14060183,0.1469161,0.27177978,0.26995558,0.3068372,0.081732646,0.14885902,1.0
1.0,0.25046486,0.24131788,0.277609,0.313387,0.2101713,0.25134623,0.2763008,0.26729304,0.09658831,0.12533669,0.95895666
1.0,0.4424881,0.2446552,0.11906042,0.1863672,0.12284998,0.18469772,0.15633571,0.08179996,0.034905277,0.034943335,0.37566087
1.0,0.9225048,0.5408054,0.37601066,0.5220411,0.52598584,0.5125836,0.38443962,0.30951393,0.3171552,0.117275976,0.17248222
0.54163784,0.45233434,0.5792555,0.69630164,1.0,0.69454306,0.46538422,0.46854445,0.76338106,0.66562194,0.1422483,0.12868664
1.0,0.3209823,0.50898993,0.8326068,0.8718478,0.53768677,0.4119295,0.6794546,0.8129356,0.40245354,0.107268624,0.5790377
0.6516143,0.06581021,0.19302337,0.47357988,0.3558902,0.22354624,0.17775643,0.41980243,0.46445477,0.14883357,0.12757327,1.0
0.543871,0.039223783,0.07447381,0.16717869,0.105630934,0.088345006,0.09456722,0.18528791,0.2217199,0.085900694,0.10914213,1.0
1.0,0.19712742,0.059241753,0.07558785,0.06545431,0.069156684,0.066192284,0.17229398,0.15642843,0.0709082,0.053587217,0.6733396
1.0,0.78041834,0.14737824,0.07468518,0.06285876,0.06262324,0.032565784,0.116327964,0.17792657,0.072909266,0.027638255,0.23217063
0.2964042,1.0,0.30419937,0.12946483,0.049267408,0.061139178,0.057069913,0.06482933,0.12172094,0.057316683,0.018265715,0.06464081
0.77310395,1.0,0.4014738,0.1808869,0.058338,0.073870994,0.07747009,0.11484013,0.08578386,0.03481019,0.031588443,0.2505958
1.0,0.3822335,0.1117468,0.10301532,0.07913472,0.081903815,0.086347625,0.1437704,0.069120355,0.030018436,0.13712189,0.78447074
0.42342755,0.08221889,0.03700791,0.049218044,0.050949216,0.075907394,0.12023257,0.08723118,0.034613613,0.013702157,0.23623575,1.0
1.0,0.2509693,0.0613025,0.057503868,0.06905109,0.06585029,0.14647336,0.17600772,0.056946408,0.02125941,0.12874886,0.8893111
1.0,0.39035252,0.054919478,0.038961798,0.061798096,0.026018294,0.034840938,0.1922231,0.11547561,0.027048513,0.030416206,0.30457103
1.0,0.4278686,0.060795903,0.0425816,0.04257225,0.028930863,0.05249062,0.20169964,0.1554148,0.07486342,0.02412461,0.2044846
1.0,0.39160317,0.05330123,0.04117711,0.03985292,0.03954556,0.07143533,0.09347825,0.066237286,0.042407118,0.026742663,0.34001768
1.0,0.35789856,0.13094723,0.120611265,0.13265833,0.13550921,0.21159875,0.14375333,0.09603635,0.05066152,0.055898257,0.48917747
1.0,0.6363501,0.85926235,0.6032322,0.8656711,0.8268411,0.9275293,0.5275527,0.4953119,0.26515773,0.24831434,0.8083331
0.5844406,0.3450841,0.7865217,0.60296947,0.7495865,1.0,0.9545122,0.6739603,0.8008022,0.32612842,0.30736575,0.7578008
0.091763094,0.0397559,0.080036454,0.1048582,0.11642295,0.22104138,0.16125475,0.22951336,0.3578827,0.64864486,1.0,0.57384175
0.04316387,0.03943911,0.05657018,0.08399887,0.30499184,0.51876825,0.21422254,0.11900758,0.14276691,0.360791,1.0,0.38854986
0.04452068,0.114234194,0.15603845,0.2249306,0.7408384,0.7522661,0.44827724,0.20696135,0.29730704,0.5974243,1.0,0.21677926
0.043104574,0.1029947,0.23049721,0.28777537,0.48854485,0.49522805,0.41543746,0.3168664,0.40379176,0.5475309,1.0,0.3279185
0.117146455,0.10762916,0.34461942,0.42123413,0.33141366,0.48175675,0.5528801,0.8249631,0.90723026,0.47474912,1.0,0.984109
0.097991,0.058770664,0.17097174,0.23526552,0.13420022,0.2105181,0.24848238,0.39695013,0.60455716,0.27784732,0.59368324,1.0
0.10840169,0.079407975,0.16497654,0.21748254,0.16061331,0.2844613,0.3307884,0.62533903,0.6524455,0.35239896,0.8426048,1.0
0.06321492,0.08698225,0.20791876,0.14977019,0.13873181,0.27278185,0.22902113,0.47131443,0.76591575,1.0,0.7760382,0.3185487
0.018931007,0.02675968,0.08697783,0.10938933,0.044733845,0.057810448,0.06322463,0.20593579,0.8742731,1.0,0.35087582,0.0348484
0.045168817,0.052821085,0.14981297,0.21190628,0.06018935,0.068099745,0.08906275,0.23923792,1.0,0.6112059,0.171996,0.0666996
0.09153734,0.08070335,0.25468194,0.4612685,0.2316602,0.20094575,0.30939057,0.6472177,1.0,0.51319623,0.5012766,0.5209137
0.07242704,0.06393349,0.14031778,0.14598218,0.21321127,0.28512084,0.41371933,0.49654198,0.55200046,0.30736315,1.0,0.867475
0.11526889,0.15736541,0.30509874,0.3455234,0.47943452,0.59620833,1.0,0.81675935,0.79612416,0.5218361,0.8595308,0.86055094
0.051841594,0.11444977,0.20373407,0.2860853,0.4457531,0.50156516,1.0,0.5817807,0.51005006,0.23888238,0.26865587,0.18919176
0.07610729,0.10266295,0.12870449,0.207379,0.3744121,0.56711036,1.0,0.53270006,0.57123214,0.15275833,0.10447302,0.11045784
0.098376505,0.10847745,0.14930367,0.18664142,0.35961238,0.5720379,1.0,0.7786283,0.8707637,0.30557296,0.14511928,0.104170136
0.059348512,0.09054525,0.1551221,0.15864922,0.24320354,0.35803652,0.5473564,0.6576197,1.0,0.3639727,0.09102079,0.059701603
0.031250235,0.060365707,0.1330731,0.18641935,0.17269066,0.2085651,0.40321636,0.62872,1.0,0.2899982,0.08033971,0.03775572
0.05741259,0.08338554,0.1553761,0.30988535,0.2748204,0.2626195,0.4777889,0.76238686,1.0,0.5089668,0.18890662,0.072703294
0.17225146,0.1868104,0.2456172,0.3967392,0.4014727,0.33713323,0.44507614,0.72778267,1.0,0.60343707,0.26432264,0.11305936
0.22163679,0.19604173,0.19380544,0.31371903,0.4747002,0.52102596,0.86535,0.7909215,1.0,0.43280947,0.28404477,0.13805534
0.26187328,0.11675622,0.15225296,0.21678966,0.44123682,0.65906376,1.0,0.72244275,0.64817643,0.24564755,0.24843408,0.35448644
0.5431419,0.13183744,0.13786627,0.30092782,0.45920888,0.7771219,1.0,0.60149777,0.4164,0.24626306,0.26993605,0.4635467
0.66507125,0.15895867,0.23306324,0.5146214,0.42092758,0.6435096,1.0,0.44648236,0.35917106,0.2717554,0.38796088,0.84777534
0.60051394,0.17060556,0.29757234,0.6449063,0.46274567,0.48017752,0.800873,0.5669497,0.41268402,0.25832435,0.2555664,1.0
0.59763706,0.48319507,0.7715198,0.6593817,0.5763421,0.6280891,0.868937,1.0,0.6875103,0.45279285,0.42969754,0.8093521
0.48510724,0.29659045,0.7102411,1.0,0.4365746,0.70113415,0.9568686,0.88348657,0.44070685,0.34597966,0.3427747,0.388486
0.31901738,0.3405201,0.49724722,1.0,0.6466609,0.47079724,0.8081138,0.9345185,0.35628358,0.2340895,0.20021127,0.24882528
0.32745618,0.8264251,0.94280845,0.82270783,0.9007793,0.4771006,0.91619825,1.0,0.752578,0.44209343,0.11514575,0.10091929
0.050235033,0.11427155,0.3208385,0.723844,1.0,0.45269737,0.1238583,0.106043704,0.11298874,0.056230415,0.030811962,0.05425901
0.059322886,0.1442531,0.15846552,0.26625103,0.84419054,1.0,0.61943233,0.12784673,0.021346502,0.019446576,0.016300278,0.0352752
0.045757074,0.35932246,1.0,0.4432573,0.2449312,0.4341106,0.83945477,0.44579557,0.08833083,0.02892171,0.02724389,0.020297984
0.035764743,0.14337265,0.813244,1.0,0.24458958,0.10069615,0.17467797,0.22004129,0.15537995,0.039771084,0.02317978,0.014684196
0.05377404,0.04987836,0.22144654,1.0,0.4172232,0.048759848,0.07128229,0.11510167,0.23304163,0.073344715,0.014160985,0.0143959485
0.06310541,0.053757813,0.18347871,0.8133446,0.40410233,0.065470666,0.06443001,0.34665054,1.0,0.26128072,0.021453654,0.022130268
0.017701773,0.044256076,0.15460606,0.21812508,0.12823409,0.0672133,0.03862116,0.21563016,1.0,0.39161193,0.015638575,0.012306192
0.06311402,0.11006151,0.39216515,0.32202822,0.23026659,0.12197077,0.14814064,0.29905725,1.0,0.46272966,0.030799782,0.032736793
0.3399429,0.5728841,0.89717984,0.660241,0.5201435,0.70966184,0.8206997,0.60151184,1.0,0.38763803,0.13435985,0.17502804
0.051857807,0.129732,0.56263894,1.0,0.48253623,0.16515943,0.23028103,0.22685044,0.09817795,0.18758807,0.21126987,0.08089084
0.01012513,0.023357635,0.33634603,1.0,0.390481,0.088259205,0.22248244,0.18522364,0.027352214,0.047373477,0.07189499,0.029060733
0.020598728,0.01898496,0.28888026,0.9983779,0.9464769,1.0,0.5147872,0.28249913,0.028983532,0.024001237,0.061574977,0.06579364
0.0074222656,0.012948229,0.034116328,0.081730716,0.35478538,1.0,0.42067543,0.09061869,0.011039049,0.0035746372,0.009657197,0.015852055
0.0064243395,0.04448861,0.12902774,0.1153415,0.2609287,1.0,0.62696296,0.24830091,0.02749201,0.004232031,0.008580903,0.009161979
0.010205088,0.0749076,0.3393134,0.27611706,0.35247096,1.0,0.28470045,0.30534735,0.15875512,0.016959434,0.00915575,0.014191684
0.013360183,0.038900442,0.23780084,0.43543535,0.35371882,1.0,0.5123086,0.47286013,0.51555884,0.16002712,0.027434155,0.012953456
0.034319364,0.071761474,0.11716893,0.40136367,0.44606334,1.0,0.88833374,0.22938024,0.28874958,0.19839437,0.03457893,0.017236445
0.5971745,0.46636817,0.4278264,0.7299703,0.7058955,0.956377,1.0,0.58102584,0.88967335,0.46842185,0.211831,0.27024025
0.27322626,0.40390822,0.37270176,0.4361838,0.35271692,0.29807308,0.29371613,0.8733497,1.0,0.3200379,0.15867291,0.09836066
0.16433302,0.36121464,1.0,0.52461606,0.48888257,0.43091375,0.370246,0.6453073,0.5417179,0.57117426,0.38519374,0.22231661
0.13490288,0.14849998,0.67237884,0.42799866,0.56517625,1.0,0.45065275,0.14842272,0.14000481,0.32897493,0.3890553,0.39292234
0.056460787,0.084763594,0.09311959,0.09730659,0.2295874,0.8009658,1.0,0.12517972,0.06993145,0.080281764,0.08687389,0.09506946
0.013802974,0.05068297,0.019371664,0.01392116,0.053402368,0.4389287,1.0,0.1399028,0.036018178,0.024498237,0.016511524,0.012300845
0.022813985,0.05893135,0.07887002,0.033469565,0.07627906,0.39596555,1.0,0.41721457,0.07558351,0.023546454,0.01967061,0.034171194
0.022732394,0.062011085,0.2967762,0.16934112,0.16612871,0.8507333,0.40856123,1.0,0.5079457,0.07128652,0.036601923,0.027766814
0.009133208,0.014561634,0.12662444,0.1119234,0.16291484,0.86282825,0.22971447,1.0,0.7040126,0.05335628,0.017010681,0.010078823
0.0054392917,0.007525562,0.052427225,0.057914898,0.03702465,0.18287234,0.19718732,1.0,0.5952931,0.031798426,0.0062659658,0.005025274
0.0076585915,0.014248987,0.0392159,0.04235963,0.027552715,0.09488093,0.291718,1.0,0.40717027,0.028937794,0.0095362915,0.006515708
0.009590083,0.059588276,0.11148107,0.030053124,0.017911661,0.042677034,0.26774955,0.9088855,1.0,0.33493915,0.07747513,0.02033401
0.006629446,0.014671701,0.046454597,0.018493095,0.008557339,0.007825621,0.058634263,0.48426577,1.0,0.6413113,0.15407966,0.037689045
0.012218784,0.01958509,0.039563116,0.020644631,0.04237653,0.021587444,0.1845758,0.5181017,1.0,0.78183,0.20822346,0.0770209
0.015448177,0.057209656,0.09157616,0.02426295,0.1418343,0.097508386,0.6387763,1.0,0.58024395,0.25775266,0.21091034,0.15003681
0.025210436,0.035747547,0.14172262,0.035234317,0.10704151,0.15428698,0.25770202,1.0,0.4854808,0.04881356,0.08938389,0.18749014
0.031534478,0.008633954,0.055381503,0.029392,0.023197545,0.079421036,0.09296956,1.0,0.8781346,0.04982266,0.019714877,0.09342123
0.043620873,0.0068849693,0.025672982,0.025438597,0.012215273,0.05248919,0.065783724,0.7822463,1.0,0.075775675,0.010513433,0.05063042
0.033121414,0.014820974,0.043688584,0.02591075,0.042090885,0.07588238,0.2818454,1.0,0.620259,0.09196225,0.015897121,0.048596263
0.012879265,0.02269525,0.029679662,0.016722739,0.06884036,0.061345655,0.63032144,1.0,0.38895422,0.048892435,0.021081276,0.022335613
0.016002046,0.009082774,0.019129278,0.014749361,0.014740139,0.02452927,0.214731,0.7119409,1.0,0.16623124,0.019574422,0.019823862
0.004505454,0.0016533072,0.0026427386,0.003485869,0.0010610204,0.0017035919,0.010585969,0.2801384,1.0,0.33764943,0.01100738,0.003369414
0.0016836373,0.0008078144,0.0006243129,0.0028984277,0.0017393656,0.000825256,0.0041342108,0.123317756,1.0,0.49052548,0.012857785,0.0007791484
0.001712367,0.0008959246,0.00094221684,0.0035345666,0.0028045645,0.0021892474,0.0064334963,0.13169135,1.0,0.5043824,0.016812323,0.0007931535
0.0047628237,0.002714657,0.0033887767,0.0067794565,0.007355009,0.010632362,0.024052026,0.27857956,1.0,0.300271,0.015340685,0.0027866089
0.011949836,0.013022143,0.026552634,0.043457482,0.08655824,0.064431824,0.11096537,0.27254522,1.0,0.311411,0.031209454,0.015218932
0.012539815,0.017033223,0.033394814,0.044466887,0.12765108,0.150939,0.22492653,0.36003584,1.0,0.37171566,0.04668895,0.0272448
0.050715465,0.11678491,0.18563998,0.11831229,0.37824732,0.6060313,0.8447223,0.62110806,1.0,0.4599291,0.19339004,0.06939687
0.15011318,0.4431123,0.46524855,0.38007438,0.48338473,0.6218724,1.0,0.6440312,0.85454315,0.8718925,0.7943888,0.16519292
0.15629463,1.0,0.764259,0.71487194,0.7145064,0.35811275,0.49258727,0.7558714,0.76874053,0.305888,0.6012701,0.46864793
0.11376163,0.87856185,0.63581574,0.63186127,0.7038182,0.22037126,0.24252802,0.5468324,0.5745472,0.099478684,0.7592715,1.0
0.115842864,0.6152587,0.9196262,0.5772238,0.5622564,0.13187703,0.12417777,0.30685228,0.5306687,0.21154085,0.64150643,1.0
0.102795325,0.2871878,0.9782153,1.0,0.3206155,0.07987348,0.049910948,0.08628031,0.35371107,0.5585771,0.41344693,0.2064378
0.06951535,0.15560248,0.567427,1.0,0.30251715,0.069766775,0.0582928,0.043021746,0.23986076,0.4252235,0.34518236,0.10595401
0.06350957,0.097168185,0.39018843,1.0,0.49825513,0.22179565,0.11904357,0.08598733,0.3817932,0.42989013,0.18227984,0.15719888
0.06995686,0.058940593,0.19825134,0.95935833,1.0,0.41240057,0.14759429,0.14539696,0.41785273,0.3262662,0.09944426,0.13735715
0.0361828,0.08166056,0.34077984,1.0,0.88548374,0.34101054,0.17288336,0.21183492,0.40675825,0.20079665,0.054417916,0.04847446
0.057710893,0.19236223,0.6352552,1.0,0.7089252,0.5011687,0.621932,0.49781317,0.8402135,0.346909,0.095280774,0.10313305
0.031944048,0.067438364,0.35795692,0.7033263,0.3171501,0.30482495,0.67160755,0.5593002,1.0,0.41810605,0.077418566,0.038909286
0.031606574,0.0769268,0.38516143,0.7600004,0.2405998,0.21487531,0.38426256,0.6190295,1.0,0.49986607,0.08049241,0.017512323
0.31089187,0.29186767,1.0,0.9835689,0.185519,0.1297018,0.19849312,0.32469547,0.373625,0.3705904,0.56684625,0.5814501
0.21493524,0.14833345,0.94377905,1.0,0.15435804,0.31655192,0.88324434,0.17221001,0.030028505,0.050804626,0.31207493,0.50774276
0.03049026,0.022855077,0.19696327,0.22538327,0.033564754,0.19774485,1.0,0.2691261,0.025056217,0.043437626,0.07142926,0.13728577
0.031002963,0.0110677285,0.08436753,0.21196407,0.035098303,0.19184223,1.0,0.25078148,0.078968674,0.19748837,0.09094223,0.20367447
0.10821649,0.06281187,0.2374861,0.51115197,0.24028036,0.348288,1.0,0.13602965,0.15727845,0.33526653,0.3044284,0.7109982
0.20985886,0.22330339,0.43305472,0.5582562,1.0,0.54865307,0.62089556,0.08482732,0.068572514,0.06113283,0.34782356,0.6529015
0.10426957,0.13776475,0.2783126,0.43724048,1.0,0.27100214,0.11584746,0.028732471,0.035121426,0.019795764,0.10665348,0.09207871
0.056002434,0.15203404,0.46335158,0.7164007,1.0,0.25339118,0.101132795,0.059704073,0.07174355,0.07111883,0.21549644,0.076447845
0.12791121,0.25622407,0.81075877,0.9590007,0.9082307,0.42598748,0.3110956,0.18958166,0.25007766,0.293888,1.0,0.6056101
0.29879233,0.082661875,0.16143571,0.21700622,0.22149812,0.17373157,0.19442223,0.081893325,0.102510355,0.09951211,0.5275897,1.0
0.6149336,0.063900046,0.051002353,0.27344963,0.18647599,0.07434096,0.07997294,0.03118348,0.024020549,0.022035694,0.22088072,1.0
0.5382229,0.049213897,0.06442843,0.26701492,0.15401559,0.035825044,0.033583697,0.01854903,0.011523038,0.018812167,0.24930358,1.0
0.28306562,0.036253035,0.101989865,0.23147868,0.09104793,0.025258487,0.024594953,0.011522798,0.011641308,0.05486351,0.53696185,1.0
0.13917755,0.06398559,0.19298047,0.4224828,0.13526873,0.07679331,0.045657255,0.021499073,0.028008891,0.19932833,1.0,0.6813725
0.05413721,0.05259865,0.2000352,0.42989078,0.1369458,0.107695825,0.062800266,0.03801275,0.045615017,0.30725637,1.0,0.37692818
0.23529117,0.039291054,0.08583945,0.14710927,0.05986521,0.04854391,0.045200292,0.03632423,0.043177724,0.09760728,0.6320028,1.0
0.27289137,0.038600374,0.07304803,0.10046529,0.11359343,0.06529264,0.081369236,0.090172894,0.05219411,0.1663324,0.7266845,1.0
0.038438242,0.016917037,0.11230867,0.27248707,0.12328433,0.05419201,0.15155043,0.14509045,0.5366476,1.0,0.36101377,0.07670686
0.03931214,0.027295051,0.10507322,0.23900396,0.110466376,0.023827704,0.031400096,0.07327003,0.7500085,1.0,0.11722287,0.02385199
0.040937237,0.047738522,0.031710643,0.06988954,0.13050197,0.08443808,0.019538315,0.03159221,0.4071203,1.0,0.3484308,0.06245781
0.12293445,0.052949402,0.024430443,0.01967548,0.09774307,0.24325313,0.1497517,0.09568653,0.18619569,0.969018,1.0,0.5846354
0.61110145,0.25955543,0.048726212,0.013744482,0.028613823,0.10443196,0.20262544,0.38146627,0.19155206,0.1510394,0.43420377,1.0
0.6066702,1.0,0.16967876,0.010475135,0.014805879,0.023548473,0.049064033,0.38080823,0.39472908,0.05270837,0.07422542,0.17179103
0.81007314,1.0,0.14489646,0.021871312,0.014235802,0.022608174,0.14721109,0.46744117,0.26934093,0.03664305,0.03302546,0.17259414
1.0,0.467188,0.07781821,0.036842987,0.031056162,0.17773487,0.72443676,0.9851225,0.29310566,0.0935145,0.2603449,0.7921871
0.3675075,0.23803458,0.059329387,0.020582296,0.06260954,0.6372047,0.6844559,0.24981795,0.08129395,0.23484907,1.0,0.6673476
0.49532738,0.20117567,0.049854696,0.021666186,0.044689525,0.46091273,1.0,0.40231994,0.075727224,0.17018408,0.8844783,0.9588084
1.0,0.82897466,0.5206431,0.23953524,0.086401865,0.08006808,0.35193938,0.44095966,0.22569196,0.08149772,0.17270915,0.5967454
0.13272637,0.21821178,0.42702323,1.0,0.53836596,0.062422317,0.012514545,0.03767589,0.043398228,0.023079759,0.02413865,0.053014208
0.005587437,0.033400126,0.25326824,1.0,0.45826164,0.039693486,0.0039508627,0.0025758534,0.0028012854,0.002574295,0.0039864606,0.0043668435
0.09869446,0.28155518,0.780395,1.0,0.23549572,0.019693749,0.008589042,0.0042915926,0.0035662295,0.004631152,0.0112222,0.03520954
0.7975325,0.85499144,1.0,0.7439998,0.2385453,0.05823889,0.05403499,0.029056646,0.04573976,0.10403774,0.1943629,0.40752798
0.5470016,0.3008117,0.28408358,0.6215265,0.3633104,0.14539972,0.1241568,0.1395291,0.464879,1.0,0.57029396,0.42361975
0.14716002,0.112288825,0.23583722,1.0,0.4609377,0.12749049,0.17596895,0.24281125,0.5602434,0.6452984,0.30202785,0.10278429
0.19086018,0.2011663,0.48766625,1.0,0.35324398,0.19830321,0.344492,0.2841798,0.23117404,0.15929303,0.0986186,0.1418709
0.6161106,0.9873962,1.0,0.83031094,0.4056453,0.34892204,0.41468054,0.3264876,0.4241965,0.32322377,0.20374116,0.3004941
0.085110396,0.41705495,1.0,0.4986062,0.20857008,0.103992485,0.03487958,0.01768478,0.022036698,0.022579096,0.015184414,0.02584391
0.013068253,0.14088328,1.0,0.8350143,0.30687732,0.26349995,0.03248632,0.012906279,0.009781692,0.011824534,0.008417561,0.005821015
0.0025907329,0.023637202,0.46293914,1.0,0.269388,0.20644443,0.037933383,0.010795396,0.005430396,0.004200641,0.0050979364,0.0026812307
0.0016715111,0.0085936515,0.20086367,1.0,0.49506646,0.14862698,0.07543977,0.0097972,0.0036045334,0.0013947855,0.0024322292,0.0017024995
0.0013959162,0.0065927994,0.07278068,0.9467581,1.0,0.23192635,0.15324874,0.012648335,0.0064364863,0.0031086758,0.0033235517,0.002844618
0.0024619927,0.009294955,0.18548828,1.0,0.5967112,0.27406964,0.108410195,0.015165631,0.010263689,0.006218049,0.0068323156,0.003827777
0.0030461678,0.02099851,0.5155642,1.0,0.31236103,0.18029574,0.04453514,0.015564,0.01229416,0.00757971,0.006591436,0.0023109738
0.004669419,0.039664682,0.80900913,1.0,0.36426055,0.43341413,0.053825967,0.02075149,0.015074408,0.009044253,0.0082368925,0.0031668283
0.013999154,0.037396003,0.7154097,1.0,0.36205554,0.86449146,0.08781272,0.03276329,0.020629045,0.012767441,0.013643154,0.013448125
0.06376035,0.21706511,0.8755715,1.0,0.29363304,0.7075091,0.14306419,0.0896241,0.051642068,0.01864382,0.014024181,0.034650974
0.29860002,1.0,0.88547075,0.7343106,0.23853128,0.39808533,0.23844966,0.14970087,0.09051556,0.02277389,0.0134143885,0.07841996
0.2795192,1.0,0.56445557,0.20551515,0.14012602,0.17725496,0.0588879,0.023454992,0.015127744,0.011748531,0.020094234,0.11298555
1.0,0.97745895,0.27158028,0.25806177,0.12520705,0.077304,0.053691886,0.027398584,0.038165167,0.040626355,0.13289556,0.49635518
1.0,0.86758506,0.3125114,0.48681277,0.23846836,0.17072079,0.10260966,0.12789682,0.30331156,0.3505823,0.38695678,0.9861335
0.452554,0.5584272,0.55515987,0.6296393,0.5019834,0.65958375,0.4181606,0.55943406,1.0,0.5531501,0.19451007,0.36180896
0.29425687,0.35305828,0.67481303,0.8839205,0.8308029,1.0,0.71507156,0.75571257,0.79394543,0.30583453,0.21977799,0.16431396
0.123574674,0.18860431,0.442845,0.59698045,0.37751415,0.5460914,0.8739448,1.0,0.51940596,0.23222809,0.15467218,0.13883397
0.24739833,0.45849594,0.38772237,0.3174192,0.31180355,1.0,0.9196838,0.45112282,0.19181155,0.22322573,0.13549487,0.068483986
0.1120425,0.08261719,0.12076815,0.20554562,0.16272469,1.0,0.5479107,0.12207458,0.092255495,0.29354402,0.085010365,0.031953532
0.1376896,0.052556045,0.29998362,0.29844612,0.272751,1.0,0.35463908,0.16892616,0.39444438,0.63202477,0.12968718,0.11075355
0.15248287,0.083408706,0.40869915,0.42173126,0.32797977,1.0,0.39834517,0.42369172,0.60849255,0.95300543,0.3005314,0.12099922
0.09298135,0.19216706,0.24647225,0.25502473,0.2650336,0.8985187,1.0,0.8155471,0.51362544,0.8719253,0.7149369,0.12002358
0.03041204,0.14602186,0.17699362,0.087600976,0.16473792,0.66933554,1.0,0.45592636,0.24154004,0.2160249,0.26975706,0.07387619
0.04097764,0.16938604,0.3062595,0.16568893,0.28289452,0.6190647,1.0,0.45839688,0.2672563,0.087365106,0.09443303,0.06578938
0.13263123,0.51492137,0.7856148,0.26763508,0.5089444,0.7899648,0.910352,1.0,0.6242099,0.40666854,0.24402145,0.17702205
0.07891204,0.20223509,0.37295038,0.18792026,0.23828934,0.42138177,0.87832165,1.0,0.4330383,0.51748484,0.19617827,0.0971512
0.059535988,0.13653721,0.23209237,0.18299162,0.23908521,0.67887473,1.0,0.63593024,0.32998058,0.4442142,0.17817605,0.06657199
0.13460326,0.13765687,0.13608642,0.15268415,0.4362668,1.0,0.99386144,0.4536008,0.48020715,0.4055695,0.16721666,0.090107694
0.055729732,0.09704644,0.17200637,0.07145197,0.06398257,0.13020876,0.24681638,0.55943435,1.0,0.5103768,0.3788663,0.13606583
0.048568103,0.112667486,0.34218755,0.08109851,0.044412587,0.095128156,0.1735892,0.6053478,1.0,0.33949047,0.5467752,0.18483958
0.10527489,0.1287261,0.53021425,0.15701455,0.11281182,0.18292727,0.19866069,0.47573656,1.0,0.20383364,0.5503518,0.32266122
0.37824437,0.30933666,0.6739849,0.33283535,0.34091115,0.340435,0.35957897,0.55782735,1.0,0.28966814,0.8849905,0.8334031
0.33446157,0.25605196,0.96006566,0.6035228,0.6587736,0.31432378,0.26571065,0.33439124,0.57687885,0.23098353,1.0,0.9077421
0.1060504,0.07751897,0.35931998,0.3669874,1.0,0.16757241,0.04918782,0.030729944,0.09632595,0.059561737,0.30945364,0.27216035
0.075279474,0.04491991,0.097548455,0.21192077,1.0,0.1694694,0.028718276,0.011363157,0.020624144,0.023538686,0.1526663,0.14692692
0.23011714,0.09302052,0.102759704,0.3070044,1.0,0.40319863,0.15454262,0.06452542,0.073934205,0.027857888,0.31803897,0.49055502
0.21731941,0.13358954,0.21875717,0.27482796,0.7256182,1.0,0.34074682,0.026428131,0.02957247,0.013704367,0.18773587,0.3681729
0.034395434,0.07986095,0.5009084,0.25960684,0.5016425,1.0,0.40064886,0.015556468,0.009354162,0.011682464,0.10393907,0.081168406
0.006461602,0.18230498,1.0,0.29065913,0.34242555,0.97789294,0.3913133,0.021677647,0.01116137,0.039573215,0.17265369,0.04056501
0.005055233,0.26839584,1.0,0.21322998,0.22598346,0.5963743,0.1212633,0.014221555,0.012997211,0.04431928,0.18134896,0.035874277
0.0042061373,0.16065638,1.0,0.2836294,0.20157288,0.38588786,0.12669282,0.008065577,0.010009816,0.021941427,0.12613219,0.049230322
0.0050523,0.20351838,1.0,0.21190917,0.2014796,0.38365212,0.09163879,0.0056145405,0.0070531415,0.018284585,0.13604116,0.05337824
0.008029478,0.24565887,1.0,0.18608224,0.18752106,0.25597763,0.058773447,0.004407363,0.009194197,0.09668603,0.44130385,0.13869107
0.0101541085,0.03638149,0.15643436,0.0569854,0.08486029,0.06724765,0.02608989,0.006967744,0.061959628,0.49634063,1.0,0.20670071
0.020118022,0.038362727,0.10220441,0.038807448,0.12468803,0.40330166,0.1605184,0.02214543,0.15328892,0.64302844,1.0,0.259116
0.022162693,0.03967046,0.1298464,0.16453232,0.42340434,1.0,0.23107703,0.06334821,0.24493818,0.3634891,0.22399212,0.08207357
0.043546386,0.15302745,1.0,0.7269484,0.32451892,0.44248122,0.1524415,0.41240713,0.9143804,0.7715466,0.1134853,0.03869355
0.029382378,0.085565306,1.0,0.78310215,0.14831132,0.060086735,0.07363601,0.23127887,0.31611055,0.2810731,0.112541325,0.0454437
0.053575993,0.0910847,0.62852526,0.6850222,0.5105979,0.49112272,0.16728409,0.16744077,0.29028854,1.0,0.97307444,0.1402657
0.019142637,0.026057607,0.04767191,0.046614397,0.15477563,0.45491305,0.10153017,0.0813268,0.086634204,0.4753921,1.0,0.21270473
0.04486365,0.016711568,0.04562083,0.04150679,0.08060835,0.45989126,0.16104065,0.13113046,0.16313617,0.23124138,1.0,0.76331514
0.061149254,0.014343444,0.044956315,0.032792393,0.029674776,0.1068423,0.08961685,0.0640247,0.1457971,0.117677175,0.84912187,1.0
0.048206083,0.013075461,0.042871375,0.03531431,0.01574178,0.05017978,0.05881144,0.06569752,0.16020513,0.14104578,1.0,0.94810647
0.02655292,0.005073921,0.02245758,0.022006685,0.012814061,0.039205305,0.038035728,0.06643301,0.12183649,0.11583346,1.0,0.7586625
0.038729414,0.010438062,0.019334536,0.018741928,0.014245897,0.0439319,0.03785913,0.12581244,0.14943501,0.10906389,1.0,0.73815906
0.19498649,0.069500275,0.10051009,0.053853124,0.03812098,0.101688795,0.083041675,0.20218378,0.18627416,0.2598812,1.0,0.7057468
0.16737707,0.030295422,0.07067528,0.02888334,0.018513998,0.116857514,0.11197712,0.044820115,0.032692544,0.13088632,0.809586,1.0
0.113169864,0.009323496,0.027511785,0.008756977,0.0052443948,0.015990883,0.013415927,0.0041278834,0.004001516,0.04590719,0.7063323,1.0
0.16343632,0.01613623,0.042903293,0.054245654,0.02457924,0.012336242,0.013974503,0.0019439469,0.001435941,0.015477154,0.45680824,1.0
0.1580189,0.034950905,0.32133567,0.58627856,0.27683792,0.15035585,0.18570656,0.020964,0.0044755493,0.028161857,0.58248204,1.0
0.021295035,0.021011557,0.3831004,0.71131563,0.63403916,0.6178649,0.92827994,0.16989225,0.17884666,0.6208977,1.0,0.29489988
0.022090843,0.02178259,0.11045901,0.13240162,0.15651527,0.15753433,0.23604459,0.119556725,0.46667996,1.0,0.66053355,0.10535194
0.0834832,0.075693026,0.3700942,0.23050088,0.09620912,0.082004264,0.09615515,0.16272837,0.94711834,1.0,0.6189423,0.16245794
0.06136477,0.035015304,0.11591503,0.08471363,0.057220668,0.08736416,0.06945109,0.09508378,0.22168116,0.563717,1.0,0.45968574
0.33145815,0.12492267,0.56993115,0.6819937,0.45675188,0.15489848,0.08935963,0.083696425,0.16514191,0.42380482,1.0,0.96073276
0.25012782,0.08689424,0.37059477,0.54260534,1.0,0.30093798,0.0994451,0.023104927,0.04836719,0.09402947,0.2292357,0.39858338
0.15726468,0.14456737,0.1843576,0.29545313,1.0,0.4353664,0.3763189,0.07230741,0.058895722,0.05587899,0.13655685,0.16360322
0.07937456,0.098573536,0.1917086,0.34941316,1.0,0.47866198,0.5034575,0.23147036,0.23480248,0.09805887,0.16433378,0.22493063
0.036810067,0.03371836,0.27461958,0.3427742,0.56338346,1.0,0.9811896,0.52054924,0.97097707,0.44569013,0.45748755,0.48823532
0.02383542,0.058280878,0.24719876,0.15850645,0.31085107,1.0,0.4983495,0.20015343,0.6204028,0.35780448,0.40723842,0.24437642
0.06362449,0.21369477,0.37766322,0.36038414,0.87016016,1.0,0.2619027,0.10306678,0.5102612,0.61516774,0.7072083,0.12696218
0.08005476,0.3066013,0.89828396,0.7979561,1.0,0.2491355,0.09285339,0.05092364,0.11140166,0.38740185,0.31430355,0.0759947
0.04327065,0.29581195,1.0,0.572752,0.3546079,0.061638273,0.046535,0.031205302,0.070919864,0.1661308,0.13658516,0.07997822
0.06885877,0.33990425,1.0,0.92134017,0.5455687,0.15839435,0.120896496,0.1577445,0.35135633,0.68046063,0.45796016,0.19984752
0.07883893,0.25776112,0.61248916,1.0,0.71167946,0.23977737,0.18510652,0.30021307,0.50967497,0.8045401,0.4059401,0.20129435
0.14433599,0.4650699,1.0,0.52759814,0.5598936,0.3373512,0.44096538,0.5396598,0.8517574,0.84813076,0.4358432,0.20887785
0.12264901,0.1517557,0.3831881,0.4501543,0.4136252,0.3736275,0.5952602,0.56713194,1.0,0.55758387,0.21239908,0.1758873
0.12561388,0.16265231,0.41830525,0.579863,0.37636143,0.4168474,0.61478245,0.6317563,1.0,0.47733927,0.2124252,0.18602133
0.14854361,0.17517819,0.40952328,0.48609656,0.44182158,0.5655062,0.7962574,0.9110079,1.0,0.53219694,0.29960033,0.20051463
0.26009867,0.18701504,0.5233169,0.5206783,0.58097255,0.88313115,0.90930307,1.0,0.96966255,0.6098284,0.40398863,0.32733208
0.16434813,0.123449124,0.24464463,0.27494025,0.34667388,0.6443407,0.84353757,0.80661464,1.0,0.53128517,0.40923223,0.22603703
0.108564734,0.1929448,0.37388092,0.4034498,0.42071325,0.6384962,1.0,0.7402842,0.9361265,0.6787472,0.4139412,0.16284712
0.093715556,0.133485,0.23752385,0.3663975,0.2887355,0.5261451,1.0,0.67381495,0.60756195,0.4864025,0.27087992,0.09195047
0.08787071,0.06649126,0.1509022,0.2549413,0.14079148,0.31753802,0.8328828,0.98717386,1.0,0.31244835,0.1734959,0.070291266
0.127572,0.0724879,0.10282665,0.18122055,0.15462007,0.28412324,0.5391309,0.8303798,1.0,0.33507264,0.21475136,0.107673414
0.3440697,0.18633278,0.14419824,0.25525308,0.24714334,0.41621214,0.6140509,0.67401475,1.0,0.6667347,0.24269788,0.20480879
0.21120232,0.16812117,0.21649948,0.36601195,0.4006981,0.4478148,0.5498285,0.5053329,1.0,0.7152869,0.49442792,0.17781304
0.25642872,0.1688805,0.26885095,0.46632344,0.58883744,0.6896317,0.7966658,0.65222865,0.80246186,0.6763301,1.0,0.40374997
0.31839794,0.31905174,0.7759505,0.6670421,0.40525353,0.5830475,1.0,0.8381206,0.8868694,0.96100223,0.57304996,0.42419055
0.22349674,0.2550118,1.0,0.76072955,0.3285881,0.42342645,0.564948,0.61203015,0.79320097,0.76671463,0.2928315,0.37225428
0.15813613,0.18114358,1.0,0.91510296,0.39009055,0.5101815,0.55987567,0.49315044,0.41572517,0.35896453,0.26209992,0.1916089
0.14037825,0.12274548,0.42897284,0.49718252,0.63530535,0.6699355,1.0,0.7252879,0.63136035,0.25466308,0.2129329,0.11215854
0.032261964,0.044159207,0.11805761,0.43614048,1.0,0.807202,0.9838069,0.48828226,0.24156418,0.10838407,0.0673357,0.03422957
0.027700758,0.045266755,0.12215673,0.34043452,0.73828185,0.89408046,1.0,0.3943558,0.16417417,0.07816817,0.06339131,0.027245509
0.18013407,0.38647607,0.72424084,0.96371824,1.0,0.82298565,0.64526546,0.32274276,0.17304657,0.099826686,0.12239653,0.09576043
0.3187161,0.25011665,0.26013154,0.57359743,1.0,0.9718419,0.2945449,0.037730504,0.015931938,0.016334342,0.016380474,0.051734623
0.5429108,1.0,0.2467483,0.13216802,0.35072297,0.60803056,0.2667717,0.06698845,0.056182772,0.027249184,0.008176031,0.032947343
0.28136292,1.0,0.31670013,0.09829457,0.082133695,0.14676422,0.120882176,0.12813058,0.2667464,0.097610235,0.010823643,0.012663028
0.0674489,0.3052823,0.16286646,0.1316986,0.05810026,0.041148204,0.05268056,0.1072931,1.0,0.89460653,0.06735676,0.0069608036
0.0071405857,0.013548435,0.017033964,0.01956687,0.013556791,0.005318931,0.01184534,0.091407515,1.0,0.9381971,0.056624774,0.002314343
0.004373124,0.010456392,0.0072740205,0.008787335,0.0052931937,0.0025725826,0.018794388,0.21074358,1.0,0.58135736,0.024854159,0.001422363
0.0072249277,0.021150125,0.018422678,0.0149350995,0.0079647275,0.014566469,0.07875767,0.34095585,1.0,0.5113067,0.022180693,0.0021946447
0.021705335,0.033053257,0.07012132,0.055476442,0.032937266,0.13036315,0.41989264,0.45379847,1.0,0.3711182,0.021990146,0.007990639
0.0067997435,0.013080196,0.0132595105,0.016758507,0.016476726,0.16118182,1.0,0.4299555,0.15851632,0.06209722,0.007930657,0.0017639011
0.0035790035,0.006209969,0.0032297228,0.0055915886,0.009817617,0.30193457,1.0,0.16651471,0.020897413,0.009669774,0.0037188819,0.0010510881
0.011348234,0.014361442,0.0029551582,0.0026992115,0.018505564,0.67619115,1.0,0.059009932,0.0091841435,0.0039845235,0.0028648174,0.001426631
0.0138533935,0.017684508,0.0035545044,0.0030379754,0.041611824,1.0,0.7841443,0.025945725,0.0044268905,0.0040633734,0.0020208713,0.0018077657
0.019505773,0.01669575,0.006675271,0.007498972,0.059097525,1.0,0.51065594,0.013360956,0.005171175,0.0071456083,0.0016512291,0.0040111607
0.026998682,0.016676031,0.019456282,0.016266597,0.09578177,1.0,0.35985476,0.0160293,0.014654993,0.029431032,0.0050977673,0.005499726
0.008525784,0.0059909406,0.010629656,0.008326277,0.11772984,1.0,0.28079674,0.011690978,0.013444511,0.02351646,0.0038314047,0.003385708
0.014324493,0.006558225,0.0045015127,0.005263558,0.13424022,1.0,0.31083533,0.017113902,0.0116051035,0.025845332,0.009611188,0.005235201
0.09832509,0.06668264,0.14839771,0.115685575,0.5790382,1.0,0.1654499,0.021024752,0.07315876,0.12209413,0.057909034,0.039595615
0.03255831,0.090955295,0.51278776,1.0,0.82077974,0.20152652,0.0525407,0.04329791,0.045535076,0.031872183,0.023361342,0.020761289
0.011694754,0.098677196,0.62586707,1.0,0.27319798,0.053600606,0.0940302,0.086201,0.020532,0.0085772555,0.0058035916,0.0049104146
0.111359216,0.2864803,0.90755576,1.0,0.14878505,0.100578986,0.1604118,0.18851282,0.076385476,0.030033642,0.017950263,0.040542107
0.9129616,0.846058,0.90984243,1.0,0.6414092,0.67311716,0.52004004,0.5049732,0.38020077,0.46290836,0.74202055,0.99993294
0.11912113,0.19214115,0.5207702,0.6844436,0.3819085,0.4711239,0.56924284,0.3707011,0.26930395,0.5355406,1.0,0.38433397
0.07066608,0.10006936,0.26494473,0.50064033,0.4056395,0.6329899,1.0,0.63553655,0.32060024,0.47632626,0.89529103,0.25316373
0.062101975,0.090124264,0.18213852,0.42967886,0.48319328,0.63677555,1.0,0.46399358,0.16369092,0.17094214,0.5227787,0.2524954
0.10955,0.12985252,0.30534774,0.4335737,0.36800012,0.3211746,0.6100776,0.22034533,0.14270061,0.33470303,1.0,0.5345029
0.13917118,0.09553528,0.3885904,0.29832068,0.1640203,0.16929083,0.24348453,0.20784996,0.18693665,0.4389024,1.0,0.6127861
0.25077406,0.07949106,0.12788776,0.12102258,0.12871787,0.20412853,0.26775306,0.22225046,0.35097277,0.76841545,1.0,0.7532541
0.2545709,0.05789224,0.049665704,0.039084736,0.082484126,0.1823076,0.14919585,0.33068037,0.2370217,0.38775602,1.0,0.6959726
0.23073426,0.18545406,0.113853894,0.12034398,0.14553787,0.49744588,0.3177378,0.70345545,0.32740968,0.36544922,1.0,0.350481
0.120272726,0.26570618,0.168982,0.19582118,0.17612399,1.0,0.65038353,0.6585896,0.2575512,0.21163835,0.58100986,0.13127
0.15568946,0.2366875,0.21022753,0.19072872,0.14300367,1.0,0.86129403,0.67257893,0.3536673,0.3171312,0.47879925,0.14727588
0.2618116,0.089411765,0.16548736,0.13236615,0.061427552,0.5291165,1.0,0.86973625,0.56873417,0.39195573,0.31627694,0.453474
0.27905527,0.0419669,0.11590085,0.10512492,0.03179729,0.47002783,1.0,0.5764711,0.24448131,0.14973043,0.35449246,0.8943914
0.04904751,0.04403862,0.15058959,0.08375133,0.10943785,1.0,0.7919688,0.24924347,0.09902906,0.054095726,0.29224458,0.3520854
0.01024898,0.06557001,0.10572441,0.05201905,0.4786884,1.0,0.28220966,0.20046556,0.07745468,0.10653319,0.15297247,0.04595125
0.0088943355,0.08680637,0.06553956,0.08397421,1.0,0.8263711,0.10491281,0.18134613,0.057887066,0.27418497,0.19428232,0.012546909
0.004372523,0.071915336,0.080483824,0.11288305,0.9343601,1.0,0.08114848,0.10476402,0.044842184,0.23914473,0.23779768,0.011933056
0.0055573485,0.070512876,0.13005489,0.11973927,0.5106168,1.0,0.15888055,0.049331356,0.03600819,0.12618417,0.1865575,0.034297276
0.030193843,0.04937163,0.12826513,0.10570083,0.24834695,1.0,0.48977563,0.04029932,0.0318405,0.069489256,0.21454637,0.26190707
0.08670039,0.02121088,0.08624514,0.10681784,0.11261698,0.38044935,0.4207796,0.06926627,0.09609312,0.29347524,1.0,0.98723423
0.06912942,0.029442763,0.10564573,0.12552392,0.18835616,0.24584891,0.18706048,0.084931456,0.3020701,0.64061886,1.0,0.6343789
0.10938158,0.12087823,0.15767956,0.22339678,0.36997554,0.41219085,0.29436383,0.22538075,0.6080086,1.0,0.31577265,0.11737566
0.06645776,0.07775593,0.21094134,0.7342952,1.0,0.6933715,0.45241162,0.19659473,0.40490204,0.30583844,0.09217915,0.048917208
0.042352,0.08071963,0.1736195,0.4485515,1.0,0.30941546,0.17435232,0.07983896,0.18624514,0.44072083,0.08945199,0.019015813
0.024612349,0.12391778,0.46702296,0.5292852,1.0,0.27629328,0.109752,0.06773869,0.22332808,0.9726988,0.3281279,0.050379615
0.015898779,0.093251474,0.9288606,1.0,0.28518665,0.16326837,0.10773193,0.03434069,0.05608561,0.3672192,0.2995238,0.12578046
0.037603162,0.023112321,0.4272234,1.0,0.25771627,0.030952081,0.093895696,0.13749997,0.026777577,0.024246216,0.04556348,0.06939632
0.1811649,0.040536035,0.10825218,0.7643664,0.7353149,0.059987094,0.16893514,1.0,0.2395523,0.027496947,0.016610593,0.047187135
0.16899185,0.03078774,0.06619556,0.7209883,0.843552,0.062363096,0.23167908,1.0,0.23422876,0.04576278,0.016737109,0.06700274
0.03469859,0.0066696033,0.17397279,1.0,0.39064687,0.048665266,0.2127233,0.1383001,0.046480015,0.021228392,0.01652697,0.0650384
0.023164792,0.008567166,0.37343693,1.0,0.16658607,0.29636726,0.89385134,0.09701001,0.03251901,0.025892511,0.052754775,0.12254238
0.060778946,0.012378545,0.13818508,0.17693955,0.067045,0.41804075,1.0,0.17268822,0.040723547,0.036100417,0.061533146,0.11410064
1.0,0.3962185,0.089680456,0.12890053,0.2749192,0.3591968,0.7067826,0.7152397,0.14108963,0.07647874,0.18218845,0.34533724
1.0,0.7830168,0.084128596,0.049530596,0.10053206,0.06391032,0.09122104,0.18290871,0.07236862,0.019506263,0.071208484,0.15754569
1.0,0.9483415,0.15490659,0.06647723,0.041253272,0.03818822,0.06600037,0.09211532,0.037184034,0.022055972,0.0920102,0.34741655
0.6670044,0.3441457,0.088785075,0.033972193,0.029986372,0.097681105,0.32757184,0.27871248,0.108619735,0.21016864,0.9324731,1.0
0.060348365,0.040868916,0.043014042,0.020402055,0.022139482,0.07708258,0.41899994,0.2831626,0.11234887,0.43790567,1.0,0.22594061
0.14385514,0.075781256,0.050876897,0.033450633,0.039680947,0.1355879,0.51683176,0.5308396,0.20929973,0.51081854,1.0,0.3652408
0.22818694,0.09745513,0.07296041,0.045125257,0.05599098,0.1943072,0.5725485,1.0,0.34959844,0.2132428,0.3635573,0.21949752
0.17741357,0.16037326,0.18516855,0.23627786,0.16943572,0.38506943,0.8293077,1.0,0.7740523,0.9417384,0.51883847,0.13996622
0.11845188,0.16111654,0.13298196,0.31392902,0.7987108,1.0,0.9860863,0.67982167,0.5471825,0.51053214,0.3540457,0.13358395
0.075471126,0.07584471,0.09322006,0.26343462,0.7156658,0.69592726,1.0,0.7015067,0.64099187,0.4454532,0.27236426,0.13079475
0.015663449,0.05180925,0.04371213,0.037888985,0.20458905,0.23511952,0.4018624,0.41457862,0.39910176,1.0,0.8577422,0.17037249
0.015386917,0.09655055,0.28343663,0.06893462,0.379788,0.63579124,0.3752243,0.32560024,0.26286715,0.7136641,1.0,0.2623548
0.05245431,0.2577152,1.0,0.31452224,0.5309237,0.6370443,0.5446904,0.27196553,0.40847322,0.51415133,0.59597504,0.40596294
0.115800336,0.36491716,0.9547832,0.53481776,0.80358875,0.5994083,0.6515014,0.47638547,1.0,0.8396937,0.779013,0.7895282
0.14604916,0.18533485,0.46016285,0.35009897,0.39300695,0.3535254,0.3662443,0.41308978,0.6231418,0.34350905,0.83775324,1.0
0.08572658,0.09754042,0.21394563,0.19970775,0.1522173,0.22016184,0.24273169,0.2423909,0.5347992,0.3232609,1.0,0.7739205
0.051960118,0.1113102,0.22383578,0.27818748,0.1693429,0.24237628,0.25377083,0.41163382,0.92918164,1.0,0.844058,0.23336454
0.034011588,0.07556914,0.198338,0.16616298,0.09128924,0.101140894,0.19527517,0.33869442,0.9132399,1.0,0.26674116,0.024310073
0.038747862,0.07661469,0.2566947,0.26876014,0.10159867,0.1320493,0.16686468,0.22666672,1.0,0.53412265,0.1696221,0.05313218
0.1384913,0.24865827,0.871339,0.8360675,0.15269975,0.22228897,0.34572244,0.32171962,1.0,0.61134475,0.535997,0.4001889
0.17166768,0.16595833,1.0,0.93710446,0.15580356,0.19644086,0.34762534,0.46902123,0.407029,0.34211457,0.63300365,0.520028
0.32425925,0.3216201,0.80939865,0.9454584,0.5398567,0.6579946,0.95336396,1.0,0.426317,0.43162927,0.79077244,0.56889737
0.102230996,0.2710444,1.0,0.84688735,0.44501683,0.57516676,0.6824052,0.5913593,0.42408168,0.3670729,0.6141851,0.33561796
0.13277875,0.24143258,0.90517956,1.0,0.61530745,0.5479556,0.74981606,0.68903685,0.5495149,0.49589723,0.7227205,0.42629778
0.2104223,0.40730563,0.4957409,0.92754334,0.6650457,0.5750698,1.0,0.64057827,0.88687706,0.7405241,0.626655,0.3986203
0.07663898,0.24997593,0.5260997,0.5882991,0.5174949,0.65506524,1.0,0.43742937,0.58986735,0.49535367,0.23974532,0.17272975
0.0702142,0.1729936,0.5308161,0.56378233,0.6283663,0.98750895,1.0,0.6224791,0.540098,0.3251867,0.19431186,0.13335666
0.11947395,0.13672781,0.37895486,0.42089,0.44645008,0.7653628,0.8776311,0.7502617,1.0,0.60424423,0.19030234,0.11542467
0.082303785,0.124124974,0.28210944,0.27249527,0.30966154,0.36420786,0.64604515,0.6172443,1.0,0.55692405,0.12200396,0.060050495
0.24450916,0.3615724,0.2908735,0.385694,0.4031596,0.47527838,0.8428149,0.6622368,1.0,0.48347875,0.17365736,0.123561054
0.38065535,0.5341172,0.37194112,0.5246022,0.50253814,0.72149247,1.0,0.7920895,0.604591,0.39052144,0.39904281,0.29144263
0.20989792,0.17031345,0.3391438,0.65896094,1.0,0.7633358,0.7593966,0.5555406,0.3741856,0.26395753,0.2701483,0.17791995
0.18725541,0.48443985,0.7180316,0.80598235,1.0,0.95608115,0.86324567,0.71277624,0.66034365,0.44402453,0.33472905,0.16409026
0.17283331,0.57283735,1.0,0.68441087,0.57198805,0.790258,0.6673523,0.46016893,0.48866054,0.32096916,0.37027544,0.21959768
0.22638346,0.34810418,0.74162644,0.75257117,0.6137979,0.8886938,1.0,0.66374606,0.5917748,0.507486,0.38390625,0.26928952
0.16841196,0.24165493,0.38203147,0.40444747,0.437506,0.67943406,1.0,0.7094138,0.58917207,0.5292616,0.29187906,0.21086235
0.11235356,0.13152538,0.2865627,0.23200421,0.1714909,0.43508393,1.0,0.39894295,0.22658129,0.2053689,0.1422803,0.1058825
0.14041905,0.14399248,0.29005206,0.28473225,0.16243105,0.41183972,1.0,0.5293898,0.33711517,0.18807316,0.12608355,0.09655106
0.2660485,0.403869,0.49628013,0.6627477,0.43225476,0.59669733,1.0,0.7313152,0.6183055,0.6177243,0.29192472,0.18325086
0.1774023,0.26826417,0.7333844,1.0,0.43852627,0.8015757,0.6742342,0.50710887,0.45132947,0.23993704,0.17827982,0.1574259
0.17096865,0.47628137,0.40853566,0.33103707,0.14538726,0.109032124,0.14504653,0.9915925,1.0,0.16256791,0.25348264,0.17302954
0.2909418,0.5937352,0.66470796,1.0,0.14838216,0.060366694,0.18084805,0.9934232,0.75237346,0.44120273,0.6894632,0.11924344
0.1300506,0.24906577,0.5114229,1.0,0.22522962,0.042075314,0.081134796,0.24537942,0.20068432,0.4423963,0.55585474,0.12137993
0.081247404,0.17992033,0.4137385,1.0,0.34949282,0.10289485,0.085836,0.08460684,0.23405993,0.5513289,0.45123848,0.20090689
0.10790736,0.23762286,0.6481673,1.0,0.34388766,0.24604702,0.18701613,0.118011706,0.259906,0.48717457,0.3725404,0.26890144
0.20189922,0.35753465,1.0,0.98642904,0.65596205,0.5622703,0.32926685,0.30383563,0.3710735,0.3542825,0.3181975,0.24613826
0.18865786,0.17657097,0.47199064,1.0,0.9113261,0.58516145,0.20965573,0.4185791,0.3942978,0.70691186,0.45840824,0.13184546
0.094806,0.14318477,0.33225152,0.8495221,0.88024503,0.40614763,0.2199195,0.24694355,0.4425717,1.0,0.33450937,0.1222097
0.13899754,0.27212635,0.5261737,0.77196985,1.0,0.6127545,0.38229427,0.42037356,0.71645135,0.7071916,0.1826837,0.2461004
0.1036482,0.5887446,0.9412732,0.95257616,1.0,0.90445864,0.3909308,0.4272696,0.5764843,0.2550477,0.2632311,0.27151698
0.16942433,0.30371794,0.82604885,1.0,0.3615931,0.54069155,0.51763946,0.4360116,0.20932989,0.23792964,0.18502097,0.13760963
0.24592756,0.2872444,0.6267408,1.0,0.27609736,0.4289605,0.5920675,0.51737994,0.31311774,0.64998305,0.28398535,0.095664345
0.1622874,0.19578551,0.2261671,0.31861708,0.16060118,0.29274052,0.6361215,0.5679462,0.44479746,1.0,0.5729221,0.2218123
0.17978731,0.09381882,0.21352533,0.3320707,0.19702695,0.4146315,1.0,0.5604901,0.34920597,0.7697488,0.64838505,0.47406742
0.69560844,0.16214626,0.21093655,0.3606449,0.2833183,0.3105057,1.0,0.6349205,0.19439603,0.18823136,0.30610588,0.87982297
1.0,0.3741828,0.054385796,0.028142912,0.027419353,0.0210355,0.045684647,0.058384597,0.02966634,0.06676729,0.06143405,0.46123394
1.0,0.48290431,0.036715146,0.011043657,0.021867966,0.009582672,0.0074004573,0.014503788,0.016965084,0.034381054,0.015352141,0.229327
1.0,0.46673396,0.05177804,0.018710101,0.03404768,0.012356161,0.010046324,0.011357354,0.016692474,0.020140804,0.028249234,0.37275046
0.79405093,0.17988089,0.05934618,0.031155609,0.05190115,0.038509887,0.040762506,0.022130005,0.019901285,0.03787867,0.18747877,1.0
1.0,0.69249004,0.33302158,0.12938169,0.16625571,0.051234957,0.063325636,0.11588159,0.06491643,0.07876202,0.2068399,0.7349576
0.8548356,1.0,0.33058858,0.1424803,0.16847955,0.016997438,0.075583,0.20707732,0.03933484,0.047983382,0.027699336,0.116803594
0.37820643,0.40916264,0.20970106,0.17047428,0.2122036,0.019815387,0.49180225,1.0,0.059207153,0.02551131,0.015189078,0.05888618
0.062034357,0.023657572,0.02016763,0.057192486,0.0928438,0.013149255,0.50096077,1.0,0.047646903,0.004039188,0.0037975074,0.021240411
0.103128985,0.020080186,0.009561417,0.06315374,0.15610611,0.026765391,0.38255817,1.0,0.07705723,0.0076979157,0.0084902365,0.03055819
0.16067791,0.028455652,0.010904832,0.089838855,0.3287115,0.056924608,0.17442752,1.0,0.18294041,0.016255988,0.0231368,0.042466633
0.0968685,0.027460314,0.0043480406,0.030246144,0.15689276,0.03493614,0.11290608,1.0,0.2745572,0.011669169,0.021735374,0.01897639
0.10785397,0.040438145,0.0074026315,0.022301815,0.14850706,0.036319103,0.093599014,1.0,0.39848614,0.014997356,0.044643372,0.022644665
0.34834662,0.13144106,0.06316496,0.09043309,0.5201515,0.116359435,0.14666057,1.0,0.47269356,0.08266397,0.41751882,0.17755748
1.0,0.31272388,0.097943336,0.07743529,0.2563431,0.10025023,0.10304106,0.4105898,0.16412932,0.11212658,0.51560974,0.6181989
1.0,0.2853037,0.04609612,0.10141602,0.09053171,0.10162321,0.07509256,0.074608944,0.010484437,0.010139234,0.054542888,0.4780465
1.0,0.18167377,0.071509495,0.2244481,0.2114529,0.20886235,0.15155004,0.14709415,0.009069361,0.0057156426,0.02674177,0.53579557
1.0,0.17063446,0.08729405,0.3482875,0.53874475,0.29174492,0.19988713,0.20253158,0.015121501,0.005728048,0.020307798,0.42397666
1.0,0.26646695,0.053217173,0.18826653,0.6575028,0.22313075,0.18396951,0.14295843,0.031775225,0.006601889,0.022999233,0.20160219
1.0,0.37750772,0.062344454,0.10333953,0.63512844,0.19857275,0.18505372,0.20655634,0.08558337,0.015474142,0.070673995,0.13377672
0.93123263,1.0,0.21708436,0.1684848,0.67025447,0.3227605,0.14009102,0.46359554,0.42479673,0.068430275,0.26608214,0.2250549
0.28470448,1.0,0.851862,0.24799596,0.2653523,0.17501694,0.062410504,0.10547176,0.28800383,0.2287298,0.15850072,0.20070192
0.02905957,0.18132393,1.0,0.5472527,0.14241917,0.057388753,0.040260103,0.017390572,0.04098607,0.17668502,0.10536287,0.027391959
0.0062545245,0.034197032,0.7753919,1.0,0.09157205,0.048359036,0.03722924,0.041604258,0.0066837994,0.105198495,0.17343482,0.009820482
0.0040468858,0.016239746,0.5476663,1.0,0.10038107,0.057559162,0.053629044,0.05672728,0.010710089,0.12445261,0.19440247,0.009585203
0.009684264,0.12788385,1.0,0.8175598,0.113113895,0.10818937,0.1525774,0.05967033,0.2368261,0.5284729,0.1859085,0.010559326
0.015613302,0.198697,0.37772006,0.11555503,0.032744423,0.1379925,0.09559163,0.053944863,1.0,0.8103767,0.04442837,0.009016079
0.010446027,0.12803322,0.16038826,0.07035573,0.047689036,0.155857,0.0931992,0.060158644,1.0,0.664539,0.024621224,0.007227659
0.021043785,0.28063032,1.0,0.2579097,0.1905752,0.16652575,0.20738494,0.067165345,0.6001638,0.60695493,0.06709248,0.006777727
0.08367447,0.5350481,1.0,0.17919298,0.075737365,0.039771315,0.07914352,0.025076829,0.05517195,0.13313846,0.040174,0.008276306
0.24538104,0.9264653,1.0,0.15690722,0.050146062,0.04569306,0.08432489,0.03358031,0.046161763,0.12963036,0.035054196,0.028294316
0.2656516,0.92048675,1.0,0.2444123,0.16130728,0.1392568,0.18353085,0.20727378,0.15278746,0.18841124,0.103121474,0.11883485
0.28934705,0.6067436,0.95123154,0.43602908,0.39553556,0.6596363,1.0,0.6978853,0.48385078,0.5294223,0.33065787,0.25996032
0.2914786,0.37097725,1.0,0.64181197,0.53149545,0.5420753,0.57763124,0.3965874,0.28276083,0.29568124,0.27797657,0.2874012
0.4937423,0.6942353,0.72647876,0.5576235,0.88870513,0.8930685,0.4681304,0.6939915,1.0,0.54039705,0.23905921,0.2202879
0.13870314,0.24854475,0.20992556,0.1225822,0.50543284,0.6449868,0.6273658,1.0,0.5647681,0.48731026,0.16189559,0.05891132
0.0032813628,0.016265027,0.048277427,0.017624483,0.039359212,0.049160674,0.31462988,1.0,0.23829772,0.041069314,0.012710967,0.0032836976
0.0023192212,0.00712532,0.021985969,0.011059394,0.029158875,0.038930878,0.44087872,1.0,0.22667986,0.011729024,0.0059637465,0.0038223898
0.02929099,0.032404408,0.027911749,0.06432622,0.16025169,0.14358734,1.0,0.8892626,0.18640587,0.020675093,0.019575594,0.02172562
0.19589645,0.21276848,0.31128088,0.33580884,0.34893346,0.30569154,0.9573268,1.0,0.23967858,0.11510084,0.059921365,0.091256455
0.23478752,0.17247581,0.1399324,0.11139178,0.11378839,0.15769166,0.8391075,1.0,0.2092527,0.20156807,0.09866285,0.13614169
0.07104617,0.07614417,0.10465453,0.09481858,0.09730816,0.11944467,0.7052382,1.0,0.19371566,0.20726888,0.07399102,0.05175189
0.14070381,0.21261783,0.4491369,0.43489736,0.28022462,0.39924154,0.78287894,1.0,0.47465777,0.4653994,0.2191427,0.12194631
0.0825829,0.15873049,0.33887178,0.30340514,0.24451967,0.37283564,0.5635126,0.99146676,1.0,0.40253884,0.25120407,0.12178891
0.30248004,0.49896038,0.53493094,0.3462582,0.20705268,0.26963982,0.6650911,1.0,0.73414737,0.33974215,0.24394636,0.2245322
0.11878477,0.32405728,0.50153065,1.0,0.55942756,0.4588183,0.4908476,0.41123894,0.15746266,0.05755654,0.04642825,0.046085805
0.051608227,0.39327347,0.24588378,1.0,0.7097515,0.49554652,0.42951617,0.2420209,0.088337876,0.009671895,0.022541933,0.021199757
0.07569055,0.31918418,0.30318874,1.0,0.45355582,0.3221238,0.23396622,0.15012069,0.042072862,0.010913903,0.028502924,0.026854154
0.10172766,0.17720363,0.93984586,1.0,0.41663352,0.2135475,0.40137845,0.16755095,0.049133137,0.034514476,0.041350104,0.050479036
0.07254998,0.31418386,1.0,0.42150375,0.5574734,0.23143205,0.3988808,0.118181154,0.05805469,0.045499038,0.061597034,0.07666353
0.10610071,0.7359626,1.0,0.42250854,0.5883222,0.3677603,0.36202818,0.18129952,0.086896375,0.07050503,0.07337295,0.15414196
0.13028884,0.86538875,1.0,0.42889258,0.46424502,0.4974342,0.37407488,0.22914018,0.12132269,0.09606356,0.07495513,0.2549675
0.14102402,1.0,0.96634465,0.28825253,0.2860058,0.39520904,0.24379407,0.10835092,0.08795669,0.07111268,0.08526133,0.44379368
0.052677486,0.81993705,1.0,0.1642279,0.042781174,0.058418564,0.02211612,0.00918441,0.027000913,0.0142194405,0.021623122,0.107868314
0.024181623,0.46529436,1.0,0.31658494,0.075909115,0.03595346,0.011944941,0.0072437967,0.051471293,0.027709056,0.0062635806,0.020381624
0.02712414,0.46037474,1.0,0.5035472,0.23765649,0.44870445,0.12864776,0.034511466,0.31992266,0.21636209,0.05048992,0.019237168
0.017405841,0.22382179,0.13274843,0.052347958,0.15400855,1.0,0.1979867,0.026734328,0.4505036,0.30224398,0.09675879,0.01425555
0.043713838,0.53135353,0.2537994,0.022659438,0.14036196,1.0,0.1738909,0.037957463,0.67068815,0.3717471,0.11135736,0.01705
0.21297467,1.0,0.3035476,0.02630873,0.03872427,0.26659882,0.057245832,0.02963295,0.50271875,0.25228515,0.054031495,0.026438996
0.43308306,1.0,0.19503014,0.03675227,0.009192079,0.0220369,0.0075266156,0.016852764,0.22280598,0.100760564,0.01265109,0.042743713
0.6682281,1.0,0.25183454,0.08423592,0.02698372,0.03954846,0.020762634,0.03135384,0.18767141,0.10241718,0.038229518,0.15382452
1.0,0.93799603,0.26595974,0.109603226,0.15199858,0.25890604,0.17136486,0.16969053,0.16337615,0.17123896,0.32078522,0.8241472
0.67341405,1.0,0.41151848,0.25199267,0.24973252,0.31291452,0.3469468,0.37716347,0.5018397,0.3917247,0.2737483,0.34544465
0.56729966,0.22152744,0.13706109,0.12254439,0.0983721,0.12891378,0.29265115,0.16740096,0.25142053,0.22536097,0.31343657,1.0
0.63699454,0.053038176,0.029385403,0.03295993,0.023019066,0.050922103,0.24482715,0.09995881,0.030955378,0.020945938,0.11556884,1.0
1.0,0.1006523,0.013270189,0.018849306,0.013471279,0.026400665,0.2937314,0.2619944,0.021971062,0.011660178,0.061265126,0.8697323
1.0,0.3255003,0.014445371,0.0074667307,0.0052405293,0.008148919,0.0955762,0.2549331,0.075970694,0.0076634907,0.019050848,0.28198877
1.0,0.77241415,0.03201122,0.003430445,0.0032503782,0.004209738,0.019130008,0.2796754,0.20681891,0.007509897,0.007559401,0.078277245
1.0,0.7938646,0.035157442,0.0034207285,0.004411174,0.0037480795,0.019403888,0.31862938,0.229803,0.0064321705,0.0040299697,0.0913155
1.0,0.4248185,0.021284632,0.0039322856,0.004816207,0.0041922824,0.071525164,0.60049605,0.21583952,0.0061776843,0.0065815845,0.19462827
1.0,0.13853393,0.011720336,0.010058413,0.0082372725,0.009542687,0.25388184,0.7436663,0.115413606,0.008090107,0.030111529,0.5970792
1.0,0.15367396,0.011323159,0.013864834,0.010875636,0.013472253,0.3295794,0.58798206,0.045792922,0.007033079,0.047279064,0.72908014
1.0,0.6394179,0.13487986,0.021317797,0.01049558,0.01001594,0.061724268,0.20649493,0.0704351,0.005110245,0.014061613,0.2033169
0.49680883,1.0,0.43496704,0.09702984,0.028112944,0.08879746,0.03004269,0.04613482,0.058364306,0.0063774483,0.003622506,0.03193812
0.532938,1.0,0.34787008,0.09278522,0.07060592,0.30106968,0.14691268,0.04234972,0.031166036,0.0073417784,0.010543453,0.070508756
1.0,0.80077386,0.17646088,0.049651194,0.098824754,0.3685602,0.38117838,0.22495477,0.08449561,0.08790976,0.1661983,0.497886
1.0,0.64243513,0.16185127,0.08841603,0.15645342,0.42618978,0.77940595,0.48258597,0.44988364,0.5085516,0.32664397,0.5610509
0.2647573,0.27146333,0.092451744,0.07548213,0.18471321,0.4380456,1.0,0.419794,0.28685516,0.16614725,0.09404852,0.094540805
0.062459257,0.06862476,0.05661885,0.06703025,0.13189813,0.47048715,1.0,0.2928483,0.16036025,0.04742507,0.024794493,0.014969925
0.035821024,0.049763653,0.11926601,0.1272998,0.15413865,0.5915389,1.0,0.2783651,0.14211276,0.03574821,0.017410753,0.0120925745
0.023932654,0.028914036,0.07541043,0.15562779,0.17720965,0.5171886,1.0,0.2943758,0.12221684,0.03773651,0.02386571,0.022023749
0.024596108,0.023401765,0.051235396,0.11713985,0.3558678,0.84835213,1.0,0.42640778,0.15447621,0.05054442,0.02388617,0.015695523
0.40168196,0.13439466,0.17710781,0.3398763,0.47251147,1.0,0.98625934,0.57541907,0.20425841,0.12386367,0.1824792,0.3992942
1.0,0.8835862,0.5486815,0.40359762,0.11827097,0.1350449,0.14329474,0.22511485,0.18244205,0.15153675,0.19263543,0.6291961
0.47943884,0.96176785,1.0,0.5781995,0.11731286,0.051123984,0.043669116,0.11936699,0.19769078,0.2341392,0.22528583,0.18030766
0.049941603,0.12551965,0.36870652,1.0,0.44674242,0.06304868,0.029532308,0.10103831,0.31130433,0.35609257,0.3514125,0.08979248
0.023473255,0.10059912,0.42353994,1.0,0.3892533,0.07972302,0.034054037,0.086638816,0.17276712,0.1456125,0.08783198,0.037973344
0.05986417,0.38864094,1.0,0.7676299,0.17985103,0.09551587,0.056919333,0.07633877,0.07957822,0.06834081,0.04462459,0.026373012
0.52192885,1.0,0.38589016,0.1387791,0.07239196,0.111396156,0.049534548,0.050167464,0.052242428,0.04679702,0.028077476,0.05886786
0.91699266,1.0,0.15114339,0.05673332,0.032287147,0.05250999,0.03388014,0.04270764,0.04462414,0.022190025,0.010129334,0.092238136
1.0,0.6339256,0.07351849,0.030504784,0.030668316,0.032076266,0.026036456,0.04990106,0.033273388,0.020178556,0.015313912,0.2248367
1.0,0.25265634,0.07727136,0.063253984,0.044673584,0.043634325,0.0520958,0.05985843,0.043882247,0.040584534,0.083559036,0.7525132
0.5620507,0.044389468,0.0491639,0.04248091,0.03729483,0.054702308,0.073150374,0.040743906,0.044715095,0.04544993,0.24040914,1.0
0.44314525,0.05284355,0.038670145,0.03509467,0.0388732,0.072908826,0.068123646,0.049895395,0.074856974,0.18728597,0.5479494,1.0
0.25112614,0.18413086,0.2010242,0.21786569,0.23803638,0.33355543,0.26838142,0.39082682,0.74638903,1.0,0.46243826,0.42242587
0.11772031,0.22337463,0.3645677,0.5206199,0.57560647,0.4859885,0.5109853,1.0,0.90459585,0.5528318,0.12495693,0.12168893
0.05124885,0.09346658,0.25371253,0.29997772,0.35003856,0.39386648,0.9335924,1.0,0.24567741,0.08126554,0.041611027,0.050272055
0.03470825,0.07848535,0.18525586,0.12988843,0.112582326,0.13497049,0.5480332,1.0,0.5101355,0.07622319,0.02684116,0.027768767
0.015492094,0.021153206,0.049169727,0.05311807,0.04163164,0.032552715,0.07705945,0.5631647,1.0,0.29653567,0.031462904,0.018315017
0.006968608,0.006321133,0.009967764,0.038321912,0.021746244,0.012732004,0.020842457,0.1517724,1.0,0.64414895,0.04478578,0.0071035433
0.0044685053,0.0041117645,0.0060096188,0.030599605,0.017813027,0.007687106,0.011297266,0.12617466,1.0,0.68156993,0.046494853,0.002706398
0.004994527,0.006031552,0.005135706,0.015064006,0.012604905,0.009965546,0.023143442,0.28712082,1.0,0.41770577,0.030506674,0.0034427359
0.0065177465,0.0083902,0.0137789,0.016994316,0.014196007,0.019607995,0.18176639,1.0,0.73858446,0.13498259,0.022865223,0.024369657
0.0074865883,0.018144906,0.03799044,0.031419795,0.036048755,0.09987872,0.44295,1.0,0.3179014,0.082345545,0.03931484,0.025670312
0.036117837,0.08908903,0.2718178,0.28198904,0.21312222,0.56360114,0.787937,1.0,0.8237123,0.9183384,0.25298175,0.06013341
0.042871777,0.08302369,0.1942537,0.16814582,0.12347603,0.254317,0.28324154,0.40900695,1.0,0.9598575,0.16719992,0.030773804
0.02031846,0.046768174,0.05655074,0.040608767,0.043240953,0.062301405,0.07224219,0.11552938,0.65293163,1.0,0.24179953,0.021595094
0.011488325,0.023519518,0.030825509,0.047009315,0.01950226,0.027410468,0.04825902,0.10735563,0.5581839,1.0,0.27409893,0.021367239
0.020124123,0.023525648,0.060195506,0.15160868,0.08240719,0.08041529,0.11944365,0.29528365,0.8327388,1.0,0.25161898,0.022981802
0.08521157,0.094761446,0.21184905,0.52029556,0.47755393,0.53005785,0.44426382,0.648149,0.96267915,1.0,0.3309013,0.0955819
0.12003388,0.13450104,0.34719524,0.6028976,0.33076772,0.33462974,0.66638964,0.9226052,1.0,0.85409766,0.608863,0.14932835
0.14545909,0.15307964,0.62256724,1.0,0.6677476,0.6200033,0.590595,0.3542162,0.26268232,0.1847949,0.18813884,0.0804429
0.06896103,0.09673048,0.52035296,0.70643103,0.48093444,1.0,0.8748396,0.23900792,0.06965591,0.030918773,0.038331192,0.042761233
0.026720705,0.069109544,0.29567078,0.339851,0.55857235,0.8000356,1.0,0.86220455,0.1878797,0.025846964,0.025208883,0.027417192
0.017297491,0.022645932,0.08981612,0.1838862,0.38173586,0.2674992,0.3921411,1.0,0.562186,0.07870475,0.03267321,0.023104899
0.012666238,0.009517372,0.034558382,0.110647574,0.14147857,0.05765661,0.07348892,0.39268747,1.0,0.46651697,0.06482974,0.0146423485
0.010044631,0.014797257,0.02724895,0.08592456,0.06483986,0.019219337,0.029395746,0.12141422,1.0,0.8925265,0.105467886,0.0073293042
0.0032213395,0.007281152,0.017223164,0.023556149,0.015677134,0.01651521,0.040644392,0.4135152,1.0,0.34504485,0.03784328,0.0039061313
0.002108381,0.018193627,0.14187887,0.08080286,0.0084912535,0.0096581895,0.08996295,0.8770131,1.0,0.1384421,0.010298965,0.0039678654
0.00356142,0.09490562,1.0,0.42443395,0.014357974,0.009191952,0.11535151,0.9157114,0.77995193,0.19833122,0.014244447,0.0115913935
0.0024978016,0.0978691,1.0,0.39966762,0.011578563,0.0064424174,0.041190226,0.31838927,0.22483024,0.027821098,0.0028748175,0.0061059543
0.0031138724,0.06937411,1.0,0.73303777,0.03451845,0.020288257,0.041140553,0.33963782,0.4279149,0.037638985,0.0023089524,0.003524977
0.0066094585,0.0524619,0.7706166,0.8907303,0.078387424,0.04268814,0.08859348,0.47963873,1.0,0.2839226,0.035659604,0.005634596
0.0029380752,0.01092442,0.054318156,0.060540155,0.017697258,0.026466832,0.036499247,0.19017075,1.0,0.6548707,0.0644968,0.00451755
0.0076402733,0.011991081,0.03772853,0.07861643,0.030599637,0.03244875,0.037634246,0.2289771,1.0,0.4968225,0.047819488,0.008340327
0.04617152,0.043719657,0.12214618,0.24772318,0.13978446,0.12956318,0.23078932,0.44171485,1.0,0.40829262,0.06864301,0.029512329
0.14132434,0.23483948,0.45606866,0.6945424,0.5415059,0.70106083,1.0,0.8115145,0.97399646,0.4304019,0.16527593,0.10020426
0.20427884,0.34037125,0.46751687,0.5955596,0.56365263,0.6737025,1.0,0.81113344,0.563858,0.32699728,0.21656482,0.14117172
0.09435611,0.23887871,0.5352099,0.5492571,0.9150429,0.68316406,0.9633446,1.0,0.7607274,0.9741694,0.2684896,0.05671082
0.05623698,0.2273424,0.56586003,0.52925295,0.62905145,0.44258437,0.6583061,0.51198816,0.7604402,1.0,0.16599748,0.029777179
0.17175315,0.26439232,0.90140057,0.9226525,0.79049647,0.6179434,0.59893334,0.50840116,0.81546223,1.0,0.30543944,0.20780432
0.42155507,0.31378603,0.8222946,0.83652973,0.7719909,0.62460154,0.337492,0.4012462,0.8079258,0.7292507,0.5479667,1.0
0.47028366,0.08983359,0.16941132,0.28971797,0.35359558,0.20707649,0.13428573,0.1475856,0.35318294,0.26057583,0.30952495,1.0
0.7894408,0.08903933,0.07339916,0.15369515,0.2374031,0.17444034,0.12690046,0.1410977,0.2280058,0.19767812,0.19206284,1.0
1.0,0.20809932,0.047898863,0.061877523,0.06409229,0.051752232,0.0427649,0.06375456,0.11025763,0.09980898,0.09326707,0.6723781
1.0,0.292158,0.037030615,0.030204661,0.033995032,0.04140642,0.035579216,0.032354765,0.036521085,0.05336461,0.050764423,0.33861932
1.0,0.281198,0.032584377,0.02737766,0.023611361,0.02551596,0.03145922,0.04357016,0.01648685,0.071274504,0.093354814,0.3253715
1.0,0.233481,0.015961627,0.018244328,0.010670491,0.0075601614,0.05587238,0.046035312,0.007899057,0.02965453,0.027980177,0.3271213
1.0,0.39874932,0.046150833,0.054389715,0.0315484,0.013891071,0.28170082,0.22548169,0.01157071,0.0058350847,0.008579483,0.28930968
1.0,0.4602855,0.11462836,0.39737228,0.26776078,0.042952593,0.93042904,0.883697,0.034360956,0.005663578,0.011501986,0.38703007
0.89949816,0.1402776,0.04593479,0.40026593,0.45451972,0.04561644,0.46061328,1.0,0.1567189,0.0059765694,0.010684007,0.29861766
1.0,0.19133845,0.011810531,0.022036053,0.07969267,0.018956289,0.04182213,0.33488333,0.17420731,0.011044958,0.032491975,0.37451276
1.0,0.19779368,0.010928203,0.007008084,0.024658393,0.009566289,0.019206524,0.18559662,0.15816042,0.056977578,0.10278243,0.4799952
1.0,0.252815,0.02753731,0.01030218,0.020139346,0.013488438,0.031121474,0.1931968,0.20550598,0.16257147,0.20102191,0.49581903
1.0,0.18448776,0.01697842,0.011953046,0.014537897,0.013245043,0.019145029,0.04873913,0.06634172,0.10299459,0.09258279,0.32803154
1.0,0.20222667,0.02473543,0.023080124,0.024713784,0.015072091,0.029372325,0.04374999,0.06047797,0.06820873,0.053662762,0.32002667
1.0,0.45298788,0.3535738,0.4265622,0.7821132,0.76705486,0.77850693,0.63260376,0.48123375,0.5924374,0.38965923,0.50898755
0.1958785,0.3408755,0.473576,0.474992,0.7800192,0.6022318,0.64295286,0.35946658,0.63938874,1.0,0.19499263,0.0755337
0.11971327,0.29392672,0.522972,0.47844374,0.59470105,0.50931346,0.48558012,0.35070807,0.7982015,1.0,0.15027751,0.047775675
0.1710385,0.18232839,0.4296299,0.4557172,0.37988892,0.4633551,0.35118827,0.5737579,1.0,0.7450169,0.17056884,0.17767145
0.22377041,0.13497218,0.27229348,0.3227761,0.22646059,0.25249082,0.20000131,0.4006261,1.0,0.55131066,0.2090068,0.43374085
0.40795985,0.43518978,0.34826106,0.48935434,0.28825164,0.26991984,0.35686073,0.7170067,0.93541825,0.45261917,0.40378612,1.0
0.49757713,0.93557435,0.41167143,0.2325074,0.1381327,0.14583315,0.3229026,0.46349707,0.5921295,0.3309184,0.2519009,1.0
0.5426885,0.69064033,0.27584043,0.1359741,0.07747964,0.09139291,0.347477,0.23148331,0.3037991,0.17275813,0.21171026,1.0
0.62205195,0.31910142,0.16440526,0.15184426,0.10485747,0.28011718,0.38264728,0.1884341,0.121857814,0.08572954,0.19529785,1.0
0.6789963,0.17504656,0.12858023,0.1821396,0.21231319,0.81298715,0.28425726,0.16465293,0.1011291,0.10298262,0.34741706,1.0
0.4715754,0.27495137,0.35102057,0.40390596,0.42778736,1.0,0.5633303,0.33232594,0.13165207,0.25499302,0.8804336,0.5618981
0.29970306,0.2296003,0.39716285,0.90347105,1.0,0.8635264,0.45912692,0.1359141,0.056626663,0.07848507,0.20748612,0.37118688
1.0,0.41600138,0.24123068,0.5538683,0.6329194,0.40427074,0.15721989,0.06386181,0.034664758,0.026302006,0.068145625,0.6095456
1.0,0.28799775,0.108067416,0.27706036,0.22097428,0.12703744,0.10756378,0.06346212,0.031019444,0.028892608,0.09425372,0.8392479
0.7177604,0.095384665,0.08188584,0.18861072,0.12978633,0.09014194,0.14000195,0.0853349,0.044016633,0.052698907,0.15207206,1.0
0.9453066,0.12631986,0.07276628,0.14380446,0.08414845,0.071859755,0.09551503,0.065400064,0.03784494,0.06837447,0.13869028,1.0
1.0,0.10901711,0.038281176,0.11204262,0.07222933,0.032032754,0.085764036,0.083547965,0.027451076,0.039506372,0.099166565,0.97001785
1.0,0.121514484,0.028448004,0.1349627,0.13835008,0.021085408,0.07024301,0.09754913,0.025947332,0.040363662,0.06739708,0.7647906
1.0,0.15868078,0.021201842,0.11604302,0.1931946,0.031245746,0.035456877,0.07156706,0.016975025,0.044633325,0.06710192,0.5528649
1.0,0.2633886,0.03224578,0.07186241,0.25032926,0.058772117,0.04997864,0.08441353,0.028205758,0.034646448,0.06633158,0.35911077
1.0,0.47438338,0.052024215,0.07412717,0.3951904,0.15006469,0.13681805,0.11855893,0.05572504,0.021024179,0.05690161,0.22956657
1.0,0.3211937,0.07862787,0.16430533,0.49487668,0.3256609,0.1895226,0.11664889,0.040229555,0.022261493,0.05313509,0.48333338
1.0,0.15183334,0.09024682,0.19673064,0.3150404,0.66311866,0.25139263,0.11634709,0.02453945,0.019955147,0.063338995,0.8145762
1.0,0.2086276,0.0673189,0.08983572,0.15695411,0.47766268,0.31377962,0.1158632,0.029477578,0.014899462,0.037755392,0.5217347
1.0,0.3378849,0.046377193,0.025863416,0.05402579,0.14687704,0.20174164,0.102173895,0.03291207,0.008092374,0.018554851,0.3122458
1.0,0.42535946,0.070350304,0.028052988,0.029570635,0.038335215,0.08074446,0.067412764,0.05018965,0.048792187,0.12017008,0.5411417
0.8282796,0.36650762,0.15173039,0.09012492,0.0753334,0.09541066,0.14058086,0.14267428,0.3564958,0.48830545,0.48979208,1.0
0.5742403,0.37418243,0.41571575,0.26988855,0.20237257,0.23137537,0.2594326,0.22654605,0.6953631,1.0,0.51003563,0.4259753
0.30341545,0.27700695,0.52226126,0.56104547,0.55053616,0.5169926,0.4932056,0.33234867,0.54852676,1.0,0.57453007,0.21694165
0.14554775,0.11978517,0.44102016,0.8583184,1.0,0.87459165,0.45449403,0.35802582,0.6237665,0.5626903,0.30152544,0.097547345
0.21871848,0.21752128,0.47751307,0.99912024,1.0,0.7996846,0.40672892,0.38855612,0.7816694,0.8882107,0.53663886,0.2619045
0.16070586,0.1837762,0.30415908,0.54574406,0.2850617,0.23889203,0.17528653,0.15386167,0.5344197,1.0,0.5904511,0.15619117
0.08416246,0.099674575,0.21877705,0.4728382,0.2518078,0.27857193,0.14678209,0.25314358,0.79815334,1.0,0.34263134,0.06322802
0.16390751,0.16209787,0.29516447,0.4036359,0.2313435,0.3833876,0.25227836,0.3546719,1.0,0.75785655,0.18373421,0.08896094
0.1878771,0.16970323,0.22198774,0.617539,0.46096778,0.5697664,0.364922,0.60218114,1.0,0.6762318,0.17967209,0.08589184
0.11704695,0.21883002,0.8491337,1.0,0.5389529,0.8783006,0.3373234,0.3163077,0.622512,0.7215409,0.3114863,0.12551907
0.08727247,0.11881268,0.5868496,1.0,0.5889153,0.8212624,0.4921261,0.37761793,0.6678597,0.37890732,0.106375165,0.051641483
0.09534523,0.1681929,0.31425524,1.0,0.5114708,0.76801306,0.86815506,0.9718941,0.9876676,0.48441514,0.15885164,0.07772408
0.077395454,0.20970741,0.38366416,0.7466502,0.35164505,0.3158172,0.4195756,0.9972872,1.0,0.30410743,0.07551972,0.03718795
0.06957204,0.16894205,0.5408148,0.5637049,0.16621554,0.29263994,0.4519278,0.9930649,1.0,0.45657805,0.12443284,0.048685495
0.0716312,0.17666507,0.46396774,0.5179176,0.48304555,0.98938763,0.79077935,1.0,0.9662678,0.41842356,0.16740806,0.08475878
0.072194755,0.18726908,0.23666376,0.30866972,0.57643867,0.39485863,0.442862,0.60743606,1.0,0.85779554,0.20861468,0.07152149
0.014755981,0.030794013,0.09404098,0.12929992,0.21210484,0.083403155,0.14945365,0.15133667,0.4009101,1.0,0.1258137,0.032147422
0.007918546,0.026068889,0.08339188,0.09723395,0.15052739,0.06064298,0.057945296,0.046615407,0.2735915,1.0,0.18760358,0.029263763
0.012717752,0.08019075,0.30651546,0.26589,0.16157,0.113013126,0.09791884,0.0437255,0.2051933,1.0,0.40150312,0.079151526
0.02601537,0.0941475,0.7848519,1.0,0.15874174,0.2766266,0.7253982,0.15236014,0.09896818,0.30112725,0.33957675,0.26295817
0.039297592,0.022036133,0.20870781,0.54087967,0.08940695,0.30119032,1.0,0.15396118,0.03140471,0.07203822,0.06989844,0.14914574
0.30776486,0.06552316,0.1141972,0.41186848,0.1268283,0.2344163,1.0,0.27246374,0.06194096,0.28403035,0.20014378,0.67510176
0.55349666,0.05919084,0.039974406,0.13203208,0.070219815,0.078514755,0.18866365,0.08180123,0.05071302,0.23022543,0.22246958,1.0
0.5528533,0.0460649,0.053750813,0.14809857,0.0631827,0.10455663,0.31311825,0.1010811,0.036679406,0.11510595,0.19665521,1.0
0.6409363,0.04455278,0.034925483,0.12269799,0.050585587,0.07856717,0.32907456,0.13207874,0.009435461,0.019814767,0.1326041,1.0
0.6207598,0.031113056,0.01331175,0.08773796,0.034095068,0.03937598,0.13910751,0.06829125,0.004417651,0.008391325,0.11047953,1.0
0.75605637,0.03929085,0.0075669745,0.057410523,0.026672,0.030048046,0.0520437,0.03614145,0.0029586747,0.0050502815,0.09075484,1.0
0.8798082,0.048303436,0.006564391,0.052095816,0.030076899,0.040332884,0.0667063,0.041136317,0.0025148122,0.004347346,0.07547086,1.0
0.77217644,0.04278218,0.029006708,0.121531196,0.045786977,0.068494685,0.100702964,0.049425732,0.003583326,0.006107589,0.0904203,1.0
0.7178109,0.1171887,0.122163065,0.22426404,0.083665326,0.1303107,0.08365524,0.054927852,0.011388446,0.022021668,0.152573,1.0
1.0,0.25420725,0.049788427,0.06451274,0.061055105,0.0431202,0.023868492,0.038215198,0.009923636,0.01312814,0.06323541,0.6563783
1.0,0.35302478,0.01850844,0.010510694,0.016064452,0.0039971923,0.0072987983,0.016793493,0.0046368283,0.001471413,0.012963582,0.31862327
1.0,0.59419435,0.048508007,0.005231543,0.0057194848,0.003091794,0.0051395483,0.010657673,0.0068068234,0.0017584097,0.0049759825,0.17191531
1.0,0.6384838,0.09704722,0.019398378,0.009959016,0.006161422,0.007723256,0.022131745,0.028119696,0.027783921,0.057279482,0.3397916
1.0,0.5847931,0.19040105,0.14261545,0.056442145,0.071964756,0.1510398,0.268381,0.44704542,0.6121258,0.5155544,0.84219855
0.14985532,0.1517952,0.19736335,0.11276244,0.1380435,0.26651382,0.7371346,0.64275295,0.6026562,1.0,0.5157237,0.18296915
0.24901979,0.06679567,0.065742336,0.0744111,0.12407471,0.24210975,0.5669211,0.22555931,0.282864,0.76487386,1.0,0.8115618
0.28701052,0.07325693,0.057667393,0.0903375,0.04477599,0.10544556,0.3505724,0.120069966,0.10593757,0.18386711,0.39212757,1.0
0.42474642,0.18527187,0.09805249,0.06853204,0.033747334,0.075827196,0.39955723,0.18531093,0.051246695,0.028885607,0.18771446,1.0
0.48758543,0.25058296,0.17794189,0.07143391,0.041540712,0.07560427,0.38607562,0.2671065,0.14293304,0.027164452,0.19530368,1.0
0.3711879,0.15933715,0.18064524,0.16073258,0.043890443,0.04234408,0.14233407,0.12130768,0.11733739,0.04700859,0.3642403,1.0
0.18508653,0.18977776,0.24479994,0.19566074,0.05238673,0.0692397,0.10257431,0.084255844,0.06574104,0.20581369,1.0,0.8935676
0.6899605,0.24733897,0.1906079,0.2544204,0.07013199,0.051955204,0.10055263,0.06780506,0.046074696,0.1020914,0.4263528,1.0
1.0,0.27460596,0.106137715,0.29652357,0.124419734,0.023425572,0.06141628,0.050151236,0.03462022,0.010209459,0.11372972,0.86497
0.870709,0.59765315,0.25350827,0.64709955,0.1993796,0.04907334,0.102120675,0.08927496,0.07633267,0.011246441,0.12739676,1.0
0.43139115,1.0,0.39879733,0.43046397,0.103987806,0.049686592,0.10124827,0.1051653,0.11101718,0.008735324,0.117589235,0.7274119
0.4536185,1.0,0.45023504,0.25117964,0.068179354,0.03426625,0.13491207,0.19462097,0.26644254,0.017620645,0.09948159,0.6884017
0.76797706,1.0,0.55307275,0.21176927,0.08451481,0.05610735,0.17081907,0.2578039,0.40448245,0.032775734,0.12785405,0.95674527
0.84359324,0.48987395,0.30692667,0.08378359,0.05369122,0.06754855,0.11667265,0.16192694,0.2715857,0.027247047,0.11881813,1.0
0.85996747,0.47762418,0.32992977,0.103525996,0.07572991,0.0811796,0.10874832,0.14964591,0.22092153,0.02289401,0.11104699,1.0
1.0,0.30846092,0.26314163,0.20507336,0.15109502,0.06301321,0.13353758,0.16647278,0.15383098,0.022177141,0.092256114,0.9376937
1.0,0.16181234,0.08784175,0.19656307,0.117047094,0.091984265,0.1908379,0.14167474,0.047901426,0.012057672,0.049500424,0.7550978
1.0,0.21119094,0.049203787,0.18981212,0.06653782,0.07690074,0.24217083,0.11338068,0.016332157,0.01373642,0.03988835,0.66620994
0.23870762,0.09667237,0.061160028,0.1878701,0.051775597,0.11684114,1.0,0.49687648,0.051819008,0.032254998,0.03774436,0.29539117
0.027669368,0.0102785155,0.07596982,0.1926144,0.036488824,0.14223239,1.0,0.41615027,0.05379064,0.019110205,0.030462444,0.112822525
0.03562546,0.004606497,0.14285317,0.4638415,0.05713864,0.1956546,1.0,0.19802031,0.026803322,0.011990994,0.048050847,0.22489482
0.04867275,0.0061891894,0.12829685,0.58873546,0.08693201,0.14134325,1.0,0.2580848,0.0084871715,0.012528533,0.039598238,0.2430398
0.05076329,0.008000928,0.05260494,0.34693664,0.08175199,0.12834702,1.0,0.415214,0.009204656,0.023650002,0.024239413,0.12641406
0.11625324,0.020934613,0.025369361,0.121096544,0.109352395,0.27296925,1.0,0.46478236,0.021982607,0.03680248,0.03618222,0.09087261
0.65077996,0.12739864,0.05461079,0.11109408,0.31567773,0.47478607,1.0,0.5737701,0.066503346,0.03454633,0.06322434,0.41835096
1.0,0.26889864,0.027260529,0.02859801,0.047034603,0.05568088,0.15601712,0.12640175,0.017134974,0.0064307055,0.026705192,0.4547672
1.0,0.2729437,0.023470735,0.009888158,0.012449345,0.0118345525,0.02770113,0.04243723,0.0118920375,0.005449111,0.013722434,0.36266926
1.0,0.24025092,0.03882366,0.0222623,0.027232915,0.016761031,0.041405473,0.069147676,0.029074792,0.00810156,0.010527564,0.3644866
1.0,0.15295593,0.07173945,0.034817785,0.047574665,0.025973087,0.06349562,0.11762458,0.03225609,0.0066180634,0.015487106,0.48153648
1.0,0.21822451,0.06766172,0.030279148,0.05752732,0.028834814,0.070939355,0.16059372,0.032660328,0.00415648,0.010680597,0.34007102
1.0,0.4414583,0.061585378,0.02078957,0.04076078,0.05249346,0.120780855,0.12530205,0.0378374,0.00213903,0.0035901142,0.15547878
1.0,0.32576954,0.09480855,0.04587398,0.062389612,0.100551024,0.14646961,0.15609731,0.03374329,0.0034806638,0.010080665,0.31554684
1.0,0.12579402,0.07408086,0.08183796,0.08945393,0.15246025,0.11782481,0.11905601,0.019250352,0.004286819,0.022778464,0.63520837
1.0,0.17117067,0.049365826,0.08620543,0.1678021,0.20582399,0.15534584,0.08243422,0.01310245,0.00962697,0.03284957,0.5024653
1.0,0.34405,0.12746754,0.10756379,0.24064986,0.22981398,0.27672136,0.082278065,0.02434421,0.02183641,0.079753466,0.52468926
0.41633335,0.7213406,1.0,0.6897045,0.3154415,0.22321315,0.57747173,0.89731514,0.19071159,0.072935954,0.090705216,0.122032575
0.06973649,0.095921695,0.17966612,0.17006478,0.07075467,0.17008328,0.68991894,1.0,0.23517355,0.0316374,0.051182646,0.07831279
0.03172938,0.02600705,0.1652291,0.11770521,0.078018576,0.88650596,1.0,0.73560447,0.23641813,0.044162743,0.4599393,0.35878927
0.011735323,0.05167807,0.32602853,0.086054854,0.08409503,0.884031,0.33811027,0.049544152,0.038679894,0.072658285,1.0,0.4218767
0.042173702,0.058116984,0.7001275,0.7585858,0.10711002,0.34836012,0.15951306,0.021975374,0.05060305,0.07748771,1.0,0.7128365
0.061937243,0.010675125,0.2602979,1.0,0.17969514,0.03714677,0.061348543,0.020497998,0.018538501,0.021720128,0.16147502,0.30189696
0.053884327,0.006873906,0.13436271,1.0,0.2405083,0.016138157,0.053758767,0.025443474,0.005747746,0.011037045,0.031372648,0.13187623
0.043778356,0.04247709,0.39577112,1.0,0.17237975,0.049763616,0.09549623,0.03787379,0.046706423,0.09129024,0.116170295,0.18666309
0.11545545,0.15923159,0.68326086,1.0,0.22556534,0.14007054,0.19161649,0.1578357,0.38647744,0.54938596,0.269935,0.18614367
0.12402472,0.11681976,0.66527236,1.0,0.2621174,0.24497923,0.27423844,0.1957515,0.36317152,0.4329995,0.294856,0.29332957
0.4874375,0.2180644,0.71598566,0.9222348,0.4041627,0.7279748,0.7409003,0.39403024,0.49796557,0.6129159,0.37281334,1.0
0.23427178,0.20448571,0.56498677,1.0,0.5230758,0.7276428,0.7532967,0.33642995,0.33990052,0.32546413,0.1931401,0.45522425
0.15044528,0.2048513,0.41547614,1.0,0.51415193,0.5601853,0.51488006,0.27825174,0.3098304,0.22382337,0.17812988,0.20052065
0.19738607,0.44015068,0.8977874,1.0,0.5810199,0.9948196,0.9398939,0.43172947,0.35371178,0.3198557,0.42408684,0.20058094
0.1767647,0.2585316,0.85209405,0.6479598,0.44460866,0.69528216,1.0,0.5541499,0.57212335,0.46694824,0.45260173,0.20600551
0.3529336,0.36186144,0.8616239,1.0,0.5189222,0.51915056,0.8415551,0.7343282,0.4399097,0.3642795,0.3368248,0.22899626
0.28284252,0.38966337,0.84656155,1.0,0.3783245,0.22851735,0.43515158,0.37640217,0.229173,0.19586937,0.25621775,0.25109988
0.47403237,0.6456401,0.92144877,0.9299134,0.69342744,0.5540096,1.0,0.88936883,0.53887635,0.53862697,0.5439675,0.39902315
0.31418937,0.42775172,0.41791162,0.41987965,0.5118475,0.5151059,1.0,0.9685439,0.6914804,0.8211886,0.5645407,0.27863342
0.20971781,0.6584446,0.8478432,0.4754026,0.58752924,0.7074627,1.0,0.9797391,0.8364856,0.86183405,0.55656517,0.2560838
0.16335772,0.5506898,0.93631285,1.0,0.82800514,0.80746657,0.98962927,0.8536349,0.9625671,0.5529012,0.3264782,0.17769013
0.19561097,0.2898479,0.4661841,1.0,0.7197033,0.9187426,0.98790574,0.5048892,0.7923293,0.75332373,0.39038986,0.21025291
0.11803845,0.15119465,0.32574788,0.61605394,0.70982563,1.0,0.6089955,0.5375735,0.4464609,0.3749739,0.23194632,0.09973218
0.06805238,0.109377466,0.2055076,0.23829107,0.47839636,1.0,0.86229295,0.654104,0.3970763,0.2699807,0.18475343,0.060645398
0.087234,0.103021525,0.14403346,0.25552765,0.22698565,0.75173813,1.0,0.37342012,0.1932579,0.16756414,0.09434222,0.06241609
0.096356116,0.11733771,0.16223367,0.32968003,0.22248012,0.7104411,1.0,0.43169078,0.26990804,0.2776583,0.18860486,0.094002
0.07606403,0.109206446,0.16518374,0.26654026,0.2898746,0.69373596,1.0,0.4797367,0.22996406,0.34575564,0.32167357,0.10517136
0.19160672,0.24942493,0.5894435,1.0,0.5878162,0.93090105,0.8617345,0.54069537,0.48935488,0.7683573,0.49292928,0.16374117
0.19822171,0.3456291,0.68087214,1.0,0.5351615,0.6272029,0.4701154,0.3643197,0.39982903,0.36000896,0.25374684,0.1374176
0.20606528,0.60874933,0.67844754,1.0,0.62146926,0.61686385,0.6389856,0.37228566,0.34742668,0.22885695,0.2507732,0.12413307
0.11902774,0.46399322,0.7137252,0.9310411,0.5983339,0.79903877,1.0,0.621517,0.41772538,0.29618034,0.28572643,0.103355505
0.11044265,0.13347068,0.405852,0.812752,1.0,0.77623636,0.5396346,0.47234297,0.5910269,0.44106063,0.2625836,0.08925591
0.1803037,0.1396858,0.37350327,0.60702544,0.81707734,0.4640803,0.42923817,0.69731635,0.97607756,1.0,0.42568436,0.24349503
0.12934,0.08075562,0.07982876,0.08396007,0.12292802,0.11361612,0.16648494,0.97031987,1.0,0.20159362,0.08795813,0.10614593
0.06056676,0.07532766,0.106105685,0.12059114,0.09147507,0.07503683,0.12547545,0.9399021,1.0,0.13081682,0.035234816,0.035220336
0.029893111,0.057879735,0.24205807,0.4706658,1.0,0.9871598,0.23520158,0.82364583,0.8034334,0.151276,0.056263495,0.031889666
0.0051465873,0.0028560474,0.011065209,0.043159243,0.44882515,1.0,0.15072754,0.025008032,0.023850454,0.01105379,0.005764842,0.004504105
0.0039371797,0.009566759,0.008851234,0.0526451,0.36639386,1.0,0.3600866,0.04125453,0.006920546,0.0068098446,0.010934468,0.0031989708
0.012594533,0.0665361,0.03209673,0.09099169,0.34194675,0.8487629,1.0,0.18547659,0.03136421,0.024336696,0.07015602,0.0110175945
0.0375536,0.07136126,0.026285416,0.09900544,0.25529242,0.88447905,1.0,0.13422118,0.058409534,0.060793784,0.083173305,0.013240597
0.035555724,0.040686216,0.08154212,0.19061022,0.87611455,1.0,0.27999142,0.067461096,0.106729604,0.05548019,0.024869248,0.02999843
0.007937192,0.063393906,0.07049857,0.34021586,1.0,0.4084175,0.03558073,0.12682669,0.12150516,0.014576988,0.012014518,0.022183975
0.013453381,0.23025504,0.15623312,0.79140604,1.0,0.24104081,0.05728004,0.48928592,0.26341948,0.008966477,0.022121102,0.028916145
0.009262576,0.14874537,0.15548234,1.0,0.5930789,0.06049607,0.0448743,0.28982356,0.111007966,0.00813174,0.03208373,0.026653014
0.0015696851,0.011057804,0.11259498,1.0,0.40040472,0.020587692,0.006954597,0.020715242,0.008842136,0.003913397,0.018896563,0.011885492
0.0030010056,0.007107679,0.15193467,1.0,0.3031853,0.015617643,0.012933813,0.025255473,0.0050760983,0.0061425646,0.027384516,0.010446883
0.0065499796,0.019363655,0.3446164,1.0,0.15948243,0.014126549,0.07240969,0.1335286,0.01116208,0.03670989,0.06853747,0.007797053
0.004472497,0.043479092,0.78503466,1.0,0.07265999,0.0074654953,0.047166564,0.07127949,0.007022471,0.063079536,0.052346833,0.0029631264
0.0039525107,0.10434714,1.0,0.44497928,0.015583982,0.0032850527,0.0077957967,0.005863064,0.0066352384,0.044052213,0.015276721,0.0014643446
0.0024667415,0.1244765,1.0,0.2694972,0.005654553,0.0021829132,0.0032476303,0.0014088105,0.009402115,0.049719576,0.008489284,0.00077877
0.0012643149,0.120531544,1.0,0.27306417,0.004298151,0.0013360878,0.0015137491,0.0008443376,0.016889703,0.10092258,0.017179742,0.00047256637
0.0020394307,0.2029733,1.0,0.18755169,0.002364561,0.00065478956,0.0008775115,0.0005672109,0.03458262,0.14086832,0.017641485,0.00040004242
0.0030430972,0.28393844,1.0,0.120314345,0.0018342091,0.00073350023,0.001013302,0.00056895905,0.033649124,0.099775605,0.008672974,0.0003146099
0.0034243045,0.2694392,1.0,0.15354733,0.0052348766,0.0021355187,0.0022010251,0.0009060386,0.0136161335,0.04747027,0.005563465,0.0003406061
0.037365142,0.390606,1.0,0.24157178,0.013398783,0.005658705,0.005701286,0.0047910362,0.021869654,0.08339908,0.014201438,0.0044343476
0.7601665,1.0,0.47813964,0.17533103,0.043408506,0.035950836,0.046341572,0.05227952,0.092406385,0.23059839,0.058476023,0.13100903
1.0,0.96601194,0.73337114,0.27690542,0.085817106,0.07554953,0.10694528,0.095045395,0.0851293,0.13648757,0.112873375,0.4932678
0.34158596,0.5973912,1.0,0.32463562,0.1330632,0.14585038,0.16106732,0.15736412,0.19868918,0.36034897,0.1355299,0.39700723
0.16224748,0.40219545,1.0,0.35066032,0.13436894,0.2788123,0.28509256,0.22567683,0.14144672,0.16999526,0.081165336,0.12733205
0.23003599,0.39641485,1.0,0.5242718,0.2992115,0.77177274,0.75636774,0.35867277,0.27526838,0.20491563,0.12667826,0.22655895
0.16131163,0.40047675,1.0,0.7019645,0.43375772,0.73051155,0.6527736,0.39940867,0.6769218,0.648002,0.2547247,0.21947499
0.12984447,0.29147694,1.0,0.60897446,0.2768134,0.39538294,0.41708702,0.34725797,0.4987623,0.5185406,0.2831439,0.10606551
0.1291337,0.23365681,0.4157709,0.38333166,0.6125677,0.4044527,0.27734476,0.75671685,1.0,0.83339363,0.36376604,0.107174285
0.021045454,0.032955743,0.06315754,0.08935682,0.6606833,1.0,0.23243128,0.23842911,0.30279392,0.59927934,0.4949114,0.09181489
0.04983247,0.0065850527,0.009510284,0.015506112,0.20216796,1.0,0.6942273,0.08410922,0.040415484,0.14942925,0.3624387,0.35900766
0.32179132,0.0146268355,0.012747184,0.017719245,0.04821893,0.4349127,0.83621484,0.1599347,0.011122508,0.026946932,0.27309743,1.0
0.58318835,0.030475035,0.017420212,0.015243141,0.016067354,0.064001665,0.38729927,0.21167238,0.010986503,0.012069693,0.12143963,1.0
0.3938659,0.02808,0.02042387,0.01641056,0.025459407,0.17434612,0.5944704,0.21799085,0.015286689,0.043415215,0.33876547,1.0
0.086369,0.014236297,0.036357097,0.091063365,0.24526012,0.5245533,0.40920103,0.089988105,0.27326724,0.9610594,1.0,0.5988936
0.026727308,0.005723695,0.07164906,0.33212358,0.16724734,0.085193746,0.02785964,0.08923941,0.84424853,1.0,0.25527075,0.08892986
0.019175917,0.008194298,0.33677694,0.88424426,0.09598561,0.008236136,0.015994899,0.25100055,1.0,0.37603962,0.043369155,0.04117026
0.0068709464,0.011336542,0.49774393,1.0,0.07299859,0.014103472,0.019398471,0.3164119,0.60735196,0.06786465,0.008955382,0.008747096
0.0026658995,0.0060343994,0.18470709,0.4994354,0.054013196,0.012577029,0.017617464,0.28675523,1.0,0.18047093,0.008579633,0.0035202787
0.00087902247,0.0012663184,0.03599055,0.13005704,0.021764286,0.004123363,0.0100875525,0.17690884,1.0,0.36141053,0.017080436,0.0015578014
0.0014976857,0.0010927997,0.013228875,0.031130891,0.0076148245,0.004437162,0.010165634,0.14899987,1.0,0.46387705,0.0464917,0.0038758272
0.0055505536,0.004434442,0.017366108,0.023535553,0.010470694,0.011277192,0.01861929,0.18371359,1.0,0.32926276,0.045311764,0.011097355
0.039242726,0.05862131,0.12892905,0.17499544,0.07198369,0.078840844,0.1636921,0.38363224,1.0,0.33031014,0.06510955,0.057103157
0.19513814,0.3539107,0.45238128,0.25724986,0.24445496,0.3731658,0.5008543,0.57536197,1.0,0.52928066,0.23605463,0.17526528
0.28934544,0.39551932,0.68777186,0.46798584,0.52393824,0.6920709,0.69453466,0.81371593,1.0,0.7048212,0.3593032,0.23764674
0.32549676,0.27175996,0.65838444,0.81597155,0.8302512,0.88503766,0.8233285,1.0,0.5733619,0.31236854,0.29787302,0.37986985
0.34889698,0.46340314,0.7365994,0.8653153,0.6088927,0.81410074,1.0,0.6916559,0.47293124,0.24572766,0.19047101,0.23061053
1.0,0.878648,0.39484984,0.19240172,0.12473128,0.13944888,0.095560014,0.098488,0.10816431,0.09928915,0.2002906,0.53390825
0.62928593,1.0,0.34327084,0.073316015,0.036956728,0.03669573,0.014418732,0.023693029,0.041378334,0.026395716,0.034534898,0.15937245
0.39815378,1.0,0.6137555,0.18010888,0.060156036,0.03550747,0.02385442,0.017630424,0.04555573,0.041965447,0.019786833,0.06106577
0.08895205,0.23467195,1.0,0.8893915,0.09650508,0.025672661,0.039756756,0.025922602,0.02726159,0.050544195,0.045677774,0.014218172
0.018712228,0.11762039,1.0,0.69712037,0.051034417,0.015128077,0.036480565,0.013982583,0.010048908,0.04549604,0.02804189,0.0052424693
0.013037575,0.24036463,1.0,0.34090716,0.045752075,0.026297586,0.042844597,0.0072168903,0.014831825,0.047921043,0.012683479,0.004119652
0.038817003,0.6811375,1.0,0.18057577,0.0712855,0.08870382,0.07070311,0.009728441,0.045349665,0.059415612,0.010427996,0.0073446706
0.076749004,1.0,0.84527534,0.1017616,0.059713013,0.1590956,0.0819082,0.011627567,0.074503794,0.06347494,0.013744215,0.008665768
0.07787822,1.0,0.7875984,0.0705405,0.057445258,0.43295172,0.15778461,0.007674638,0.08599438,0.07770632,0.014259182,0.00673981
0.061393198,1.0,0.8224808,0.054759726,0.103085354,0.8273685,0.21609785,0.008403836,0.12414791,0.10247389,0.01296849,0.0050195586
0.0746413,1.0,0.6054878,0.023942415,0.029952733,0.20243506,0.04761876,0.008207037,0.14691192,0.09111711,0.0041258927,0.001875862
0.10337053,1.0,0.3774229,0.009025893,0.002642447,0.00867946,0.002758835,0.007996795,0.12601812,0.057764757,0.0015598119,0.0012511619
0.1151266,1.0,0.30546048,0.008483339,0.0020144314,0.0033097896,0.0010895006,0.0061707175,0.07740948,0.027638849,0.00096482766,0.0010451296
0.17421542,1.0,0.2260596,0.008838494,0.002012901,0.0016823628,0.0004989941,0.00441294,0.028660223,0.0071548354,0.00046444582,0.0017396215
0.27083665,1.0,0.159427,0.0059313364,0.0014367462,0.0011612561,0.00051066,0.006519617,0.02228856,0.0029026773,0.00040019496,0.0038292608
0.41051066,1.0,0.16176923,0.008583394,0.002758656,0.0020764833,0.0020925405,0.014664635,0.04602403,0.007763599,0.0028381986,0.020986708
0.96444774,1.0,0.23928331,0.07276223,0.023942089,0.014751451,0.025382219,0.051763076,0.13145244,0.03626994,0.031233784,0.37366542
1.0,0.66947895,0.22467743,0.090200014,0.02817045,0.014041072,0.08519662,0.04955342,0.017939137,0.012399766,0.034010667,0.5003968
0.8904221,0.7199437,0.5169994,1.0,0.12135674,0.1116093,0.81957555,0.27268574,0.014437974,0.008562257,0.08364704,0.78534424
0.03764342,0.029358786,0.3171815,1.0,0.078683995,0.061624356,0.41844752,0.101155356,0.0035081368,0.0023041954,0.036018766,0.15258293
0.012225794,0.0035812093,0.31214404,1.0,0.070913225,0.03608617,0.21817777,0.038108516,0.0015202954,0.0014626136,0.025226561,0.102018945
0.0198618,0.0026046908,0.26128733,1.0,0.08782048,0.039070487,0.26317844,0.04900849,0.0016873359,0.0022342654,0.022831816,0.12399399
0.04400501,0.0054563144,0.16862084,1.0,0.14744039,0.067413576,0.7699907,0.27232462,0.005253024,0.0057664365,0.024289796,0.16213052
0.027573723,0.0057647466,0.028597796,0.27964187,0.07588872,0.058002915,1.0,0.5034557,0.008175218,0.0032318924,0.010562979,0.055251814
0.017264146,0.005561022,0.0068995906,0.053597957,0.022213832,0.08976249,1.0,0.40156564,0.0069663925,0.0033952803,0.005956272,0.03728566
0.026329147,0.012323553,0.012205441,0.0531639,0.02029746,0.114146285,1.0,0.3223149,0.006706091,0.0075273076,0.012369652,0.06354988
0.19504544,0.05569762,0.031847857,0.1030352,0.039576083,0.13323763,1.0,0.38096586,0.011108236,0.013632451,0.0844402,0.33353075
1.0,0.23601763,0.07864364,0.13176768,0.08434932,0.13511449,0.33401886,0.20725602,0.018817594,0.011172409,0.12518415,0.8450029
1.0,0.25689486,0.054377314,0.091265574,0.106939554,0.05063442,0.14726792,0.33759385,0.033748943,0.008895678,0.03170991,0.4192694
1.0,0.13162518,0.020873629,0.07164079,0.1088018,0.036398944,0.3110658,0.64082307,0.043153547,0.012190188,0.023652028,0.50327885
1.0,0.07764712,0.02572233,0.1423271,0.07900419,0.05367137,0.5037586,0.6420407,0.042688932,0.022391357,0.06791368,0.94251925
0.6791761,0.0730062,0.08243692,0.35103682,0.12060357,0.1595295,0.71122324,0.4396235,0.06990213,0.045247667,0.18856947,1.0
