0.16177185,0.24580765,0.31416768,0.5285799,0.8975615,1.0,0.55156595,0.2388091,0.09559663,0.04407374,0.062473565,0.10014563
0.45083043,0.20150517,0.28446022,0.3576411,0.52788293,0.86755913,1.0,0.9478199,0.28906503,0.029912855,0.06769081,0.3875213
0.7411444,0.18262208,0.33778203,0.31543863,0.1846843,1.0,0.70575917,0.8317612,0.47735053,0.032911856,0.045423478,0.6115169
1.0,0.30182862,0.14078376,0.17838487,0.08957591,0.7253559,0.54317665,0.25280982,0.33716562,0.11301156,0.02019136,0.39328876
1.0,0.8080464,0.10767312,0.08790314,0.23864855,0.26442525,0.2858015,0.12348017,0.21219675,0.47330052,0.13814664,0.14653024
0.1299568,0.9180029,0.33039194,0.03452938,0.67793083,0.52992225,0.043669555,0.1545153,0.0927823,1.0,0.6975335,0.026395036
0.0704699,0.6379963,0.2007049,0.039975405,0.669385,0.38997608,0.04502992,0.15465884,0.105319425,1.0,0.5327662,0.018052744
0.08816555,0.42519167,0.057663567,0.056071,0.41820613,0.09376026,0.08240796,0.16339129,0.18805179,1.0,0.1997731,0.007906335
0.03684102,0.14637698,0.014486821,0.03460709,0.25134706,0.04420307,0.053985756,0.10352184,0.17254092,1.0,0.17358477,0.0045218314
0.014275118,0.07871441,0.011821346,0.02342894,0.2897166,0.08594395,0.021854801,0.06599211,0.10918782,1.0,0.29583877,0.005350019
0.008039288,0.060222916,0.011589031,0.01930317,0.32652107,0.119612046,0.0152493045,0.061785284,0.08543352,1.0,0.375859,0.0061254897
0.010482274,0.0664248,0.0103569105,0.021889085,0.31550834,0.09773047,0.025811562,0.09571577,0.11343221,1.0,0.32415476,0.0050276094
0.009646225,0.07589657,0.014545483,0.014007637,0.19886574,0.063647956,0.021438077,0.08359156,0.11916681,1.0,0.33237246,0.005598821
0.003453001,0.045321383,0.01652664,0.0033711633,0.07624874,0.050314464,0.005643236,0.030872002,0.09369175,1.0,0.49682477,0.011715626
0.0007226218,0.013207149,0.008541627,0.0010217996,0.037313137,0.04403361,0.002101673,0.012552019,0.11327398,1.0,0.5045771,0.012999851
0.00035784813,0.003206855,0.0022750234,0.0016385014,0.05735366,0.056448277,0.0032778943,0.019969072,0.14595135,1.0,0.43829814,0.010685571
0.0018268246,0.011900364,0.0036791388,0.008566463,0.18469818,0.10286757,0.015951535,0.09099425,0.14816639,1.0,0.42461595,0.011875104
0.0043384545,0.025949463,0.011242444,0.007139105,0.16078036,0.109658696,0.013500781,0.052453004,0.05665916,0.75401723,1.0,0.10610315
0.0037212675,0.020377137,0.007219164,0.0013720142,0.041135456,0.04481753,0.0029638445,0.0024552234,0.032019343,0.8386762,1.0,0.08696627
0.003100231,0.02064675,0.0060008164,0.0010216887,0.013876364,0.010832827,0.0016114728,0.0019037117,0.05443921,1.0,0.55811983,0.018433081
0.0024514263,0.021658832,0.0068963836,0.0014723031,0.0052669514,0.0028038812,0.000769497,0.0013915158,0.054349463,1.0,0.48233008,0.0073278067
0.0019423935,0.0228326,0.01197099,0.0012007499,0.003378634,0.0031739173,0.0005429473,0.0008301362,0.039728418,1.0,0.84308827,0.025977867
0.0011180162,0.008262093,0.010121115,0.00063375256,0.0020946462,0.010461511,0.0019839825,0.00032748125,0.008487855,0.4231909,1.0,0.09391259
0.005261446,0.001240773,0.0034465413,0.0005627878,0.0017239437,0.017111512,0.004970851,0.00035518152,0.0017752438,0.14656626,1.0,0.30202457
0.045819532,0.00042333323,0.0008723792,0.000498351,0.00095756794,0.0115345,0.004396017,0.0003155967,0.0011211687,0.063276425,1.0,0.90065694
0.13200603,0.0007001845,0.00041732515,0.0010095051,0.00026798088,0.00050881936,0.000532671,0.00016837208,0.0005410098,0.008009754,0.28233927,1.0
0.2182179,0.0016437653,0.00090120465,0.0023634871,0.00049540534,0.00021993076,0.0006565917,0.00021211007,0.00053497986,0.0062400973,0.13809851,1.0
0.17084673,0.0011543869,0.0006213294,0.0015067351,0.0002869997,0.0007984586,0.0023688127,0.00036993026,0.0003872904,0.0031977512,0.16237745,1.0
0.06439262,0.00064402714,0.001364991,0.0011277527,0.0002869714,0.009111211,0.015862798,0.000975754,0.00047754843,0.0167857,0.5873365,1.0
0.017669305,0.00039884177,0.0021184515,0.0007628826,0.0002850434,0.007976681,0.010412626,0.00050373527,0.00033400726,0.04985117,1.0,0.6995624
0.0033789808,0.0006401932,0.0032769002,0.0004751309,0.000209621,0.002245174,0.0012398576,8.5509026e-05,0.0004523597,0.10086532,1.0,0.303497
0.0010468949,0.0011274327,0.0037595732,0.0003817852,0.00019259861,0.0010274654,0.00023658956,7.470842e-05,0.003780383,0.25831982,1.0,0.14857778
0.00049780426,0.0013920626,0.0019647102,0.00016748553,0.0002073405,0.00044122836,0.00046583175,0.0058240118,0.07989366,0.82872635,1.0,0.060501087
0.0006314447,0.00069666706,0.00088785106,0.0016259406,0.0048617916,0.008554596,0.011617804,0.08150016,0.42746186,1.0,0.41829863,0.02730207
0.023354622,0.20966296,0.69932467,0.9188841,0.81340295,0.56366223,0.3434145,0.558979,1.0,0.7395788,0.27253947,0.040087476
0.0103915585,0.22372171,1.0,0.7457011,0.28928927,0.13327868,0.09976418,0.03133003,0.009547094,0.02904506,0.052354045,0.010137309
0.019708546,0.12369752,0.6081633,1.0,0.28744394,0.27972066,0.12920791,0.05353936,0.009861779,0.010953426,0.025782505,0.0065326197
0.02744084,0.25036398,0.201335,1.0,0.6257471,0.33504507,0.1983467,0.028405003,0.008047939,0.004389951,0.018222816,0.008989505
0.06342582,0.52863216,0.19954553,1.0,0.76742613,0.3639032,0.2370828,0.012807732,0.004688214,0.0027401817,0.012915489,0.009304225
0.15777586,0.7308069,0.18649967,1.0,0.58103126,0.71280277,0.2943099,0.0064237076,0.0020662325,0.0030863124,0.02212365,0.009684387
0.15597768,0.44418722,0.20431228,0.9731972,0.46018198,1.0,0.2230824,0.004754842,0.0018778385,0.005645317,0.030973913,0.00857624
0.04434075,0.07633065,0.21613324,0.75285596,0.35028836,1.0,0.1263688,0.008192276,0.0015798216,0.0088099,0.033457734,0.0046315896
0.0145580815,0.02545454,0.31785136,1.0,0.363137,0.9217703,0.12658268,0.029981434,0.004011012,0.016536478,0.07356264,0.010695226
0.003920146,0.012999166,0.2554163,1.0,0.2920071,0.27536935,0.06186499,0.024093386,0.005392187,0.01177263,0.09193088,0.02294166
0.0021719749,0.01301464,0.3175429,1.0,0.28935438,0.050755642,0.014444644,0.006214538,0.0038829516,0.009805725,0.07715955,0.021980684
0.014331815,0.049464382,0.4311092,1.0,0.5455681,0.88773495,0.7477,0.13084131,0.015586638,0.017187817,0.050048,0.016480505
0.0055153673,0.013265992,0.017982736,0.016296653,0.048892945,0.32274133,1.0,0.59650326,0.10440358,0.009393212,0.002879959,0.002758164
0.006560841,0.0069543878,0.025489872,0.020416785,0.007795332,0.1098723,0.57491344,1.0,0.7141764,0.097026385,0.0034684304,0.0053532706
0.0072045075,0.0019075576,0.008295991,0.014810822,0.0064839344,0.05981936,0.19099817,0.80190104,1.0,0.1623363,0.0038540377,0.0035709387
0.0044475873,0.0018169285,0.0037827934,0.0072638714,0.013278049,0.111331016,0.39439604,1.0,0.929548,0.17197055,0.0065509025,0.0025088622
0.03525686,0.06642529,0.05073539,0.061497398,0.139222,0.53530127,0.83826184,1.0,0.7841024,0.24166545,0.049348243,0.02674557
0.21905746,1.0,0.58198756,0.33302185,0.74724084,0.8597401,0.5429374,0.20585752,0.31578818,0.2750498,0.14068094,0.06541777
0.07135799,0.6679555,0.5534224,0.49052367,1.0,0.66921526,0.5399349,0.062919386,0.03580381,0.033482872,0.01810388,0.015731422
0.022812255,0.5926915,0.812274,0.3860546,1.0,0.40310892,0.25926474,0.028040774,0.0053358064,0.002225791,0.0040134173,0.009844699
0.013562121,0.5811399,1.0,0.22338943,0.6843687,0.23279947,0.08877679,0.014785564,0.007727363,0.0016174471,0.0030293013,0.010716699
0.056337114,1.0,0.9295308,0.15238133,0.3060557,0.08380732,0.03446187,0.016037792,0.009563612,0.0031229546,0.0070477948,0.008735369
0.15683594,1.0,0.43970156,0.26235574,0.14888777,0.08714486,0.039894365,0.051953167,0.009199981,0.0037470153,0.017102843,0.008380009
0.2056823,1.0,0.35713157,0.5794417,0.375721,0.19406351,0.1322508,0.109765686,0.021558527,0.006100359,0.046802264,0.053991325
0.14328445,0.80205584,0.77586687,0.50368166,1.0,0.6950128,0.2901112,0.07660363,0.023202173,0.0077804257,0.04025704,0.12521335
0.13125049,0.15777309,0.3317035,0.31072453,1.0,0.96232253,0.23881276,0.06720466,0.04371595,0.046003003,0.050655313,0.09214457
0.13476077,0.22995569,0.6162033,0.9260843,1.0,0.43105298,0.12521784,0.074729025,0.12823142,0.41813034,0.19470252,0.10383423
0.0038581653,0.060471114,0.3437559,0.2313023,0.030617874,0.01615845,0.012435888,0.0058714,0.14613993,1.0,0.27158263,0.0051761107
0.001911727,0.06457486,0.39543107,0.20879468,0.01387876,0.004020085,0.0061749783,0.0020089548,0.088279575,1.0,0.43194824,0.006258867
0.002072252,0.07906498,0.5572595,0.47669563,0.04810615,0.003417018,0.0032005417,0.0020342497,0.057380587,1.0,0.7573874,0.016489364
0.008324544,0.10467858,0.34003517,0.29430515,0.06220613,0.0058408333,0.002639367,0.007271855,0.14191435,1.0,0.6314415,0.017473456
0.16520625,0.3315097,0.26682964,0.14986016,0.16129243,0.106736675,0.04370102,0.050476007,0.31523,1.0,0.5589061,0.10012102
0.14561501,0.47042647,0.42467752,0.062328756,0.10552781,0.38444698,1.0,0.7754685,0.12538902,0.059093434,0.047908284,0.06730412
0.007847505,0.21702777,1.0,0.2089082,0.008832245,0.028118942,0.18484521,0.45598063,0.10559792,0.0039850343,0.00085130136,0.0015679783
0.011864688,0.18989445,1.0,0.24587159,0.0044774096,0.021286886,0.09535463,0.2777567,0.07872901,0.0020537807,0.0002421005,0.00067675865
0.17427045,0.46517736,1.0,0.25692096,0.29972252,0.46208772,0.35882425,0.23995477,0.047035147,0.0015795891,0.0076295733,0.043272316
0.075906575,0.056784473,0.059593454,0.55211246,1.0,0.3412163,0.068317845,0.012277932,0.0017232927,0.003040221,0.063994765,0.077615924
0.006446531,0.0021224574,0.048867393,1.0,0.8364236,0.056808844,0.0039468254,0.003075527,0.0010889687,0.007835731,0.16751109,0.107277095
0.021691192,0.0010563565,0.023051204,0.6222182,1.0,0.0977497,0.0017220868,0.0012994307,0.00060724485,0.003932217,0.12791954,0.23597156
0.03596944,0.00054499845,0.0023381102,0.18598574,1.0,0.20102227,0.0019050847,0.00026767264,0.00024521386,0.0003191635,0.029233683,0.18735576
0.027493186,0.00036556617,0.0020871542,0.19375968,1.0,0.19874716,0.0019539169,0.00017440981,0.0002075668,0.00041617168,0.036865987,0.16992283
0.012357734,0.00035699573,0.018158704,0.54652786,1.0,0.09196818,0.0010988888,0.00041107537,0.0002825066,0.008008075,0.17671639,0.22106856
0.0036045727,0.0019258115,0.13589585,1.0,0.5808145,0.023351906,0.0011205304,0.0013525307,0.0010228564,0.09002847,0.53081936,0.16575451
0.0014582472,0.00425182,0.30839372,1.0,0.14512144,0.007248077,0.0009606785,0.0013920031,0.0019825136,0.20763353,0.7058836,0.07363144
0.0037319087,0.0014053227,0.13498296,1.0,0.34809318,0.008515496,0.0006055288,0.0005643912,0.0005242832,0.058931667,0.38293874,0.11936955
0.0072026304,0.00050130364,0.043806393,1.0,0.83047086,0.025938973,0.00044895976,0.00028865808,0.00013683531,0.005649067,0.14358476,0.15093057
0.0062111095,0.00035210483,0.020230038,0.8036055,1.0,0.03923396,0.0002396042,0.00011403517,8.1937214e-05,0.0010441615,0.061724164,0.113292694
0.0044670515,0.0006302389,0.05325448,1.0,0.8903372,0.031146085,0.00026052952,0.000112452595,9.281538e-05,0.004995243,0.10527212,0.10175122
0.0012805568,0.003144766,0.22579622,1.0,0.28206706,0.007088753,0.00013296651,0.00010594885,0.0002468615,0.023411565,0.13550766,0.04222543
0.00058027805,0.010620077,0.5188531,1.0,0.10615802,0.0019512582,9.359424e-05,7.349621e-05,0.00072132214,0.058141608,0.16334087,0.020556068
0.0017658223,0.013360032,0.39245513,1.0,0.26032087,0.0063929525,0.00042842538,0.0002041736,0.0012968208,0.05551336,0.25665775,0.059414264
0.0044412124,0.010311274,0.080804944,0.7046185,1.0,0.060694546,0.0019003729,0.0005936505,0.0013586206,0.0408312,0.43238822,0.16956487
0.006594137,0.009660669,0.1377706,0.44865456,1.0,0.091212004,0.0014333929,0.00043573108,0.00022820102,0.011201595,0.19724847,0.15950927
0.010084225,0.019674338,0.5847504,1.0,0.837254,0.07754945,0.0017178799,0.00039326298,0.00017127903,0.020414537,0.46921334,0.38218752
0.0027533227,0.025751464,0.8017035,1.0,0.15584226,0.009721393,0.0011404653,0.00033823078,0.00038169025,0.03182531,0.25586036,0.13601753
0.0014283854,0.019629776,0.62593806,1.0,0.10585384,0.0058950908,0.002667868,0.0011242259,0.001136093,0.05898498,0.15959337,0.029217508
0.010669721,0.007685358,0.25733876,1.0,0.8233124,0.17879905,0.013709996,0.0038100928,0.0021045213,0.05547448,0.14223725,0.099433616
0.013855891,0.0008085658,0.009055576,0.19705138,1.0,0.32478452,0.0148256915,0.0020231071,0.00039624452,0.0022972142,0.02284001,0.06607285
0.010306493,0.0005534594,0.01824351,0.39282826,1.0,0.19389966,0.018115655,0.0026219457,0.00053320953,0.0007669051,0.030274237,0.08000247
0.0039436887,0.0026248307,0.02394933,0.5251065,1.0,0.25750506,0.11389523,0.07525422,0.022161119,0.004662714,0.022414157,0.0413645
0.0037824796,0.0061790626,0.012425471,0.08334609,0.2873351,0.30839235,0.56189793,1.0,0.42488968,0.040118895,0.004913009,0.0077496455
0.003350455,0.0026499645,0.004869714,0.004779313,0.018051432,0.056568522,0.32111934,1.0,0.60968673,0.08633596,0.010955557,0.0071261027
0.0113405865,0.00730221,0.011993732,0.026604798,0.0567476,0.109289326,0.37551436,1.0,0.8740614,0.22493526,0.04219627,0.01937498
0.046147916,0.27787617,1.0,0.74600613,0.3553092,0.15059799,0.19613367,0.099420436,0.09002586,0.2604779,0.061009526,0.03826162
0.05213912,0.25714695,1.0,0.28769866,0.068097286,0.076830685,0.25434005,0.060761724,0.045087844,0.2013092,0.05245407,0.024309494
0.06395372,0.14985242,1.0,0.47916728,0.060906667,0.07188979,0.3681101,0.09363608,0.031962425,0.3410897,0.1748184,0.019358966
0.049832158,0.13228936,1.0,0.6504094,0.07226528,0.05576431,0.24754123,0.08768253,0.04170033,0.57885706,0.31264544,0.015368402
0.006404329,0.09905591,0.89039934,1.0,0.272331,0.040255196,0.037862077,0.009274652,0.028727692,0.1061165,0.01887584,0.0028770457
0.004412426,0.115096174,0.7894494,1.0,0.44339758,0.10479795,0.024878543,0.008172196,0.11378523,0.20187056,0.01289458,0.0022360694
0.008719223,0.17469178,0.4573652,0.32348028,0.23129782,0.12911953,0.076350234,0.022964546,0.5083247,1.0,0.059261862,0.006630654
0.006523971,0.110881805,0.28703552,0.038546193,0.017738486,0.028943896,0.05409408,0.013719302,0.33028325,1.0,0.07652918,0.0055068587
0.0051308614,0.17357767,0.33499834,0.020044163,0.0039052786,0.011166295,0.020222725,0.008443028,0.33505192,1.0,0.07462669,0.0034379398
0.0025536441,0.124136984,0.31694254,0.023478858,0.0012396974,0.002364511,0.00524337,0.0044081355,0.26191816,1.0,0.09757233,0.0014746054
0.0008994153,0.058039214,0.23507018,0.023325842,0.00081982004,0.0010650932,0.0024854874,0.002754255,0.23900108,1.0,0.10237604,0.00081388396
0.0017752599,0.062661365,0.2262581,0.020213868,0.0007980607,0.0015376036,0.0021782115,0.0025015026,0.28229165,1.0,0.08751309,0.0019776116
0.008357166,0.061131034,0.18538217,0.014813256,0.0032607045,0.0060327686,0.0066612246,0.0034463154,0.3404621,1.0,0.070707284,0.011000949
0.0139911575,0.03792369,0.096492186,0.008433733,0.0055597643,0.009997368,0.010811585,0.004411957,0.37465364,1.0,0.06812944,0.018109765
0.0039448193,0.017351443,0.080178216,0.018233202,0.003119067,0.0035936455,0.0040439675,0.002674321,0.23246229,1.0,0.1724184,0.0063303025
0.0009631921,0.009848019,0.15081073,0.10473283,0.006889054,0.0032339327,0.0019604736,0.0013668631,0.077108696,1.0,0.5767489,0.013320881
0.0006147253,0.0054554013,0.1356223,0.139552,0.009580393,0.0045541544,0.0020224506,0.0012195694,0.03215969,1.0,0.9246724,0.023305487
0.0012062798,0.007877078,0.0778299,0.040742986,0.0052032457,0.003986516,0.0050374856,0.0012538218,0.073705785,1.0,0.52173096,0.00976273
0.0042854436,0.028678082,0.056107976,0.017000638,0.008998638,0.030574247,0.021532761,0.008501077,0.32352895,1.0,0.19199763,0.010890708
0.01291897,0.08952437,0.09767435,0.04083808,0.03185883,0.17525083,0.124223076,0.046959683,1.0,0.9948855,0.06835725,0.034486238
0.012825459,0.06387768,0.1591894,0.053445607,0.01585068,0.17212836,0.28279182,0.071467906,0.7179894,1.0,0.12002552,0.016527064
0.024455015,0.047043778,0.47025523,0.36370957,0.015308887,0.061311994,0.34328616,0.17416611,0.23656052,1.0,0.41074562,0.01520492
0.049341768,0.17669134,1.0,0.78232074,0.037676513,0.010839228,0.13536772,0.12506886,0.016435938,0.29830208,0.35092247,0.019470338
0.09153715,0.3690605,1.0,0.63618165,0.07392652,0.021406423,0.042920254,0.038918015,0.024738282,0.24005733,0.21196802,0.027370842
0.033349574,0.45769715,1.0,0.27604762,0.26762366,0.08661778,0.05437573,0.020744387,0.20315723,0.9985992,0.33883297,0.021396311
0.016973255,0.5161896,1.0,0.14579345,0.11000294,0.013342601,0.010614421,0.0075675254,0.1329168,0.32546717,0.035540722,0.0037291022
0.010314758,0.32229927,1.0,0.20991933,0.17769684,0.031027094,0.0077853454,0.005919991,0.075133964,0.30673552,0.060013946,0.003156191
0.009965695,0.13148342,1.0,0.75356466,0.23589304,0.07094863,0.009843331,0.005685239,0.030884273,0.42269677,0.439484,0.02533073
0.00891253,0.03391263,0.49701306,1.0,0.1482362,0.04429367,0.006134438,0.0033055267,0.0072899647,0.26610476,0.71537966,0.059729308
0.0067766537,0.090702444,1.0,0.98509085,0.29320443,0.088830605,0.0065855174,0.0028044821,0.02750974,0.46193683,0.60331035,0.040295787
0.011036491,0.33441314,1.0,0.42408317,0.5645619,0.076519825,0.0050634895,0.0035619405,0.13334621,0.48955646,0.107454546,0.0036394207
0.010969936,0.4127059,1.0,0.33565187,0.431094,0.03160623,0.0035083825,0.0028939852,0.13424774,0.3833045,0.04403951,0.0013772222
0.0072274655,0.198957,1.0,0.5186736,0.19117142,0.031461217,0.0021712505,0.0013048312,0.043817513,0.37780946,0.2248581,0.00754375
0.0058715614,0.053102672,0.8305136,1.0,0.10514461,0.039478447,0.0033741922,0.0010602238,0.011342097,0.4501548,0.6687659,0.030046597
0.0047067986,0.06769389,1.0,0.9049759,0.1856312,0.081462465,0.003834689,0.0014500046,0.028724872,0.63065773,0.6045088,0.022241412
0.01738159,0.25843728,1.0,0.4296123,0.34110022,0.10829996,0.011137708,0.025538282,0.23570122,0.99440336,0.26657566,0.010127921
0.09030267,0.59130853,0.60686624,0.20463505,0.3043794,0.120328486,0.0982967,0.13691793,0.49946842,1.0,0.18776992,0.02978767
0.10590051,0.2978768,0.40041852,1.0,0.67898643,0.72434604,0.21597831,0.04907762,0.029570486,0.038361702,0.06924359,0.064991005
0.20179306,0.90330446,1.0,0.81588876,0.78209394,0.5105004,0.30802533,0.03306301,0.0040784026,0.0082574645,0.0671296,0.13933949
0.109257944,0.43610975,1.0,0.25449324,0.47146696,0.28076267,0.15629338,0.060328253,0.008118682,0.006939765,0.01530478,0.074746825
0.060763463,0.30009148,1.0,0.32257238,0.42675924,0.26945132,0.18811306,0.07983521,0.029476648,0.070034906,0.049466167,0.053306356
0.078028634,0.43009558,1.0,0.6950585,0.51375556,0.29994676,0.43384257,0.19040686,0.107872106,0.24995902,0.24300082,0.106516816
0.19256645,0.34830162,0.49448574,0.3924356,0.15174091,0.2515438,0.5790746,0.4454941,0.46829098,1.0,0.65863425,0.21857311
0.03908249,0.05030498,0.034114115,0.013448316,0.01862152,0.034828175,0.08203029,0.1198837,0.32013276,1.0,0.26002604,0.049875423
0.037860125,0.029200926,0.013442547,0.010259474,0.019049397,0.021390518,0.05096813,0.154844,0.3943198,1.0,0.19508536,0.03310897
0.14265034,0.068287015,0.048311356,0.018668493,0.011325893,0.03761696,0.2582787,0.4432149,0.76020736,1.0,0.32682803,0.10659981
0.06687785,0.03955859,0.03718521,0.011663454,0.004126069,0.032240022,0.15532415,0.3486315,1.0,0.79521346,0.30698243,0.08010845
0.039617777,0.024198253,0.016481666,0.004723386,0.004114634,0.024887973,0.083358884,0.31659842,1.0,0.7292366,0.24412392,0.09865451
0.05284027,0.027322697,0.018410206,0.007245097,0.0044374554,0.009235677,0.047233425,0.2727087,1.0,0.86312425,0.2550797,0.12412303
0.13172202,0.09378242,0.061156213,0.02216017,0.012492602,0.009982242,0.03815122,0.23297703,1.0,0.7659979,0.3661153,0.42247546
0.2976601,0.19555478,0.139246,0.067799896,0.024127722,0.017006481,0.044965345,0.09881635,0.2520314,0.3081953,0.38951552,1.0
0.5667534,0.43031773,0.35781193,0.1657479,0.060671065,0.044628654,0.15699658,0.38479197,1.0,0.88163316,0.620883,0.8985091
0.14176695,0.15673125,0.14456561,0.07364546,0.031206312,0.028318712,0.06961329,0.19186324,0.660522,1.0,0.3919686,0.1977204
0.045890372,0.059304755,0.0777382,0.07376372,0.14905538,0.5335242,1.0,0.9725328,0.7879233,0.3293483,0.15692548,0.074986264
0.054629568,0.08269844,0.11460439,0.093100086,0.15626255,0.85764337,1.0,0.7253261,0.80147034,0.28081438,0.13175946,0.06712923
0.15140447,0.2754341,0.25157872,0.22852631,0.31782874,1.0,0.961997,0.7800464,0.8512997,0.5035423,0.25808737,0.11752284
0.96747184,1.0,0.6351449,0.43091676,0.30797735,0.27995297,0.37043372,0.4988387,0.5615719,0.7952147,0.63613945,0.49305817
1.0,0.570889,0.28307185,0.15534663,0.0930861,0.14010574,0.29465842,0.54701436,0.577945,0.3963785,0.53565496,0.93140453
0.5930519,0.32622316,0.22172001,0.12696989,0.09944395,0.08824474,0.13533115,0.2810302,0.5130487,0.5998562,0.61896265,1.0
0.5410837,0.588587,0.24795961,0.20416158,0.24624963,0.22153847,0.14780007,0.18559998,0.32991374,0.4418044,0.83576196,1.0
0.85226506,1.0,0.42374808,0.16166854,0.27761987,0.54043776,0.8251335,0.67462,0.18593706,0.18495107,0.4480219,0.53877306
0.14286292,0.23853149,0.51597005,0.12003224,0.06114308,0.1572047,0.4400477,1.0,0.22412321,0.05615171,0.060889263,0.08841446
0.01920729,0.062573135,0.4270228,0.127839,0.028750028,0.08832494,0.23793499,1.0,0.25422028,0.021719988,0.023247255,0.033675898
0.015175778,0.07880398,0.29970363,0.08843786,0.109113365,0.31734255,0.7270246,1.0,0.20369315,0.01992869,0.02193916,0.021260211
0.033483878,0.063707724,0.10266313,0.13671239,0.49981275,1.0,0.9400479,0.3594339,0.14812806,0.06864345,0.083844,0.035426233
0.23691168,0.25351715,0.62063235,0.72541773,0.5355044,0.88221884,0.97409576,0.60320055,1.0,0.6379701,0.6272189,0.38786888
0.24465454,0.5428528,0.8679549,0.2626188,0.18368499,0.840885,0.9499216,0.4020877,0.50075084,1.0,0.6806999,0.4887208
0.5060001,1.0,0.7018988,0.27187568,0.15065742,0.24460699,0.38113555,0.5793639,0.49843538,0.847945,0.70277786,0.4113245
0.3798843,0.5422568,0.38477266,0.3028563,0.3026621,0.32877195,0.42096406,0.54525965,0.56587183,0.942841,1.0,0.40311506
0.23647879,0.20380884,0.13022281,0.08483506,0.24140625,1.0,0.5597341,0.24347743,0.43506852,0.53099495,0.5338505,0.4241703
0.23677406,0.13853924,0.09667508,0.08068077,0.22132105,1.0,0.52644026,0.24215886,0.3911216,0.34354135,0.5046105,0.5314904
0.49996245,0.2620884,0.20399453,0.19010067,0.24002992,0.509098,0.38485402,0.5489747,1.0,0.46358687,0.7321524,0.9553739
0.3681488,0.67283195,0.5099066,0.22929686,0.07286691,0.15650071,0.21254322,0.5061656,1.0,0.50783,0.3426112,0.37663028
0.028644381,0.2583297,0.85822433,1.0,0.24866495,0.015811782,0.009602302,0.032684796,0.10799514,0.0456648,0.036346026,0.016806906
0.0063696527,0.049552467,0.2937209,1.0,0.5954024,0.04076558,0.0038737908,0.007982228,0.02138629,0.011398545,0.053921726,0.052323353
0.021598822,0.0053592175,0.057573006,0.65716,1.0,0.08430479,0.0024011652,0.00159017,0.002370705,0.0036189668,0.104309715,0.2720103
0.09708837,0.0030567003,0.05624744,0.5320781,0.58010674,0.043922544,0.0014211363,0.000651097,0.0010988573,0.022586996,0.5597046,1.0
0.14244667,0.015242596,0.3101131,1.0,0.20002678,0.009069199,0.0009876414,0.0007729612,0.001632125,0.079907306,0.73853534,0.82998914
0.020569324,0.011063718,0.3469759,1.0,0.22182721,0.018613338,0.0011911823,0.00079901755,0.0012087935,0.057036325,0.1929521,0.047941733
0.00547854,0.005898601,0.17699116,1.0,0.9864923,0.19660299,0.010961832,0.0021431807,0.0019604238,0.019822787,0.08358421,0.036970437
0.007853002,0.0041305865,0.055589464,0.3374811,1.0,0.4657734,0.03601266,0.0050470633,0.0014505723,0.0014922242,0.005952944,0.015175237
0.0044737374,0.007931383,0.0812847,0.38189298,1.0,0.58295137,0.07717269,0.023684047,0.008342843,0.0037986087,0.0050272183,0.007386368
0.0040929364,0.09818255,0.46863702,0.20094746,0.23991622,0.29525694,0.32463267,1.0,0.96570724,0.24049482,0.019495139,0.0045724055
0.014458062,0.060586527,0.36657208,0.17155348,0.07876356,0.42597234,0.19034721,0.6845449,1.0,0.24629183,0.10952194,0.044940837
0.029615203,0.06584327,0.18255456,0.09286998,0.05061046,0.33872348,0.15114187,0.27120835,0.511162,0.6850217,1.0,0.27160603
0.010252641,0.024786416,0.044518027,0.011350318,0.016258402,0.060531978,0.033402815,0.044684548,0.13573872,0.6535724,1.0,0.21853541
0.013846168,0.009895239,0.016119506,0.01893912,0.048370827,0.091301344,0.12994646,0.2734904,0.5903768,1.0,0.91555685,0.2500536
0.38305503,0.18105327,0.23925793,0.45730427,0.76898617,0.7889512,0.7637567,1.0,0.6148875,0.45100722,0.3892831,0.5969517
1.0,0.37952036,0.0914362,0.07485055,0.1317365,0.16958378,0.074698456,0.03366057,0.056624398,0.09912309,0.16337903,0.6515549
0.920011,0.73797596,1.0,0.71744245,0.22939311,0.20414367,0.2825928,0.5720832,0.2998119,0.28466454,0.26698035,0.7249868
0.08002912,0.16363038,1.0,0.61564296,0.04407251,0.01780298,0.08159215,0.28716272,0.109352455,0.04933574,0.040788367,0.1254397
0.028313732,0.18429007,1.0,0.50010514,0.028171258,0.010062118,0.03621649,0.13904616,0.063212946,0.012077262,0.013918413,0.054344136
0.03044009,0.31684202,1.0,0.8924394,0.11960389,0.021231426,0.05115683,0.12805901,0.27310303,0.093295954,0.008062902,0.015783524
0.02657621,0.14076369,0.6936495,1.0,0.28414556,0.04260046,0.13679194,0.2572075,0.73781216,0.41590554,0.044251934,0.0071829394
0.015328048,0.24220648,1.0,0.37444353,0.19087791,0.11229337,0.3191166,0.6824511,0.9391995,0.64722854,0.1758804,0.026020903
0.06146584,0.19126073,1.0,0.5277551,0.12871438,0.053591292,0.0382663,0.03284891,0.048147198,0.04613158,0.045820106,0.073564656
0.45625034,0.63417184,1.0,0.84245867,0.57395184,0.32375267,0.2761866,0.2578135,0.28604388,0.22128591,0.18008609,0.2691584
1.0,0.8333304,0.93286204,0.96990347,0.9664817,0.85092723,0.59631747,0.7704198,0.7400297,0.64955217,0.57873243,0.6715138
0.04466907,0.19784454,0.8878338,1.0,0.39571127,0.18080519,0.0792373,0.0411674,0.031793598,0.071176715,0.0758491,0.039881915
0.010788381,0.046440724,0.48577508,1.0,0.37050357,0.085666925,0.03469032,0.015881697,0.0062527265,0.038304705,0.08803336,0.0211853
0.4323115,0.96926135,1.0,0.843941,0.51851124,0.3296161,0.21076797,0.21787815,0.14468287,0.13021919,0.17989457,0.21848054
0.08669458,0.3338549,0.80551577,1.0,0.3958842,0.042589124,0.009165026,0.013539051,0.011776488,0.019327883,0.020704504,0.026225949
0.0068527786,0.0396516,0.18864968,0.6604139,1.0,0.3495639,0.019268265,0.0011728851,0.0007815848,0.002535777,0.003545598,0.0023843618
0.00036448365,0.001744588,0.019897647,0.17402805,0.8599842,1.0,0.15848221,0.0027576347,0.00011407013,0.00017121813,0.00033377783,0.00036865965
0.00028411564,0.00067976245,0.0025539598,0.01394899,0.21291195,1.0,0.31984475,0.006678728,0.000118766664,8.7734894e-05,5.2290954e-05,7.4653544e-05
0.0018181112,0.0033855115,0.008887473,0.045886524,0.20795208,1.0,0.43910614,0.013995321,0.0008465867,0.0005830565,0.0002121664,0.00020032944
0.005799265,0.017420296,0.09214372,0.2310439,0.58833575,1.0,0.32755092,0.01617471,0.0010187259,0.0007421169,0.00034083799,0.0006041422
0.0007925627,0.0034857094,0.028046388,0.12610823,0.6716455,1.0,0.1643237,0.00991744,0.001188352,0.0003939961,6.871248e-05,6.417543e-05
0.0011386065,0.009814314,0.0137648955,0.14621788,0.78720874,1.0,0.22127172,0.027065672,0.007865206,0.002528337,0.00087048067,0.0001640637
0.0016456066,0.013284313,0.022176042,0.11604699,0.6485164,1.0,0.43608114,0.028034698,0.007806488,0.0047081024,0.0015522938,0.0004219643
0.00062174245,0.004775566,0.038426053,0.12647535,0.43849742,1.0,0.48072645,0.020251688,0.00505791,0.0019888093,0.0007194763,0.0005050487
0.0026264633,0.008877385,0.08583597,0.11372654,0.5687866,1.0,0.29707456,0.024698416,0.013747148,0.005121535,0.0025284593,0.0021028945
0.023417765,0.026250439,0.069986686,0.130243,0.61594135,1.0,0.13175805,0.04747097,0.031583436,0.023233658,0.012917796,0.015916167
0.059943385,0.06531593,0.07316485,0.13541313,0.49319643,1.0,0.19587848,0.080889195,0.043641016,0.04434306,0.031466044,0.048663065
0.34792817,0.34075713,0.35347855,0.3041006,0.41740677,1.0,0.5485392,0.38442314,0.26206136,0.34033647,0.23844466,0.2774059
0.5576583,0.5024166,0.5174976,0.45562097,0.4640441,1.0,0.47691104,0.44053492,0.32053015,0.4346226,0.4123895,0.40374565
0.6659486,0.82817346,0.9959352,0.85927755,0.98449254,1.0,0.8441787,0.8415059,0.54490286,0.5144053,0.7415405,0.6364227
0.5794195,0.6788654,0.7393122,0.72535735,1.0,0.70514894,0.6130684,0.66356605,0.4301659,0.39856017,0.52321196,0.51810426
0.19232176,0.19277868,0.28759372,0.80338556,1.0,0.509226,0.23322606,0.24704139,0.21834624,0.17323834,0.15890853,0.15948346
0.021348108,0.031461816,0.0756842,0.3875964,1.0,0.53041136,0.11749386,0.047250416,0.034360874,0.04831509,0.030645577,0.018616674
0.04621786,0.06981635,0.13191327,0.30761528,1.0,0.58256096,0.20228852,0.13960233,0.043827064,0.057562392,0.045281403,0.041871384
0.39847052,0.4097908,0.6320311,0.65626067,1.0,0.6377974,0.46719432,0.6131705,0.30149952,0.3263242,0.3719659,0.59253305
0.40907052,0.38779378,0.71308964,0.87400377,1.0,0.8205474,0.6164528,0.6875384,0.4880576,0.7744865,0.8603903,0.79678863
0.47130302,0.57720065,0.7920609,0.90661925,0.7090032,1.0,0.664222,0.7234127,0.43904522,0.44274217,0.49179652,0.59093547
0.6329718,0.9027563,0.83298475,0.80362004,0.7972472,1.0,0.5869535,0.61596584,0.41528946,0.52821726,0.4358246,0.56684357
0.75013995,0.844884,0.83540946,0.82794654,0.9409571,1.0,0.6307243,0.62105566,0.55630577,0.8100436,0.75371855,0.6724533
0.65400773,0.68620676,1.0,0.53842914,0.43911085,0.43533218,0.30765203,0.2369972,0.2363927,0.42128515,0.6482268,0.6010007
0.5807768,0.6791106,1.0,0.63921756,0.45497924,0.52219576,0.4378876,0.36501533,0.2111704,0.35544968,0.62139803,0.6577737
0.7869987,0.786661,0.8267926,1.0,0.87595797,0.8438441,0.9635235,0.960068,0.49948263,0.4898332,0.5644191,0.6330324
0.7587904,0.6369616,0.5445819,0.38184664,0.35724044,0.36753,0.34890518,0.45742565,0.65919304,0.88305074,1.0,0.8584771
0.32022753,0.26032996,0.24208719,0.33857384,0.3340535,0.11542907,0.06808058,0.14126842,0.31828636,0.62633175,1.0,0.5994419
0.16102952,0.118290514,0.11990394,0.1710442,0.17328273,0.107792154,0.10065157,0.4393565,1.0,0.91889346,0.59457994,0.4211956
0.36600244,0.14010373,0.15108445,0.23433615,0.12183559,0.059967488,0.073090516,0.33237997,0.81229794,0.9612397,1.0,0.97536534
0.91543204,0.16245978,0.13702391,0.24600229,0.13913976,0.035760324,0.028628398,0.055544775,0.11706639,0.18640497,0.40076736,1.0
0.6398076,0.10215553,0.29585928,1.0,0.28238133,0.07654412,0.06933225,0.028793808,0.014828402,0.04546668,0.23390172,0.70938545
0.061064847,0.023949157,0.34128025,1.0,0.17740102,0.051348694,0.054915033,0.03835146,0.07420316,0.15508468,0.22323164,0.16326718
0.016214114,0.028370691,0.3303892,0.79204726,0.14314769,0.036993586,0.06624422,0.27119055,1.0,0.5139806,0.083588906,0.028559826
0.007861342,0.016133014,0.16106932,0.16317719,0.021486053,0.011652991,0.01885778,0.19238289,1.0,0.7311884,0.09814716,0.011821181
0.01832322,0.042296294,0.38504833,0.4507373,0.054410268,0.04243425,0.05364802,0.049666524,0.3725032,1.0,0.5902521,0.08137019
0.042262044,0.051228587,0.14095327,0.19243692,0.0724868,0.074609146,0.15197536,0.059037223,0.059735697,0.5472118,1.0,0.24927345
0.49870557,0.05151032,0.03666435,0.079382084,0.048767608,0.064771384,0.12867261,0.10470409,0.06842703,0.17621744,0.2915764,1.0
0.5295642,0.071083814,0.04677806,0.08277026,0.043388568,0.04917498,0.121125616,0.13545984,0.21606366,0.8556972,0.48297194,1.0
0.15326808,0.046246316,0.030043973,0.03585297,0.024709802,0.030808987,0.069041595,0.09611584,0.17392923,1.0,0.4849394,0.19098668
0.17667879,0.08841604,0.05433368,0.06320666,0.038828846,0.049543116,0.10666502,0.19927965,0.25186256,1.0,0.56647664,0.40329367
0.3118362,0.04955193,0.058502868,0.06385858,0.01987576,0.039285213,0.09578509,0.15976615,0.20482457,0.71601075,0.5469544,1.0
0.48893753,0.097511,0.27634922,0.33750492,0.071906485,0.09241974,0.13490292,0.21038562,0.34404743,0.6410635,0.48702356,1.0
0.15248327,0.0665073,0.21982521,0.29260957,0.11394486,0.19346085,0.5464348,1.0,0.82741606,0.37153706,0.10590409,0.19318743
0.022651237,0.036140155,0.11626935,0.21031943,0.078796245,0.15206094,0.69148296,1.0,0.28095406,0.09709567,0.03362934,0.028342037
0.17023273,0.10065954,0.24399984,0.34441388,0.12549086,0.13593596,0.5963814,1.0,0.63874435,0.38777325,0.30989668,0.27171597
0.62272763,0.7884165,1.0,0.6537655,0.19297768,0.13368416,0.38610747,0.21237805,0.16505364,0.15488024,0.26683855,0.41053462
0.08325703,0.35561988,1.0,0.508804,0.11243388,0.06744636,0.21382762,0.06651304,0.007131645,0.004976261,0.008244201,0.025431557
0.06366192,0.25402954,1.0,0.68163776,0.14492904,0.08818067,0.17635784,0.07855044,0.01150431,0.005616619,0.00786808,0.0161378
0.31440654,0.64800495,1.0,0.94071674,0.35561416,0.27324733,0.47518063,0.27182856,0.14238098,0.21075699,0.19533995,0.20212811
0.13305406,0.11753314,0.3119485,0.6649024,0.46178323,0.2619358,0.5144032,0.35123065,0.94976074,1.0,0.23223625,0.1540543
0.08551842,0.086891346,0.15489346,0.5005539,0.34086502,0.18258984,0.2837448,0.2525079,0.92380065,1.0,0.32545617,0.09192348
0.3247159,0.3275915,0.3231388,1.0,0.6039616,0.3699972,0.57948375,0.5186592,0.3374215,0.6793469,0.793601,0.463764
0.25337392,0.63010126,0.74046713,1.0,0.55863076,0.3071788,0.35901374,0.2356679,0.06266867,0.08769702,0.120929815,0.15432554
0.02172903,0.27375028,1.0,0.4704036,0.19355081,0.13589244,0.15029943,0.06134912,0.028704502,0.040739674,0.019007541,0.009091104
0.008365406,0.12593396,1.0,0.36349264,0.0684727,0.051382154,0.06264026,0.018631015,0.011216812,0.020546164,0.0115734,0.0033142234
0.0078186495,0.11507795,1.0,0.3056604,0.07619984,0.032934725,0.04483754,0.009996576,0.006727158,0.014242008,0.0058396165,0.0034307865
0.008640456,0.15167905,1.0,0.21670496,0.12366052,0.041387994,0.043185223,0.0084601175,0.0069228425,0.010214826,0.003631261,0.005435462
0.012337426,0.1479834,1.0,0.30882356,0.42994964,0.17449826,0.04240958,0.009451585,0.007414215,0.012976851,0.0047312244,0.0044005257
0.04012004,0.119941235,0.8259486,0.49395904,1.0,0.65617067,0.032934777,0.007544967,0.0055722864,0.020216359,0.013723282,0.006044181
0.062102012,0.11039776,0.6397768,0.47115487,1.0,0.93315065,0.029634593,0.004888792,0.0051462003,0.041367956,0.037172556,0.0091467
0.059214134,0.3168384,1.0,0.49674767,0.97793704,0.6845899,0.035984397,0.012386465,0.018846657,0.1576802,0.1011962,0.017164126
0.0154224,0.10852457,0.17235132,0.68336976,1.0,0.24151818,0.0341061,0.011250925,0.013351337,0.014068975,0.02846971,0.025645567
0.00981714,0.044875033,0.069282606,0.2861081,1.0,0.25435847,0.0141792055,0.0047314484,0.008542292,0.0020577067,0.008520063,0.027529886
0.015553833,0.047025774,0.08486292,0.20320758,1.0,0.23226961,0.015633404,0.0044803596,0.009303276,0.0015664105,0.0069459495,0.039396994
0.0156167485,0.05037109,0.077167846,0.37887162,1.0,0.15959093,0.023940919,0.007316721,0.009063224,0.0014211561,0.013927317,0.052951697
0.0073367734,0.03910537,0.07220391,0.79212314,1.0,0.11441019,0.036505587,0.018062605,0.0113579575,0.0023674734,0.023695786,0.039520673
0.0046666157,0.015343359,0.041704454,0.3729733,0.5540847,0.3611202,0.54313844,1.0,0.6356563,0.08778579,0.012744119,0.012269996
0.00065302674,0.0019260251,0.0019900105,0.0046133674,0.027271057,0.0684142,0.19065478,1.0,0.6995374,0.051712323,0.0016449306,0.00095571077
0.0029536413,0.0010596784,0.0011259678,0.00912253,0.062244583,0.15333682,0.33173072,1.0,0.5740696,0.0371668,0.0010139024,0.0043795784
0.01815614,0.0025183451,0.011565129,0.3103704,1.0,0.52532786,0.38214952,0.5011958,0.22997096,0.021331891,0.02403651,0.08995268
0.010641245,0.0018001453,0.01009702,0.3477261,1.0,0.18892492,0.07734282,0.012780968,0.004909054,0.0010419528,0.024646936,0.09545725
0.014881596,0.0032599722,0.0087989895,0.2249678,1.0,0.25505275,0.07261464,0.015587866,0.0031993664,0.00034753128,0.013143853,0.08482292
0.012714233,0.0048171333,0.016425446,0.35127175,1.0,0.2148804,0.10099021,0.012964053,0.00171421,0.0008753255,0.03108985,0.08969111
0.005396085,0.0059319446,0.07942092,1.0,0.9898211,0.2363037,0.16400729,0.0100180395,0.0014510347,0.01042229,0.15279225,0.1074116
0.0010013503,0.005287527,0.24079666,1.0,0.23241524,0.057021733,0.033347208,0.005379369,0.001201247,0.043681737,0.2057836,0.039350085
0.0005451599,0.0075051063,0.38020033,1.0,0.10844213,0.0071902773,0.0027678062,0.0027233986,0.0012217953,0.07207594,0.20698547,0.018067583
0.0011219186,0.0034541194,0.18708701,1.0,0.28862447,0.019357787,0.0074943327,0.001508831,0.00079881924,0.034005504,0.18066558,0.043364633
0.0070027183,0.0024068302,0.05365942,0.9731993,1.0,0.08733365,0.053445153,0.0025267017,0.00040812945,0.0076284874,0.1323894,0.13549834
0.010660366,0.001495266,0.0071253744,0.40255865,1.0,0.10343118,0.05884763,0.004155402,9.578906e-05,0.00068024703,0.042255003,0.11485051
0.007136074,0.0009901455,0.008698534,0.4477582,1.0,0.0858412,0.04473965,0.0031697229,0.0001475458,0.0005549179,0.040138282,0.09475191
0.0034256421,0.00056444935,0.021381473,0.7683888,1.0,0.065641806,0.032502823,0.0016205068,0.00023035651,0.0014725159,0.07240122,0.09174236
0.004678857,0.0005763225,0.028898936,0.971903,1.0,0.067837484,0.036508717,0.0012242233,0.00033594226,0.0027558708,0.12525366,0.14507622
0.01896081,0.0006415616,0.012683252,0.49316242,1.0,0.13095503,0.017992998,0.00085166434,0.00036162243,0.001590023,0.07432112,0.16581915
0.07129696,0.0021606244,0.0025163381,0.12819213,1.0,0.4758073,0.015805159,0.0008404907,0.00036474178,0.00035296308,0.016256781,0.13362591
0.12185317,0.0039484124,0.0016919659,0.07164183,1.0,0.9054015,0.03103647,0.0011622543,0.00024063427,0.00020369224,0.0042479485,0.11107965
0.031950183,0.0011369914,0.0072840685,0.22375415,1.0,0.35436457,0.008782159,0.0004887594,0.00019313108,0.0006387706,0.012928367,0.06568149
0.0033612286,0.0054853656,0.20635341,1.0,0.56398773,0.053705245,0.002170195,0.0004764477,0.0011559743,0.028266853,0.08844959,0.029183801
0.0011711767,0.01119198,0.47199014,1.0,0.12636311,0.00485235,0.0015220203,0.00034827285,0.00182226,0.0620083,0.108084,0.01350886
0.0013496715,0.013448418,0.58277684,1.0,0.109926134,0.003929762,0.0007716459,0.000112972644,0.0013124107,0.051701833,0.11762395,0.03406295
0.008630981,0.003745843,0.18888648,1.0,0.5549201,0.045080062,0.0007314458,0.0001784282,0.00029844814,0.016833305,0.20943883,0.16638456
0.058205493,0.003599248,0.020254781,0.46016008,1.0,0.2760013,0.013054205,0.00043038357,0.0009963741,0.0036605368,0.094955444,0.19294114
0.20734896,0.014370758,0.005483525,0.09817574,0.8235885,1.0,0.07388736,0.00089383934,0.0025496024,0.0020071752,0.012670837,0.13922393
0.0843777,0.005374552,0.0056614135,0.14450935,1.0,0.5855858,0.026593423,0.0005911882,0.0010355869,0.0010700622,0.01228537,0.09088621
0.01103266,0.003276004,0.04780138,0.56892616,1.0,0.19868599,0.0044762855,0.0015758681,0.0005744943,0.0057682744,0.057280473,0.052129555
0.0020084425,0.0050021033,0.24876983,1.0,0.2748046,0.019685078,0.0024892197,0.0030009723,0.0006187206,0.03582597,0.1537691,0.025004108
0.002256041,0.0074329157,0.3570995,1.0,0.12353832,0.010121723,0.0025376675,0.0026129326,0.00063454086,0.041235164,0.21387814,0.04405964
0.05321073,0.014633806,0.21855733,1.0,0.5937934,0.112813585,0.005639642,0.0021321522,0.0011384682,0.020900471,0.26111677,0.24458614
0.46154982,0.040050562,0.03565024,0.279478,1.0,0.70191675,0.041588053,0.0015808834,0.0018953428,0.0044269124,0.08342876,0.39876524
0.8697515,0.071846455,0.018871695,0.14775904,0.9459544,1.0,0.06596389,0.0024476915,0.004308948,0.0048017083,0.042837914,0.48494595
0.21247834,0.03311714,0.2903115,0.8501592,1.0,0.27053,0.014076984,0.0019607572,0.005337305,0.056140132,0.1923426,0.35829806
0.01085647,0.07848023,1.0,0.8500525,0.1669886,0.04672934,0.007352142,0.00084741204,0.011062046,0.1931064,0.16972944,0.03823384
0.0067461557,0.070234545,1.0,0.7227397,0.056565348,0.01989099,0.0033365116,0.0010799196,0.01160855,0.26504344,0.27677292,0.030984126
0.031941634,0.028773578,0.5155339,1.0,0.3872425,0.086941354,0.005991352,0.0018773654,0.004098948,0.1917029,0.7413924,0.3518442
0.18779975,0.02913252,0.17526688,0.44426268,1.0,0.7769701,0.04612054,0.0028116913,0.0026519333,0.0468003,0.5711434,0.74223316
0.15161447,0.013555959,0.047141813,0.16031069,1.0,0.9160647,0.055142716,0.004088657,0.0036928742,0.009839848,0.04549317,0.18386921
0.03929958,0.017495971,0.21548633,1.0,0.9742903,0.21289943,0.010609882,0.0027128386,0.0043736156,0.100748554,0.3333725,0.18180108
0.0028918777,0.022074504,0.48219696,1.0,0.17100695,0.015722,0.0020125562,0.0011701282,0.0071153305,0.20539539,0.3496812,0.04472739
0.0035863256,0.01679433,0.395149,1.0,0.2298637,0.026276343,0.01669155,0.0057840925,0.005140695,0.09526891,0.12152198,0.008877895
0.015680887,0.020612651,0.14513537,0.58392906,0.47935987,0.3521972,0.58298916,1.0,0.9331331,0.26664653,0.033472955,0.013012422
0.0017304892,0.002310643,0.0050326944,0.0059839115,0.011872364,0.034774758,0.08067405,0.47449395,1.0,0.34695163,0.023795955,0.00208444
0.0077730347,0.003347864,0.006375596,0.017472979,0.05008062,0.08235496,0.12588413,0.47926795,1.0,0.39778483,0.031146863,0.0054790964
0.08454477,0.06953375,0.15261999,0.3183747,0.5243294,0.5761589,0.46616653,0.63401324,1.0,0.4777922,0.08861182,0.06031314
0.08095358,0.7745369,1.0,0.20661055,0.07988782,0.09386635,0.13684006,0.05074383,0.12953088,0.10907434,0.016588436,0.04127437
0.023779955,0.5588287,1.0,0.116674475,0.022175547,0.023893911,0.02719304,0.019526508,0.06435926,0.106558375,0.011733497,0.0109166065
0.028875977,0.45174772,1.0,0.18736859,0.03336556,0.02666909,0.024825925,0.009715354,0.039055727,0.12399379,0.026167808,0.007247655
0.09912708,0.65588135,1.0,0.24912842,0.07717707,0.051722728,0.03660603,0.008726604,0.029067561,0.12881376,0.06537398,0.020329913
0.18003702,0.92103165,1.0,0.1458545,0.029109227,0.01424917,0.01426783,0.006458302,0.015652377,0.021093335,0.02507999,0.020245116
0.7620733,1.0,0.71745855,0.3352137,0.11200927,0.086345665,0.0841084,0.082794525,0.13112758,0.15286303,0.11602681,0.21622477
0.05527593,0.108014144,0.057007276,0.01470779,0.005723288,0.0076190685,0.06907057,0.5463938,1.0,0.29840952,0.041550066,0.023142086
0.037252773,0.18871118,0.20572332,0.024489738,0.0008514026,0.0009334063,0.007256677,0.15324193,1.0,0.7622188,0.04183091,0.0062109847
0.01057305,0.16973206,0.30644068,0.025135456,0.00088192616,0.00041913227,0.0007892433,0.02697901,0.5252812,1.0,0.066748984,0.00199407
0.0025802425,0.094085835,0.18519434,0.013001997,0.0004298133,0.00057437137,0.0008776154,0.0034088553,0.286586,1.0,0.10602298,0.0021105495
0.0076236497,0.057272613,0.15596515,0.01720548,0.00037245452,0.0011761828,0.0014491142,0.0020206426,0.1817149,1.0,0.21005324,0.011510947
0.13230765,0.0961927,0.39111996,0.0974485,0.0037383423,0.0038246138,0.0034803222,0.002772535,0.12982662,1.0,0.3081835,0.078069806
0.20760173,0.1336662,1.0,0.83248365,0.053982224,0.00861913,0.005234388,0.0044310214,0.042993113,0.4120748,0.2462963,0.09575018
0.011179589,0.026015349,0.6580469,1.0,0.08542894,0.005293253,0.0022807764,0.0027650513,0.0043742834,0.10646141,0.17245474,0.023657287
0.011209512,0.01987931,0.6160751,1.0,0.080936134,0.0072731413,0.02105608,0.021029778,0.004406416,0.1163408,0.2187902,0.023255521
0.014891217,0.053711653,0.929,1.0,0.07464798,0.018273776,0.25954995,0.185614,0.012828392,0.21010032,0.27859166,0.018044705
0.07291037,0.15090734,1.0,0.40466523,0.038808495,0.026589418,0.25620893,0.13390407,0.018164683,0.17780691,0.09408077,0.026836088
0.09915182,0.21991897,1.0,0.2251642,0.09465735,0.033178862,0.07205792,0.012771067,0.02018923,0.14404783,0.028544977,0.03146927
0.044699486,0.15615696,1.0,0.35704607,0.1940844,0.06393939,0.05492168,0.010166006,0.01142178,0.104655735,0.025762442,0.012916287
0.036431514,0.12735774,1.0,0.42494005,0.19932185,0.0782335,0.07749305,0.015511019,0.0051197223,0.058084063,0.02143042,0.008387159
0.044951674,0.20450085,1.0,0.33736667,0.1633606,0.07101926,0.112956055,0.01698791,0.004133436,0.026080513,0.011125949,0.014934719
0.063693486,0.3723825,1.0,0.2089934,0.14601368,0.07963482,0.12112588,0.0117220795,0.020500638,0.10680899,0.047471635,0.048843358
0.02950641,0.295293,1.0,0.21179248,0.034993242,0.014921858,0.016684249,0.0038027565,0.080537885,0.50342333,0.14290978,0.04124476
0.017179903,0.20679395,1.0,0.23128648,0.011117819,0.0032736245,0.004479189,0.0019615663,0.09674798,0.6385203,0.11116225,0.011096726
0.05058001,0.14715585,1.0,0.30835065,0.03221151,0.010452173,0.012161946,0.0043412186,0.08719075,0.811794,0.21909468,0.016928496
0.07995168,0.17243692,1.0,0.25697953,0.121061176,0.03292648,0.01734091,0.007667228,0.08353981,0.63517404,0.16020902,0.031229338
0.013627246,0.27356744,1.0,0.25156417,0.030664353,0.017390983,0.008074356,0.006957754,0.0642198,0.11211952,0.012819267,0.0039259973
0.009039555,0.33286437,1.0,0.39159885,0.05135735,0.02297735,0.011356756,0.008951046,0.0966371,0.11122716,0.010479747,0.0018927569
0.0134165995,0.53306425,1.0,0.31695572,0.07478944,0.030126698,0.03692881,0.02574139,0.35684305,0.67384446,0.04701235,0.004721222
0.007413376,0.29447666,0.6521254,0.064013645,0.0044072904,0.010095018,0.017641177,0.010917628,0.3162378,1.0,0.11985779,0.0029169538
0.0029216076,0.07807341,0.4353237,0.12763046,0.0030857953,0.002527992,0.006201599,0.0056284447,0.12271297,1.0,0.3085604,0.0051395185
0.001500174,0.027899815,0.4995092,0.2621139,0.005252516,0.001291137,0.0057317186,0.005451616,0.06727948,1.0,0.44616386,0.007750199
0.0022537063,0.041665114,0.53394085,0.26977015,0.007965342,0.0027041251,0.0078103705,0.005198222,0.1346877,1.0,0.28036836,0.0052670976
0.018831013,0.17214723,0.44021103,0.12781417,0.013146194,0.015466935,0.02497052,0.007989485,0.2760621,1.0,0.13332824,0.008846459
0.11143448,0.60026973,0.56277394,0.09831263,0.027000384,0.046429545,0.05380598,0.009534583,0.30466446,1.0,0.16689804,0.039197333
0.028738368,0.20093325,0.33691904,0.06929583,0.008805281,0.011607472,0.010033343,0.0044885054,0.18156381,1.0,0.16407718,0.012803674
0.0075083827,0.08031123,0.32803723,0.09229349,0.006068131,0.0021136513,0.0038613533,0.0063566626,0.15537798,1.0,0.16318549,0.0029865815
0.011034996,0.11744635,0.5451265,0.15476446,0.006065379,0.001690509,0.0025170827,0.009763633,0.1511914,1.0,0.22405852,0.0072057447
0.0027051794,0.037745927,0.38098466,0.24042805,0.01060325,0.0006405326,0.0009538416,0.002291765,0.06813599,1.0,0.47548142,0.0112294005
0.0010162154,0.017050762,0.44633296,0.55235064,0.033975944,0.0014670979,0.0010569257,0.0014994274,0.053705145,1.0,0.81788075,0.030170757
0.001431281,0.018715851,0.61095953,1.0,0.08140618,0.0025580097,0.0021568676,0.0016599433,0.024066944,0.34221637,0.40573975,0.020206364
0.0021873887,0.012556076,0.27173278,1.0,0.16476837,0.0021345073,0.0011576862,0.00066356023,0.0026701353,0.029664367,0.037495498,0.0035990167
0.0015081271,0.006395617,0.18948823,1.0,0.25436217,0.00514894,0.0011923205,0.0019608692,0.0021280746,0.022363352,0.09364104,0.020114912
0.006690782,0.012005917,0.13582604,1.0,0.70988536,0.08977501,0.006142237,0.023399398,0.026798751,0.027884327,0.13556854,0.10285312
0.025123801,0.047559828,0.18589915,0.63213813,1.0,0.37033096,0.077966854,0.24266957,0.24352807,0.0816484,0.09689206,0.14322436
0.008762358,0.02015185,0.0636703,0.22809006,0.60852355,0.43771306,1.0,0.58102995,0.1729939,0.12126007,0.04527326,0.019568719
0.0020251481,0.0047406415,0.0055118585,0.026176142,0.0728991,0.14979438,0.98836553,1.0,0.06480662,0.012363175,0.0078036794,0.002837762
0.0010514173,0.0026054902,0.0020965738,0.0012296233,0.00613647,0.080196,0.6466834,1.0,0.069876984,0.0019377773,0.0011227806,0.00093033124
0.0024203607,0.0020152738,0.004261824,0.010083143,0.14649536,0.5669675,1.0,0.47989744,0.022493176,0.00035277853,0.00029140164,0.0024665338
0.007942426,0.0028790405,0.020379907,0.19850086,0.7180505,1.0,0.61199456,0.13362697,0.00543747,0.0005795428,0.0022312978,0.010137229
0.005434647,0.005499933,0.22916889,1.0,0.85108966,0.34484163,0.05864872,0.0036566446,0.0007434708,0.0061609563,0.017576603,0.011650552
0.00055480323,0.01832843,0.69286996,1.0,0.103215925,0.004914455,0.001372961,0.00033620873,0.00027177244,0.012659436,0.024657711,0.0018539431
0.00044504428,0.035957318,1.0,0.8558003,0.0290936,0.0015454729,0.0006175129,0.0002633442,0.00018500362,0.007991358,0.009729822,0.00051132694
0.00031582123,0.047695864,1.0,0.6561346,0.015807878,0.001146301,0.0010759748,0.00039290843,0.00017437458,0.004335753,0.0035633491,0.00020374838
0.0004927165,0.0671183,1.0,0.4944608,0.009366803,0.0014299701,0.0015739816,0.00038532223,0.00020137978,0.0018722188,0.003070081,0.00061546674
0.0012708956,0.12910327,1.0,0.3174877,0.008757398,0.0039411965,0.0019519172,0.00042552478,0.0012434946,0.0025443996,0.005025342,0.0014784086
0.008006025,0.39276722,1.0,0.21083277,0.009887148,0.0019997277,0.0010833336,0.0007485754,0.0114854,0.022308275,0.0099027185,0.00218593
0.028576188,0.83897877,1.0,0.09107683,0.0037343113,0.0005450456,0.0003166273,0.0015500699,0.037302762,0.032772593,0.002308568,0.0005931101
0.045936096,1.0,0.9975445,0.12076077,0.0029910873,0.0010119469,0.0007301325,0.0051853573,0.08111061,0.065015234,0.003250384,0.00039089483
0.017809961,0.4692019,1.0,0.51924527,0.060570408,0.0021832322,0.0009121364,0.0049169264,0.057999764,0.13110945,0.025628813,0.0013918753
0.0018965516,0.0525216,0.275036,1.0,0.47406706,0.014116275,0.00070001715,0.0021000453,0.00831535,0.047945403,0.01812019,0.0034485841
0.00035234212,0.006621016,0.1292205,1.0,0.6759317,0.021001818,0.00035643528,0.0006394317,0.0015940206,0.008765883,0.021047631,0.0076255063
0.004776107,0.11826725,0.7278571,1.0,0.2295956,0.0063272263,0.00010193606,0.0007319118,0.015230795,0.08956876,0.07528952,0.006858048
0.12844947,0.8359393,1.0,0.3447072,0.021527687,0.000615728,0.00020439106,0.005740738,0.09290687,0.20982365,0.06200583,0.0068252785
0.6588206,1.0,0.24699692,0.029562123,0.011892918,0.00062012044,0.0006210316,0.015970912,0.05663106,0.06150027,0.00892346,0.03253432
0.8432728,1.0,0.19993487,0.038571645,0.005546624,0.0003485306,0.0008488938,0.018917471,0.029096292,0.032071743,0.0061680535,0.041577347
0.17865266,0.79524446,1.0,0.9327787,0.25454608,0.01539927,0.00065674604,0.004674225,0.029588137,0.081089355,0.052607138,0.014986717
0.0077887657,0.057522543,0.26648957,0.91340095,1.0,0.18336149,0.003167677,0.0001710336,0.0027387345,0.0222967,0.047773022,0.030089363
0.00849876,0.0029854563,0.022150677,0.19932607,1.0,0.4631373,0.0099636065,0.000119463075,5.140583e-05,0.0010707211,0.008749593,0.022799777
0.010916948,0.002526341,0.0110495975,0.22948118,1.0,0.43775016,0.00991304,0.00012611444,4.668195e-05,0.0007601912,0.013384751,0.036112968
0.0064641023,0.012507581,0.19915499,1.0,0.88864505,0.12176756,0.002228184,0.00018729367,0.0009346948,0.02609909,0.09828307,0.06135415
0.014238325,0.19140343,0.91795594,1.0,0.23009703,0.021737713,0.00048981584,0.0009873904,0.01826645,0.12873927,0.14645822,0.021053588
0.124293774,1.0,0.59581953,0.12972753,0.08838992,0.022692818,0.0020551835,0.005013644,0.050731193,0.079591595,0.021929009,0.008197292
0.07906011,1.0,0.9174105,0.17364277,0.024587292,0.0036728617,0.0011655713,0.0025287035,0.04906125,0.07392983,0.011468464,0.0042426367
0.009797969,0.2152306,0.78144205,1.0,0.37383634,0.028177029,0.0004431055,0.00023778524,0.009638196,0.044598855,0.05281781,0.017897526
0.005415186,0.009043973,0.10580683,0.5881071,1.0,0.17784333,0.0019371259,3.3316122e-05,0.00031857446,0.0059346077,0.02849645,0.03737157
0.007334172,0.0006830459,0.011141698,0.18672791,1.0,0.2446283,0.0025061702,2.1977807e-05,2.2637065e-05,0.00034554934,0.0062584523,0.030388454
0.005223573,0.0043166736,0.086657345,0.62773055,1.0,0.15657853,0.0017666096,6.25733e-05,0.00023498222,0.0052243923,0.029359985,0.030750725
0.01153151,0.1614102,0.54311866,1.0,0.4468575,0.031582847,0.0009944169,0.0005032135,0.0032830636,0.036905307,0.07214209,0.016573671
0.1956904,1.0,0.56836724,0.2197556,0.10032028,0.02036074,0.0030495154,0.0037856926,0.0071632033,0.039922476,0.05208236,0.011634022
0.21270335,1.0,0.70571697,0.28553194,0.06643505,0.0093131,0.0016479022,0.0031162158,0.029179977,0.06578519,0.023622649,0.008565325
0.011657393,0.10572912,0.349884,0.8765763,1.0,0.16162091,0.0029529782,0.00025082479,0.0058828597,0.023967747,0.028419971,0.01580836
0.0011276859,0.001920735,0.024434512,0.25834188,1.0,0.27356294,0.0043054405,3.976374e-05,0.00016424689,0.0012344362,0.0044183508,0.0061633047
0.0005510611,0.000597138,0.0044544376,0.14933246,1.0,0.3388167,0.006307258,0.0001518926,6.1290375e-05,6.64504e-05,0.00029817474,0.0013748717
0.0008318879,0.002655313,0.025568077,0.34549406,1.0,0.34632,0.015470432,0.0015581683,0.00027065372,6.476274e-05,1.9700881e-05,9.291484e-05
0.0026945,0.014843317,0.06518318,0.37017646,1.0,0.17423083,0.014154325,0.0041274806,0.0006852111,0.0001635429,4.7018464e-05,0.0002821249
0.07198515,0.10187351,0.094603464,0.25537965,1.0,0.23138368,0.009024274,0.0048547913,0.004179106,0.0062047043,0.0155257005,0.037377674
0.8362695,1.0,0.3598095,0.1059885,0.06247345,0.088968255,0.08283548,0.042788535,0.16061498,0.18723474,0.23199318,0.40173516
0.32104984,0.44137502,0.77219296,0.71508443,0.066584565,0.04377734,0.053649157,0.40582544,1.0,0.20184094,0.09768147,0.13726035
0.010543177,0.05325094,0.842954,0.75048625,0.048887033,0.00452974,0.008844194,0.3163697,1.0,0.3432039,0.0313833,0.004624083
0.0015499409,0.020858245,0.30604723,0.24939755,0.05555133,0.026330318,0.0038522782,0.078703634,0.4814188,1.0,0.4455326,0.017157907
0.0007600878,0.0010394951,0.0047078943,0.0042753094,0.026619144,0.08221239,0.0085847555,0.0016566709,0.02889213,0.5493354,1.0,0.07859726
0.00075654086,0.00032653485,0.0005449364,0.00030597602,0.0132404715,0.0699853,0.008384912,0.0006060029,0.004344624,0.27240896,1.0,0.103594355
0.0005276638,0.00026324426,0.00027948825,0.00012933233,0.008939631,0.029826716,0.0028323473,0.00083997403,0.007655917,0.44774333,1.0,0.06373565
0.0011372445,0.000134843,0.00011387972,0.00011940823,0.005378127,0.012427323,0.0008386103,0.0004707622,0.0072108246,0.46025148,1.0,0.07494438
0.043813527,0.007258746,0.0057898387,0.0015434567,0.0019720732,0.008082494,0.0014326449,0.00025112208,0.0023942993,0.18598773,1.0,0.53411245
0.14555965,0.13459165,0.3249065,0.07194946,0.0023699598,0.0026982573,0.0010026789,0.0005675298,0.0016125767,0.033706922,0.6246218,1.0
0.028531784,0.42542738,1.0,0.1301423,0.0025152897,0.0003024197,0.000119224176,0.00021166838,0.0007479251,0.003937755,0.03725737,0.08974618
0.010346996,0.49661177,1.0,0.08189928,0.00074588537,0.00017754865,0.00011041056,0.00015993246,0.0002581508,0.0027071668,0.013066988,0.010732587
0.0055987695,0.32780382,1.0,0.11258335,0.00092704926,0.0001606795,0.00013662077,0.000113966365,0.00012812347,0.00079067756,0.010160568,0.0143486075
0.009602479,0.40854958,1.0,0.09930041,0.0020894972,0.00035747734,0.00016234652,0.00016584186,0.00036635346,0.0018362558,0.0077594337,0.006681893
0.102049306,1.0,0.80351126,0.040994663,0.0024950893,0.00031254743,0.00018323702,0.00035285286,0.0011705054,0.0078009097,0.019130342,0.0069173663
0.20137139,1.0,0.3114322,0.018546892,0.0012483302,0.0003246433,0.00022923194,0.0012882749,0.010227552,0.010178261,0.00633991,0.0038590448
0.078059204,0.7943872,1.0,0.27526337,0.018496629,0.0004213789,9.694927e-05,0.0010674084,0.015775254,0.031057278,0.014052541,0.0023091887
0.004474046,0.09160208,0.5536533,1.0,0.21860605,0.0040073,6.989498e-05,0.00010093121,0.0021903699,0.023653409,0.046506613,0.008316801
0.0006269837,0.006891234,0.14383216,1.0,0.48180237,0.01007532,9.683085e-05,7.177798e-05,0.00015462835,0.0046414305,0.0343812,0.016644238
0.00046460755,0.0028647552,0.16845705,1.0,0.32108647,0.0053127604,6.2049396e-05,3.4518212e-05,6.340855e-05,0.003675026,0.024848562,0.010155087
0.00024462538,0.004024607,0.3053844,1.0,0.1126653,0.00075782184,6.771843e-05,2.298612e-05,0.00013325784,0.007037907,0.023522787,0.002529789
0.00045995653,0.020077059,0.49201828,1.0,0.08832661,0.00056715275,5.9469196e-05,7.5363394e-05,0.00039632712,0.0149497455,0.035517104,0.0029893252
0.0037009153,0.15725672,1.0,0.64681,0.032080095,0.0005776679,0.00017989437,0.00031660998,0.0006738892,0.011600901,0.018270373,0.0015385944
0.18172637,0.87550896,1.0,0.25922468,0.016702866,0.0013711661,0.0005974271,0.0023651777,0.006614856,0.0026583255,0.0016741367,0.00579317
0.38348627,1.0,0.25831178,0.016333964,0.0009666058,0.00046455723,0.0004205959,0.0036609967,0.009861209,0.0020488605,0.00087245926,0.008747225
0.33749622,1.0,0.2679614,0.007892246,0.00034283687,0.0012358621,0.0022702485,0.007418492,0.031858616,0.091751575,0.066071674,0.016796388
0.14363424,0.22891153,0.09608403,0.003962428,0.0004322051,0.001584551,0.003654857,0.0116947,0.10957099,1.0,0.7479668,0.0776488
0.008955646,0.0059370543,0.00663305,0.0011688814,0.00012400672,0.00019932527,0.0009017823,0.010582192,0.1957249,1.0,0.5524614,0.039947797
0.0048433905,0.0077378745,0.0024999457,0.0017395689,0.00028626135,0.0013229348,0.018905174,0.17715871,0.9174476,1.0,0.18921903,0.015341399
0.016321633,0.022354284,0.0029720208,0.0022400622,0.001908676,0.030699983,0.18045041,0.6735302,1.0,0.31023154,0.034142986,0.0019561166
0.080895334,0.11746509,0.017727714,0.015752535,0.08795144,0.8451402,1.0,0.8189585,0.6650297,0.32914695,0.06991211,0.017649975
0.0057563116,0.009829159,0.004142806,0.004374417,0.019995391,0.25079805,0.6923522,1.0,0.4918182,0.07189324,0.016156353,0.0065802373
0.0013795274,0.0024066763,0.00066880684,0.0008263797,0.0012909875,0.015308909,0.1495308,0.7333834,1.0,0.31229314,0.023313789,0.00272393
0.009835365,0.0023762395,0.0010060084,0.00042875204,0.00019132512,0.00049395085,0.015236078,0.20163637,0.7901075,1.0,0.5144687,0.10432643
0.8645673,0.2814464,0.027999302,0.0018537842,0.00016230106,0.000119069206,0.00053545047,0.006227006,0.07351715,0.42293763,0.9339931,1.0
0.6275924,1.0,0.312036,0.011242348,0.00020763189,9.10167e-05,4.2304164e-05,0.00026858764,0.0011040738,0.0063495985,0.045164376,0.17602004
0.15322371,1.0,0.5295618,0.015997037,0.000348138,0.0001280334,4.273931e-05,0.00013203447,0.00043481888,0.00046514694,0.0010000182,0.012636279
0.1146849,1.0,0.6777705,0.024334954,0.00055822736,0.00013536155,5.1765117e-05,5.147264e-05,0.000182694,0.00048160512,0.0020980644,0.0091902735
0.30371237,1.0,0.8826508,0.06014054,0.0017909802,0.0003314212,0.00016687658,0.00031320986,0.0016003688,0.005207729,0.016354948,0.048195116
0.6594579,1.0,0.88631594,0.12385145,0.007971812,0.0067749443,0.007824644,0.009311335,0.008875797,0.010945812,0.030977508,0.08583456
1.0,0.8893275,0.35733557,0.26598713,0.62739223,0.6854265,0.71579057,0.78038996,0.49174815,0.1584247,0.061571926,0.14452039
0.06676347,0.076325394,0.04460155,0.2862996,1.0,0.31048784,0.17195195,0.21653455,0.15393294,0.055609915,0.055836584,0.1849113
0.031335916,0.022104518,0.020518238,0.1870216,1.0,0.21327491,0.012332572,0.01239459,0.011092508,0.0041473536,0.032286774,0.16384098
0.03648586,0.070750244,0.0820186,0.2834235,1.0,0.25927144,0.05514633,0.099680625,0.023673212,0.009913447,0.059738845,0.15341072
0.041247133,0.3446767,0.6650124,1.0,0.7165934,0.16010293,0.47652897,0.84113014,0.11444284,0.11903326,0.26288128,0.13765672
0.010318693,0.1239251,0.6881893,1.0,0.35938323,0.046797514,0.03918204,0.024535406,0.0122631155,0.07011853,0.11474076,0.042896774
0.04900971,0.038568452,0.1917328,0.6055171,1.0,0.62844455,0.16239181,0.029270567,0.006284755,0.017164465,0.05425555,0.0750653
0.0839336,0.016308215,0.04548083,0.09779247,0.5824947,1.0,0.20988469,0.023935132,0.0040263576,0.0044217436,0.0043192245,0.03117512
0.07828334,0.014979621,0.036782812,0.09952152,0.66685915,1.0,0.20215084,0.028757945,0.0048192986,0.005766339,0.0053315186,0.031700544
0.027849123,0.031318735,0.19128338,0.6258717,1.0,0.51326805,0.16912387,0.033172138,0.00696632,0.03990468,0.07621699,0.04704698
0.009769206,0.07452958,0.5959491,1.0,0.4417721,0.18706541,0.0868268,0.025926381,0.016726919,0.13617511,0.14666681,0.020382468
0.002269107,0.008537801,0.04842294,0.20492077,0.58111984,1.0,0.8902638,0.44240996,0.10345363,0.017302176,0.008446754,0.0033355174
0.00038199069,0.0010412163,0.00336266,0.019268181,0.17989583,0.6010097,1.0,0.75926924,0.21490353,0.02271591,0.0033340466,0.0005870883
0.00066825113,0.0011312685,0.0021474143,0.006404357,0.051979367,0.2165244,0.7984519,1.0,0.37946615,0.062719755,0.0120090805,0.0019946182
0.026947824,0.0159295,0.02381739,0.120648906,0.45524567,0.4976735,0.656921,1.0,0.6173247,0.25296277,0.20638251,0.05033492
0.17666219,0.243273,0.1829122,0.15168232,0.36699212,0.7004404,0.684682,1.0,0.5898362,0.17956026,0.11770931,0.099862464
0.11586094,0.51670444,1.0,0.49762008,0.13316949,0.0744849,0.056337338,0.0752072,0.062030807,0.15990561,0.0863174,0.03631114
0.02278497,0.23702149,1.0,0.44036165,0.058893427,0.019907758,0.015895102,0.009696531,0.025382396,0.2136577,0.078773804,0.006317197
0.008711255,0.1610474,1.0,0.353281,0.024884809,0.009242486,0.008932617,0.0046027275,0.025208171,0.30439904,0.12081255,0.0034617304
0.008125702,0.049401876,0.38558188,0.33269382,0.036500577,0.009187166,0.007407773,0.0041492437,0.021868424,0.71840036,1.0,0.07292192
0.0061171106,0.0111572305,0.086828426,0.16706426,0.116533734,0.03278286,0.009226436,0.0056847953,0.016936615,0.5356736,1.0,0.13130112
0.042790536,0.02698383,0.112689495,0.2983619,0.9581423,0.8656197,0.28205964,0.07296769,0.065873496,0.49804306,1.0,0.29370373
0.018649256,0.009509079,0.016830096,0.020577589,0.16977598,0.84815633,1.0,0.5684411,0.22240007,0.07052247,0.04466732,0.041343845
0.004230645,0.0088171,0.0048132087,0.0044699376,0.02920808,0.1148637,0.22705807,0.686599,1.0,0.4675866,0.056092706,0.018679665
0.0049788984,0.0048261457,0.0017014528,0.0011650915,0.0035410067,0.0070528276,0.009459103,0.10999595,0.40919918,1.0,0.64742434,0.092656635
0.12947656,0.0057964525,0.0005347796,0.00013173801,0.00028387984,0.002522184,0.0023637258,0.0037191126,0.027054222,0.33127093,1.0,0.83800226
0.86758417,0.11195645,0.0018505808,0.00013590485,0.00020405813,0.00085155736,0.0011068797,0.00068567746,0.0016239964,0.022139184,0.30621764,1.0
1.0,0.5986504,0.08342403,0.0058146766,0.0007961104,0.0018098843,0.0009959561,0.0002455073,0.00037758655,0.0008814464,0.014124351,0.24294199
0.4183823,1.0,0.29074878,0.016642872,0.00086717773,0.004232893,0.0029497708,0.00019198003,0.0002265126,0.0003403713,0.0028395704,0.03440569
0.5370441,1.0,0.30753943,0.014762929,0.0005437535,0.0030881972,0.002383471,0.0003366342,0.00095614773,0.0044318307,0.017530465,0.099197544
1.0,0.8132679,0.43094411,0.119420186,0.042721454,0.024509946,0.032837786,0.045768846,0.12910675,0.46103728,0.69912,0.6055103
0.14035664,1.0,0.9314854,0.08132414,0.013715775,0.0055408953,0.0061892304,0.048457295,0.2587743,0.29630938,0.2714974,0.075503975
0.070836395,0.9858264,1.0,0.049199548,0.0014125382,0.00034536223,0.00066026417,0.026201691,0.19150689,0.13533391,0.026890347,0.0068943845
0.026959436,0.6998123,1.0,0.08831579,0.00225636,0.00051355286,0.0006360229,0.007157316,0.16048768,0.22324651,0.018147245,0.00094381644
0.00947593,0.30217856,1.0,0.48680195,0.02085831,0.0012517065,0.00262818,0.0020689904,0.06753333,0.28280202,0.1196726,0.0034457424
0.0012512463,0.041801613,0.62169206,1.0,0.08028956,0.0045247474,0.002632172,0.0011300705,0.0064849504,0.14100763,0.17668584,0.008694453
0.005507358,0.03909533,0.47260016,1.0,0.13251495,0.010145555,0.0012787564,0.0009580298,0.0014802814,0.035135653,0.073304035,0.009090876
0.04669529,0.21192758,0.691988,1.0,0.20898241,0.012411875,0.0018302727,0.002238501,0.003601003,0.011176368,0.021109251,0.018202847
0.18726759,0.66887057,1.0,0.40911776,0.093344316,0.022625461,0.006797462,0.00600515,0.012179381,0.02480927,0.032370728,0.04711183
0.27328408,0.8401188,1.0,0.5539217,0.16600013,0.11999873,0.038872603,0.007793294,0.009767872,0.0155905,0.032160405,0.055688985
0.15028913,0.90651727,1.0,0.3004071,0.10703561,0.096250154,0.035460126,0.013745001,0.019733626,0.025789443,0.023999378,0.013994851
0.4550418,1.0,0.96451855,0.29569176,0.10613441,0.06922368,0.011745107,0.011100523,0.013892301,0.026986048,0.041969713,0.07489646
0.60507643,1.0,0.731896,0.16067179,0.05369496,0.05845594,0.008755709,0.0043298155,0.00490774,0.007242805,0.023684952,0.14406338
0.452334,0.8263792,1.0,0.4981246,0.13320927,0.1037068,0.028840447,0.048302136,0.0299164,0.022811273,0.035457976,0.11043163
0.58753604,1.0,0.90891904,0.69554317,0.21534508,0.24616574,0.111774676,0.22080702,0.120902,0.05349003,0.08356609,0.17243935
0.6271364,1.0,0.4458278,0.13343185,0.09077495,0.1044363,0.057446674,0.045776915,0.035044048,0.036363814,0.04476403,0.10883951
0.99642676,1.0,0.5465831,0.106353626,0.07888834,0.09749555,0.12043744,0.14616825,0.07711728,0.031576417,0.058384303,0.27064535
0.72914886,1.0,0.8706859,0.41781506,0.12894921,0.100078054,0.1434467,0.15117902,0.11494997,0.10613086,0.15990911,0.52558416
0.5339513,1.0,0.86998826,0.39285403,0.15953082,0.14297809,0.14532977,0.11214741,0.11411731,0.12010884,0.16858286,0.351349
0.61799973,1.0,0.9190631,0.55738217,0.36142308,0.7597316,0.49698347,0.20875312,0.3453539,0.3202816,0.35567817,0.25001246
0.64250475,1.0,0.8283485,0.4494409,0.39506128,0.87029964,0.5799946,0.2804035,0.45346695,0.40600634,0.4114127,0.42617798
0.7516399,0.89777935,0.65448934,0.40196624,0.52485603,1.0,0.55953246,0.36502463,0.7195321,0.8594977,0.76287824,0.57325256
0.6939552,0.87869227,0.52931184,0.3852156,0.5369218,1.0,0.50001156,0.27532014,0.68033326,0.8806107,0.8182737,0.5190367
0.66984814,1.0,0.75208735,0.65285426,0.74389106,0.8927751,0.42756358,0.23379743,0.5962221,0.64900196,0.7298685,0.50379634
0.34131828,0.3050924,0.6769386,1.0,0.8309371,0.29258454,0.25775385,0.30329692,0.2724297,0.20560603,0.34652176,0.4301053
0.35426036,0.36526075,0.63672453,0.87967557,0.8300496,1.0,0.5386166,0.43476352,0.38966084,0.32628334,0.46788308,0.48689955
0.059466273,0.0749286,0.09231299,0.17218293,0.33135816,1.0,0.4713853,0.13362515,0.13890228,0.12497148,0.16027243,0.091009766
0.049528856,0.070812084,0.06969559,0.3205058,0.6731284,1.0,0.5591303,0.17645137,0.20360541,0.31326032,0.73391336,0.2206184
0.07189732,0.071808554,0.0828694,0.2305918,0.64528817,0.57059807,1.0,0.36374223,0.18512198,0.45922098,0.716973,0.20272289
0.038213465,0.036354516,0.12853691,0.2592509,0.23575595,0.43325156,1.0,0.23191467,0.06700567,0.09614249,0.2719867,0.07608366
0.1481597,0.11199598,0.18544903,0.36870307,0.39084184,1.0,0.959942,0.44976386,0.67311263,0.3425734,0.52188176,0.15672055
0.20933421,0.12413355,0.03693774,0.047293678,0.18039848,0.5458557,0.45218152,0.42134053,1.0,0.40069994,0.4548837,0.23002864
0.37999436,0.22285098,0.071266726,0.0255985,0.11730931,0.85102695,1.0,0.5026983,0.9041276,0.32894558,0.8693872,0.410131
0.26276302,0.1644238,0.07356419,0.017418006,0.08446742,0.7896963,1.0,0.33483323,0.5019472,0.24156544,0.76029754,0.26678827
0.14930867,0.07678434,0.02880518,0.036413647,0.27076468,0.81271267,1.0,0.40429136,0.55718213,0.40192655,0.6211405,0.17807902
0.07684586,0.04069614,0.023940414,0.07942174,0.2461807,1.0,0.87086505,0.11820731,0.1366061,0.20164303,0.14017281,0.06407483
0.11024261,0.113280594,0.12634777,0.1586144,0.2785014,1.0,0.7246306,0.2711134,0.2031883,0.16585284,0.11743363,0.086588345
0.028310172,0.07245971,0.15703861,0.31659153,0.5610081,0.9420004,1.0,0.40923247,0.24250898,0.10264639,0.03062896,0.021624748
0.049543865,0.1080484,0.14442325,0.21275641,0.3907577,0.6700812,1.0,0.4967713,0.33513588,0.19371033,0.08198672,0.04340575
0.108049825,0.07132437,0.05967787,0.08219529,0.21429718,0.3049071,0.25047857,0.30371293,0.49853376,0.9414932,1.0,0.39500672
0.043010797,0.026131285,0.014450957,0.011078334,0.12650731,0.5006819,0.17049226,0.03527129,0.07984997,0.4099826,1.0,0.33723032
0.07727097,0.011083236,0.0070520765,0.00381582,0.056717746,0.6298494,1.0,0.15726271,0.011236803,0.115914,0.6899271,0.5848632
0.11392087,0.0029780194,0.000640878,0.0024329133,0.0023410432,0.1039201,1.0,0.43517327,0.005746495,0.0027648392,0.053552408,0.2816425
0.11925831,0.0021853873,0.0006277549,0.004762624,0.0018562821,0.043325257,1.0,0.52738327,0.006736029,0.00048296104,0.01464874,0.24483997
0.12572642,0.0027328858,0.0038775224,0.01098851,0.0039090686,0.05379374,1.0,0.44923726,0.008737449,0.0025393127,0.027890911,0.31821018
0.13971472,0.0070363074,0.015913168,0.028574696,0.009086626,0.09614995,1.0,0.3394321,0.013991071,0.011877315,0.11758427,0.43990308
0.087139264,0.014534878,0.039485388,0.021078877,0.025823878,0.6248452,1.0,0.15740135,0.011690999,0.0639469,0.8712466,0.81856483
0.01052023,0.018352218,0.08687868,0.012271873,0.044810563,0.46434906,0.15761116,0.025355391,0.0039110812,0.11495583,1.0,0.40561047
0.006547556,0.052939467,0.13053647,0.012996649,0.0947882,0.35735887,0.063146904,0.015223242,0.009196108,0.32717782,1.0,0.19989032
0.008569708,0.10358432,0.09733671,0.015273548,0.22600803,0.24389453,0.02402192,0.020531714,0.04902431,1.0,0.92974913,0.06848692
0.00655419,0.0455028,0.011966198,0.017776012,0.1823439,0.056555234,0.009429348,0.015658697,0.12168205,1.0,0.27473903,0.004547575
0.0036659003,0.012072418,0.0016746005,0.023596399,0.123546585,0.016606465,0.006060503,0.00901176,0.24747267,1.0,0.109098166,0.0015348064
0.0012684253,0.002223692,0.0005684871,0.020498632,0.062138062,0.0052207713,0.0022423253,0.008780094,0.42190564,1.0,0.06904554,0.00096310425
0.0008582035,0.0004616822,0.00077534496,0.015643407,0.017430719,0.0012899304,0.0018524439,0.058952317,1.0,0.73133785,0.024196044,0.0006171867
0.00082925864,0.00024765794,0.0006430551,0.00629031,0.002080663,0.0005275534,0.001156261,0.082516395,1.0,0.33774754,0.0037756036,0.00048442074
0.0011242114,0.000447894,0.0006713065,0.004914549,0.0015263732,0.0006441231,0.001146383,0.07231177,1.0,0.36067975,0.0040631173,0.0008938246
0.002134023,0.0009239421,0.0029487596,0.0070114178,0.0017383419,0.0012133883,0.011043969,0.1701483,1.0,0.28190166,0.0035236645,0.0017261513
0.0023441974,0.0051566726,0.016570654,0.013589686,0.013903219,0.051143,0.23078255,0.6637258,1.0,0.14992598,0.002249504,0.0020478754
0.011000869,0.024380174,0.04219985,0.09042692,0.29396605,0.6228539,1.0,0.71083826,0.26569763,0.052387457,0.0049676234,0.0029509391
0.048932064,0.047776844,0.10131468,0.36382872,0.9576362,1.0,0.5063761,0.19148017,0.360452,0.15124744,0.025270138,0.060755868
0.0795781,0.020114774,0.04802844,0.47879323,1.0,0.51394594,0.6042849,0.4623578,0.9784242,0.34583277,0.29347873,0.638575
0.03190312,0.02182889,0.044117775,0.46980783,0.90429574,0.18703887,0.116072714,0.42305428,1.0,0.16365665,0.16146918,0.40303466
0.08628074,0.04840696,0.11760475,0.27900368,1.0,0.2772193,0.09008189,0.3688059,0.64221686,0.1297807,0.086434625,0.48630285
0.09681903,0.061989736,0.15522313,0.2301239,1.0,0.3253694,0.073061936,0.098605044,0.11664509,0.040144295,0.061619006,0.4358913
0.039190233,0.082575046,0.10877879,0.5244093,1.0,0.20419152,0.04112833,0.036680233,0.11740337,0.035680342,0.16260552,0.35108373
0.013796272,0.061598755,0.10388672,1.0,0.65427214,0.07997351,0.040004678,0.029906472,0.13575345,0.067036286,0.4145121,0.24477176
0.01138066,0.041195404,0.13582611,1.0,0.37923804,0.04194982,0.017476728,0.017255668,0.087497585,0.059907254,0.4298085,0.14392848
0.012604034,0.06486257,0.12172964,1.0,0.5114355,0.03606221,0.0116447015,0.012685278,0.045431618,0.034245845,0.43156242,0.21612413
0.016535804,0.11199608,0.11251463,1.0,0.678947,0.037621416,0.01165134,0.010076495,0.01608594,0.018131506,0.3929694,0.28010228
0.016774317,0.0939899,0.12511732,1.0,0.55118406,0.034998465,0.00897472,0.004140518,0.0063294102,0.02348154,0.40780187,0.20946392
0.012608249,0.042990785,0.16763294,1.0,0.3806141,0.02943069,0.007604656,0.004717108,0.0068891733,0.05392299,0.60614383,0.17790313
0.0074823545,0.023548737,0.17066036,0.83545125,0.3301754,0.017850308,0.003941593,0.0043762093,0.007866186,0.12438259,1.0,0.27449226
0.005973497,0.024248337,0.20774126,0.6005528,0.28020272,0.027730914,0.0032396347,0.0036612563,0.0076425257,0.19226943,1.0,0.23854506
0.17564455,0.36569744,0.5622508,1.0,0.5256661,0.3860156,0.15098889,0.06406487,0.0224873,0.15777934,0.5443422,0.14361173
0.059176877,0.35388005,1.0,0.4577358,0.1916343,0.15370777,0.11334902,0.03687924,0.009522771,0.023694227,0.022896416,0.0080376575
0.021992993,0.54427415,1.0,0.09424735,0.029969072,0.017987048,0.02506862,0.008684834,0.00532854,0.008889073,0.0022192178,0.0029328405
0.019373354,0.49313414,1.0,0.07096425,0.022165647,0.0094724065,0.016912837,0.006031083,0.004006103,0.0060015586,0.00095374096,0.003575662
0.024041384,0.33399183,1.0,0.14014463,0.066165864,0.031856317,0.097175226,0.016997995,0.005541967,0.011065441,0.0035747478,0.0059714825
0.04995308,0.20955516,1.0,0.26578757,0.17473036,0.13943669,0.53227705,0.08036552,0.024937509,0.034521118,0.012981739,0.018900955
0.033698644,0.4649573,1.0,0.121522404,0.10861287,0.1447775,0.35137382,0.04814821,0.07094797,0.22078384,0.0700033,0.017828187
0.02901653,0.6766624,1.0,0.067596845,0.023818782,0.067952715,0.07711951,0.01697498,0.06725262,0.27536562,0.09738135,0.012027868
0.103500456,0.6892806,1.0,0.2888039,0.12608306,0.16400953,0.11815242,0.022914296,0.031926878,0.11206755,0.05293299,0.024860036
0.3187345,1.0,0.8106098,0.5521072,0.657991,0.8934413,0.33212772,0.08351425,0.036310755,0.09590427,0.07621793,0.06560785
0.27904022,0.19643678,0.15796567,0.17813124,0.26612198,1.0,0.32304764,0.061090067,0.033493653,0.04611422,0.030718189,0.035886727
0.25236195,0.33961937,0.35351652,0.2383258,0.4229703,1.0,0.41471258,0.08211573,0.047509417,0.095509,0.04356457,0.055696864
0.2630295,1.0,0.37092766,0.3305437,0.316064,0.47673082,0.27387568,0.04674466,0.027257811,0.05222205,0.035220865,0.02826456
0.56581575,1.0,0.22538677,0.6101882,0.24964759,0.7013338,0.15900183,0.042544495,0.013431214,0.03998285,0.06673083,0.024814777
0.5071901,0.8794945,0.22034936,1.0,0.52261126,0.9824299,0.30069754,0.031447757,0.008600456,0.022307975,0.11862603,0.07800957
0.13815308,0.41050968,0.26653627,1.0,0.71250814,0.6877542,0.35821024,0.034819104,0.018911414,0.015858188,0.14117335,0.15359685
0.2204493,0.39040923,0.6334632,1.0,0.4342357,0.28393948,0.20938677,0.06649125,0.06220433,0.05927805,0.15368572,0.22081143
0.5803973,1.0,0.5385973,0.483157,0.53475505,0.6971455,0.25267538,0.074603826,0.110010155,0.118236035,0.17323871,0.27700964
0.26237798,1.0,0.68985516,0.27741012,0.4832539,0.69823384,0.28029507,0.06120255,0.09973451,0.08268755,0.16276678,0.12837762
0.4173175,1.0,0.5443601,0.4904851,0.46263078,0.564943,0.44653204,0.21280481,0.2514783,0.37886167,0.39941296,0.22824314
0.42191643,0.7015456,0.79675585,1.0,0.80055803,0.98418415,0.7620861,0.6073242,0.42477265,0.5001932,0.33799884,0.31237873
0.052732274,0.063991025,0.031635143,0.086593725,0.49451315,1.0,0.26380652,0.08834686,0.08633783,0.05559254,0.1168296,0.0892942
0.22465046,0.07045536,0.026411623,0.31067306,0.9217159,1.0,0.5192664,0.12975423,0.10977087,0.03876001,0.08971816,0.15482923
0.12126148,0.15264358,0.04598594,0.053110164,0.15887292,0.70331603,1.0,0.2918509,0.06028957,0.010587098,0.008402775,0.021400668
0.08606123,0.16030523,0.0922705,0.058073085,0.06809861,0.49463212,1.0,0.4804077,0.22303553,0.16275904,0.13811417,0.032540504
0.13647483,0.0633353,0.06518209,0.054524414,0.05761317,0.22588573,0.42637184,0.27441835,0.25994906,0.52750266,1.0,0.7610755
0.16173793,0.009550555,0.003925672,0.00676122,0.023077345,0.07001885,0.1522437,0.034124136,0.039117437,0.25174928,0.79311156,1.0
0.028956804,0.006676279,0.04630471,0.14443445,0.123982355,0.054362606,0.05436966,0.42958492,1.0,0.9290036,0.70664173,0.23694915
0.0012785329,0.0072776238,0.07519076,0.07568676,0.026410492,0.004335901,0.076135635,1.0,0.80906177,0.17080224,0.04288104,0.005053966
0.0006252271,0.011778525,0.09630322,0.025822915,0.0014130145,0.0009795784,0.11242056,1.0,0.3139973,0.009913159,0.0010128252,0.0012624928
0.0005921803,0.009271857,0.11344965,0.03841769,0.000536258,0.0008405765,0.093332045,1.0,0.31021577,0.003335198,0.00031866677,0.001496845
0.00048547288,0.004033492,0.08671907,0.04571011,0.0007696748,0.00063549046,0.05227804,1.0,0.5207443,0.007536099,0.00019603698,0.00127336
0.00050045433,0.0034063666,0.0799856,0.04771323,0.00088291307,0.00064871495,0.043417055,1.0,0.5824787,0.008842644,0.00024418544,0.0011811402
0.0005449564,0.0059402175,0.09243484,0.040442444,0.0006899545,0.00085127464,0.06536033,1.0,0.44364464,0.0059687668,0.0001960138,0.0010110502
0.0007991483,0.016302057,0.096245065,0.021131745,0.00041361368,0.0015981488,0.16818616,1.0,0.20435414,0.0019276531,0.0002352614,0.00072803604
0.001621529,0.048211996,0.097801305,0.006485324,0.00042218118,0.0065829265,0.40128282,1.0,0.10920461,0.0007509048,0.00034703198,0.0006103699
0.004067376,0.118524514,0.12269106,0.0040329397,0.0006576995,0.03303208,1.0,0.9527344,0.07340166,0.0009074104,0.0005281703,0.00065974804
0.0055038524,0.08570284,0.042547178,0.0013389916,0.000551527,0.06532762,1.0,0.51221275,0.020906046,0.00037482058,0.0002775486,0.00029308363
0.019862602,0.13947195,0.027051888,0.0008263329,0.0010653664,0.14413187,1.0,0.25488347,0.01339353,0.0002689001,0.00020834045,0.00022022275
0.047546595,0.20469198,0.022368262,0.00051638694,0.0021925685,0.2627296,1.0,0.12656625,0.010836494,0.0003093308,0.00024853525,0.00038883457
0.06850974,0.21499668,0.01572959,0.00025707428,0.0035659722,0.34730724,1.0,0.09019628,0.004890759,0.00023783636,0.00021838023,0.0006299265
0.16105492,0.28010416,0.01393384,0.00022438116,0.013056161,0.6434738,1.0,0.05741088,0.0019595183,0.00028451552,0.00023431625,0.0025849282
0.29820958,0.24360234,0.0054098633,0.00020655713,0.03856248,1.0,0.7651609,0.019574912,0.001301691,0.00035971496,0.00020275376,0.009341618
0.3153664,0.15635543,0.0022027986,0.00027890713,0.056687344,1.0,0.52538925,0.01270582,0.0016128902,0.00036736965,0.00016298544,0.015205542
0.418749,0.1173921,0.0012475188,0.0008096603,0.12083498,1.0,0.29115254,0.010200961,0.0023997156,0.00039258375,0.00024950525,0.040038038
0.43517193,0.05890167,0.0005184499,0.0025766373,0.27839977,1.0,0.122611605,0.0039534154,0.0010669545,0.00036800563,0.0006790099,0.09194865
0.33634824,0.021513324,0.00026642103,0.0061541274,0.447243,1.0,0.07711637,0.001570611,0.00024086147,0.00021180707,0.0014933118,0.13828251
0.36062697,0.015365742,0.00035816766,0.013408381,0.65813184,1.0,0.050831284,0.0013819882,0.00027213927,0.00023307686,0.0034361964,0.22056824
0.33964238,0.010720476,0.0004501398,0.032436177,1.0,0.89093685,0.027764665,0.0033246526,0.00045497163,0.00020119113,0.007461001,0.3173692
0.13976802,0.003443475,0.00044442125,0.06810022,1.0,0.54053855,0.014667016,0.0022743454,0.00021226093,9.261757e-05,0.011782051,0.23531719
0.05424567,0.0011744378,0.00086184224,0.14792055,1.0,0.2345922,0.0087000085,0.0014268229,0.00012764503,0.00013474814,0.024434239,0.20980336
0.02887777,0.0005509118,0.0013433674,0.2015899,1.0,0.14756824,0.006870822,0.0010103672,0.00015103031,0.00020055987,0.03307834,0.19474353
0.02119581,0.0006074108,0.0029444029,0.27961054,1.0,0.107195295,0.0051706983,0.00075241586,0.0002244041,0.000299751,0.038830545,0.17350918
0.009566754,0.00029398105,0.005318576,0.40567526,1.0,0.0729511,0.0022871708,0.00030937255,0.0001676585,0.00044765865,0.04469365,0.12569246
0.005145928,0.00018505855,0.0085924035,0.534549,1.0,0.05510409,0.001298274,0.00017911354,0.0001270282,0.00067920453,0.052443992,0.10382947
0.004238265,0.00017718191,0.017885271,0.77692556,1.0,0.03897635,0.0010715966,0.00017361337,0.00014267933,0.0014390302,0.082222104,0.11609034
0.0022855296,0.00028753796,0.05132559,1.0,0.7029248,0.019425103,0.000657293,0.00019512212,0.00013009152,0.0042072535,0.1146724,0.09258501
0.0005477287,0.0004981356,0.091626525,1.0,0.33723417,0.004357081,0.0002483114,0.00015026856,5.4133256e-05,0.006533255,0.10115323,0.03960013
0.00027230344,0.0005601834,0.109859884,1.0,0.28190196,0.002682374,9.427837e-05,0.00014685247,4.821329e-05,0.007233717,0.091520295,0.027877746
0.00015668737,0.00096727925,0.15538211,1.0,0.20707874,0.0017727171,7.203959e-05,0.00014574976,8.619157e-05,0.01086917,0.08403768,0.017329898
7.1009796e-05,0.0020568494,0.24386108,1.0,0.12831573,0.00070160214,7.727609e-05,0.00011077736,0.00011024931,0.014964403,0.06682832,0.0074738404
0.00010718111,0.00846668,0.41632307,1.0,0.08635091,0.0005477976,0.00014360913,0.0001364498,0.00031641542,0.021156142,0.05718212,0.004186677
0.011210062,0.15132777,1.0,0.865337,0.046102017,0.001040696,0.0008849185,0.000526884,0.004591807,0.036525518,0.040912703,0.0025380438
0.22890651,0.89989156,1.0,0.32007286,0.010572049,0.006783728,0.004857246,0.011115169,0.02434985,0.02643906,0.014031208,0.02895537
0.5255715,1.0,0.451391,0.076213546,0.010157931,0.013965146,0.015087049,0.035332642,0.031425893,0.018185299,0.03568892,0.10881501
0.48983842,0.60091156,1.0,0.5169862,0.08526503,0.05065998,0.098485075,0.18568188,0.091993265,0.11503084,0.13986135,0.22924979
0.13143371,0.2833867,1.0,0.6878705,0.11292227,0.03251635,0.04288091,0.07941775,0.03185632,0.02268059,0.024754265,0.053703137
0.28848875,0.407451,1.0,0.7886848,0.16308632,0.004254574,0.012182427,0.07783617,0.15298958,0.08024764,0.017885117,0.050774388
0.39232326,0.50923467,0.11958682,0.19148113,0.043738518,0.00350139,0.009456097,0.11587832,0.76354045,1.0,0.15788728,0.03991465
0.05008794,0.07829984,0.02619604,0.036641844,0.008336765,0.0011352424,0.0026781703,0.014257682,0.3888624,1.0,0.15295932,0.0071179895
0.08164405,0.09774289,0.05612003,0.02492533,0.0040802294,0.0013441636,0.0040161056,0.030646658,0.57698905,1.0,0.11854806,0.018579762
0.3357017,0.16566765,0.13923612,0.050985064,0.0070554847,0.0032270818,0.010324332,0.1158831,1.0,0.9185475,0.09400088,0.0927316
0.15115066,0.06619452,0.015104886,0.008627448,0.0036427674,0.004869892,0.015530336,0.079397716,1.0,0.74113494,0.11549156,0.060457878
0.060653176,0.03789678,0.022699874,0.012342318,0.017275983,0.017272435,0.02565735,0.1519898,0.90493846,1.0,0.35274678,0.0812019
0.019104388,0.04513761,0.027156407,0.010108622,0.02320674,0.013708846,0.009873184,0.058440417,0.312095,1.0,0.49876937,0.04926467
0.020522978,0.05875396,0.038100395,0.009938833,0.04592098,0.068438105,0.028997567,0.04377462,0.11823345,0.8841957,1.0,0.09536591
0.20737918,0.114860915,0.071320854,0.09321158,0.10997962,0.13091731,0.13317113,0.20156617,0.42405218,1.0,0.46458277,0.1690405
0.40850255,0.19368972,0.8234798,1.0,0.2423426,0.22400695,0.5856441,0.7841616,0.3552873,0.52257705,0.32304403,0.23699456
0.071152724,0.20713612,0.51235396,0.30960163,0.222077,0.29346466,0.9100727,1.0,0.1486441,0.05732826,0.08677134,0.06275295
0.05818012,0.13747318,0.23523211,0.19486372,0.27867535,0.53493243,1.0,0.91109264,0.7472914,0.13621667,0.06948826,0.059104186
0.118816316,0.099868454,0.08372422,0.23099239,0.10735406,0.25603026,0.5351676,0.5399612,1.0,0.32995024,0.023087902,0.021979645
0.52635306,1.0,0.14597182,0.15734822,0.13185528,0.123703256,0.70465016,0.6003785,0.6660302,0.8078279,0.094727,0.031527836
0.3050803,1.0,0.104063734,0.017705007,0.21928586,0.12097271,0.086121015,0.057110805,0.061706763,0.64996445,0.28871587,0.011506023
0.15898138,0.36805543,0.07526628,0.016969174,0.40901357,0.33713076,0.045259036,0.26911557,0.12999113,1.0,0.8076694,0.098541595
0.32358122,0.06937481,0.033837866,0.009656347,0.22535768,0.20537178,0.13747843,1.0,0.29725215,0.71708983,0.58305526,0.39433244
0.28281793,0.07475739,0.019629747,0.011691141,0.12253899,0.06890172,0.23095618,1.0,0.24419539,0.63457274,0.279833,0.520693
0.276573,0.120078415,0.011309468,0.035329875,0.122832835,0.07709674,0.6048319,0.8096187,0.5560637,1.0,0.49840063,0.8352126
0.5365443,0.070982136,0.0050332905,0.024374656,0.028543925,0.14515671,0.59856915,0.41761056,1.0,0.52115744,0.9816883,0.93113965
0.51900226,0.017428238,0.00609176,0.011412739,0.0105074765,0.060393896,0.10483986,0.6036241,0.6435255,0.119623184,0.3020001,1.0
0.40331206,0.03463685,0.03587281,0.15626188,0.08067766,0.032218877,0.09408604,0.6359833,0.7106362,0.34818864,0.20429939,1.0
0.09886449,0.10820889,0.097747736,0.19580528,0.17438005,0.036040004,0.030361569,0.0880464,0.41249624,1.0,0.55303776,0.17162803
0.04863477,0.08889839,0.09371203,0.03703954,0.028957246,0.030821746,0.020893425,0.026623242,0.095499486,0.33680007,1.0,0.40110207
0.03898037,0.01949158,0.018285897,0.010475533,0.0011700423,0.009325775,0.013929011,0.007428771,0.02895669,0.14972773,1.0,0.4346969
0.11083841,0.022056414,0.00550286,0.0021697138,0.00075757253,0.007184136,0.013904131,0.005106849,0.03718737,0.4734431,1.0,0.30134448
0.09441522,0.018581249,0.003574436,0.00088277686,0.0015339348,0.016640827,0.02097203,0.009497188,0.22352768,1.0,0.39175236,0.10865302
0.016070195,0.020902514,0.002458811,0.0020765525,0.0055761617,0.026368055,0.01591053,0.014104942,0.41803372,1.0,0.16063777,0.024675125
0.021411844,0.034351353,0.0025759044,0.003891714,0.011108279,0.045594964,0.019266782,0.014144719,0.39034593,1.0,0.14946394,0.01335886
0.0067842444,0.010712239,0.0014242837,0.0012291882,0.0037289148,0.015508888,0.009836404,0.010348059,0.35223138,1.0,0.20487446,0.019795164
0.003477778,0.0038761564,0.0019425155,0.00091243174,0.0017066285,0.003364288,0.0031546804,0.0077639488,0.27678072,1.0,0.36548293,0.04225416
0.003137926,0.008928005,0.0145240845,0.0029517096,0.0034434285,0.008733827,0.00534553,0.010806976,0.101345435,0.8298571,1.0,0.09571856
0.011506307,0.03915809,0.0604925,0.015491744,0.03176774,0.08339867,0.041156173,0.025648633,0.045654222,0.5606554,1.0,0.116673365
0.04069197,0.049585294,0.05117457,0.08865326,0.50663954,1.0,0.23406596,0.23865877,0.19483963,0.4383718,0.3331238,0.06370599
0.00996799,0.00939492,0.018484732,0.11162049,0.6880722,1.0,0.2946659,0.23198268,0.1345868,0.07440622,0.019300882,0.011174628
0.01041837,0.007662289,0.012909371,0.078924105,0.57641053,0.69728035,0.33753955,0.28285795,1.0,0.6021544,0.061836407,0.022524169
0.00791669,0.012221912,0.014327567,0.016035704,0.10263353,0.17568728,0.09605906,0.121796526,0.8820908,1.0,0.20446765,0.029812034
0.013577768,0.03321744,0.03382011,0.014149288,0.05674887,0.11083955,0.045642994,0.06993404,0.3618215,1.0,0.87266046,0.14243074
0.02013915,0.023275908,0.02077745,0.0139809325,0.06435749,0.1020827,0.037302595,0.03347272,0.03708106,0.35334274,1.0,0.2145267
0.037973315,0.0466127,0.04774279,0.056786943,0.33248278,0.51315105,0.27084598,0.16895513,0.24386187,1.0,0.9946156,0.16919705
0.01246828,0.015885891,0.016362408,0.07737694,1.0,0.9654661,0.24019831,0.18990578,0.43455598,0.46710107,0.08611828,0.024291668
0.0044434774,0.0034634299,0.006365458,0.039574184,0.4503803,0.45612544,0.178083,0.6723902,1.0,0.17954448,0.028394146,0.0070581078
0.0011709018,0.00057361746,0.0017120217,0.0068154833,0.066734605,0.059605677,0.05988165,0.6599636,1.0,0.11274407,0.007872995,0.0030458556
0.0009997841,0.00046793805,0.0011075655,0.0026463745,0.018028483,0.017304422,0.03918391,0.45919046,1.0,0.3631491,0.044727992,0.005864443
0.01012994,0.0029418485,0.0033845084,0.0023846924,0.0035087112,0.008204749,0.018521056,0.15093146,0.5798874,1.0,0.58045506,0.085442506
0.011224366,0.0045266594,0.00514769,0.0020609407,0.0015879936,0.0029243438,0.0070357732,0.015172917,0.0771494,0.74959624,1.0,0.14655127
0.0074477526,0.0046656863,0.0054893913,0.0015173437,0.0013513883,0.0020943058,0.0058742766,0.040499825,0.3848066,1.0,0.47896585,0.06831651
0.25361234,0.058852967,0.015471947,0.030672524,0.044396922,0.095400274,0.081248984,0.121182986,0.7964091,1.0,0.3416811,0.58447665
0.24666034,0.11186582,0.025602248,0.030521888,0.07289731,0.3308643,1.0,0.9092671,0.3784041,0.2569083,0.28803116,0.47621024
0.044851836,0.024766048,0.01282143,0.01876234,0.050689764,0.17832904,0.51641077,0.6007386,0.55165094,1.0,0.5729186,0.09742295
0.023435723,0.012763756,0.010641613,0.006461339,0.01185988,0.034067933,0.072719626,0.13831966,0.3576806,1.0,0.78230214,0.098404065
0.08204102,0.06304408,0.025476303,0.0050568287,0.0058252127,0.010774921,0.020568898,0.05649364,0.20396735,0.7442991,1.0,0.14429706
0.34573412,0.113505594,0.02486653,0.005839658,0.008653199,0.009906616,0.037612244,0.10028592,0.2611358,0.7966354,1.0,0.28848356
0.23216958,0.05876794,0.028286384,0.0059337495,0.0062457137,0.01220572,0.038388483,0.10083512,0.28919587,1.0,0.91544867,0.2482254
0.31701502,0.21865447,0.058246255,0.008665075,0.0047360947,0.012820001,0.02638692,0.15152903,0.5308759,1.0,0.54220545,0.19774595
0.23431112,0.7842373,0.5549054,0.0443545,0.004527472,0.025945997,0.017616242,0.10408499,0.9041237,1.0,0.1447746,0.08023189
0.060414683,0.6911428,1.0,0.09242597,0.0054835454,0.01852651,0.012765112,0.012895669,0.28450307,0.46090743,0.056231078,0.024388675
0.031970315,0.4437248,1.0,0.14540085,0.010724263,0.010892259,0.0425636,0.016437477,0.078441225,0.23740755,0.049544897,0.015916526
0.04119279,0.3848063,1.0,0.25226057,0.024211701,0.03448267,0.20872445,0.07860816,0.069826804,0.34702364,0.11626597,0.018369561
0.22438039,0.76300967,1.0,0.38537315,0.071812205,0.16747941,0.7758258,0.27646014,0.17917584,0.55133575,0.16907835,0.073109746
0.32674563,0.47544718,0.57982445,0.1708232,0.0559754,0.11478774,0.29979116,0.3286047,0.6165734,1.0,0.4959873,0.29411006
0.16753423,0.06184193,0.0375729,0.031773888,0.09141603,0.24452701,0.32157218,0.38547543,0.8558683,1.0,0.643479,0.2777182
0.11700041,0.06397396,0.04877988,0.043737255,0.05364684,0.18726115,0.50220567,1.0,0.7697908,0.50003594,0.20067301,0.11184055
0.05752903,0.21089296,0.48692885,1.0,0.508543,0.102142766,0.18343708,0.22456448,0.09744263,0.10414879,0.21723484,0.067485616
0.013646651,0.022372,0.0913158,1.0,0.73371214,0.045158576,0.018219747,0.01746959,0.003525879,0.009121447,0.059696358,0.025526775
0.0042740637,0.0018129299,0.013625334,0.45429394,1.0,0.14922862,0.0067118006,0.0035013815,0.0013218706,0.000805698,0.0123067945,0.012999248
0.0030972934,0.00039322913,0.0017436593,0.1504587,1.0,0.36388448,0.014594808,0.0021061413,0.0022127782,0.00063057314,0.0024818862,0.010391007
0.008778669,0.0012492144,0.0017534224,0.07547456,1.0,0.6180188,0.02858348,0.004993259,0.008956694,0.0023180454,0.0039466927,0.02439643
0.026300343,0.013684392,0.041363902,0.25371677,1.0,0.59076816,0.04062726,0.028108956,0.035291627,0.05743153,0.11271931,0.100410834
0.04041952,0.040107742,0.32643947,0.4999759,0.42789027,0.08637162,0.04784549,0.04750664,0.09701936,1.0,0.60425997,0.07781511
0.030499756,0.028168196,0.21971135,0.28834504,0.20302552,0.046616413,0.03437675,0.042622365,0.0816513,1.0,0.95927846,0.1425261
0.0850872,0.033786308,0.11562077,0.52133816,0.92601365,0.21404685,0.021624053,0.09972004,0.112110466,0.32539237,1.0,0.6366297
0.08643292,0.013855711,0.029617282,0.16808441,1.0,0.2876416,0.011006882,0.018988343,0.06263316,0.021004025,0.08709465,0.35980302
0.062365633,0.03770383,0.09467954,0.4442824,1.0,0.18013458,0.025028827,0.013634424,0.02603772,0.08045247,0.27947956,0.36363992
0.31037402,0.5517165,0.78711814,0.87775147,0.6873988,0.102586016,0.08295126,0.03836638,0.087124474,0.71088105,1.0,0.41249424
0.7082145,1.0,0.5110465,0.10950816,0.112608716,0.03808759,0.042195614,0.01921638,0.09198218,0.3316147,0.23333256,0.36028555
0.9821093,1.0,0.607025,0.34740707,0.75742424,0.366018,0.13239634,0.059792966,0.09525003,0.21264939,0.24085449,0.49122754
0.58366555,1.0,0.220443,0.14507475,0.26453915,0.4948331,0.70600295,0.26579055,0.054887034,0.014334323,0.017487638,0.05206218
0.23718771,0.64250445,0.24019586,0.03918104,0.12686077,0.1800073,0.8252792,1.0,0.13171628,0.007648087,0.019109862,0.032541867
0.051299054,0.16397741,0.13320507,0.023941064,0.11972936,0.16540663,0.7165309,1.0,0.13209164,0.0060994974,0.019757207,0.03104382
0.30805498,0.23402862,0.11482516,0.12641622,0.32181028,0.61747706,1.0,0.65533894,0.09581144,0.009328863,0.037557065,0.1933445
0.52430135,0.2956013,0.19247551,0.9906165,1.0,0.5222166,0.24349238,0.0662948,0.019254072,0.019144194,0.25482982,0.75679344
0.32195675,0.14831868,0.13367428,0.7231805,1.0,0.45579663,0.07163391,0.024379011,0.014451562,0.0129844695,0.2533264,0.9688801
0.2555046,0.022263383,0.038803503,0.08514131,0.54833835,1.0,0.13304585,0.008884857,0.005593791,0.006692307,0.036830243,0.34239984
0.12378561,0.010318478,0.023358442,0.034879092,0.43772253,1.0,0.12624116,0.0062723495,0.0045203483,0.006373738,0.0030272661,0.06105281
0.11834072,0.021188403,0.042014632,0.12079663,1.0,0.9789389,0.083647504,0.007183221,0.008592664,0.007801642,0.029266046,0.15390202
0.06895126,0.08544049,0.2050652,0.59408516,1.0,0.33500043,0.041507427,0.0147916395,0.012413169,0.051697496,0.24596967,0.2590315
0.16796571,0.20541634,1.0,0.6278479,0.27336437,0.12282271,0.05548048,0.021672677,0.04446216,0.27589157,0.2609817,0.12956752
0.16964342,0.20232102,1.0,0.8502013,0.45174903,0.23920028,0.06404635,0.027624713,0.04022049,0.3321369,0.33987355,0.08368494
0.05161795,0.10552715,0.30874237,1.0,0.875761,0.19258401,0.026105102,0.018270154,0.012236752,0.0939592,0.34092516,0.14659838
0.024865806,0.023649175,0.0548968,0.21417512,1.0,0.28453657,0.010617638,0.0041901222,0.0077242665,0.0048034335,0.035182998,0.09200642
0.03044714,0.010104038,0.03374983,0.102986276,1.0,0.3905459,0.009721771,0.0027946935,0.0067665684,0.00177476,0.008656044,0.082191974
0.02068069,0.03294656,0.06034743,0.43598214,1.0,0.24903698,0.011439481,0.013421971,0.007797971,0.006854547,0.07587594,0.11119432
0.013831856,0.046243563,0.38913783,1.0,0.36747772,0.04384788,0.019086381,0.031307988,0.008932866,0.08389159,0.2230004,0.060464293
0.014240004,0.06790182,1.0,0.9004896,0.091304064,0.025622698,0.027896738,0.018712584,0.012330364,0.2230709,0.20610967,0.012633794
0.011014052,0.037832003,0.556346,1.0,0.31812042,0.037298422,0.017147738,0.020088973,0.006823151,0.11090613,0.20661595,0.05693334
0.052365016,0.018408366,0.13168372,0.5931513,1.0,0.38040265,0.026310297,0.012943442,0.008078488,0.01959674,0.10742148,0.14028428
0.18521175,0.02755629,0.05123847,0.10979458,1.0,0.95180476,0.06178976,0.013942943,0.03329885,0.02970322,0.025585948,0.16173951
0.11673905,0.035406258,0.07145709,0.29858965,1.0,0.516555,0.037505034,0.022699784,0.04305376,0.038973156,0.059017908,0.17243582
0.03855761,0.062289584,0.5146734,1.0,0.66438574,0.1590378,0.024794267,0.035199426,0.036747463,0.09969379,0.18105666,0.103683434
0.11230912,0.13872471,1.0,0.7713565,0.17383377,0.11018421,0.06333238,0.07204439,0.10629017,0.20811847,0.18537812,0.079780445
0.14850308,0.2046825,0.90824705,1.0,0.41283205,0.24211332,0.15011968,0.13603042,0.17704597,0.28866625,0.2824937,0.11736427
0.060320046,0.12364039,0.233729,0.83248484,1.0,0.33009782,0.08233611,0.07878314,0.07137906,0.18738416,0.1810958,0.09416527
0.08653459,0.05773809,0.10036092,0.28537124,1.0,0.7298536,0.098687984,0.055165306,0.05546136,0.085151605,0.049473476,0.07425802
0.23099552,0.058101792,0.12123406,0.20893504,0.990468,1.0,0.14571911,0.062556475,0.08693429,0.12470081,0.0443605,0.13943817
0.06371758,0.06444408,0.22113754,0.6144306,1.0,0.3276856,0.06811977,0.036451418,0.04852705,0.06800428,0.090442926,0.10493374
0.03499033,0.41291946,1.0,0.60102916,0.35576653,0.07792165,0.039791036,0.022681193,0.07084111,0.15470701,0.09267653,0.031627562
0.031008856,0.6147137,1.0,0.2097805,0.19148704,0.029091084,0.01807734,0.006609405,0.0646556,0.1579517,0.028060397,0.011671938
0.03125494,0.38674647,1.0,0.78851736,0.3846047,0.05341579,0.023788575,0.010354226,0.040334575,0.1756017,0.11929378,0.030720036
0.031752266,0.05445731,0.21112706,0.74407345,1.0,0.22589968,0.017125912,0.010164678,0.011101944,0.036934577,0.08767049,0.09282519
0.07993193,0.014766861,0.07709486,0.15241748,1.0,0.6282219,0.033479735,0.011000193,0.018774634,0.012921223,0.009264583,0.102816835
0.06961541,0.01021906,0.048314024,0.17395389,1.0,0.54169476,0.028257346,0.007824841,0.014870747,0.0105623705,0.015746983,0.09251072
0.02186308,0.07404897,0.4272165,0.833448,1.0,0.21244028,0.015211024,0.005875758,0.009476079,0.05315012,0.10530878,0.07648716
0.023061788,0.50417244,1.0,0.33959308,0.14160524,0.026602546,0.009258947,0.0031701226,0.03606734,0.09799547,0.044474855,0.009064109
0.02619766,0.64983946,1.0,0.14140512,0.070511654,0.017537003,0.0102123795,0.0019890596,0.037538625,0.080901526,0.01187026,0.0030377267
0.019569112,0.36015758,1.0,0.6304542,0.17887002,0.027395979,0.014213992,0.0068014516,0.021395002,0.109666385,0.08685463,0.019430371
0.03956187,0.047348928,0.27554923,0.9451775,1.0,0.3339981,0.03739433,0.011721885,0.006418198,0.044039235,0.12629086,0.10916761
0.10740597,0.021207118,0.043370374,0.16754559,0.8094224,1.0,0.1578793,0.010635936,0.0066605126,0.012839863,0.013011361,0.071792595
0.1162976,0.020761386,0.07120691,0.3039173,0.97138083,1.0,0.14922458,0.01309743,0.014346724,0.025338167,0.040453147,0.101525865
0.021009395,0.11712354,0.83419985,1.0,0.5253802,0.14755993,0.01838641,0.0068958146,0.01478805,0.124252535,0.13589731,0.060091414
0.008513028,0.17270258,1.0,0.48309124,0.050583176,0.016064623,0.011558357,0.0044681868,0.017770035,0.15472606,0.078466065,0.009017171
0.007915597,0.078762785,0.6543075,1.0,0.30398068,0.044317145,0.014372486,0.014823325,0.010861159,0.115911126,0.189446,0.048329074
0.03321039,0.011633317,0.17249878,0.69704,1.0,0.2651138,0.013391668,0.011313552,0.0049831374,0.02127266,0.099487334,0.1209239
0.048911672,0.0038067838,0.02762354,0.14272751,1.0,0.5112532,0.01847128,0.002148791,0.0020796694,0.0016677964,0.010514242,0.0952861
0.016049061,0.002108848,0.04859687,0.65526277,1.0,0.22817121,0.011774735,0.0029670496,0.001735486,0.0039866893,0.06028456,0.080942325
0.006710102,0.015143853,0.18498297,1.0,0.45601225,0.03785461,0.01043447,0.008568394,0.0017892609,0.015789924,0.08316167,0.030147908
0.05953153,0.055760983,0.26595357,1.0,0.80168223,0.47990513,0.19143018,0.059834454,0.016732024,0.037771717,0.11608034,0.067283325
0.072198614,0.04134313,0.062079195,0.21238215,0.604603,1.0,0.578906,0.25508857,0.07648554,0.027521018,0.06796619,0.059429545
0.031012695,0.057167407,0.28082672,0.75238246,1.0,0.67380744,0.5490737,0.46211684,0.19185385,0.20954086,0.25198674,0.041083466
0.019663487,0.07634374,0.92413193,1.0,0.21978782,0.07914285,0.31875545,0.1490447,0.049860362,0.48575112,0.385192,0.017084617
0.016074724,0.06480432,1.0,0.80775666,0.05196384,0.035569627,0.28519323,0.11796655,0.024779467,0.46979627,0.28760147,0.008377496
0.011931114,0.06811657,1.0,0.82067204,0.047978178,0.031562272,0.24615277,0.13720937,0.015853431,0.29454163,0.219154,0.0069072354
0.009630987,0.11157257,1.0,0.54107016,0.031704385,0.02881284,0.14907019,0.07267656,0.043588754,0.19945657,0.105290145,0.006359799
0.01312715,0.3988286,1.0,0.122989655,0.0120317405,0.047179207,0.050053302,0.013176277,0.0716615,0.14677036,0.0195524,0.0018911996
0.027792707,0.75430524,1.0,0.05848208,0.0038346413,0.013779247,0.0068293656,0.0027894499,0.031552374,0.03609832,0.0023934995,0.0003908149
0.032735366,0.96733046,1.0,0.036515858,0.0010327821,0.0019779743,0.0012781103,0.0023158784,0.022564793,0.016255025,0.000758321,0.00026406327
0.025083654,0.89912397,1.0,0.035639185,0.0006870365,0.0008206132,0.0010392371,0.002207358,0.028512424,0.04005549,0.0016134062,0.0001403701
0.014492771,0.681728,1.0,0.04774261,0.0008621597,0.00052149146,0.0007219942,0.0027757648,0.042876832,0.08677419,0.0046933945,0.00012712035
0.009978388,0.5637101,1.0,0.058287524,0.0006723517,0.00030181836,0.00034854197,0.0019997566,0.044425804,0.10832716,0.0064623267,0.00011305323
0.0075028203,0.4706427,1.0,0.07285688,0.0004957824,0.00021505714,0.00028442216,0.0016327602,0.049300436,0.13857593,0.01034502,0.00015380955
0.0041472004,0.32297564,1.0,0.10182744,0.0006479442,0.00023617291,0.00039520627,0.0014386707,0.050173983,0.1909093,0.018410036,0.00026084395
0.0026625087,0.25312603,1.0,0.117957614,0.0006051277,0.00022955188,0.0004989002,0.0014708795,0.060350712,0.23917784,0.023109466,0.00032847645
0.0028697262,0.27979627,1.0,0.111326545,0.0005236612,0.0004015981,0.00059118913,0.0009939789,0.05648023,0.21613012,0.019799486,0.00023930128
0.0030184465,0.28626,1.0,0.10953999,0.000616804,0.0010147695,0.0016888675,0.0007249803,0.046714697,0.18452024,0.017780267,0.00036283047
0.0051735537,0.33690482,1.0,0.09549075,0.0010594565,0.0035115434,0.0055989907,0.00065489375,0.03317824,0.12956686,0.012432954,0.0013067295
0.011057017,0.43574312,1.0,0.076682605,0.0029389914,0.005814443,0.010925984,0.00090153556,0.02535511,0.08510435,0.008721663,0.0045814347
0.015901009,0.39509103,1.0,0.08383922,0.016618323,0.008593597,0.023057047,0.0024697413,0.017124668,0.06376104,0.012449954,0.010556896
0.024484683,0.32557824,1.0,0.11341621,0.06493741,0.013836195,0.01528718,0.002219911,0.010137033,0.055349,0.018735753,0.017530384
0.040889706,0.2634134,1.0,0.17579593,0.22092733,0.056894183,0.0055870013,0.00103387,0.008277187,0.069828115,0.032396384,0.027883433
0.11674612,0.15805218,1.0,0.3502373,0.8133507,0.279781,0.015193639,0.0028398898,0.010294833,0.1299935,0.078720756,0.06822358
0.30717292,0.13307844,0.6088672,0.25938955,1.0,0.27105844,0.02226959,0.0044893892,0.020077122,0.10231681,0.07828804,0.1824314
0.52527815,0.3707732,1.0,0.28772593,0.8584179,0.12538241,0.022110365,0.003973137,0.028016025,0.070218205,0.09596822,0.4656943
0.30418155,0.30679214,1.0,0.25145566,0.44454795,0.074369475,0.011717277,0.0031770277,0.0100433035,0.038705245,0.05568796,0.24929933
0.44382215,0.18052876,0.8792326,0.38599986,1.0,0.35147467,0.009227071,0.0031251812,0.00757729,0.06579018,0.050811216,0.15425424
0.5371996,0.1547807,0.77809066,0.5258476,1.0,0.5006375,0.010663811,0.00399495,0.003952285,0.053180322,0.047342766,0.10977983
0.5623604,0.2396168,1.0,0.6190992,0.4472311,0.31363657,0.013721203,0.006710374,0.0058946684,0.042863667,0.039877363,0.09255984
0.22235845,0.3477478,1.0,0.4109648,0.13558999,0.08093923,0.012596311,0.00800694,0.013072734,0.037364736,0.026195373,0.04842641
0.03089517,0.15516873,0.64733803,1.0,0.45957884,0.14716585,0.043731667,0.008983962,0.014792412,0.025748812,0.037723105,0.02765924
0.05247942,0.5103262,0.6035529,0.738842,1.0,0.23453175,0.14057799,0.01559482,0.010650586,0.016424809,0.05255842,0.1214225
0.0928616,1.0,0.7950513,0.38296732,0.9488622,0.23589878,0.28609502,0.025460625,0.0067661875,0.006091215,0.05013303,0.15546374
0.22214815,1.0,0.5295792,0.812263,0.79971963,0.3803675,0.44812712,0.03878618,0.0063788127,0.008674985,0.07637115,0.10911219
0.49231875,0.75314164,0.4794556,1.0,0.30712286,0.25841007,0.26020014,0.06376331,0.0062177097,0.020172955,0.07053427,0.06403548
0.8034273,0.7703726,0.87236863,1.0,0.30839258,0.16538848,0.4232133,0.1574953,0.022911403,0.050553564,0.077869914,0.14586483
0.75711644,1.0,0.7430351,0.81182134,0.79075146,0.77765346,0.785441,0.27889067,0.219045,0.25190043,0.397722,0.53893155
0.14740555,0.21456294,0.38261613,1.0,0.9368241,0.98214763,0.700876,0.3516789,0.38640007,0.28736717,0.15093507,0.18101892
0.084680185,0.100226134,0.330234,0.82248485,0.5464513,1.0,0.89629674,0.5331651,0.8173825,0.33944303,0.111096255,0.06946803
0.14276655,0.19954114,0.42087287,0.4941025,0.71103173,1.0,0.7682487,0.4188618,0.54065055,0.27412575,0.10990203,0.09748904
0.44706708,0.53289866,0.43305072,0.35979182,0.7119992,1.0,0.4706794,0.41381896,0.4447826,0.4143528,0.51726544,0.3120044
0.30716532,0.46170756,0.34045836,0.47965625,1.0,0.98411614,0.46976733,0.47577,0.52663124,0.42403245,0.5019368,0.29206377
0.14524885,0.34043694,0.30811068,0.4474713,1.0,0.67717135,0.34879926,0.3319742,0.30108646,0.24907842,0.2393468,0.13755661
0.16385937,0.8008494,0.5834534,0.37247694,1.0,0.6295896,0.50047797,0.4058618,0.09136577,0.060649436,0.08705313,0.071991175
0.11110997,1.0,0.96621174,0.23297347,0.40427256,0.18806951,0.46483624,0.824054,0.1160751,0.022640247,0.0389851,0.04057718
0.05028491,0.5109211,0.9113371,0.18498796,0.12337857,0.042713083,0.25559986,1.0,0.18517333,0.010627686,0.01995871,0.022355992
0.12930556,0.31953788,0.71350735,0.18225473,0.1785196,0.09902689,0.33147654,1.0,0.2843721,0.027649483,0.052402895,0.09660731
0.14930807,0.23946549,0.18199861,0.320874,0.40509343,0.1199174,0.12880747,0.2904357,0.13202159,0.21090762,1.0,0.40222195
0.0077982056,0.008534131,0.06294899,0.77320695,0.72001594,0.06450853,0.0072888266,0.013254996,0.0045729075,0.12886766,1.0,0.2778215
0.021507332,0.0014198304,0.015477947,0.47240323,1.0,0.10738147,0.002920086,0.001214634,0.00086414505,0.02113262,0.271366,0.22629817
0.06473556,0.0014681752,0.0028476035,0.19207622,1.0,0.20490813,0.0077203843,0.0017978407,0.0008987344,0.0020698512,0.060280703,0.28006214
0.10987985,0.0018436149,0.0013494915,0.1108727,1.0,0.31561524,0.015528327,0.0036362172,0.0009968504,0.0007684762,0.045830555,0.38152343
0.094156675,0.002365435,0.01501617,0.3265893,1.0,0.2418861,0.019484214,0.00418476,0.0016447601,0.021193022,0.36462516,0.66713005
0.016583849,0.002521538,0.11249468,0.6063518,0.3490457,0.03373074,0.0048323823,0.0025074005,0.002448313,0.1925498,1.0,0.35417145
0.0045784554,0.0040291664,0.20774357,0.51327926,0.15055895,0.023299407,0.0012291432,0.001191793,0.004374157,0.3819649,1.0,0.094394445
0.0084554935,0.003908171,0.15432627,0.7662921,0.35178062,0.027094366,0.0012240816,0.0015955972,0.003197786,0.24806707,1.0,0.2407519
0.015750889,0.0013647251,0.022756819,0.6488803,1.0,0.07230737,0.0007576733,0.00089871173,0.0008351658,0.01590723,0.21045995,0.22664322
0.0059248344,0.0006777541,0.025710594,0.78660244,1.0,0.050816573,0.00064795266,0.0005601835,0.0009590274,0.0016320355,0.023540953,0.0596447
0.0017100149,0.0026878782,0.109791234,1.0,0.5312327,0.019468842,0.0013901765,0.001233875,0.0026511436,0.0031315756,0.016353725,0.019079579
0.00066329713,0.009945035,0.3648105,1.0,0.19733053,0.012151518,0.0017839193,0.0017601643,0.002513338,0.004988119,0.01211392,0.005135192
0.0018695995,0.012794496,0.47281373,1.0,0.21037091,0.012265402,0.002631893,0.0027809662,0.0030375016,0.00637641,0.02475397,0.0136171905
0.021932276,0.017068239,0.2062938,0.8252035,1.0,0.16940762,0.01800154,0.011587295,0.024305636,0.02140905,0.06339429,0.08615071
0.04220242,0.033200793,0.054562416,0.33230594,1.0,0.32486737,0.06752764,0.050920893,0.09968917,0.09437379,0.07305064,0.09410406
0.028291339,0.036560304,0.106099725,0.81874573,1.0,0.18881421,0.08259998,0.078809686,0.08738128,0.113065235,0.13301082,0.11301751
0.010544136,0.00995789,0.14345236,1.0,0.42172146,0.0705596,0.026895758,0.03541405,0.026011048,0.030631883,0.09435797,0.038608793
0.0263081,0.0199598,0.18126331,1.0,0.7815777,0.4396556,0.20867285,0.07328716,0.03930851,0.04288508,0.0773101,0.044232737
0.055477094,0.049025107,0.05220521,0.19863676,0.4997578,0.7182808,1.0,0.9010888,0.3594358,0.11810775,0.077490576,0.0507832
0.034847226,0.06126609,0.08242463,0.2136472,0.34584695,0.40775326,0.81920236,1.0,0.41641605,0.1185833,0.05921616,0.03197322
0.040758807,0.10235695,0.5658498,1.0,0.5572585,0.25536594,0.24264877,0.23775528,0.113420315,0.14302342,0.1515683,0.032143362
0.023090193,0.09845829,1.0,0.8748927,0.1516001,0.07403508,0.037338525,0.043159153,0.04639286,0.18136378,0.15798141,0.013308846
0.02952913,0.238824,1.0,0.649463,0.09232726,0.063643515,0.038088765,0.034160197,0.02311318,0.1421891,0.11957225,0.012947088
0.21164517,0.8066698,1.0,0.4233403,0.11880862,0.15394427,0.09127287,0.07816911,0.038143948,0.14596723,0.09431592,0.058127064
0.780161,1.0,0.72929305,0.27777147,0.1686398,0.25738347,0.23225883,0.1687602,0.14627828,0.27886057,0.19263424,0.38279083
0.18875875,0.70146435,1.0,0.4495294,0.28110996,0.1988326,0.2880938,0.14737941,0.087353826,0.20201181,0.21300435,0.12988439
0.027179413,0.545856,1.0,0.16494736,0.04036228,0.03295381,0.021989267,0.005392822,0.004109051,0.0056775855,0.0036118245,0.0064429734
0.02389082,0.66426235,1.0,0.08815097,0.025878264,0.03016139,0.006598448,0.0027832557,0.008637296,0.0091267815,0.0026829578,0.0034244452
0.021763088,0.6990949,1.0,0.063156836,0.01692762,0.020250307,0.0035839735,0.001782694,0.007908132,0.007999707,0.0018132223,0.0013859707
0.01386296,0.5568293,1.0,0.0700581,0.012113355,0.008405401,0.0025028505,0.001328831,0.0025956712,0.0034084255,0.0007842421,0.0009366319
0.020405633,0.58033407,1.0,0.09362437,0.009739342,0.007509418,0.0032157046,0.0017741745,0.0041097733,0.0071473755,0.0017014698,0.0017571223
0.095302776,1.0,0.70862365,0.058011543,0.007959123,0.02460133,0.0061704954,0.022512255,0.33046767,0.3703645,0.07192192,0.022126378
0.060762484,1.0,0.74511176,0.031031538,0.0035331561,0.010188145,0.0032812431,0.027897324,0.6654697,0.562598,0.051478572,0.030215485
0.024185047,0.67378986,1.0,0.0793406,0.0054811738,0.0042772107,0.002929242,0.015270537,0.61307293,0.9591368,0.055869956,0.0118663125
0.008312934,0.24352823,0.9165793,0.14534926,0.025513947,0.011558051,0.003574643,0.0051126797,0.32616052,1.0,0.08891726,0.002811497
0.01471464,0.24322549,1.0,0.15930647,0.032788526,0.030149,0.0117842285,0.0080702985,0.17755601,0.67887056,0.08178535,0.011156782
0.032119095,0.51629686,1.0,0.08496116,0.031738713,0.043337844,0.016575264,0.014105417,0.09338945,0.25344393,0.049437527,0.023571623
0.04457408,0.94269025,1.0,0.05207977,0.034210525,0.037573036,0.018181287,0.016636474,0.08184339,0.12850328,0.035496224,0.01660429
0.032238625,0.7234844,1.0,0.06521284,0.022273166,0.030403243,0.024424369,0.013634216,0.0241322,0.024839196,0.021843027,0.0134537835
0.011015155,0.4142454,1.0,0.097822465,0.0090725105,0.015132999,0.015244141,0.008442862,0.01106746,0.012421262,0.0042565507,0.0035516105
0.004673894,0.2658817,1.0,0.13026045,0.008447602,0.005376675,0.0064076707,0.0041417405,0.0060397927,0.0109027475,0.0022542572,0.0017775972
0.0024080223,0.1772751,1.0,0.19271244,0.007222687,0.00248204,0.0021349308,0.001440783,0.0034932594,0.011260138,0.0022744832,0.0014637182
0.0037759475,0.19669408,1.0,0.16849826,0.0047758613,0.0026187487,0.0017096504,0.0006753203,0.0029064908,0.0131489085,0.0022244984,0.0023897425
0.005747446,0.19519034,1.0,0.16477631,0.003569581,0.0055384524,0.003715874,0.0004808445,0.0031681044,0.018061355,0.004209801,0.0035200722
0.006983046,0.16554184,1.0,0.19472134,0.0030715845,0.0038578825,0.0034521087,0.0010614416,0.002313223,0.016442435,0.005077312,0.00521306
0.0075155087,0.1667992,1.0,0.18360335,0.0029259776,0.0027100386,0.0030619297,0.0013897823,0.0032482576,0.019190408,0.0043453127,0.0059449384
0.007814291,0.22354513,1.0,0.14238675,0.002287594,0.0026015514,0.0022532356,0.0007988697,0.00479135,0.023631297,0.004018167,0.0052008107
0.009586682,0.26280937,1.0,0.11984163,0.0013803815,0.0018073898,0.0015287908,0.0005267364,0.0046771467,0.02205552,0.0036438045,0.0077556306
0.013826021,0.2744192,1.0,0.11611588,0.0011846342,0.00084801664,0.0012732019,0.00037121982,0.0042844727,0.0205265,0.0034912766,0.009944891
0.016350606,0.3073435,1.0,0.10639317,0.0011016679,0.0014908637,0.0019868505,0.00052256713,0.006170623,0.030387754,0.005145456,0.009849754
0.022000922,0.28067634,1.0,0.123225056,0.001319292,0.0026497755,0.0021774063,0.00057213125,0.0071073323,0.040483102,0.006872608,0.010537806
0.025157897,0.16905576,1.0,0.21018414,0.0020511344,0.0010468531,0.0011724192,0.0004708022,0.004822425,0.039056193,0.010217303,0.012427674
0.026938803,0.10962599,1.0,0.32447737,0.0039129453,0.00054797565,0.0011279786,0.0004931568,0.0020842291,0.028302671,0.011971302,0.015074994
0.027664099,0.10169151,1.0,0.34828654,0.0056964015,0.0017694115,0.0028135194,0.000566748,0.003139151,0.028196152,0.009654681,0.012445766
0.012078666,0.1612216,1.0,0.2039748,0.0041189143,0.0013948708,0.0025733314,0.0005700042,0.0070562176,0.052840877,0.014579105,0.0076170266
0.042042267,0.21742693,1.0,0.1486036,0.0036547238,0.0011724747,0.001644316,0.0007597801,0.027708676,0.22694898,0.062260594,0.030889858
0.04484486,0.21871781,1.0,0.15038772,0.0031674749,0.0013787447,0.0015638837,0.00065532036,0.03837392,0.2452432,0.044075184,0.029560689
0.03437704,0.22415084,1.0,0.13835052,0.0029004668,0.0011572932,0.002075059,0.000956951,0.055694614,0.28046766,0.036685042,0.019415097
0.025391456,0.282535,1.0,0.10401504,0.0032188098,0.0031715394,0.0024176706,0.0037890002,0.08519561,0.35921985,0.053095177,0.017232446
0.024868332,0.37221897,1.0,0.084696494,0.010245536,0.025555719,0.015703162,0.013675307,0.18583012,0.48234367,0.07102313,0.024786996
0.029305946,0.31220275,1.0,0.11249758,0.030004164,0.03175462,0.025338577,0.016357685,0.18881023,0.601738,0.08123252,0.021228055
0.0169224,0.19650178,1.0,0.2637768,0.029978205,0.03183182,0.020498594,0.008807442,0.07960311,0.54973084,0.1488664,0.011560183
0.01191371,0.092298605,1.0,0.55007744,0.029715464,0.03834274,0.035183687,0.014547983,0.086450085,0.6620235,0.3267453,0.011142147
0.013126108,0.106340334,1.0,0.558035,0.050311264,0.028385116,0.02664296,0.025302052,0.11447291,0.79624873,0.3423034,0.0145454705
0.023344997,0.3983858,1.0,0.20372775,0.03138327,0.020116458,0.017596342,0.024234109,0.2790376,0.8178333,0.12758242,0.007601024
0.038745206,0.7768443,1.0,0.059530433,0.008145605,0.026114505,0.015005789,0.011754596,0.2006304,0.36134553,0.029963957,0.011146605
0.025035117,0.6030698,1.0,0.08067906,0.0078507485,0.021884693,0.010607842,0.007058432,0.12231822,0.26827657,0.049013056,0.01306691
0.010338102,0.20511703,1.0,0.31203926,0.015754107,0.012124548,0.0083216,0.0066582374,0.0839088,0.43333742,0.1837242,0.009461407
0.009928001,0.09046723,1.0,0.88449603,0.04815532,0.012381885,0.0147133395,0.014677354,0.036718056,0.59476864,0.60706407,0.024146914
0.012053331,0.24481103,1.0,0.49848247,0.025164643,0.0053289416,0.008051429,0.0064668376,0.0701971,0.46724045,0.3140511,0.013469577
0.061135158,1.0,0.9101609,0.091276504,0.007485313,0.0046563786,0.0021787486,0.0075566783,0.17087251,0.23199144,0.032097764,0.0030354608
0.058564056,1.0,0.78853345,0.037228603,0.0021890807,0.0044060796,0.002058962,0.0071977996,0.15852918,0.20129752,0.02080521,0.001599687
0.017454589,0.40786007,1.0,0.17580403,0.0030405037,0.0017176433,0.0020629377,0.0035930178,0.19681099,0.81585014,0.11829191,0.0014357702
0.028031183,0.2513155,0.8070755,0.21114759,0.0063633444,0.001928665,0.0011013281,0.005803917,0.2947587,1.0,0.12458197,0.00593949
0.25860828,0.5586621,0.6545864,0.14173572,0.047726687,0.03931073,0.014950862,0.048912197,0.40605384,1.0,0.4821302,0.14667857
0.1231818,0.08012218,0.14584617,0.06295827,0.0859199,0.086104184,0.051609334,0.13171312,0.48542184,1.0,0.79259896,0.22396263
