0.8552352,1.0,0.7098554,0.34961993,0.18055636,0.057074025,0.012744544,0.020935383,0.08962913,0.2403469,0.19042045,0.3984571
1.0,0.8149185,0.46439335,0.19081299,0.14332299,0.06541426,0.033560935,0.048932023,0.12880826,0.41796088,0.35183704,0.7033641
0.22454415,0.14924976,0.06412761,0.0878732,0.114838675,0.07752609,0.07100412,0.13226122,0.26979473,1.0,0.7983095,0.6197335
0.04876623,0.063460894,0.053717073,0.036555406,0.04413248,0.048976626,0.041088182,0.04909632,0.2571432,1.0,0.34256306,0.0846067
0.055257246,0.04058866,0.028699415,0.021025453,0.03689358,0.027715221,0.03612197,0.0365177,0.2306629,1.0,0.30418608,0.08914397
0.0404485,0.039770648,0.050836734,0.08338729,0.09735487,0.07533779,0.059945885,0.04135969,0.21115485,1.0,0.36685854,0.10607422
0.09308799,0.064582266,0.07997549,0.15276611,0.17223795,0.14312442,0.07217388,0.06587576,0.21958846,1.0,0.44709313,0.17930911
0.10685691,0.052037098,0.04957558,0.07156401,0.09325438,0.10688996,0.060993243,0.050712503,0.22341257,1.0,0.47460124,0.21987574
0.275731,0.19478104,0.18642266,0.122065715,0.11513205,0.08297629,0.06382777,0.0682291,0.32978848,1.0,0.6745857,0.3841477
0.30378637,0.22721507,0.7402339,1.0,0.6230568,0.32037303,0.14287467,0.1837683,0.22010393,0.21142367,0.24643955,0.3483421
0.41207808,0.31458154,1.0,0.91857195,0.69678813,0.80559236,0.3620235,0.36497834,0.32692146,0.24441995,0.29575205,0.38409364
0.37163487,0.3283989,0.55997807,0.8115936,0.8216107,1.0,0.6429453,0.36602214,0.21949846,0.26883975,0.2958432,0.2413597
0.093972996,0.20679969,0.2925363,0.40850788,0.36300257,0.58338004,1.0,0.69428277,0.2567402,0.35520348,0.14829327,0.08704286
0.13987991,0.27670375,0.32593408,0.3179427,0.12562175,0.23423487,0.6300656,0.7812184,0.8019575,1.0,0.45041284,0.16337582
0.15187559,0.1853884,0.08522619,0.14413135,0.0864583,0.027417453,0.072500825,0.14096075,0.32243907,0.47694764,1.0,0.41410756
0.43522573,0.253056,0.08915324,0.096949406,0.07296579,0.021415517,0.017917154,0.025807928,0.040057253,0.13580362,1.0,0.8142435
1.0,0.27272254,0.11058124,0.09338739,0.053626563,0.0283375,0.036849145,0.038767528,0.038984735,0.1505012,0.46944916,0.94530946
1.0,0.3334272,0.16271877,0.043757174,0.10122343,0.063370205,0.06848668,0.0754448,0.09833491,0.40327707,0.40148643,0.6578034
0.9733936,0.9607106,0.6272597,1.0,0.7750702,0.22728403,0.33961916,0.6284046,0.38437387,0.40023997,0.7745849,0.97860366
0.08479572,0.46984866,0.95898443,1.0,0.311994,0.09995283,0.27433133,0.24219248,0.045660112,0.048714217,0.08909139,0.049040698
0.04479103,0.16012761,0.7297823,1.0,0.6085378,0.2500379,0.21105468,0.20834796,0.043737013,0.02834155,0.046134956,0.031380147
0.025028015,0.037582204,0.087423146,0.50122637,1.0,0.56188,0.28883544,0.18343762,0.036307912,0.009060287,0.010738908,0.024153301
0.01587365,0.04981361,0.10632361,0.38487646,0.91042256,0.61359036,0.871683,1.0,0.26347837,0.036317907,0.009755719,0.013252531
0.009148112,0.0136520555,0.16392033,0.25018805,0.0788376,0.076897554,0.47100607,1.0,0.54350233,0.11530747,0.016040962,0.009292887
0.01332798,0.045167666,0.12975568,0.17238307,0.054321773,0.23682544,1.0,0.757221,0.18204519,0.044985134,0.011709731,0.012625548
0.013750666,0.037043307,0.016264841,0.013011235,0.029687714,0.26399773,1.0,0.73238164,0.14886911,0.031694196,0.011979859,0.008929413
0.040213935,0.013901841,0.011715395,0.009584875,0.021056658,0.080504596,0.39590842,0.54919493,0.51707006,0.991905,1.0,0.27023515
0.0061398973,0.00083436404,0.00037946718,0.0007490927,0.003822664,0.0033670533,0.003080543,0.004981928,0.037788533,0.55115473,1.0,0.15980278
0.012365294,0.0011548761,0.00021099785,0.00065272336,0.0074038533,0.003950521,0.0009097326,0.0016046515,0.029400237,0.5879263,1.0,0.19192049
0.03396173,0.0055141915,0.00079892215,0.0035936076,0.06449114,0.035574038,0.0025179854,0.0036201212,0.044580426,0.8686381,1.0,0.18864712
0.017855803,0.016621493,0.0039351955,0.035700634,0.5948771,0.29002398,0.0051929536,0.0026003977,0.07586453,1.0,0.5356945,0.026852638
0.0037618692,0.016800907,0.0038271297,0.11737817,1.0,0.315003,0.0037211787,0.0016595126,0.07513154,0.54028195,0.19395103,0.004526554
0.005737297,0.010358871,0.0035741895,0.27328223,1.0,0.12926209,0.0012468478,0.002376317,0.09135888,0.2768287,0.04535218,0.0012683269
0.0046711937,0.007162673,0.003337201,0.3214434,1.0,0.08789409,0.00062095333,0.0020050642,0.07511594,0.16982351,0.018237717,0.00041782222
0.0043732985,0.006957621,0.0034988902,0.33663467,1.0,0.08347172,0.0004471419,0.0013586961,0.0498664,0.11123898,0.011493376,0.00033110467
0.0043564993,0.007413529,0.0036769463,0.34599462,1.0,0.08064918,0.00040613976,0.001042689,0.0374703,0.08380971,0.008765973,0.00026567766
0.0038583444,0.010514893,0.0029299096,0.2585466,1.0,0.12230688,0.0007560614,0.0007141377,0.02304466,0.0698779,0.010488522,0.00028209123
0.0060037207,0.029344013,0.0050382274,0.15348983,1.0,0.22693433,0.0021826231,0.0006414225,0.016456397,0.082607985,0.019046256,0.0004273306
0.023123682,0.105770774,0.0130212065,0.118932456,1.0,0.2643588,0.0032045175,0.0013890065,0.03790419,0.18869326,0.04137366,0.000979322
0.05228693,0.24038573,0.026153512,0.14494167,1.0,0.19800974,0.0021688144,0.0024761022,0.071965516,0.38409457,0.09086042,0.0020357491
0.06623087,0.34984583,0.043384988,0.1184655,1.0,0.251719,0.0026040052,0.0022838218,0.0689381,0.43346587,0.117740214,0.0024817905
0.10128075,0.30710325,0.030951524,0.2448304,1.0,0.1639824,0.002218457,0.004007054,0.13726495,0.4487109,0.075941935,0.0027895428
0.18908176,0.18601519,0.020218726,0.641088,1.0,0.055134594,0.0018183999,0.011314372,0.3362249,0.5045771,0.03427695,0.0062069157
0.29847786,0.20285623,0.026103467,0.8871905,1.0,0.031882577,0.0018298854,0.017471412,0.45566657,0.508015,0.024019498,0.010814927
0.2975463,0.25191173,0.021963619,0.71937615,1.0,0.0436698,0.0021002972,0.014947018,0.41689068,0.5540606,0.033202123,0.009403101
0.16434692,0.33169818,0.029470917,0.34920722,1.0,0.11601257,0.0023423687,0.0082130935,0.25026718,0.6431383,0.086998105,0.00469203
0.10881082,0.61916995,0.08607316,0.12015912,1.0,0.25884256,0.003084103,0.0042590005,0.10364341,0.68688977,0.19771433,0.004441839
0.09590282,0.81804526,0.16467513,0.07413574,1.0,0.38054663,0.004602476,0.0026182118,0.07117308,0.7292061,0.29951954,0.006465836
0.08047793,0.69806397,0.14431733,0.08517779,1.0,0.34991932,0.0040658438,0.0023143264,0.0813407,0.7660771,0.28860468,0.005562475
0.11801392,0.447229,0.05455254,0.21248579,1.0,0.18185933,0.0022291108,0.0047366773,0.17750897,0.7272485,0.15472312,0.0038676662
0.17148747,0.22619958,0.020147903,0.53709084,1.0,0.06466988,0.0019045238,0.011465355,0.36131296,0.6285113,0.05279677,0.005171331
0.22234984,0.1639515,0.020370172,0.7380271,1.0,0.0398038,0.002166088,0.01596811,0.4500123,0.5576505,0.02842052,0.008556623
0.15174897,0.15101193,0.016188448,0.4962358,1.0,0.08532775,0.003016272,0.013380125,0.3457358,0.59926534,0.067625314,0.0074468013
0.030068768,0.07167425,0.020508341,0.17821385,1.0,0.33563122,0.013857893,0.0120274965,0.13377732,0.73754495,0.47828698,0.047671344
0.027637087,0.037283882,0.028246572,0.062231887,0.52833503,0.39137793,0.043287825,0.05245055,0.20668945,0.85442275,1.0,0.1905946
0.076337636,0.06348836,0.04411095,0.028285455,0.16777132,0.19809517,0.13728939,0.32321215,0.5888849,0.725021,1.0,0.29970247
0.03769551,0.10113303,0.122419395,0.034341767,0.072341874,0.1115145,0.6655903,1.0,0.24051297,0.1163995,0.12463173,0.05112744
0.031807557,0.0856168,0.09576405,0.052950237,0.07894198,0.1378384,0.71708095,1.0,0.6536754,0.41997758,0.17313117,0.05408427
0.011121191,0.0057040686,0.0041616554,0.011657521,0.06238302,0.029134654,0.016820166,0.026027992,0.19090983,1.0,0.8909535,0.14656726
0.010399072,0.0010850868,0.00096786825,0.0016804333,0.030795667,0.027162852,0.0021606106,0.002011526,0.018750353,0.37599862,1.0,0.29139146
0.01646973,0.0013819654,0.0042536757,0.0029229452,0.015493403,0.033645224,0.014683957,0.0012711047,0.004264939,0.18935063,1.0,0.42331314
0.083229035,0.0031169548,0.0357311,0.052317925,0.005789041,0.064906366,0.11780554,0.00927844,0.0024780983,0.077555984,0.80661,1.0
0.12540497,0.0032323739,0.10492629,0.17969997,0.008189899,0.061787557,0.2198165,0.022918656,0.0011069193,0.008317409,0.34749913,1.0
0.08261192,0.01121252,0.37271225,0.3560405,0.01278559,0.22278078,0.4516941,0.028117772,0.0012830502,0.016554886,0.55813336,1.0
0.036406063,0.06965846,0.87169904,0.39281514,0.042910647,0.69743353,0.63389546,0.02085864,0.0026390906,0.08042066,1.0,0.7936131
0.01389662,0.26324132,0.61313725,0.108585924,0.19039878,0.7105856,0.22379185,0.0049182605,0.009936977,0.31741795,1.0,0.2379913
0.06906334,1.0,0.44919923,0.038773365,0.6738597,0.6056694,0.033889264,0.0019879714,0.0432398,0.84926903,0.93025094,0.059328627
0.11917659,1.0,0.21199538,0.052398756,0.6921424,0.31005183,0.005428011,0.0011101905,0.05233928,0.52471334,0.25967738,0.008958937
0.18054841,1.0,0.13762447,0.08523643,0.75715554,0.23427838,0.0045320047,0.0014794379,0.06576566,0.44449577,0.14796259,0.006570756
0.17431001,1.0,0.24635684,0.06921081,0.6807504,0.6838299,0.1204746,0.0043502213,0.045295555,0.55798125,0.9152317,0.22498645
0.12310945,0.108393,0.09786077,0.035456695,0.0785495,0.5232021,0.4732121,0.03450613,0.0039688004,0.11983548,0.95204794,1.0
0.23439473,0.005806665,0.011585132,0.023923315,0.0052244314,0.08564128,0.33198285,0.06348437,0.00101952,0.0072002197,0.23052992,1.0
0.20327128,0.0033412662,0.011182478,0.02962755,0.0030510894,0.04199167,0.22666244,0.044772714,0.0007262957,0.004816969,0.23927972,1.0
0.10974858,0.013851195,0.08996714,0.055763103,0.015119217,0.15902427,0.19410892,0.01563343,0.0021670656,0.04553305,0.64861727,1.0
0.044128437,0.21926513,0.28698814,0.06758637,0.22224551,0.40531898,0.11110114,0.0052451314,0.026268084,0.3672975,1.0,0.4046156
0.1861573,0.6552369,0.2537603,0.3552059,1.0,0.32744372,0.024280889,0.011809506,0.2258036,0.82833195,0.53159624,0.055310026
0.2848228,0.3696233,0.07525953,0.6166411,1.0,0.12307738,0.010360316,0.015618012,0.34602666,0.58911407,0.09829973,0.021690907
0.17781547,0.5536905,0.32285085,0.30585298,0.98478794,0.4747415,0.055396453,0.015549451,0.17765154,0.856006,1.0,0.3107619
0.17298093,0.04136044,0.075131655,0.044989966,0.04888702,0.089164406,0.053956185,0.008687186,0.0047463393,0.07614931,0.64180547,1.0
0.27977797,0.010932665,0.008265853,0.015768662,0.0049472856,0.0064047812,0.02064973,0.012815223,0.004003937,0.033490233,0.38164103,1.0
0.6280009,0.093041904,0.03316339,0.021854416,0.010649852,0.0020777676,0.021036787,0.034969393,0.010613583,0.058029257,0.3374364,1.0
0.8672726,0.27915344,0.047433246,0.01679561,0.009797189,0.007371711,0.050170787,0.04816892,0.0038925856,0.010295729,0.20619176,1.0
0.23685639,0.07121084,0.011262242,0.002982577,0.005859142,0.034546554,0.0456548,0.014780762,0.0059224362,0.09558817,0.66120595,1.0
0.15432753,0.032681037,0.0046197306,0.0043169716,0.054368835,0.07435624,0.015238084,0.00633217,0.060407266,0.6015274,1.0,0.47437835
0.008914655,0.0076211947,0.0020286937,0.010598752,0.11959643,0.051336057,0.0026829776,0.0072122356,0.16565177,1.0,0.5047082,0.04481298
0.048945405,0.012550738,0.010481779,0.013683203,0.08817532,0.09030625,0.017712878,0.0074484623,0.101577185,0.66855824,1.0,0.32471597
0.14922701,0.016464107,0.00927661,0.008602703,0.021434236,0.076949194,0.075414605,0.01352364,0.01586348,0.15501326,0.89205277,1.0
0.3980455,0.014256995,0.00096523407,0.0011864505,0.0021194818,0.01629799,0.08073198,0.027139442,0.0019826784,0.016245745,0.22687136,1.0
0.5282935,0.013718224,0.0003345633,0.000632095,0.0004927319,0.0041507836,0.06431579,0.032733593,0.0011172132,0.003167913,0.10402177,1.0
0.23387091,0.0037887932,0.00024089657,0.00036760885,0.00070237543,0.0059479354,0.025704248,0.008162367,0.0013077697,0.023949297,0.3617053,1.0
0.05395441,0.0006788931,0.00018211362,0.00038818817,0.004230024,0.009888259,0.0060982513,0.0010537368,0.007355588,0.19536439,1.0,0.730647
0.010865343,0.0004566152,0.00023015687,0.0023256498,0.021126812,0.011362798,0.0009264849,0.00085630105,0.038131077,0.55746686,1.0,0.2808015
0.004688711,0.0014008668,0.00061151414,0.01337158,0.09912506,0.025714593,0.0015430034,0.0035993243,0.13878484,1.0,0.50247324,0.05222717
0.004151188,0.0011286642,0.0009203263,0.008300423,0.083446026,0.04143685,0.0024758235,0.004763837,0.066328876,0.88388526,1.0,0.11344855
0.021546027,0.0015917678,0.0005680088,0.0009541459,0.009260159,0.0085325,0.0019089108,0.003991264,0.045935184,0.5727474,1.0,0.22883697
0.27485085,0.042929277,0.008964053,0.005885473,0.005041904,0.0035593624,0.0069764038,0.01797282,0.12047011,0.58024687,1.0,0.57802576
1.0,0.77137744,0.4206963,0.26198456,0.13058597,0.06501921,0.04219642,0.014666906,0.022896979,0.0730837,0.25450453,0.65267575
0.25182742,0.59097767,0.6638054,0.8606601,1.0,0.403828,0.12786072,0.017442765,0.01035037,0.034582563,0.1601612,0.2650707
0.12738767,0.34980223,0.7882911,1.0,0.54415697,0.09113172,0.008278606,0.0028266865,0.0054075443,0.014651819,0.038010944,0.048796
0.34324723,0.8774389,1.0,0.61702704,0.24525371,0.038806356,0.0055238702,0.006965799,0.062268537,0.15315023,0.1133801,0.10642296
0.40634128,0.741171,0.30292237,0.20529559,0.36862203,0.051154938,0.0062298384,0.025170581,0.46694246,1.0,0.19336718,0.07438383
0.10948633,0.111138046,0.033512093,0.28777656,0.452809,0.030990612,0.010099004,0.09034011,0.6742103,1.0,0.22184975,0.038551994
0.08378541,0.17581208,0.12484847,0.568202,0.6660006,0.13217363,0.39550298,0.92517865,1.0,0.8928277,0.2305001,0.036040064
0.05027286,0.09979215,0.09143459,0.037257776,0.0358275,0.123746105,0.71100074,1.0,0.46543786,0.29406506,0.10053197,0.03963057
0.02972738,0.012078152,0.011972842,0.005341153,0.009886949,0.019875452,0.057614997,0.09164794,0.1361122,0.6398665,1.0,0.27737927
0.036269985,0.0014998398,0.00029246186,0.00028843217,0.0034659444,0.005422112,0.0011004934,0.0013142474,0.005290984,0.20676385,1.0,0.45785645
0.077614695,0.0066820374,0.00093191385,0.00037144436,0.013845315,0.021792265,0.0017946284,0.0011560009,0.003865199,0.2197297,1.0,0.49052516
0.07771652,0.016534958,0.005317731,0.0024309575,0.101432584,0.15266834,0.0078619495,0.0016394076,0.007961352,0.39364395,1.0,0.25322002
0.0055438993,0.027996417,0.017751455,0.017974952,0.5549386,0.6403362,0.022853054,0.0026400604,0.023649156,0.7070738,1.0,0.068967015
0.005271592,0.035516366,0.010740902,0.095653914,1.0,0.48271987,0.009206905,0.0012520911,0.039049737,0.39691323,0.27053303,0.0128040435
0.0075077186,0.019849382,0.0049247863,0.24097925,1.0,0.17454775,0.001668523,0.0011495859,0.048879858,0.15915324,0.031047495,0.0012411056
0.011826864,0.014129691,0.0076761805,0.42814794,1.0,0.07610298,0.0007216555,0.002481684,0.0782201,0.13894513,0.0119580785,0.0006513087
0.049572207,0.04971733,0.016535012,0.58031046,1.0,0.067334406,0.0017320599,0.007109601,0.19005288,0.25762975,0.016564902,0.0020728605
0.08649882,0.16406618,0.018705597,0.40492374,1.0,0.09415336,0.0019475458,0.007531679,0.24776362,0.5792638,0.07105723,0.0028033673
0.0666443,0.32028586,0.042322583,0.1665341,1.0,0.20327367,0.0024544992,0.0037838323,0.126786,0.68842745,0.17803496,0.003663665
0.06790469,0.5485638,0.107518055,0.084852375,1.0,0.34375036,0.0040456653,0.0030770372,0.086231016,0.8120943,0.3215071,0.006809686
0.058921378,0.40326995,0.07217616,0.111600876,1.0,0.2785304,0.0031043699,0.0032274558,0.1058761,0.71875536,0.22085796,0.004389534
0.07923239,0.192598,0.022237651,0.30201223,1.0,0.13604324,0.0024244473,0.006782533,0.21547258,0.602256,0.08853809,0.0029190145
0.13893919,0.09756316,0.024999179,0.80220747,1.0,0.044411283,0.0024929133,0.01751401,0.41569152,0.49993968,0.029135182,0.0059437826
0.17009903,0.077031255,0.038032025,1.0,0.7930832,0.018533824,0.0022929085,0.023462439,0.4347277,0.3383644,0.011413117,0.00906485
0.16949287,0.08144178,0.04138903,1.0,0.83069646,0.02503738,0.0021868532,0.024219785,0.46713328,0.41979873,0.020457275,0.009826961
0.08514959,0.08680899,0.021569347,0.5250525,1.0,0.10715223,0.002785097,0.014979057,0.34474093,0.7048406,0.10393677,0.0060630143
0.010083129,0.038376786,0.008536918,0.09652667,0.7462891,0.32174703,0.014135573,0.010084322,0.1063961,1.0,0.61152047,0.030230885
0.0010702738,0.0030408225,0.0016293824,0.0072390563,0.11509259,0.11126645,0.014387206,0.032155063,0.17004259,1.0,0.7571937,0.041385323
0.002996549,0.0012503962,0.0008669126,0.004290471,0.03156261,0.032944053,0.03410082,0.0826495,0.33032444,1.0,0.78453225,0.06134682
0.011754952,0.00588206,0.0069427346,0.019327607,0.06064502,0.055628195,0.10483064,0.15763439,0.36465508,0.60859656,1.0,0.16427933
0.046196967,0.09842634,0.07775137,0.03557362,0.130779,0.3552874,0.98389626,0.85129166,0.7320864,0.81643695,1.0,0.178341
0.052989904,0.06587323,0.015049059,0.012220463,0.11723694,0.6808728,1.0,0.3897591,0.1411802,0.11314525,0.12216394,0.033490606
0.076849476,0.06662975,0.0114459265,0.011616225,0.12087359,0.7646829,1.0,0.23979668,0.07695864,0.043164473,0.031162098,0.018466169
0.022674818,0.042078394,0.030121535,0.014356226,0.03540267,0.18018158,0.6750345,1.0,0.96355474,0.56378967,0.17270213,0.034923255
0.0037277373,0.0044599343,0.004468878,0.0061106673,0.01234984,0.010313436,0.049860924,0.115577765,0.5963533,1.0,0.30237904,0.024775272
0.0008235794,0.0011961673,0.00058267784,0.002427166,0.011826639,0.0026952445,0.0028684023,0.009214566,0.23484549,1.0,0.28666547,0.008933996
0.0006987614,0.00072080357,0.00027695805,0.0020492438,0.011257663,0.0026807992,0.0012256867,0.0026061086,0.11675035,1.0,0.48186094,0.018417196
0.0023783678,0.0025261731,0.00047068796,0.0032835389,0.011806884,0.002488392,0.00049739296,0.002109214,0.06980023,1.0,0.82774764,0.050786197
0.005994793,0.008446805,0.00057352654,0.006732455,0.026793966,0.0047150454,0.00026939082,0.0024823896,0.1486728,1.0,0.5630031,0.035492744
0.011277989,0.020642085,0.0011114299,0.010532203,0.052797787,0.008568736,0.00032545006,0.0033984666,0.26607168,1.0,0.19160803,0.007873659
0.008732332,0.02310367,0.0015200699,0.010289257,0.048263684,0.00678851,0.0003256012,0.0041266256,0.2952976,1.0,0.16259106,0.0015952131
0.01904244,0.039596587,0.002413101,0.016406149,0.04066051,0.0037356575,0.00031729325,0.013476526,0.52404386,1.0,0.10520999,0.0013735949
0.011646833,0.021216342,0.0017247038,0.015816808,0.028820882,0.0019167676,0.00034251108,0.02208453,0.7438722,1.0,0.063722156,0.0009133362
0.0005910232,0.0010381354,0.00026462838,0.003969489,0.017204188,0.0037838307,0.00037234256,0.018944964,0.58368456,1.0,0.09999897,0.0012216376
0.00091997936,0.0006670931,0.00033474326,0.0015616978,0.016662823,0.008728412,0.001687648,0.03698097,0.55500436,1.0,0.2097905,0.0068932287
0.010372224,0.0074708634,0.003986941,0.0028866509,0.03062269,0.029395983,0.0067199133,0.04700026,0.3378518,1.0,0.7484676,0.06803501
0.0037298668,0.004345398,0.0018943313,0.0027929617,0.038392216,0.027316304,0.0022099272,0.008503747,0.12525082,1.0,0.734974,0.039938815
0.002057953,0.0020948849,0.00072527817,0.0059758006,0.041228298,0.017812807,0.0037617923,0.013118726,0.24321625,1.0,0.39918798,0.023184724
0.0038863826,0.002163995,0.0016212823,0.021861902,0.03415039,0.007853022,0.0041554184,0.066080384,0.7736304,1.0,0.13594596,0.007030877
0.005200813,0.0011733782,0.0025346417,0.027031332,0.011058749,0.0012457601,0.0048594098,0.14049539,1.0,0.4987273,0.023932403,0.0027744824
0.0040102135,0.0010966946,0.0018064071,0.023085896,0.011535799,0.00070802553,0.003203618,0.119436085,1.0,0.55393225,0.0280219,0.0017425434
0.0026812647,0.0017201095,0.00095156167,0.0169468,0.024319192,0.0021641718,0.001961839,0.06690223,0.9028503,1.0,0.09908288,0.0030940338
0.0011172955,0.0016657222,0.000499347,0.0059912093,0.02846983,0.005623135,0.0009252253,0.021321908,0.3897772,1.0,0.21539634,0.008389467
0.0012352293,0.0025784406,0.0008671035,0.0030311702,0.035686027,0.01710315,0.00088436867,0.008312867,0.16057871,1.0,0.54508805,0.032054745
0.0011064615,0.002587548,0.0011658273,0.0028252918,0.044752557,0.025040317,0.00085538306,0.004918974,0.12518664,1.0,0.6640041,0.048071407
0.0015125424,0.0018867818,0.0006739975,0.009469765,0.047849983,0.013625339,0.0010153627,0.016902592,0.30134362,1.0,0.30214792,0.017875342
0.0021606258,0.0027770882,0.0031152922,0.026527327,0.036957562,0.0033228656,0.0018697131,0.057985168,0.7558339,1.0,0.124349706,0.003786765
0.003290242,0.0044471594,0.006811148,0.036812637,0.016952861,0.0014423617,0.0044952314,0.10824263,1.0,0.6348659,0.038146835,0.0034825178
0.0088773025,0.017307926,0.027250659,0.018072048,0.0037593064,0.003519968,0.029064015,0.23458764,1.0,0.6472679,0.14338435,0.03263768
0.07351346,0.16790959,0.10767929,0.016786257,0.010226881,0.057419255,0.16383791,0.37477157,1.0,0.9996844,0.5225785,0.2054752
0.7020129,0.91472703,0.4222414,0.17803495,0.1983839,0.8646423,1.0,0.6243967,0.46397102,0.6897543,0.6958199,0.47299427
0.34703177,0.8010663,0.8720606,0.6305885,0.563829,0.6583781,1.0,0.93137294,0.3594282,0.35166734,0.24122217,0.14055678
0.23937212,0.41164356,0.77817976,1.0,0.73016036,0.5930196,0.4264487,0.5860253,0.3826503,0.43114224,0.5286703,0.26582715
0.48591268,1.0,0.8358629,0.42385828,0.41287908,0.34062755,0.14168757,0.07952101,0.09582423,0.15772718,0.32843474,0.34516206
0.10563497,0.76304924,1.0,0.21186286,0.068945974,0.052234586,0.028562643,0.011622362,0.023543809,0.02816021,0.015920097,0.031030614
0.038067758,0.5323499,1.0,0.4048586,0.19609737,0.19314195,0.08598652,0.014600892,0.006643615,0.014303381,0.008038292,0.003868626
0.0033494264,0.033254325,0.061034378,0.14021961,0.482672,1.0,0.28467068,0.02228003,0.0015749482,0.0015555827,0.0019302602,0.0014075179
0.0078576105,0.032886192,0.098595016,0.42593107,1.0,0.5987506,0.05684832,0.0035387103,0.00067478494,0.00082690094,0.0014397209,0.0024240653
0.15758689,0.28907543,0.40565085,0.7993535,1.0,0.30145136,0.01905783,0.008414568,0.009411128,0.0163107,0.04253276,0.08642847
0.7163726,1.0,0.46896055,0.40806484,0.6525755,0.3761209,0.3023966,0.4211555,0.7619826,0.6811143,0.5896553,0.5540466
0.057715382,0.079611205,0.020851567,0.04996925,0.23815791,0.33636877,1.0,0.9342748,0.51701695,0.22398047,0.06282293,0.039718386
0.018243393,0.027111778,0.006650288,0.013947569,0.078774445,0.44817084,1.0,0.31584543,0.03502517,0.010913348,0.0050024004,0.0047800476
0.01248337,0.03798789,0.026935648,0.0134194605,0.037570495,0.3407764,1.0,0.4873035,0.1373853,0.021818692,0.0040622842,0.0014264552
0.0059262346,0.013421413,0.037980113,0.08059601,0.058584314,0.06989442,0.36670783,0.6595319,1.0,0.679587,0.109843194,0.008395717
0.03359122,0.009202968,0.010989275,0.037187617,0.068772644,0.050916906,0.032324966,0.056844123,0.39734924,1.0,0.89381176,0.27230164
0.06506616,0.010758907,0.011346557,0.009277123,0.020331768,0.04057175,0.019576605,0.005138357,0.025912376,0.25720116,1.0,0.61809546
0.11709845,0.004173758,0.0073427414,0.007985556,0.0020073846,0.0074331234,0.01383789,0.0016826218,0.0013419077,0.024347741,0.46688586,1.0
0.120471306,0.0015596321,0.001721128,0.0029612551,0.00028056971,0.0016608086,0.005941861,0.00066297635,0.0002022573,0.00561764,0.3283371,1.0
0.094060615,0.0007678774,0.0012356197,0.0018285444,0.00015569161,0.0019449748,0.005604429,0.000485559,6.9995454e-05,0.007839246,0.42907023,1.0
0.05932746,0.0003715709,0.001425544,0.0014318635,0.00014729901,0.0039506303,0.0069962023,0.0004500854,0.00020543534,0.021822864,0.69243807,1.0
0.02337844,0.00044090333,0.0017289945,0.0005968864,0.00053109764,0.006161954,0.0042298655,0.00027048646,0.0009822674,0.096782066,1.0,0.6061073
0.0027538952,0.0006029247,0.0019010033,0.00022113445,0.0013827777,0.00696112,0.0012002653,9.32407e-05,0.0026550048,0.22831081,1.0,0.19839254
0.0006523521,0.0005721257,0.0014366013,0.00013745413,0.0018790538,0.007729342,0.00092094956,7.171622e-05,0.0040952964,0.31353155,1.0,0.12476785
0.0006286112,0.00045548,0.001011,9.69938e-05,0.0018198076,0.0067342906,0.0006776145,3.0204419e-05,0.0043015885,0.3226312,1.0,0.12236144
0.00067419256,0.0004369342,0.00092059874,9.001093e-05,0.0018753745,0.006757367,0.0006623608,2.3888797e-05,0.004248563,0.31855938,1.0,0.12410939
0.00072797464,0.00044021156,0.0008159691,9.746132e-05,0.0025679495,0.0077071255,0.0006635898,3.742054e-05,0.0047762,0.32844666,1.0,0.12055461
0.00048260542,0.0004715898,0.00054356235,0.00014749441,0.0056092707,0.00969273,0.00054277154,9.909875e-05,0.012450103,0.51563966,1.0,0.08842848
0.00033959883,0.00086454547,0.00042177577,0.00048552087,0.0140271,0.013297115,0.00048835453,0.00043224805,0.052024342,1.0,0.96349716,0.051435217
0.000262236,0.0009962103,0.0003611097,0.001206373,0.016732799,0.008361927,0.0002741286,0.0046458417,0.2087771,1.0,0.32881424,0.01030856
0.00024917952,0.00037183607,0.00016319046,0.0016805902,0.016604686,0.005716785,0.00030510256,0.011587238,0.40695408,1.0,0.14664169,0.0025984757
0.00010876637,0.00018569344,0.00011043816,0.002774119,0.05841367,0.03939945,0.0010045769,0.012014502,0.2969431,1.0,0.3117582,0.0058710594
0.0019684301,0.00075540633,0.00075265614,0.013538978,0.43898457,0.55596006,0.04579415,0.0066216066,0.09247276,1.0,0.9375403,0.062127095
0.011702939,0.00064044486,0.0012888559,0.005438077,0.23601404,0.97276306,0.41401082,0.013604096,0.021564841,0.23375404,1.0,0.34507662
0.085005194,0.0014272664,0.001464153,0.0014793061,0.02242491,0.5677262,0.8733154,0.059408374,0.0018645106,0.0614144,0.8089379,1.0
0.17398947,0.0028562446,0.0004443513,0.0003625652,0.0009883564,0.057721753,0.11713784,0.009028998,0.00034907207,0.010309108,0.35280067,1.0
0.19874886,0.005273384,0.00072144053,0.0003923693,0.0006898749,0.020739272,0.019892793,0.00082327885,0.0001618423,0.0108387275,0.40178725,1.0
0.1784676,0.011942279,0.016637461,0.0049596424,0.004770491,0.09917122,0.07510655,0.0019866722,0.0005199556,0.023554428,0.62558913,1.0
0.03134594,0.09882642,0.3286139,0.041760966,0.10949388,0.7128849,0.2302631,0.004084344,0.003879351,0.15045142,1.0,0.428548
0.016933963,0.42939055,0.5787613,0.047239117,0.51862353,1.0,0.09692725,0.0016793689,0.013714233,0.37445888,0.74164593,0.10840511
0.030124163,0.6911384,0.46483046,0.036497563,0.87472034,1.0,0.043478273,0.0017285483,0.020837069,0.5025573,0.5423927,0.028701272
0.015295888,0.55328494,0.8602159,0.051069766,0.45429155,1.0,0.085895054,0.0021634845,0.008760024,0.2918658,0.6286117,0.06945495
0.005851601,0.29848433,1.0,0.08060551,0.10743214,0.6039117,0.10489695,0.0022626165,0.003620788,0.122572735,0.5003864,0.09041877
0.00556872,0.19515723,1.0,0.13892414,0.04897254,0.522274,0.19643539,0.0036588192,0.002639712,0.07243245,0.4926001,0.1667334
0.02523185,0.09513223,1.0,0.34599856,0.035989244,0.7880568,0.69515306,0.01979928,0.0035514121,0.045457304,0.7200823,0.58120656
0.027754953,0.14725305,1.0,0.3463035,0.066266246,0.8446644,0.67797637,0.023203384,0.006071728,0.08463884,0.83638334,0.5747344
0.046268858,0.6508338,1.0,0.1072789,0.27076784,0.6514913,0.12135623,0.018089501,0.016061408,0.27310547,0.7055748,0.15618196
0.12705539,1.0,0.583288,0.050505217,0.55966383,0.64131856,0.041526422,0.093178816,0.040828973,0.41813412,0.48432693,0.10880366
0.22004505,0.7498545,0.45911327,0.08608803,0.7208348,1.0,0.09236204,0.1682197,0.06677589,0.3880292,0.5642679,0.19993679
0.12832575,0.13944308,0.40418074,0.1680545,0.37764546,1.0,0.18724208,0.038330037,0.022538878,0.1697384,0.98443407,0.7593353
0.13145167,0.011414516,0.066609055,0.08297811,0.036627416,0.09064105,0.049638342,0.009890165,0.02673558,0.14007218,0.80024123,1.0
0.26455033,0.010831523,0.01038218,0.022681314,0.004963125,0.0076669585,0.014196304,0.0116619,0.052005485,0.19728276,0.6736171,1.0
0.1991726,0.009083848,0.0034099612,0.0027113683,0.009973351,0.06292675,0.024735311,0.0033107272,0.010029027,0.10585923,0.82143694,1.0
0.040060777,0.0015823564,0.0008269,0.003129345,0.09090317,0.2614255,0.03103343,0.00129021,0.029205523,0.41117027,1.0,0.37768415
0.00458438,0.00084527547,0.00053173566,0.013873717,0.27998742,0.322666,0.021349808,0.0038363428,0.12782782,1.0,0.71056217,0.056756333
0.0006611672,0.0006400549,0.00065796275,0.019066468,0.22105455,0.08769476,0.0022648508,0.0049816486,0.18965821,1.0,0.3503086,0.012352873
0.0006673752,0.0016742505,0.0014571928,0.015060152,0.1525762,0.044004057,0.0007624348,0.0042809574,0.16708638,1.0,0.3716076,0.011556076
0.00055935176,0.0028950386,0.0021629964,0.013430019,0.13662806,0.04184814,0.0018244523,0.0038698511,0.15221132,1.0,0.3703905,0.009370785
0.0010974219,0.0018300271,0.000989682,0.015483352,0.121150695,0.028604284,0.0028607901,0.0067266785,0.18250483,1.0,0.30566606,0.007898822
0.0022461019,0.0023340317,0.00058449415,0.007630984,0.044478677,0.00808729,0.0012720893,0.013253807,0.19823629,1.0,0.3958537,0.015064175
0.00077867165,0.001547956,0.0003124602,0.0030816698,0.013261371,0.0017948676,0.0002536445,0.0036410007,0.18455826,1.0,0.34923336,0.0071168425
0.0006878026,0.001698523,0.0003036213,0.0029417977,0.013347368,0.0019357211,0.00013512025,0.001927004,0.17108415,1.0,0.28235397,0.0038665908
0.0009499404,0.0039740605,0.0006174469,0.0040952,0.026992707,0.005524592,0.00016920807,0.0016832815,0.16452697,1.0,0.2583392,0.0027988085
0.0013711234,0.012531875,0.0038546002,0.0044950033,0.038119297,0.009852466,0.00016556002,0.001125895,0.13759263,1.0,0.30207,0.003525631
0.0010088367,0.013435016,0.006190058,0.003285797,0.029477526,0.009508482,0.00019149901,0.0015120562,0.14605592,1.0,0.3120531,0.0042701387
0.00048428736,0.0032202918,0.0016666607,0.0015632693,0.013262684,0.0070140474,0.00073704444,0.007223479,0.2170779,1.0,0.38215327,0.012289042
0.001686419,0.0006861495,0.0005835832,0.0012786144,0.0052422024,0.0069937976,0.004968043,0.030910265,0.33575252,1.0,0.68803144,0.054351676
0.017818505,0.018392554,0.027908638,0.04866965,0.14596632,0.32660607,0.4653642,0.6192553,1.0,0.92203325,0.89269453,0.15903458
0.09624411,0.12960151,0.13559492,0.4620106,0.9910655,1.0,0.8241826,0.4288001,0.26711205,0.40530145,0.19713974,0.059717845
0.39263496,0.50761336,0.33291537,0.5398491,1.0,0.580027,0.374414,0.33555275,0.27115786,0.48219323,0.371199,0.17202762
0.6832654,0.8825566,0.6144631,0.51575077,0.7053771,0.8003008,0.83455956,0.42588887,0.38797185,0.78939486,1.0,0.42019898
0.048417278,0.093893744,0.16981922,0.445884,0.8018699,1.0,0.86301893,0.5042387,0.19266577,0.09216875,0.1337065,0.049413424
0.009037642,0.013518943,0.021494236,0.06452344,0.19586433,0.3992594,0.79314053,1.0,0.9709348,0.4486993,0.09901502,0.018207077
0.008084328,0.011330434,0.013706264,0.008742765,0.025124818,0.031211536,0.10631026,0.17827508,0.611815,1.0,0.37312025,0.046549715
0.0047319015,0.007464849,0.0064235055,0.0042584296,0.019708542,0.0118926605,0.01667726,0.035846952,0.2836647,1.0,0.38288796,0.022661531
0.0062719453,0.012766856,0.007040393,0.008390825,0.030603278,0.02434463,0.010021372,0.024131797,0.3573907,1.0,0.25560376,0.013398976
0.007756806,0.017196871,0.010894767,0.009148192,0.02079274,0.014492787,0.0034263597,0.0418886,0.61865276,1.0,0.13660452,0.0075089526
0.006461101,0.006719826,0.0024535174,0.007085766,0.008816971,0.004773509,0.0027187353,0.0566134,0.8664826,1.0,0.08623776,0.0054312497
0.0065902644,0.0039969776,0.0016767443,0.008514755,0.008548943,0.0028841977,0.002298453,0.07117104,1.0,0.9299673,0.06259409,0.0049182307
0.0021581936,0.0013199837,0.0021145311,0.007869028,0.0124715315,0.002533458,0.0015808273,0.047282718,0.7948923,1.0,0.09114694,0.005843461
0.00084358593,0.00057991943,0.0016407834,0.009995489,0.032807928,0.0066748895,0.00064247224,0.012582649,0.39367515,1.0,0.1763464,0.007912652
0.0024134936,0.0015955219,0.0022190432,0.009732508,0.0727944,0.029231891,0.00070923794,0.0070295776,0.25457537,1.0,0.28677008,0.01177229
0.013029213,0.013586635,0.01127771,0.013429509,0.11328942,0.060067955,0.0015206533,0.0076558916,0.17187247,1.0,0.49863294,0.04323697
0.0052984026,0.008453968,0.005611077,0.00999241,0.092947185,0.05313564,0.0018472836,0.007719023,0.12613514,1.0,0.6654896,0.04680755
0.0014985531,0.002192054,0.0019078768,0.008386457,0.07356164,0.034143783,0.0013856128,0.0071222885,0.1364139,1.0,0.5350485,0.02151166
0.00070495915,0.0015907271,0.002002093,0.008330449,0.061353553,0.021558337,0.0009789249,0.0074602556,0.16463853,1.0,0.45488542,0.02090062
0.0005178733,0.0011326881,0.0022181622,0.010117339,0.049808424,0.011640319,0.0010992858,0.012835907,0.25939694,1.0,0.29912412,0.011575406
0.00084278913,0.0010771247,0.0026210921,0.01650039,0.03883804,0.004150767,0.0020146568,0.029578337,0.5305169,1.0,0.14119999,0.00455456
0.0014149316,0.0013543118,0.0039792433,0.023634683,0.029137842,0.0018324321,0.003630684,0.052344527,0.85167027,1.0,0.07632255,0.0018016543
0.0012630428,0.0015378945,0.006369998,0.02548893,0.030992318,0.0018401039,0.0042108987,0.054835293,0.900366,1.0,0.0734067,0.0019909588
0.0008658661,0.0009423488,0.0049989154,0.019599086,0.048958324,0.0062018903,0.0028099006,0.03286896,0.5744183,1.0,0.15409116,0.006769111
0.0018017527,0.0013550067,0.0033924265,0.019823777,0.10177314,0.027484758,0.0035693743,0.02404164,0.34103313,1.0,0.4000585,0.032763064
0.030264858,0.014020519,0.020506697,0.05630822,0.2251327,0.0817732,0.060949855,0.30527997,0.9587316,1.0,0.63136834,0.12209348
0.040308706,0.02214947,0.034117073,0.042321466,0.058219574,0.05121806,0.047021955,0.09944183,0.2252605,0.7317886,1.0,0.22098179
0.0019074014,0.0014336826,0.0013442488,0.002747999,0.0069624307,0.004663569,0.0019237698,0.0031355703,0.04964888,0.7270306,1.0,0.10277665
0.0008380415,0.00031024203,0.00013656478,0.0008828606,0.0054814317,0.0016676503,0.00020963431,0.00096373627,0.07879783,1.0,0.96219844,0.06945606
0.0009204508,0.00061694224,0.00016542722,0.0022011222,0.015659485,0.0035766806,0.00029212056,0.0013858234,0.12490153,1.0,0.541283,0.041456766
0.0010782207,0.0011094889,0.00031856936,0.00578285,0.046451468,0.010856757,0.000537771,0.0026478446,0.16619332,1.0,0.2791984,0.011787679
0.0010581253,0.001569597,0.00068512047,0.011343441,0.07904712,0.018221404,0.0009054633,0.0036036926,0.15948555,1.0,0.30300984,0.007921628
0.0033341744,0.0035949918,0.013438157,0.08587639,0.13808799,0.017790053,0.004709387,0.030792084,0.4415945,1.0,0.17519106,0.011500916
0.14478281,0.14156473,0.42372066,0.473618,0.18501446,0.0874282,0.1635115,0.43504104,1.0,0.7503964,0.13117824,0.18362482
1.0,0.50297123,0.50997776,0.4322075,0.54872364,0.48131803,0.43930802,0.36781076,0.17258033,0.124239005,0.15024298,0.8651082
1.0,0.33859345,0.20443483,0.42032242,0.74838376,0.39795175,0.19698322,0.103842,0.04364632,0.05972899,0.12054167,0.75481045
0.8039488,0.5286457,0.4719612,0.5194267,1.0,0.48676655,0.19318314,0.20981574,0.17011528,0.13935976,0.14310056,0.45153016
0.4468564,0.6104105,0.9601764,0.66084677,1.0,0.67122805,0.43567756,0.29945025,0.19116484,0.22449516,0.23949063,0.2535852
0.5113931,0.66830474,0.85269225,1.0,0.9573045,0.6170565,0.53803456,0.35641694,0.2576434,0.358353,0.23412062,0.2909881
0.87242585,1.0,0.40330482,0.616338,0.6085422,0.41734993,0.25899836,0.21238531,0.24615517,0.51166254,0.37861392,0.49380815
0.73187804,0.53201014,0.3756081,0.38812515,0.53750765,0.3536151,0.26664022,0.2519198,0.51761526,1.0,0.662884,0.66052306
0.56031805,0.3551298,0.3144982,0.2836868,0.37184906,0.29714575,0.23486577,0.2477911,0.65606296,1.0,0.57316494,0.48649934
0.5246898,0.23487857,0.26216373,0.2894192,0.44087592,0.33352113,0.16262354,0.25607327,0.49838343,1.0,0.60532343,0.6524141
0.45375615,0.18341523,0.17199898,0.25025538,0.44001085,0.3151178,0.3349387,0.3708314,0.5575237,0.9742483,0.8507965,1.0
0.3513286,0.2586067,0.14882587,0.19135858,0.15931569,0.22599468,0.29949254,0.26996434,0.5574078,0.79771703,1.0,0.625418
0.49511567,0.49308005,0.20170134,0.18434991,0.16275655,0.23013099,0.20762958,0.2353416,0.5197274,1.0,0.91411775,0.55483
0.81829023,0.6606118,0.3569065,0.4044532,0.40532643,0.32330108,0.36480635,0.5998966,0.5029317,0.88806117,1.0,0.7921922
0.82703066,0.49745753,0.19846465,0.38912246,0.3590438,0.3563312,0.44255114,0.7098233,0.5419322,0.5599702,1.0,0.7357266
0.96818405,0.45033768,0.25209364,0.4623912,0.4078809,0.46886176,0.481863,0.6530383,0.988177,0.70754564,0.60292435,1.0
0.66402423,0.3318569,0.27812994,0.3984086,0.33591795,0.36830172,0.34543115,0.53840405,1.0,0.80328745,0.3619563,0.72266996
0.27519065,0.15706241,0.17767686,0.22754678,0.2559434,0.3483103,0.2946485,0.373434,1.0,0.9173503,0.38581923,0.4952463
0.20921154,0.074875765,0.06527964,0.15548562,0.24056587,0.2224726,0.14893848,0.14925034,0.61741173,1.0,0.30776435,0.52492356
0.15204668,0.09068445,0.10561666,0.2382671,0.33053988,0.23977645,0.17045799,0.16529478,0.54745585,1.0,0.38965034,0.46549693
0.18689345,0.16219355,0.14130378,0.2394906,0.39968997,0.30830178,0.29054344,0.44863045,1.0,0.9394648,0.49033886,0.35361978
0.25492358,0.17228653,0.13151161,0.14743823,0.27121657,0.3217629,0.48478326,0.6229973,1.0,0.97112423,0.82947314,0.5831814
0.20241672,0.14975354,0.14381172,0.1657311,0.28121847,0.2797468,0.28934813,0.36930346,0.43085593,0.58220804,1.0,0.61226445
0.33397913,0.39969793,0.40517983,0.25543267,0.33540544,0.5350194,0.35926184,0.3751564,0.48233417,0.92447656,1.0,0.61166567
0.3733766,0.41402394,0.39346433,0.25519127,0.3011237,0.295535,0.19724101,0.26606718,0.389958,1.0,0.6682066,0.35958648
0.83140796,0.9703792,0.4355937,0.35572183,0.37344772,0.4385994,0.41057175,0.4145668,0.5833065,1.0,0.8452447,0.5753461
0.705824,0.8012889,0.47012228,0.3987466,0.38331383,0.5296947,0.67127264,0.46042907,0.81962454,0.98650134,1.0,0.88559157
0.71175456,0.5816037,0.3458987,0.1821139,0.240557,0.26007304,0.33550298,0.4174078,0.74844986,0.5724119,0.51202965,1.0
0.7942162,0.46754906,0.30187598,0.15840511,0.21553454,0.280322,0.3854743,0.5123757,0.97998875,0.7609585,0.49831527,1.0
0.8418122,0.40558895,0.21966982,0.27594343,0.24354456,0.3102771,0.38569194,0.445707,0.77842855,0.97878474,0.79929847,1.0
0.5931776,0.25879216,0.30069965,0.46022964,0.45648032,0.29306334,0.48186052,0.50100166,0.5163856,0.64937174,0.7278867,1.0
0.39120057,0.14702184,0.24021165,0.25728965,0.2770069,0.2457414,0.3030113,0.3933874,0.37548187,0.3107197,0.5033484,1.0
0.5582812,0.24936269,0.24065715,0.2887313,0.34297523,0.30983,0.42442888,0.6089502,1.0,0.8042649,0.42534092,0.78118414
0.28900817,0.37849912,0.2805347,0.3818796,0.36544895,0.24231979,0.3269421,0.43601787,1.0,0.6912097,0.3355334,0.29472977
0.923652,1.0,0.3570715,0.21210848,0.20430623,0.19675905,0.23866801,0.1882751,0.26302373,0.333861,0.2952579,0.56454104
1.0,0.8788124,0.29309228,0.14703245,0.1613536,0.19847822,0.21024954,0.20075604,0.34968114,0.39064175,0.39265576,0.92869365
0.87527716,0.59975994,0.22938524,0.14929347,0.14579199,0.2008427,0.25951007,0.22648689,0.3061314,0.3430415,0.35472745,1.0
1.0,0.68104875,0.229043,0.12758014,0.14744155,0.1741179,0.23894808,0.15589295,0.21285239,0.28044555,0.29194543,0.7586413
1.0,0.7241994,0.21036747,0.08900352,0.12564747,0.15036888,0.13887338,0.102746844,0.15179336,0.2745657,0.3161965,0.8207517
1.0,0.53434217,0.4876763,0.30170864,0.3007957,0.2595775,0.14586651,0.1313804,0.14846405,0.22778177,0.36256716,0.9011274
0.18342039,0.62373114,1.0,0.33543095,0.20486745,0.07015538,0.028525792,0.06302524,0.074796736,0.058691747,0.08050293,0.12138684
0.10273145,0.37115788,0.8006723,1.0,0.7161463,0.18343678,0.03353917,0.026057525,0.030786566,0.026555164,0.043186996,0.068988785
0.08680101,0.12315093,0.21111187,0.6880904,1.0,0.3211422,0.061444387,0.04878847,0.03896391,0.032860484,0.044724505,0.078415655
0.09330473,0.06495449,0.08960894,0.5518886,1.0,0.28310782,0.08042704,0.095784724,0.21685515,0.30031532,0.2156258,0.16955832
0.15565199,0.04713121,0.091579005,0.38390312,0.78591394,0.7450399,0.23087235,0.026169408,0.105196275,0.4706955,1.0,0.6380398
0.17225686,0.03275953,0.031793877,0.030280817,0.06385876,0.33109024,0.25037965,0.017499687,0.024604676,0.18121645,1.0,0.9962625
0.15293597,0.015706252,0.015749298,0.006608265,0.011726583,0.1636649,0.15568946,0.0118173,0.015081483,0.16567338,0.9656375,1.0
0.07714851,0.013570361,0.021870196,0.007861106,0.040515307,0.2071136,0.092198625,0.006012326,0.017988382,0.22544529,1.0,0.6834424
0.04932244,0.018538868,0.037593603,0.017576221,0.08383045,0.28923282,0.08931645,0.005713014,0.02318315,0.27424327,1.0,0.43578628
0.057038076,0.022940071,0.056883752,0.022436991,0.034495994,0.21562885,0.09846217,0.0064893025,0.022278884,0.2216246,1.0,0.4959373
0.05016847,0.018061591,0.04352504,0.012046489,0.055985827,0.30440256,0.10556795,0.006607334,0.023830442,0.22167638,1.0,0.46366084
0.043505017,0.021166937,0.055119798,0.02048391,0.1921318,0.7358427,0.19633323,0.010008255,0.039320502,0.24991168,1.0,0.3932601
0.025515083,0.018097986,0.04016463,0.019197164,0.30218127,1.0,0.24713074,0.010762583,0.037264157,0.19667447,0.65559375,0.20284446
0.024698475,0.014930892,0.03427784,0.019852858,0.23348981,1.0,0.2910178,0.0125084445,0.0376587,0.20823714,0.6533075,0.24254057
0.027552797,0.012516909,0.03507578,0.033416357,0.18915027,1.0,0.31502587,0.016540943,0.04599652,0.2835616,0.9116809,0.33294347
0.025821278,0.014478848,0.02899414,0.04695019,0.39754927,1.0,0.270225,0.01753486,0.04486765,0.3663333,0.97186744,0.22623844
0.029622238,0.016597703,0.03322296,0.20868407,0.7044935,0.51518816,0.22573444,0.03088141,0.087516464,0.6240737,1.0,0.16236883
0.012246644,0.009022254,0.061253276,0.6817633,1.0,0.19920813,0.02931936,0.019222882,0.11736431,0.27470058,0.15964973,0.023990162
0.009839739,0.0055378024,0.10361428,1.0,0.85989434,0.08204338,0.0031102016,0.01831135,0.12843415,0.12035062,0.034148287,0.007857401
0.010714466,0.0056372774,0.18598023,1.0,0.42612788,0.017084654,0.002257348,0.028917203,0.13739547,0.10385149,0.020475779,0.010490012
0.015984615,0.007231541,0.23098524,1.0,0.3427121,0.008235492,0.0030080979,0.04381301,0.17659347,0.1286584,0.01700069,0.012806506
0.02358781,0.011602484,0.22233531,1.0,0.4243104,0.017436763,0.006141733,0.063625656,0.30333307,0.19310504,0.020697782,0.013637993
0.029118665,0.025608031,0.1802445,0.674909,1.0,0.26133397,0.042829614,0.09894394,0.73524326,0.4644482,0.043034755,0.021108165
0.025232673,0.01843754,0.07378884,0.3682332,1.0,0.35088888,0.036129568,0.05744143,0.48491883,0.3620259,0.027104648,0.011389669
0.022722095,0.021921722,0.091369845,0.2595819,1.0,0.7020249,0.047886133,0.10113235,0.7156627,0.7211269,0.05001601,0.013898013
0.017052354,0.01722045,0.059260394,0.13283464,0.58652765,0.6824601,0.09661569,0.14945206,0.74140334,1.0,0.083988376,0.012101883
0.013403839,0.012216559,0.050104007,0.05070562,0.15069933,0.349783,0.10567637,0.1125446,0.5555597,1.0,0.10061497,0.008655693
0.022820385,0.014947608,0.05929467,0.051161107,0.056442715,0.16148989,0.07569713,0.07800885,0.61208963,1.0,0.08825007,0.012802166
0.023973951,0.016313909,0.05251946,0.044228017,0.109874524,0.12965722,0.0388021,0.11584564,1.0,0.8308069,0.04408639,0.017599382
0.011825791,0.011846481,0.025611797,0.022070667,0.092693254,0.07020829,0.02165555,0.133085,1.0,0.44743153,0.01418541,0.014435961
0.010507785,0.008760268,0.01831707,0.016308246,0.065951906,0.067596905,0.016178576,0.09139437,1.0,0.8084824,0.05439612,0.0120258415
0.0074822465,0.0044053625,0.0071919863,0.013970023,0.047649715,0.03599032,0.010184678,0.024688773,0.48172945,1.0,0.15302083,0.0068004904
0.007592579,0.0064684516,0.0018262676,0.016817586,0.046355885,0.009612993,0.0051558893,0.023979122,0.34690788,1.0,0.20733003,0.005319317
0.032234926,0.018509718,0.0061836094,0.020581203,0.042043146,0.07260079,0.18862928,0.36142972,0.75816333,1.0,0.2062715,0.019381804
0.025041748,0.018102674,0.020382993,0.06935769,0.28667712,0.75192404,1.0,0.5332073,0.15348552,0.07130733,0.022583993,0.017179055
0.08126027,0.13783146,0.27473655,0.5892496,1.0,0.87896496,0.55492383,0.26776823,0.06719135,0.041766163,0.03190335,0.050338283
0.59930205,0.99623996,1.0,0.9456865,0.65687543,0.21513282,0.07406356,0.09615001,0.04811458,0.04820544,0.11786754,0.31406218
0.7794189,0.9562776,0.5783494,0.5679849,0.6188864,0.46281824,0.7110053,0.8148051,0.6052552,0.71395874,0.7957803,1.0
0.8286446,0.4888595,0.36744162,0.70139825,0.8041516,0.51347053,0.77417785,0.91527843,0.7168185,1.0,0.8804291,0.7958947
1.0,0.5406174,0.3296001,0.7839296,0.8298858,0.6439819,0.3716675,0.50805956,0.66922927,0.7517589,0.57319564,0.6390178
0.40809694,0.20636356,0.16356026,0.36508372,0.36593556,0.32451186,0.17275494,0.1927978,0.4122485,1.0,0.50111336,0.2563153
0.1983597,0.1404381,0.14434254,0.19992562,0.21212733,0.21944499,0.12586574,0.11221205,0.23869209,1.0,0.64112335,0.22104639
0.4100871,0.24824671,0.22013193,0.16681384,0.38447556,0.41695583,0.15722747,0.22358221,0.73399806,1.0,0.84852993,0.48222163
0.1617096,0.34929153,0.54158074,1.0,0.8397882,0.5475754,0.22224364,0.17469893,0.30364254,0.18363382,0.13210502,0.09310629
0.15282589,0.17057177,0.42719024,0.6947584,1.0,0.39363176,0.16354156,0.12783308,0.09068099,0.08323982,0.09595989,0.063218564
0.07196843,0.14669031,0.33408067,0.6085656,1.0,0.30625767,0.11774111,0.046529487,0.011504402,0.016681891,0.02385914,0.028072001
0.011793426,0.029278584,0.072749145,0.3796085,1.0,0.8638968,0.5476156,0.25383425,0.06510466,0.01509641,0.0063086986,0.0038458935
0.03955052,0.0064618355,0.008689244,0.09546662,0.47501296,0.6028768,1.0,0.9345299,0.30297738,0.13872555,0.12812492,0.13093728
0.4553556,0.034295224,0.023867054,0.038427155,0.053807978,0.07156095,0.78128755,0.8487482,0.22306359,0.18123336,0.3780496,1.0
0.6733606,0.045121837,0.018172713,0.030097203,0.051705826,0.064966746,0.34110487,0.443251,0.05450875,0.03681744,0.10597102,1.0
0.088269345,0.047890976,0.18631926,0.59838736,1.0,0.6730212,0.2651347,0.27190328,0.11043891,0.11509262,0.10492006,0.17838052
0.049765185,0.32301223,0.73818094,1.0,0.90809005,0.36113,0.04751181,0.025219345,0.013590963,0.0146636525,0.008024251,0.005067138
0.16761322,1.0,0.8845309,0.33977517,0.27242365,0.08515246,0.010800267,0.010979872,0.024639836,0.0507606,0.040679593,0.011899948
0.18471043,1.0,0.894434,0.20116463,0.039494228,0.008942502,0.003136322,0.005515115,0.018264527,0.045075696,0.084490605,0.050994158
0.082311064,0.26336735,0.66225225,1.0,0.61548007,0.0988083,0.005658758,0.0026028447,0.006476082,0.016062422,0.04934787,0.07592352
0.04051984,0.012937655,0.042481087,0.37562808,1.0,0.39794934,0.018060723,0.00040222687,0.00049488456,0.0007745962,0.0061732503,0.045080237
0.1455546,0.011726052,0.0066921934,0.0982149,1.0,0.8987801,0.04737334,0.00034827154,0.0003524899,0.00050366484,0.0027623991,0.09120493
0.14457025,0.009345515,0.005152368,0.087568104,1.0,0.79663867,0.03606206,0.00040943935,0.0006074808,0.00086737913,0.0066695577,0.1353677
0.026755573,0.0033403626,0.021572173,0.37323898,1.0,0.29233825,0.008058814,0.00047586835,0.0005198785,0.0012891795,0.022188183,0.07990184
0.003720655,0.0067952555,0.10020879,1.0,0.716352,0.07000894,0.001805854,0.0005643441,0.00045086356,0.0058377665,0.054722283,0.03513172
0.004954759,0.00983279,0.21857044,1.0,0.23226805,0.0053353934,0.00029543307,0.00016499756,0.00046606985,0.015897812,0.061848972,0.012738576
0.006474214,0.014660613,0.25940928,1.0,0.17430262,0.0032564674,0.00032073198,0.00015272475,0.00043851454,0.016063472,0.05623289,0.01047393
0.0075026914,0.013009974,0.14846799,1.0,0.64478713,0.0791091,0.002950143,0.00042704464,0.00043844854,0.0062407106,0.03177688,0.024786904
0.0412546,0.0051030456,0.0285414,0.35096937,1.0,0.4520631,0.026302645,0.0014153536,0.0007115104,0.0007665428,0.0065073026,0.054936334
0.1711511,0.028201254,0.010021553,0.05887017,0.6047028,1.0,0.27641985,0.01236785,0.000984416,0.00069297437,0.0039928043,0.073027454
0.24722573,0.088250756,0.0056865006,0.029288972,0.17048256,0.9684804,1.0,0.094136365,0.0027569858,0.0010434834,0.00497939,0.064125754
0.015893003,0.011904303,0.010010821,0.19356245,0.9871327,1.0,0.2438889,0.047940776,0.0019128034,0.0005985323,0.0011926644,0.0060993484
0.00017974956,0.0036103164,0.062193383,0.5325561,1.0,0.3100476,0.01316215,0.0024851428,0.00020224084,9.468618e-05,0.00015194355,0.00010314088
0.00020373489,0.009418618,0.24483056,1.0,0.59983104,0.08315961,0.0024306795,0.00025310737,5.376927e-05,7.979237e-05,0.00019595698,0.000106118
0.00046435857,0.018703524,0.4425063,1.0,0.18359584,0.007267101,0.00062805205,0.0001753954,8.254451e-05,0.00014573491,0.00027802493,0.00013894986
0.0008880864,0.017186968,0.3765537,1.0,0.19520696,0.0024918707,0.00054417766,0.0004171559,0.0001481798,0.00021885407,0.00042547178,0.00033170814
0.0006250689,0.005673374,0.24984825,1.0,0.28283247,0.005238243,0.0006238002,0.00071943284,0.00040514447,0.00050665915,0.00069805054,0.00038168396
0.00034222612,0.0033776616,0.16066313,1.0,0.61056244,0.10312689,0.011094051,0.0011184342,0.0005446814,0.0003646851,0.0005156417,0.0003682962
0.00017953444,0.0006065595,0.030171229,0.37233266,1.0,0.7969946,0.13998789,0.0049108774,0.00012710571,8.083855e-05,0.00013096612,0.00023131486
0.000114427254,5.8335794e-05,0.002632878,0.042044338,0.43670776,1.0,0.17081104,0.0034315167,6.188901e-05,2.6194295e-05,4.1195082e-05,4.555324e-05
0.0001112143,7.986714e-05,0.0021072773,0.054266598,0.7438443,1.0,0.093546845,0.00082635944,4.3767555e-05,4.671609e-05,3.412251e-05,6.856118e-05
0.00013069883,0.0016313213,0.026448742,0.30289602,1.0,0.47998855,0.020953974,0.00017485622,4.6904173e-05,6.3511085e-05,0.000113630536,0.00012937738
0.00068027154,0.026798341,0.30057982,1.0,0.93048996,0.22258657,0.0067249523,9.744617e-05,5.6183635e-05,0.00021765489,0.0004697177,0.00024938007
0.0014217747,0.09508137,0.9527975,1.0,0.14614812,0.042720165,0.0016495391,9.5356736e-05,7.745701e-05,0.0005341547,0.00050668867,0.0001476538
0.0010249981,0.05263207,0.56435835,1.0,0.2552631,0.025818478,0.00060006103,8.9220484e-05,0.00012799815,0.00021177747,0.00016778345,6.7360605e-05
0.0005430969,0.00804309,0.13322961,0.9699445,1.0,0.15131518,0.0038158959,8.014217e-05,8.932785e-05,4.831559e-05,3.587675e-05,4.5903726e-05
0.00015704168,0.001290889,0.03344779,0.54480445,1.0,0.25486657,0.0074207885,0.000119156844,5.8220252e-05,4.9832426e-05,3.537236e-05,5.906671e-05
0.0008644524,0.004798018,0.11123764,0.58895,1.0,0.44964707,0.01990212,0.00046135217,0.00033897837,0.0005719031,0.0007387853,0.0007509014
0.018627923,0.06857609,0.2170062,0.3493669,1.0,0.7251445,0.053076297,0.0048555355,0.004351834,0.008051909,0.01095532,0.016579783
0.045087595,0.06444057,0.13031296,0.29706216,1.0,0.6305964,0.371953,0.20911416,0.47578382,0.28146622,0.17661703,0.08156222
0.12355771,0.15135936,0.19726583,0.52756345,1.0,0.814024,0.58771753,0.35313803,0.92903113,0.6074758,0.38096842,0.18324904
0.13654377,0.16746062,0.20167682,0.47395635,1.0,0.6943177,0.18175496,0.13621065,0.3820717,0.65657514,0.5741721,0.21576053
0.18622698,0.16287525,0.2751853,0.3988366,0.7563992,0.72808176,0.3150571,0.22050163,0.45563588,0.9621445,1.0,0.5175914
0.31072906,0.26612443,0.5117163,0.37452373,0.6920948,1.0,0.5949986,0.24449311,0.5299877,0.89404196,0.83804125,0.8758368
0.5585675,0.35209194,0.40831798,0.2869271,0.1951013,0.19011465,0.16487926,0.09279976,0.14005768,0.4227611,0.9333897,1.0
0.551459,0.40961215,0.5170095,0.2511352,0.14694284,0.21760276,0.11409997,0.03956332,0.032074746,0.23789907,1.0,0.90790236
0.6604076,1.0,0.7030309,0.24003369,0.09897226,0.14212017,0.0674691,0.02065489,0.014595191,0.11404644,0.536026,0.49877205
0.3479298,1.0,0.76728487,0.32068276,0.21938525,0.20619182,0.17922458,0.058108408,0.010613921,0.018752974,0.03611086,0.07476055
0.06841735,0.14305684,0.20252301,0.15466249,0.2612259,0.370783,0.8451499,1.0,0.25990626,0.023295134,0.017934516,0.025297616
0.010938855,0.012729939,0.01795603,0.017264672,0.02426831,0.0705417,0.35005808,1.0,0.29465902,0.021949697,0.009461362,0.012044161
0.004495512,0.005637142,0.0089225,0.01935983,0.12309315,0.5596423,1.0,0.5400072,0.06306795,0.009736271,0.0056381095,0.005239624
0.00090121623,0.0017295924,0.02758589,0.26391497,0.92949504,1.0,0.50969785,0.15563005,0.0067873313,0.0016362085,0.0012627522,0.0010209804
0.00026156596,0.0036858928,0.1186039,0.80020493,1.0,0.2744877,0.022773972,0.011775061,0.0011112132,0.0002756338,0.00047372046,0.00033783686
0.00022897862,0.008072124,0.26906985,1.0,0.3898238,0.052729648,0.003112269,0.00071530766,0.00015433054,0.00015417334,0.00043025703,0.00024763797
0.00017058503,0.0064643617,0.17846686,1.0,0.7653669,0.14267027,0.008837017,0.00060126523,0.00017933568,0.00013148962,0.00029501962,0.00018717918
0.00023774499,0.0006881506,0.018122911,0.31002516,1.0,0.6450057,0.071951754,0.0017327336,0.000172204,0.00015734613,0.00013920174,0.00017052106
0.00024787607,0.00013525196,0.003660656,0.045038242,0.4807164,1.0,0.21929748,0.004374999,9.411478e-05,9.822868e-05,7.739217e-05,0.00010568596
0.00024631442,0.00015373497,0.001222236,0.02373626,0.28515854,1.0,0.28431374,0.0063523185,5.837702e-05,6.152266e-05,3.8490332e-05,5.5808494e-05
0.0003599871,0.00088654226,0.006480449,0.119740866,0.83430547,1.0,0.12440038,0.0033669749,0.00012909382,9.697292e-05,5.1046576e-05,9.0557965e-05
0.00076447177,0.0017792449,0.014269626,0.21138223,0.9616647,1.0,0.08012319,0.0027919759,0.00019050569,0.00015601462,0.00023683492,0.00023015129
0.0009304264,0.0028255975,0.028029863,0.18935816,0.8876638,1.0,0.097039334,0.0075536305,0.0011775291,0.000539683,0.00097097596,0.0009972701
0.0012511127,0.0043077623,0.026053846,0.09951079,0.40404436,1.0,0.5833214,0.124401994,0.041705046,0.023392534,0.012070863,0.0044515664
0.011857471,0.00789605,0.019644154,0.03776954,0.20114754,0.96510136,1.0,0.38293138,0.19053338,0.21308559,0.10760393,0.03261039
0.0370222,0.011314797,0.007292041,0.007567289,0.03486257,0.084189996,0.24961776,0.71384484,1.0,0.6912229,0.3880004,0.09676429
0.0049151024,0.004584629,0.0030547553,0.0032483556,0.00759526,0.051193394,0.41350767,1.0,0.8791383,0.31841895,0.07356736,0.010576332
0.010250115,0.024056958,0.019701902,0.027155593,0.052234214,0.13469458,0.61854917,1.0,0.56774586,0.15431468,0.02680246,0.008849557
0.16810304,0.2869801,0.2007761,0.23834191,0.38202664,0.3899938,0.8956382,1.0,0.34360403,0.17254099,0.122524716,0.110581756
0.917281,0.51041657,0.14198254,0.19039603,1.0,0.67477554,0.49574068,0.6001954,0.34742892,0.24687731,0.18374382,0.41630265
0.37919477,0.49114093,0.18700606,0.6591013,1.0,0.5386486,0.22803943,0.3227607,0.0859509,0.04724726,0.1476888,0.33486852
0.22182393,0.18530467,0.1274113,0.38134667,1.0,0.63845885,0.102372184,0.04351659,0.053701002,0.027323054,0.09813173,0.22264838
0.13052802,0.1989165,0.15727958,0.30480304,1.0,0.6834857,0.055465505,0.020729667,0.030717881,0.01935522,0.065214716,0.16319107
0.32673827,0.23545974,0.3029905,0.7187672,1.0,0.4938121,0.0744881,0.07363732,0.068320066,0.05753634,0.13596864,0.3225521
0.049767915,0.05761457,0.10267915,0.61757237,1.0,0.26177278,0.18513286,0.094113,0.02824687,0.03685474,0.04165442,0.052077316
0.022779478,0.069645606,0.104751386,0.4386232,1.0,0.5265021,0.786769,0.44781345,0.040452484,0.028037446,0.02649546,0.015030215
0.034376737,0.07254457,0.103678375,0.08980607,0.122013316,0.31497797,1.0,0.57365465,0.14494285,0.07963017,0.024098117,0.009612587
0.06702457,0.11975229,0.28371575,0.73911715,1.0,0.6693737,0.23299766,0.103036664,0.078088,0.11127189,0.07333138,0.05289614
0.024291528,0.0075347186,0.015889004,0.18707696,1.0,0.76848984,0.07654005,0.001929246,0.002342978,0.0043830005,0.0067501366,0.017887345
0.019431818,0.0450606,0.04318901,0.15780228,1.0,0.7882564,0.090995826,0.0038892475,0.0020215882,0.004151479,0.004211667,0.010235678
0.13663512,0.4545227,0.46865577,0.4907186,1.0,0.55454373,0.12965213,0.014528629,0.0056040282,0.01699934,0.019075263,0.049218293
0.6247818,1.0,0.8431107,0.34916595,0.25266653,0.2514818,0.06555342,0.03947629,0.02778052,0.10000579,0.2958922,0.52087927
0.4036235,0.77201146,0.45750624,0.46124613,0.86691916,0.2735458,0.18628138,0.26544797,0.20607413,0.6203796,1.0,0.7534632
0.30379504,0.6020025,0.40792418,0.38783813,1.0,0.8590434,0.2635444,0.1512883,0.051378764,0.14816785,0.11687526,0.1205737
0.029093036,0.2540652,0.8504126,1.0,0.40039492,0.098809026,0.015805427,0.0055408776,0.0014934548,0.003044012,0.0040735602,0.0074808663
0.03892077,0.44644836,1.0,0.38154653,0.037986875,0.0040487004,0.0004058827,0.00026238326,0.00030654465,0.0006606937,0.0005428893,0.002261356
0.24591686,1.0,0.95406824,0.13763484,0.0028763846,0.0003034513,0.00014309026,0.00017399926,0.00057604763,0.00137202,0.0065626632,0.039628644
0.6322747,1.0,0.46635342,0.05745608,0.0017439,0.00026098028,0.00024568135,0.00028342922,0.0009133598,0.0063130315,0.06938125,0.26669398
0.61144733,0.65298843,0.12442334,0.021259107,0.0036781544,0.0015007247,0.0010887837,0.002233021,0.021270163,0.16798873,0.7633082,1.0
0.45685086,0.262612,0.032581005,0.00714658,0.004302313,0.003255981,0.0038819104,0.047902822,0.36280498,1.0,0.8218011,0.56306887
0.07435531,0.11279609,0.027630888,0.008231861,0.005302103,0.003701724,0.013524769,0.21091035,1.0,0.71888137,0.10617054,0.027068915
0.0284687,0.014663468,0.003229352,0.006433241,0.004477234,0.002817385,0.014676438,0.25501707,1.0,0.44513693,0.0444692,0.014265581
0.007859402,0.008424409,0.002788774,0.0036656302,0.004318335,0.0037948347,0.008044321,0.12008336,0.81903344,1.0,0.22443733,0.029439745
0.065219514,0.010044526,0.003324368,0.0017790694,0.0043376433,0.0044009225,0.0026297837,0.018851578,0.22603665,0.7989858,1.0,0.38556364
0.3506174,0.03451846,0.0024235877,0.0012686024,0.0015198751,0.0012167089,0.0008419008,0.0018345102,0.011123504,0.08261037,0.57793766,1.0
0.5380722,0.03452399,0.0005955146,0.0005817377,0.00047727206,0.000579461,0.0006754927,0.00037455605,0.0004750971,0.0070762266,0.25218263,1.0
0.60336256,0.03957684,0.00074913725,0.0007021916,0.0003930551,0.00057644583,0.0006838984,0.00038672364,0.00034973084,0.0035754566,0.19398966,1.0
0.44889143,0.022192055,0.00073099387,0.00084643543,0.00069891906,0.0007074614,0.00083974743,0.00032124764,0.00089668453,0.009734196,0.28080097,1.0
0.26974034,0.010173426,0.00063253526,0.0011644782,0.0020129168,0.001277798,0.00087452104,0.0004046172,0.0043507665,0.0780521,0.6033481,1.0
0.23674113,0.011136408,0.0019637751,0.0036543054,0.0067257085,0.004048376,0.0011897767,0.0038010327,0.069342,0.508216,1.0,0.81950814
0.06233285,0.0060219946,0.003054724,0.005188065,0.0122352885,0.005097994,0.0015196147,0.010824569,0.23027736,1.0,0.42194027,0.15171264
0.040702235,0.004609623,0.0027850934,0.007875223,0.015069546,0.008963563,0.0019429817,0.0089605125,0.15230201,0.90565217,1.0,0.1819493
0.11313066,0.007219434,0.0029725395,0.006030264,0.01116609,0.0061348015,0.0026668732,0.0025452916,0.018871354,0.23326735,1.0,0.737116
0.18651013,0.0058550704,0.0026351523,0.0042229625,0.0057960963,0.0031403434,0.0026978548,0.00045684486,0.0027072337,0.05400472,0.61718196,1.0
0.2651048,0.0069076223,0.001455186,0.0027365857,0.0023636415,0.0019337371,0.0018584786,0.00035961912,0.0019620166,0.023672197,0.44099748,1.0
0.26782936,0.0090995515,0.0015465777,0.0023717054,0.002536514,0.0020239814,0.0014781251,0.00032907838,0.0020836797,0.03222274,0.4856874,1.0
0.18410102,0.007903776,0.002699898,0.0032994181,0.0044255145,0.0035813435,0.0016585353,0.0010314701,0.0077066147,0.1399134,0.8899693,1.0
0.09934221,0.006005594,0.0032228762,0.008952657,0.009772138,0.0074599236,0.0017454535,0.005375927,0.06499251,0.60008454,1.0,0.40283376
0.030857459,0.0038034674,0.0052396776,0.011720402,0.017244637,0.007281676,0.002690338,0.011547477,0.19542669,1.0,0.45826152,0.08109856
0.04006582,0.007976514,0.00872928,0.011702936,0.020892851,0.009006835,0.0045574033,0.013106181,0.21648045,1.0,0.56846976,0.1327446
0.41022238,0.07779016,0.023388622,0.016420573,0.014803571,0.011193559,0.0071071815,0.0070708464,0.044573955,0.3691901,1.0,0.9851898
1.0,0.3071226,0.025184415,0.007392526,0.011380225,0.0024094118,0.0021289038,0.0036351727,0.0017204797,0.017599879,0.114295445,0.6773506
1.0,0.33264416,0.022332367,0.006735294,0.009442065,0.0011482147,0.0013525949,0.003647991,0.0038048523,0.014568532,0.06371281,0.52950263
0.9644859,0.3903664,0.036576156,0.027782235,0.01694418,0.0045777005,0.0081294095,0.01575884,0.043923624,0.17010833,0.48270026,1.0
0.37434435,0.35266823,0.06317823,0.03561681,0.028390307,0.021634107,0.0214574,0.024553621,0.09730702,0.52245873,1.0,0.46857294
0.13122153,0.15152182,0.074371845,0.040071025,0.031898767,0.030680675,0.009004395,0.008558171,0.04587224,0.45094356,1.0,0.5776279
0.10957227,0.0758503,0.038025446,0.022540301,0.038851798,0.02781226,0.0036652994,0.0073451884,0.093935154,0.7787399,1.0,0.30895677
0.004373828,0.006306512,0.0016574339,0.0048404373,0.032348383,0.012669182,0.000803355,0.009411994,0.20123284,1.0,0.49856833,0.024561211
0.00090547436,0.002440152,0.0015919739,0.004504866,0.025170896,0.0057201865,0.0007566723,0.014440235,0.27553284,1.0,0.37442598,0.017708616
0.0022424767,0.0031390798,0.0024004905,0.0074698646,0.027462147,0.005351605,0.0023098195,0.019519037,0.29138103,1.0,0.34762368,0.019784559
0.0011726592,0.0019163113,0.0019490956,0.00832928,0.023327414,0.0033816542,0.0033512844,0.014932805,0.27665314,1.0,0.25136113,0.009418523
0.00025546647,0.00027669975,0.00036858566,0.004163424,0.007498846,0.0008529968,0.000591814,0.015208115,0.42330152,1.0,0.1556163,0.0019635076
0.00031222543,0.0001957457,0.0003249809,0.004082043,0.0039982884,0.0004178325,0.0003539336,0.01951848,0.6071323,1.0,0.08636855,0.0014810823
0.0003354672,0.0002684572,0.0003244745,0.005399296,0.007786657,0.0005017089,0.00040013858,0.018294754,0.6555563,1.0,0.06775406,0.0018574961
0.00046676496,0.0004312576,0.00037350768,0.007751245,0.014974145,0.0010012456,0.0007323056,0.014429647,0.5931175,1.0,0.07185416,0.0029463852
0.00039718722,0.00052025187,0.00028771325,0.0049333274,0.017884983,0.0028080163,0.00057082024,0.0066741244,0.32081822,1.0,0.18411806,0.004678722
0.0004161954,0.0005845515,0.00020455419,0.0015232564,0.016616479,0.006660414,0.0003633431,0.0021161176,0.11016684,1.0,0.45253184,0.011613773
0.00046050776,0.0006404379,0.0002286547,0.000994132,0.018693423,0.010267894,0.00036936445,0.0015862448,0.06744902,1.0,0.6322517,0.018218197
0.0005600978,0.00088573276,0.00027655074,0.001842979,0.029040324,0.013658076,0.00058897445,0.0023027132,0.07740707,1.0,0.5453152,0.013811954
0.00088053156,0.0011474352,0.00032968557,0.006834178,0.047874402,0.013053158,0.0012030794,0.0047248825,0.17301448,1.0,0.30420828,0.0069745667
0.0010288868,0.0009346221,0.00078365044,0.025105415,0.05617955,0.0061603133,0.00225437,0.014758419,0.48665443,1.0,0.11268683,0.0032597557
0.0013926773,0.000929097,0.001687624,0.05182161,0.059966702,0.0026979565,0.0028420973,0.03295167,0.8515369,1.0,0.055204425,0.0027372234
0.0016643386,0.0013504255,0.0016536611,0.050460342,0.06920087,0.004082147,0.003585913,0.03321926,0.8287487,1.0,0.05821522,0.0029027092
0.001271325,0.0018891527,0.0009897088,0.02203474,0.06743332,0.010181089,0.0034335419,0.017660601,0.43083328,1.0,0.1542713,0.004410281
0.0010262291,0.0027532687,0.0010270259,0.006024108,0.06796297,0.029711843,0.00257556,0.012179318,0.111617684,1.0,0.5059923,0.017112603
0.0015615077,0.0029960333,0.0012685249,0.002801524,0.06522797,0.046675187,0.002904962,0.017206412,0.057558205,1.0,0.786314,0.030678421
0.0017226884,0.0036777984,0.0013096032,0.010161544,0.10229806,0.05025502,0.005267752,0.02578225,0.10110202,1.0,0.6166048,0.021852583
0.0048151766,0.0047013354,0.0033117363,0.0785733,0.18580198,0.032835674,0.012837989,0.034127645,0.45351574,1.0,0.21127741,0.009978362
0.007211462,0.0036629841,0.016888108,0.25504494,0.17590268,0.010107506,0.016923178,0.07685069,1.0,0.8170853,0.04465852,0.003674823
0.0078378515,0.0022944633,0.046410404,0.39041606,0.11342318,0.0091916,0.022847228,0.13704936,1.0,0.37491828,0.014843541,0.0034131515
0.009419729,0.0042403024,0.050275642,0.43014154,0.18178317,0.021286549,0.055054165,0.14414293,1.0,0.53112006,0.044027053,0.0047470317
0.003562645,0.0041998005,0.0089412825,0.09986242,0.1831081,0.0767446,0.04573234,0.063569605,0.36370856,1.0,0.5617691,0.041102007
0.0007356775,0.0011311746,0.0014753109,0.002445862,0.03990898,0.063520685,0.0067355167,0.008192294,0.03384945,0.666409,1.0,0.078925155
0.00042034473,0.0007500294,0.00083415804,0.00045199104,0.01317676,0.02539917,0.0019089559,0.0019064007,0.057128336,0.90519583,1.0,0.06300318
0.0006604407,0.0010265777,0.00031681388,0.0017139034,0.009870125,0.0052482216,0.0003910374,0.0041977456,0.21205845,1.0,0.4186432,0.020168154
0.005050695,0.0027289703,0.00038080887,0.0060917824,0.009830312,0.00096318626,0.0001629724,0.013817235,0.52982813,1.0,0.09677809,0.0028584288
0.022838168,0.014659909,0.0010108856,0.012682126,0.015308398,0.0008912295,0.00023146367,0.02386658,0.7110171,1.0,0.070271865,0.0058000856
0.022407368,0.03441518,0.0038439622,0.012042825,0.033681665,0.004149822,0.0004217676,0.013969918,0.44659352,1.0,0.11267134,0.009412721
0.0028536294,0.010099399,0.0023306585,0.0067355963,0.02096483,0.0039049445,0.0014580608,0.035268918,0.4748099,1.0,0.13604711,0.003986005
0.0015248556,0.001295198,0.0012131418,0.0033024354,0.0073588076,0.003764504,0.007722469,0.06672578,0.62967336,1.0,0.25668222,0.01733972
0.008447054,0.012197619,0.013045753,0.009491419,0.00950214,0.015645444,0.10260797,0.17124544,0.68459177,1.0,0.7638379,0.08168201
0.027104024,0.07189666,0.10040176,0.20118667,0.16415805,0.15065381,0.5888088,0.7939182,1.0,0.7516006,0.275886,0.049428545
0.03615889,0.14314285,0.56822634,1.0,0.7692061,0.36103502,0.567279,0.41768783,0.34968555,0.39099056,0.16397212,0.06409255
0.14395931,0.4564989,0.75547296,0.80837816,0.650681,0.37408867,0.5031773,0.5665599,0.3289915,0.5521527,1.0,0.3507904
0.07655643,0.08882372,0.061057217,0.11293125,0.17535926,0.28928533,0.5214809,0.618401,0.48072317,0.6386272,1.0,0.30808875
0.049073562,0.054885667,0.052884113,0.07986157,0.1875171,0.41223216,0.67598456,0.6993144,0.6801941,0.98471963,1.0,0.2908158
0.12413645,0.09628101,0.046452235,0.04897452,0.18555734,0.4583231,0.90460235,1.0,0.70686877,0.37335113,0.2940955,0.19049983
0.026084032,0.016853105,0.014301967,0.019389367,0.038097493,0.16157757,0.5621161,1.0,0.827143,0.23025477,0.061040226,0.036012087
0.010128582,0.009239058,0.012582209,0.018314771,0.028401736,0.05973434,0.20634747,0.31081033,0.9330782,1.0,0.24193731,0.033200752
0.003680963,0.004360574,0.0057869884,0.01098979,0.043633934,0.020963738,0.04709029,0.068600476,0.33242163,1.0,0.27087533,0.012925196
0.001184677,0.0020237837,0.0015689158,0.014981597,0.054326985,0.013172293,0.009482927,0.02905593,0.41147318,1.0,0.18158537,0.0048070047
0.0016330832,0.0028276602,0.00093605637,0.015616045,0.041667074,0.008932307,0.0029712215,0.021207955,0.52561986,1.0,0.115906835,0.0032451598
0.0011471164,0.0022318512,0.0014144463,0.010842021,0.032143902,0.009367755,0.0038851744,0.020082397,0.46575478,1.0,0.15897232,0.0047749737
0.00747413,0.026214506,0.02735231,0.014388613,0.051364016,0.027015243,0.008148013,0.024416633,0.3410508,1.0,0.23219739,0.010228727
0.0098913275,0.042425614,0.047495022,0.040030144,0.06601966,0.027340649,0.0048127,0.013309224,0.23894247,1.0,0.3277466,0.016629267
0.012021679,0.011714123,0.006710692,0.027371615,0.057102516,0.02182331,0.0026466649,0.009695728,0.20154956,1.0,0.38905618,0.016522568
0.0115296375,0.009887654,0.0032650852,0.017547013,0.06445514,0.022484325,0.0018436332,0.010030542,0.21648562,1.0,0.4145967,0.02256142
0.00553254,0.006765677,0.004064044,0.008596361,0.033192642,0.0088014165,0.000725277,0.013145537,0.25737193,1.0,0.3670921,0.021052102
0.002456761,0.0031905777,0.0029773605,0.0068415324,0.021534787,0.0036801796,0.0013669973,0.023489343,0.40005556,1.0,0.22240466,0.008341123
0.0031901007,0.004256103,0.003974089,0.017509872,0.017952299,0.0031562494,0.0037733074,0.06842693,0.7939668,1.0,0.121274784,0.0057942513
0.0045486013,0.006354973,0.008016141,0.023179438,0.010453432,0.0013084797,0.0066492897,0.14164966,1.0,0.6125715,0.041578013,0.0014705247
0.0047265776,0.00882662,0.0073454417,0.022629878,0.012110485,0.0012595863,0.0059271767,0.14796643,1.0,0.5056213,0.027834687,0.0014048576
0.0038966083,0.004563047,0.007291218,0.017026624,0.013240099,0.003105633,0.005064986,0.101424985,1.0,0.8859248,0.09202841,0.005667002
0.0029245235,0.0024341797,0.0042069443,0.015246926,0.030890454,0.009999597,0.002673521,0.033687185,0.42997986,1.0,0.2984421,0.018508462
0.00235233,0.0025526525,0.003436698,0.014400831,0.04716961,0.025613362,0.0026153885,0.0094582485,0.15478714,1.0,0.6703422,0.047097083
0.0018479502,0.0016058596,0.0011995526,0.0043594236,0.046915017,0.034936734,0.003273059,0.007545145,0.09846961,1.0,0.8495374,0.06775467
0.0009563608,0.001163018,0.0010881136,0.0068442323,0.047849145,0.018374586,0.0027474884,0.012284366,0.21855383,1.0,0.41512945,0.022109829
0.001215322,0.003341521,0.0035144316,0.01650469,0.039206684,0.007855795,0.0030056664,0.033147976,0.5243673,1.0,0.14877768,0.0050191213
0.00379969,0.006996832,0.006467117,0.030535938,0.035398576,0.007641808,0.008796516,0.08207411,1.0,0.949486,0.067277,0.0066104177
0.005229468,0.008103254,0.00613688,0.023123853,0.029961353,0.006783388,0.006837225,0.08989414,1.0,0.87905586,0.06855575,0.004694566
0.003536398,0.0050087473,0.007238675,0.01654009,0.03255721,0.007200976,0.0032653518,0.039723538,0.62282336,1.0,0.14166173,0.0057605756
0.002065842,0.002572965,0.0022664363,0.0073275603,0.035630047,0.009770672,0.002130532,0.014347706,0.26464245,1.0,0.26835126,0.007922156
0.0027637056,0.0020556,0.0021053415,0.0054308064,0.045264345,0.020236682,0.0032844974,0.006539784,0.14398335,1.0,0.46775836,0.022934716
0.0014916722,0.0007857018,0.0016995607,0.005221139,0.05475462,0.031260643,0.0037956007,0.0026071328,0.099483185,1.0,0.65547526,0.03251547
0.0009842697,0.00069492054,0.0006758795,0.0050924807,0.051298425,0.022316525,0.002286062,0.006246574,0.14711277,1.0,0.5094957,0.022791527
0.00059256906,0.0008195757,0.0006034991,0.0084206695,0.043050136,0.011370743,0.0016772375,0.013785657,0.3233113,1.0,0.24342677,0.009799243
0.0014862205,0.0020769052,0.001870517,0.012402765,0.02746765,0.0038629232,0.0015317436,0.02527312,0.550355,1.0,0.11143504,0.0034286226
0.0023243194,0.0021456617,0.0021329424,0.013364869,0.028456612,0.0038550138,0.0016240214,0.021881336,0.5520366,1.0,0.10956976,0.0028674616
0.003700097,0.0038314636,0.004849041,0.015895415,0.04211342,0.012653824,0.0041891527,0.017516913,0.41993642,1.0,0.15572277,0.0057098204
0.0089419335,0.004126443,0.0050350833,0.013352025,0.055900373,0.027848277,0.007962057,0.0131306695,0.22997811,1.0,0.36407843,0.027228998
0.020708213,0.0059388983,0.011361679,0.035812672,0.10203408,0.058720168,0.010735995,0.008022402,0.14757368,1.0,0.8802533,0.13422321
0.12725429,0.016090637,0.01607499,0.033653125,0.07693872,0.054907233,0.015885202,0.010521003,0.057324868,0.42669845,1.0,0.6499161
0.3342361,0.07286667,0.028377421,0.0187094,0.024401607,0.038368534,0.019657081,0.00947751,0.022576617,0.16519403,0.7197854,1.0
0.38260573,0.25353688,0.09730817,0.047288377,0.041116204,0.063535005,0.049622945,0.05631414,0.07295429,0.083326675,0.5251533,1.0
1.0,0.58580554,0.51503575,0.31589225,0.14171743,0.20377412,0.12651113,0.095141284,0.072442494,0.053611685,0.16738117,0.37288845
1.0,0.61306405,0.7890087,0.32572457,0.28882778,0.37346116,0.18787727,0.091372855,0.06266895,0.0749896,0.3567482,0.95554984
0.71403694,0.2897468,0.5862739,0.39439797,0.35751203,0.30839983,0.1197528,0.0676863,0.06599134,0.10710167,0.46344003,1.0
0.6695673,0.55832964,0.9142841,0.95157814,0.48784506,0.3753102,0.33702087,0.37445292,0.6800388,0.8500564,1.0,0.7604171
0.7781219,0.82253003,1.0,0.8657271,0.7431348,0.7865534,0.67573225,0.7277928,0.8659134,0.7688541,0.7994594,0.5633058
0.5721033,0.5432869,0.8881705,0.99631095,0.93919295,1.0,0.7345979,0.51975125,0.47832152,0.44375044,0.28004447,0.37442866
0.4112474,0.4483628,0.59736085,0.77953875,0.87481135,1.0,0.66079617,0.27509332,0.24668187,0.4170477,0.20049196,0.25764388
0.5660359,0.34650272,0.4557549,0.6218235,0.80753076,1.0,0.7310567,0.46071902,0.35084012,0.3414487,0.27478093,0.54302144
0.7690995,0.59740114,0.5386571,0.85465115,1.0,0.97068745,0.62046856,0.6133864,0.86210376,0.67671895,0.66563743,0.8496259
0.40867212,0.7261874,0.5175088,0.77214086,1.0,0.79203594,0.611672,0.6384717,0.5626496,0.68388736,0.6836963,0.8696919
0.32364133,0.5265274,0.8165595,1.0,0.82873654,0.55108166,0.37040013,0.37386727,0.37720755,0.66333294,0.87020844,0.53943545
0.46831188,0.48114493,0.73981947,0.74587053,0.74866104,0.42016166,0.2708617,0.32870004,0.50343937,1.0,0.9595671,0.57536703
0.54099655,0.41866,0.27843824,0.17998165,0.2267403,0.2085872,0.23322335,0.20528422,0.30085957,0.655507,1.0,0.70834
0.6680266,0.5121397,0.4103878,0.41515496,0.41281933,0.3563922,0.29543218,0.27747646,0.29119888,0.40682277,0.8632823,1.0
0.59028345,0.33078176,0.2438576,0.23399454,0.37189475,0.40053442,0.35560766,0.34990168,0.37577415,0.45225802,0.5933646,1.0
0.49259982,0.25356743,0.22693853,0.23571749,0.41930404,0.4378257,0.32470033,0.2523154,0.20265475,0.27368674,0.49431238,1.0
1.0,0.9813432,0.7197564,0.47063124,0.36540014,0.23804826,0.12220403,0.052246764,0.04654026,0.1377359,0.4805786,0.9333939
0.9585562,0.30465502,0.09657101,0.06434106,0.07081769,0.049010675,0.026968349,0.010458723,0.006704593,0.021980444,0.2053189,1.0
1.0,0.10416679,0.0038199825,0.006079663,0.005825695,0.0026951812,0.0078001446,0.006965262,0.00097100646,0.002243377,0.041866936,0.684512
1.0,0.069356486,0.0026330617,0.0055066873,0.0014650234,0.00056171045,0.005943872,0.0051891804,0.0007631921,0.0024976532,0.078660436,0.94695365
0.41385445,0.018330818,0.0048501105,0.005330118,0.0004322528,0.0014019702,0.0057595284,0.002520143,0.0021988542,0.04802856,0.4190285,1.0
0.059282497,0.0023790465,0.0033721002,0.002104772,0.0012663904,0.002586661,0.0023775455,0.001850953,0.039729446,0.45069283,1.0,0.44574368
0.0020305398,0.00076301774,0.0011182936,0.00077614276,0.0038607852,0.0031220824,0.0008619659,0.008820892,0.16838752,1.0,0.8842533,0.07191183
0.0074066436,0.0020077275,0.0021238069,0.00320636,0.013257921,0.016316717,0.020577949,0.0539004,0.3777923,1.0,0.8749037,0.09596316
0.04316167,0.011722731,0.008341672,0.021210404,0.1533315,0.32400736,0.30012003,0.17383334,0.17837147,0.65179354,1.0,0.27004716
0.043424338,0.010238536,0.020369442,0.1892906,1.0,0.7433245,0.16372411,0.098474674,0.1157573,0.30571532,0.48515913,0.11902925
0.018548548,0.011631233,0.035621934,0.28717843,1.0,0.52545273,0.07758104,0.01100601,0.020828558,0.14008152,0.20258647,0.06054077
0.04219872,0.028038159,0.04437445,0.23596305,0.9416886,1.0,0.45457512,0.15487309,0.06705314,0.08377783,0.097592816,0.080669686
0.0596838,0.02021939,0.029994808,0.10780924,0.46659023,0.6686224,1.0,0.6363552,0.18842241,0.119799174,0.1932355,0.20056204
0.23946482,0.16248499,0.14979193,0.14996165,0.29063988,0.47090915,1.0,0.80439836,0.3080973,0.25295773,0.35159054,0.36165947
0.56688064,1.0,0.9838591,0.59451604,0.66335243,0.5399419,0.3947118,0.2548781,0.19027579,0.35855418,0.555267,0.5909206
0.32978672,0.48640108,1.0,0.70312816,0.23345487,0.1121494,0.09570558,0.07812524,0.14378342,0.247495,0.27278197,0.40397468
0.5721015,0.48924065,0.87030417,1.0,0.5078008,0.4364239,0.3034903,0.26697466,0.32947895,0.51629734,0.5936609,0.73764735
0.43161327,0.25726834,0.29677013,0.45402485,0.5357444,0.46031594,0.4248424,0.53987384,0.57033384,0.77556396,0.89578545,1.0
0.1196434,0.16894351,0.24450012,0.12780048,0.13854977,0.19157465,0.48122677,0.7219421,0.6296125,1.0,0.9103031,0.36690536
0.08792022,0.2424113,0.43789488,0.5341219,0.45360747,0.3929245,0.47349828,0.7336347,1.0,0.6719448,0.17412704,0.08414464
0.09345407,0.52104366,1.0,0.41667733,0.19664831,0.12466042,0.11544151,0.16272898,0.34627387,0.3102311,0.12704012,0.066778846
0.044229627,0.40701142,1.0,0.30403072,0.06754399,0.042807393,0.05186456,0.026673703,0.06411583,0.09844932,0.05620443,0.017854355
0.02019553,0.17108455,0.96163744,1.0,0.15031444,0.02573057,0.092390716,0.049956262,0.016314795,0.13714236,0.27227113,0.035680495
0.010730696,0.012074075,0.2084595,1.0,0.65330905,0.058914747,0.018266123,0.021775743,0.0048017227,0.0465283,0.26609582,0.14607355
0.035297874,0.0023447482,0.018044503,0.32609552,1.0,0.23666078,0.0060017863,0.0027676972,0.002531146,0.0029374985,0.048080493,0.1606477
0.07532067,0.0024264315,0.0047920896,0.11406936,1.0,0.49346283,0.01627871,0.0009619417,0.0017060821,0.00082052156,0.0080599,0.1131861
0.13401544,0.0043202583,0.0028073606,0.074453466,1.0,0.78800553,0.033233162,0.0007874746,0.0016188456,0.00096682174,0.0035774696,0.12170915
0.087223366,0.003334547,0.010270447,0.13122183,1.0,0.6249965,0.022719989,0.0005028161,0.0008313442,0.00077863457,0.005598978,0.11077883
0.02093208,0.021650517,0.16636306,0.6674192,1.0,0.28519702,0.007876799,0.00059093325,0.0010025997,0.0030834507,0.009451046,0.044348452
0.016831558,0.2864861,1.0,0.7248249,0.32186884,0.08202371,0.0027491092,0.00063237234,0.0024753178,0.014149812,0.010351059,0.0045230025
0.015837302,0.30913585,1.0,0.44028863,0.0816018,0.007407351,0.0007771516,0.00024235174,0.0019311818,0.013309758,0.009997381,0.0019217415
0.0058707977,0.06170445,0.4033806,1.0,0.75611335,0.16309118,0.01346879,0.00062408636,0.00046496454,0.0083136745,0.02217294,0.010121186
0.0018508019,0.0019301375,0.027154855,0.29091704,1.0,0.73674506,0.10680723,0.0031030567,0.00016487071,0.0007775824,0.0046425527,0.006178821
0.0011232438,0.00069113827,0.0031345682,0.05232108,0.43284237,1.0,0.40459305,0.016649524,0.00020928316,0.00017521846,0.00022825281,0.0007342172
0.0005568893,0.00076332886,0.0023729622,0.006662776,0.059845533,0.8657287,1.0,0.058598433,0.00037563138,0.00034670864,0.000291528,0.00026659283
0.00042019124,0.0004347865,0.0023614226,0.026599891,0.23842193,1.0,0.5716299,0.03390955,0.0003057883,0.00014958407,0.00028412868,0.0002743266
0.00023218572,0.00083312986,0.028228283,0.33521655,1.0,0.6550075,0.07493226,0.002916343,8.7090644e-05,0.000100771744,0.00027299722,0.00037106924
7.3891875e-05,0.002068313,0.106532075,0.8854893,1.0,0.19173901,0.0061209877,0.00014053762,5.573191e-05,0.00010438302,0.00050496677,0.00031312575
4.210632e-05,0.0025231503,0.15801935,1.0,0.47458664,0.050359745,0.0013838607,0.00010440596,4.0902436e-05,6.8831454e-05,0.00040658258,0.00013769555
0.000100369536,0.0012211084,0.0735048,0.86499935,1.0,0.17267962,0.0064330716,0.0005086989,0.00013633358,6.2981904e-05,0.00019033527,0.00019094562
6.109548e-05,0.00027367793,0.013552175,0.27587673,1.0,0.646338,0.08185795,0.0032925105,0.00010998113,6.592028e-05,0.00014375547,0.00013449485
0.00031644103,0.00027040445,0.003353208,0.04575868,0.43965447,1.0,0.46070337,0.02399297,0.00017974392,6.151793e-05,0.00021482796,0.00013759574
0.0012591218,0.0005003477,0.00035054912,0.013267551,0.14163028,1.0,0.89890057,0.059577033,0.0005150532,8.9502435e-05,0.00015401517,0.00021698973
0.0006263031,0.0017068356,0.013194776,0.10423932,0.5834383,1.0,0.2686224,0.016392903,0.00034888994,0.00014433142,0.00031900743,0.00024164794
0.004713437,0.05635995,0.26204753,0.65212333,1.0,0.4356387,0.035197273,0.0009793483,0.00017851505,0.00023103398,0.00039492163,0.0005176061
0.03642385,0.46994463,1.0,0.43384933,0.3082465,0.09367803,0.004311424,0.00034223983,0.00025018075,0.00041740207,0.00024668843,0.0009794208
0.035554495,0.5586616,1.0,0.18159975,0.011072535,0.010927052,0.0015351627,0.00021989936,0.00022993496,0.0007803535,0.0006090134,0.000789109
0.019693647,0.31678182,1.0,0.7883777,0.38458562,0.08203998,0.0056815553,0.0009907385,0.0005814639,0.0028925305,0.004879724,0.0018884053
0.0011388796,0.008914625,0.054593895,0.40122813,1.0,0.35751215,0.015417808,0.00078829675,0.00032778716,0.0007044299,0.0011118584,0.0011988794
0.00037066135,0.0010037416,0.017633902,0.30961218,1.0,0.34821042,0.011788787,0.00039805885,0.0001395815,0.00023884425,0.00022793612,0.00029024814
0.0003144183,0.006104558,0.10779389,0.7565431,1.0,0.23356502,0.006681084,0.0002638358,0.00013038209,0.00015759718,0.00017641937,0.00015930002
0.0010702354,0.029865801,0.3899211,1.0,0.54007477,0.14446156,0.0069029992,0.0011588713,0.00049111666,0.0003862853,0.00049204135,0.0005558139
0.017566714,0.13449122,0.51619875,1.0,0.8472522,0.308239,0.19426285,0.096223846,0.009044765,0.0049644317,0.006553418,0.008021364
0.021347852,0.03793232,0.11557938,0.28505874,0.70667106,1.0,0.51967925,0.1374135,0.012593978,0.012820526,0.016100667,0.010127262
0.0070276107,0.009003953,0.024879957,0.17377906,1.0,0.8001695,0.05692285,0.007306661,0.0023516524,0.0021797856,0.0038758942,0.0039869766
0.0032453833,0.0045361086,0.0063656224,0.105969965,1.0,0.92246777,0.07255033,0.0039529535,0.0011200644,0.002136402,0.0038282229,0.0018066559
0.0027124486,0.002688963,0.01064865,0.06640469,0.74211097,1.0,0.14291145,0.013406875,0.0029415651,0.009531172,0.0114597,0.001876298
0.012971157,0.019986313,0.08102208,0.31705397,1.0,0.7988418,0.1101676,0.028638452,0.011096648,0.016232422,0.01926837,0.009147359
0.047038335,0.050868776,0.23779172,0.6513528,1.0,0.7008165,0.15645215,0.098905794,0.020732703,0.011151021,0.027298765,0.03891572
0.15746006,0.5157749,0.46758792,0.8741302,1.0,0.7093356,0.47173482,0.17373642,0.06002757,0.023642369,0.027626188,0.056722544
0.18544044,1.0,0.98751175,0.25476778,0.42862463,0.7837954,0.57921726,0.07889108,0.026490033,0.032164294,0.057023738,0.092996515
0.29656515,0.849559,0.49495116,0.17205656,0.61453104,1.0,0.36260146,0.06532464,0.041966457,0.035183053,0.021020293,0.05007209
0.48685217,1.0,0.32991406,0.13126554,0.16491927,0.23963808,0.22402206,0.051867668,0.02539262,0.035719935,0.023321679,0.07461178
0.15523075,0.42180902,0.93457496,1.0,0.2600156,0.024363779,0.04389289,0.028810922,0.019127807,0.008972406,0.011243729,0.034987144
0.016401617,0.070662305,0.7596176,1.0,0.16816904,0.008768422,0.0023021568,0.0042865053,0.0072669773,0.0022115614,0.0018503979,0.006823819
0.008600175,0.14830408,1.0,0.82514757,0.07727176,0.00933664,0.0034989102,0.001091993,0.0037695684,0.0032526464,0.0028049427,0.004825804
0.030188086,0.35308042,1.0,0.59239364,0.1385395,0.09794941,0.019013222,0.0020061329,0.0017942477,0.0021508993,0.002592496,0.0047534863
0.18278986,0.8357165,1.0,0.9913068,0.83396244,0.5380995,0.058669955,0.009420466,0.0045321556,0.014420068,0.034243245,0.0714591
0.14886257,1.0,0.9804675,0.16758001,0.08896775,0.03356661,0.0031566855,0.0022968748,0.0020121331,0.003956454,0.008447103,0.029118018
0.38103282,1.0,0.5118541,0.03308725,0.009197578,0.005681493,0.0027923952,0.0018109839,0.010776818,0.062126316,0.17378141,0.2676264
0.4451883,0.45013148,0.076465696,0.011489969,0.00897129,0.009634979,0.0029739751,0.0015843364,0.010025535,0.12801765,0.79574245,1.0
0.6800427,0.118038826,0.008320214,0.0032909682,0.0017874563,0.0018256688,0.0010826824,0.0005572774,0.0013032545,0.017356658,0.3146629,1.0
0.6733369,0.06520525,0.0031349692,0.002364444,0.0011878336,0.0008600955,0.00084097654,0.0006962336,0.0009066213,0.004131076,0.19716541,1.0
0.38607195,0.040932365,0.0042911265,0.0034379277,0.001983895,0.0011761272,0.0010018519,0.0012227824,0.0077769454,0.043634884,0.40180165,1.0
0.27206773,0.025355838,0.008149611,0.005945127,0.0065973876,0.0030888915,0.0073763067,0.05613323,0.28774485,0.621649,1.0,0.9700676
0.06023419,0.015363819,0.0072532487,0.0069758245,0.0043310933,0.0025441665,0.021587286,0.3044195,1.0,0.4866232,0.11916316,0.10517125
0.016982801,0.007846725,0.008375338,0.0072783437,0.0037377689,0.002594335,0.021986652,0.26102483,1.0,0.52014256,0.09128123,0.0233364
0.021878261,0.0059728487,0.008958413,0.0051512495,0.008418468,0.005442756,0.0054204985,0.043763038,0.45031223,1.0,0.6891233,0.16962773
0.27817962,0.029299172,0.0102487635,0.0041324943,0.004322247,0.0054928497,0.005294328,0.008564918,0.06135696,0.28500578,0.94272846,1.0
0.75738376,0.09051517,0.0044378475,0.0017742091,0.000869722,0.0011270199,0.0098748775,0.013601735,0.0030934382,0.01520127,0.217782,1.0
1.0,0.14360705,0.0038812025,0.00075583445,0.00078425,0.004495801,0.05745218,0.06077771,0.0031964222,0.0047296514,0.05624028,0.7549943
0.5283053,0.06283402,0.0033747451,0.0011026274,0.005273951,0.09262076,0.22626217,0.06762217,0.0026337716,0.019826706,0.2934541,1.0
0.11436473,0.0090786675,0.0024971082,0.0023530123,0.056045614,0.30959105,0.19180372,0.01470427,0.013214763,0.22370945,1.0,0.78509843
0.019636493,0.005645487,0.002126963,0.022546904,0.17483573,0.20041305,0.038033593,0.008827798,0.19856754,1.0,0.9358583,0.1796058
0.009207532,0.022716999,0.008409949,0.05170237,0.21178742,0.06086425,0.008305778,0.017478568,0.36507875,1.0,0.24195303,0.018468963
0.049566463,0.10425443,0.06708447,0.094605036,0.599622,0.40979537,0.058939755,0.027363202,0.257188,1.0,0.6692356,0.12259951
1.0,0.5030804,0.12228149,0.097421706,0.5805868,0.46449405,0.10144118,0.027495123,0.028553832,0.22779694,0.56928086,0.66364753
1.0,0.6389578,0.06466042,0.006964211,0.023079604,0.011189499,0.005147885,0.0046713646,0.0022317702,0.0067017693,0.017295431,0.24044758
1.0,0.84871656,0.11955561,0.0041845352,0.0026320836,0.0013572631,0.0010644131,0.0018851702,0.0018254364,0.008292335,0.045155577,0.30551332
0.7762607,1.0,0.19701353,0.032542966,0.023874491,0.01035792,0.01294163,0.0135507,0.009437165,0.041419547,0.14671443,0.29127094
1.0,0.85642385,0.12412135,0.03753821,0.050939284,0.042389285,0.057941005,0.09729579,0.09817072,0.11188597,0.0550375,0.2830652
0.6324252,0.87881964,1.0,0.44612023,0.19228405,0.06516204,0.035581753,0.05125213,0.079637475,0.08241506,0.19147907,0.36045176
1.0,0.8783329,0.34646034,0.080412626,0.028360656,0.012454734,0.005237077,0.0120494375,0.08830475,0.3095763,0.5523424,0.84429616
0.50844806,0.46180514,0.07122982,0.037002005,0.08743032,0.027212122,0.0025116384,0.020379873,0.31380054,1.0,0.5894173,0.34199733
0.062254954,0.10445376,0.015989214,0.040986244,0.14311244,0.04192352,0.0022725335,0.011216672,0.24286407,1.0,0.3418091,0.030406626
0.038509652,0.04711449,0.008982086,0.032944757,0.12623593,0.05104812,0.0031105133,0.0063925693,0.13486116,1.0,0.7961012,0.074659996
0.008850172,0.011738227,0.003961607,0.005865921,0.022308484,0.016177334,0.0015164677,0.0014276315,0.035402693,0.56551933,1.0,0.15736204
0.00641614,0.0031954814,0.001088873,0.0007392757,0.0054075783,0.0059879343,0.0004568053,0.00090168644,0.05883305,0.8023132,1.0,0.0894712
0.00083221303,0.0004535318,0.0001687238,0.0008928777,0.009984119,0.005287736,0.00015690453,0.0028799742,0.114384905,1.0,0.69376546,0.036450956
0.0016699017,0.00036414986,0.00015145936,0.0016130765,0.019619014,0.00782029,0.00020324242,0.0039887675,0.14770906,1.0,0.50947833,0.024912965
0.0012827351,0.00047289726,0.00026191294,0.0059476807,0.039978325,0.010194476,0.00026435166,0.0072787036,0.2062712,1.0,0.36735106,0.01920162
0.0005842502,0.00076317677,0.00072589883,0.02125901,0.057264782,0.0068948334,0.0006637651,0.023636218,0.48661983,1.0,0.15641157,0.004616081
0.0005270253,0.00050703,0.0013810851,0.037996497,0.050074283,0.0034765832,0.0013260405,0.049095616,0.80918527,1.0,0.07728197,0.0029117188
0.0004786463,0.00032548717,0.00091542024,0.023798773,0.047496486,0.005058961,0.0012626514,0.0300074,0.6089712,1.0,0.1169783,0.004213435
0.0003059902,0.00033928335,0.00050242216,0.010720363,0.066729955,0.01969731,0.00077825104,0.010963052,0.2544925,1.0,0.335995,0.01353597
0.00055336364,0.00020481618,0.0002631389,0.004644216,0.090094805,0.063697234,0.0020219216,0.002368027,0.08713836,1.0,0.7534592,0.040076658
0.0010747655,0.00019092312,0.0002257449,0.008171352,0.13250439,0.10461455,0.002946795,0.0028589726,0.09026175,1.0,0.839529,0.055169266
0.0017853752,0.00045788204,0.0018729994,0.08602741,0.37057054,0.10469828,0.002223037,0.026980594,0.4097751,1.0,0.3260773,0.019754382
0.0009837176,0.0008145152,0.0051017874,0.15743145,0.30359668,0.045787305,0.0023288843,0.08681058,1.0,0.7755973,0.047877964,0.0023497103
0.0006794781,0.00038335472,0.0037634238,0.09201729,0.1097323,0.012347531,0.0020218077,0.07919367,1.0,0.8993501,0.075262725,0.003399698
0.0005814597,0.00023088728,0.0015665934,0.074929826,0.31514832,0.077368625,0.0019543981,0.025490345,0.43572867,1.0,0.33668628,0.01739781
0.012307572,0.004296014,0.0029983702,0.07965636,0.61134315,0.24256141,0.009737721,0.02835654,0.24918003,1.0,0.88038784,0.115578465
0.09876163,0.049092904,0.021439169,0.05404568,0.47067082,0.33965412,0.3338716,0.62852657,0.9797168,1.0,0.88649756,0.29020402
0.03776757,0.05980465,0.05689036,0.083678275,0.24050234,0.55768514,1.0,0.5660977,0.22983491,0.15159854,0.09488097,0.046366192
0.06363113,0.11174698,0.15865786,0.24579948,0.49748224,0.59544885,1.0,0.8992746,0.45158386,0.363021,0.2684212,0.13079458
0.72797126,0.3964534,0.83110505,0.8925293,0.51305974,0.7807039,0.5338146,0.5983492,0.4102438,0.60697705,0.9096169,1.0
0.6256693,0.18993695,0.18468016,0.2555364,0.16154309,0.18448322,0.15757284,0.18307841,0.113707244,0.27296948,0.419818,1.0
0.46787354,0.38230038,0.30937114,0.41729495,0.26705712,0.25431937,0.5235188,1.0,0.6447621,0.6588283,0.70487505,0.8773604
0.009785887,0.023911795,0.016434519,0.017229022,0.021951405,0.031029373,0.10248157,0.4652329,1.0,0.59825,0.15469126,0.017506866
0.002339287,0.0020628069,0.0008134237,0.0026872566,0.0030101049,0.0016039605,0.0068119927,0.07778503,0.88421845,1.0,0.10408184,0.005239014
0.0018452159,0.0019842207,0.00048536982,0.0019247448,0.003931864,0.000636338,0.00081436144,0.019602003,0.56448203,1.0,0.11161361,0.003146514
0.0036980934,0.0072452794,0.0017278084,0.0015123179,0.004533425,0.0008171025,0.000693141,0.012752946,0.48797393,1.0,0.09905172,0.0018243784
0.0024837062,0.007062553,0.0024192906,0.0019898363,0.0070825247,0.0035996686,0.0010239104,0.036307797,0.70688146,1.0,0.084412046,0.0033645853
0.0017066245,0.002251831,0.002032965,0.002903935,0.009377864,0.013564106,0.009736207,0.08076787,0.6839754,1.0,0.3174147,0.023208112
0.009300513,0.0031352844,0.0042429217,0.011806144,0.023329519,0.03096198,0.039210934,0.056579012,0.18152383,0.56923974,1.0,0.1130905
0.026323711,0.0049733184,0.0030950315,0.010325787,0.024572028,0.01707608,0.009755005,0.018929148,0.15996787,0.87816054,1.0,0.094347835
0.01450231,0.008859781,0.0030064606,0.0026106597,0.010811525,0.0116491895,0.004278106,0.014854769,0.18862869,1.0,0.7002209,0.05638896
0.015536883,0.022693677,0.0043024896,0.0021184965,0.003866177,0.0036841368,0.0034719426,0.03466864,0.43878365,1.0,0.26100466,0.02266481
0.023271132,0.024250193,0.0052731987,0.0020443203,0.0019375882,0.002436755,0.0036396806,0.055594094,0.68243015,1.0,0.13689163,0.009512961
0.015809927,0.02414322,0.00441512,0.001961316,0.0018557628,0.0028450198,0.0035018297,0.038356263,0.5391221,1.0,0.18980168,0.009879923
0.01203668,0.033801053,0.005400361,0.0021062735,0.0023427366,0.0030722683,0.0038828847,0.022500772,0.3352211,1.0,0.30337277,0.017199049
0.011651693,0.047989585,0.013663789,0.0046273996,0.005049497,0.005288829,0.006086915,0.011297376,0.16944322,1.0,0.72260034,0.06454556
0.023923988,0.020863352,0.011288259,0.0036533887,0.0036581585,0.004497999,0.0053025447,0.00419914,0.042168684,0.5263813,1.0,0.20025231
0.021521918,0.013199116,0.010744623,0.002761281,0.003666629,0.00439947,0.0032565068,0.0029647246,0.05126571,0.6075005,1.0,0.18706022
0.016111262,0.029721985,0.010357863,0.0052014445,0.007999889,0.0058009205,0.0032436417,0.010752961,0.17387247,1.0,0.6821559,0.05946491
0.056224782,0.056863807,0.011624197,0.008217938,0.010559603,0.007434784,0.0074852835,0.09472956,0.7237848,1.0,0.24735531,0.023593962
0.05390264,0.022977183,0.007057951,0.008726067,0.010440158,0.00670154,0.009764671,0.21601188,1.0,0.3821099,0.04437128,0.015856856
0.07614887,0.026148705,0.0048804786,0.009381784,0.0167783,0.00890436,0.0059322272,0.13196,1.0,0.6923391,0.07229889,0.018499602
0.04252994,0.025438746,0.0070823296,0.009936576,0.016869964,0.0071771406,0.0016278132,0.028884685,0.47802073,1.0,0.31427237,0.037332468
0.056545876,0.019502416,0.014459723,0.017857915,0.01722786,0.010675229,0.002495773,0.009916022,0.12311234,0.8446621,1.0,0.15164642
0.09475841,0.03419993,0.031928282,0.03709147,0.024872355,0.0164019,0.013367123,0.011266982,0.026613653,0.46686742,1.0,0.1854178
0.12468659,0.094169445,0.10050976,0.11976355,0.10650133,0.09370988,0.0665545,0.045374192,0.13191286,1.0,0.96361876,0.1593978
0.05502296,0.051850416,0.045187175,0.045050055,0.0493309,0.03917867,0.029721301,0.05940094,0.34567693,1.0,0.2962442,0.080671206
0.049643137,0.042879287,0.040320788,0.045710105,0.04223513,0.030066973,0.032649685,0.08694923,0.7975449,1.0,0.14549807,0.06613523
0.02679064,0.019790307,0.02003375,0.025873357,0.020982064,0.0064363796,0.008469588,0.06433748,0.83470565,1.0,0.12290005,0.043856084
0.017205663,0.009955902,0.009515451,0.014895183,0.019255934,0.006620765,0.0043440843,0.030990705,0.42232898,1.0,0.33246887,0.05000567
0.02960708,0.016135838,0.017415186,0.02487136,0.027853185,0.018197266,0.016532537,0.04173669,0.24680805,1.0,0.8873927,0.14961183
0.34853008,0.3518632,0.36544868,0.3737808,0.45956194,0.548151,0.51892585,0.6232133,0.70983183,0.62978476,1.0,0.4550258
0.87220335,0.68569833,0.7146101,0.7414235,0.6591311,0.6551118,0.6131168,0.5054687,0.4312532,0.54937774,0.84554887,1.0
0.84764814,0.57738763,0.5088761,0.51703787,0.29608205,0.14448176,0.17974031,0.31526557,0.56992084,0.8911264,0.929513,1.0
1.0,0.80131215,0.7329635,0.7208055,0.5654415,0.3386004,0.23285332,0.30478922,0.45841947,0.6648137,0.42011642,0.57765037
0.8672118,0.7288041,0.68174654,0.6110119,0.51958346,0.4335901,0.40125424,0.38044763,0.67292446,0.66163385,0.6016977,1.0
0.41033018,0.22466871,0.31043205,0.3621055,0.26390526,0.15919012,0.15301341,0.32677823,1.0,0.73760784,0.50188184,0.744921
0.9226432,1.0,0.84162825,0.52879965,0.65094674,0.530333,0.28759915,0.46800184,0.6321417,0.51985365,0.36913782,0.7347618
0.31849548,0.1258491,0.13204302,0.08545693,0.06391932,0.058199152,0.02372804,0.03835286,0.26807493,0.8177876,1.0,0.76601106
0.4413485,0.08991562,0.056150936,0.2772266,0.2048686,0.033443738,0.018538754,0.048063014,0.5774168,1.0,0.81243134,0.7407467
0.29941684,0.08898594,0.08080313,1.0,0.90108275,0.112460375,0.101217054,0.06879499,0.64391506,0.4593497,0.13513437,0.15887018
0.20228986,0.08776323,0.1360598,1.0,0.6565012,0.18794505,0.30061683,0.07879843,0.36328086,0.14651786,0.044932693,0.047774408
0.38080382,0.2599382,0.28112152,1.0,0.80965096,0.27119097,0.69561744,0.1854092,0.51537704,0.38317138,0.083802626,0.09187504
0.2237908,0.29129615,0.11221734,0.4523383,1.0,0.10804358,0.1408303,0.0634557,0.24460313,0.42285544,0.046515968,0.029519688
0.28923565,0.25638112,0.0787522,0.67680097,1.0,0.0708403,0.017732004,0.056865327,0.37636745,0.44464442,0.036228154,0.033579055
0.49017707,0.3517079,0.46771926,1.0,0.5581593,0.25646132,0.6312116,0.7325887,0.7263105,0.32638398,0.074099645,0.20383301
0.32649752,0.30918694,0.23753488,0.19719405,0.51519585,0.84378153,1.0,0.5311322,0.38639927,0.195494,0.081983656,0.2328942
0.1899854,0.059185978,0.04608045,0.15720646,1.0,0.60753554,0.15974373,0.15134542,0.5287296,0.1528847,0.04736626,0.2610893
0.3933076,0.27364498,0.056767717,0.09811362,0.6937412,1.0,0.6037646,0.12029089,0.29891837,0.24698508,0.07464845,0.16137543
0.20541494,0.42494658,0.10912177,0.024977112,0.088957675,0.49127784,1.0,0.22019237,0.034767773,0.08499588,0.07033567,0.030436626
0.19403814,0.42052874,0.14041525,0.048081037,0.103065185,0.4097175,1.0,0.34393996,0.048476677,0.085220374,0.076696314,0.03934828
0.4097147,0.4805377,0.39846712,0.38800097,0.5798849,0.7330132,1.0,0.5063245,0.14903352,0.31827408,0.27758476,0.22121349
0.29731235,0.63010776,0.54448503,0.26790637,0.3326247,0.33664942,1.0,0.44351378,0.15545182,0.122063,0.10731488,0.16199335
0.077706,0.088198595,0.08257732,0.04133758,0.058171086,0.24929014,1.0,0.3001114,0.05229215,0.037021488,0.033298228,0.033654828
0.084114164,0.13960253,0.05945104,0.07420745,0.09807616,0.2698643,1.0,0.28263018,0.07565481,0.04424489,0.06736046,0.07197446
0.5159678,0.54392534,0.21749163,0.38482115,0.6523807,1.0,0.9504172,0.3319009,0.21604209,0.17891626,0.32543984,0.39567086
0.7297426,0.7477272,0.29545873,0.3996479,0.78149897,1.0,0.47684097,0.2736753,0.3138786,0.29482403,0.4123476,0.46465138
0.63962173,0.887962,1.0,0.88304144,0.9198066,0.5822703,0.43230522,0.41174576,0.641181,0.6597739,0.50851595,0.48199406
0.7370961,0.5723169,0.8878383,1.0,0.7889863,0.28280947,0.30262044,0.35609728,0.4650128,0.48946807,0.5844031,0.8332388
0.7338823,0.5350062,0.4253044,0.419316,0.69621044,0.35645625,0.3986186,0.49087358,0.4572781,0.6492623,0.7725106,1.0
0.5771352,0.7567716,0.5244483,0.3660326,0.6827696,0.53884244,0.48962578,0.5010814,0.46198007,0.823649,1.0,0.80207825
0.56431454,0.8578248,0.5350483,0.21469116,0.6749992,0.70010155,0.97456247,0.7227289,0.4436478,0.6420232,1.0,0.9218001
0.86679006,0.9385787,0.6095101,0.4800156,0.97949135,1.0,0.9513011,0.5631659,0.4641511,0.58336055,0.84200805,0.9700426
0.56444216,0.41069946,0.4360644,0.42445377,0.67458487,1.0,0.94881594,0.2550741,0.40212828,0.51490927,0.3836141,0.534914
0.41631848,0.2580372,0.22847238,0.17907926,0.2655199,0.96084696,1.0,0.3176931,0.19771516,0.2524178,0.2302608,0.3640562
0.17627299,0.2869996,0.23650505,0.35146326,0.5523336,1.0,0.9666902,0.52519923,0.30543235,0.18644097,0.20563294,0.18896794
0.06850812,0.11192146,0.18198372,0.28470305,0.32480496,0.9893888,1.0,0.20035458,0.07634187,0.05785872,0.08543401,0.060019672
0.059386965,0.059415594,0.1466089,0.22547151,0.1553862,1.0,0.82377744,0.09146795,0.028456995,0.03906775,0.04006412,0.043077208
0.052363552,0.046675544,0.06078925,0.2012575,0.20622058,1.0,0.6675604,0.041425664,0.017599737,0.024367899,0.023416026,0.027721098
0.10696071,0.17971063,0.18268217,0.8164217,0.93870264,1.0,0.7860484,0.099391796,0.039967503,0.061547067,0.082613215,0.041800786
0.10799902,0.18152432,0.20102508,1.0,0.89785594,0.32991424,0.3177163,0.11761994,0.04529294,0.055440776,0.061807763,0.040201917
0.15771684,0.28739026,0.34576043,1.0,0.6326826,0.47577116,0.7295995,0.3283848,0.20436913,0.22336012,0.25606543,0.12383498
0.14934199,0.25910702,0.47395456,0.558219,0.34566626,1.0,0.8551229,0.6493019,0.3921095,0.2965984,0.33042422,0.15681046
0.2814022,0.5401081,0.8525487,1.0,0.6472976,0.94195616,0.7228902,0.4073552,0.2858264,0.29467803,0.29308152,0.17764467
0.097468,0.48676988,1.0,0.5759904,0.11433884,0.06948507,0.049824677,0.03657523,0.1497578,0.32346445,0.11691286,0.039429337
0.031124081,0.24368253,0.9045013,1.0,0.33358464,0.039865367,0.01179396,0.01725598,0.083591715,0.34495765,0.24969445,0.05243103
0.04384628,0.08720287,0.3964209,1.0,0.955609,0.29819813,0.09093524,0.030810585,0.039322667,0.16206671,0.26811662,0.1412012
0.079846896,0.03289349,0.047594965,0.27116272,0.808439,0.6884643,0.82190716,1.0,0.511572,0.1444346,0.059195194,0.09606755
0.005018823,0.0037564046,0.006343891,0.011300384,0.01325188,0.017131282,0.13179925,0.4194975,1.0,0.5637605,0.04192547,0.005177081
0.0032758457,0.0018021499,0.0023966767,0.0019132332,0.0014699771,0.0026802626,0.021843063,0.10794032,1.0,0.88139,0.075219095,0.0055272775
0.05495914,0.021024192,0.0086288545,0.010732892,0.029001936,0.06186407,0.15264116,0.27869976,1.0,0.7775212,0.08578586,0.06141313
0.14718236,0.039319426,0.07127262,0.1591991,0.18112282,0.09653238,0.06994151,0.051141713,0.17081799,0.6760865,1.0,0.47993693
0.016413879,0.0414589,0.0855927,0.051726807,0.03393243,0.0057816897,0.002742641,0.010535623,0.25924036,1.0,0.6440165,0.11017962
0.006736475,0.05003404,0.11180946,0.038724188,0.007246426,0.0015436435,0.0023266035,0.008544766,0.28983176,1.0,0.3314374,0.032164562
0.068556964,0.017917091,0.07543204,0.08744902,0.041341957,0.011316203,0.0028591962,0.0038006075,0.098548785,0.79891217,1.0,0.40567136
0.32562897,0.010150663,0.010040777,0.036485862,0.09543237,0.037229963,0.0031512002,0.0016422238,0.011725516,0.11126879,0.5361483,1.0
0.393189,0.0078066955,0.0018429824,0.01568432,0.08006316,0.03011292,0.0019635966,0.00062326645,0.0010349809,0.0076566096,0.11660721,1.0
0.27928513,0.0041445037,0.0013007697,0.011551366,0.047802247,0.016729904,0.0011593769,0.000580422,0.0007635112,0.0031946546,0.15083994,1.0
0.29518363,0.0060592727,0.0013873434,0.010755271,0.03525969,0.011677746,0.0015830911,0.0008223329,0.0013559386,0.005167869,0.15241568,1.0
0.21975206,0.009587798,0.021256171,0.051721394,0.040835064,0.007900226,0.0025669367,0.002562703,0.0062801107,0.11620201,0.5676083,1.0
0.04567252,0.017634142,0.097783744,0.124180496,0.030209728,0.009239313,0.006383953,0.007135705,0.020690847,0.5006347,1.0,0.21476194
0.12613188,0.04296174,0.15504773,0.2316127,0.04007371,0.013325932,0.009595082,0.011037696,0.030193442,0.5556999,1.0,0.18121469
0.19093738,0.07246897,0.09479557,0.2136044,0.0446556,0.0067158025,0.00752739,0.010186021,0.023070473,0.35150403,1.0,0.28418738
0.21512565,0.073798224,0.037109416,0.15823632,0.17992015,0.03904791,0.011929905,0.012978895,0.023594936,0.12864552,0.83452994,1.0
0.35630217,0.07573885,0.013259739,0.052946866,0.24181251,0.09324438,0.011980484,0.008866812,0.02950498,0.012619863,0.15537754,1.0
0.36211583,0.027898718,0.008223588,0.071255766,0.34388548,0.122236475,0.00931141,0.011417465,0.043650348,0.009320803,0.13876736,1.0
0.23720725,0.022059647,0.055557977,0.39495248,0.6388757,0.1409795,0.014975375,0.024475398,0.04760459,0.04462307,0.41346493,1.0
0.06728494,0.16243368,0.70730156,1.0,0.5091371,0.085767046,0.042698234,0.04938876,0.09888339,0.42416292,0.7664988,0.33269775
0.041163262,0.6361507,1.0,0.14922091,0.042062547,0.046092156,0.03555839,0.02460257,0.09842639,0.21157467,0.08230709,0.01574651
0.048800785,0.7833939,1.0,0.09381128,0.02061321,0.0350019,0.029374506,0.01485033,0.07667795,0.13363962,0.06832052,0.032434214
0.47403413,0.6173356,1.0,0.42641747,0.39095423,0.2209256,0.056295678,0.041782636,0.08683299,0.2832493,0.7483872,0.9887436
1.0,0.17052066,0.022694098,0.038796607,0.18465406,0.20324658,0.038984362,0.011957501,0.013049354,0.023258297,0.08774764,0.64672613
1.0,0.2559153,0.006231234,0.005582503,0.037209667,0.09106742,0.025684983,0.004861312,0.0036784837,0.0062394775,0.008024444,0.23458037
1.0,0.21569683,0.013595852,0.04791101,0.10340396,0.07051731,0.011691249,0.005095943,0.0070877993,0.020325532,0.11681189,0.51009107
0.37182274,0.058872774,0.1028922,0.33508426,0.22115998,0.051494338,0.01114692,0.023887493,0.019094931,0.22909212,1.0,0.682723
0.46450257,0.08844824,0.07346328,0.20937282,0.1248822,0.070174605,0.033891734,0.03222718,0.025128921,0.22836366,1.0,0.847898
1.0,0.28471032,0.034341887,0.025536157,0.049878146,0.08121965,0.16981204,0.09663661,0.025280567,0.044516806,0.13264385,0.6210857
0.48668763,0.22708629,0.07963755,0.028893482,0.10114891,0.32558137,1.0,0.571068,0.05736071,0.02783435,0.028597236,0.2199498
0.026053747,0.033970203,0.034014642,0.08554686,0.4125122,0.71657336,1.0,0.515246,0.042143494,0.014596105,0.01995152,0.018875325
0.049798023,0.07210206,0.08626545,0.34819153,1.0,0.5110561,0.39632037,0.42440605,0.046842895,0.013555954,0.028639916,0.019783514
0.11907144,0.15592402,0.22128883,0.4310084,1.0,0.5138588,0.35707647,0.48778525,0.08417006,0.047116663,0.05272814,0.07283755
0.53796786,0.36294588,0.2939235,0.3963988,0.7967451,1.0,0.6051662,0.40884185,0.16507909,0.21411557,0.23713824,0.32216176
1.0,0.45568532,0.5136637,0.7297226,0.7447054,0.67409223,0.53929293,0.6183668,0.53653175,0.9553322,0.6947145,0.91133046
0.33938193,0.19616437,0.3714918,0.9261313,1.0,0.78310776,0.9168227,0.9450641,0.63449234,0.45617178,0.26008502,0.27871352
0.029013917,0.034825325,0.05507366,0.15953328,0.28731704,0.40756887,0.71952826,1.0,0.9757099,0.5058747,0.13065788,0.033259258
0.0070650177,0.011795314,0.007947743,0.025241924,0.05019786,0.07386909,0.22102723,0.3746184,0.79509073,1.0,0.37815776,0.03917393
0.008921698,0.0076660635,0.0072836834,0.008696523,0.022235801,0.029179959,0.08220426,0.09654429,0.23119561,1.0,0.8301124,0.07987555
0.017291764,0.008538538,0.007449711,0.0061982875,0.016244167,0.021277752,0.028867666,0.049457014,0.2094019,1.0,0.7142814,0.08778507
0.016622767,0.0072671114,0.004920476,0.0062116887,0.013141714,0.008319272,0.01305643,0.06609809,0.6756272,1.0,0.15013546,0.023208814
0.025056297,0.0144899925,0.0027631724,0.00641584,0.011558754,0.006621189,0.010144568,0.06192788,0.71745676,1.0,0.13194536,0.020019867
0.009278405,0.012980959,0.0049284115,0.0061806547,0.013789648,0.008138668,0.00517394,0.026042344,0.49889532,1.0,0.1629595,0.0071202824
0.0045965463,0.0074098087,0.0018529003,0.0067362147,0.024531344,0.010944327,0.0062404857,0.011784424,0.33465442,1.0,0.15900086,0.0038934855
0.0015156561,0.0020789783,0.00047161686,0.0037617628,0.008956154,0.002297662,0.0015579954,0.005432892,0.26684636,1.0,0.21957281,0.005365427
0.0009069456,0.001053902,0.000454206,0.0023060422,0.006360975,0.0015842016,0.00047290264,0.0028706917,0.1942851,1.0,0.3546637,0.012567457
0.0033275904,0.0041269204,0.002451413,0.0039460664,0.033825554,0.014800704,0.0021049683,0.006945878,0.15575735,1.0,0.4161734,0.022387832
0.012955677,0.032497145,0.014317931,0.02546401,0.32806116,0.15695858,0.015103373,0.043971177,0.10120293,1.0,0.46835724,0.020659804
0.012493789,0.041253164,0.011075218,0.1481301,1.0,0.26224267,0.019360496,0.040233493,0.120049626,0.73406947,0.2585954,0.011187781
0.025629584,0.030266054,0.0102535365,0.3950176,1.0,0.11138492,0.023943672,0.025053717,0.23159881,0.46288145,0.053691085,0.0044396804
0.06842169,0.040106717,0.031667523,0.93464595,1.0,0.046091396,0.06886245,0.045770776,0.53507096,0.57062846,0.03408243,0.006308544
0.08271886,0.04627215,0.043599356,1.0,0.88840824,0.043981735,0.14044577,0.09824999,0.7691444,0.78653324,0.05166153,0.008553939
0.01788098,0.019570403,0.010350164,0.19841288,0.35777107,0.03667926,0.07617295,0.0976096,0.40038112,1.0,0.16005982,0.0063199303
0.0018323517,0.003593866,0.0015072991,0.0133697195,0.0712306,0.016343838,0.007115208,0.026964841,0.28815657,1.0,0.20553212,0.005061187
0.001650187,0.00094953226,0.00050905487,0.0021783926,0.015421512,0.0059200088,0.002499923,0.03434954,0.46791786,1.0,0.16311915,0.0046869004
0.0026614522,0.0016762627,0.00074231793,0.0016159983,0.0124381315,0.0062980307,0.0074455454,0.042829707,0.40523514,1.0,0.2190275,0.007337918
0.0014091354,0.002830182,0.0017252448,0.006584039,0.02245248,0.0066177314,0.0072140293,0.02750027,0.421122,1.0,0.19447778,0.0063186614
0.0010873852,0.001213186,0.0013643769,0.008404271,0.009725533,0.0015041253,0.0030460472,0.06783432,1.0,0.92975944,0.054810762,0.0029296721
0.001329696,0.0013023907,0.0011210531,0.006769568,0.0068954956,0.0014674033,0.0026033907,0.07018536,1.0,0.85923326,0.06427661,0.002564783
0.0016313237,0.0042988183,0.0018541394,0.004530608,0.010206127,0.0031836382,0.001994159,0.021079775,0.44678953,1.0,0.20266666,0.005681225
0.002780894,0.00580529,0.0021310723,0.003722809,0.012767636,0.006787234,0.0012242089,0.003360677,0.110401616,1.0,0.5659786,0.025850574
0.0029303415,0.0017873921,0.00095586735,0.0016615752,0.007925032,0.007588031,0.0005759762,0.0007721838,0.034597907,0.7886049,1.0,0.0793725
0.002379264,0.0010488331,0.00084307056,0.0010962997,0.005337461,0.005731489,0.0006152421,0.002391235,0.042642877,0.6791532,1.0,0.10728437
0.010259712,0.0059279995,0.005281216,0.00631731,0.018046767,0.008872056,0.0080794515,0.016131947,0.1130244,0.90337354,1.0,0.18571208
0.0394889,0.019352142,0.011219349,0.013453678,0.048938546,0.010813293,0.012911575,0.031118404,0.09062084,0.9222131,1.0,0.25027856
0.05562578,0.08289028,0.039977472,0.10634298,0.51734483,0.10453865,0.06047364,0.07025677,0.15095292,1.0,0.69585025,0.1370225
0.013822924,0.03668818,0.013399784,0.13514385,1.0,0.28520888,0.06941284,0.05830388,0.068404354,0.19923519,0.033476207,0.0057575754
0.010613054,0.03415122,0.012064053,0.10325708,1.0,0.36637494,0.039836306,0.037876185,0.028957518,0.11978506,0.038366534,0.005634337
0.008452499,0.043498125,0.029605567,0.056392893,1.0,0.87979114,0.04246836,0.021207461,0.0143469805,0.140682,0.14310743,0.01282178
0.005451018,0.03836784,0.034478355,0.017659757,0.6688541,1.0,0.043074343,0.004663014,0.0076071667,0.16863492,0.25180262,0.018530723
0.015515666,0.0819623,0.040693585,0.05472916,1.0,0.9846067,0.031470653,0.0053723496,0.043236263,0.4731484,0.41580632,0.022806702
0.1090346,0.11352275,0.07023051,0.3697144,1.0,0.4266779,0.01799211,0.083238885,0.43561125,0.61205304,0.21605264,0.034369636
0.20263949,0.042973258,0.2812425,0.64201087,0.2430144,0.07049926,0.02970146,0.4795851,1.0,0.19863757,0.022414384,0.15578693
0.2886555,0.04831889,0.32420108,0.5813038,0.07435827,0.03099498,0.038741775,0.55720156,1.0,0.117113404,0.020631002,0.23771527
0.53643,0.43806148,0.30370018,0.6340878,0.6062944,0.20246457,0.09776983,0.2753178,1.0,0.83980083,0.25423542,0.21547408
0.12540567,0.50531954,0.19872378,0.13324569,0.8422657,0.436276,0.030849684,0.026290514,0.16231285,1.0,0.70566446,0.07151751
0.029092085,0.19227202,0.12269786,0.05853308,0.49929363,0.3610984,0.01292823,0.011236869,0.06688596,0.8931555,1.0,0.10139997
0.030166902,0.10221339,0.08732573,0.117891155,0.41478896,0.22014116,0.024615724,0.066290125,0.26754105,1.0,0.9208653,0.10929436
0.18472077,0.8399134,0.8111077,0.6832712,0.55886185,0.451422,0.4857485,0.7505974,1.0,0.85323495,0.93512446,0.24377178
0.34105605,0.3883316,0.3278507,0.46678025,0.7775889,0.5027576,0.27218544,0.34533268,0.6136582,1.0,0.8561338,0.5360345
0.3650231,0.38932526,0.17879352,0.23777166,0.6108248,0.4324501,0.23328911,0.25159442,0.49636242,1.0,0.82737243,0.6757029
0.48231992,0.52697873,0.38742983,0.5211654,0.51411706,0.25462914,0.19601439,0.17593734,0.20020781,0.67043304,1.0,0.7174505
0.252347,0.28002897,0.5897623,1.0,0.38135356,0.102977864,0.0869692,0.06735485,0.1061148,0.25557122,0.3920786,0.38431412
0.15116005,0.34740654,1.0,0.5170478,0.15354206,0.0744207,0.049369264,0.041072913,0.08554549,0.14388819,0.42720458,0.5988338
0.31245098,0.33476403,0.7101438,0.2982871,0.068040766,0.049682066,0.039649755,0.04561109,0.081489235,0.13622303,0.5236857,1.0
0.35123152,0.183454,0.30495226,0.30703926,0.16803016,0.1199854,0.101112865,0.09307465,0.11720491,0.16075587,0.6019356,1.0
0.26765788,0.70941764,0.50835854,0.15355524,0.15479246,0.13636567,0.15151154,0.18606159,0.22595425,0.3806616,1.0,0.7161709
0.3748589,1.0,0.66879106,0.23329327,0.307478,0.11762366,0.08723108,0.18926851,0.20977813,0.6053173,0.7658808,0.5575475
0.5000303,0.47698203,0.17872909,0.21390583,0.21585949,0.077547744,0.06592982,0.12209208,0.15966615,0.4659532,0.8075777,1.0
0.6926168,0.18368898,0.08307605,0.04815117,0.023290657,0.022399178,0.032584887,0.03401034,0.02074439,0.14380777,0.48460367,1.0
0.62102294,0.09647654,0.041366182,0.021515643,0.018221622,0.0130821625,0.01576931,0.013649524,0.015214283,0.10180395,0.5012011,1.0
0.38705656,0.07113433,0.031862855,0.027200798,0.02939303,0.03673752,0.022431863,0.00946165,0.018276399,0.14721699,0.69188607,1.0
0.39801145,0.08757125,0.049116477,0.05493144,0.08183481,0.110938326,0.07797574,0.05533967,0.09431506,0.3823892,0.991486,1.0
0.52293074,0.28082302,0.19558164,0.1876664,0.2266611,0.30785084,0.29856458,0.34523916,0.49652335,0.74565905,1.0,0.8709479
0.75313383,0.36392674,0.31670824,0.39817432,0.58710253,1.0,0.5313294,0.5148707,0.45366603,0.7132199,0.40704316,0.51454186
0.6265487,0.41881472,0.38162795,0.44209537,0.60959536,1.0,0.6007121,0.5442926,0.4170078,0.61616385,0.25464845,0.291993
0.5771184,0.38465255,0.3761906,0.41676286,0.53586584,1.0,0.5875195,0.5059121,0.3793479,0.5600847,0.27251965,0.28622347
0.58447266,0.33498743,0.3181366,0.38096744,0.50167304,1.0,0.5611906,0.4794665,0.35424447,0.51075417,0.23840973,0.28847396
0.5658309,0.31583792,0.2919918,0.35159904,0.48281795,1.0,0.5642096,0.47255206,0.33435223,0.46746063,0.2141661,0.2635166
0.53457844,0.3124494,0.29280484,0.35292172,0.45027122,1.0,0.55545056,0.46929914,0.31263155,0.42005995,0.19846563,0.22697721
0.5215423,0.31053066,0.2853816,0.36244252,0.4741715,1.0,0.5394304,0.4528951,0.30679062,0.4024199,0.210932,0.24676567
0.5198639,0.32694086,0.3175722,0.40233332,0.603803,1.0,0.55352676,0.4421348,0.34896287,0.39692912,0.26509288,0.32959604
