0.06181269,0.122706294,0.18855354,0.31834236,0.59431064,1.0,0.9460423,0.6169815,0.778528,0.46975392,0.301008,0.11653529
0.059302155,0.078520305,0.12636104,0.28030238,0.47831383,0.854972,1.0,0.82671744,0.9802667,0.451419,0.28552136,0.11183345
0.061064705,0.03228433,0.07070085,0.14770596,0.11721666,0.21061555,0.74721295,1.0,0.81350553,0.3872355,0.17697227,0.084733605
0.11963942,0.042180773,0.104166746,0.1998289,0.11055052,0.20073457,0.7224351,1.0,0.9523399,0.46385798,0.26931387,0.21029425
0.07083543,0.018646052,0.05663264,0.14263624,0.07951443,0.09939447,0.26082203,0.65297335,1.0,0.4589918,0.19869447,0.19574001
0.039922208,0.014248876,0.039272163,0.13212623,0.13677254,0.08374475,0.1238403,0.6353902,1.0,0.4439318,0.18041693,0.14317848
0.051837478,0.02475996,0.065475166,0.16064253,0.20159526,0.14182921,0.16491532,0.43421188,1.0,0.6337681,0.17660433,0.1398736
0.046263546,0.021786312,0.086008005,0.14522532,0.18255022,0.13620593,0.17510621,0.57037234,1.0,0.69262606,0.16352414,0.09072828
0.01633132,0.007006904,0.02212232,0.0762887,0.08505154,0.051950447,0.08150191,0.6792687,1.0,0.44356802,0.054545637,0.04016946
0.017943272,0.0057292744,0.017822739,0.09237893,0.07438107,0.04676152,0.10313162,0.8055237,1.0,0.40582722,0.049650323,0.04447182
0.017700156,0.0049542873,0.017855471,0.06670841,0.036814317,0.048974592,0.08628513,0.5390006,1.0,0.25467083,0.05205624,0.046053234
0.014535667,0.0048694867,0.018916564,0.038977034,0.03113539,0.040533792,0.054440893,0.44774756,1.0,0.20399539,0.041773025,0.033826254
0.016948318,0.007948711,0.027455706,0.04894006,0.04197037,0.05801617,0.14040916,0.41067132,1.0,0.3213598,0.03748186,0.022384325
0.029121188,0.010171247,0.02859945,0.067329295,0.054225724,0.08904792,0.27571058,0.4265011,1.0,0.36222273,0.056491848,0.045987535
0.048538014,0.018238414,0.04027769,0.101047285,0.06641194,0.10805636,0.31937692,0.4528961,1.0,0.45100927,0.08376883,0.09012093
0.0748519,0.033836097,0.045886025,0.13084519,0.08703354,0.10297616,0.22960202,0.36767736,1.0,0.4339359,0.13316235,0.117873475
0.44813398,0.3021221,0.11898984,0.17744564,0.15498686,0.15123464,0.31306687,0.7470059,1.0,0.47961685,0.21729739,0.38555333
1.0,0.48398668,0.14908198,0.16518365,0.14310625,0.1285493,0.15542994,0.49398082,0.4449756,0.24900238,0.15288377,0.32647792
1.0,0.7242377,0.25674835,0.22410516,0.2047545,0.11453311,0.13275424,0.2323029,0.2788889,0.1829223,0.1855478,0.39443013
0.8247481,1.0,0.8347866,0.56084126,0.52217764,0.6557635,0.5061679,0.36209026,0.40460223,0.34541747,0.37263346,0.64128786
0.12572145,0.10521967,0.2038069,0.17016667,0.37638187,0.6304388,1.0,0.674613,0.25880724,0.11673043,0.21482722,0.17261238
0.13931948,0.08076375,0.057086773,0.1258598,0.2719389,0.4917051,1.0,0.86528796,0.22157459,0.44734347,0.94089943,0.3869096
0.44522005,0.21527444,0.13085295,0.19230108,0.29991844,0.4421291,0.9516566,1.0,0.28784975,0.43725833,0.91647,0.7134924
0.526221,0.3169526,0.19563639,0.1547644,0.2131326,0.3206293,0.81855464,0.9663252,0.2728276,0.25628835,0.7627294,1.0
0.31492868,0.13763964,0.10166066,0.08901545,0.11867784,0.19459026,0.3980671,0.454586,0.13292535,0.16539285,0.7050332,1.0
0.29722896,0.08812195,0.03861602,0.04048228,0.070990875,0.1397026,0.23733895,0.30048442,0.15415248,0.121028975,0.5638247,1.0
0.30855843,0.09969117,0.043203246,0.04147149,0.04792078,0.08780007,0.2168506,0.3522654,0.29843977,0.1667801,0.49925384,1.0
0.06304375,0.014999141,0.013847156,0.018227752,0.019196276,0.060513016,0.079826795,0.04247291,0.062150754,0.1327033,1.0,0.8542193
0.023019157,0.0066265743,0.005653426,0.0030527294,0.007541074,0.042866815,0.023568198,0.0070024114,0.013757701,0.21927807,1.0,0.36345193
0.06808271,0.038766243,0.017501688,0.0056790165,0.00923326,0.035885952,0.018905245,0.015282326,0.029751342,0.35988432,1.0,0.32172477
0.39674938,0.48286885,0.26031995,0.08407257,0.06415919,0.064921856,0.078114964,0.11795515,0.18797328,0.7806086,1.0,0.68303865
0.2472115,0.24258128,0.23104279,0.17174058,0.17660016,0.14788412,0.21028972,0.34537846,0.2825666,0.44802526,1.0,0.63770705
0.21889548,0.17798406,0.16835421,0.13698815,0.17967176,0.15763128,0.17247102,0.30068734,0.35331336,0.566133,1.0,0.61173564
0.15775964,0.14393963,0.13020587,0.16973795,0.3441798,0.3436624,0.25589097,0.3970715,0.4474283,0.72216964,1.0,0.56696594
0.07525123,0.095513396,0.14046292,0.102581434,0.13160414,0.18537731,0.1600399,0.2926292,0.44734532,0.6119258,1.0,0.40795887
0.06342334,0.09698433,0.15143399,0.11747675,0.124455854,0.14862116,0.16668646,0.3647899,0.63804406,0.7814586,1.0,0.390365
0.08261378,0.08163941,0.07985197,0.14218546,0.16096428,0.16229962,0.17092918,0.6405055,0.9341356,1.0,0.90937966,0.27277684
0.10633826,0.12287173,0.0937734,0.18542887,0.18193428,0.13747072,0.21485972,0.7829679,1.0,0.64599377,0.67182666,0.2541809
0.20094347,0.2683109,0.23020057,0.24499021,0.30818772,0.38808107,0.5998248,0.86263937,1.0,0.51909,0.5752226,0.25328878
1.0,0.4146323,0.18130447,0.24127856,0.31580678,0.51721,0.5821892,0.51762706,0.4581251,0.44701213,0.58922327,0.93472123
0.54150707,0.12385883,0.071212344,0.109473854,0.1802667,0.20624356,0.14357418,0.19778074,0.22741902,0.2615965,0.52607304,1.0
0.3112082,0.11614924,0.20352097,0.28640154,0.30658,0.31322402,0.30558738,0.34736758,0.24651146,0.49569532,1.0,0.89131993
0.36617276,0.41836354,0.67911536,0.5968071,0.5115098,0.579826,0.9548236,0.8125986,0.6174821,0.89716524,1.0,0.469931
0.6913821,0.6932106,0.9763588,0.9222399,0.49849266,0.49177268,0.88451517,0.9994395,0.9072742,0.96705616,1.0,0.6881213
0.4640261,0.3803394,0.5279057,0.4623702,0.25469074,0.30788088,0.53454447,0.5645602,0.41735253,0.7115929,1.0,0.49703988
0.39541808,0.2645944,0.22747323,0.19372945,0.33105528,0.41928035,0.43526548,0.30239636,0.32088715,0.50366354,1.0,0.6222073
0.4511213,0.32796082,0.3635908,0.42887777,0.53076756,0.63843,0.5538079,0.5209858,0.805028,0.74957997,1.0,0.7843995
0.47949904,0.38895205,0.6444982,0.64367336,0.4916856,0.8341172,0.72823846,0.5034232,0.7101336,0.8067649,1.0,0.8150329
0.48372036,0.3186585,0.26965344,0.22346485,0.22210605,0.33783722,0.3372633,0.25594524,0.28871185,0.46131265,0.8732005,1.0
0.59759223,0.3471668,0.14932969,0.14756787,0.19710112,0.2190476,0.2329054,0.23678182,0.25023237,0.38702258,0.9984796,1.0
0.92333156,0.63182276,0.30831823,0.25902757,0.2907921,0.32091263,0.45670852,0.51659787,0.4009943,0.47495326,1.0,0.9644846
0.55155015,0.47369137,0.3077302,0.2940385,0.20299764,0.28587544,0.5402434,0.60255325,0.35558787,0.5280166,1.0,0.7382598
0.32871914,0.22228292,0.13632785,0.09837773,0.10102281,0.22084072,0.2594705,0.31610525,0.2935847,0.49633855,1.0,0.5334931
0.22078733,0.14269131,0.112014204,0.1295426,0.1303167,0.22574472,0.21171284,0.1989373,0.3776157,0.6440307,1.0,0.50723785
0.26047587,0.15836558,0.13287617,0.21680883,0.25935945,0.3447556,0.36301398,0.30458927,0.48861068,1.0,0.8678072,0.579496
0.45471555,0.35020438,0.35781327,0.2981532,0.2172599,0.35536933,0.38782525,0.3616928,0.48460618,0.71802264,1.0,0.7758614
0.45497155,0.39528933,0.43284664,0.3763237,0.30887285,0.39633647,0.42350212,0.47102427,0.6130138,0.8872212,1.0,0.6752771
0.25655243,0.19658044,0.24176466,0.2352785,0.25614536,0.25773457,0.28638372,0.4855634,0.50864285,0.8656964,1.0,0.74635786
0.117886186,0.079923436,0.1473503,0.14781918,0.1620581,0.18737996,0.24948558,0.7762397,0.70772547,0.5466513,1.0,0.4569654
0.13412139,0.09341825,0.11986412,0.09449184,0.11073777,0.18069026,0.31928387,0.7183754,0.7622218,0.69536304,1.0,0.3635339
0.26193634,0.15238686,0.10428623,0.12232317,0.14932194,0.21143046,0.41953605,0.5555977,0.76192224,0.72491735,1.0,0.70402783
0.19974247,0.17073736,0.10458107,0.101009555,0.13391991,0.36023435,0.9519396,1.0,0.4582965,0.31512663,0.6495411,0.60103685
0.04841895,0.056149457,0.08582195,0.11489218,0.12767774,0.22763596,0.61698866,1.0,0.6269006,0.34049988,0.42233127,0.17934266
0.08439237,0.16092493,0.297783,0.2752781,0.2264365,0.20258076,0.6290498,1.0,0.81237835,0.4721993,0.54630435,0.2584193
0.1926215,0.42732304,0.73967844,0.5169294,0.4092363,0.38152584,0.9538229,1.0,0.7227139,0.42108068,0.50880593,0.27195928
0.5462107,0.55226034,0.5019186,0.33258152,0.27457458,0.44972175,0.76630676,1.0,0.6035362,0.6921276,0.6452697,0.42946994
0.9104266,0.5460722,0.46067774,0.4596499,0.43025234,0.42596605,0.36821634,0.32735762,0.3228568,0.51664495,0.56652784,1.0
0.42936942,0.27316552,0.66092736,1.0,0.4104779,0.3161223,0.43281034,0.25911784,0.17882462,0.12633097,0.11622644,0.25808084
0.09763694,0.07693794,0.29818347,1.0,0.84685683,0.27307725,0.24346972,0.13209844,0.112958066,0.14928693,0.09015658,0.06731375
0.23637155,0.117330454,0.22801755,0.81713,1.0,0.3938085,0.3138558,0.14684883,0.072810225,0.14513408,0.18225859,0.33639237
0.6019017,0.13513976,0.35133252,0.95719606,0.73249805,0.6166485,0.5076606,0.22849838,0.071297705,0.082941,0.19422805,1.0
0.16222483,0.10300571,0.29989234,0.51160306,0.778888,1.0,0.24471359,0.09498807,0.07519714,0.124888815,0.23199874,0.30586812
0.11236963,0.4371122,0.87723166,0.91830826,1.0,0.84657496,0.43528998,0.19407856,0.11549442,0.18186343,0.1568802,0.07935798
0.630546,1.0,0.97104585,0.46103033,0.78954846,0.9099128,0.75639766,0.31238997,0.0993545,0.0853318,0.07250583,0.3083043
0.77145,0.15511122,0.07420695,0.07214463,0.5236418,0.54999703,0.20650582,0.12397104,0.08916246,0.082955256,0.13385627,1.0
0.8637492,0.16019106,0.029949658,0.02979226,0.13797796,0.26793382,0.2037188,0.109181896,0.05235624,0.0717523,0.17875357,1.0
0.7767703,0.24968533,0.07856856,0.08574715,0.113670975,0.25228554,0.4225012,0.3090131,0.18590865,0.29691392,0.63734555,1.0
0.319761,0.035649735,0.018512098,0.03673531,0.045542426,0.0490238,0.09613946,0.086434916,0.095140696,0.10311848,0.5841861,1.0
0.19145504,0.018277578,0.0133645255,0.026699344,0.06748009,0.06596237,0.06447422,0.059575323,0.16347843,0.41628316,1.0,0.84792405
0.05303132,0.008683022,0.012815356,0.037847925,0.11222197,0.07914263,0.066364884,0.17417681,0.5505099,1.0,0.6489218,0.20754291
0.016242055,0.0132026905,0.021693384,0.055351987,0.20230146,0.67297566,1.0,0.7865976,0.53923196,0.3829388,0.18440785,0.039094817
0.00851427,0.005963956,0.005330066,0.03156971,0.36131713,1.0,0.49748647,0.09655656,0.02653807,0.021138614,0.014768514,0.009417651
0.008554874,0.006663029,0.004184381,0.046925798,0.5238131,1.0,0.22857864,0.040967654,0.025956884,0.016608339,0.011970406,0.0063811378
0.029913945,0.035822935,0.017381793,0.07147079,0.45611724,1.0,0.7142632,0.46892786,0.37704682,0.17596635,0.08270553,0.03479968
0.07059,0.037369456,0.023941902,0.044899598,0.11046503,0.18351784,0.2658856,0.6064969,1.0,0.44241846,0.130587,0.08192642
0.13382252,0.027500654,0.019788913,0.035528596,0.05006925,0.053466067,0.10889402,0.25776258,1.0,0.69140863,0.17185175,0.06817035
0.1942617,0.025904896,0.024158724,0.05674267,0.061071713,0.09676854,0.3196088,0.7280859,1.0,0.5850338,0.16664062,0.1164221
0.11577164,0.018485785,0.018942274,0.043072846,0.10957074,0.41861817,1.0,0.92618847,0.33883706,0.09167518,0.05003928,0.09105793
0.05004179,0.038721506,0.08773723,0.24186596,0.56632227,0.9958744,1.0,0.39155337,0.07810738,0.04402949,0.036767658,0.06887161
0.16002265,0.26515964,0.59150064,1.0,0.8060017,0.5465732,0.3841817,0.15602642,0.05770726,0.05002961,0.07779962,0.16723044
0.7540655,0.81567335,0.9581841,1.0,0.6823724,0.41814727,0.43588936,0.32021782,0.31652406,0.24732514,0.31690007,0.5949408
0.81006616,0.48309472,0.46308753,0.5207528,0.4888388,0.8572309,0.9933376,0.4883028,0.66635025,0.56075263,0.70147073,1.0
0.65725225,0.3960533,0.35369933,0.52999383,0.7944587,1.0,0.8985648,0.48486966,0.52295405,0.50223255,0.6610301,0.8857906
0.5962881,0.3465766,0.34331703,0.7213623,0.8302961,1.0,0.9082056,0.5895439,0.5270683,0.40268975,0.49785548,0.73601234
0.50525665,0.33282676,0.29041234,0.46862584,0.5097649,0.6845506,1.0,0.8709148,0.832294,0.6826248,0.54220706,0.4482016
0.6100221,0.36410844,0.2918057,0.33200508,0.3594176,0.41937664,0.30500093,0.14049499,0.18642245,0.27837536,0.77759993,1.0
0.120604016,0.04926663,0.04484383,0.050441068,0.055875532,0.09398982,0.07210647,0.06350425,0.077887446,0.40631002,1.0,0.5688802
0.031311,0.018537465,0.015904542,0.009836854,0.023986232,0.068524025,0.049637903,0.07188855,0.07591001,0.48821208,1.0,0.30226615
0.31517205,0.039318852,0.019699356,0.018666022,0.031032322,0.11672503,0.18228814,0.07890379,0.055287268,0.3081735,0.90229094,1.0
1.0,0.3135186,0.09526828,0.030978909,0.021106625,0.03608063,0.13285059,0.12826283,0.07909323,0.066544145,0.20802478,0.9260033
0.560197,1.0,0.50467765,0.06479419,0.042586736,0.037933525,0.044494636,0.17543505,0.3196754,0.14369278,0.04830136,0.15410526
0.07325608,0.7721837,1.0,0.21594894,0.055817068,0.03474495,0.03005531,0.08293889,0.26541933,0.15470731,0.03838272,0.012620446
0.33576417,1.0,0.64333713,0.12214117,0.032309968,0.031800088,0.023440069,0.15791781,0.4405395,0.1605806,0.027019197,0.044816356
1.0,0.61070615,0.079888165,0.008315186,0.021048814,0.024212208,0.058218274,0.33282897,0.2816691,0.046401545,0.030784952,0.27466
1.0,0.22087035,0.015221394,0.006669914,0.013383744,0.028536234,0.101761416,0.21768013,0.05362153,0.026902478,0.1536626,0.818992
0.368577,0.045096137,0.016322978,0.00830704,0.011929055,0.040820736,0.076708674,0.06546465,0.022846028,0.061846595,0.441512,1.0
0.4234128,0.047877345,0.043644283,0.011378878,0.012971301,0.04400935,0.085401766,0.040251177,0.022745565,0.056033388,0.41885734,1.0
1.0,0.9119512,0.51946986,0.084284425,0.09177747,0.122628085,0.066989325,0.06437874,0.04019834,0.054293804,0.23492685,0.521324
1.0,0.7915978,0.20240372,0.05819334,0.14763911,0.22578855,0.112216935,0.1956048,0.13550276,0.07694454,0.12506387,0.27612373
1.0,0.28134072,0.04673808,0.13882428,0.39110154,0.31210402,0.28871232,0.5828204,0.37994456,0.12541968,0.16567686,0.38545272
1.0,0.22176607,0.038709126,0.27145576,0.8252923,0.40269965,0.45976132,0.49794164,0.21274538,0.09227649,0.087990746,0.43085173
0.8614899,0.16021472,0.044638872,0.23233016,0.68481654,0.49663958,1.0,0.56498796,0.20468459,0.1852797,0.13486256,0.50571966
0.26276302,0.066350825,0.09138472,0.13609548,0.13176416,0.34021306,1.0,0.704468,0.2558026,0.11839968,0.14888327,0.36651462
0.048495706,0.03196405,0.10530601,0.09320318,0.09777078,0.6143455,1.0,0.5998995,0.18236603,0.044986226,0.083332896,0.11332089
0.030044787,0.02314019,0.0733223,0.059166264,0.094819225,0.68109125,1.0,0.3187836,0.09978921,0.035110876,0.069804884,0.06768965
0.15102716,0.040504254,0.050185695,0.13635884,0.13869487,0.42781964,1.0,0.38334268,0.1024613,0.13340563,0.08135697,0.15087909
0.8308743,0.15414162,0.08515477,0.3740907,1.0,0.39100653,0.76254016,0.8186278,0.24103713,0.45752355,0.2856211,0.3161598
0.4304643,0.17093207,0.065385826,0.19106837,1.0,0.3062943,0.06748094,0.220164,0.13378331,0.21723348,0.22165164,0.084335126
0.435394,0.18272185,0.07519949,0.16538665,1.0,0.28144878,0.054676324,0.14452109,0.084311955,0.114044145,0.13131334,0.06901539
0.3687592,0.11572974,0.04084924,0.25752977,1.0,0.18887143,0.06496603,0.1356793,0.041065864,0.060585964,0.06866584,0.08828715
0.30542165,0.0798983,0.0882441,0.64156735,1.0,0.2621963,0.31059882,0.23915268,0.051296048,0.21962368,0.49165326,0.5029796
0.09336274,0.059098057,0.047027025,0.13578999,0.12477568,0.16487496,0.18344958,0.07942442,0.075462416,0.35719526,1.0,0.57252485
0.30692378,0.19469996,0.23632483,0.47575653,0.5266533,0.382521,0.34580818,0.35344633,0.30032378,0.61917114,1.0,0.5756779
0.19567193,0.28011692,0.6615571,1.0,0.4567534,0.40286607,0.42657444,0.27020803,0.14269502,0.15353021,0.13467753,0.08132279
0.16742155,0.21655352,0.70877105,1.0,0.32377803,0.3225327,0.40972027,0.21610792,0.14682563,0.30539232,0.26980117,0.09937183
0.40253907,0.32315698,0.5780077,0.74863917,0.6844468,0.49435636,0.51370144,0.25942355,0.23555449,1.0,0.96775824,0.24878739
0.88791275,0.4307124,0.40400082,0.49676597,1.0,0.5228178,0.41012764,0.26652136,0.24066511,0.55162424,0.5732669,0.3241058
1.0,0.31479698,0.21626514,0.38985133,0.8116412,0.50576925,0.5595141,0.32271186,0.22551318,0.25434235,0.285537,0.36101592
0.35549885,0.18232393,0.10584931,0.27581725,1.0,0.5125547,0.3309791,0.2016828,0.21403253,0.19353339,0.26958847,0.20726219
0.21845236,0.11811018,0.100937255,0.3619937,1.0,0.41338506,0.39398596,0.4437502,0.28944173,0.2732239,0.25212705,0.21756308
0.45971802,0.1655339,0.1351531,0.40208077,1.0,0.7150725,0.8224489,0.7461016,0.34735715,0.2543309,0.33530384,0.40955418
0.43755475,0.15206195,0.12227783,0.3896342,1.0,0.612103,0.9753613,0.7905717,0.2810848,0.25597224,0.49202758,0.34049723
0.4651233,0.12810571,0.14778152,0.60326844,1.0,0.5784338,0.8295719,0.5030368,0.24099948,0.37006736,0.39256573,0.35245004
0.19630083,0.06841751,0.0670325,0.33152804,1.0,0.34396884,0.27749678,0.1332426,0.058894634,0.14812505,0.30384716,0.15826131
0.08843413,0.039211895,0.036006007,0.23824824,1.0,0.28364858,0.23412637,0.08986776,0.048088398,0.06320807,0.10655606,0.06422299
0.094617434,0.032136563,0.035647128,0.25661924,1.0,0.24169455,0.24275674,0.1350844,0.050573736,0.03900394,0.029196944,0.060442906
0.25024864,0.10473697,0.06921614,0.22854942,1.0,0.24363519,0.36592767,0.19708344,0.05899504,0.080641285,0.15683344,0.17802577
0.55658734,0.22661088,0.17795628,0.3502145,1.0,0.5017749,0.6664554,0.46265483,0.25631943,0.34591627,0.62995434,0.38035244
0.6366247,0.3423006,0.22422008,0.40505522,1.0,0.9096374,0.7282906,0.46509403,0.43974888,0.6814254,0.67559195,0.57692456
0.39613092,0.25754583,0.15896188,0.40565732,1.0,0.49174145,0.6019564,0.25123885,0.2742223,0.451431,0.540113,0.49056742
0.64398164,0.496941,0.3925405,0.45472732,0.94409156,0.5684302,0.9117957,0.8004556,0.7614192,0.97488546,1.0,0.6766938
0.33543828,0.37446842,0.36700413,0.2769113,0.675161,0.4101661,0.65838706,1.0,0.757319,0.65976393,0.6255212,0.426157
0.37931162,0.41934738,0.39309737,0.36774066,0.68032396,0.46265468,0.5503741,1.0,0.7922008,0.80146277,0.53824294,0.47212848
0.41993353,0.44405067,0.43571427,0.4963272,1.0,0.69272405,0.57501024,0.74931693,0.7582686,0.9689601,0.6596399,0.36228883
0.40982434,0.31086794,0.34137845,0.43082017,0.57801783,0.7607678,1.0,0.6822505,0.51869416,0.8018212,0.5986862,0.33055252
0.250536,0.26330552,0.2669713,0.27351746,0.43449992,0.5656252,1.0,0.6406829,0.52223456,0.8864221,0.6102646,0.24475528
0.3534141,0.52460855,0.29254356,0.3622345,0.610008,0.5346598,0.5937145,0.6049907,0.6864,1.0,0.80340004,0.36141214
0.26171362,0.32625228,0.24155398,0.3523444,0.5842745,0.35835835,0.39735404,0.49650848,0.76989317,1.0,0.65003425,0.2670736
0.20708577,0.17693385,0.20312524,0.361096,0.6026473,0.29825133,0.2448519,0.48589107,1.0,0.88454443,0.56392264,0.30671382
0.14145264,0.08469301,0.08732137,0.21363732,0.326519,0.20524998,0.14978015,0.19543616,0.5973397,1.0,0.49717912,0.18138684
0.096551366,0.07767176,0.04823496,0.10434359,0.18885885,0.14551859,0.10354726,0.074239835,0.3571733,1.0,0.3508368,0.08971957
0.2095276,0.13265888,0.15357473,0.8086274,0.7873011,0.33972964,0.24007818,0.15093409,0.5114887,1.0,0.4388335,0.206123
0.0716408,0.045359913,0.10801112,1.0,0.7212012,0.12926038,0.08422024,0.07472799,0.15830626,0.192851,0.11936629,0.076784894
0.0596103,0.050458714,0.12023772,1.0,0.87186754,0.30386984,0.20825657,0.1571055,0.20283143,0.2057446,0.18390718,0.11742076
0.105324365,0.10322255,0.19642347,0.87220067,1.0,0.87111837,0.5234061,0.24415506,0.1657583,0.1926973,0.36924583,0.23835738
0.23595805,0.25911856,0.36921534,1.0,0.9498909,0.91517097,0.55292994,0.26006648,0.17345,0.19932997,0.476943,0.37492713
0.13837995,0.17249845,0.2634226,0.6760098,1.0,0.6488355,0.325316,0.11311436,0.05313342,0.088422224,0.18408646,0.17604439
0.027667176,0.022135561,0.03799814,0.24938676,1.0,0.66908586,0.07855352,0.03191582,0.01105414,0.021834008,0.043724794,0.05407844
0.006173333,0.0017867415,0.0020597973,0.027249197,0.60223687,1.0,0.070256285,0.0036587187,0.0020304585,0.00160005,0.0019985756,0.007488587
0.0035866706,0.0005456852,0.00043449338,0.008457323,0.41229004,1.0,0.096349515,0.000896619,0.0005896481,0.00046327477,0.00064874266,0.002822973
0.0010150437,0.00046561926,0.0032140384,0.022262357,0.33121634,1.0,0.1105361,0.00094455504,0.00023509683,0.00020574695,0.0003813979,0.0006349206
0.0021132815,0.0031006357,0.03476325,0.20200732,0.5240505,1.0,0.096799105,0.0034172563,0.00163438,0.0015189266,0.0021640323,0.00237159
0.026024163,0.028614812,0.1222777,0.5903377,1.0,0.731965,0.079876564,0.027537854,0.015485052,0.013311668,0.017390937,0.028509835
0.22531602,0.62219733,1.0,0.7030874,0.7566779,0.72469574,0.29056698,0.20836473,0.17795634,0.1848871,0.17167312,0.21279491
0.49898976,0.62212104,1.0,0.7007987,0.6327682,0.9242868,0.3861174,0.2856782,0.29889995,0.4979765,0.7817229,0.7478608
0.84233826,0.65543556,0.43512055,0.41318646,0.22708945,0.25191098,0.1751272,0.13806252,0.2325716,0.47466546,0.68186283,1.0
0.9096984,0.76931465,0.51172304,0.6464015,0.2621903,0.20467849,0.18080981,0.16940698,0.2955144,0.72551316,0.9251892,1.0
0.14250273,0.10156445,0.21904683,0.28206354,0.09301655,0.16881475,0.14051215,0.12613058,0.20235558,0.6254846,1.0,0.39722908
0.026728801,0.011900534,0.030964924,0.038994007,0.03601356,0.103840336,0.070120126,0.04430107,0.07010747,0.57307243,1.0,0.24628535
0.014536438,0.0034997135,0.0033075546,0.0045896377,0.020558508,0.088990614,0.038323015,0.013067479,0.032586467,0.4297204,1.0,0.19986905
0.074597865,0.003030356,0.0009705231,0.0006861705,0.008278597,0.09113195,0.061623313,0.0034442933,0.007806193,0.17474113,1.0,0.63937867
0.12533192,0.002711532,0.0009905662,0.00045899762,0.0030095535,0.081500694,0.12211212,0.008487504,0.00405653,0.072490044,0.82459563,1.0
0.12925978,0.004232764,0.0010082029,0.00049674686,0.003626634,0.06380573,0.088476725,0.009021683,0.012103181,0.062374696,0.690455,1.0
0.25105694,0.011105427,0.0056698886,0.010903555,0.005286126,0.023712957,0.04880854,0.0099744825,0.009054352,0.024144543,0.35356545,1.0
0.5186053,0.031194717,0.01167843,0.049563892,0.037268106,0.014885308,0.06918044,0.038733207,0.005249319,0.008434361,0.18829302,1.0
1.0,0.18669051,0.026662383,0.043232385,0.037568778,0.010026783,0.057947356,0.07004356,0.015398435,0.013229329,0.07775708,0.8095466
1.0,0.4948369,0.03636689,0.005096086,0.0066976594,0.017070929,0.034465093,0.042996317,0.02586309,0.014496109,0.017340293,0.27402967
1.0,0.56257826,0.032745615,0.004247454,0.0059222607,0.024990309,0.0543539,0.04446369,0.027153732,0.01365715,0.012120862,0.16747169
1.0,0.4501042,0.034293327,0.0065655024,0.0049943742,0.029347017,0.053877067,0.03908739,0.020314889,0.014216332,0.015523261,0.24327202
1.0,0.23710416,0.017119631,0.00874174,0.007803911,0.05040725,0.05691847,0.046051785,0.02378557,0.028663931,0.05028822,0.5232769
0.81297964,0.091340356,0.011231147,0.0037915811,0.014050975,0.08577411,0.087848075,0.04949134,0.032274812,0.060315166,0.17103286,1.0
0.63581,0.037345827,0.018077478,0.009514078,0.014556353,0.07190777,0.066718966,0.033266954,0.028692445,0.05646615,0.2003338,1.0
1.0,0.13619362,0.011041665,0.008726378,0.014896365,0.080640286,0.06995709,0.051811643,0.040279027,0.05383621,0.1277937,0.8865086
1.0,0.32990292,0.017764516,0.005038782,0.0072837225,0.04893162,0.076969504,0.060766377,0.036377233,0.025734872,0.03078209,0.3708318
1.0,0.6434203,0.07313012,0.0056795157,0.0043489733,0.01351711,0.028095579,0.058446337,0.043047898,0.01649339,0.017873658,0.20569596
1.0,0.7522056,0.21278682,0.015447721,0.001998787,0.0029432564,0.0070679076,0.035600875,0.03141246,0.02292952,0.1342465,0.5697256
0.25457713,0.16488215,0.124199666,0.02482333,0.0028119085,0.0037882775,0.008204629,0.017556936,0.023486637,0.11181861,0.73830533,1.0
0.21441582,0.017674457,0.0050623617,0.005573346,0.005090901,0.011423421,0.025271762,0.077750005,0.23665002,0.6863025,1.0,0.7706731
0.57538867,0.107436866,0.025737401,0.019768398,0.03571869,0.109573215,0.2721804,0.5616567,0.9226729,1.0,0.358591,0.43817696
1.0,0.2891671,0.03168829,0.017346175,0.015254015,0.03344143,0.069539696,0.052542675,0.030731967,0.04096875,0.09804181,0.5878796
1.0,0.15939172,0.03340123,0.022084309,0.01705315,0.022884995,0.05776948,0.06271241,0.044544253,0.029635921,0.1308077,0.8908564
0.7954115,0.38525772,0.4583137,0.30589402,0.26874802,0.3706697,0.6584499,0.79983526,0.6150765,0.37608308,0.3776104,1.0
0.7326972,0.34109393,0.29497743,0.1648913,0.19712088,0.34932265,0.45624524,0.40368307,0.3274302,0.32438654,0.4375657,1.0
0.83164525,1.0,0.37127346,0.05697965,0.035016593,0.05382601,0.050441276,0.08366317,0.14394204,0.070919536,0.0979282,0.3166665
0.17610146,0.62586683,1.0,0.5293724,0.10327546,0.01888695,0.01803475,0.036474325,0.13307858,0.10745563,0.06791469,0.024195567
0.0148517955,0.11458189,0.9289008,1.0,0.14442693,0.012820572,0.012903263,0.011309729,0.034889687,0.08972589,0.123728275,0.010196957
0.0033143577,0.04128719,0.77941656,1.0,0.10764092,0.015569095,0.019923847,0.010553606,0.02954062,0.07316207,0.10768975,0.008254306
0.009327543,0.097215466,1.0,0.85819036,0.099718526,0.030818615,0.029283645,0.017342454,0.07663337,0.109000415,0.09359287,0.009109799
0.009930747,0.20054115,1.0,0.42748988,0.030528566,0.042708706,0.02235259,0.02365382,0.09887761,0.116420366,0.048873447,0.010639535
0.018977437,0.35390532,1.0,0.26410088,0.025728015,0.041534197,0.016638996,0.02922757,0.07960409,0.07108485,0.022684267,0.011158747
0.062260967,0.7488142,1.0,0.12319414,0.021207372,0.023137208,0.010855637,0.017170776,0.07250167,0.07204667,0.010124988,0.007634426
0.103428975,1.0,0.91673934,0.062140778,0.0073535177,0.011215283,0.0055095553,0.008698164,0.09462477,0.0646709,0.005162707,0.0037743503
0.0968463,0.9688493,1.0,0.10341076,0.005630351,0.009810758,0.005226963,0.0066526374,0.07676006,0.062442612,0.005484363,0.013084808
0.473386,1.0,0.7503034,0.13389541,0.025474787,0.024091346,0.011985391,0.016762892,0.049788747,0.06460258,0.08715277,0.19979589
0.9050581,0.56252176,0.2330092,0.13309278,0.15540877,0.16716892,0.17190467,0.20722595,0.30477405,0.4759037,0.7352168,1.0
0.32253686,0.40443072,0.5555643,1.0,0.87703115,0.7262701,0.81105787,0.68043625,0.94159883,0.97897357,0.763171,0.6001315
1.0,0.6509906,0.27016097,0.25327823,0.18105964,0.30740422,0.57243776,0.30374536,0.23995246,0.3002975,0.49112552,0.81947607
0.96858454,1.0,0.85801405,0.8813657,0.79405963,0.82686794,0.9870729,0.5303682,0.280661,0.43011224,0.61966497,0.6598737
0.37798664,0.42272028,0.62028974,1.0,0.94983184,0.940853,0.6422693,0.7047764,0.8578617,0.56775725,0.77732116,0.29258785
0.14954951,0.08999937,0.21478486,0.70609176,1.0,0.8780054,0.32690468,0.22590932,0.42935923,0.4492501,0.6953395,0.17686427
0.07262599,0.030006722,0.045212403,0.12573734,0.36856842,0.73043644,1.0,0.24714367,0.07958428,0.19283406,0.33096448,0.23488346
0.11128489,0.009717574,0.01109498,0.021606568,0.02138615,0.13746561,1.0,0.62049264,0.065506,0.024838964,0.05830129,0.2718844
0.28857663,0.013206156,0.007807958,0.012245586,0.015041137,0.09665608,0.9424589,0.81375533,0.08627584,0.05038151,0.34685746,1.0
0.07070049,0.0074236863,0.008765174,0.01347085,0.0109106125,0.054011658,0.1291684,0.07306706,0.06746981,0.23061122,1.0,0.89762896
0.029942296,0.0024297663,0.0034978343,0.0046591745,0.0033235871,0.01590148,0.031592906,0.048716635,0.1742869,0.6649856,1.0,0.40657017
0.061531022,0.010232273,0.004153361,0.0050547607,0.0054096845,0.02016594,0.046349086,0.113208465,0.34948203,1.0,0.6814286,0.13548428
1.0,0.29187363,0.060102187,0.049867835,0.049145654,0.09128407,0.09736829,0.08368158,0.1097546,0.28120968,0.50854945,0.46808404
1.0,0.34972867,0.13223375,0.12040368,0.12970512,0.18203722,0.23051381,0.124433324,0.11335062,0.1508655,0.3649145,0.39287147
0.576322,0.2848838,0.4852366,0.59148884,0.67656064,0.7167963,0.7620007,0.5316378,0.3685561,0.5332192,1.0,0.7478987
0.29206046,0.20247632,0.55644256,0.56584597,0.5769182,0.55270314,1.0,0.77032644,0.37146991,0.7340492,0.9031252,0.5446945
0.2701928,0.21885182,0.5803019,0.4071256,0.24323499,0.48792446,0.63003933,0.6488948,0.34158036,0.5827767,1.0,0.8024615
0.40344736,0.36838228,0.75459456,0.6557707,0.32447997,0.6483091,0.662437,0.64902264,0.4685737,0.67422616,0.94893986,1.0
0.6911487,0.484136,0.6914928,0.6109054,0.37637463,0.5470473,0.5983432,0.55138105,0.52576864,0.60298085,0.8696326,1.0
0.24372986,0.14296319,0.1541793,0.11134748,0.11089184,0.38555628,1.0,0.8653904,0.36103973,0.19447692,0.12515132,0.17276338
0.03461826,0.039023362,0.027131766,0.053048737,0.05214617,0.32642233,1.0,0.44864047,0.05355275,0.0612557,0.031897362,0.020278728
0.09171796,0.29862553,0.086154215,0.05214739,0.057703238,0.27869132,1.0,0.3080035,0.038949236,0.032516286,0.029811606,0.020706892
0.26285014,1.0,0.38594976,0.04934559,0.045433454,0.12577754,0.63043785,0.35029903,0.04833285,0.01968418,0.040679175,0.05837481
0.37944615,0.79957175,0.73744303,0.11471972,0.040589858,0.04920486,0.45026752,1.0,0.35057294,0.076771036,0.14362007,0.3176324
0.07060854,0.07658582,0.17045495,0.07071552,0.016420254,0.009707834,0.044881884,0.43725988,1.0,0.24176277,0.059323967,0.11695804
0.019773496,0.011536391,0.01808042,0.030824026,0.007632809,0.0026163438,0.0077609164,0.18324292,1.0,0.26715145,0.018010342,0.01997852
0.018972935,0.011609825,0.0213553,0.03618316,0.004139734,0.0038892233,0.014538188,0.39609778,1.0,0.13649324,0.007897841,0.011714931
0.008178962,0.011801407,0.05366548,0.037595283,0.0026658364,0.0062863384,0.14087826,1.0,0.66913515,0.04030186,0.0040850122,0.005834634
0.0018184105,0.011740473,0.034991015,0.010033074,0.0015784058,0.030742457,0.5727989,1.0,0.14661227,0.0047512865,0.008435715,0.005955545
0.0020495327,0.01130908,0.012528807,0.0031792305,0.002329089,0.10088568,1.0,0.56734717,0.036238838,0.0033667344,0.0051397826,0.0031375005
0.009883401,0.027533881,0.08792784,0.07308816,0.020108733,0.09325405,0.85476065,1.0,0.63257617,0.19060935,0.035341788,0.011059734
0.017054992,0.02858883,0.08242846,0.12983197,0.065098196,0.030279886,0.11362256,0.48916486,0.95546085,1.0,0.90835464,0.21508165
0.12429742,0.024827402,0.01222789,0.012996756,0.01777068,0.02482106,0.030751187,0.014837931,0.059464738,0.2524798,1.0,0.8184437
1.0,0.3843493,0.022259485,0.0027330294,0.0026819042,0.008510566,0.01943677,0.005477235,0.0019425477,0.009034502,0.23505247,0.84234166
0.86883056,1.0,0.077512175,0.0010949441,0.0007190819,0.00087381963,0.0020366705,0.0015408294,0.0014592087,0.00061070576,0.011477312,0.1492683
0.9886896,1.0,0.08750491,0.0014743384,0.00073065923,0.0009406567,0.0019807387,0.004099723,0.011088298,0.026958188,0.09773247,0.32448313
1.0,0.2820976,0.02872335,0.005746991,0.00860426,0.02003202,0.040725075,0.0755816,0.14217664,0.24717027,0.517735,0.9356035
0.5648533,0.22799845,0.0650824,0.11311363,0.6099442,0.62104875,0.5599063,0.8339288,0.90993786,0.9732698,1.0,0.7995601
0.57369214,0.4588311,0.18056601,0.13193044,0.8711558,1.0,0.6434461,0.46725816,0.38283193,0.14759578,0.2278687,0.40829045
0.18864673,0.23326765,0.09546526,0.03161422,0.031208653,0.11101979,0.23776352,0.7343629,1.0,0.21600367,0.1419289,0.1014507
0.0394011,0.038743593,0.012506894,0.007907354,0.0015986958,0.0037136914,0.026662417,0.38739306,1.0,0.17982146,0.036217406,0.020331915
0.009899986,0.0044562477,0.0038256983,0.0071798004,0.012379187,0.03995439,0.15790136,0.6438209,1.0,0.15811512,0.0084957145,0.0038834543
0.032301195,0.030328656,0.052326944,0.08170233,0.13630259,0.34540576,0.82432324,1.0,0.5025925,0.11235064,0.014277357,0.01638029
0.35160795,0.29203472,0.44245386,0.39190584,0.3563048,0.66375166,0.8431251,1.0,0.6240919,0.19445872,0.25353926,0.36487398
0.29901767,0.2902994,0.16641174,0.19274095,0.23061372,0.3012322,0.4646065,0.5900467,1.0,0.6409454,0.49137405,0.5301229
0.57258254,0.31224725,0.11613286,0.20976487,0.22026905,0.19220011,0.3270451,0.41544843,1.0,0.79654026,0.29736236,0.25302243
0.6424399,0.4067875,0.3947899,0.45332202,0.40405458,0.19540074,0.26542693,0.43152255,1.0,0.5787439,0.25469825,0.24656512
0.3961462,0.23957074,0.20359688,0.58613753,1.0,0.9152761,0.31554604,0.14900886,0.17432931,0.23443149,0.36717635,0.60460424
0.50863063,0.27958927,0.082111076,0.15906392,0.4580983,1.0,0.68336743,0.08711905,0.028206026,0.07529504,0.22319224,0.6110634
0.43958485,0.42103574,0.17556408,0.07162627,0.15391554,0.83038324,1.0,0.12252999,0.02145,0.034599725,0.083999604,0.25955105
0.25304407,0.3690492,1.0,0.29763004,0.13453542,0.6796883,0.67795783,0.5138811,0.21745093,0.09918736,0.2637106,0.46761066
0.057767242,0.076361895,0.78563684,0.33809245,0.14462931,0.7680936,0.267417,1.0,0.57740265,0.06035869,0.11645127,0.3054678
0.022123732,0.08439013,0.41068596,0.12941223,0.11705832,0.5068546,0.30602244,1.0,0.33472794,0.022652803,0.041499995,0.09550231
0.13305719,0.3343232,0.40030468,0.054627735,0.15289903,0.3545946,0.87122023,1.0,0.1252343,0.036419235,0.082751505,0.12772718
0.34049568,0.23587687,0.1134308,0.16982241,0.29845962,0.45668375,0.67824334,0.44254172,0.15746608,0.21800311,1.0,0.6935759
0.020888375,0.008251299,0.03666323,0.0783551,0.04367335,0.04054512,0.11798978,0.12178937,0.03394286,0.3942171,1.0,0.22329874
0.012920245,0.005643445,0.04135305,0.039808564,0.017817408,0.024043573,0.15384871,0.104726344,0.13471535,1.0,0.6505563,0.05430501
0.00935447,0.009100646,0.020308169,0.023174595,0.023575706,0.024362624,0.11056827,0.099341735,0.32835492,1.0,0.27341846,0.020172337
0.0787967,0.11215439,0.13782488,0.25063723,0.24200073,0.10773836,0.1848746,0.34346145,0.81418276,1.0,0.4144066,0.21762994
0.36189833,0.44239908,0.77786523,0.8793344,0.37420782,0.1948586,0.21906722,0.42187473,0.6476877,1.0,0.7618223,0.67848337
0.23235486,0.3008739,0.5421854,0.7281372,0.6056847,0.47081712,0.33118677,0.52469176,0.74634486,1.0,0.5083389,0.22878812
0.20366843,0.15370376,0.28697604,0.30267614,0.52795327,0.93853664,0.6169487,0.5103512,0.699582,0.8724408,1.0,0.31230953
0.20131794,0.13793191,0.14867027,0.11368049,0.13190696,0.5741025,0.71787745,0.61589026,0.45288202,0.7749726,1.0,0.2519309
0.31950402,0.18549402,0.22916639,0.14875157,0.23604198,0.5975321,0.56149906,1.0,0.6585341,0.45241943,0.45927,0.25484142
0.066200204,0.14419939,0.6151303,0.73211086,1.0,0.7379928,0.22485268,0.50215447,0.6070772,0.27782512,0.23832825,0.11306288
0.009415354,0.03831752,0.108409755,0.42353332,1.0,0.4143681,0.04061242,0.10930389,0.22106053,0.047986224,0.039647467,0.018724829
0.0052767433,0.014290315,0.03223543,0.27866974,1.0,0.33024985,0.023527084,0.048238087,0.12440454,0.0254756,0.019410126,0.010597948
0.005446634,0.0074202814,0.02021927,0.21899442,1.0,0.43431163,0.038440786,0.030109776,0.08452757,0.025288163,0.016665336,0.008404319
0.006300081,0.011346836,0.040191963,0.51346684,1.0,0.26089522,0.03330606,0.05706956,0.12625101,0.04836121,0.029827137,0.012001828
0.00981327,0.030089442,0.23023029,1.0,0.66679657,0.09047923,0.035009142,0.09546455,0.20750408,0.1220501,0.05378003,0.016215429
0.053779136,0.28696302,0.77193826,1.0,0.5024108,0.13737541,0.095806085,0.3087064,0.61583346,0.34144926,0.13122799,0.038185097
0.46729276,0.7231288,0.7435158,0.945061,0.3560872,0.1190646,0.14059472,0.7438474,1.0,0.32318646,0.11972886,0.0968637
1.0,0.54285747,0.40877813,0.26712716,0.10219939,0.069145374,0.09967587,0.42171076,0.2995284,0.06618599,0.050449643,0.27512673
0.8260853,1.0,0.4400305,0.09777527,0.053030953,0.04761624,0.034446366,0.052933834,0.06436553,0.05932041,0.035921518,0.19672994
0.13340177,0.57105166,1.0,0.37765884,0.06683016,0.023635525,0.011276369,0.008552284,0.033639655,0.12546015,0.05386232,0.019701047
0.0154779125,0.10110498,1.0,0.97240925,0.12104129,0.028390758,0.010038457,0.00691633,0.018744664,0.13461973,0.13312301,0.013486724
0.006003008,0.0660191,0.8852313,1.0,0.11194644,0.032299504,0.0074010715,0.006342687,0.014224022,0.08517497,0.11231916,0.0098436
0.046324626,0.30021992,1.0,0.5910985,0.11089262,0.070337296,0.08280028,0.1196687,0.1757396,0.23765776,0.17073295,0.080430314
0.2610615,0.89365435,1.0,0.34324512,0.17953454,0.20627631,0.2758066,0.48322454,0.6279054,0.4488942,0.3648235,0.2257676
0.6565531,1.0,0.35891488,0.18128909,0.2166957,0.20590626,0.16450585,0.28870416,0.4066803,0.24574775,0.16140145,0.1417841
0.643024,1.0,0.2524551,0.1163191,0.13936606,0.11850881,0.05987316,0.10056779,0.15418568,0.12864766,0.0637176,0.09426896
0.14808811,0.7000926,1.0,0.3069683,0.0963189,0.08973814,0.03366743,0.03775302,0.09763185,0.16486853,0.057744555,0.04145093
0.018446492,0.15792017,0.7070223,1.0,0.4236433,0.078956455,0.023823071,0.014823793,0.025077902,0.062467508,0.04905057,0.017574491
0.005158917,0.0075202785,0.08588635,0.58903325,1.0,0.23953491,0.02139963,0.007923864,0.005245315,0.0067554615,0.01781049,0.015766721
0.007030388,0.009775163,0.07714667,0.5285127,1.0,0.23680483,0.0202083,0.006288077,0.007231394,0.007979455,0.0131363,0.012454021
0.006616876,0.05130311,0.4677038,1.0,0.4774693,0.050073184,0.011701546,0.0072853914,0.007563797,0.02482979,0.026592862,0.008393742
0.026516756,0.31131542,1.0,0.5476856,0.10301754,0.0210496,0.010163404,0.008579951,0.022055449,0.052532617,0.018570088,0.0038144714
0.09095443,0.87950987,1.0,0.16069414,0.015114401,0.013790794,0.014234543,0.020623073,0.06783698,0.04575965,0.009122017,0.005069863
0.12090836,1.0,0.9305098,0.15024456,0.017633632,0.010248218,0.008641818,0.020963103,0.07467134,0.04200541,0.011332342,0.0063221324
0.06260431,0.5282722,1.0,0.40857416,0.055368703,0.0088597955,0.005845506,0.0049850154,0.023035284,0.027964892,0.010599454,0.0044973525
0.07707028,0.36997038,1.0,0.76119643,0.31800747,0.2232252,0.28171167,0.124448486,0.07401404,0.050567653,0.032724112,0.027357535
0.022078143,0.07466461,0.26641187,0.16054846,0.101168014,0.23387916,0.57303107,1.0,0.49997932,0.22691429,0.098480664,0.033874456
0.01488998,0.04131307,0.11571459,0.09051422,0.08104851,0.27870956,0.8413655,1.0,0.267838,0.08971307,0.044927638,0.017097108
0.0092329215,0.023836756,0.048604663,0.09725935,0.40930736,1.0,0.9951764,0.4038105,0.06834413,0.025652686,0.016748881,0.0088675
0.020646818,0.03891057,0.12163176,0.2725699,0.6574182,1.0,0.5114612,0.12578644,0.06001622,0.024738695,0.025001362,0.023142379
0.182485,0.33594447,0.8288126,0.47929877,0.36313134,0.4139003,0.29855007,0.24247113,0.2564131,0.3670048,1.0,0.60592645
0.06527225,0.11916361,0.2515283,0.04646194,0.022329215,0.092601694,0.09843814,0.09288658,0.11509224,0.33950126,1.0,0.3965134
0.15177335,0.12720215,0.081962995,0.020341659,0.014209976,0.038137116,0.03769004,0.1314203,0.24862495,0.34210455,1.0,0.4354038
0.25150374,0.49390525,0.19015355,0.034865826,0.015405139,0.017683974,0.055383615,0.38737756,1.0,0.42752182,0.53719807,0.3163334
0.13494593,0.6435603,0.36039615,0.039266348,0.016565172,0.01714591,0.07293318,0.25816724,1.0,0.5091394,0.17858781,0.09161686
0.7191758,1.0,0.41302624,0.040083945,0.022382464,0.022425432,0.074141555,0.29503193,0.67449844,0.47443,0.16819903,0.25065428
0.67940867,0.22680323,0.08395425,0.02110389,0.018345876,0.014990305,0.032474335,0.08509761,0.081857115,0.12682204,0.50289005,1.0
0.11448822,0.06686935,0.025303643,0.01892693,0.027157713,0.01679072,0.029218849,0.020181302,0.033483613,0.27307957,1.0,0.80254924
1.0,0.5373635,0.06919093,0.02141691,0.011839423,0.007574471,0.03385181,0.05641612,0.03440133,0.081646815,0.2688729,0.64646167
1.0,0.6224545,0.07134258,0.0081953285,0.0027737983,0.0025058684,0.0152239315,0.042482167,0.020007038,0.005836489,0.0084544355,0.21672182
1.0,0.40277356,0.03850788,0.004176647,0.0046990816,0.025483202,0.0991031,0.115538105,0.030537626,0.010128978,0.048923805,0.45375356
0.6220623,0.11029609,0.04048959,0.025115367,0.03493369,0.22661273,0.37822682,0.18756959,0.08753941,0.15275168,0.46451274,1.0
0.13415836,0.15818541,0.091185875,0.044094577,0.12365265,0.43249843,1.0,0.41873094,0.17278951,0.2914085,0.46197638,0.36443627
0.06591791,0.09505655,0.023032693,0.0065981275,0.1205618,0.96606994,1.0,0.1654765,0.019184053,0.029334193,0.025509795,0.016438898
0.03221207,0.038267728,0.007057509,0.0035315473,0.10866785,1.0,0.79557306,0.06465078,0.0075843437,0.014863495,0.012303506,0.00580035
0.025572497,0.07806303,0.059188858,0.03483534,0.088790625,0.66138035,1.0,0.29351717,0.16991146,0.12996088,0.08804618,0.043317758
0.020340947,0.041645605,0.04329976,0.13182299,0.40365344,0.40904194,0.24053411,0.15305693,0.43937078,1.0,0.65771717,0.13933642
0.014750789,0.0128293,0.015044656,0.051079907,0.27579033,0.25334746,0.028330082,0.03840203,0.23489518,1.0,0.74328464,0.12302322
0.022153506,0.02023951,0.076243445,0.17978795,0.27570814,0.18988417,0.27388677,0.58816725,0.89109147,1.0,0.5534078,0.12035
0.008726222,0.013253355,0.05472513,0.107206404,0.10260593,0.358774,1.0,0.7941729,0.2329829,0.07597556,0.048762448,0.020091034
0.020493641,0.009012481,0.0109403245,0.053211432,0.40208954,1.0,0.6819772,0.17710476,0.05462644,0.037908252,0.015821896,0.018506553
0.02778408,0.009091618,0.009640302,0.13497375,0.9968801,1.0,0.21529984,0.028665042,0.051193703,0.028811494,0.015742231,0.040842585
0.023405457,0.054156754,0.039965253,0.06701823,0.47476697,1.0,0.7153607,0.20288235,0.05284431,0.021966841,0.0153356865,0.01932906
0.021843841,0.09449444,0.14187287,0.07733292,0.10974263,0.47896904,1.0,0.61427414,0.24330916,0.16327131,0.111221485,0.044415332
0.08698216,0.07699915,0.12970942,0.07766343,0.1485404,0.28003934,0.23112524,0.20432742,0.15784392,0.5070291,1.0,0.5522011
0.13850805,0.16779593,0.17600805,0.13030317,0.1687917,0.17437334,0.13266551,0.11225589,0.22306623,0.63699985,1.0,0.5143847
0.2593204,0.5020079,0.65723115,0.49866045,0.2484983,0.1921343,0.47866645,0.99069685,1.0,0.70207304,0.3426327,0.16660847
0.26376554,0.4745215,0.48512083,0.2137309,0.27545056,0.75048923,1.0,0.74312055,0.32870942,0.13512047,0.05798788,0.08843132
0.27554694,0.3580867,0.21729183,0.61602724,1.0,0.9777088,0.5525617,0.6751704,0.510783,0.17965867,0.10755843,0.16290669
0.14138761,0.24830018,0.20354158,0.6628215,1.0,0.5678637,0.36255196,0.8997661,0.63635546,0.12637965,0.0982482,0.17919652
0.20312802,0.28154922,0.8300891,0.8387739,0.631542,0.83827347,1.0,0.7495239,0.41555429,0.16874582,0.08572833,0.21824336
0.14411584,0.29431605,0.64764583,1.0,0.99193424,0.3896046,0.23592459,0.32653198,0.16653696,0.14315423,0.084408,0.14916915
0.06819008,0.15525344,0.11901316,0.4428775,1.0,0.28713402,0.03788248,0.0461595,0.058640696,0.10268748,0.04144216,0.031033268
0.07672909,0.12656139,0.26973376,1.0,0.96213067,0.20677589,0.16370748,0.19055554,0.11898693,0.0693491,0.024832623,0.03464882
0.14891584,0.27748027,0.35253635,0.65684396,0.36616263,0.8536474,1.0,0.38805187,0.09970624,0.07318285,0.056089543,0.057089563
0.08736289,0.10213467,0.08517842,0.11782856,0.13943401,1.0,0.66694903,0.1353165,0.06413135,0.09523519,0.038245,0.020686714
0.124062456,0.36875752,1.0,0.63274837,0.27972355,0.8495392,0.91027105,0.56138635,0.32360858,0.17817609,0.0940105,0.06279234
0.17362513,0.43003246,1.0,0.74243253,0.20555927,0.18577935,0.32752407,0.39544743,0.2650224,0.46362868,0.71684736,0.36075568
0.16727886,0.049854796,0.058297962,0.07767363,0.055754807,0.17375465,0.22687604,0.22102115,0.15590948,0.37092525,1.0,0.78338253
0.33653748,0.09246295,0.10885334,0.16219984,0.20856792,0.47800165,0.53501344,0.33857182,0.1334692,0.16069579,0.99318165,1.0
0.18473224,0.106093265,0.33413637,0.43406025,0.19906066,0.28298494,0.26584595,0.15756567,0.12326373,0.4162355,1.0,0.45752728
0.27837098,0.09340604,0.15778227,0.25065833,0.05131509,0.10371779,0.18606322,0.059132036,0.060988955,0.12357194,0.57122105,1.0
0.25854012,0.04582396,0.04818672,0.0510755,0.017354544,0.025700271,0.05442638,0.01661712,0.012659999,0.02161466,0.31400618,1.0
0.18867864,0.019164635,0.06053012,0.044728354,0.015988154,0.03487298,0.041861165,0.012177991,0.0064534377,0.014559863,0.3314885,1.0
0.14912957,0.021472756,0.17741603,0.3042223,0.070218,0.0651173,0.105693705,0.029847758,0.008047542,0.018914893,0.4331554,1.0
0.7619115,0.13320424,0.21937013,1.0,0.8777571,0.08160753,0.119436584,0.13961327,0.02239832,0.010326601,0.13725765,0.7514802
1.0,0.19274941,0.05020189,0.28142878,0.6284699,0.051792145,0.028812518,0.112665966,0.022135865,0.0040489533,0.014014223,0.31625015
1.0,0.24057586,0.046521347,0.112818226,0.3646273,0.03691419,0.017321544,0.10720053,0.02673308,0.0032581151,0.008782493,0.19442548
1.0,0.30473945,0.095576905,0.0737359,0.1288864,0.019223504,0.015206824,0.07893522,0.02484061,0.0052519883,0.01776932,0.20973341
1.0,0.63436395,0.14682966,0.067815624,0.091799855,0.020530738,0.030204678,0.13977912,0.056272782,0.009838209,0.026943443,0.20000693
1.0,0.43245235,0.17921494,0.0817012,0.124099985,0.02802708,0.13765052,0.32779047,0.051289435,0.018531851,0.04019147,0.4089332
0.787354,0.17540431,0.19861938,0.21554539,0.10142327,0.09624633,0.5076754,0.41416,0.072788045,0.0517821,0.2565559,1.0
0.2114783,0.03320624,0.10581046,0.12428459,0.0524036,0.11205164,0.26424846,0.112538405,0.12324123,0.14143547,0.5895282,1.0
0.22619233,0.04500389,0.036161575,0.04599727,0.042107746,0.12082978,0.17815112,0.07850502,0.12891714,0.1417933,0.56165266,1.0
1.0,0.561567,0.14638767,0.04054115,0.028835455,0.05254589,0.09810024,0.08964005,0.086468056,0.060690444,0.22141224,0.7372181
0.48127523,1.0,0.42771545,0.033638947,0.0070193256,0.008240335,0.009871757,0.029191421,0.07040811,0.029571567,0.024128113,0.082637385
0.16850528,1.0,0.5869016,0.040009443,0.004168379,0.0060839728,0.0042566834,0.010428263,0.066548295,0.037668414,0.009593597,0.008643405
0.5023545,1.0,0.38838804,0.033225745,0.014374127,0.01585349,0.013389119,0.042390566,0.09145407,0.032487754,0.019629255,0.07071984
1.0,0.42344522,0.08000508,0.02250126,0.06519313,0.08049717,0.07878785,0.095331356,0.06498649,0.078803435,0.35436538,0.8889064
0.114779316,0.01808605,0.013134664,0.013342171,0.04938388,0.08826066,0.045726873,0.017175823,0.02762984,0.22005716,1.0,0.8404518
0.13385157,0.01854641,0.012256961,0.011915655,0.040711932,0.057267424,0.026327377,0.007850055,0.019738728,0.19688866,1.0,0.8893193
0.77077234,0.31763867,0.07588782,0.016033648,0.06429565,0.041125923,0.027298013,0.03997274,0.034340564,0.11327971,0.5250558,1.0
0.7644979,1.0,0.5318528,0.13649982,0.1102542,0.046019956,0.023611184,0.061566412,0.11505391,0.14009419,0.13998216,0.29579368
0.10537063,0.55843455,1.0,0.6681201,0.5382921,0.31392035,0.18448353,0.077355005,0.17838547,0.19335309,0.102397226,0.031658996
0.100844465,0.24021238,0.35691744,0.44553456,1.0,0.9523702,0.66064435,0.34979123,0.2646015,0.3148973,0.31254175,0.16569103
0.4020096,0.25792265,0.31997702,0.37107483,0.5130843,0.3894637,0.29787645,0.21915415,0.29546595,0.57682365,0.82063437,1.0
0.1259564,0.14224406,0.24506022,0.213777,0.2774673,0.27150136,0.22347441,0.3465604,0.6550444,0.6478653,1.0,0.6402344
0.022612106,0.067224935,0.1906056,0.1710084,0.66191113,1.0,0.36546126,0.28507635,0.38081902,0.15282297,0.20486987,0.1325646
0.0040001334,0.04287936,0.09469484,0.28102964,1.0,0.63396305,0.06464993,0.052994512,0.06328071,0.028444774,0.030744303,0.017645048
0.0041737007,0.07753712,0.09582539,0.2773592,1.0,0.35457394,0.024236117,0.02617123,0.023835445,0.024393737,0.026112283,0.013675818
0.010565348,0.102089554,0.11784007,0.20217474,1.0,0.44377103,0.05853103,0.06693259,0.032541092,0.032822154,0.046295643,0.024832264
0.032379482,0.095634505,0.14178966,0.23041286,1.0,0.812208,0.22930884,0.18311748,0.07204396,0.06657253,0.107788585,0.066047534
0.14108984,0.700811,1.0,0.6679798,0.6914013,0.6628926,0.5656544,0.7530828,0.38824153,0.43232328,0.46426064,0.18836631
0.2521205,1.0,0.49363667,0.07423834,0.093322635,0.10772178,0.30741438,0.41371512,0.36809325,0.21756794,0.1759456,0.081627816
0.5793951,1.0,0.20909333,0.04647184,0.062032584,0.0996267,0.29150024,0.36021245,0.273471,0.1005846,0.130889,0.11315582
0.8369126,1.0,0.7728586,0.4703605,0.14701241,0.13991413,0.19231565,0.29982358,0.17644487,0.14307576,0.25404513,0.290618
0.0524499,0.20181558,1.0,0.76919,0.08799315,0.036152273,0.03480332,0.046863265,0.046209265,0.08585481,0.0945879,0.04802251
0.004747236,0.04185682,0.5381795,1.0,0.2447085,0.02478495,0.01651044,0.02659728,0.024260242,0.035125304,0.053034514,0.01629315
0.006631302,0.038732786,0.40840545,1.0,0.27484918,0.025902096,0.010995765,0.01579238,0.015282503,0.016442688,0.033935163,0.012909915
0.24988015,0.5426056,1.0,0.7301893,0.13444841,0.02243988,0.011400344,0.020525644,0.033444576,0.035051852,0.03252596,0.064686075
1.0,0.60262966,0.2801648,0.08529977,0.023856059,0.0129093155,0.009909508,0.0196213,0.027547508,0.018419692,0.05089439,0.43983918
1.0,0.31366014,0.119899414,0.034344677,0.01368069,0.008796797,0.022688093,0.06011784,0.061357073,0.03880324,0.09299821,0.6051399
0.5939432,0.75585777,1.0,0.73264927,0.21035832,0.053707656,0.10657643,0.35650897,0.34442812,0.33065853,0.27110517,0.24959493
0.09380188,0.14658993,0.66973066,1.0,0.7490921,0.2797625,0.24576715,0.782635,0.46657473,0.38576353,0.52750784,0.28748763
0.3080798,0.19471714,0.19702318,0.22362952,0.39316997,0.27594578,0.16022788,0.3152279,0.48308572,0.63465416,0.90095264,1.0
0.6094819,0.6294847,0.32010055,0.23870105,0.26122123,0.14468959,0.21575373,0.8946896,1.0,0.48618355,0.361903,0.42071944
0.30419996,0.14247678,0.3381769,1.0,0.2612519,0.06502925,0.44074905,0.6796297,0.23473255,0.050223704,0.095444284,0.41418493
0.031512428,0.012795763,0.49665037,1.0,0.06895587,0.041411247,0.17650533,0.056422256,0.011893893,0.011539983,0.088314354,0.24235003
0.024978327,0.0148792695,0.47208935,1.0,0.10557372,0.046225112,0.14927118,0.039884202,0.024249313,0.031329785,0.06206036,0.16621523
0.09146793,0.042391185,0.2262949,1.0,0.6257736,0.10187108,0.19393887,0.32895055,0.12816267,0.061391886,0.03948892,0.09521725
0.12502857,0.11919914,0.17313342,0.44857854,1.0,0.45670453,0.07092675,0.84343547,0.868902,0.052724894,0.04253404,0.022216063
0.093342006,0.089630686,0.11890772,0.20519473,1.0,0.5540013,0.041470155,0.91984403,0.98924655,0.042182606,0.033802286,0.0127656935
0.0642295,0.027851278,0.0669284,0.22584109,1.0,0.2241639,0.05550829,0.5235933,0.26495904,0.021737976,0.031607825,0.013615136
0.06514502,0.02148946,0.07668132,0.63425887,1.0,0.114089616,0.15716603,0.34105656,0.07548433,0.070071824,0.046580497,0.061619002
0.053298734,0.04208472,0.39763242,1.0,0.51069665,0.22111697,0.35852277,0.14630793,0.21542802,0.22918119,0.2382667,0.34019
0.07340983,0.09985457,1.0,0.7541338,0.59316516,0.71358484,0.5431811,0.1263136,0.72939676,0.28991932,0.8286547,0.6963716
0.0871726,0.10309667,0.6871091,0.6933282,0.8577074,0.7518898,0.90803766,0.4790006,1.0,0.3360236,0.55345744,0.48490113
0.085629635,0.07084838,0.12914994,0.3218195,0.5606447,0.34269935,0.79538465,1.0,0.48487014,0.12993146,0.070203826,0.10238497
0.4728447,0.40329,0.11935887,0.19130343,0.673783,0.5667482,0.51086485,1.0,0.7164692,0.08906214,0.057440154,0.113663256
1.0,0.529337,0.10921729,0.122359805,0.39965257,0.298718,0.24845086,0.6214109,0.5200396,0.14186107,0.15970366,0.5148448
0.62892306,0.28212044,0.1748755,0.2122984,0.37929645,0.31154245,0.6109797,1.0,0.58966917,0.5877019,0.7707839,0.8548744
0.21071166,0.23464625,0.17642426,0.3084031,0.68930537,0.93877536,0.94130594,1.0,0.6448826,0.4846054,0.29807457,0.1879778
0.43133175,0.42719975,0.3583749,0.47770312,0.8544283,1.0,0.48109472,0.6770272,0.6891615,0.59397155,0.34708327,0.3192138
0.8903064,0.6413927,0.3799992,0.48329127,0.5317433,0.7715105,0.49999285,0.6618642,1.0,0.9517696,0.65218246,0.93331546
0.71448314,0.54657024,0.4459245,0.41060185,0.29246572,0.3832769,0.4843687,0.6131283,0.93356955,1.0,0.70010245,0.8747192
0.42170593,0.24899054,0.4407767,0.8458327,0.329496,0.28884354,0.46779263,0.91483617,1.0,0.7602861,0.5648048,0.59881747
0.21933499,0.13736479,0.29088983,1.0,0.4411386,0.26799008,0.24763042,0.5044121,0.7905016,0.63564026,0.50006855,0.2974326
0.1508705,0.1313649,0.120688915,0.33348987,0.21003053,0.2195205,0.124765895,0.15945463,0.22300175,0.8267254,1.0,0.33529016
0.087287724,0.0922217,0.06474562,0.10092449,0.21162106,0.57459307,0.81099886,0.6133107,0.72964835,1.0,0.6220025,0.1872177
0.031806875,0.033265017,0.07039389,0.30590737,0.74039984,1.0,0.5899161,0.14655031,0.080162376,0.051898118,0.042502765,0.028512284
0.03191361,0.064317554,0.30194116,1.0,0.7923143,0.47519246,0.12745191,0.043135677,0.027732413,0.07017583,0.17517257,0.071363844
0.18701853,0.2013231,0.3058854,0.8360861,1.0,0.966503,0.6047784,0.3688574,0.25208285,0.20211557,0.29514605,0.21799329
1.0,0.5292331,0.14460908,0.10436224,0.23624898,0.49876744,0.43929413,0.45570946,0.32020202,0.31830388,0.4329855,0.7714147
1.0,0.7670963,0.12932296,0.014468873,0.012938926,0.01740447,0.02094318,0.045936022,0.047955267,0.08239856,0.08933455,0.25989002
1.0,0.62861276,0.112542845,0.015282741,0.019149901,0.038771722,0.07647876,0.078449115,0.06441228,0.120114036,0.17525147,0.44275227
0.53358924,0.14577585,0.042643733,0.04173998,0.08676197,0.25560623,0.44698775,0.74757755,0.7965258,0.8283206,1.0,0.98288107
0.019597309,0.0067648278,0.008504525,0.026816785,0.14710446,0.52755654,1.0,0.8660065,0.4173421,0.15112647,0.09259586,0.03959611
0.01725399,0.0061102803,0.0047077825,0.03934584,0.46311936,1.0,0.5177432,0.20581703,0.04271548,0.013016164,0.008948804,0.007653845
0.033164408,0.036064845,0.01937334,0.031690516,0.37584636,1.0,0.55756706,0.18208532,0.033432398,0.014549741,0.012358617,0.008250181
0.027024195,0.05143729,0.06027229,0.044826083,0.13064437,0.48395717,1.0,0.5581435,0.18361528,0.07511866,0.037240025,0.012890201
0.3040419,0.123055436,0.112237975,0.12543744,0.29615822,0.35700518,0.83661056,0.57745343,0.54872173,0.7372203,1.0,0.77564996
0.6348498,0.14030628,0.024443824,0.023730911,0.03803678,0.06264219,0.17521937,0.11314105,0.09223578,0.16230391,0.57322925,1.0
1.0,0.38767952,0.16318199,0.08044372,0.032434154,0.1018024,0.2635299,0.120864,0.04137659,0.051697366,0.32346612,0.9723896
0.79034233,0.56515366,0.92232007,0.9918202,0.7579439,0.46677086,1.0,0.8868573,0.78982025,0.336778,0.5046659,0.8367416
0.47065505,0.22457145,0.20317414,0.8281204,0.9157282,0.47931015,0.67993605,0.71342987,1.0,0.32864448,0.31512383,0.5129569
0.45316517,0.31989408,0.20238179,0.5758495,0.50813925,0.7079179,0.42769262,0.704676,1.0,0.30130163,0.1820933,0.27606076
0.4778742,0.30699968,0.3582987,0.8615064,0.4607203,1.0,0.66071635,0.47397813,0.6658625,0.37909925,0.29280648,0.28923255
0.29411268,0.19379216,0.3863798,0.56099117,0.32167387,0.86696786,1.0,0.69237643,0.43803805,0.2798819,0.3245549,0.40975216
0.10659183,0.11534198,0.1050297,0.07585496,0.09572588,0.38695052,0.99993694,1.0,0.5164457,0.21839873,0.18126887,0.09943571
0.06866534,0.035144944,0.03384013,0.07340566,0.09474887,0.27634472,0.76476884,1.0,0.21783094,0.064580135,0.08942267,0.09669299
0.054256298,0.012841605,0.060398627,0.15542947,0.17139782,0.4135552,1.0,0.814668,0.15799354,0.071789764,0.12905823,0.2368461
0.026295373,0.024658922,0.16490495,0.14681609,0.21617766,0.75050104,1.0,0.3630711,0.36267543,0.12581787,0.34395924,0.2953015
0.060760017,0.07578209,0.42798832,0.4730708,0.24503928,0.9200892,1.0,0.3809375,0.4351816,0.1605902,0.5380861,0.4169049
0.09008981,0.07634173,0.2804825,0.7498869,0.26110289,0.78348583,1.0,0.33188066,0.2404747,0.18087898,0.13402365,0.32367435
0.09776163,0.08026398,0.21780184,1.0,0.5096118,0.548274,0.97835517,0.6229754,0.31515548,0.23823424,0.07720955,0.22281463
0.069567844,0.05292295,0.06556114,0.33471498,0.4318033,0.25080907,0.31628564,1.0,0.57336193,0.073385075,0.029182306,0.042283963
0.022615286,0.019536393,0.018332796,0.037862204,0.18670854,0.10606266,0.1346484,1.0,0.570848,0.027427554,0.01090076,0.00768275
0.02638596,0.01629091,0.018219762,0.048991065,0.15407386,0.09977897,0.25856742,1.0,0.3257495,0.0144336745,0.010606859,0.0135719795
0.03177928,0.016437149,0.02388839,0.09025807,0.09188985,0.035488825,0.31159416,1.0,0.15476146,0.018313019,0.0097082695,0.025344938
0.082802646,0.029689394,0.04716436,0.10497762,0.087713,0.034829248,0.3302272,1.0,0.41721112,0.15114817,0.03709058,0.09828557
0.31404442,0.066842966,0.050613742,0.10459868,0.08199089,0.06287565,0.42246407,0.92957026,1.0,0.6718092,0.39073902,0.4400072
0.6160537,0.16431656,0.07313101,0.13039091,0.09544688,0.070250385,0.40821794,1.0,0.73070306,0.41256484,0.93644357,0.950443
0.7669155,0.61007184,0.23823626,0.06813728,0.048032112,0.045332067,0.18099469,0.43575394,0.6798601,0.26494297,0.3220981,1.0
0.6833026,1.0,0.49378178,0.08433541,0.05086842,0.051316008,0.101083435,0.27201042,0.44461456,0.26412725,0.11604574,0.48848185
0.7628009,1.0,0.31661484,0.075212196,0.04649782,0.050836377,0.108133964,0.2852399,0.24339023,0.15522066,0.059585325,0.182133
1.0,0.7906667,0.188322,0.03825428,0.03542397,0.053257193,0.11774303,0.18133338,0.14920774,0.10816126,0.116039984,0.47780335
0.60418475,0.63427705,0.10756207,0.026909323,0.028741539,0.06348592,0.18737872,0.1113466,0.064570546,0.1000178,0.4061242,1.0
0.6780324,0.60436136,0.1480453,0.030987034,0.024465967,0.09186316,0.356671,0.19262464,0.057120036,0.062440485,0.32876897,1.0
0.7559201,1.0,0.4089597,0.061972246,0.016746337,0.08108394,0.30358768,0.20354284,0.056679215,0.028209219,0.07479213,0.31966868
0.15492417,1.0,0.82537186,0.08319495,0.00954394,0.019094348,0.03976183,0.027165335,0.017287968,0.010791091,0.013471853,0.035165627
0.19475737,0.9839528,1.0,0.13859864,0.020124217,0.016205754,0.015597144,0.008674096,0.009201819,0.0068966206,0.009684861,0.045350097
0.63111824,1.0,0.7938028,0.1757482,0.05765519,0.032052387,0.020683795,0.024109501,0.034953926,0.056162857,0.1316923,0.333665
0.32136047,0.21854109,0.32260013,0.24721028,0.1599772,0.16992441,0.23806907,0.3391303,0.44751662,0.670694,1.0,0.88525975
0.23501225,0.3547696,0.5008204,0.5746679,0.6139884,0.9085152,1.0,0.8896183,0.6223959,0.46800053,0.38890758,0.32535052
0.443933,0.76533186,0.78385013,0.76228213,0.5787712,0.7233708,0.8147146,0.7082363,0.8698594,1.0,0.7608753,0.5257364
0.4204839,0.5477676,0.82211095,0.566669,0.4400715,0.38359302,0.5183719,0.65575707,0.718473,1.0,0.9778759,0.5929242
0.50132895,0.85355824,1.0,0.51067036,0.36196867,0.30721182,0.3669156,0.46088982,0.6173505,0.5127383,0.4473748,0.5872375
0.6034862,0.8684459,0.9958513,0.74641156,0.4135165,0.42550266,0.42287162,0.64270645,1.0,0.77279854,0.69158,0.5133266
0.68925124,0.3972433,0.45942947,0.5707526,0.37622988,0.27673283,0.25388205,0.7890836,1.0,0.7732721,0.56340283,0.6373802
0.5164579,0.16422224,0.2776865,0.23947214,0.29876676,0.19591701,0.29216444,0.50349605,0.5914912,1.0,0.56094855,0.34258124
0.2493779,0.11415898,0.22231051,0.16099733,0.18904984,0.14436767,0.25583616,0.33129337,0.518543,1.0,0.40548074,0.11915867
0.19056803,0.18513717,0.3456962,0.5387001,0.2683575,0.21748841,0.30253285,0.6481007,1.0,0.9406544,0.27527344,0.12041352
0.095559925,0.08100601,0.23860191,0.984323,0.83715653,0.2574761,0.24876475,0.47008556,1.0,0.5873826,0.17355998,0.086274646
0.051404685,0.059480343,0.17323792,1.0,0.98294055,0.18613791,0.1290658,0.3782422,0.8157155,0.41048104,0.10663673,0.060335528
0.12351379,0.15772699,0.43658045,1.0,0.82032466,0.78689384,0.5881098,0.7079668,0.70831245,0.23914263,0.08928052,0.08455564
0.05553665,0.035036862,0.030325562,0.17946143,1.0,0.8344228,0.13970897,0.07653537,0.05482759,0.029921433,0.0207101,0.07184739
0.04016051,0.0066210595,0.008064745,0.13013156,1.0,0.6187818,0.044403907,0.020121867,0.033407923,0.026297864,0.01508195,0.068995714
0.09196206,0.018549606,0.006123079,0.07595327,0.81618994,1.0,0.16160625,0.029956583,0.028732197,0.025119787,0.009017692,0.050260473
0.09857061,0.065969475,0.024910182,0.025268547,0.37946033,1.0,0.46918282,0.15269496,0.0930941,0.047439974,0.013075736,0.02286794
0.039104596,0.06470546,0.0530032,0.031503957,0.120557114,0.33178678,0.42348018,0.42312828,0.84435457,1.0,0.43144983,0.088487715
0.008479716,0.0030839522,0.008329606,0.016311089,0.047076724,0.04509076,0.02776738,0.05721759,0.24632429,1.0,0.73360443,0.113607615
0.02038332,0.021726497,0.054050487,0.18367836,0.17814454,0.13934097,0.13823809,0.18656982,0.4630841,1.0,0.6341396,0.102600634
0.15627635,0.34002784,0.35207012,0.59793067,0.47923142,0.568535,1.0,0.8843706,0.7095634,0.52177924,0.20811121,0.079077244
0.28697482,0.16572632,0.05869117,0.08891323,0.2442164,1.0,0.46975893,0.17014565,0.072039254,0.057929512,0.026684508,0.045702666
0.29966393,0.099340424,0.01585301,0.038121507,0.18526393,1.0,0.27437708,0.048370283,0.021040177,0.05256529,0.027725725,0.04468616
0.26617402,0.28867266,0.06582687,0.113397375,0.4801829,1.0,0.6530125,0.06986736,0.030096013,0.10377152,0.32209656,0.1818934
0.19898209,0.19160311,0.11775633,0.16543415,0.8646226,1.0,0.3593102,0.08530624,0.041379638,0.104172125,0.5472123,0.48239473
0.21506244,0.20700264,0.124112345,0.15110345,0.60003257,1.0,0.3551568,0.06514675,0.043923847,0.1264956,0.7986913,0.7039927
0.44314665,0.2691818,0.16144668,0.22154905,0.46842465,0.59027195,0.40324295,0.07669909,0.067741275,0.18597868,0.9416385,1.0
0.5910711,0.29631168,0.18791938,0.2852313,0.4113646,0.5066006,0.39141303,0.06927249,0.09488663,0.36552536,1.0,0.7998979
0.5503168,0.37725955,0.37478665,0.73841584,0.94516027,0.48877335,0.22852036,0.07337307,0.06064756,0.20998095,0.963842,1.0
0.23499942,0.3375999,0.36843848,1.0,0.96518296,0.18612193,0.06659009,0.01985117,0.022718225,0.060798213,0.705909,0.91568327
0.4471075,0.34249705,0.53419155,0.99999934,1.0,0.19912238,0.0678839,0.02882841,0.06333272,0.197608,0.62485564,0.9718246
0.4868787,0.24409854,0.3850212,1.0,0.7109923,0.14638455,0.057413004,0.045459222,0.11098951,0.32351768,0.4594814,0.48268822
0.47773135,0.21872869,0.2526642,0.8605238,1.0,0.61616194,0.0711215,0.037274234,0.19032069,0.72144496,0.6207961,0.32222396
0.09243055,0.0891942,0.109097905,0.1281937,0.586296,1.0,0.1195768,0.034098413,0.12291459,0.5081249,0.7388444,0.25626534
0.37576586,0.32351243,0.4232708,0.82722884,1.0,0.79648197,0.2869619,0.2584288,0.33776724,0.5231937,0.84126085,0.4376579
0.14104149,0.14717636,0.14939792,0.51409376,0.88355356,1.0,0.25936532,0.09670962,0.21905716,0.28519496,0.31430504,0.14826283
0.051961787,0.040414393,0.043301743,0.11243226,0.38102323,1.0,0.16308945,0.04389658,0.22280425,0.30632517,0.09912564,0.053900495
0.021235626,0.015383392,0.02764893,0.053445466,0.2850118,1.0,0.17973311,0.03938835,0.15613624,0.21410045,0.03826417,0.031128187
0.03921062,0.030357331,0.018169759,0.07500471,0.23661545,1.0,0.38738567,0.04893502,0.07581604,0.18003668,0.13146177,0.031619404
0.11014287,0.20278805,0.08033901,0.18588291,0.5894798,1.0,0.8389549,0.19116138,0.074027635,0.43304238,0.5933847,0.11318305
0.09867476,0.33110198,0.3053716,0.2098629,1.0,0.90932184,0.69337136,0.61187387,0.15450856,0.30188087,0.48296398,0.307301
0.04403529,0.10078203,0.19715288,0.07956277,0.7576199,0.95968944,0.5133782,1.0,0.13588603,0.16090274,0.18204127,0.13043591
0.03735358,0.0653399,0.15524706,0.07428475,0.80909234,0.97807336,0.3311054,1.0,0.14121759,0.11062151,0.121641345,0.102341205
0.035058934,0.05912292,0.15985334,0.06767002,0.81468076,1.0,0.24226545,0.7090012,0.09912418,0.07332289,0.11265257,0.12033932
0.044310153,0.047055837,0.1369862,0.05204619,0.6412041,1.0,0.17213218,0.44387278,0.07787152,0.07472869,0.15080148,0.0802064
0.033753734,0.029672993,0.07867957,0.030044211,0.48635283,1.0,0.10667847,0.26371673,0.059872642,0.028847557,0.071762845,0.04500307
0.034476064,0.039007578,0.1042663,0.051470425,0.53713834,1.0,0.13680932,0.32927006,0.077163264,0.044171803,0.08620366,0.09016272
0.16925319,0.22902428,0.3358204,0.28309888,0.7247188,1.0,0.54786164,0.90015435,0.33184424,0.40342224,0.703394,0.42791706
0.2205552,0.32066616,0.35728002,0.5351671,0.67941505,0.70919764,0.5470247,0.53348494,0.49470547,0.9992317,1.0,0.44860667
0.13291363,0.116369195,0.38180953,0.906863,1.0,0.67191464,0.3096552,0.22110534,0.21301469,0.5815953,0.7868777,0.32481322
0.13708727,0.16291088,0.3911894,0.7588475,1.0,0.78657895,0.32752126,0.24251713,0.22481869,0.4812775,0.50374997,0.27861774
0.06699257,0.09413234,0.15520379,0.49447587,1.0,0.36674216,0.16295214,0.123937614,0.09296319,0.17371584,0.18294936,0.12767214
0.025776561,0.023887243,0.022283245,0.19974743,1.0,0.73986936,0.08600695,0.039022174,0.033338346,0.057835057,0.09613845,0.06855138
0.011034704,0.006908353,0.003893724,0.031166628,0.56048024,1.0,0.07776091,0.00864002,0.0105088875,0.0135037545,0.016816076,0.01585603
0.007519198,0.005376136,0.011555871,0.062446393,0.5980467,1.0,0.07121564,0.0071058082,0.006241298,0.008285905,0.009001876,0.007377835
0.008519613,0.02212576,0.09122661,0.38513616,0.87367886,1.0,0.07272139,0.0085429065,0.008564064,0.014205344,0.015070593,0.008920922
0.034482293,0.05132431,0.10475394,0.502831,1.0,0.44036055,0.03669526,0.012563731,0.013091105,0.030210672,0.0280227,0.021315683
0.16854586,0.09952762,0.10563993,0.75614846,1.0,0.34154773,0.058229942,0.06011783,0.06427336,0.108328454,0.13685209,0.13948524
0.14173245,0.13818283,0.25481933,0.8922045,1.0,0.49217686,0.18502419,0.13288654,0.132765,0.2146714,0.22073026,0.1663467
0.5250817,0.24852891,0.1688723,0.30436707,0.45936704,0.44995984,0.23427,0.13815036,0.21972536,0.66916585,0.9527141,1.0
0.20311873,0.07681616,0.06503091,0.05755346,0.045890555,0.05395118,0.029564457,0.038020987,0.12466887,0.5939799,1.0,0.6471247
0.09466141,0.03603188,0.036852177,0.031780932,0.029446805,0.027307888,0.014380732,0.035171147,0.24941383,0.86166126,1.0,0.39171714
0.059170753,0.05017616,0.048892256,0.06333614,0.08342731,0.102429494,0.07276033,0.1651988,0.49909398,1.0,0.9432191,0.3565437
0.072628364,0.047715187,0.057598017,0.06648454,0.052581593,0.08070595,0.06978784,0.14946978,0.41595453,0.750105,1.0,0.78892404
0.03896141,0.017972736,0.031030467,0.0324673,0.025275141,0.04472145,0.06508492,0.1731556,0.45894927,0.7705335,1.0,0.39620274
0.034157168,0.034607444,0.019095002,0.015727159,0.033198494,0.060492795,0.1280953,0.27712652,0.54772335,0.62961245,1.0,0.24250253
0.14529404,0.06368468,0.04577475,0.04149209,0.07788833,0.16283333,0.23072402,0.5036823,0.71069556,0.5738306,1.0,0.51371
0.11724751,0.053533867,0.042965874,0.047772452,0.0915405,0.1391387,0.1487796,0.3599477,0.6925645,0.76575637,1.0,0.45366287
0.09956857,0.13349617,0.0777031,0.10252361,0.16780184,0.2389263,0.21715483,0.4289782,0.8262483,1.0,0.91215587,0.30885562
0.27011758,0.36161715,0.27449352,0.44494864,0.43072125,0.5192544,0.44866732,0.5023985,0.66676277,1.0,0.87344694,0.37915483
0.29650718,0.28411752,0.35499766,0.4407832,0.62405026,0.62664145,0.36028996,0.32425272,0.5306593,1.0,0.8438382,0.4179582
0.17799117,0.20358092,0.23631567,0.21961758,0.4197171,0.5445835,0.23208472,0.1759203,0.311354,1.0,0.7878321,0.31185526
0.17582196,0.17021745,0.14542238,0.1431403,0.36388788,0.50254256,0.33942166,0.2933481,0.41702193,1.0,0.85792345,0.38577053
0.18336985,0.15824746,0.111165494,0.17457412,0.31901366,0.5617841,0.42764333,0.29629803,0.41081154,1.0,0.77082646,0.37680748
0.15990451,0.16607127,0.12903328,0.22946003,0.2652954,0.49858114,0.33387026,0.30040067,0.42168424,1.0,0.7891639,0.27627003
0.24961782,0.17047869,0.14012912,0.17750692,0.20292456,0.49364412,0.2910832,0.31281015,0.71109885,1.0,0.70181644,0.3345027
0.18862481,0.19880514,0.084058344,0.087381616,0.17454948,0.48288515,0.19544137,0.23247857,1.0,0.47559893,0.23251043,0.33877307
0.08810714,0.059509248,0.037866265,0.034645986,0.1549143,0.44173422,0.14600296,0.2295098,1.0,0.4183752,0.2398196,0.29826328
0.08637047,0.025614155,0.041929923,0.03514453,0.049148794,0.31511274,0.59583,0.3044737,0.56806767,1.0,0.48899,0.1720753
0.07276402,0.024894282,0.042130023,0.06566876,0.07656388,0.15670042,0.7247776,1.0,0.57910496,0.9151835,0.63181096,0.15528576
0.19049418,0.15323336,0.07254652,0.052991703,0.112121314,0.28119898,0.5145789,1.0,0.7987594,0.32132024,0.23183143,0.27648818
0.12988272,0.1972028,0.1581988,0.066439204,0.039558146,0.08979365,0.24635576,0.66052914,1.0,0.41972074,0.105150424,0.07330231
0.05699636,0.14476274,0.16666362,0.08510184,0.122992106,0.31747404,0.4625234,0.93486255,1.0,0.5505632,0.16889708,0.04756432
0.021230774,0.08488596,0.084632374,0.08233239,0.58721113,1.0,0.851277,0.95158046,0.6073234,0.89112663,0.65430826,0.16092834
0.015467977,0.03473305,0.047427896,0.05913628,0.505329,1.0,0.3028227,0.034612887,0.0994258,0.4337162,0.5015241,0.12321926
0.035499338,0.10546009,0.11313845,0.2818019,0.6290049,0.9631644,0.9866946,1.0,0.9507287,0.6164564,0.25336438,0.06462854
0.021102024,0.033583302,0.03537986,0.041978065,0.04832074,0.34128138,1.0,0.97592133,0.32787594,0.0564607,0.033268765,0.03480056
0.06210878,0.12367416,0.09846574,0.042609584,0.105986975,0.49297827,1.0,0.8094126,0.30575854,0.24795216,0.19911681,0.15668945
0.24062866,0.61596745,0.83127123,0.60605425,0.3454608,0.19564386,0.43707842,1.0,0.6669124,0.5653281,0.87348115,0.33833387
0.6567786,0.2774357,0.5468423,0.48598704,0.4759381,0.6272813,0.19640408,0.39657378,0.80950785,1.0,0.32879406,0.46942067
0.4033734,0.14952075,0.27759424,0.24116865,0.5102959,0.8595121,0.23695526,0.14487326,0.4096858,1.0,0.64920884,0.37611088
0.19748005,0.13970722,0.1481729,0.20353815,0.4726761,0.7641846,0.27998438,0.19672258,0.349045,0.70520383,1.0,0.39004523
0.09579782,0.0763948,0.053056076,0.09079929,0.20271587,0.2644647,0.13411894,0.102762714,0.25714985,1.0,0.6094857,0.16269042
0.03691583,0.047728077,0.026886031,0.044504754,0.1615889,0.13445517,0.09292181,0.096945174,0.17713556,1.0,0.30277607,0.057552703
0.0339233,0.027552629,0.02517041,0.078358926,0.16280377,0.07868365,0.064891435,0.09716787,0.5238527,1.0,0.16822247,0.046721473
0.086779766,0.063968554,0.049814984,0.10368145,0.16750063,0.22795247,0.137673,0.14156808,0.56866735,1.0,0.77521217,0.1482798
0.09039569,0.056287874,0.017909039,0.04067993,0.06469086,0.22149658,0.13878119,0.065587126,0.1486946,1.0,0.54576427,0.05166375
0.061838955,0.04881455,0.02735711,0.03136057,0.03516969,0.17696926,0.16508056,0.22318874,0.436531,1.0,0.21557806,0.026848055
0.13730158,0.18524726,0.18130429,0.17606178,0.13206922,0.22331008,0.51197034,0.7526611,1.0,0.9807003,0.4526958,0.124111935
0.47823444,0.39477402,0.28946066,0.25380227,0.19096352,0.22489348,0.2810662,0.4208776,0.59293294,1.0,0.8842098,0.59163177
1.0,0.61814314,0.24979505,0.13087031,0.16698287,0.25415838,0.30403227,0.28384787,0.40144405,0.75780404,0.60033184,0.78627235
0.5013006,0.45491758,0.22078305,0.14996834,0.21547137,0.30826128,0.42361903,0.3090421,0.6090342,1.0,0.4003649,0.26737046
0.10714905,0.11317593,0.098544516,0.09567104,0.19946036,0.35239252,0.30547062,0.30423817,0.80405134,1.0,0.36782223,0.11867281
0.07170233,0.049448486,0.062343776,0.09959626,0.2364793,0.31396207,0.21359499,0.19314429,0.43537515,1.0,0.7267054,0.089667775
0.09554566,0.05581001,0.06749085,0.09900552,0.25101486,0.26258308,0.2407477,0.27718,0.29473555,1.0,0.6733676,0.11548997
0.24300049,0.4663425,0.824825,1.0,0.5509675,0.31489858,0.19007957,0.1819617,0.1520253,0.7173911,0.37538522,0.18835431
0.34688652,0.80554456,1.0,0.5642137,0.15077299,0.044007313,0.024841776,0.027060432,0.024410166,0.04235213,0.03404071,0.08288107
1.0,0.7183756,0.41619658,0.1600026,0.054448128,0.017739074,0.0767501,0.10809568,0.03519148,0.0299554,0.07391916,0.42132667
1.0,0.18017541,0.03295349,0.015632967,0.018358743,0.013671602,0.0847898,0.106789224,0.019905463,0.016759599,0.062103003,0.6517428
1.0,0.1506617,0.007950863,0.0066835904,0.007655453,0.008389184,0.03546212,0.053632885,0.010902228,0.0066395034,0.07900556,0.8077655
0.58053666,0.0367304,0.0033029686,0.0045404187,0.0029571,0.0052927895,0.00967245,0.011766127,0.007549914,0.012875677,0.20018864,1.0
0.21285693,0.007593642,0.0022467675,0.0030913944,0.0025572975,0.013830742,0.02033766,0.0048852144,0.008908289,0.03921995,0.46774587,1.0
0.09865272,0.003147,0.0023696504,0.0025875887,0.0042247195,0.064893864,0.08085745,0.008847678,0.01937443,0.0793685,0.8003688,1.0
0.12101106,0.0060326834,0.002989784,0.003724254,0.007940718,0.13758552,0.22558756,0.031015059,0.014397457,0.06898244,0.7253828,1.0
0.44371545,0.03862438,0.0038673533,0.003693197,0.0059586787,0.1054166,0.3715345,0.15934691,0.016288236,0.026196446,0.32617152,1.0
1.0,0.21878149,0.0086799525,0.0037879283,0.009202475,0.028143814,0.26198635,0.44666842,0.07790047,0.009954534,0.06641192,0.61698556
1.0,0.48392454,0.034596734,0.0039502513,0.007931562,0.0068232296,0.10367659,0.32326135,0.09521907,0.009435592,0.008696945,0.20585778
1.0,0.47118926,0.037636053,0.0040652063,0.0032813596,0.006842907,0.04746906,0.104839,0.03608757,0.01030407,0.009083093,0.2292761
1.0,0.17585038,0.00453004,0.0016339414,0.00185355,0.004396534,0.034926612,0.083769955,0.0148280505,0.0065171514,0.030938487,0.5375913
1.0,0.10412901,0.0013488866,0.0011584102,0.001123154,0.0024581945,0.033532802,0.056167338,0.0057329745,0.003649809,0.0608476,0.76817346
0.9807816,0.07410744,0.0012841838,0.001359176,0.0008087898,0.0045336112,0.083973795,0.093510866,0.006590274,0.0033928752,0.09414643,1.0
0.9095952,0.0676119,0.0019884184,0.0020595382,0.001434768,0.008493063,0.16160077,0.17320493,0.011654272,0.0024657852,0.096603595,1.0
1.0,0.12197232,0.0036829293,0.0018857742,0.0018717512,0.0076531996,0.2282854,0.5070891,0.05070916,0.0036560239,0.05671542,0.7602961
1.0,0.13854294,0.004266079,0.003019065,0.0025875997,0.007265138,0.35480312,0.9156353,0.105308354,0.016575854,0.025831683,0.56680137
1.0,0.23199292,0.0101650935,0.002465335,0.004176034,0.010409387,0.2726275,0.7489627,0.14379068,0.023972709,0.020139707,0.42327455
1.0,0.37878034,0.013812749,0.0013227211,0.0048180264,0.0032138226,0.038030438,0.22763109,0.073931046,0.007902398,0.008607395,0.23277403
1.0,0.3241457,0.011625342,0.0020908369,0.0040000235,0.0037741102,0.021351326,0.09584995,0.03369017,0.007248859,0.0130414395,0.22798312
1.0,0.22704653,0.015298484,0.019420475,0.018219506,0.006004593,0.032485377,0.06232494,0.018863989,0.0062703425,0.018439606,0.33247277
1.0,0.22023253,0.18561624,0.6374184,0.13654763,0.009944695,0.037677877,0.042031284,0.01854374,0.01736923,0.07552017,0.6309586
0.19051754,0.026954697,0.3518868,1.0,0.13806735,0.016776055,0.034115147,0.02567026,0.045086633,0.044602666,0.12054403,0.39122674
0.8592648,0.34129697,0.5753045,1.0,0.5997405,0.30203423,0.1680552,0.2563214,0.695664,0.42978838,0.31837833,0.8778015
0.46454096,0.6851741,0.7736552,0.65841955,1.0,0.3688977,0.13499944,0.22945385,0.60174173,0.31041798,0.08830692,0.14957751
0.048115183,0.051241502,0.24513549,0.897365,1.0,0.16929395,0.044916824,0.068842396,0.08854318,0.039717928,0.03876168,0.05206891
0.050638054,0.0078006745,0.034752283,0.23210332,1.0,0.97122765,0.16119961,0.040917106,0.019587243,0.01819737,0.023166128,0.047315307
0.01031348,0.0031333552,0.020822836,0.20651934,1.0,0.84736097,0.06496305,0.013837574,0.008007003,0.0044335183,0.010625268,0.028554332
0.006954475,0.0029707518,0.01509671,0.34677017,1.0,0.3573143,0.028504761,0.008775596,0.009942646,0.013622644,0.03686361,0.052084327
0.010910104,0.0063872477,0.044921085,0.6482603,1.0,0.15118425,0.025653701,0.0123604685,0.018089697,0.06163955,0.12979108,0.10383128
0.0135164745,0.015723897,0.21500398,1.0,0.5657181,0.05219174,0.04885558,0.027911179,0.11349179,0.28032687,0.3156216,0.07954403
0.024626277,0.08649904,0.6820635,1.0,0.22734547,0.04878391,0.09089301,0.08097509,0.5586349,0.79265827,0.42465657,0.05766518
0.09650051,0.4395584,0.82200056,0.36037412,0.053738333,0.059291456,0.08648553,0.23488714,1.0,0.67560184,0.18818669,0.05981504
0.6447583,0.84820575,0.5346802,0.089894235,0.026591629,0.039459832,0.19757555,0.8381204,1.0,0.4173845,0.2630394,0.25064063
0.7960786,0.65952283,0.40970877,0.143608,0.05049371,0.048509575,0.26953226,1.0,0.95575136,0.3851328,0.5144992,0.59129053
0.6512036,0.58077395,0.55946887,0.5715816,0.5914558,0.46258482,0.3752301,0.5376846,0.9412965,0.99237716,1.0,0.8714419
0.052678358,0.03654344,0.026129711,0.039047584,0.087086,0.37393713,1.0,0.5080103,0.09302985,0.19308698,0.19958402,0.12197382
0.009688877,0.00907612,0.01029037,0.0023728416,0.003766592,0.107272096,1.0,0.87779796,0.07746795,0.021473063,0.034516532,0.031707674
0.0029412664,0.0028659168,0.00752511,0.0014775028,0.00056648994,0.02377603,0.5829175,1.0,0.14468858,0.006301243,0.009927504,0.0098512145
0.0009677057,0.0027045074,0.0067745303,0.0013902427,0.002225646,0.025965022,0.6089992,1.0,0.15889461,0.005315241,0.0044072256,0.0019724357
0.005250947,0.0080487905,0.014367116,0.037929587,0.13809955,0.31707436,1.0,0.7287297,0.08495737,0.023318166,0.024249436,0.00996068
0.017846338,0.07640651,0.52371526,1.0,0.90476185,0.95020586,0.555222,0.2113899,0.14762807,0.2019753,0.22063832,0.067409456
0.008660176,0.19512466,1.0,0.59466374,0.06634104,0.024570854,0.023851998,0.025418252,0.05061271,0.19976036,0.100825034,0.009253101
0.010625777,0.2381786,1.0,0.40279657,0.0322514,0.011010317,0.0113108335,0.013035452,0.02097633,0.098307036,0.026358988,0.0021074202
0.013014904,0.06766084,0.39428765,1.0,0.58408076,0.09907069,0.020729885,0.008705041,0.00786919,0.026331568,0.021972071,0.012394573
0.013273875,0.0030806905,0.08613237,1.0,0.9841789,0.10536938,0.03133806,0.0105123045,0.0092009865,0.02768989,0.03596235,0.024841746
0.018354192,0.0040173023,0.0875386,1.0,0.95652914,0.08632507,0.019599885,0.019914228,0.016132232,0.045336407,0.0395038,0.030223567
0.011418588,0.015312019,0.26256394,1.0,0.43105838,0.02112151,0.007755977,0.013928013,0.01912902,0.056444682,0.03519238,0.029007014
0.016811218,0.18880714,1.0,0.9417108,0.17282549,0.013548132,0.009499086,0.015510365,0.046603512,0.072617546,0.047206692,0.03094385
0.087957025,0.7053616,1.0,0.22679797,0.018185219,0.0073922435,0.0090006385,0.022246968,0.08515692,0.055826467,0.027574841,0.01079778
0.24539748,1.0,0.40414542,0.028564794,0.006280907,0.00989986,0.008480663,0.042374395,0.18895997,0.048724126,0.00792752,0.011063542
0.18580452,1.0,0.4552261,0.027623434,0.00859492,0.011508809,0.019737659,0.07156839,0.46998423,0.19312133,0.0103085805,0.010190505
0.045838464,0.55120516,1.0,0.27410477,0.029259969,0.008450889,0.018951384,0.037541136,0.2604197,0.2453443,0.03237581,0.0028272362
0.0053468067,0.17484057,1.0,0.5437169,0.030587427,0.0016117803,0.007480718,0.00681332,0.024989186,0.059098594,0.025825549,0.0014387788
0.037162047,0.28663638,1.0,0.46742693,0.02770583,0.0033034103,0.0053500957,0.005480812,0.017433913,0.025136046,0.016370889,0.008531761
0.57444984,0.94539815,1.0,0.28246543,0.037322283,0.016053915,0.023850478,0.02430188,0.055012304,0.06267011,0.13456142,0.33443645
0.48013622,0.24940525,0.1388764,0.03726461,0.01049637,0.046651058,0.050917003,0.02460686,0.028112378,0.15002342,0.71846926,1.0
0.28314292,0.08701145,0.08272966,0.04692391,0.026468711,0.096670665,0.080029935,0.05484925,0.07490671,0.29084203,0.9300583,1.0
0.33491972,0.14603612,0.099596664,0.068558834,0.07283123,0.15663792,0.20639162,0.5348506,1.0,0.96779364,0.632603,0.44916555
1.0,0.16395424,0.00779677,0.011674637,0.009088048,0.008574138,0.017555213,0.09038898,0.21733154,0.29800487,0.27804038,0.7488311
1.0,0.26443192,0.003964007,0.002052213,0.0014425621,0.00055168464,0.0022737836,0.004381618,0.0014225263,0.0016961995,0.00654546,0.19222076
1.0,0.1872946,0.002300036,0.00059535116,0.00039983573,0.00018654687,0.0017036053,0.0028792555,0.00066504726,0.0020981722,0.03449618,0.36995292
1.0,0.12715492,0.004154777,0.0010330409,0.00050828804,0.00052414625,0.0032431532,0.010275814,0.035025444,0.0982547,0.30325708,0.8738774
0.18865688,0.046753973,0.015457849,0.012336464,0.0111386,0.03241791,0.17968147,0.52431464,0.87411857,1.0,0.84673315,0.42964092
0.1729761,0.07136293,0.025886822,0.12894957,0.6527778,1.0,0.79318863,0.6433893,0.36475098,0.14086534,0.06578489,0.10244854
0.021680146,0.007161425,0.0026493664,0.016697584,0.409957,1.0,0.35450953,0.06758195,0.034317948,0.016041143,0.007510341,0.021600999
0.014177102,0.008821365,0.0021732887,0.004252712,0.13513233,0.8760942,1.0,0.22441791,0.03288956,0.025614526,0.010401456,0.00834726
0.01821123,0.007841986,0.0044573094,0.0035806797,0.026589265,0.31488773,0.9786072,1.0,0.38255823,0.06696107,0.027269194,0.015900714
0.05566203,0.005172079,0.004033432,0.0073128487,0.002171886,0.016516758,0.14784075,0.8112347,1.0,0.12727217,0.012990826,0.030718144
0.07947409,0.005990392,0.006317115,0.00863069,0.0014521234,0.010096181,0.08476453,0.751832,1.0,0.12339092,0.013910925,0.06481741
0.038684946,0.00664272,0.011177472,0.0053223334,0.009160643,0.093019985,0.43672344,1.0,0.46340966,0.054541677,0.03764178,0.079245836
0.01232677,0.014526868,0.015351309,0.041620225,0.14838588,0.4645603,0.87567925,1.0,0.17854795,0.06172027,0.08245006,0.050524887
0.0073703947,0.005124383,0.02949658,0.4108632,1.0,0.52448744,0.088172175,0.0763873,0.030118283,0.010765515,0.02605553,0.030076187
0.006837171,0.0019471215,0.008782484,0.11212401,0.87533605,1.0,0.17610633,0.018134695,0.014766385,0.008059615,0.0082225,0.012390937
0.010346483,0.0010564196,0.0014712244,0.034924265,0.6845964,1.0,0.1238742,0.006775542,0.013178053,0.010896595,0.0020460223,0.0077271634
0.01750422,0.0016161976,0.0061592874,0.090639524,0.98318106,1.0,0.09256164,0.010579563,0.02741403,0.019942181,0.010041067,0.022945054
0.012702143,0.010594033,0.10563383,0.591956,1.0,0.3932424,0.06400306,0.021596007,0.035532918,0.028781442,0.08986009,0.06946008
0.021219833,0.18014881,0.72946316,1.0,0.4577775,0.08201136,0.03160002,0.042259518,0.101850145,0.14901708,0.17218088,0.0652801
0.11551015,0.8783879,1.0,0.27903637,0.16867957,0.1224803,0.041910183,0.08342188,0.4172603,0.26738834,0.058459174,0.026773266
0.15144315,1.0,0.6001621,0.076838076,0.16232508,0.15285219,0.07046731,0.12644556,0.6426044,0.26938185,0.036300674,0.027284045
0.04072682,0.40244186,1.0,0.7952029,0.2829203,0.11597324,0.070448965,0.068845786,0.2730214,0.29182848,0.09180889,0.014957101
0.005729115,0.039574984,0.32447642,1.0,0.648949,0.09082063,0.03561962,0.027199486,0.034452766,0.045408797,0.048069734,0.016849494
0.0032860434,0.004374211,0.08422066,0.7944314,1.0,0.23278078,0.048677668,0.02324524,0.018999474,0.007521257,0.015000849,0.012876643
0.014574582,0.019941924,0.12122781,0.7553772,1.0,0.41076127,0.12704605,0.060387462,0.09432379,0.023112599,0.019111998,0.017915225
0.45701888,1.0,0.51998705,0.61014646,0.7297839,0.80193794,0.6090329,0.30900633,0.4113015,0.33303177,0.5568606,0.4580177
0.3406955,1.0,0.34929144,0.041056853,0.059763882,0.07469531,0.115028255,0.099166885,0.053653877,0.025854578,0.074708015,0.0515574
0.53652513,1.0,0.4553497,0.11715328,0.13522753,0.10004388,0.20280921,0.3240952,0.049095362,0.035088044,0.06251222,0.075409345
0.4358426,0.23488282,0.15506108,0.24879846,0.32237464,0.1497271,0.47812042,1.0,0.085386895,0.073723026,0.064700454,0.1553148
0.1377769,0.035708707,0.024164518,0.15357378,0.42333773,0.21536878,0.3160485,1.0,0.44620645,0.07348553,0.052982446,0.062124446
0.02489951,0.04068961,0.020788606,0.07598277,0.28746197,0.38691968,0.12740716,0.39569446,1.0,0.16931964,0.033025037,0.024296317
0.010493285,0.031075114,0.01642389,0.04874787,0.21354635,0.33042485,0.07314123,0.27667743,1.0,0.15958633,0.021994472,0.015287675
0.02581897,0.02610025,0.02570039,0.05779105,0.35050407,0.2635948,0.17486359,1.0,0.9892837,0.07931439,0.04872445,0.019817991
0.037229203,0.013034239,0.02075245,0.083800234,0.17757452,0.09744682,0.39404207,1.0,0.25627273,0.044212624,0.0414753,0.032024786
0.03048243,0.011137736,0.02051465,0.07527395,0.065207005,0.22991557,1.0,0.5284495,0.068874046,0.057432957,0.06019371,0.119469956
0.012974933,0.0057427073,0.025743427,0.03810898,0.042370643,0.37870863,1.0,0.11751075,0.062780805,0.05636301,0.09346261,0.15836863
0.026084755,0.013638813,0.033430375,0.07414484,0.08870997,0.3198101,1.0,0.4066891,0.14385226,0.12927608,0.10054946,0.14202122
0.050679658,0.060393795,0.08927355,0.13498148,0.15385939,0.24984217,0.758533,1.0,0.4219527,0.44782615,0.2787961,0.10537931
0.08252989,0.10799086,0.24186209,0.24928045,0.1295355,0.2508721,0.45497867,0.5059494,0.5348333,0.7730288,1.0,0.39077687
0.1562702,0.15052137,0.2356289,0.21300425,0.21936527,0.33998105,0.7366119,1.0,0.932159,0.67296994,0.9787865,0.47972924
0.32986856,0.2586476,0.40590504,0.40619087,0.4413545,0.3925473,0.6432103,1.0,0.9427714,0.81210846,0.7695217,0.57103175
0.369116,0.34299237,0.24173577,0.20579833,0.21867684,0.45167467,1.0,0.857574,0.70946795,0.44630033,0.46484283,0.3612414
0.54196763,0.59472764,0.28168797,0.15606667,0.2833049,0.4705604,0.7853208,1.0,0.885837,0.3285724,0.4194864,0.5000973
0.33916935,0.25215715,0.13916194,0.13567917,0.22776876,0.13212232,0.26856536,1.0,0.65171474,0.20551561,0.504435,0.9084593
0.20114009,0.05630054,0.06608756,0.11780503,0.27793783,0.21339357,0.23671432,1.0,0.492642,0.32414797,0.5909447,0.8170374
0.21950196,0.042119153,0.06835098,0.1148783,0.4736112,0.62111276,0.47646675,1.0,0.690412,0.7115384,0.95378494,0.57093006
0.0795389,0.02824642,0.038807888,0.18423252,0.3558224,0.3377877,0.52158254,1.0,0.4738001,0.32072368,0.55744964,0.42967635
0.035509083,0.028095212,0.10253143,0.26196644,0.17023323,0.22668868,0.7513731,1.0,0.2617945,0.32708883,0.44909933,0.18222018
0.047600303,0.10379249,0.18850832,0.18054333,0.15952748,0.69651407,1.0,0.46011254,0.69064194,0.91301244,0.28185433,0.103878245
0.017829191,0.09772278,0.07540935,0.106327176,0.15492791,0.77673316,0.32905146,0.09199949,1.0,0.681544,0.05296366,0.05934881
0.021948153,0.057606317,0.091825806,0.12404535,0.23244101,0.7568923,0.45471197,0.06813847,0.7310001,1.0,0.13395335,0.03519253
0.04007297,0.02694903,0.10547749,0.16943882,0.38647154,0.6784659,0.47444582,0.07262052,0.22678277,1.0,0.4426065,0.10656292
0.025618508,0.030126853,0.05162305,0.21056162,0.39022467,1.0,0.45579785,0.08221901,0.12208597,0.23543197,0.4107047,0.23888691
0.018773334,0.03153583,0.07932987,0.21016677,0.33142895,1.0,0.707894,0.20416577,0.16985264,0.5359907,0.70540583,0.17509897
0.014406587,0.023203878,0.04767418,0.07108346,0.19743961,0.40969115,0.37285483,0.105895944,0.5237745,1.0,0.2529892,0.022132484
0.061015394,0.03486462,0.037437722,0.1412172,0.38974932,0.47346961,0.19657783,0.212422,1.0,0.7514971,0.09700732,0.03706777
0.26464885,0.04153953,0.06214994,0.7437916,1.0,0.2399434,0.1522681,0.3230101,0.32196945,0.3574378,0.17761415,0.17159733
0.11940899,0.04285138,0.041987587,0.4711294,1.0,0.33965755,0.07349466,0.16842233,0.15242736,0.14917989,0.08936503,0.071618475
0.0603631,0.09727998,0.09341247,0.26986495,0.93688613,1.0,0.15082353,0.18114094,0.61546975,0.84181416,0.32401663,0.053043827
0.051086314,0.06271682,0.12236611,0.24047194,0.54010814,0.49930495,0.20421351,0.15543863,0.53694636,1.0,0.55891126,0.18442805
0.055945154,0.10721102,0.12944403,0.37704432,0.75732994,0.5369902,0.4763684,0.33139503,1.0,0.4821957,0.26713976,0.35521293
0.044091456,0.18484306,0.17824292,0.3681501,0.4628887,1.0,0.784418,0.37055063,0.782239,0.8124653,0.35164398,0.21484186
0.07938819,0.2078079,0.10731811,0.09200825,0.577678,1.0,0.24135596,0.108699635,0.5716573,0.59223956,0.116139084,0.04560542
0.16274141,0.16741583,0.08030834,0.11610686,1.0,0.7492089,0.0893975,0.263491,0.32602844,0.1253999,0.16406702,0.040437263
0.21996081,0.33086407,0.5244482,0.4088637,1.0,0.7760522,0.21274596,0.70803094,0.81969464,0.20237055,0.2735795,0.056131613
0.10366697,0.3703546,1.0,0.6620054,0.25736368,0.30450955,0.14175223,0.19194238,0.27481362,0.09907549,0.07878425,0.02458702
0.3227913,0.5852105,1.0,0.71220046,0.20455296,0.21118295,0.15363514,0.06532343,0.049519625,0.04778775,0.08346505,0.10855805
0.8599466,0.4638962,0.2910537,0.21331587,0.1502188,0.23197778,0.14757098,0.17253645,0.32881963,0.32091814,0.665909,1.0
0.16616413,0.12456454,0.07753055,0.0952875,0.16353704,0.27146468,0.14088349,0.11232864,0.42615378,0.5550649,1.0,0.6040636
0.26926225,0.25230616,0.2501488,0.29353374,0.31268048,0.49495357,0.2902473,0.19990724,0.7823835,1.0,0.76185644,0.42796445
0.24772014,0.27269378,0.34650877,0.76910037,0.66022974,0.79976726,0.436003,0.19173314,0.4056424,0.80314827,1.0,0.53061223
0.12024309,0.0815947,0.27954358,0.7267777,1.0,0.79820055,0.3703331,0.22382769,0.30230373,0.38160923,0.48316243,0.26367444
0.4392143,0.24473692,0.70251566,0.8366632,0.801301,0.9287652,0.54906046,0.60744566,0.41889334,0.37412742,0.6427032,1.0
0.39077178,0.11061547,0.18781868,0.1845933,0.086039126,0.25384676,0.27134338,0.20121752,0.06991956,0.073635176,0.3161258,1.0
1.0,0.17879689,0.049265318,0.061560456,0.045322858,0.08965374,0.15695353,0.1194878,0.02823269,0.017362306,0.09810649,0.8844285
1.0,0.20954746,0.013628757,0.011169138,0.02112345,0.025357194,0.04134156,0.04301371,0.008224956,0.0026526356,0.01265718,0.29736704
1.0,0.15355907,0.008474994,0.0074503645,0.014410918,0.018808242,0.036376055,0.044824444,0.006070789,0.002216854,0.009725061,0.35956475
1.0,0.0705438,0.005884487,0.017081136,0.014205812,0.026470762,0.0840221,0.08144099,0.0064588897,0.004335953,0.03672538,0.8569759
0.64950293,0.02689227,0.00654843,0.029046996,0.02084043,0.034366015,0.121363215,0.08283704,0.00484395,0.004990543,0.06454695,1.0
0.93608224,0.052020393,0.006052391,0.030828618,0.034367006,0.023345005,0.0921185,0.0791163,0.0063061225,0.003943018,0.062801175,1.0
1.0,0.12401377,0.008043309,0.020756952,0.04890204,0.024348535,0.039240204,0.071878724,0.015032833,0.004540267,0.020843329,0.47196898
1.0,0.493365,0.032211542,0.014496979,0.052469715,0.034561764,0.024872454,0.07727717,0.046636585,0.016833888,0.02783751,0.23720287
0.5892025,1.0,0.123387024,0.02811092,0.055721983,0.06927352,0.018212572,0.044932507,0.084134266,0.035605595,0.045067966,0.11241043
0.6830193,1.0,0.12542795,0.038820457,0.06727258,0.0923813,0.053317502,0.062418282,0.08610537,0.02760298,0.03054192,0.10238898
1.0,0.30004862,0.022984281,0.034804173,0.0607365,0.036788426,0.050586008,0.043612104,0.02159314,0.010148144,0.050355077,0.6161693
0.68412906,0.045691513,0.017337875,0.040762413,0.026150776,0.036433328,0.061339155,0.02177055,0.008833529,0.011735898,0.15867747,1.0
0.35280928,0.040465813,0.039165944,0.06995073,0.031070769,0.073560685,0.10469757,0.025142234,0.015972871,0.020544723,0.36602652,1.0
0.536201,0.09884075,0.06837954,0.25571907,0.26582974,0.07852009,0.1213009,0.051779635,0.01824043,0.019639026,0.23595923,1.0
0.37314314,0.122771055,0.028941942,0.2903995,1.0,0.14297566,0.034345523,0.08187218,0.020039946,0.0060192654,0.022987373,0.20262893
0.18296097,0.21701755,0.060412906,0.17039946,1.0,0.29426304,0.022310713,0.07892232,0.07370845,0.013004512,0.008333957,0.02540432
0.33078977,1.0,0.18170445,0.11552213,0.40334344,0.45055583,0.05020705,0.08851951,0.239324,0.04847969,0.016729286,0.022610392
0.5325734,1.0,0.15419713,0.11346049,0.41094196,0.41436842,0.06793594,0.1320157,0.22139661,0.033864543,0.01288334,0.03136498
0.9435987,0.5325742,0.075551435,0.25947535,1.0,0.35289028,0.12983356,0.25837132,0.121398404,0.020366002,0.020408962,0.15012896
0.73780406,0.25052473,0.09122715,0.36732304,1.0,0.21723011,0.13599898,0.28803614,0.07676331,0.0247086,0.026228724,0.18819512
0.47591463,0.22382917,0.09848867,0.28304026,1.0,0.2895843,0.18689962,0.34765455,0.0828776,0.026585538,0.025431274,0.11578428
0.26491567,0.1110938,0.050481003,0.4642787,1.0,0.45358735,0.637117,0.63513106,0.08386585,0.053625975,0.042839885,0.091019556
0.26030368,0.18787247,0.09103431,0.40995064,0.55477273,0.34107572,0.7687159,1.0,0.40563118,0.27966827,0.19335675,0.14267872
0.4417738,0.77777725,0.46631813,0.21337382,0.32029784,0.29862252,0.56003046,0.88324565,1.0,0.861431,0.54878116,0.3355527
0.24811333,0.61509156,1.0,0.45964727,0.19979623,0.121127665,0.19155435,0.33999932,0.39053792,0.35413957,0.24250698,0.18440606
0.101357475,0.09043842,0.4228568,1.0,0.43618327,0.07886569,0.06831609,0.10713021,0.13500006,0.09932776,0.054534487,0.11322424
0.082921624,0.11970522,0.18845491,0.86454594,1.0,0.20417756,0.09523317,0.112104796,0.090119965,0.08309531,0.055859365,0.07285098
0.024850413,0.046958048,0.081929356,0.27014405,1.0,0.42294827,0.049149197,0.039940856,0.04284693,0.038500357,0.041532263,0.032093037
0.007633735,0.0069334386,0.017888105,0.22160017,1.0,0.5037703,0.03910501,0.015751718,0.02251582,0.027897526,0.024615405,0.02272165
0.0053373994,0.004522121,0.012269688,0.18500929,1.0,0.49720073,0.04354301,0.010046792,0.0133175105,0.013815612,0.015411699,0.017948864
0.007725059,0.014952494,0.049695835,0.5818929,1.0,0.1994603,0.01882981,0.008174972,0.007345319,0.008124705,0.048160795,0.0500935
0.009192701,0.030104939,0.27241865,1.0,0.49712384,0.03318347,0.005886476,0.01113905,0.01386725,0.061156504,0.14007531,0.049275838
0.034849517,0.27024126,1.0,0.78778297,0.16606785,0.01895973,0.01547279,0.05838138,0.12083383,0.21141994,0.17179386,0.048022628
0.113432705,0.88237196,1.0,0.14293256,0.030804493,0.016200565,0.02518002,0.205036,0.25299403,0.20766562,0.10806654,0.059006836
0.10359801,0.9201313,1.0,0.12039338,0.038586903,0.010571152,0.016154075,0.12971956,0.16967376,0.15667261,0.07747409,0.032427058
0.031538237,0.34068653,1.0,0.44922948,0.098164275,0.015157128,0.010782477,0.0485558,0.08380169,0.06828173,0.05065397,0.013814055
0.005260703,0.10685769,1.0,0.8800116,0.092737846,0.0055001765,0.009580045,0.026816577,0.03542991,0.017605588,0.016097652,0.005781238
0.044917386,0.3514964,1.0,0.5331098,0.05863389,0.0066278367,0.008210968,0.0064353393,0.008234732,0.008782961,0.0057980614,0.004669381
0.5734225,1.0,0.74518526,0.17206739,0.04258053,0.032753654,0.015573023,0.012868843,0.02275076,0.041329097,0.09955351,0.24548066
0.723519,0.32079825,0.09722791,0.054324314,0.064597026,0.057688214,0.08146135,0.2649903,0.48752418,0.6995195,0.9315039,1.0
0.057545904,0.047349565,0.062592685,0.029907104,0.056422833,0.07212905,0.28871822,1.0,0.77151465,0.481827,0.36861032,0.13265243
0.67766196,0.94337016,0.8285474,0.5229636,0.52264637,0.48322666,0.50620437,0.7511251,1.0,0.7008482,0.4908273,0.46310678
0.27010873,1.0,0.7475841,0.19144318,0.13526526,0.15280697,0.27800602,0.16469829,0.041345965,0.069502756,0.0457453,0.07134569
0.07122071,0.49217352,1.0,0.38022283,0.06613964,0.037783254,0.10325465,0.19810432,0.095000915,0.034154847,0.026321193,0.024057314
0.020814799,0.106670916,0.84028876,1.0,0.061501335,0.017675392,0.021799758,0.21361715,0.23759386,0.016983999,0.014164015,0.01756826
0.021045778,0.12376998,0.883221,1.0,0.05262765,0.029829452,0.10117008,0.26820138,0.19292195,0.01154078,0.0082522,0.010052307
0.24358791,0.5243419,1.0,0.48111382,0.070258744,0.3117213,0.59639835,0.36478597,0.079144314,0.014978239,0.012566572,0.0402345
1.0,0.5049393,0.24761315,0.16230662,0.2816062,0.8206432,0.5790718,0.095313475,0.039716765,0.022728227,0.040904824,0.33611122
0.7449441,0.7396172,1.0,0.42602867,0.20802142,0.37079322,0.22073199,0.04658249,0.04341531,0.027478384,0.06431103,0.40527305
0.25813615,1.0,0.8530369,0.25580704,0.060722608,0.0828611,0.07036124,0.07114711,0.061658513,0.014157626,0.016062919,0.033161283
0.49286938,1.0,0.9357079,0.5459198,0.22245036,0.14473377,0.13302816,0.13558306,0.10218714,0.021250764,0.033576444,0.09993928
0.61253136,0.99548745,1.0,0.42354363,0.2831908,0.21631701,0.15082376,0.11676653,0.1097658,0.037883233,0.024754107,0.12479878
0.89180106,1.0,0.9564392,0.62019366,0.4724898,0.40327385,0.4021022,0.5144907,0.3976088,0.064398594,0.02522763,0.21529993
0.20550181,0.6118325,1.0,0.3544278,0.13469663,0.11041414,0.19969924,0.26805165,0.20106162,0.027620709,0.013833899,0.04359834
0.3200662,0.4826883,1.0,0.47619462,0.11054311,0.118049994,0.29573643,0.21265842,0.18714516,0.04406502,0.022400346,0.0768921
0.44624624,0.3727519,0.89562476,1.0,0.119066395,0.12633768,0.36266539,0.33129716,0.2874421,0.06546722,0.05706283,0.12183322
0.37280908,0.31352037,0.49130544,0.7219949,0.6337441,1.0,0.74671865,0.7859973,0.5792243,0.31809923,0.16450834,0.25702125
0.31185058,0.045215882,0.09037747,0.45115986,1.0,0.58538926,0.11908505,0.14429218,0.14840946,0.17448217,0.19332471,0.536793
0.78962076,0.0632054,0.06741943,0.38141608,1.0,0.35627642,0.028061412,0.041334096,0.046055485,0.051916417,0.0835788,0.8473059
1.0,0.28172472,0.033108722,0.04001055,0.15632583,0.12632702,0.025014982,0.006948478,0.0073605734,0.0050679166,0.012914888,0.36174062
1.0,0.8990864,0.16865242,0.014757406,0.023756122,0.06716669,0.04796169,0.0140718315,0.003943722,0.0027141264,0.005499265,0.13410084
0.4186069,1.0,0.54811734,0.10188385,0.01508939,0.024478933,0.047457006,0.047476098,0.018731121,0.0055567636,0.007786257,0.043575436
0.25963858,0.6883422,1.0,0.94916916,0.39042205,0.084606975,0.050319497,0.11968297,0.23659036,0.13876666,0.03989919,0.050338686
0.09259861,0.3610879,0.97807485,1.0,0.252767,0.03866171,0.037288487,0.07210416,0.11086106,0.057793226,0.016051264,0.018290596
0.101740345,0.64589834,1.0,0.3784785,0.03236121,0.020087726,0.038078025,0.028103085,0.01256715,0.005141238,0.0033835855,0.006886897
0.3835186,1.0,0.7944536,0.17867869,0.030302517,0.11219158,0.08179853,0.018871894,0.0062281946,0.009070197,0.00673341,0.026693607
1.0,0.6935082,0.21613194,0.14513314,0.13097833,0.7860513,0.3536501,0.06391293,0.024673937,0.037914198,0.03515202,0.11406583
0.44312683,1.0,0.5373446,0.15213814,0.08666864,0.29943663,0.30598915,0.0975703,0.03361981,0.032069117,0.040158615,0.07220128
0.18880157,0.5475952,1.0,0.775853,0.19818102,0.07818211,0.1086073,0.09026597,0.05564008,0.031014143,0.03821817,0.06784676
0.15557502,0.17457108,0.5787937,1.0,0.24943417,0.09864686,0.07921847,0.035325896,0.041462634,0.032732382,0.08113527,0.112074785
0.25290856,0.19314992,0.7039147,1.0,0.43266302,0.23095345,0.0953613,0.037877943,0.051542673,0.052550368,0.12585631,0.15679424
0.13098457,0.16548952,0.46110258,1.0,0.74281156,0.16654909,0.09146567,0.106017776,0.07478034,0.043240484,0.047060434,0.059535276
0.16408955,0.56940436,0.7825987,1.0,0.5751826,0.32636204,0.8229803,0.3121764,0.08134002,0.04229881,0.06117002,0.055102855
0.26095438,0.9062852,0.3898703,0.10051803,0.09637828,0.4063771,1.0,0.18448457,0.0263754,0.02951728,0.06452111,0.0632883
0.26646188,1.0,0.6977709,0.117208086,0.044199973,0.06933573,0.17079037,0.10285046,0.028896734,0.016080054,0.023843002,0.053998046
0.33433822,1.0,0.9159874,0.24098293,0.06816657,0.051461246,0.068957016,0.06393528,0.054986347,0.05355348,0.08430053,0.12281685
1.0,0.55940145,0.5619827,0.3104017,0.13985077,0.23578815,0.17500646,0.05989342,0.07614171,0.16488014,0.4662611,0.88998884
1.0,0.5501012,0.12975001,0.088685215,0.026164738,0.04024552,0.07154663,0.04826746,0.019965632,0.016280178,0.04137093,0.19792241
0.96479625,1.0,0.49129486,0.2538176,0.07849888,0.039783657,0.068439536,0.34493238,0.35652962,0.12780912,0.0497975,0.1207283
1.0,0.8751967,0.4862013,0.16737685,0.040337052,0.04118361,0.25899652,0.7556033,0.6093703,0.14711912,0.05350464,0.18167482
1.0,0.44735983,0.16648516,0.040440075,0.013617541,0.028702632,0.3243838,0.41035983,0.21005139,0.05250041,0.041707925,0.2860041
1.0,0.29772738,0.041685253,0.02829694,0.02982459,0.041539043,0.1912848,0.35843298,0.084799185,0.03578266,0.03781556,0.3571223
1.0,0.32509375,0.025153093,0.021562645,0.03813327,0.0410509,0.14954247,0.5799562,0.15304567,0.026430542,0.033058956,0.3102911
1.0,0.38326457,0.04385268,0.026215848,0.067240655,0.06867627,0.15568756,0.6400338,0.23254906,0.036834095,0.04208808,0.2835064
0.84737915,0.4390568,0.08027099,0.091153696,0.2793991,0.15289025,0.21987984,1.0,0.47109678,0.07425928,0.08055036,0.22232985
0.39471614,0.09206465,0.05628168,0.12837222,0.21902066,0.09225418,0.30095538,1.0,0.35347474,0.18320228,0.10305917,0.2818755
0.39015833,0.12223568,0.3031599,0.29992142,0.17077571,0.16287778,0.32716823,0.53815204,0.5421787,0.42888233,0.28876567,1.0
0.30572698,0.7986048,0.7520293,0.4431611,0.35740128,0.29717267,0.2910426,0.76442826,0.8081851,0.58713615,0.5608737,1.0
0.2554238,1.0,0.30864868,0.13020805,0.27209342,0.1275597,0.1785137,0.5226667,0.21275425,0.26724276,0.2069968,0.14241251
0.45862132,1.0,0.46294206,0.16607662,0.26595634,0.26096684,0.27826202,0.8429156,0.55740654,0.38549164,0.6017171,0.5497567
0.42476282,0.3909065,0.16817488,0.098633274,0.17611304,0.20086482,0.1958597,0.957155,1.0,0.22144838,0.3187519,0.37555322
0.77103585,0.96492714,0.16757481,0.078735776,0.12463063,0.16432244,0.13378863,0.6309938,1.0,0.19521038,0.09582867,0.12119783
1.0,0.9060972,0.13215925,0.044870235,0.05972639,0.08037731,0.14893344,0.48629373,0.57515645,0.32757887,0.28177077,0.3262789
0.5741901,0.18488626,0.043093994,0.046778556,0.06493361,0.1326084,0.3611794,0.45779157,0.29831243,0.18754989,0.5429001,1.0
0.3344584,0.15442635,0.045290124,0.033904217,0.04444394,0.12629782,0.19505815,0.14725316,0.15856844,0.11154386,0.52278036,1.0
0.6988957,0.24558926,0.07976889,0.023667675,0.02197969,0.031834275,0.12456405,0.12360823,0.08412989,0.06079696,0.2480109,1.0
1.0,0.2947168,0.18205073,0.039257452,0.021714939,0.018198803,0.09337764,0.11670742,0.0460274,0.025983758,0.13664615,0.94404817
0.6322892,0.18772426,0.25653154,0.12813616,0.04993648,0.017825155,0.049265523,0.08541981,0.10232623,0.17188239,0.49443164,1.0
0.27385587,0.1501963,0.2975499,0.35360044,0.21931852,0.27684188,0.54774034,0.69749874,0.6745847,0.85842246,1.0,0.63890994
0.26986468,0.29165474,0.389598,0.4544586,0.62635684,0.964767,1.0,0.7020149,0.41216168,0.48971492,0.523283,0.40177426
0.5410724,0.8522491,1.0,0.59636563,0.4098459,0.3512859,0.35369596,0.37838638,0.7213287,0.8062172,0.8182353,0.7436572
0.5796504,1.0,0.63004655,0.33510667,0.16844472,0.13281526,0.14391862,0.20226923,0.26382405,0.23511368,0.2417746,0.5501874
0.7467194,1.0,0.59129816,0.33841196,0.281732,0.27692652,0.2870688,0.38548243,0.40259466,0.47730258,0.5508043,0.9801599
0.48921898,0.34513858,0.3147983,0.2632192,0.18172528,0.18840687,0.23763998,0.29607654,0.28435767,0.5022194,1.0,0.82444227
0.25508854,0.1876528,0.1683267,0.19378322,0.08860043,0.10270864,0.12714998,0.17210759,0.124483265,0.38619283,1.0,0.31367257
0.19380789,0.17027621,0.36887655,0.27077112,0.10483263,0.10118145,0.15210377,0.17932537,0.14458281,0.4530925,1.0,0.20153211
0.0959693,0.20321064,0.8755903,0.47387713,0.1557453,0.1652382,0.22314623,0.6277859,1.0,0.44491228,0.21775699,0.08817136
0.022426153,0.042710926,0.15648884,0.28101668,0.2046469,0.08244611,0.0925332,0.31037605,1.0,0.512696,0.09539502,0.025636971
0.039118122,0.084976286,0.07746938,0.15507251,0.14842913,0.45670372,1.0,0.5165958,0.4356316,0.2403513,0.068321794,0.018136492
0.034438793,0.044977147,0.014320904,0.010551447,0.05942737,0.73372,1.0,0.17547841,0.03753078,0.028038476,0.013142628,0.007035088
0.024095848,0.01826996,0.004620589,0.0053089717,0.08691514,1.0,0.78699136,0.07852806,0.028896796,0.023938213,0.010952926,0.0072558126
0.011709269,0.049925447,0.054624967,0.021573694,0.05788952,0.6857674,1.0,0.26255542,0.071917094,0.02688065,0.010929606,0.009331792
0.049045246,0.12949525,0.33701056,0.21053077,0.18318139,0.5484075,1.0,0.71106523,0.5530737,0.41563687,0.19676496,0.07652533
0.1765465,0.15609711,0.3457694,0.22695062,0.40188962,0.9505602,0.6573862,0.66975945,0.8287695,1.0,0.8816947,0.3350618
0.3134875,0.25334337,0.7054791,0.65246457,0.49974653,0.6259979,0.40743002,0.73006105,0.92893696,1.0,0.9645789,0.6720068
0.4860537,0.4181979,0.67239636,0.5458351,0.3923889,0.2455725,0.40641314,0.8427196,1.0,0.67019165,0.68712807,0.72727966
1.0,0.5330918,0.80456626,0.32970133,0.7588096,0.47733963,0.5885991,0.7494214,0.7364165,0.32066762,0.2811249,0.90307105
0.5037903,0.40896237,1.0,0.28170785,0.67848873,0.49457148,0.5560667,0.29357994,0.2386148,0.10253212,0.075605944,0.47425017
1.0,0.63288623,0.42535073,0.37265593,0.38524947,0.64509964,0.45385966,0.17178667,0.081816785,0.055801775,0.03585246,0.2714209
1.0,0.88967925,0.3833277,0.37957808,0.36201027,0.6413702,0.58074015,0.17105803,0.06469729,0.06405365,0.10315393,0.22837284
0.6384664,0.63849545,0.86950374,0.59690756,0.30288142,1.0,0.7732077,0.12685697,0.06533641,0.0839986,0.59946245,0.8976591
0.22461532,0.27397028,0.6233075,0.5789906,0.21347949,0.7653669,0.7876226,0.0636592,0.035285372,0.053572323,0.6002654,1.0
0.48926854,0.5140578,0.5786166,0.4268835,0.5253022,1.0,0.48628584,0.093393624,0.078323394,0.114626646,0.35928062,0.48788854
1.0,0.68615776,0.6821662,0.78735644,0.8339002,0.62811834,0.2809658,0.14975554,0.09664992,0.084652975,0.084203325,0.4112026
0.976399,0.44278148,1.0,0.7923961,0.90065235,0.831838,0.21177097,0.09474148,0.09295219,0.1104523,0.057928823,0.4325808
0.59751624,0.40407467,0.70573604,0.6324444,0.9762174,1.0,0.47297215,0.37918738,0.22506605,0.18029216,0.085424155,0.21691954
0.17607567,0.14973043,0.27359855,0.30698285,0.61164516,1.0,0.3875626,0.21325323,0.22838122,0.37006804,0.29296,0.114114285
0.13971138,0.07292451,0.089776315,0.08752011,0.32538164,1.0,0.43703976,0.07037007,0.05613098,0.23388481,0.49713194,0.3666259
0.7333633,0.21159056,0.11286103,0.23478095,0.22536325,0.484942,0.6930391,0.31610876,0.09979839,0.14223324,0.34743047,1.0
0.95462006,0.4724669,0.27207002,0.32887045,0.3085192,0.3596296,0.5417467,0.29052514,0.24577719,0.18074255,0.3324448,1.0
0.52804244,0.537335,1.0,0.83323175,0.2629835,0.24379794,0.19155148,0.07630175,0.119785026,0.117628574,0.20859832,0.3021153
0.083803445,0.11128409,0.5489243,1.0,0.40068442,0.11507033,0.038815454,0.022769177,0.052664872,0.07640265,0.17214729,0.14977431
0.16654608,0.1153,0.30640167,1.0,0.9555066,0.5428707,0.15814665,0.039792724,0.08372308,0.10751632,0.17235619,0.2775575
0.36736414,0.22033265,0.22036868,0.38141614,0.78238934,1.0,0.39383206,0.07822381,0.10997615,0.11253708,0.16041172,0.26664743
1.0,0.5500095,0.3039559,0.34130293,0.45072994,0.95455515,0.8014136,0.2814245,0.19719826,0.20057407,0.36116543,0.4507148
1.0,0.49317855,0.3378963,0.4344185,0.26434094,0.5618089,0.66074973,0.28420427,0.19648582,0.15743709,0.2889194,0.4800728
0.87546694,0.3936035,0.8050875,1.0,0.47216138,0.9199276,0.9087615,0.58321744,0.5206029,0.22148275,0.37313166,0.58824503
0.8562472,0.37909195,1.0,0.7937711,0.47491243,0.73091453,0.52169156,0.6300044,0.75419724,0.29000512,0.43737048,0.92582166
0.91490716,0.39814234,0.74234974,0.63742924,0.35470206,0.4622525,0.44861946,0.44031787,0.50281686,0.207482,0.35885215,1.0
0.5392434,0.35534203,0.4235674,0.5730578,0.3040566,0.39620113,0.4137049,0.24436109,0.27826232,0.26880637,0.4333349,1.0
0.71000195,0.49241158,0.38645655,0.74799967,0.29014945,0.3525464,0.4960696,0.4175601,0.3979451,0.32864085,0.5719114,1.0
0.64086705,0.51788354,0.7032029,0.9628608,0.4801682,1.0,0.9416613,0.5792919,0.5826096,0.42972925,0.77892166,0.9400323
0.51455176,0.44054747,0.7802887,1.0,0.547838,0.7893237,0.99580586,0.60287434,0.5481988,0.278473,0.5834064,0.6558773
0.9083291,0.67860484,0.88625664,0.898622,0.6019419,0.7073848,1.0,0.97712046,0.8603396,0.43119323,0.6814194,0.78551835
0.54497075,0.6035788,0.5130008,0.4283441,0.3924106,0.50297827,0.82599074,0.96154064,1.0,0.5212284,0.503255,0.52185357
0.24495557,0.3378094,0.38167483,0.40927708,0.46832854,0.42963812,0.5191441,0.9413327,1.0,0.49867642,0.47245508,0.31044003
0.5929134,0.5285689,0.38246015,0.45278597,0.6000654,0.46205384,0.49490795,1.0,0.992528,0.59251595,0.4703547,0.4443799
0.14457962,0.1816478,0.11200846,0.10554716,0.12690644,0.13032842,0.19285204,0.3414996,0.42217922,0.93359923,1.0,0.27575356
0.018263929,0.01742417,0.011194364,0.01411451,0.027345093,0.026566587,0.025927769,0.037659835,0.07396386,0.6622016,1.0,0.14095414
0.009341587,0.008902628,0.0076166973,0.009036461,0.03388597,0.028387364,0.012188492,0.012790148,0.041740768,0.6535379,1.0,0.0960143
0.0077722794,0.008175804,0.00955181,0.013841397,0.07998133,0.08224042,0.025980262,0.01810058,0.045611784,0.6872016,1.0,0.07393805
0.024067026,0.048351653,0.022858404,0.103063405,0.44376072,0.24062689,0.051185235,0.037257995,0.10263132,0.95509315,1.0,0.08306728
0.05625299,0.095515974,0.11075505,0.92595726,1.0,0.13233985,0.043388356,0.0400795,0.18860982,0.48286393,0.29973862,0.03096821
0.028036602,0.035855714,0.31147012,1.0,0.7009911,0.051190063,0.018424815,0.040587008,0.08278628,0.06813195,0.036871895,0.015004306
0.05636686,0.11359804,0.88477117,1.0,0.68650174,0.14818929,0.083442695,0.14221367,0.12823461,0.08652439,0.088922635,0.07481092
0.08528537,0.24433772,0.80786943,1.0,0.7400997,0.42360392,0.2918034,0.21926129,0.22640952,0.27907863,0.38603196,0.20335339
0.04422478,0.09792158,0.4879948,1.0,0.64316833,0.23406756,0.2727894,0.13248661,0.15585095,0.2113017,0.32621893,0.10712546
0.055422377,0.13580693,0.6040134,1.0,0.44388196,0.513396,0.4071399,0.10716713,0.055164326,0.15080145,0.30169043,0.13321894
0.029248916,0.10764712,0.41650072,1.0,0.47950497,0.29306135,0.20254327,0.033376146,0.014600867,0.04559018,0.08841766,0.044613346
0.0063224323,0.016607063,0.09386377,0.7068736,1.0,0.13896863,0.029116085,0.007523352,0.0045500817,0.011382418,0.048817597,0.03914195
0.0032865647,0.0020443297,0.010574765,0.31202757,1.0,0.54976195,0.042017464,0.0020785464,0.0017257773,0.0025218574,0.016909342,0.029984182
0.0051240614,0.0009303825,0.0026935264,0.09263033,0.6107111,1.0,0.14251873,0.0021970007,0.00091458485,0.0014542943,0.002475783,0.010852378
0.0020367429,0.0008968011,0.0006994443,0.010641959,0.24696706,1.0,0.25237077,0.0043417634,0.00039564166,0.00072298775,0.0009557732,0.0029515706
0.0010469597,0.0026125256,0.001190794,0.006278997,0.14716569,1.0,0.3800957,0.009317763,0.00036926387,0.0008182979,0.00087292364,0.0009697594
0.033689886,0.044055678,0.048248082,0.08755508,0.22534676,1.0,0.7314772,0.0539242,0.0044881785,0.006028454,0.010760053,0.018954819
0.64286196,0.3562247,0.17324935,0.22116184,0.4409854,1.0,0.59358764,0.098842315,0.027811237,0.092194304,0.27651352,0.5425525
0.55750585,0.276632,0.109400354,0.2595322,0.49998403,1.0,0.5366642,0.06455009,0.080938056,0.28248507,0.47801882,0.65106386
0.112320766,0.11852691,0.12626858,0.2528007,0.45063317,1.0,0.3970817,0.067229085,0.10212091,0.36987475,0.21024415,0.14247763
0.32976878,0.3497132,0.45964813,0.40834093,0.39013854,0.6083208,0.3926674,0.21629877,0.370487,1.0,0.9854614,0.44139352
0.21854743,0.23912774,0.31221932,0.23761337,0.23721862,0.26348546,0.17591387,0.28512552,0.7338986,1.0,0.43964952,0.34652475
0.3610107,0.43232274,0.4970845,0.6913966,0.5995008,0.37682313,0.24971704,0.39395875,0.87037,1.0,0.8496046,0.43603843
0.60201144,0.7658407,0.7125076,1.0,0.52704686,0.3109121,0.26814792,0.3307146,0.31499803,0.26954195,0.41723418,0.33591774
0.5622731,1.0,0.41604856,0.37100464,0.5371934,0.42136204,0.34379387,0.19704688,0.1264038,0.32120404,0.49232858,0.15710841
0.11837337,0.20018108,0.10465528,0.15649824,0.3403071,0.30088952,0.16656318,0.27002797,1.0,0.62395173,0.41137937,0.12561461
0.03484483,0.04054924,0.050121706,0.107030235,0.10687905,0.06929301,0.09398201,0.18430538,0.7391221,1.0,0.45311972,0.1522143
0.09667371,0.13198447,0.18196325,0.22565253,0.18741685,0.13265572,0.43791038,0.52688,0.4891978,0.97143453,1.0,0.34160522
0.19445485,0.2153714,0.29571846,0.3509335,0.2303683,0.37754256,1.0,0.90087384,0.38509196,0.47182465,0.4288647,0.15314706
0.06504611,0.27005726,0.26242504,0.16259612,0.25525603,0.26204708,1.0,0.624506,0.12245751,0.20307992,0.60841644,0.23599552
0.048201893,0.23428221,0.60349745,0.10351934,0.27413958,0.35752553,0.6143702,1.0,0.09373143,0.051991064,0.45396858,0.5612622
0.25825924,0.1828899,0.571628,0.18439038,0.49368134,0.61809343,0.374093,1.0,0.3397206,0.20197847,0.34254944,0.90554506
0.3324847,0.21772526,0.11908887,0.23983371,0.506091,0.22080588,0.3802632,0.4537308,0.65555847,1.0,0.3184586,0.3275457
0.08693213,0.1485337,0.031072354,0.09040465,0.28658095,0.12019096,0.18153352,0.18111357,0.27989697,1.0,0.29426357,0.048422787
0.16259195,0.13005027,0.089103885,0.13282466,0.23635386,0.22851956,0.26559228,0.22367726,0.4348924,1.0,0.29278085,0.13585782
0.31913462,0.24256782,0.3489674,0.2648937,0.3447588,0.44640252,0.76821566,0.74896467,0.614362,0.84147465,1.0,0.65487236
0.07488489,0.17061819,0.094095655,0.11739287,0.15067378,0.16457367,0.4989654,0.2850531,0.23877272,0.60725266,1.0,0.20979409
0.22280785,0.3198383,0.10009722,0.37386107,0.42555624,0.84828955,0.8292329,0.46133813,0.7609812,1.0,0.90125257,0.10159967
0.15876396,0.11841053,0.07072319,0.15802541,0.33173394,1.0,0.7830087,0.44335854,0.313075,0.14189371,0.092162535,0.07637014
0.04212343,0.042259123,0.03028887,0.04019859,0.10680762,0.418343,0.7591978,1.0,0.9831585,0.49809742,0.18608297,0.04094502
0.014009777,0.0067418045,0.0061471276,0.012288307,0.021285407,0.018458162,0.04309991,0.1697481,0.87686497,1.0,0.24498887,0.023485955
0.009947815,0.0074757137,0.008160128,0.022789294,0.024468444,0.01142061,0.026468582,0.15876256,1.0,0.9904728,0.1995827,0.01989935
0.026660686,0.026178764,0.050698344,0.05993687,0.07143871,0.20194003,0.5385404,0.9372101,1.0,0.3982177,0.085412756,0.03924971
0.040397745,0.024513107,0.020432813,0.032084014,0.32622755,1.0,0.7176268,0.30632567,0.10653999,0.04857372,0.024164332,0.025406692
0.033572696,0.0052152546,0.003178348,0.05625079,0.6687518,1.0,0.17430289,0.014723237,0.026349837,0.025977157,0.00648533,0.025582144
0.044265117,0.0053978665,0.0031357007,0.09008815,0.90158945,1.0,0.14000387,0.024105841,0.027010247,0.021060769,0.007985389,0.038394015
0.05540582,0.017889861,0.011469031,0.07256746,0.5752371,1.0,0.4756766,0.29878837,0.37867275,0.35004112,0.16989356,0.067565665
0.041952383,0.010233334,0.009954799,0.01594056,0.031592187,0.05081874,0.05297722,0.0754524,0.22864372,0.7919748,1.0,0.35312414
0.026443642,0.029035216,0.024867633,0.0063579534,0.0129368305,0.022666581,0.006327792,0.0077358084,0.04133544,0.47855213,1.0,0.32459038
0.04563347,0.06362555,0.054469388,0.03866668,0.024833007,0.022372648,0.043498967,0.19242762,0.54669243,1.0,0.7347993,0.17346601
0.110951535,0.24080093,0.22690292,0.096519,0.042021036,0.15996043,0.5908542,1.0,0.868119,0.5044209,0.21667913,0.07677367
0.42182353,0.5611051,0.24361268,0.14747779,0.5676011,0.76711047,1.0,0.9020895,0.82067686,0.473927,0.24030994,0.3058992
0.30790702,0.16321093,0.26889423,0.30599695,0.99234664,0.31319076,0.107858025,0.37222633,1.0,0.2503419,0.16085742,0.69315916
0.31073543,0.19830851,0.6850531,0.90836143,1.0,0.72031325,0.20883037,0.1864714,0.4578501,0.16851762,0.109609134,0.5237986
0.09557888,0.11705178,0.40601438,1.0,0.7255632,0.5260387,0.2477507,0.17879212,0.1807347,0.15099648,0.043454424,0.07642388
0.051065587,0.14525434,0.26369858,1.0,0.70598733,0.18725987,0.18027692,0.34906843,0.24108906,0.40917867,0.14714666,0.021176884
0.07884102,0.19305554,0.13864824,0.19756904,0.16778189,0.057909235,0.040870514,0.16046193,0.3585037,1.0,0.4031943,0.044485122
0.051558886,0.075177096,0.061085995,0.038664322,0.05074712,0.035966113,0.08247811,0.31533667,0.8963281,1.0,0.3439831,0.08334531
0.1485626,0.1105048,0.083221994,0.034571625,0.05688759,0.17845298,1.0,0.92232347,0.4699632,0.19439137,0.094391525,0.15955538
0.22345702,0.07457828,0.027303386,0.01070057,0.02080793,0.18804608,1.0,0.5645481,0.05712072,0.026276689,0.018264038,0.079825066
0.355729,0.20631374,0.051569115,0.02662358,0.034479473,0.220395,1.0,0.7934861,0.13727808,0.061855037,0.026376074,0.06558697
0.7173182,1.0,0.40226424,0.21509238,0.1350901,0.19755374,0.51278275,0.8894798,0.50893503,0.34086567,0.15422483,0.19839011
0.7767396,1.0,0.54819524,0.30874103,0.14297508,0.12798226,0.16032794,0.168462,0.21984309,0.52635515,0.70640606,0.6860387
0.5742298,0.6395911,0.874591,1.0,0.79947996,0.4377726,0.5084748,0.46393353,0.31243905,0.372309,0.6501195,0.7131678
0.32648394,0.3425732,0.2895428,0.4809451,0.751971,1.0,0.5709192,0.48753908,0.449423,0.38170695,0.40743318,0.29162076
0.1862965,0.355098,0.39175996,0.5383967,1.0,0.42532608,0.11954787,0.1713698,0.17460541,0.2614498,0.2664014,0.18309894
0.30377978,1.0,0.6781184,0.23393884,0.16346186,0.06767178,0.049119305,0.120022886,0.1844136,0.16465686,0.17465135,0.13349771
0.36176017,1.0,0.55140495,0.110813476,0.07569616,0.03379879,0.033723563,0.3022784,0.2800954,0.1003264,0.22579269,0.08805308
0.35179567,0.4162314,0.25108764,0.15832122,0.18678086,0.055204533,0.12930568,1.0,0.8582707,0.23089603,0.26855552,0.27288067
0.2459095,0.08185207,0.35704613,0.2799366,0.171603,0.17138658,0.22069524,0.62291074,0.90887135,0.33394367,0.47177306,1.0
0.10712117,0.14384824,1.0,0.4454863,0.11615452,0.6111435,0.426177,0.11873454,0.47627738,0.1482443,0.5050121,0.6365377
0.04168664,0.1210068,1.0,0.76813203,0.10928989,0.47044304,0.454202,0.0719291,0.16430686,0.055572234,0.110061936,0.09205661
0.06989419,0.05726286,0.41515422,1.0,0.58452713,0.20114736,0.30472276,0.18433915,0.07235732,0.030575689,0.029018948,0.06072475
0.14022534,0.054673966,0.07184987,0.39483705,1.0,0.24263951,0.10856821,0.3167092,0.09032328,0.0148429815,0.02127785,0.040595073
0.46884528,0.10168452,0.07426716,0.23650348,1.0,0.50412184,0.3466935,0.8041412,0.1395187,0.04375471,0.058049966,0.1753991
0.974448,0.13713032,0.037721127,0.13099858,0.28104013,0.17291021,0.38401836,1.0,0.13079348,0.048700865,0.06643891,0.37274098
1.0,0.10295196,0.022048425,0.0872451,0.1211449,0.029186206,0.23388109,0.50040907,0.060797844,0.030418372,0.041085795,0.55381966
1.0,0.10041411,0.014399412,0.08596622,0.10214776,0.015689598,0.09987529,0.1682819,0.016842308,0.01234898,0.02966685,0.6062349
1.0,0.29836884,0.026096314,0.052131865,0.11746706,0.021291932,0.03444428,0.12418313,0.041974243,0.009323299,0.017837511,0.35773826
1.0,0.8034012,0.0791681,0.018267678,0.0897832,0.03952671,0.014559984,0.16102968,0.14876764,0.01208712,0.007838647,0.12319095
0.8730432,1.0,0.121637784,0.012033855,0.042562373,0.03510795,0.007312226,0.11384471,0.16891657,0.011079471,0.0069264662,0.060314734
1.0,0.57318354,0.05817122,0.008801996,0.037724894,0.020616869,0.014232928,0.08160458,0.0657858,0.008050522,0.019284988,0.24457735
1.0,0.17140177,0.0109918155,0.010251907,0.025645498,0.023145603,0.059803523,0.07114627,0.014203583,0.016229095,0.15745296,0.9202817
0.29361862,0.018380186,0.0043192836,0.008105303,0.01733929,0.03178381,0.062319998,0.015807202,0.0069005294,0.03621264,0.42498994,1.0
0.26504037,0.0112543,0.0021128864,0.0030925865,0.008344264,0.017916746,0.04396262,0.008624852,0.004181904,0.035554647,0.44500408,1.0
0.85660386,0.12479483,0.010520811,0.0044621383,0.005124522,0.009255776,0.051725507,0.035298187,0.007013613,0.018487917,0.2112088,1.0
1.0,0.42061684,0.034299206,0.004291601,0.006992577,0.006027791,0.031238386,0.06379997,0.032125678,0.007229869,0.022534156,0.3385158
1.0,0.5105485,0.07317449,0.01071451,0.011511045,0.014530359,0.03758445,0.08993011,0.048442803,0.01286257,0.04063306,0.3574661
1.0,0.2750184,0.19370145,0.059613835,0.03147745,0.03091341,0.028980039,0.066625424,0.03454247,0.023031754,0.1542514,0.7999117
0.8243926,0.6796146,0.9697731,1.0,0.4260836,0.10222228,0.09285202,0.12674893,0.1322089,0.044025738,0.17679425,0.7155708
0.21930325,0.09839348,0.504154,1.0,0.62538457,0.33305186,0.38478252,0.42788416,0.32915208,0.11862478,0.1930892,0.35925493
0.6646415,0.3476669,0.76039284,1.0,0.7639532,0.63532245,0.68605554,0.7748649,0.5206215,0.26937044,0.3622953,0.9107204
0.7021509,0.45387733,0.5357277,1.0,0.8491567,0.38002503,0.42144746,0.7461594,0.41382506,0.25910395,0.4645833,0.9341967
0.5688931,0.34140614,0.5244242,1.0,0.8267244,0.87374645,0.8199883,0.9665446,0.54485655,0.3230525,0.46583536,0.8718095
0.21036252,0.17908138,0.32241833,0.72815293,0.7820315,1.0,0.48354676,0.35331202,0.26530397,0.23141001,0.28127462,0.29126227
0.23755413,0.24615422,0.18581815,0.6171058,1.0,0.55016184,0.12181694,0.0694339,0.04715518,0.057941485,0.055758793,0.07378477
0.108449034,0.10632137,0.25489417,1.0,0.9167755,0.20401448,0.031143406,0.015724946,0.0100176735,0.016204063,0.027363248,0.039968014
0.039303046,0.048756815,0.31853047,1.0,0.38626736,0.034841456,0.0058915764,0.0043997862,0.0033522374,0.0108858105,0.027290773,0.018543746
0.011693208,0.02244027,0.2394835,1.0,0.37978905,0.020684076,0.002659299,0.0020866166,0.0017701396,0.008352374,0.028663257,0.010167314
0.0049978225,0.016243242,0.25065967,1.0,0.3786673,0.026951268,0.004626544,0.0029422352,0.002337859,0.017092727,0.04100208,0.00936157
0.015531291,0.11365256,0.80466646,1.0,0.24310896,0.023349373,0.009012834,0.006599289,0.009403003,0.054637656,0.08026277,0.011875031
0.054233428,0.53006035,1.0,0.32761574,0.10516008,0.026847493,0.013728306,0.027596522,0.055121288,0.078254655,0.06143236,0.022108123
0.17009138,1.0,0.56741196,0.07703474,0.08341152,0.04901103,0.025721215,0.12620272,0.19369106,0.15819201,0.09478724,0.041122712
0.13299894,0.9475804,1.0,0.21954216,0.11367481,0.04637192,0.02737647,0.062232595,0.21712624,0.3241513,0.068207175,0.026837697
0.025608119,0.31279984,1.0,0.389315,0.09015739,0.030156044,0.021308485,0.021487039,0.13641727,0.38531902,0.12801565,0.016315816
0.030306736,0.18507186,1.0,0.6352541,0.07466488,0.023433013,0.017630318,0.026815508,0.086036034,0.30055848,0.19519338,0.022239551
0.26819828,0.5609373,1.0,0.55840784,0.0775364,0.01945158,0.017879408,0.025716664,0.0703585,0.16500849,0.11514659,0.08431877
1.0,0.5627679,0.28307968,0.17840181,0.056016106,0.036714025,0.030477582,0.037015393,0.03859903,0.034636263,0.066087745,0.35864606
0.7275291,0.6062281,0.7390561,1.0,0.220593,0.056452915,0.043699175,0.05502493,0.041588306,0.060040336,0.12406432,0.29229194
0.66118693,1.0,0.6629276,0.582099,0.2007469,0.09060589,0.07439783,0.15156983,0.11724764,0.1249764,0.13632818,0.14559828
0.8960535,1.0,0.34788135,0.113163516,0.061541777,0.06557848,0.21519674,0.2680739,0.06759963,0.06347828,0.047396254,0.2291017
0.63647467,0.40289593,0.20530055,0.24204443,0.09427751,0.18122743,1.0,0.9227422,0.12466843,0.13956018,0.065976426,0.4366165
0.24004994,0.037873052,0.059117906,0.24411967,0.21160078,0.31416476,0.91797066,1.0,0.10524633,0.13867143,0.042347934,0.23083828
0.45838606,0.06740675,0.09445934,0.74942446,0.6643571,0.56188935,0.8300872,1.0,0.092816114,0.12077025,0.058125593,0.44067147
0.46814102,0.086133696,0.106298566,0.93678224,1.0,0.54592896,0.47102386,0.4175393,0.03520845,0.05057257,0.0675632,0.3546744
0.38826534,0.09211161,0.06101334,0.42257234,1.0,0.3422653,0.32157835,0.39926654,0.06776723,0.05874267,0.09397947,0.10401445
0.37655985,0.10742256,0.038186297,0.22389331,1.0,0.30574006,0.38202095,0.69358337,0.1487956,0.0771815,0.118220426,0.063439
0.5379179,0.18840697,0.060644787,0.20292482,0.99292475,0.46986374,0.4710945,1.0,0.22094466,0.05304004,0.06729537,0.09177965
0.7542289,0.5154881,0.0988173,0.12944847,0.8117523,0.51442313,0.22839455,1.0,0.6856727,0.08037893,0.077279985,0.11556115
1.0,0.51196223,0.09105846,0.07259924,0.26712635,0.39156544,0.23056902,0.760995,0.6965081,0.12616046,0.07370964,0.25549445
1.0,0.16884252,0.03984479,0.054602224,0.07533547,0.09523498,0.31568798,0.47936127,0.15765105,0.07155658,0.06496739,0.5442464
1.0,0.12844041,0.02580666,0.060402494,0.08234872,0.046623573,0.22060902,0.32672104,0.044527642,0.032100674,0.059225444,0.65559435
1.0,0.16071174,0.024776455,0.055530917,0.07874456,0.04421075,0.2442162,0.407523,0.05847179,0.025460063,0.039437734,0.5710193
1.0,0.60880315,0.0827836,0.040405273,0.075285,0.04399716,0.13066164,0.44019058,0.18936123,0.02927391,0.022159632,0.23951119
0.5280539,1.0,0.2709444,0.043820474,0.047644634,0.040147863,0.08881463,0.18860258,0.15988043,0.042876747,0.030564634,0.046463802
0.78139263,1.0,0.15593527,0.01937662,0.042643417,0.05706701,0.16240996,0.125108,0.1078419,0.03500855,0.02965608,0.078869686
1.0,0.7824342,0.059314717,0.013853834,0.057913184,0.0638624,0.18944462,0.13131098,0.07496375,0.026839029,0.019855794,0.12223323
1.0,0.5386383,0.046230063,0.014358627,0.05895622,0.0731812,0.18088104,0.12407257,0.068293095,0.031384528,0.022439154,0.20510256
1.0,0.23063879,0.020619875,0.019598844,0.043768216,0.08573985,0.20099209,0.1513044,0.07967553,0.031719223,0.03759061,0.40684575
1.0,0.23661044,0.021808274,0.02588027,0.05378716,0.09741792,0.2040082,0.14748614,0.07484424,0.029929785,0.042153914,0.37676662
1.0,0.6293257,0.0846059,0.051294446,0.07997548,0.08096093,0.23723732,0.18619747,0.114095315,0.043357402,0.028825453,0.18960053
0.31794342,1.0,0.71539485,0.14567943,0.056326162,0.039661173,0.08694053,0.12310541,0.09845272,0.056461286,0.015708553,0.04265229
0.047838554,0.6573201,1.0,0.146403,0.020775434,0.018289056,0.013747573,0.023665832,0.0563859,0.05324367,0.01373235,0.0069287894
0.18831095,1.0,0.9619828,0.26681492,0.086125806,0.028104104,0.022707421,0.06387647,0.08884334,0.057818465,0.015734935,0.021405665
0.6101167,1.0,0.2621319,0.28786078,0.23332067,0.037030958,0.036430646,0.07265072,0.045413304,0.022361053,0.016945355,0.07125461
1.0,0.80885214,0.18137302,0.15906335,0.21305187,0.08880924,0.07302412,0.09123623,0.03060145,0.01636302,0.020285452,0.19718902
0.84300643,0.5255588,0.31616908,0.7347442,0.9666635,0.6814785,0.37326226,1.0,0.41705725,0.113818094,0.2896994,0.6440975
0.3457363,0.1973108,0.12631716,0.32321736,1.0,0.6186808,0.23570484,0.6002001,0.416841,0.09442154,0.13645476,0.28468928
0.1480134,0.078291595,0.067948535,0.15257522,1.0,0.5945136,0.25075677,0.31262034,0.28834543,0.084280655,0.05693804,0.19304173
0.10084875,0.068525955,0.062360227,0.19080606,1.0,0.6253188,0.4890048,0.45164645,0.23005044,0.1012672,0.09913821,0.3273735
0.09380937,0.09450309,0.3037484,0.5863794,1.0,0.7598186,0.44828728,0.29928726,0.18403095,0.32519832,0.7622359,0.5880461
0.07633698,0.24393228,0.96228254,1.0,0.45110074,0.36609703,0.17436865,0.08265474,0.13862547,0.4538292,0.7909156,0.29540113
0.21228705,0.51672465,0.6615646,0.80709904,1.0,0.85743654,0.12522691,0.13315791,0.19684607,0.20947734,0.28348616,0.09536683
0.32784477,0.30852398,0.20727085,0.2885652,1.0,0.640777,0.053865526,0.21237417,0.14979444,0.038914993,0.06575112,0.06739972
0.34240028,0.9716047,1.0,0.4160083,0.30949137,0.12659477,0.043901555,0.1910619,0.24852529,0.09709986,0.042874638,0.06294294
0.024009323,0.24617939,1.0,0.5961568,0.069850735,0.015572124,0.00746865,0.021995474,0.047298636,0.028177537,0.014058146,0.0049824356
0.012796656,0.19047299,1.0,0.56981903,0.037163436,0.0044481037,0.006967459,0.02240961,0.013998078,0.01131527,0.0090839965,0.0037660296
0.15672046,0.5314797,1.0,0.37380445,0.026241487,0.0036689185,0.007936684,0.013610145,0.007956608,0.009146008,0.018432917,0.056656923
1.0,0.99830294,0.9546695,0.31293717,0.047247086,0.018215172,0.02014823,0.041143574,0.091808535,0.20363998,0.5031481,0.90200967
0.2153515,0.060195837,0.05430589,0.06870166,0.16725798,0.14595684,0.19666706,0.4415884,0.6640278,0.9067338,1.0,0.62336665
0.18110599,0.27384862,0.24498892,0.37388375,0.60787946,0.6585391,0.8206596,1.0,0.56424874,0.2757989,0.2506077,0.11311484
0.5611374,1.0,0.5207901,0.48394412,0.71436155,0.66135424,0.47338355,0.6464716,0.4716458,0.33518952,0.3380299,0.28712443
0.45350903,1.0,0.8450478,0.58930385,0.6165463,0.7042858,0.68693644,0.85871375,0.7458407,0.4908728,0.36098912,0.3445689
0.54060423,0.5800095,0.7396949,0.667862,0.49000224,0.40756658,0.47530428,0.6120179,0.85936594,1.0,0.8164198,0.6561718
0.34208006,0.5028851,0.90385044,1.0,0.29674876,0.17068206,0.13396436,0.113416776,0.16911301,0.28964242,0.27479193,0.2594255
0.19973612,0.28249305,0.69295925,1.0,0.3572439,0.4392951,0.38043427,0.2057234,0.16346161,0.3265803,0.7653529,0.46715802
0.087644786,0.03666136,0.07572302,0.08451986,0.0406566,0.16367762,0.22242703,0.11050467,0.045331333,0.068925776,0.7054739,1.0
0.070105456,0.023933059,0.030223986,0.03548201,0.0105566885,0.051854894,0.10632563,0.06316704,0.05521567,0.1843049,0.8695791,1.0
0.027038822,0.011577463,0.015697157,0.012260681,0.015837748,0.04891075,0.080442175,0.10879272,0.29334676,0.8077096,1.0,0.39433688
0.015994715,0.011275066,0.012904118,0.014272882,0.034548353,0.06413192,0.121538304,0.18840608,0.50439495,1.0,0.56253225,0.06217601
0.08626214,0.06291948,0.086363144,0.14025815,0.7275988,1.0,0.58745545,0.16076465,0.14629357,0.20757234,0.2486369,0.1546378
0.11410854,0.07496171,0.047712766,0.09086118,0.7717458,1.0,0.32720482,0.08530548,0.08785588,0.121667445,0.23391515,0.2952851
0.2996158,0.287419,0.29620525,0.16861442,0.7183476,1.0,0.30938658,0.094036065,0.09698655,0.17524238,0.4123181,0.51027113
0.19902804,0.2884952,0.53120303,0.4455372,0.3375091,0.77481115,1.0,0.35592496,0.0900692,0.18990915,0.6063754,0.41323227
0.14313647,0.15384817,0.21959223,0.38830116,0.2601872,0.27905026,1.0,0.7113189,0.0795421,0.12252832,0.7079316,0.560417
0.23469074,0.16204514,0.60437876,1.0,0.27365193,0.38429812,0.62292725,0.30311194,0.063567564,0.113315344,0.5036553,0.69985086
0.13557577,0.110441335,0.41507372,1.0,0.5418217,0.30141968,0.18587379,0.060897514,0.038510475,0.0759236,0.33583698,0.29730466
0.05343653,0.048578218,0.19730599,1.0,0.6044748,0.13790675,0.07433769,0.04119344,0.023625951,0.07766899,0.21996659,0.09526982
0.053536627,0.05268639,0.2881154,1.0,0.32495892,0.12689985,0.077043615,0.043127976,0.029519903,0.10624896,0.26740497,0.08862859
0.03853204,0.039802313,0.13495342,1.0,0.5073308,0.09833029,0.06854339,0.04829661,0.07381791,0.13707283,0.29427996,0.1408988
0.033481512,0.032250665,0.12581167,1.0,0.5869803,0.114185214,0.0921065,0.0660757,0.09364806,0.1910163,0.2856745,0.11923683
0.041871212,0.08932063,0.6001381,1.0,0.38992333,0.2045781,0.13573495,0.088955455,0.12231453,0.42022747,0.3848873,0.0857291
0.033827934,0.31622443,1.0,0.3996253,0.27495632,0.38583657,0.16429318,0.09560088,0.24595238,0.68673444,0.22776167,0.04412137
0.10093196,1.0,0.7989567,0.18977639,0.4243001,0.49158168,0.17177342,0.1398602,0.79223454,0.6200956,0.15545838,0.06618816
0.16556479,0.91189903,0.26377523,0.0824786,0.13491641,0.23651817,0.058207463,0.16691077,1.0,0.23653762,0.06655011,0.06094217
0.170266,0.67157936,0.1449174,0.045557212,0.08169306,0.18400642,0.04343575,0.21401471,1.0,0.16025113,0.035698228,0.03275585
0.10555142,1.0,0.95329505,0.098637596,0.0671486,0.11037417,0.06275886,0.11676091,0.67160904,0.26784086,0.028291523,0.0193554
0.12312106,0.8746783,1.0,0.086696275,0.01779713,0.01486087,0.019289799,0.009721245,0.058354255,0.0843333,0.021267863,0.027634164
0.24137415,0.97903585,1.0,0.12669085,0.030806817,0.015746806,0.020085897,0.016232412,0.03232459,0.056983713,0.047052085,0.086421795
0.45529693,1.0,0.9269444,0.45248613,0.18516344,0.10843525,0.14105234,0.14771368,0.25991663,0.25465935,0.20627688,0.2232532
0.4514288,0.72634417,1.0,0.53588647,0.29324806,0.22221574,0.18144087,0.19423538,0.49148047,0.48748818,0.30750203,0.23282473
0.15921012,0.87926686,1.0,0.30066434,0.2851662,0.21092838,0.09082609,0.071643636,0.3160537,0.32368553,0.21055865,0.08172212
0.40501028,1.0,0.86965436,0.4190885,0.2645207,0.26461452,0.26540318,0.22804902,0.43633527,0.3786582,0.2566145,0.2639007
0.5906432,0.757657,0.88488644,1.0,0.75645435,0.41966197,0.34926948,0.47018203,0.6079183,0.47000483,0.38859713,0.53875595
0.291436,0.52431774,1.0,0.7734707,0.62637204,0.36656135,0.3538918,0.5078483,0.508484,0.36220458,0.402683,0.48282483
0.18304235,0.42416343,1.0,0.46984947,0.35708892,0.3152349,0.34836358,0.3817128,0.5286587,0.3998524,0.30375695,0.2579559
0.21194865,0.624837,1.0,0.5981916,0.32678938,0.41049877,0.50673145,0.46382636,0.71400565,0.5925185,0.37221912,0.22452947
0.31735379,0.7755769,0.9916278,1.0,0.6045802,0.46842608,0.564583,0.6442407,0.72414637,0.6228877,0.51630664,0.42273694
0.26560155,0.47823575,0.5517359,1.0,0.6061935,0.43129462,0.63025093,0.7102131,0.8198882,0.6055117,0.5126278,0.6107322
0.20005906,0.65603375,1.0,0.83923805,0.44002357,0.291189,0.33192974,0.3742293,0.6552558,0.50103253,0.57995445,0.417121
0.22444715,0.2735899,0.61430824,0.37382558,0.16879642,0.10141094,0.082997814,0.10252211,0.31865007,0.6181567,1.0,0.6282554
0.0724224,0.07145441,0.15417923,0.17958447,0.09004521,0.030885978,0.018057486,0.04509256,0.23604505,0.7639564,1.0,0.47141626
0.08122525,0.09238037,0.21130069,0.39390963,0.2608146,0.08030556,0.026819326,0.055565156,0.3441672,1.0,0.7796836,0.35483006
0.079095654,0.18310753,0.47245613,1.0,0.8979503,0.33571035,0.073527046,0.11627346,0.37312716,0.83263016,0.2698129,0.18985626
0.17223991,0.2594494,0.6055204,1.0,0.94737077,0.46313527,0.21734092,0.2530822,0.32111806,0.8959711,0.8301855,0.34059122
0.47237942,0.13278197,0.25849375,0.29754314,0.30177668,0.20002623,0.27421114,0.26397297,0.1985992,0.40365344,1.0,0.8469415
0.31312454,0.028747063,0.026711818,0.02895345,0.037031848,0.04230129,0.035094608,0.056046497,0.06808387,0.16711155,0.6261714,1.0
0.23055184,0.037863303,0.02172418,0.04176488,0.05268018,0.11385855,0.062063865,0.12247668,0.1994772,0.40085134,0.8829938,1.0
0.0362181,0.010280979,0.012204355,0.027036522,0.057959903,0.05667169,0.028506784,0.078632474,0.20255858,0.4962329,1.0,0.4085342
0.023084207,0.0025127244,0.0039649964,0.011801953,0.030447768,0.02146457,0.013927887,0.021896848,0.07012651,0.40742347,1.0,0.38383913
0.09242925,0.0077910307,0.0030883092,0.015100104,0.044755377,0.03671143,0.017570019,0.017916266,0.045124795,0.24635375,1.0,0.7077623
0.33344066,0.019075783,0.0025030181,0.010406396,0.051876843,0.07555165,0.014519515,0.016909134,0.033568524,0.07341903,0.5256801,1.0
0.81895715,0.083412886,0.0049328054,0.016098073,0.11216254,0.17197347,0.03257951,0.031512868,0.04698547,0.031425234,0.22484392,1.0
1.0,0.24568295,0.011743076,0.020629395,0.17838326,0.27063903,0.06817999,0.05338339,0.060512707,0.024634186,0.055055466,0.54299074
1.0,0.4991329,0.041047834,0.025746481,0.2546342,0.4795008,0.13185713,0.107710205,0.093263134,0.03166914,0.047870528,0.28003022
0.69991153,1.0,0.1550657,0.032064114,0.17282307,0.37764746,0.15331037,0.113763705,0.08955729,0.052717514,0.046205018,0.075468875
0.931153,1.0,0.1434438,0.03302909,0.07669187,0.15370704,0.050452415,0.08236138,0.06687042,0.03964968,0.040710974,0.113441095
1.0,0.66702074,0.061536245,0.02934175,0.03774508,0.035815272,0.023727467,0.064064085,0.047371257,0.022205401,0.039122358,0.14929353
1.0,0.30122155,0.039544426,0.047345486,0.05962046,0.02452469,0.04679386,0.03470424,0.017838093,0.028656779,0.18093725,0.7044715
1.0,0.2711635,0.09092625,0.17362174,0.24783666,0.06291296,0.057876106,0.12354994,0.08578138,0.072018944,0.27005202,0.9266909
1.0,0.97951037,0.36589092,0.41640517,0.6965341,0.29711553,0.24756308,0.46212977,0.25496295,0.098025806,0.11885307,0.22050342
0.99284256,0.57022965,0.38349432,0.70238864,1.0,0.5775826,0.5776954,0.7580034,0.3216124,0.1421546,0.11671799,0.53933257
1.0,0.24107127,0.12581742,0.16303827,0.10922772,0.09442987,0.17839293,0.21354984,0.09815128,0.06003162,0.04702535,0.48154673
1.0,0.2822208,0.039128426,0.06793691,0.03369116,0.051951323,0.16423807,0.11170271,0.06286532,0.041810565,0.02821173,0.4322157
1.0,0.3385594,0.19849513,0.6530896,0.41077834,0.54193974,0.971563,0.28444734,0.14064345,0.102185324,0.109205395,0.84392124
0.041457962,0.01025854,0.27106833,1.0,0.2389966,0.12744042,0.15133403,0.053596742,0.024842843,0.019774389,0.034274407,0.13576539
0.0459402,0.015228658,0.24304323,1.0,0.21689881,0.021900231,0.044769477,0.052839804,0.012390579,0.014069022,0.013799691,0.05570655
0.25124452,0.17051226,0.7018918,1.0,0.8505072,0.082276575,0.13652748,0.3664482,0.063894905,0.08782642,0.07808731,0.100620106
0.20392954,0.16952182,1.0,0.35530868,0.61553454,0.10503597,0.10618035,0.46668044,0.098977685,0.08613178,0.07183713,0.04895723
0.12748674,0.1912428,1.0,0.45321488,0.50928235,0.08406292,0.14981955,0.48706087,0.08372685,0.07050234,0.053841952,0.0403417
0.11100194,0.40959376,1.0,0.9252663,0.51687527,0.103554696,0.46304476,0.5647336,0.071393706,0.09559506,0.076993145,0.07400573
0.12645419,0.40440303,0.8291467,1.0,0.41569504,0.120643914,0.94258744,0.660378,0.0827439,0.1330453,0.11226528,0.10184712
0.08433816,0.21226908,0.42972818,0.7128023,0.23444358,0.10406578,1.0,0.54332376,0.060112305,0.087036416,0.07560616,0.097332954
0.0607518,0.13697712,0.23860998,0.5083743,0.23666704,0.06817135,1.0,0.8739546,0.061755866,0.06597819,0.040207814,0.067295186
0.07825446,0.1687486,0.25168687,0.3167504,0.21291852,0.061611213,0.66502744,1.0,0.16552922,0.059839033,0.029846646,0.04849702
0.22551493,0.5429879,1.0,0.4273545,0.19726256,0.12699664,0.24348593,0.86371195,0.5205637,0.09849826,0.04843431,0.058705214
0.07351752,0.30205727,1.0,0.4585421,0.06710947,0.053060066,0.03868639,0.083949804,0.10817986,0.06406985,0.03298894,0.02342446
0.059505478,0.28601292,1.0,0.63681436,0.06558244,0.03706257,0.040126167,0.06657585,0.09642418,0.12536332,0.050288778,0.023505857
0.2302771,1.0,0.6965235,0.17274512,0.084885195,0.08107772,0.08494885,0.19519883,0.18898535,0.12887844,0.071818896,0.04724789
0.04584279,0.48277685,1.0,0.3935544,0.066167735,0.042841367,0.04569004,0.06298992,0.081556335,0.04801779,0.016180312,0.017864868
0.024027266,0.21476957,0.76175636,1.0,0.81687766,0.2763333,0.033223238,0.02012426,0.01929348,0.01953857,0.008177217,0.006098503
0.012210683,0.019096157,0.068491556,0.38140595,0.9998624,1.0,0.53895766,0.4130885,0.12818174,0.019934636,0.0057350146,0.009331684
0.0036139695,0.0030826305,0.007390032,0.026774114,0.108707175,0.3440089,0.47671646,1.0,0.8159267,0.12965214,0.0039495532,0.0032387013
0.00074003515,0.0013934748,0.0030871243,0.008400298,0.007214753,0.019015219,0.054635346,0.48056698,1.0,0.26703778,0.006284967,0.0008280754
0.0014128785,0.0025321185,0.004220452,0.016330266,0.018495452,0.0067679957,0.02906041,0.14234753,1.0,0.64515465,0.03179784,0.0028201304
0.0072168745,0.012226993,0.025416315,0.043514702,0.060185026,0.039448738,0.08887248,0.14793491,0.7004175,1.0,0.1119387,0.012710352
0.07374979,0.118528314,0.1570682,0.38538042,0.34073612,0.38799623,0.7918962,0.6885779,0.692348,1.0,0.28366432,0.09918039
0.051703487,0.092353575,0.23407602,0.6239816,0.56691426,0.5719941,1.0,0.69444275,0.49747157,0.63631904,0.4062932,0.15589753
0.01035681,0.030287208,0.083723985,0.08694035,0.056962788,0.13978061,0.25429818,0.117227316,0.3209156,1.0,0.21441206,0.029120585
0.004702621,0.010223045,0.028721895,0.01167944,0.011218003,0.061354347,0.15302263,0.04520047,0.1589625,1.0,0.33748204,0.0152575215
0.033608455,0.01918743,0.04079402,0.03137363,0.024768181,0.08514673,0.31205124,0.26511365,0.12048813,1.0,0.8545096,0.15391526
0.1535408,0.083214894,0.15667471,0.29459465,0.14852607,0.24529684,0.41455528,0.6504745,0.6693855,0.56433326,1.0,0.3708153
0.05783795,0.028584907,0.06087016,0.21144183,0.22648825,0.26625937,0.1324207,0.20016403,0.97179985,1.0,0.34712568,0.055107124
0.010865274,0.017569706,0.02338713,0.037546515,0.39564043,0.9037877,0.08768787,0.047977943,0.40071094,1.0,0.9329843,0.054244246
0.007007906,0.010255607,0.010128156,0.029275114,0.51341265,0.59555095,0.057632405,0.014567136,0.10670095,1.0,0.6381557,0.027597584
0.0031524252,0.0042274594,0.011594384,0.06317105,0.2085608,0.065842964,0.01655775,0.053807236,0.56564116,1.0,0.15832216,0.0037046256
0.0047339713,0.031041512,0.07994421,0.08056066,0.06363776,0.016414946,0.03804848,0.29148528,1.0,0.5139912,0.034114264,0.0036323664
0.054648437,0.430849,0.32900843,0.28815937,0.40920633,0.10732493,0.3004177,0.7335279,1.0,0.20806207,0.10739571,0.032347657
0.16284008,0.9046583,0.47932976,0.78354913,1.0,0.24532327,0.4627579,0.23977861,0.15027152,0.062196657,0.09905471,0.05172517
0.055250224,0.21110527,0.4091055,0.7308161,0.61136293,0.14128153,0.19438523,0.43614227,1.0,0.71201885,0.14616951,0.028351266
0.0020604793,0.0034951607,0.009650721,0.039224915,0.03863452,0.008232769,0.0072927834,0.027103897,0.30101392,1.0,0.45850763,0.02158955
0.00081007037,0.0021533505,0.0018024864,0.003210911,0.007947049,0.0070221415,0.0031755464,0.013313271,0.13890944,1.0,0.7343528,0.03338122
0.0007044392,0.0022302226,0.001787638,0.0023967428,0.016898861,0.0790624,0.24111545,0.4507313,0.7260427,1.0,0.36920512,0.01612552
0.0010103311,0.0018031729,0.0046856864,0.051642135,0.33291173,0.89321405,1.0,0.6835338,0.33501446,0.1402061,0.02253582,0.0018080127
0.0013367414,0.0018190256,0.016101873,0.2811176,1.0,0.77563703,0.33738834,0.08198529,0.011947723,0.004841647,0.0026413077,0.0024520399
0.0010972057,0.0015481904,0.01598327,0.32061008,1.0,0.549625,0.18119174,0.04050209,0.008289751,0.0063799242,0.005094288,0.0026113875
0.0006799519,0.001368672,0.006946262,0.07771718,0.35261345,0.9333341,1.0,0.66606945,0.28060037,0.063490435,0.01118363,0.0010812855
0.0017002809,0.0019151343,0.0029807207,0.0033933495,0.023525542,0.18439792,0.50602263,0.93076473,1.0,0.5893675,0.13935357,0.01603478
0.041211538,0.02047238,0.008170678,0.016872462,0.02285325,0.027004462,0.052843012,0.17258121,0.6558132,1.0,0.48516315,0.12019511
0.43481132,0.2776073,0.16040245,0.34680465,0.31995314,0.27354822,0.42949858,0.5745381,0.8906017,1.0,0.46787098,0.33267847
0.048882462,0.07937869,0.13013397,0.24496102,0.4901378,0.2976155,0.34184787,0.62247205,1.0,0.4952821,0.20861432,0.04626757
0.0437213,0.13932234,0.16810562,0.233005,0.43284717,0.36435342,0.39701825,0.47256818,1.0,0.43277413,0.26831767,0.06676698
0.03420414,0.09887387,0.121631145,0.21491581,0.34553048,0.24588296,0.25288975,0.44790247,1.0,0.6743309,0.27492133,0.04513898
0.027059715,0.073478766,0.060527127,0.13366921,0.17467287,0.15558256,0.14966685,0.27289912,1.0,0.5752112,0.13338771,0.022074401
0.030270105,0.06782591,0.047400273,0.10764069,0.1583802,0.35879815,0.23656033,0.35554937,1.0,0.64657027,0.21283165,0.038960177
0.0493401,0.08133681,0.06899493,0.16621743,0.32558855,0.44481805,0.33796063,0.36368677,0.8688335,1.0,0.6614563,0.080616266
1.0,0.6561832,0.1718595,0.1326256,0.14874227,0.17466862,0.19985761,0.3019252,0.40753242,0.45981124,0.40907896,0.54014766
1.0,0.9575915,0.18627316,0.019648507,0.0045742346,0.0041153575,0.011287806,0.027576752,0.014312965,0.011555797,0.012465455,0.15091974
0.5760157,1.0,0.32691184,0.04419093,0.004782011,0.0009852966,0.008982502,0.029539846,0.014510369,0.003164256,0.003597299,0.054460626
0.6715395,1.0,0.4203117,0.075982004,0.013117054,0.0069727246,0.19937496,0.25490516,0.029289905,0.0045062862,0.006772551,0.14519556
0.32155263,0.031678826,0.013547917,0.014408435,0.005475613,0.042544466,1.0,0.61951935,0.013886037,0.003637514,0.02012036,0.3788746
0.114952296,0.002721794,0.002154115,0.011946862,0.0027419105,0.06304423,1.0,0.37929606,0.0054495838,0.0030560922,0.031113828,0.32949647
0.21894683,0.011143954,0.00466191,0.019297587,0.003987679,0.08708048,1.0,0.2907935,0.0072529376,0.006455136,0.067511074,0.605999
1.0,0.21736436,0.009145343,0.008311948,0.0051453905,0.021982258,0.2519218,0.1962938,0.02586512,0.0055932915,0.031608514,0.5141212
1.0,0.39323083,0.017205436,0.0016553435,0.0022609662,0.0014712106,0.009522639,0.045437627,0.021644467,0.005607936,0.02180508,0.2034723
1.0,0.3963036,0.02943204,0.0033618684,0.001332092,0.0013279516,0.0021627275,0.014229391,0.018780084,0.018759033,0.061231345,0.36249074
1.0,0.6830115,0.6229939,0.058517504,0.011674454,0.012443058,0.039738003,0.051989168,0.11963839,0.22736698,0.14420182,0.5846097
0.38849342,1.0,0.5798657,0.033411052,0.010306975,0.009994529,0.047717374,0.037975293,0.09225699,0.1449768,0.01961342,0.10380782
1.0,0.63869256,0.14363948,0.01714224,0.014056178,0.01449437,0.066108085,0.06120722,0.057617307,0.03986766,0.15984797,0.7984315
0.24515873,0.079203255,0.040476736,0.023522494,0.026664611,0.01935463,0.072500326,0.09721392,0.16503257,0.5662729,1.0,0.6625268
0.14135289,0.1397963,0.025851341,0.026228666,0.038535055,0.01571043,0.020182792,0.042397033,0.40234533,1.0,0.5531859,0.12192026
0.30123213,0.46258864,0.09337125,0.03350412,0.05452384,0.036932584,0.04393212,0.05372745,0.39389855,1.0,0.29151937,0.10169587
0.40688145,0.6962716,0.6940846,0.21491043,0.0770826,0.17670536,0.24690694,0.17189047,0.25495714,0.7709135,1.0,0.77278525
0.9816768,0.18194412,0.23288721,0.19019723,0.03864915,0.05210506,0.3092211,0.32119456,0.06635402,0.048196226,0.20648056,1.0
1.0,0.44038337,0.046247978,0.02655175,0.022602899,0.010354406,0.096686736,0.17767629,0.03575728,0.009421797,0.013196089,0.25061944
1.0,0.6877691,0.029008055,0.0083567165,0.021955505,0.010243928,0.021777732,0.05180232,0.021832604,0.005383929,0.0060965396,0.0886011
1.0,0.40504023,0.04242883,0.078556165,0.09524838,0.07423154,0.08129063,0.04909783,0.015934609,0.032124486,0.105310425,0.42908832
0.28567898,0.09279893,0.21780008,0.9331205,1.0,0.42097846,0.17604588,0.12220159,0.13886285,0.28093007,0.3654992,0.48310596
0.017454952,0.05165697,0.15738042,1.0,0.6359547,0.08034076,0.03892316,0.071897045,0.0548165,0.059329465,0.04504022,0.022042423
0.010898523,0.008187154,0.10926402,1.0,0.42585787,0.034198325,0.009842143,0.008424174,0.008593757,0.011444755,0.027756995,0.017624417
0.08878422,0.05257272,0.11651275,1.0,0.64076245,0.24110387,0.15165938,0.060773056,0.037065566,0.018735155,0.03167318,0.05094527
0.09475333,0.13586572,0.18877302,0.393387,0.6500094,1.0,0.49113446,0.3003179,0.33635077,0.2057649,0.10017567,0.05680933
0.031603083,0.017348427,0.03928514,0.077380754,0.36195776,1.0,0.3729172,0.05476395,0.062716804,0.08374192,0.1476705,0.14836003
0.51028794,0.05789142,0.034265097,0.079060145,0.24556962,0.9631456,1.0,0.21431561,0.028108252,0.028247595,0.171551,0.6953711
1.0,0.3752591,0.017895209,0.05797908,0.26094568,0.12176411,0.17292942,0.16207644,0.03156743,0.005530689,0.020124668,0.29789078
1.0,0.97340786,0.04648558,0.029600475,0.52861077,0.37742743,0.020956205,0.049775492,0.041093364,0.008390601,0.0070106424,0.067898676
1.0,0.5390746,0.022542724,0.025380589,0.39625865,0.2676996,0.034849327,0.032919858,0.019891433,0.012447643,0.033894096,0.26061872
0.8385022,0.13034654,0.0071214354,0.02600367,0.12006208,0.107655615,0.25872177,0.13855079,0.045925822,0.13405848,0.37917796,1.0
0.27296007,0.0337555,0.01865175,0.05328327,0.13948195,0.3739272,0.9055033,0.5207389,0.19145961,0.49686623,0.7858085,1.0
0.04465703,0.031758916,0.014443315,0.060329523,0.26128206,1.0,0.96687156,0.45428595,0.12785932,0.10196485,0.049870886,0.03497071
0.016248673,0.010550996,0.0037446967,0.007895717,0.065695435,0.7617324,1.0,0.22845387,0.088567175,0.05690061,0.025964897,0.013974287
0.009102864,0.012436546,0.0034584214,0.001874532,0.028642459,0.50508976,1.0,0.21942644,0.03117254,0.01907296,0.012533188,0.005510583
0.0039955224,0.011755816,0.007903893,0.0012333005,0.0060725296,0.14410613,1.0,0.6764875,0.047296047,0.00798711,0.006049965,0.0027100204
0.0007602738,0.0067488514,0.011992132,0.0014886003,0.0013281102,0.024501476,0.5705748,1.0,0.11699717,0.00996382,0.003285258,0.0024230191
0.00050388585,0.0017657802,0.007509948,0.0024702428,0.0017930047,0.011961277,0.253342,1.0,0.23812605,0.0131182475,0.0038661729,0.0020030288
0.00067651604,0.0007154654,0.0048338557,0.0026508365,0.0037573106,0.03403135,0.37889355,1.0,0.23390459,0.027599951,0.0074748797,0.0023049284
0.02266467,0.01629099,0.027496792,0.01725624,0.019336125,0.08640043,0.4917788,1.0,0.20940974,0.07554953,0.057898026,0.05616977
0.3398452,0.2681738,0.24216892,0.24577755,0.1813311,0.3027994,0.643793,0.9679826,1.0,0.6274925,0.6075724,0.64962053
0.3611813,0.34994444,0.2560333,0.33588928,0.3946045,0.21695079,0.3067773,0.45196703,1.0,0.68325037,0.36289603,0.34352785
0.0834809,0.09040687,0.07916482,0.14025737,0.4259454,0.8320916,1.0,0.43338212,0.23541525,0.14114116,0.07738755,0.057039373
0.008569353,0.007982521,0.00488162,0.010970775,0.03751029,0.22782573,1.0,0.79128057,0.08083706,0.0150011545,0.008112455,0.004687162
0.0016619621,0.0015293682,0.0010716013,0.0015171745,0.0029952475,0.039408047,0.6258663,1.0,0.11447362,0.005419535,0.0028060072,0.002519172
0.00036689301,0.00042952664,0.00033074658,0.00078086864,0.005540454,0.14690469,1.0,0.7152892,0.055135228,0.0027743047,0.0013445836,0.0010387439
0.00018863,0.00019165424,0.00017023105,0.0010061837,0.035813417,0.5203107,1.0,0.20618694,0.009900093,0.0014963669,0.0006972501,0.00026809797
0.00097266893,0.0002852962,0.0010160408,0.02130119,0.2471617,1.0,0.61272,0.047755077,0.0019908475,0.0017875666,0.001482765,0.0017360986
0.004074445,0.0007139216,0.013734426,0.30795634,1.0,0.7210337,0.18319136,0.018465271,0.0053385687,0.007412036,0.014634136,0.021642486
0.004131734,0.0007368999,0.037353896,0.74597067,1.0,0.09937778,0.020267272,0.0057934364,0.005706668,0.013401,0.033449523,0.039456278
0.0045124628,0.0016565566,0.043603852,0.75956994,1.0,0.099664524,0.0074550416,0.0025590747,0.002922214,0.009844975,0.021021053,0.02359507
0.002881116,0.010672217,0.16120568,1.0,0.8702156,0.07887932,0.0053852852,0.00248535,0.0029288628,0.009117753,0.013814658,0.012200383
0.0034147878,0.040447697,0.497498,1.0,0.49419445,0.06261817,0.009814041,0.0036853352,0.006699278,0.012147695,0.012507241,0.0092405295
0.03511756,0.22539043,1.0,0.6289402,0.107037656,0.06165744,0.06409945,0.040373683,0.024300475,0.02827732,0.0324206,0.022464981
0.102015674,0.88679916,1.0,0.16911176,0.12686041,0.070537165,0.08976777,0.10980776,0.04524879,0.03351764,0.037272904,0.031332184
0.051470395,0.45814174,1.0,0.42452928,0.29681563,0.16331916,0.07396032,0.060714506,0.054104675,0.12802191,0.39368352,0.14669436
0.011863659,0.038816944,0.44179595,1.0,0.5403973,0.078205556,0.019902166,0.024562404,0.04727099,0.1289695,0.21486025,0.056739554
0.005829816,0.016732192,0.13489282,0.99305934,1.0,0.14822352,0.01334626,0.029296601,0.03699061,0.065716684,0.08268801,0.032348003
0.0037732553,0.010305741,0.037611164,0.5382265,1.0,0.17598325,0.016258594,0.040544383,0.044624526,0.03373069,0.032243922,0.020484734
0.0051566325,0.014009384,0.032045923,0.45854014,1.0,0.2002251,0.023355639,0.10429642,0.10469436,0.034911405,0.03181047,0.019586008
0.013147718,0.04328128,0.18654603,1.0,0.9519435,0.12375266,0.052846465,0.3245321,0.22111917,0.07828951,0.06874954,0.044649377
0.11769591,0.3184961,0.71377885,1.0,0.5150096,0.11743432,0.166912,0.7905708,0.5054454,0.20115025,0.18629983,0.1310229
0.48107347,0.6943158,0.245825,0.29138413,0.23063819,0.16701579,0.24353924,1.0,0.8313327,0.21742922,0.25563532,0.17910987
0.48026016,0.98625714,0.500599,0.31287184,0.18338452,0.1568003,0.2865003,1.0,0.6334334,0.1910644,0.21310788,0.12735544
0.1086777,0.49495903,1.0,0.39942598,0.095493175,0.085673556,0.2746362,0.5284605,0.24741982,0.19918302,0.15790045,0.07671328
0.03891891,0.18916723,1.0,0.5692199,0.08431531,0.08800414,0.40500042,0.43419284,0.20181558,0.16520923,0.11488586,0.05980453
0.072427616,0.17412162,0.8271108,0.6627756,0.12430588,0.15006448,0.7655954,1.0,0.24434924,0.24305941,0.14444302,0.0722753
0.080921195,0.35747415,0.86583114,0.40026322,0.089237966,0.10968019,0.59963095,1.0,0.42458406,0.39720756,0.1854895,0.09126759
0.24608138,0.73973846,0.68155825,0.17458723,0.08170608,0.0959924,0.4355106,1.0,0.6645002,0.48071405,0.21704526,0.20520157
0.559232,0.61223304,0.14473456,0.052881513,0.074373424,0.111688964,0.418378,1.0,0.34422332,0.16142325,0.16221586,0.28890884
0.8698325,1.0,0.39257407,0.073801674,0.10875667,0.21184197,0.42819247,0.83845925,0.31559655,0.14359003,0.24524145,0.6190288
0.41626748,0.5476702,1.0,0.68891907,0.2958745,0.18220222,0.3483773,0.27697736,0.2187645,0.3179899,0.42856863,0.67024857
0.20001924,0.15095271,0.3425545,1.0,0.7690884,0.15324566,0.1854697,0.16565846,0.1416413,0.33030522,0.5655257,0.32563734
0.31967553,0.19606818,0.15276931,0.61735785,1.0,0.3436929,0.14072016,0.18937962,0.12822355,0.3659991,0.9520598,0.4022263
0.3754068,0.23408623,0.454819,0.59049034,0.4944252,0.5266494,0.24777843,0.16846381,0.16152923,0.57394177,1.0,0.5470373
0.2781003,0.6104715,1.0,0.2877707,0.17295066,0.43353578,0.2335024,0.092997536,0.13322344,0.23750485,0.31122923,0.3622701
0.14810233,1.0,0.5069468,0.03429701,0.031277724,0.083617054,0.050740175,0.030032672,0.047428697,0.033783924,0.06048435,0.08342056
0.10708841,1.0,0.69521606,0.073411375,0.014726329,0.035413746,0.035692763,0.015640277,0.023636432,0.01578749,0.032972887,0.03607096
0.018751867,0.37055147,1.0,0.15685268,0.005131332,0.015144239,0.028563282,0.005449859,0.006085004,0.013215728,0.006617241,0.009415371
0.004404904,0.16663666,1.0,0.20987135,0.0042073615,0.0062766,0.018813832,0.0037501627,0.0029290973,0.016001765,0.0072864704,0.0033793605
0.010068887,0.21497372,1.0,0.25055116,0.0043431413,0.0022351893,0.008376853,0.003211025,0.0019429573,0.010561071,0.005970661,0.0017955058
0.13618988,0.86062986,1.0,0.15475622,0.0031451709,0.0017544114,0.0052592815,0.0036293853,0.0037081204,0.0065418254,0.005069191,0.009647568
0.36849374,1.0,0.3528659,0.02207887,0.0018199224,0.0017330236,0.0034926282,0.0036083553,0.003500343,0.0036701425,0.0063651144,0.026140682
0.8050528,1.0,0.8551547,0.26650092,0.04323811,0.041666504,0.047551643,0.03557251,0.035099953,0.04473399,0.05532816,0.16361882
0.052662693,0.55592656,1.0,0.20771775,0.04449013,0.0358492,0.05648386,0.029967243,0.019153647,0.02556404,0.0378918,0.029615344
0.07242725,1.0,0.8837738,0.14123379,0.024081506,0.030358322,0.04837588,0.021581108,0.01191448,0.016517593,0.018059274,0.020103034
0.029158548,0.5035187,1.0,0.108642496,0.017653057,0.020404678,0.020564167,0.011119037,0.0073248874,0.012226438,0.009509835,0.008750562
0.011174533,0.25897866,1.0,0.1884258,0.050817005,0.032829247,0.016663868,0.010735165,0.015228999,0.016084287,0.013802901,0.008144222
0.026773062,0.18858635,1.0,0.30208823,0.17670855,0.08071923,0.030157173,0.01692643,0.036490574,0.029582292,0.020617526,0.016533101
0.10226854,0.35193262,1.0,0.37133825,0.23490886,0.20754339,0.08685216,0.04126701,0.07136076,0.085901804,0.05092884,0.043174207
0.17997816,0.5205192,1.0,0.3757987,0.23124063,0.19757463,0.1331882,0.06846767,0.06773478,0.12529671,0.07782024,0.08833567
0.045499623,0.2694972,1.0,0.2049094,0.07632036,0.053997185,0.039429616,0.019008089,0.016045867,0.022735195,0.014064451,0.027143648
0.017660078,0.22815871,1.0,0.20163357,0.056525107,0.07380064,0.025021426,0.0077589587,0.009558879,0.0067300773,0.005818121,0.009819406
0.022263791,0.26960605,1.0,0.2267136,0.18424383,0.20518464,0.027566323,0.0073514096,0.007748371,0.0064273127,0.0056642964,0.020012151
0.2177901,0.5725577,1.0,0.3053855,0.336947,0.24277402,0.060182247,0.02871292,0.025140638,0.027426464,0.05998754,0.17229225
1.0,0.7331751,0.39306563,0.07323732,0.051834192,0.03652031,0.0620436,0.054240353,0.043220874,0.14487188,0.38688266,0.8475545
0.9367871,0.57709855,0.53671765,0.18277219,0.22718038,0.11455964,0.13063067,0.12070451,0.21555446,0.6023538,0.71783143,1.0
0.44169816,0.39524505,0.38804594,0.7301663,1.0,0.4074494,0.33399174,0.19661643,0.47056726,0.87327284,0.6606769,0.40371946
0.26107305,0.3081804,0.3722939,0.47499523,1.0,0.6905753,0.36777058,0.18859164,0.5545951,0.47152618,0.5813317,0.28305858
0.26958963,0.43104494,0.38072765,0.37841973,0.71296567,0.50255066,0.3817884,0.40177238,0.50727266,0.87798464,1.0,0.4664368
0.31769678,0.21978201,0.14733519,0.21157824,0.23291792,0.118253954,0.25789812,0.44240633,0.30562937,0.47524732,1.0,0.54835635
1.0,0.53355706,0.15231988,0.19654232,0.32611746,0.30916816,0.3850391,0.57873017,0.3865293,0.26657066,0.7729632,0.8224988
1.0,0.5032332,0.08236978,0.094294585,0.38916594,0.25301176,0.21220882,0.39200225,0.27564368,0.1459951,0.4672305,0.33821204
1.0,0.25499818,0.040228836,0.0819839,0.24214147,0.13917243,0.16398333,0.22283356,0.08599758,0.07349687,0.28277445,0.28518015
1.0,0.17072707,0.03724677,0.13093863,0.17399184,0.1589703,0.22887951,0.18619825,0.046930037,0.04630338,0.13191505,0.8330019
0.44293547,0.04355701,0.033660352,0.08187092,0.113074064,0.117787994,0.19037692,0.069477916,0.029817853,0.044789344,0.13072774,1.0
0.22051047,0.032057833,0.029746898,0.062991984,0.17067972,0.1836094,0.24785687,0.0691376,0.049941935,0.09230527,0.24754384,1.0
0.49808785,0.049137745,0.042394876,0.17107268,0.3363787,0.19047198,0.43143195,0.47817326,0.146485,0.3154624,0.24333794,1.0
0.4985425,0.05796717,0.04429535,0.2146702,0.33867544,0.13999842,0.8331355,1.0,0.18961479,0.49251404,0.14935613,0.3967462
0.4226368,0.08173296,0.0815222,0.30959174,0.29041958,0.24423347,1.0,0.8930344,0.106676474,0.24808198,0.1734467,0.5002131
0.5235811,0.0551076,0.03864273,0.10009367,0.07550829,0.0671624,0.10055809,0.07073001,0.012760045,0.029419018,0.2842417,1.0
0.55052066,0.028024439,0.0052063377,0.015249969,0.009460778,0.0075567327,0.021536315,0.009815025,0.0027890007,0.007914106,0.21542242,1.0
0.7681639,0.057044283,0.0028286055,0.005079435,0.0045721014,0.0046738717,0.02794579,0.014440816,0.0022277634,0.0040420177,0.15263645,1.0
1.0,0.10252209,0.0037033402,0.0027243933,0.0037903646,0.002547936,0.015027843,0.01354742,0.0030288333,0.0037463221,0.094749875,0.9220912
1.0,0.12643018,0.0027744053,0.0010115928,0.0016397567,0.0015196052,0.00897316,0.014601691,0.0031611947,0.0030711761,0.06590951,0.7815831
1.0,0.13387232,0.0023024394,0.0007358665,0.0010981569,0.0012189518,0.00997656,0.016901314,0.002102247,0.0022987938,0.062183037,0.7588099
1.0,0.11424027,0.0020232983,0.00069172523,0.000970846,0.0017139202,0.016015572,0.018994937,0.0017170564,0.0026376185,0.1028328,0.9287828
0.5610614,0.03936243,0.0015183445,0.0008543887,0.0017317726,0.005354497,0.014387686,0.007317415,0.0019681635,0.012475918,0.23704176,1.0
0.27152297,0.00819882,0.0018120471,0.0010469567,0.0022201915,0.005535887,0.011859003,0.00362194,0.002674975,0.02819258,0.41102934,1.0
0.8933271,0.2557242,0.039979264,0.0032197528,0.0025152012,0.011284722,0.020838447,0.012101593,0.009758944,0.028010186,0.26566464,1.0
1.0,0.7195974,0.14004178,0.01119493,0.0043026614,0.012879559,0.031093068,0.016187785,0.010575664,0.013057942,0.029148493,0.2811413
0.91253835,1.0,0.33020392,0.03094054,0.018086089,0.020459717,0.04746626,0.015702724,0.011987096,0.013427925,0.023336923,0.23563656
1.0,0.95092726,0.8016233,0.23360756,0.16977783,0.1224521,0.22606204,0.07782643,0.051409688,0.078734145,0.18812774,0.9371273
0.65166014,0.25640616,0.17411731,0.17833827,0.16421075,0.15742527,0.3811815,0.179356,0.065344535,0.08058943,0.27083036,1.0
0.8136328,0.35676774,0.36648223,0.19808088,0.21456757,0.1361872,0.6444921,0.24994314,0.07284063,0.07648701,0.30869296,1.0
0.67748255,0.27445865,0.2660389,0.12561819,0.1872857,0.1102943,0.45907977,0.22000201,0.07232013,0.13285963,0.38768438,1.0
0.9136375,0.35391557,0.20109856,0.2786505,0.38618234,0.3759276,0.48288932,0.44048268,0.25586718,0.16248232,0.30216324,1.0
0.034642104,0.13664371,0.22129895,0.5633932,1.0,0.81056094,0.38248202,0.124035686,0.019856717,0.01857678,0.04074838,0.039994724
0.036079053,0.25949755,0.21689226,0.6478837,1.0,0.3515532,0.21349187,0.080096096,0.024325311,0.02533068,0.058872957,0.032404587
0.16743636,0.46207917,0.2908859,0.57454985,1.0,0.1851014,0.13158521,0.059146266,0.03836244,0.038404074,0.1302287,0.1836483
0.53177756,0.33323896,0.19701907,0.29464272,1.0,0.38937342,0.12248248,0.06810792,0.08398921,0.07068273,0.1431127,0.56258506
0.5505598,0.20059863,0.19882153,0.46690243,1.0,0.4576591,0.16423935,0.1615416,0.13236122,0.118653126,0.2820966,0.9893232
0.5994184,0.21051276,0.6438801,1.0,0.4416998,0.11752677,0.17372891,0.24786793,0.1045171,0.2985143,0.84054583,0.898723
0.3450283,0.27836803,1.0,0.43121904,0.09767911,0.04446302,0.087917775,0.079737835,0.14410307,0.6131597,0.77584296,0.49506667
0.08753337,0.46846697,1.0,0.18233652,0.06167607,0.040898256,0.05870991,0.043527525,0.33996356,0.80003595,0.29756427,0.1260656
0.033841666,0.34989408,1.0,0.4251045,0.08259777,0.040077157,0.049917817,0.04390971,0.2595155,0.57371163,0.16503684,0.03275987
0.009546086,0.056674644,0.5278706,1.0,0.35110763,0.05440418,0.02856617,0.037965443,0.040882725,0.14322156,0.18080002,0.035417132
0.004047832,0.008469144,0.12705058,1.0,0.7009188,0.056214914,0.0150071895,0.023708213,0.016420674,0.030690834,0.069389865,0.03312408
0.0037770306,0.010616859,0.14367501,1.0,0.665699,0.046292286,0.011273671,0.016470455,0.010507195,0.019591993,0.045445807,0.02480831
0.030961957,0.22445351,0.8434826,1.0,0.2962385,0.033720862,0.012098319,0.014261243,0.011513494,0.032505766,0.050442062,0.015206707
0.26040167,0.989167,1.0,0.26902363,0.052542266,0.035175934,0.0131909875,0.012746937,0.018918639,0.03422801,0.034878638,0.023778638
0.6599176,1.0,0.29071817,0.030124238,0.029016046,0.033087645,0.011668173,0.024232155,0.026366722,0.020690791,0.030271403,0.08168464
0.950704,1.0,0.17927797,0.045180243,0.06294127,0.058733642,0.030481702,0.09284409,0.18169338,0.09398947,0.09291823,0.23500007
0.14095983,0.5485153,1.0,0.45050353,0.11882237,0.06900139,0.045207493,0.12445653,0.30338886,0.44478652,0.31443328,0.110420786
0.042480484,0.06901065,0.38265955,0.9936481,0.55994993,0.0813352,0.029452091,0.13978335,0.14023723,0.24788518,1.0,0.49090865
0.044915706,0.015352147,0.05454435,0.6935905,1.0,0.13816623,0.021141902,0.15084288,0.17692599,0.08439364,0.48890623,0.4783089
0.053181008,0.021315105,0.13889419,0.84703356,1.0,0.15708086,0.02950598,0.15561555,0.19233155,0.066598356,0.1448928,0.22539936
0.040858027,0.2553176,0.93584615,1.0,0.32951567,0.051780846,0.016652368,0.06991709,0.15395531,0.300361,0.19142705,0.07406276
0.28176683,0.8712361,1.0,0.3559823,0.04371091,0.020028356,0.009572646,0.19763048,0.5756275,0.43718892,0.12062393,0.041071333
0.9389655,1.0,0.121462025,0.03701876,0.017614773,0.018521193,0.018728988,0.5826465,0.89167804,0.1130169,0.030186152,0.07057107
0.35040754,0.53898937,0.07517798,0.018562557,0.016151266,0.04322005,0.025474798,0.34107426,1.0,0.20291512,0.031508468,0.027212502
0.098389514,0.2929584,0.34934172,0.19151889,0.06941658,0.06080791,0.12984012,0.29923677,1.0,0.78071254,0.5092905,0.20867738
0.04614865,0.04881255,0.14676636,0.32205355,0.14091845,0.0133549385,0.09073527,0.41712278,0.20603053,0.3387821,1.0,0.44567764
0.07726707,0.040490728,0.11729726,0.3291162,0.12906258,0.010513916,0.05402081,0.37230313,0.22033952,0.31488445,1.0,0.5091127
0.32404417,0.42331564,0.43560567,0.23962362,0.04926693,0.009662467,0.065319516,0.33090457,0.7080246,1.0,0.7717998,0.42280176
1.0,0.58959734,0.2362827,0.05195307,0.02296932,0.020082608,0.14297892,0.45971438,0.84312004,0.512691,0.16997722,0.40381238
0.4698829,0.1743443,0.10810539,0.06567583,0.02627867,0.014043318,0.09207225,0.35537788,0.8891509,1.0,0.7100709,0.59682196
0.90247196,0.39177614,0.13698596,0.08477174,0.05635158,0.0327217,0.07179768,0.16085523,0.35865894,0.63599056,0.84052056,1.0
1.0,0.51067346,0.23019958,0.12906536,0.115640335,0.11462068,0.22847226,0.67576844,0.819076,0.3370014,0.3108114,0.8595874
0.09079595,0.055747308,0.05043299,0.05392646,0.05151897,0.09702651,0.37733254,1.0,0.8881388,0.20131458,0.04469713,0.11175772
0.024800595,0.018537361,0.017571071,0.032440163,0.05377191,0.17597356,0.55587536,1.0,0.43792078,0.10440166,0.02587573,0.022176677
0.38643843,0.5841222,0.49800742,0.16414236,0.17958485,0.43430972,0.5333823,1.0,0.8784531,0.75321484,0.5121481,0.29803038
1.0,0.9683999,0.45468786,0.15726522,0.09106182,0.09235285,0.17251211,0.363543,0.44545633,0.29942167,0.28253666,0.60347646
1.0,0.68587613,0.22402312,0.10017675,0.04662795,0.113158464,0.12916982,0.21676365,0.18494101,0.12026726,0.27184758,0.6073052
0.95932704,0.7199955,0.3984997,0.27237767,0.15919308,0.59434885,0.99388355,0.42504427,0.38877648,0.4204267,1.0,0.7956863
0.04679416,0.039706632,0.06578577,0.16615592,0.13692078,0.2502865,1.0,0.58254844,0.1987923,0.18238547,0.14340726,0.11008821
0.04136144,0.037870433,0.03525274,0.17865753,0.33233783,0.3385753,1.0,0.8379976,0.13470271,0.08125392,0.049828537,0.042750254
0.06343732,0.1723387,0.13198626,0.28392223,1.0,0.84564024,0.57407004,0.63103193,0.22430421,0.10027185,0.072831325,0.04562245
0.11214585,0.31337172,0.4221807,0.59597623,1.0,0.59055877,0.47806132,0.50513846,0.34864196,0.21850832,0.22096297,0.14503531
0.23350693,0.2521003,0.27730355,1.0,0.8779778,0.41257715,0.58436406,0.52283,0.477294,0.3684022,0.6164251,0.35428482
0.14631274,0.5545639,1.0,0.53240585,0.18295027,0.10145997,0.1303848,0.2864456,0.33977103,0.1457124,0.12676658,0.08291387
0.3646504,0.31422573,0.22868802,0.060452968,0.020493174,0.020327209,0.26294342,1.0,0.5545254,0.06417516,0.04255594,0.20387042
0.668092,0.047576297,0.0137904715,0.022480138,0.010734241,0.020645628,0.32046634,0.530999,0.17519382,0.08972184,0.1380268,1.0
0.38763753,0.008777152,0.0030976224,0.007942171,0.0020843842,0.009431244,0.074306,0.030668601,0.026258364,0.074375555,0.14836209,1.0
0.6686525,0.040339258,0.005295922,0.006908341,0.0025352493,0.0056838533,0.05640409,0.04181626,0.022088032,0.06668133,0.114330396,1.0
1.0,0.22952758,0.012644031,0.0060626855,0.0059014824,0.0056573837,0.044339284,0.09057236,0.054918993,0.059410807,0.07289515,0.5330288
1.0,0.6359974,0.03428371,0.010509108,0.014182,0.012315598,0.02010339,0.12312982,0.18865986,0.07737473,0.10916121,0.26140553
1.0,0.5842938,0.044239,0.01923018,0.05329801,0.019246083,0.02936461,0.18305314,0.13225242,0.04857763,0.068163246,0.22133124
1.0,0.44238135,0.14654744,0.1705583,0.50995445,0.090969265,0.050587013,0.24002479,0.06806312,0.017595053,0.025016151,0.21128966
0.30311555,0.07111531,0.056490786,0.28134587,1.0,0.14073998,0.023803389,0.06881066,0.019200172,0.0085332645,0.014493187,0.12956193
0.22724698,0.032336544,0.021217603,0.3523491,1.0,0.17519577,0.049440123,0.04648736,0.034485392,0.025943188,0.032611586,0.20933902
0.7529261,0.09348639,0.066125974,0.4362657,0.68666273,0.39292938,0.34848776,0.29718763,0.80467147,0.6163194,0.32026616,1.0
0.8408403,0.47039965,0.17696902,0.104993135,0.24329612,0.30184856,0.36329466,0.5001735,1.0,0.88190097,0.3930493,0.52143484
0.22515248,0.5253177,0.97129875,0.75364894,0.3763202,0.36200634,0.30076614,0.30402666,0.82526904,1.0,0.3609653,0.1438899
0.03762934,0.09762416,0.7947614,1.0,0.20789851,0.13325073,0.1298498,0.18430224,0.34626272,0.31267273,0.1907385,0.056561314
0.086363174,0.1550179,0.86174774,1.0,0.3551873,0.47754356,0.3385043,0.37083516,0.39169368,0.28340092,0.24918164,0.10795278
