0.0,42.77791925764803,0.058297116
0.01,42.72655916180368,0.08340118
0.02,42.80933586461667,0.054449085
0.03,43.201971978845236,0.086929105
0.04,43.238478939749356,0.49104068
0.05,43.28483850829559,0.64104205
0.06,43.24590741066463,0.5036498
0.07,43.25585866118837,0.39865732
0.08,43.1103872732075,0.5315469
0.09,43.28462918020917,0.5476129
0.1,43.16380344157844,0.53689957
0.11,43.23396018013699,0.4618479
0.12,43.19887519958546,0.7418986
0.13,43.11919570306617,0.5020589
0.14,43.341368448940365,0.7883765
0.15,43.17483115366224,0.5821359
0.16,43.32019592916855,0.80304307
0.17,43.23316525122272,0.7282398
0.18,43.300789419926204,0.75488794
0.19,43.21890396779747,0.8523762
0.2,43.08890638217795,0.423275
0.21,43.201500936410184,0.7172279
0.22,43.087644276022694,0.641231
0.23,43.25067093148054,0.7966173
0.24,43.12444528423128,0.8407396
0.25,43.18702122500496,0.8569232
0.26,43.20025994397977,0.9033191
0.27,43.21517374649622,0.7324549
0.28,43.28608032638008,0.8450248
0.29,43.187319146396945,0.42799768
0.3,43.18793847098159,0.76398194
0.31,43.09329113831961,0.717315
0.32,43.164264578922236,0.83262265
0.33,43.19066493903957,0.9052683
0.34,43.181790999081414,0.8544996
0.35,43.21282606920575,0.9178919
0.36,43.0859511398424,0.7860665
0.37,43.148353586111654,0.8845752
0.38,42.96689215278277,0.8747671
0.39,43.07793959300764,0.88632756
0.4,43.01121825360522,0.90836084
0.41,42.99397621670822,0.8718139
0.42,43.07134359052026,0.8957684
0.43,43.158241255908436,0.85896504
0.44,43.29532889477736,0.9251147
0.45,43.00181823147816,0.88122755
0.46,43.070469518838735,0.9076916
0.47,43.013175317671,0.89774394
0.48,43.070714744451365,0.88359517
0.49,43.13627892503958,0.9108977
0.5,43.059096770146525,0.84023225
0.51,43.09983180453999,0.8698425
0.52,43.11059193481664,0.8519114
0.53,43.23876042154736,0.8987985
0.54,43.224174291673464,0.87686133
0.55,43.24606600650034,0.9108186
0.56,43.27115889480844,0.9104767
0.57,43.158552687327415,0.86063504
0.58,43.20808682401669,0.9099278
0.59,43.17063053106391,0.8921162
0.6,43.09251531571988,0.8520377
0.61,43.032631880382155,0.7675855
0.62,43.150688104948046,0.47994527
0.63,43.1149673193607,0.1494806
0.64,44.09168074116533,0.025166078
0.65,47.81672711387647,0.042971797
0.66,49.95475653758028,0.100174874
0.67,52.36900891932042,0.0806306
0.68,54.79914863852355,0.06236649
0.69,57.63528389118391,0.08310049
0.7,60.15550074219276,0.10155943
0.71,62.69224380961,0.08203638
0.72,64.60323189283275,0.044305976
0.73,67.25142710910217,0.022531144
0.74,71.34948487784543,0.064960115
0.75,77.02394340299911,0.040465087
0.76,79.3811793944983,0.081762865
0.77,82.25735761116121,0.055388015
0.78,86.35786776046845,0.07412546
0.79,90.23470316064495,0.1372152
0.8,95.37938867965123,0.15326385
0.81,99.45221357320602,0.056465242
0.82,103.25732162336246,0.05781816
0.83,108.75059071560872,0.05204688
0.84,114.13079375463718,0.06482
0.85,120.09675935575912,0.06575642
0.86,127.20119104465903,0.10809757
0.87,131.46939975129976,0.071330264
0.88,136.12409471315422,0.033456806
0.89,144.02090343679362,0.07072846
0.9,153.15542152856767,0.08198219
0.91,159.63849381199418,0.054867692
0.92,164.9638796891408,0.013167141
0.93,172.31834020308304,0.019390663
0.94,181.76661972298692,0.023239166
0.95,190.85065842251538,0.07924918
0.96,194.06774740002095,0.01728802
0.97,202.84098388800217,0.0265134
0.98,210.21662618479328,0.067755446
0.99,216.69071258120837,0.03656755
1.0,241.28623196805736,0.5282835
1.01,273.57449574662917,0.59786373
1.02,303.2644706185375,0.3586611
1.03,349.776681491855,0.12872593
1.04,390.0223274614138,0.15980674
1.05,428.1783138906245,0.15291248
1.06,466.6160326898414,0.37828368
1.07,485.48534080575564,0.6158734
1.08,490.7461394328225,0.88470405
1.09,492.9685693707558,0.936456
1.1,497.24042649097976,0.95603853
1.11,502.42837159372215,0.938662
1.12,504.3794302729055,0.9244465
1.13,500.80897277375857,0.91746336
1.14,493.7421710898353,0.8746442
1.15,484.3736424449451,0.7543504
1.16,475.24618659368406,0.8520678
1.17,469.4650165635072,0.8882735
1.18,460.5555725292445,0.6429408
1.19,440.71359683361635,0.64527786
1.2,432.4722681448393,0.86138225
1.21,424.21894813482686,0.6993882
1.22,410.2905788807028,0.74110454
1.23,401.5572093293238,0.88002133
1.24,391.98510998336246,0.85952014
1.25,383.0638424533649,0.78981197
1.26,373.1425161533024,0.83552724
1.27,365.70938347136524,0.8965864
1.28,358.8816135344337,0.88078934
1.29,352.412375793806,0.93569046
1.3,348.1798106730063,0.9055341
1.31,341.5286442108787,0.85069627
1.32,335.2681409573788,0.9159935
1.33,331.27587152179956,0.948266
1.34,325.4507190236295,0.7933941
1.35,317.7102772393064,0.85136396
1.36,312.66713214284755,0.9499575
1.37,307.89009843072665,0.90041304
1.38,300.2471137078054,0.79340196
1.39,291.3611795097084,0.81604743
1.4,286.4587550511563,0.7773572
1.41,277.76983055119615,0.7684897
1.42,272.75881220355166,0.9085187
1.43,268.8968415957407,0.92142075
1.44,263.29394926229133,0.8025995
1.45,257.9374253590721,0.77382064
1.46,251.6304809340212,0.7367712
1.47,241.5357809528116,0.6059308
1.48,232.16994930398351,0.5712962
1.49,226.28642802954386,0.4542171
1.5,208.9616871173875,0.29616827
1.51,209.19595038654938,0.23083381
1.52,214.54922155624877,0.41555205
1.53,218.11139097044375,0.20045033
1.54,225.79822457956521,0.18283562
1.55,231.26704753422925,0.33843863
1.56,236.81286566244924,0.5099411
1.57,244.29226000824585,0.6330558
1.58,250.73043566737724,0.8047477
1.59,256.58613222016237,0.9208985
1.6,258.267856703264,0.91810715
1.61,258.4971719018494,0.8950496
1.62,256.9850118920704,0.9068319
1.63,254.26035759482238,0.87377536
1.64,252.40681570197293,0.8952543
1.65,251.75340168521075,0.90410274
1.66,251.08169244445958,0.91618127
1.67,250.28917536102745,0.9178348
1.68,248.57650505207874,0.9005785
1.69,246.1380339024002,0.86701035
1.7,241.71987112837104,0.82655007
1.71,237.91489969816328,0.82238394
1.72,236.03648590568199,0.83868957
1.73,233.37313545057032,0.7942265
1.74,230.0145401643331,0.81707287
1.75,228.20128962901686,0.85023695
1.76,228.02391845835848,0.8728532
1.77,229.42988452578393,0.8637945
1.78,231.0707656319541,0.8959235
1.79,232.51189226942287,0.8448641
1.8,233.27588641158687,0.87252784
1.81,236.09945310355272,0.7666468
1.82,239.12691767301618,0.8055542
1.83,241.41235326400613,0.77614784
1.84,243.35717943023312,0.85050845
1.85,245.19533358752517,0.84754115
1.86,246.89274047521792,0.7781552
1.87,247.73032449913944,0.8484255
1.88,247.53359371342057,0.8150039
1.89,246.85639029720974,0.7952973
1.9,245.97211748735234,0.75890857
1.91,244.63766936994568,0.7905906
1.92,242.84647207381443,0.64881194
1.93,241.29639201882387,0.8084472
1.94,239.07884075883086,0.51765716
1.95,236.1298939224611,0.48106006
1.96,233.2842617044177,0.46925464
1.97,229.62984655141304,0.38636228
1.98,226.6954405168258,0.5441318
1.99,222.04551592213062,0.54321814
2.0,214.50849007743156,0.50133777
2.01,206.48873267122113,0.35441396
2.02,200.95120590352673,0.6446607
2.03,196.41596208696697,0.8091759
2.04,193.35686942385198,0.7139494
2.05,193.2028662486719,0.75044453
2.06,196.62951518492716,0.5398631
2.07,203.83667619357965,0.38499066
2.08,210.1270269855599,0.37122735
2.09,232.32108141848525,0.34846732
2.1,241.34563289441888,0.5615815
2.11,247.58280763838206,0.6321194
2.12,254.8904657364344,0.7819742
2.13,259.7252346584715,0.8258559
2.14,261.78855437365075,0.79230493
2.15,261.54191673599036,0.48166862
2.16,258.44818315399345,0.35276538
2.17,252.5034443071817,0.71769625
2.18,246.91065256108575,0.838454
2.19,249.18171711038977,0.5211859
2.2,251.4273720823613,0.34356645
2.21,254.1470977784432,0.4000893
2.22,254.91380255631378,0.6000347
2.23,254.72328646603648,0.5949464
2.24,253.51531068565546,0.57123667
2.25,251.2746564939693,0.6284792
2.26,248.74054680654794,0.6239535
2.27,246.6741740867684,0.833207
2.28,246.69507327921266,0.8874822
2.29,247.3106806818077,0.9118218
2.3,247.6544252089538,0.93107206
2.31,248.18169418100962,0.92862564
2.32,249.18150942439578,0.9221467
2.33,249.79308611376473,0.9068854
2.34,250.0139229236224,0.8907554
2.35,249.62739328381775,0.8267248
2.36,249.95429230650487,0.6767854
2.37,250.19516463209106,0.5311092
2.38,252.13274223898134,0.57303405
2.39,256.7217278685065,0.69702274
2.4,259.6493387234329,0.86885506
2.41,259.1231817512071,0.8456209
2.42,256.30205835529864,0.8251982
2.43,252.7382677582025,0.787096
2.44,251.49411441896217,0.6641167
2.45,249.89988367034485,0.44842914
2.46,247.56874792288826,0.5213296
2.47,247.24001978279264,0.56460387
2.48,248.98313889545037,0.597502
2.49,254.49093089237488,0.6238967
2.5,260.0592586570113,0.69716984
2.51,267.4630019686747,0.47123206
2.52,272.87181303662214,0.69924074
2.53,275.96012466897366,0.7975718
2.54,277.3109952337723,0.78528506
2.55,276.84863876551276,0.73938584
2.56,273.16710789142945,0.5941477
2.57,263.5511038113692,0.67268586
2.58,258.68917155529977,0.71166116
2.59,252.5852200046512,0.686033
2.6,247.7901901736706,0.8220498
2.61,247.86118449677932,0.80408293
2.62,251.49042254947386,0.69844455
2.63,257.8961871095664,0.7432644
2.64,262.07364850993866,0.740247
2.65,265.42754331020524,0.5090906
2.66,252.5333452415795,0.51228654
2.67,251.5246518385091,0.43670952
2.68,250.79600546054758,0.40864894
2.69,256.7290353868109,0.30632496
2.7,262.4595789095479,0.51246774
2.71,264.5785574330013,0.47406015
2.72,263.888259808457,0.7735478
2.73,260.9523641833787,0.64706624
2.74,256.84526658884135,0.6075885
2.75,251.71497250394455,0.66747826
2.76,247.3844671010892,0.90402347
2.77,246.38473638291498,0.93193036
2.78,243.24119369345647,0.9487284
2.79,240.60350392614126,0.90724856
2.8,241.00802556433067,0.6686776
2.81,246.1196298833483,0.7854836
2.82,252.7373131201307,0.9057527
2.83,257.15653940020866,0.94891053
2.84,259.85078111403453,0.9472811
2.85,259.52015906264864,0.9451119
2.86,256.8847947197275,0.89892733
2.87,252.15292848170577,0.7995701
2.88,245.53524123350815,0.80410135
2.89,241.27733506572355,0.727791
2.9,241.07971885232269,0.14913248
2.91,241.45981248328974,0.16048908
2.92,242.14428169754765,0.065032706
2.93,244.49458999922356,0.061863225
2.94,244.96790978293456,0.1538442
2.95,240.5214849037816,0.2728509
2.96,241.31346365921138,0.07025375
2.97,241.3492478522824,0.41236803
2.98,241.13992533648488,0.48530334
2.99,241.3213975560692,0.4666155
3.0,240.75959625993357,0.25237262
3.01,238.4227793712613,0.21266884
3.02,237.6220277570819,0.12086125
3.03,240.601062631207,0.13887116
3.04,241.79287593621925,0.41644853
3.05,240.77152481456108,0.10686436
3.06,236.3502058869634,0.09780741
3.07,235.15438893085442,0.039502382
3.08,227.87639126078938,0.033229854
3.09,223.286753988008,0.014745625
3.1,217.30823020575178,0.014741691
3.11,211.37193053212906,0.042089656
3.12,204.8077849066521,0.05273282
3.13,188.4100733249485,0.031782422
3.14,181.46780550267894,0.059773777
3.15,177.7367533792429,0.0634158
3.16,175.6907325635188,0.07283976
3.17,178.36403660910844,0.11679608
3.18,181.60133436455465,0.34801474
3.19,183.86261686742117,0.26674998
3.2,188.07600296820496,0.2158652
3.21,195.68424335409242,0.2268392
3.22,197.34503418997886,0.14993395
3.23,204.61568368652482,0.020751333
3.24,213.776448978034,0.16079062
3.25,216.38038808440953,0.08804644
3.26,216.8356180448771,0.07659254
3.27,218.50155397650275,0.05259578
3.28,222.96452979125792,0.020613706
3.29,222.9742763846691,0.044783957
3.3,235.04301934007043,0.14176965
3.31,246.09961648716234,0.5381914
3.32,255.68800830929067,0.24337402
3.33,263.6085349759563,0.18655503
3.34,271.76456651851834,0.52731305
3.35,291.5806824383239,0.5750752
3.36,321.93791865451317,0.55234224
3.37,327.7823268070605,0.6532979
3.38,339.7519244793662,0.589942
3.39,354.5003123977353,0.8247233
3.4,365.8339576220936,0.8393942
3.41,383.9123934987385,0.7869335
3.42,394.27021379736124,0.87705916
3.43,401.1809655030367,0.90683615
3.44,402.58766963130483,0.9131147
3.45,398.3654574196831,0.8249195
3.46,390.72793700306465,0.7962497
3.47,381.73107969508715,0.45696825
3.48,357.14869951272044,0.57500887
3.49,352.05982249254885,0.6482452
3.5,355.32310834805503,0.2964612
3.51,354.569034207922,0.34157962
3.52,355.42116958040714,0.12539692
3.53,374.52856918814746,0.36297578
3.54,395.8598036556635,0.25362983
3.55,358.9566678940412,0.6598841
3.56,349.2546217783047,0.7210644
3.57,344.59242842413846,0.67003596
3.58,356.98323939423324,0.26277807
3.59,362.48062495878224,0.21685663
3.6,374.3668223475846,0.16847114
3.61,375.60803478413175,0.2884885
3.62,370.8757235036399,0.3469071
3.63,327.01872597629244,0.30003342
3.64,326.47811597371447,0.27615458
3.65,322.16869400260117,0.2585679
3.66,322.42171835401615,0.37945235
3.67,323.3787396737912,0.66014725
3.68,324.5029635020571,0.64316434
3.69,332.8606420108602,0.46785086
3.7,352.92998169264,0.7291254
3.71,357.76242640190156,0.77234477
3.72,358.84047726215476,0.78228664
3.73,357.6664660671081,0.6518514
3.74,356.5877464167135,0.6265991
3.75,353.36074026620673,0.6395865
3.76,351.54899344929356,0.61906
3.77,353.6189837798588,0.56707156
3.78,357.7507883661923,0.881764
3.79,353.4063468681223,0.86620384
3.8,346.3708128626421,0.73075026
3.81,334.5581524526508,0.614554
3.82,322.855443271995,0.5367808
3.83,315.75185428211296,0.44869164
3.84,300.7828208449145,0.40950873
3.85,272.6800243257229,0.2562501
3.86,238.84283889947056,0.39928526
3.87,221.71287448283348,0.5461945
3.88,213.79539955591642,0.5898479
3.89,199.58352330009598,0.34521133
3.9,187.83020881660423,0.44073603
3.91,168.13819074909847,0.33376247
3.92,161.2870370834499,0.5897216
3.93,154.57765606699792,0.6059033
3.94,146.82587499687062,0.7374713
3.95,144.03188169878666,0.7915974
3.96,141.91904935517977,0.8394504
3.97,142.29797115997798,0.8615752
3.98,144.36206505771784,0.81711453
3.99,147.3599436314694,0.89620125
4.0,149.550556063526,0.882641
4.01,152.37315425948555,0.8661905
4.02,155.22035850005176,0.8738779
4.03,159.69234681817474,0.73171973
4.04,164.06077364381477,0.8342237
4.05,166.25087063595115,0.9175764
4.06,166.39677965757966,0.9048613
4.07,165.32981278256375,0.8157038
4.08,161.8587402370571,0.7162248
4.09,157.75032035171577,0.8201817
4.1,156.32758030047754,0.91264325
4.11,157.51257544072527,0.771666
4.12,164.1501083711211,0.28293473
4.13,183.08586525945643,0.6842896
4.14,184.58485053402916,0.833131
4.15,185.57004223959112,0.89796215
4.16,186.9414048074566,0.86056495
4.17,189.91817982631414,0.735391
4.18,194.42033914117366,0.89317083
4.19,195.67184098954257,0.905709
4.2,195.73593023874392,0.92043835
4.21,195.896629032676,0.916644
4.22,196.3958137982809,0.91237754
4.23,198.68603659468823,0.7654952
4.24,204.68051772131554,0.601904
4.25,210.09081770457675,0.8582578
4.26,214.98537029498613,0.7501063
4.27,226.7545261902828,0.5807491
4.28,239.78934820308217,0.61491466
4.29,263.83288586059786,0.47801745
4.3,304.2391998347693,0.32714233
4.31,336.33803726466465,0.5076495
4.32,348.5387004223293,0.62951905
4.33,366.5678890121606,0.47667778
4.34,388.4717449367075,0.6052548
4.35,405.4197818653661,0.5396382
4.36,416.81278946406115,0.891541
4.37,419.4304564290759,0.88534147
4.38,417.16869269902054,0.825417
4.39,407.56682710289743,0.71898836
4.4,401.3694628924457,0.88823044
4.41,403.5358081368457,0.85329133
4.42,406.5392287213866,0.73011893
4.43,410.8317183172292,0.84003997
4.44,408.8017328484236,0.6637181
4.45,390.2612181512279,0.7996532
4.46,381.89099984775,0.71949315
4.47,358.6484866663866,0.6016613
4.48,343.9085441757146,0.8368378
4.49,339.9167116109568,0.93290913
4.5,341.9766230250584,0.8385067
4.51,349.9338370892807,0.9408122
4.52,353.6074646278192,0.9292676
4.53,356.5130338889222,0.62281054
4.54,388.6077326713923,0.86676985
4.55,391.8042797492732,0.9034564
4.56,392.0938474815046,0.89046425
4.57,389.86644015353886,0.8172816
4.58,387.36460410925537,0.59080946
4.59,369.28266698588544,0.6740491
4.6,358.67320594659384,0.83924234
4.61,351.4262995951425,0.85252905
4.62,345.97575443362905,0.8811005
4.63,340.23191905610184,0.8657253
4.64,336.41691637629526,0.90700793
4.65,333.7624488226137,0.9251567
4.66,330.0255104972358,0.90565026
4.67,327.1621717426351,0.9130852
4.68,324.3975587472139,0.8253973
4.69,318.7695398822609,0.73647845
4.7,311.98066518792433,0.7283777
4.71,300.6883382795364,0.45666513
4.72,275.63392158091114,0.5420182
4.73,267.34049173184735,0.6890487
4.74,244.7496117367462,0.27477333
4.75,226.00603299077775,0.5081949
4.76,219.95787609256234,0.26262617
4.77,230.34355836434577,0.2104063
4.78,240.78820662390604,0.48707566
4.79,256.0739562537775,0.6920445
4.8,270.25611097651114,0.3363813
4.81,287.60325467782604,0.29861334
4.82,293.2654402069084,0.14580543
4.83,279.38208925191066,0.27054575
4.84,272.13217191053036,0.42198825
4.85,267.90568901169524,0.44206828
4.86,265.2043381774504,0.35611573
4.87,258.39135887511327,0.20917214
4.88,246.78729971217325,0.12740876
4.89,241.42984082739957,0.04736821
4.9,272.44103222956835,0.09493495
4.91,317.2814868549322,0.10460153
4.92,349.10307367925924,0.23059647
4.93,388.11071188797064,0.23332506
4.94,432.0914686043914,0.18774444
4.95,421.9156906859147,0.26483232
4.96,417.65757911327233,0.25375715
4.97,414.1495337167549,0.46957964
4.98,413.9473235401993,0.5756799
4.99,411.91730459559034,0.5438605
5.0,407.8896586067972,0.1980919
5.01,401.37072609736924,0.0808642
5.02,402.47531931856145,0.057028178
5.03,410.3752875589588,0.0128823025
5.04,418.7256518074218,0.020113928
5.05,419.8323808413432,0.03086336
5.06,416.41092402093466,0.045080207
5.07,401.0180837288971,0.050062586
5.08,395.0895165236715,0.051887162
5.09,396.84310363684864,0.042014785
5.1,399.80160376861704,0.04371654
5.11,395.9342007704073,0.024123335
5.12,399.3757086364485,0.06531816
5.13,399.12145793722544,0.044833273
5.14,397.63805902789153,0.21883671
5.15,400.5452292949626,0.043778606
5.16,394.2732149257003,0.030131502
5.17,380.2420335395121,0.017965285
5.18,362.4608051667416,0.0084913755
5.19,353.28456235254953,0.011008451
5.2,347.14244205111817,0.08100247
5.21,340.7520492337554,0.31620637
5.22,333.7295351557521,0.11522639
5.23,329.1346646396137,0.08112106
5.24,363.0937900845855,0.043914568
5.25,362.6542653440415,0.11219045
5.26,360.6776295883092,0.10038046
5.27,355.1869068236737,0.09897505
5.28,343.2797010134111,0.22899672
5.29,342.45714322163167,0.25808525
5.3,343.3434739098915,0.28304258
5.31,322.4718130392099,0.11091152
5.32,320.3992000052052,0.26401803
5.33,335.01276439203644,0.34390935
5.34,351.33426251847504,0.40985996
5.35,386.85384455743065,0.3334662
5.36,388.67556518066635,0.5120051
5.37,390.6460432616168,0.4417231
5.38,383.3075563544106,0.2852708
5.39,377.63095188060964,0.46208543
5.4,370.062326485785,0.3942929
5.41,352.3851673077368,0.535179
5.42,349.6581925875479,0.4723513
5.43,336.51714267186844,0.60225797
5.44,334.09017350702914,0.8842565
5.45,336.36551323020547,0.9082375
5.46,341.4353609193977,0.8383029
5.47,350.2451110093281,0.92852336
5.48,353.3668192227798,0.8773875
5.49,357.6918125486237,0.21728462
5.5,382.1117391843012,0.49271727
5.51,380.4823503847724,0.789125
5.52,376.5370902865228,0.7453736
5.53,371.3065945187369,0.7388224
5.54,367.0454001154581,0.72912186
5.55,361.7232220203703,0.5744307
5.56,351.7837139151226,0.63202065
5.57,345.4095751401384,0.58101577
5.58,338.49816465299557,0.5431648
5.59,331.49839524428273,0.45772746
5.6,306.3238966026278,0.34616956
5.61,289.0194727008043,0.42044595
5.62,279.94017890570166,0.45574534
5.63,265.3567399792132,0.5544673
5.64,247.27091070237847,0.38951242
5.65,227.23314698206192,0.5876916
5.66,222.85657866128628,0.6490676
5.67,209.18096203389834,0.3172308
5.68,183.11725485718642,0.30828264
5.69,164.72885090865748,0.5026295
5.7,167.05059052755175,0.41485003
5.71,158.56493751536573,0.44813153
5.72,157.41024247221054,0.5807045
5.73,153.8835639188607,0.5513175
5.74,146.08178874113864,0.4625299
5.75,140.8092240501406,0.6271892
5.76,134.86715584356423,0.67351454
5.77,128.1640652038222,0.60857886
5.78,122.59829160339777,0.72504413
5.79,119.37106886989972,0.74484515
5.8,119.04808586411824,0.6333341
5.81,120.09726279958848,0.3695433
5.82,119.88823918860723,0.27960083
5.83,129.51547143514824,0.21850778
5.84,135.73951515847008,0.07895183
5.85,144.26140809497247,0.069082946
5.86,154.83399306533994,0.053761207
5.87,163.30885742269388,0.11092684
5.88,175.4815334651605,0.2969051
5.89,181.12028890664396,0.3269147
5.9,194.40985550122437,0.20067866
5.91,203.28991007160892,0.21289791
5.92,208.5976748132838,0.22044931
5.93,221.38501500981565,0.5202116
5.94,228.40741036881977,0.63433594
5.95,233.22711296598106,0.7530717
5.96,235.78262002704324,0.74127144
5.97,238.27751176745716,0.6103327
5.98,263.84133166339575,0.4201054
5.99,300.4222088378356,0.29459503
6.0,323.32513318862107,0.25505903
6.01,335.0201047181506,0.47424668
6.02,342.0299279490315,0.64712065
6.03,346.73051587919593,0.77432334
6.04,352.45132939639313,0.90324736
6.05,355.4857495673149,0.9143068
6.06,358.24416997147387,0.9201322
6.07,356.7218488657133,0.86757
6.08,353.9848976447448,0.8782928
6.09,351.48564075191234,0.74202526
6.1,349.88638272797243,0.6112689
6.11,320.7961707226286,0.22093801
6.12,283.85004897768056,0.038278874
6.13,267.9185749533746,0.071312815
6.14,241.46948302491836,0.4088558
6.15,239.57028253700372,0.4930508
6.16,235.11024848862274,0.46183446
6.17,229.61912461239177,0.61904263
6.18,226.6530147469498,0.683075
6.19,218.51561874774362,0.51946133
6.2,225.243786680964,0.429069
6.21,242.3177264126585,0.32079604
6.22,245.39898821961737,0.35826296
6.23,265.7144965403354,0.15998119
6.24,269.7394902066321,0.32281634
6.25,291.1015328091422,0.28024638
6.26,315.64794577856816,0.33873853
6.27,337.73106239254133,0.40832964
6.28,349.1553548394022,0.4377517
6.29,386.19111248964265,0.51590043
6.3,389.2072850094877,0.79997116
6.31,393.3822635107282,0.93617123
6.32,395.40211798210214,0.9246906
6.33,401.6751826628567,0.77879643
6.34,416.37101614965906,0.6157008
6.35,422.3234198947537,0.6886984
6.36,422.68938064566925,0.6682957
6.37,420.77372679001684,0.651126
6.38,418.74149786433907,0.52589315
6.39,393.6702082683593,0.32043865
6.4,368.9206413424837,0.84528166
6.41,363.4328415215662,0.8766676
6.42,358.4740699907055,0.8957718
6.43,354.5728523284781,0.92414314
6.44,350.5275285761979,0.8698414
6.45,345.81630055890025,0.74034446
6.46,342.1189326591882,0.52143407
6.47,330.98735598279,0.37978077
6.48,295.03718154009357,0.4005861
6.49,274.587225647439,0.8051427
6.5,274.35372630864526,0.6950336
6.51,286.9453903744869,0.31500942
6.52,293.8276181493071,0.35156518
6.53,305.250149110073,0.46790928
6.54,311.71879812838904,0.63717204
6.55,311.6772947414895,0.80701965
6.56,309.0510129835809,0.8168592
6.57,305.7822418295225,0.92236173
6.58,307.3023629985157,0.82738805
6.59,332.0818418328387,0.7271171
6.6,338.9115644840857,0.68295014
6.61,366.1683034450536,0.7097594
6.62,375.78199928073116,0.8245825
6.63,385.01769547603965,0.68207705
6.64,391.16657522349885,0.79576516
6.65,395.9404298955837,0.68812156
6.66,399.7398621432076,0.34593186
6.67,399.0308959913148,0.60802966
6.68,385.99641626429894,0.34791398
6.69,360.1894611461113,0.23246893
6.7,349.6810733110475,0.20659551
6.71,329.8031976159438,0.17930111
6.72,336.52046580617434,0.02876956
6.73,331.47574666541675,0.0073842607
6.74,336.7344926512217,0.040580247
6.75,329.04346284498564,0.0117766
6.76,331.52770885010057,0.06567499
6.77,331.21660031561754,0.1665126
6.78,329.8260073115846,0.27964932
6.79,327.42077711577144,0.13103814
6.8,320.7421290356838,0.07817385
6.81,321.55523362737733,0.05048288
6.82,288.8038816718962,0.28121963
6.83,262.81336239421057,0.23625724
6.84,231.30432118111898,0.084765874
6.85,200.1163161496066,0.21122678
6.86,179.98390929583067,0.7928179
6.87,177.56586378124155,0.8109686
6.88,172.1371607547269,0.7479614
6.89,169.2765399828019,0.8051458
6.9,170.97077423839988,0.73662746
6.91,176.01424984777339,0.7928675
6.92,179.58892325426984,0.8837964
6.93,181.7566236912188,0.89722836
6.94,182.38801721600362,0.88543916
6.95,180.89110872847112,0.8263521
6.96,176.65940386545483,0.757
6.97,170.72199730465462,0.59627146
6.98,165.41364658695068,0.6684597
6.99,160.6774733005472,0.46434572
7.0,150.9914155046788,0.31263176
7.01,142.37652256829304,0.07656245
7.02,139.16215805726634,0.07874295
7.03,141.5916353617147,0.09414426
7.04,142.88933517113443,0.06282182
7.05,139.46923839553986,0.032346934
7.06,141.32870575143804,0.089033134
7.07,139.0082599898204,0.2725744
7.08,137.39205477355813,0.17614342
7.09,136.3489814742083,0.092326984
7.1,135.68333780464752,0.0656649
7.11,134.87936930428202,0.12390589
7.12,134.37739514712166,0.09518311
7.13,151.69545725881528,0.23537233
7.14,170.8618770456654,0.2873342
7.15,192.92777071525748,0.28625742
7.16,223.64080427375677,0.3405269
7.17,242.9079177755031,0.5774337
7.18,249.43334349845225,0.7078969
7.19,250.2288514851733,0.8616524
7.2,250.5918476958939,0.9040736
7.21,250.44488471720368,0.85752404
7.22,243.7292970611534,0.7060655
7.23,237.40590021416432,0.6920941
7.24,223.84968720066396,0.36385283
7.25,209.28710522870688,0.3560797
7.26,190.5428818416039,0.26245314
7.27,175.12383846529335,0.09815259
7.28,165.46847160807945,0.3183407
7.29,163.2457012655687,0.23294023
7.3,168.15846405735613,0.20643495
7.31,183.29000998302445,0.28493166
7.32,208.56865452948392,0.27077347
7.33,228.94272929405236,0.25663245
7.34,236.47680648271628,0.32803854
7.35,247.56885703120162,0.5178224
7.36,251.97507884852232,0.83564496
7.37,252.93650983683835,0.8763979
7.38,249.2726103194019,0.87515855
7.39,246.45490363297642,0.88699746
7.4,241.73169124036627,0.74563736
7.41,234.54989715369064,0.7496297
7.42,230.65336163241562,0.84053254
7.43,230.60102623442506,0.8818871
7.44,234.22734559665372,0.85666704
7.45,240.08834100128783,0.88238496
7.46,243.87471376732182,0.92970484
7.47,245.7340766044618,0.95264965
7.48,245.9253838879365,0.9480412
7.49,244.79421881567998,0.9403078
7.5,241.23699340467934,0.90513974
7.51,236.9079303808039,0.7418157
7.52,229.53539951116184,0.53678095
7.53,219.9688528041084,0.5317551
7.54,207.4735998482911,0.42683253
7.55,188.30974236023948,0.3897311
7.56,173.62128995898917,0.289919
7.57,181.29072050118782,0.07852413
7.58,201.44352796335744,0.21569856
7.59,217.98678635873858,0.1627205
7.6,226.06667726950792,0.17456235
7.61,239.13314902886995,0.31507954
7.62,236.50807334772833,0.5395781
7.63,238.53341002521373,0.69125766
7.64,239.68419494992642,0.7199758
7.65,239.69203470527464,0.7501376
7.66,237.24007305354343,0.74898344
7.67,238.62444411307422,0.87880033
7.68,241.9037466973741,0.79603505
7.69,242.62395320597764,0.7523297
7.7,243.77274847995565,0.7501868
7.71,243.54511776177367,0.7696911
7.72,242.16822706080325,0.785611
7.73,241.79391144191572,0.8122763
7.74,240.79330848649664,0.7236741
7.75,239.9810022277339,0.6352588
7.76,241.75221776875338,0.546657
7.77,241.22505888019276,0.27685457
7.78,264.21031095396825,0.5331666
7.79,291.3808339759189,0.5021925
7.8,326.3550258354452,0.23259723
7.81,353.94874044957874,0.27474496
7.82,398.86937908252867,0.17199983
7.83,461.1551364210716,0.60220057
7.84,506.75521958067014,0.8414458
7.85,503.576772754899,0.87447035
7.86,498.9238245352482,0.87224376
7.87,491.1848828270029,0.8178415
7.88,477.6464273544416,0.7130084
7.89,466.3348781296445,0.7457004
7.9,452.239942762833,0.7965151
7.91,441.93169663555545,0.82708144
7.92,434.7039139482148,0.8900659
7.93,430.58184957076946,0.93012553
7.94,426.27055379813527,0.72168946
7.95,410.58494110138383,0.6685468
7.96,397.9759368426089,0.68308145
7.97,387.31367202180877,0.6929138
7.98,379.02475950412423,0.57476366
7.99,352.23703152430835,0.5155615
8.0,340.654994946984,0.5830404
8.01,328.57553507470766,0.518706
8.02,315.0065979611477,0.3740602
8.03,289.6812036168642,0.36602724
8.04,275.24275057252447,0.6837525
8.05,265.86140743862484,0.6365485
8.06,253.86342161209075,0.7172687
8.07,245.96719551458904,0.6990275
8.08,235.9113685480656,0.58823884
8.09,226.15980839007386,0.7113397
8.1,219.74547114562853,0.6253785
8.11,211.58138680510473,0.6739268
8.12,207.5213354616016,0.7093111
8.13,202.85793985476732,0.502691
8.14,189.1749593491686,0.55786455
8.15,182.703506590594,0.74113
8.16,177.01235157351113,0.7187871
8.17,172.98309084015,0.69392806
8.18,165.80259388181005,0.7152088
8.19,161.30926480972943,0.84475654
8.2,157.8734834173532,0.8728732
8.21,154.38415816577762,0.81326073
8.22,149.73448846577347,0.6467025
8.23,144.50381680550916,0.66209394
8.24,139.6470053030318,0.7039176
8.25,135.48058322698927,0.5363945
8.26,130.54423111136393,0.61266404
8.27,127.04185234484824,0.65537065
8.28,124.03252439524235,0.7191159
8.29,120.08231911836151,0.6070321
8.3,117.47064255260538,0.6397064
8.31,115.3873318740849,0.5096587
8.32,116.32742601754613,0.39779067
8.33,115.82083454561676,0.2435401
8.34,109.5285631109332,0.05223802
8.35,108.65115667938896,0.05652044
8.36,108.46771230117923,0.20708837
8.37,115.66812840874663,0.08503859
8.38,128.67780621382786,0.30137062
8.39,141.49897343852825,0.2557509
8.4,148.72012334622912,0.07833108
8.41,163.45027966389756,0.11211326
8.42,171.0559672557605,0.111999735
8.43,186.2252385663768,0.2066771
8.44,199.36218312859836,0.098751515
8.45,215.75899339999214,0.042441133
8.46,225.70558389421387,0.051828664
8.47,241.29465844753625,0.04181963
8.48,265.60107566950586,0.050972298
8.49,285.01525457569664,0.13499363
8.5,305.2418551795857,0.15055618
8.51,322.3804048027115,0.16786626
8.52,333.92979594677973,0.26639387
8.53,336.0126633550069,0.4534633
8.54,332.06377442993767,0.21616867
8.55,327.7646347412966,0.2695744
8.56,328.32234364712394,0.14393695
8.57,332.7575756091793,0.32405806
8.58,332.268688819768,0.36165413
8.59,328.4003601227322,0.10523042
8.6,331.36252494357797,0.264156
8.61,332.7646091489376,0.3296462
8.62,332.383706657157,0.38475823
8.63,363.8881712910763,0.17126234
8.64,410.9949930977193,0.09821113
8.65,443.45515356148724,0.08806137
8.66,430.3714569466855,0.03453503
8.67,406.09341740540583,0.10169904
8.68,391.2613550215727,0.09301802
8.69,386.86426751560447,0.35409284
8.7,379.93318309534834,0.2964386
8.71,360.7564699911021,0.088205874
8.72,323.79940603309035,0.21272972
8.73,285.8225613743519,0.25907263
8.74,262.804871713027,0.2680664
8.75,235.1617629306463,0.3245851
8.76,214.1537495267395,0.13642459
8.77,233.26512535418442,0.31077743
8.78,237.32849634586884,0.71652186
8.79,239.92392686413996,0.73470056
8.8,244.4210923669505,0.6439313
8.81,251.12662314990945,0.66300106
8.82,258.3158243335624,0.6442141
8.83,266.0612826606632,0.78712505
8.84,271.7103595515768,0.6451742
8.85,276.5933618568589,0.4438275
8.86,288.990508131519,0.34757882
8.87,294.0868333636026,0.41893905
8.88,325.37941942896964,0.17046495
8.89,354.37862642271625,0.038103208
8.9,404.06445027606816,0.22637583
8.91,402.5185163273732,0.12284374
8.92,396.45477833177415,0.105120294
8.93,355.2518871553557,0.09432031
8.94,346.6042188852131,0.07724487
8.95,331.58530911181344,0.034310408
8.96,330.22408309698284,0.06409896
8.97,327.87214583436656,0.23409277
8.98,363.3239260829042,0.38009763
8.99,368.50164370050436,0.52448064
9.0,373.5264794483333,0.41551062
9.01,371.6783203696574,0.58478147
9.02,365.9118005056027,0.5751721
9.03,360.6713080165571,0.728326
9.04,358.32715679983596,0.92046094
9.05,356.05205542307306,0.94812083
9.06,355.7593073288116,0.95419884
9.07,357.39974707784086,0.9472674
9.08,363.35145933933836,0.9251999
9.09,372.5145530165902,0.844671
9.1,381.9215287785938,0.9344375
9.11,388.7356231449885,0.9378535
9.12,394.00603270750594,0.9650332
9.13,397.6038494728467,0.9648608
9.14,398.4901322460334,0.95821065
9.15,397.2537342731724,0.95195657
9.16,395.761156884802,0.91688627
9.17,393.08910929197,0.95565057
9.18,390.12521153181405,0.9222459
9.19,386.48989790130855,0.8347184
9.2,380.7636046743099,0.66765755
9.21,373.9947514124824,0.40132326
9.22,345.4427546182427,0.5189913
9.23,329.7604069250955,0.43428576
9.24,315.52029519115104,0.31286648
9.25,297.9539277435722,0.36709654
9.26,272.732728681429,0.40960836
9.27,265.371593487429,0.45564726
9.28,251.83641884393222,0.32864502
9.29,233.1388833964057,0.12463104
9.3,213.06245160300847,0.27591425
9.31,185.98114354180512,0.5968593
9.32,169.46460253472162,0.4368468
9.33,158.4938946297373,0.31690755
9.34,146.8946677560373,0.5880337
9.35,144.20556653256327,0.5930731
9.36,136.88097239512894,0.4350546
9.37,133.14219390153394,0.7734501
9.38,130.85750157789653,0.8162592
9.39,129.6460644450034,0.45761618
9.4,120.94661987693684,0.46067348
9.41,130.26743878769034,0.4402584
9.42,143.19536882725512,0.070401795
9.43,152.11117971700384,0.0604744
9.44,164.87346199218936,0.051741827
9.45,176.73336047850526,0.44904482
9.46,180.5394365560199,0.4133105
9.47,192.91575988515132,0.37195212
9.48,210.7174968329137,0.38525823
9.49,231.01826507710967,0.28867033
9.5,234.71775132064147,0.6073615
9.51,239.36451530149367,0.7950326
9.52,242.26713714389675,0.9157701
9.53,243.89697174916432,0.86506224
9.54,241.7062956146222,0.67574674
9.55,239.21234524331987,0.49497655
9.56,230.3552723181673,0.31713092
9.57,220.0275620368268,0.18512757
9.58,194.14840910677398,0.23494011
9.59,185.99017477256095,0.19760224
9.6,163.2132010816289,0.39484796
9.61,161.10932518415757,0.46665096
9.62,154.43117564498235,0.45678312
9.63,150.1998167102311,0.41846642
9.64,138.95066744943696,0.7134995
9.65,136.17878224977426,0.861509
9.66,133.4279320077423,0.8794835
9.67,131.85788434204918,0.7400344
9.68,129.90295654433925,0.26144597
9.69,132.01342460036523,0.19982699
9.7,135.31157763866602,0.39466965
9.71,137.0465528890856,0.46089277
9.72,134.90266698313593,0.17407039
9.73,134.87710558096677,0.20409353
9.74,135.60933363717953,0.10740172
9.75,136.86055234397693,0.2916524
9.76,139.61425398018014,0.14377515
9.77,135.01665423237762,0.13813056
9.78,140.7616070580624,0.07938249
9.79,144.17459772717112,0.15426098
9.8,153.10505762174913,0.06729036
9.81,161.4247803545048,0.08604162
9.82,172.9411384086132,0.0212361
9.83,177.02437192906189,0.15801278
9.84,180.75570637458395,0.16233408
9.85,193.5025652214826,0.11776734
9.86,200.34350315517227,0.07351938
9.87,210.4612797678695,0.13442957
9.88,217.45364562863986,0.06095278
9.89,228.1960885634946,0.039453566
9.9,239.92254187280497,0.057971347
9.91,244.38617255309708,0.07311552
9.92,244.72282808463277,0.09366084
9.93,265.4556987910328,0.06366987
9.94,294.9901092983736,0.11169425
9.95,333.7595620298579,0.15862887
9.96,372.8839019698562,0.30296516
9.97,398.74229923938395,0.13315186
9.98,446.54678397763655,0.3498522
9.99,441.1113749264377,0.65806407
10.0,436.74000414244546,0.5470356
10.01,432.26120335412395,0.33069584
10.02,429.35654266794495,0.39444697
10.03,427.36425620964474,0.53725857
10.04,417.9382437916905,0.38975385
10.05,404.86688020510513,0.114642486
10.06,401.4679485334711,0.19599359
10.07,392.5471056043116,0.13305236
10.08,388.40098331979846,0.2037673
10.09,384.6412707784399,0.104799025
10.1,386.48900927948216,0.20178035
10.11,387.1813596281009,0.21213709
10.12,388.332626352714,0.33975303
10.13,384.96558543233533,0.31829244
10.14,375.6037878848266,0.28134975
10.15,362.43924975518405,0.18221
10.16,350.1421654016485,0.07964477
10.17,342.1625931125263,0.09120307
10.18,335.9410410973434,0.04567825
10.19,327.77597104535437,0.042165875
10.2,328.4226359050493,0.13038224
10.21,330.4904345610439,0.07224856
10.22,326.0990197267376,0.088633925
10.23,298.41613841095983,0.18692192
10.24,270.785187193297,0.08785497
10.25,243.04580205538298,0.24392176
10.26,223.64873252666328,0.54928505
10.27,225.7821652864609,0.6336575
10.28,225.79992551910885,0.7902368
10.29,225.66658909696966,0.71934456
10.3,226.8610663477919,0.34931645
10.31,241.19401747386132,0.47668102
10.32,240.01110045316747,0.39398363
10.33,245.2195637579533,0.59490436
10.34,245.07390668785902,0.36275664
10.35,271.52992534267696,0.414358
10.36,312.0819351826498,0.6292157
10.37,343.4681385230948,0.5879653
10.38,375.11930428128346,0.80240536
10.39,431.4427545674528,0.79674745
10.4,470.1880035304921,0.83818704
10.41,468.80054538793115,0.8980095
10.42,466.1787692685763,0.8675739
10.43,458.9477864922494,0.6914945
10.44,443.82440905807863,0.71796393
10.45,435.17255103673824,0.79044574
10.46,427.2287133583824,0.7488697
10.47,412.8511539793655,0.7281303
10.48,403.1365333990413,0.7774873
10.49,394.52389050167824,0.7577478
10.5,383.32122900387554,0.6054646
10.51,363.9831863200092,0.45952395
10.52,351.0380449773602,0.7220738
10.53,341.79621647523896,0.70595205
10.54,332.4654407638184,0.6883267
10.55,327.3861317206338,0.5053899
10.56,307.81418547258374,0.5000087
10.57,295.9511768968597,0.6229093
10.58,279.42202287878183,0.5808276
10.59,272.3208871262643,0.88177603
10.6,266.0674627527034,0.83525723
10.61,258.55995451016315,0.73743445
10.62,250.6717319020064,0.7889296
10.63,245.26170216248332,0.84069926
10.64,238.80296848249472,0.712911
10.65,231.4572644152473,0.5163597
10.66,224.01975439790556,0.68186307
10.67,215.9302322082819,0.77905136
10.68,211.25182769439124,0.75004476
10.69,207.30720834218178,0.6706973
10.7,198.9673838160421,0.3679853
10.71,186.7209599778695,0.6855682
10.72,183.20957606357442,0.80948526
10.73,178.48015750469332,0.68553925
10.74,174.8423260921976,0.66215616
10.75,193.34586924837666,0.5079919
10.76,224.54330677710075,0.49606794
10.77,256.44123508159134,0.34180325
10.78,288.5610377480037,0.596043
10.79,281.91879050342004,0.684514
10.8,275.79378337952784,0.79834205
10.81,270.9995951816136,0.761367
10.82,265.0747131689632,0.5286723
10.83,247.33881389437596,0.31974834
10.84,237.47003512603987,0.36133617
10.85,222.8250673270196,0.12249127
10.86,197.39478751369745,0.18943903
10.87,180.04550461762705,0.4494389
10.88,183.80400261912428,0.3627517
10.89,181.47713343324028,0.58792317
10.9,181.36753588449452,0.4415611
10.91,194.41720990413032,0.16836007
10.92,213.98527974853639,0.17384845
10.93,224.25599263996617,0.38287082
10.94,233.37651207633232,0.40999186
10.95,239.2262343615592,0.3785494
10.96,243.7220445490334,0.44660383
10.97,248.4864308717925,0.5706967
10.98,255.4892726867482,0.6894637
10.99,258.0935532536534,0.8154723
11.0,259.5622360083311,0.9085645
11.01,260.14133657559006,0.9038297
11.02,261.2003699666663,0.9035039
11.03,261.6347931155277,0.9276308
11.04,264.64145646483735,0.88900137
11.05,277.48968080624405,0.81419
11.06,312.4410891200734,0.43350905
11.07,316.3869884151834,0.60345834
11.08,327.32743816936454,0.6645375
11.09,329.89057953947224,0.6609008
11.1,339.22052994396165,0.41474035
11.11,348.91402447244195,0.69986564
11.12,347.3340073299527,0.6091111
11.13,346.5349927225923,0.47580403
11.14,330.7784515751942,0.4859922
11.15,315.91203921909846,0.55915785
11.16,305.81245961216774,0.90079254
11.17,303.73983604465434,0.9542286
11.18,304.70345041428624,0.89690727
11.19,307.03103786697864,0.7077481
11.2,327.29547045710467,0.37290412
11.21,337.9232829536911,0.50859123
11.22,354.08498178191934,0.6695102
11.23,355.60321647243984,0.80866075
11.24,354.05302221105944,0.749292
11.25,349.45538818726646,0.5343344
11.26,323.409676396538,0.26613078
11.27,330.4082160008553,0.36809164
11.28,302.21668757770965,0.32829145
11.29,265.53278417222316,0.23300363
11.3,241.1424128741085,0.19400923
11.31,231.5276561326296,0.27244022
11.32,223.52824353396468,0.43874988
11.33,220.08730187963272,0.74100286
11.34,221.13248531465945,0.77605885
11.35,224.63245307054865,0.6640523
11.36,230.01690199320808,0.5953418
11.37,233.55021284941262,0.6784864
11.38,232.78438008840726,0.54598385
11.39,234.60710341972717,0.35576597
11.4,221.49075528121267,0.29127786
11.41,244.72367286602807,0.12757647
11.42,284.1858888146361,0.40531123
11.43,318.7493999734287,0.3310246
11.44,360.463364575901,0.44080454
11.45,352.64571381588905,0.67341095
11.46,348.99607984779783,0.5928897
11.47,332.46804980439333,0.67546743
11.48,338.9507511001181,0.6104698
11.49,349.20330793207563,0.8513012
11.5,353.3024480270421,0.8768523
11.51,355.0830028295924,0.5605493
11.52,394.2104533934116,0.26258162
11.53,396.090853203233,0.23240948
11.54,416.9985744935292,0.16293627
11.55,420.05704873756855,0.32387418
11.56,428.0222607104306,0.38557598
11.57,428.8304584182467,0.4021775
11.58,433.55719789185025,0.26381412
11.59,386.7822041105992,0.17130563
11.6,386.69370011526166,0.12898259
11.61,388.1144348939921,0.1369264
11.62,391.5468103857643,0.22922201
11.63,400.09966590481093,0.07557602
11.64,402.5895725314657,0.039196372
11.65,404.87788929377916,0.05959401
11.66,403.3735749228971,0.041471
11.67,406.72778791255803,0.24612612
11.68,412.7232441791758,0.46938187
11.69,417.60135952111824,0.20634359
11.7,428.0965091820917,0.140761
11.71,428.28436214040545,0.13449796
11.72,425.66103565571007,0.113209344
11.73,427.37862833919667,0.07060068
11.74,431.8850695149826,0.07005039
11.75,390.6206215598732,0.11967734
11.76,362.5222687477394,0.033875324
11.77,324.19351692902245,0.14403194
11.78,333.0313575884596,0.17226288
11.79,354.9032397345059,0.5133365
11.8,370.9320886657139,0.5451699
11.81,374.9709900888606,0.7008439
11.82,378.0730175558114,0.85486996
11.83,381.77570339164345,0.9029063
11.84,385.68045964589317,0.84232485
11.85,392.1384188854483,0.80377036
11.86,401.5127608983689,0.5653293
11.87,414.5164218498418,0.8147899
11.88,415.76225523195296,0.91009426
11.89,413.7129916575892,0.89830035
11.9,407.70200652948154,0.8765584
11.91,400.75199125190034,0.82728606
11.92,393.1016191228715,0.8205923
11.93,385.5662756492958,0.75035775
11.94,377.55844893039614,0.7587633
11.95,369.9081078418777,0.8446058
11.96,363.63171713012844,0.7269887
11.97,353.66777731990817,0.86833
11.98,346.59630755888946,0.7978661
11.99,336.29318640760096,0.5982725
12.0,326.3523177231933,0.57339245
12.01,315.7091303808415,0.33324143
12.02,285.6399457315889,0.404693
12.03,274.9794077529966,0.5157156
12.04,270.0310674602269,0.39513412
12.05,246.7867113186317,0.0909995
12.06,220.28583778620361,0.3128583
12.07,195.41195683026572,0.37535572
12.08,173.7470107123227,0.17165875
12.09,161.00426834585738,0.33925605
12.1,169.20824717795102,0.35052666
12.11,178.54455505789412,0.50697273
12.12,181.3291710161184,0.5340618
12.13,183.80257530529275,0.376783
12.14,205.34681612767966,0.20883408
12.15,232.86093721873607,0.51529026
12.16,237.9280222257368,0.78213346
12.17,239.42815847284703,0.9186014
12.18,240.06963100734592,0.8327178
12.19,235.1075754861145,0.598064
12.2,226.9853775813831,0.57395947
12.21,219.9988477098609,0.53204453
12.22,213.69359701985593,0.6870404
12.23,213.39446304788805,0.5775293
12.24,220.31586551824913,0.31888938
12.25,246.26195528707353,0.124335445
12.26,278.99688935395346,0.2866517
12.27,281.0994798285356,0.6012971
12.28,276.33764199637017,0.7061809
12.29,276.15821635620347,0.59268624
12.3,276.0420619506195,0.35638824
12.31,274.5266848851449,0.20927551
12.32,297.61432177367317,0.08761296
12.33,317.087012332597,0.37014562
12.34,317.53250670997136,0.31267425
12.35,312.4553907055991,0.2672531
12.36,309.67914967373997,0.18561974
12.37,315.805884219377,0.24372262
12.38,327.6137772508619,0.34966215
12.39,340.5961532335559,0.3292895
12.4,346.8452547270002,0.57855886
12.41,351.73380365030533,0.57857865
12.42,357.1568546893118,0.79286253
12.43,358.8279454311074,0.81255096
12.44,357.9906456421663,0.7103759
12.45,355.14616243300077,0.5009481
12.46,350.84096374749447,0.5817461
12.47,348.5406918822039,0.53994673
12.48,347.79899171092586,0.34753197
12.49,348.15295700185146,0.45719633
12.5,353.80635409576604,0.068896085
12.51,353.8144393687911,0.14733595
12.52,397.8522079696602,0.47157806
12.53,399.38332124456815,0.6096635
12.54,396.25175704329564,0.66840243
12.55,398.63602591703614,0.77217525
12.56,399.389049691681,0.76098317
12.57,401.0351737855225,0.6816124
12.58,403.9428195717596,0.60171247
12.59,407.1684842319109,0.84946406
12.6,409.4252785406912,0.75181276
12.61,411.3651357582652,0.8742112
12.62,411.5213105377269,0.85722214
12.63,410.7768962797019,0.7862616
12.64,408.86827269521575,0.6469341
12.65,402.2798285413895,0.47440878
12.66,393.9904382253827,0.7577174
12.67,401.74171889051274,0.71869695
12.68,402.4905123771867,0.8840605
12.69,404.37920744034807,0.93062633
12.7,404.66154775596925,0.94383955
12.71,404.24874988774997,0.95309496
12.72,403.43635379115665,0.9528804
12.73,402.66381003340376,0.94308835
12.74,402.04681702889815,0.92602813
12.75,401.4298696483288,0.8993873
12.76,398.97920371449777,0.8742517
12.77,397.272618590273,0.77105045
12.78,397.33178182872285,0.6139165
12.79,392.5303340489718,0.5189303
12.8,380.99589604413313,0.60411054
12.81,386.9569067205265,0.65117705
12.82,392.65109112599737,0.83593506
12.83,393.8840926317529,0.932454
12.84,393.7221496618142,0.9496354
12.85,394.0375906461363,0.9556446
12.86,394.2348855557282,0.96182704
12.87,394.6841805303396,0.9601457
12.88,394.80525282438805,0.95126384
12.89,394.5340255372116,0.93209136
12.9,393.52184350041705,0.8586434
12.91,392.8322653845344,0.70975053
12.92,390.9310715792053,0.5563928
12.93,383.4816467407069,0.57201624
12.94,390.80692945635343,0.74328256
12.95,392.3807866963448,0.8968844
12.96,392.6605836618994,0.9437704
12.97,392.82517347141857,0.95004797
12.98,393.141581036684,0.95646256
12.99,394.18311292940325,0.96303946
13.0,395.5680035317178,0.94058245
13.01,396.6774087108056,0.96128064
13.02,396.93316678984706,0.94906735
13.03,396.7374322393121,0.89084345
13.04,394.6214670159199,0.7555633
13.05,392.45910297130087,0.63615596
13.06,379.9824244008663,0.4851916
13.07,372.8867248529813,0.8571467
13.08,376.9622497854606,0.6249436
13.09,390.6334865117489,0.67380714
13.1,394.7813382203916,0.82166344
13.11,395.41512390522723,0.8982281
13.12,395.6046296441725,0.922673
13.13,395.88431068453485,0.9351616
13.14,395.1054587712208,0.94780266
13.15,394.3633382607746,0.9559076
13.16,394.4840968991247,0.95672053
13.17,394.25998452489637,0.949407
13.18,393.60494736318935,0.9131887
13.19,392.1726891205167,0.78798574
13.2,389.82336450971013,0.6153103
13.21,380.8234375946189,0.46949175
13.22,381.98340720298563,0.58916986
13.23,396.37948770512264,0.7253325
13.24,397.16685906390876,0.82748723
13.25,396.52287919266706,0.9157901
13.26,395.6291962392261,0.9170095
13.27,394.784559008021,0.94915885
13.28,394.75062513499415,0.95532244
13.29,394.2724374479974,0.9605309
13.3,394.02533034260153,0.9614284
13.31,393.743018999034,0.96121556
13.32,393.3725519677771,0.94903344
13.33,391.98662496538736,0.91191465
13.34,389.4269010298791,0.8012848
13.35,386.03505842742686,0.657698
13.36,384.73417248821033,0.548848
13.37,390.77724182264774,0.8072521
13.38,394.9709505108352,0.908542
13.39,396.6684193368405,0.9415972
13.4,397.5504482048283,0.96569586
13.41,397.48380647448914,0.9700154
13.42,397.02959644853644,0.9673779
13.43,396.2867014796098,0.95198625
13.44,395.56149947373547,0.9417966
13.45,394.659292942967,0.9539971
13.46,393.6004816397272,0.9433412
13.47,391.29410867994227,0.8911426
13.48,388.891787327591,0.8111269
13.49,386.02357399328326,0.6696272
13.5,387.5289525959172,0.5564402
13.51,395.0020124161415,0.7849201
13.52,398.1913524515982,0.8821954
13.53,397.8856695252617,0.9313719
13.54,397.5004729940906,0.9508845
13.55,397.0175471658745,0.9581674
13.56,396.46748771634014,0.9553663
13.57,396.10877501857897,0.9536235
13.58,396.0536339947553,0.95204604
13.59,396.1994430527898,0.9505266
13.6,396.10482078626427,0.93905026
13.61,395.2288777634019,0.90122503
13.62,393.80426261877903,0.8536894
13.63,392.76426476955413,0.7792293
13.64,390.88509792193497,0.6961689
13.65,392.76041072830714,0.89216363
13.66,397.86094342960945,0.8892975
13.67,400.17739558199,0.88105524
13.68,399.95011709465723,0.9245028
13.69,398.670383257892,0.9594356
13.7,397.20177544527564,0.9640061
13.71,395.75839089210854,0.93621594
13.72,393.82490912056926,0.9629878
13.73,392.28885239409516,0.95860964
13.74,391.3513558888335,0.9310367
13.75,390.16622292533066,0.903377
13.76,388.58506835510985,0.8190765
13.77,385.97092641585164,0.6427239
13.78,382.6129356030042,0.50636303
13.79,385.10909840740334,0.6180495
13.8,391.01823688248004,0.8095987
13.81,394.4467736231024,0.9090139
13.82,397.0495928073953,0.9490064
13.83,398.0184210274726,0.9724572
13.84,398.15770360827753,0.9724529
13.85,397.40225039680894,0.96037084
13.86,395.7345467302158,0.9294032
13.87,393.8821984229438,0.96149087
13.88,393.09780519711074,0.96440005
13.89,392.3914957443512,0.95061976
13.9,391.5312720116133,0.8942992
13.91,390.15539799469366,0.8228287
13.92,388.5119894818995,0.70977217
13.93,387.8275320016206,0.7060158
13.94,393.6891453901765,0.8983422
13.95,397.89346099481713,0.9276635
13.96,399.44688677929446,0.9442241
13.97,399.69851939521385,0.95862365
13.98,399.0640356355358,0.9661206
13.99,397.6631629390778,0.9613383
14.0,396.24069069567133,0.93649006
14.01,395.8693383892038,0.9407961
14.02,396.0506059808157,0.95630556
14.03,396.2063970247994,0.94432956
14.04,394.7409100682221,0.89970577
14.05,390.77910803133216,0.7867631
14.06,386.45167950076416,0.6593983
14.07,381.9441588531348,0.607123
14.08,389.1802316999045,0.8023907
14.09,393.8198359484445,0.8806885
14.1,394.306132677493,0.9068244
14.11,393.3931296716977,0.94180477
14.12,390.7914033698609,0.9195565
14.13,388.20475542896503,0.93099535
14.14,386.03148324285996,0.9164939
14.15,384.51726151320645,0.91268396
14.16,383.06492274708137,0.88688713
14.17,382.41652492339534,0.8455166
14.18,381.5858578761325,0.7471316
14.19,379.41399096070666,0.56450534
14.2,372.80116099308634,0.5190534
14.21,376.9486493023596,0.46296832
14.22,383.16541532873606,0.681934
14.23,384.7327098431416,0.8247388
14.24,383.5514298049045,0.873486
14.25,382.3766698019625,0.90509725
14.26,381.1307618330761,0.94657665
14.27,378.9357287975312,0.93254304
14.28,376.6072036417509,0.93325114
14.29,374.32997559676085,0.9104871
14.3,372.30302442084314,0.9086147
14.31,370.9703440186706,0.8278655
14.32,367.61727166320674,0.5896827
14.33,358.0221197651206,0.65281
14.34,355.298872219145,0.7534143
14.35,362.6714550982188,0.77077544
14.36,363.3004401251641,0.9100958
14.37,363.08256219796056,0.9252288
14.38,361.77195715800576,0.93483824
14.39,359.7928674261976,0.926549
14.4,357.5973021066764,0.94463795
14.41,355.7711351060169,0.94665337
14.42,354.41966450847167,0.9673053
14.43,353.08675241537054,0.96056914
14.44,351.64075884081035,0.95057964
14.45,349.81666692964416,0.9370826
14.46,347.9645730209547,0.8146042
14.47,343.05264702421266,0.5243416
14.48,330.97510918240164,0.7895302
14.49,329.79015405654854,0.93811876
14.5,332.27539564652,0.9384587
14.51,333.57797500631017,0.9501072
14.52,330.6966113707403,0.7535757
14.53,322.9848496717235,0.5426651
14.54,309.95750893435525,0.55843234
14.55,304.4936275645673,0.6899855
14.56,297.8855111773961,0.7776721
14.57,290.66595125709864,0.875641
14.58,286.3189538062898,0.8968095
14.59,282.56707989135236,0.9020359
14.6,278.2400278902067,0.9102589
14.61,274.52401729589974,0.89310324
14.62,269.2769837289966,0.8196779
14.63,261.3313806888696,0.7426246
14.64,257.2370438334375,0.84367305
14.65,255.7536196409481,0.8686414
14.66,253.3278856839085,0.77684635
14.67,245.29071732205554,0.6057353
14.68,233.71296094028963,0.58448744
14.69,229.99160402731638,0.81696844
14.7,229.37061348669,0.89693415
14.71,228.05154854915543,0.91649157
14.72,226.04928954735882,0.9271549
14.73,224.61059823106754,0.9177118
14.74,223.8304153448041,0.944735
14.75,222.94100587765797,0.94367975
14.76,221.35437608746233,0.91112345
14.77,219.10046019207297,0.82924306
14.78,215.9911256469236,0.8261784
14.79,212.67396785315367,0.8156881
14.8,208.7387674689481,0.8734002
14.81,206.365919231661,0.9004981
14.82,207.36318082524588,0.8740853
14.83,210.62794507665365,0.89295864
14.84,212.47317987548638,0.91511726
14.85,212.37519468456702,0.92547715
14.86,210.952729870491,0.90271306
14.87,207.8851994941532,0.8892427
14.88,205.2868998326392,0.89453924
14.89,202.6250065124162,0.8288398
14.9,199.5014039363728,0.7676837
14.91,195.84227240077072,0.7034311
14.92,190.97739872621273,0.69423133
14.93,186.69897777632207,0.8152863
14.94,183.1509333238739,0.85559016
14.95,177.8127473520881,0.8592963
14.96,174.53069265439424,0.90285575
14.97,174.32273423320584,0.8805336
14.98,174.8899295950366,0.90911937
14.99,175.8558472421237,0.9230676
15.0,175.91014975986042,0.9275635
15.01,175.09119284652888,0.9366939
15.02,173.54589651491415,0.9073296
15.03,170.4100336224242,0.80547
15.04,166.7764887263252,0.89422584
15.05,165.01421426885176,0.91490686
15.06,163.12506137153224,0.85924613
15.07,159.9632424705762,0.78976136
15.08,155.76092993541994,0.8091471
15.09,150.8620605644324,0.8456456
15.1,148.63470794994467,0.8950239
15.11,146.89904399541706,0.9247802
15.12,146.22000852535297,0.92358893
15.13,145.37316460862104,0.9469604
15.14,144.45530571375718,0.90962934
15.15,143.28008617684426,0.87521863
15.16,141.66287101968533,0.8244158
15.17,139.33968583750615,0.73306555
15.18,137.33174862849623,0.6168004
15.19,147.54124427422485,0.63962466
15.2,163.21846202721792,0.5743564
15.21,186.7312474188739,0.18528086
15.22,201.56196117273487,0.27295572
15.23,213.6391918216697,0.14462776
15.24,227.45933359256702,0.4428381
15.25,226.10834632461456,0.6599764
15.26,225.1302830214563,0.78652096
15.27,224.5725909028078,0.8829724
15.28,224.06395255607725,0.9223895
15.29,222.3761032121916,0.86206234
15.3,220.66861518137287,0.7521734
15.31,219.1031213055885,0.54048324
15.32,216.74668627163922,0.3710208
15.33,217.22437541311723,0.32947356
15.34,214.27831504066577,0.28927487
15.35,215.474024607044,0.54902244
15.36,216.0963536083115,0.66021264
15.37,218.38657052627207,0.39354634
15.38,223.83811350985073,0.24947916
15.39,228.65754141349728,0.31247157
15.4,235.60565569013158,0.11745016
15.41,238.1490952582689,0.13290688
15.42,237.44299649707222,0.04186267
15.43,229.80208067697916,0.17472836
15.44,236.9708318554019,0.15194331
15.45,239.45817221132162,0.19741558
15.46,250.48470244088202,0.21554546
15.47,252.72225151894696,0.2115375
15.48,260.08076599287057,0.18295343
15.49,279.3329496561945,0.32119858
15.5,293.054919227233,0.46806467
15.51,301.54966114540184,0.8789759
15.52,320.1692127009042,0.7592057
15.53,339.7719723567235,0.5668318
15.54,350.97509191631724,0.32925394
15.55,355.234373240161,0.19454034
15.56,367.01143074738025,0.20919664
15.57,389.06463684109633,0.1985141
15.58,388.83593765912343,0.3701801
15.59,390.5662388531264,0.21036938
15.6,393.63932539907603,0.31738213
15.61,380.1839587741173,0.58850956
15.62,382.2998620453722,0.62228227
15.63,392.0159771547635,0.6639506
15.64,391.1790886751269,0.49917772
15.65,379.44150934706147,0.48851547
15.66,374.413089732064,0.09327386
15.67,379.284102134886,0.16328406
15.68,384.42691849839116,0.15540408
15.69,389.56466877789916,0.41489363
15.7,392.0748458857616,0.12685241
15.71,399.7129434723324,0.20174865
15.72,396.6178532843514,0.11459057
15.73,381.9635873232331,0.050575156
15.74,350.18018105953587,0.20569524
15.75,310.7948376923988,0.08083074
15.76,295.6431594375779,0.43858683
15.77,295.17046901547326,0.65074795
15.78,294.6426511394979,0.6342285
15.79,297.4250369117473,0.27695867
15.8,303.11532324425104,0.23381475
15.81,312.1240488495195,0.22943601
15.82,315.4136428245606,0.30963477
15.83,323.1108405891817,0.10514425
15.84,329.3612677096869,0.17746545
15.85,331.82237734316317,0.30873933
15.86,334.39819370978546,0.20675819
15.87,337.91452197179575,0.17912862
15.88,342.59792127836926,0.16850238
15.89,348.31530129040067,0.30034772
15.9,350.45639907588566,0.4195617
15.91,350.2602157300922,0.35556012
15.92,351.3057000133778,0.36567992
15.93,351.6414835753387,0.36118034
15.94,351.4612168881521,0.38026446
15.95,350.3016202476998,0.11901903
15.96,338.6313729479273,0.18229108
15.97,330.9412221620504,0.23513088
15.98,333.2970756855286,0.32267827
15.99,338.24387906101344,0.5342062
16.0,345.8492785995542,0.61053973
16.01,352.04800167783395,0.7207294
16.02,357.3496434696602,0.76837885
16.03,365.06483621126233,0.7088539
16.04,372.86863222206995,0.66559213
16.05,381.45456621586584,0.3831701
16.06,382.52497315695996,0.21368219
16.07,383.16394734004547,0.3087401
16.08,377.5825359634532,0.16890423
16.09,365.9628246181939,0.08205719
16.1,357.5798881246464,0.16630314
16.11,354.7995408981344,0.113180876
16.12,346.09612163158005,0.049999833
16.13,326.7889581417873,0.04012986
16.14,304.8077240248241,0.03237621
16.15,287.13652949399966,0.06498447
16.16,275.2630463036114,0.06345417
16.17,267.63789034684515,0.1822442
16.18,256.8437114312484,0.24220003
16.19,261.4605288187083,0.26533934
16.2,267.31946573983714,0.31074408
16.21,292.174573757375,0.25387272
16.22,304.9827084395775,0.4256676
16.23,324.32134522783156,0.32155517
16.24,351.1468975812837,0.47520578
16.25,371.00742344417154,0.536403
16.26,380.1001149071897,0.8979334
16.27,383.2174485126268,0.8533674
16.28,386.5960347263286,0.7649951
16.29,389.18480710251583,0.84016985
16.3,389.78261787650194,0.8014197
16.31,385.6757663311481,0.7341296
16.32,380.6293559511819,0.5946177
16.33,368.46341161493996,0.46571192
16.34,354.24379200205374,0.7683522
16.35,347.61788637935194,0.8874721
16.36,345.6646321131825,0.90468806
16.37,347.33372347509476,0.8875286
16.38,350.76492575075963,0.8410434
16.39,356.8907392388957,0.77457607
16.4,357.9455838866311,0.6394191
16.41,354.8527594305083,0.6104922
16.42,351.30349573010346,0.66303104
16.43,350.58742875986553,0.7200124
16.44,349.30712921188723,0.6588496
16.45,351.02796499349864,0.54178345
16.46,343.3331355629466,0.503314
16.47,329.1861949250524,0.3402355
16.48,296.3887923723038,0.39612862
16.49,290.5469475742335,0.24287474
16.5,276.09757171392863,0.3801532
16.51,258.62265920518144,0.32195514
16.52,239.61259034376465,0.15819256
16.53,221.93881762055608,0.21046387
16.54,199.84071772484896,0.12033308
16.55,178.96730600009897,0.12953345
16.56,164.7310322415601,0.23918368
16.57,155.42202354680367,0.40684196
16.58,149.0825573903261,0.6135768
16.59,144.98213487434865,0.6624122
16.6,140.29873532347932,0.45578972
16.61,137.60119542112167,0.7097284
16.62,136.58377235648632,0.79548883
16.63,136.60191387886994,0.7919679
16.64,137.55728325210026,0.82758814
16.65,137.90475165205277,0.8810281
16.66,138.90672620270223,0.92888695
16.67,140.40765470180415,0.88620806
16.68,142.224675059438,0.905993
16.69,144.0052423806572,0.90021193
16.7,144.84847250561165,0.90056133
16.71,145.2201378987542,0.91796434
16.72,145.85957780064484,0.9443888
16.73,146.59675769860849,0.947372
16.74,148.33933755659584,0.9207525
16.75,151.1377775620944,0.8233847
16.76,154.8308813370162,0.85945505
16.77,156.62830491254914,0.92152804
16.78,157.68596127794302,0.94155675
16.79,159.06226732431696,0.8882464
16.8,161.56850398424862,0.80875987
16.81,166.10468817166986,0.3217043
16.82,173.62836887940898,0.617203
16.83,177.49899688790006,0.5255774
16.84,183.47236610660082,0.68642825
16.85,187.93557696642944,0.8210838
16.86,193.68892880662528,0.6067224
16.87,202.57976860395326,0.4086488
16.88,209.20722411570992,0.3915482
16.89,218.12742538567502,0.15060782
16.9,232.16881441976335,0.09257304
16.91,241.01870743263132,0.61812985
16.92,251.1314593735853,0.7167934
16.93,259.0205687697423,0.7643062
16.94,264.8263069386481,0.8347977
16.95,274.1470252133484,0.87198305
16.96,286.0195701979688,0.45764086
16.97,300.19909213315765,0.66937923
16.98,304.8761311969486,0.8288425
16.99,304.3769871286653,0.6985605
17.0,334.56050744132096,0.5574278
17.01,340.12530237400017,0.5306531
17.02,363.03988400960975,0.6458971
17.03,366.7192337266298,0.67613447
17.04,362.95689020410805,0.54694486
17.05,356.9741455701305,0.63211226
17.06,353.6886840915281,0.6692327
17.07,354.9001070377233,0.46998894
17.08,353.5149677043521,0.8621354
17.09,351.4986681759832,0.90833205
17.1,353.2547410965426,0.8827457
17.11,354.76930239253784,0.9026362
17.12,354.8207602427981,0.93300605
17.13,353.9174080603282,0.9517302
17.14,351.84168242655176,0.93193513
17.15,350.34950865997575,0.97029954
17.16,350.5836828053885,0.96084267
17.17,351.30732324972604,0.9433969
17.18,352.62564846505234,0.92445874
17.19,352.1959866327019,0.9005842
17.2,349.1399512470291,0.87117314
17.21,341.24477140802117,0.69601005
17.22,339.9315026526688,0.6125715
17.23,351.665316895006,0.63392484
17.24,359.0785517473561,0.6850183
17.25,362.7556360405938,0.87055844
17.26,362.6512705438838,0.84980786
17.27,357.4465702313909,0.78967214
17.28,350.534883404026,0.78199154
17.29,332.1862320823469,0.6401365
17.3,322.6426489823899,0.8473534
17.31,315.06244875141215,0.7645883
17.32,304.7388229562263,0.90369993
17.33,301.0736143293841,0.95729536
17.34,300.8956074399092,0.9613376
17.35,304.52860418626904,0.9356984
17.36,311.5508725152288,0.90612704
17.37,316.8956862907751,0.898625
17.38,321.42431310834377,0.78668135
17.39,328.9139100330971,0.38226816
17.4,349.0969816746441,0.40625885
17.41,362.8735912207963,0.0786635
17.42,378.738092778411,0.27033105
17.43,389.289447625687,0.6170205
17.44,391.9931209107107,0.3345517
17.45,389.2253394988706,0.08591569
17.46,358.62881501685865,0.27905673
17.47,354.8025099797058,0.56622076
17.48,348.79088441269073,0.062378626
17.49,334.05445292185453,0.032996643
17.5,331.25453210273946,0.06025634
17.51,325.12357146756244,0.08282133
17.52,319.05871079644163,0.16064146
17.53,322.44857482097353,0.14891167
17.54,323.25664132277893,0.43072465
17.55,320.70729427449123,0.6457175
17.56,314.72236117733183,0.68770075
17.57,310.26175236075505,0.6205935
17.58,303.93980227530216,0.45730254
17.59,304.6071452843802,0.31345862
17.6,300.2162908872687,0.12150291
17.61,272.7726231623626,0.1451929
17.62,263.780197886063,0.21783584
17.63,260.89303762891006,0.2875134
17.64,256.2087479499404,0.20613776
17.65,267.80058155600113,0.06764069
17.66,281.20506720440466,0.13737896
17.67,292.8546926565734,0.26281172
17.68,310.3552479449676,0.26932898
17.69,323.52077709026355,0.30503622
17.7,342.8809420154588,0.29723734
17.71,349.8883770677074,0.12680589
17.72,356.8583634185412,0.19259882
17.73,380.55359612277294,0.060316235
17.74,389.69949810576276,0.09542776
17.75,390.81001830145135,0.09766845
17.76,392.3865745010929,0.468697
17.77,391.02213346667645,0.5567229
17.78,390.6655905536209,0.5116639
17.79,373.15453478981647,0.07262818
17.8,349.9618731415409,0.11214148
17.81,350.3235416988683,0.46929863
17.82,320.87707644047236,0.2525464
17.83,354.0856523392215,0.031860437
17.84,332.747527885353,0.02178835
17.85,311.65060159055395,0.020628722
17.86,287.5813712772368,0.071722694
17.87,263.0322905946339,0.24776332
17.88,245.417606571784,0.34829503
17.89,260.2038503441944,0.39090836
17.9,278.2305007046406,0.35953984
17.91,302.5135340511293,0.39633635
17.92,321.73088779864963,0.3516544
17.93,327.3247487183999,0.33288
17.94,355.6856735336385,0.37016013
17.95,389.65682754386467,0.23458265
17.96,419.24813216532993,0.67251116
17.97,421.37046509642624,0.88805014
17.98,421.6947157889173,0.944592
17.99,419.6016535144065,0.89704406
18.0,415.6072515186324,0.8627652
18.01,409.2066304485537,0.6880319
18.02,394.4425859267807,0.58466816
18.03,384.4251936902249,0.58806956
18.04,374.9287796251124,0.37585828
18.05,356.7449220744263,0.5506747
18.06,349.21318986037863,0.47046188
18.07,340.5702194522954,0.56679463
18.08,330.09159223106343,0.3887372
18.09,302.38894802777594,0.31032148
18.1,270.38685069407154,0.44770637
18.11,264.43098590728476,0.3426828
18.12,245.1457068051841,0.5403061
18.13,240.25916891366694,0.3367463
18.14,220.20087686306422,0.2781209
18.15,196.1817556440286,0.11817392
18.16,183.0611506496732,0.14230211
18.17,165.92918501107394,0.18255341
18.18,164.3969301871947,0.21299918
18.19,163.64385776195502,0.22205648
18.2,161.60342406389003,0.13677908
18.21,157.7539863092312,0.10640385
18.22,155.9494802731199,0.27978528
18.23,152.78289919944268,0.2930237
18.24,149.7211234295212,0.40145254
18.25,146.70068134429,0.20434973
18.26,140.31419858023128,0.15465716
18.27,134.16446856861452,0.19847235
18.28,121.06298301720456,0.32412538
18.29,119.72893850727982,0.60254866
18.3,121.10567100964958,0.38677004
18.31,126.1412852034688,0.57662493
18.32,125.81557473291753,0.6359587
18.33,125.36905183656725,0.5189786
18.34,124.22811680422811,0.114245035
18.35,121.55162615256862,0.5063886
18.36,119.2464037851307,0.26157466
18.37,113.78602447203862,0.09174407
18.38,109.08402318363619,0.13432045
18.39,107.06401348892581,0.048524845
18.4,108.93935442354872,0.08997992
18.41,111.68821332627077,0.11597627
18.42,117.18730049515942,0.078138456
18.43,119.88771711452304,0.08207134
18.44,121.70323143922353,0.11250477
18.45,125.76047979537495,0.166051
18.46,128.1247701648844,0.037552446
18.47,132.3556541482338,0.029650003
18.48,134.7081426141074,0.15198101
18.49,141.0888226051922,0.45039466
18.5,144.96639857084384,0.54812306
18.51,152.03510715572202,0.55963176
18.52,161.78716073684484,0.40261084
18.53,166.43576666742678,0.7032333
18.54,170.36391814101694,0.73121303
18.55,174.30327887449963,0.8336575
18.56,175.80464684564987,0.83215165
18.57,176.87828592577586,0.84679145
18.58,178.33202366198435,0.8712423
18.59,180.2077287945426,0.9108753
18.6,181.5977895444777,0.9034581
18.61,181.42425871879908,0.5258653
18.62,205.8349711956245,0.25785467
18.63,232.33133619599275,0.47728032
18.64,232.59174587407773,0.6597672
18.65,231.12265409827913,0.55715746
18.66,229.4688824692435,0.562018
18.67,229.50532703486226,0.49064222
18.68,231.86107990263028,0.60222673
18.69,235.8194985113741,0.5957758
18.7,240.59577141668595,0.78998023
18.71,245.0614182250428,0.9008048
18.72,248.40350850237508,0.92244226
18.73,249.41631148522885,0.9044315
18.74,249.33545107638366,0.8705094
18.75,248.79383380538235,0.8028335
18.76,247.25521597869198,0.6821647
18.77,241.9987809525622,0.502594
18.78,240.63291144111292,0.45090815
18.79,242.51913044291004,0.21447729
18.8,241.682135637825,0.3983113
18.81,242.79577408760957,0.53085446
18.82,244.0308076571909,0.40246552
18.83,241.0555959815087,0.25626603
18.84,239.05316282877857,0.60729146
18.85,238.4470842816034,0.5524924
18.86,238.9762871380195,0.7105365
18.87,242.29436432797942,0.4839096
18.88,249.27008513571704,0.35703856
18.89,242.085483645235,0.10451715
18.9,237.10789319445308,0.28244874
18.91,233.85184698886087,0.3761823
18.92,232.41569077675425,0.34881362
18.93,230.6236406161472,0.25939295
18.94,226.63618528801766,0.34517702
18.95,225.05103128714936,0.49538898
18.96,233.1800529173671,0.4153403
18.97,239.36595030025694,0.49823114
18.98,243.61410843501048,0.6082266
18.99,248.69039794872418,0.7292425
19.0,252.74823228994705,0.82361
19.01,255.27714671211243,0.8348458
19.02,257.48974633237805,0.8158667
19.03,259.90670722741294,0.73690516
19.04,259.41119220259685,0.6262459
19.05,259.6079260092232,0.570622
19.06,268.79768569985913,0.7021534
19.07,273.50836535830814,0.8874943
19.08,275.9795830359753,0.9061796
19.09,278.02055985574293,0.9364877
19.1,278.2942400347687,0.94451034
19.11,276.7527034156462,0.9373698
19.12,274.3564684175144,0.9246718
19.13,270.6822413833083,0.9047484
19.14,265.249187604465,0.85555166
19.15,258.04965709284795,0.7036848
19.16,250.83451639925275,0.769242
19.17,245.5335925630092,0.7097755
19.18,236.67778334770685,0.75421584
19.19,233.8213901542913,0.8680256
19.2,232.53283605846184,0.8396803
19.21,233.51238143591857,0.86195064
19.22,237.2249276822477,0.7742741
19.23,242.96822883274592,0.6368204
19.24,249.16546489054264,0.48580956
19.25,273.6848939891373,0.7073768
19.26,280.9196793311902,0.72097623
19.27,283.6280800687535,0.73156816
19.28,281.92586111408923,0.61720353
19.29,280.64789369564687,0.6271941
19.3,275.9824023057057,0.3614553
19.31,255.50147008837848,0.56869113
19.32,243.53270486739746,0.61185914
19.33,238.1571573924164,0.7438827
19.34,230.04451942409224,0.5545313
19.35,226.49911704407987,0.7911833
19.36,224.33991635691186,0.76996446
19.37,218.18581364596892,0.7137389
19.38,208.73185746133746,0.72246474
19.39,203.6955516198881,0.42717525
19.4,196.84574947525246,0.42514405
19.41,193.0048346729522,0.3135025
19.42,184.83929641647546,0.4429684
19.43,173.44488045939656,0.3543557
19.44,167.4153976023001,0.5178504
19.45,163.9470511904244,0.7077074
19.46,160.48356126972436,0.79075205
19.47,157.4068081399122,0.84522015
19.48,154.92034232131644,0.7962111
19.49,152.80596521274506,0.62282723
19.5,151.2298241385555,0.41283634
19.51,149.7904920733169,0.17945187
19.52,144.6292342236684,0.24669059
19.53,137.17321392145462,0.5736446
19.54,136.17622092380344,0.5129414
19.55,141.6455621487915,0.21721728
19.56,153.50898420568367,0.7006489
19.57,155.8644709776752,0.84961694
19.58,157.11425786543458,0.8792346
19.59,159.93138905581782,0.8289198
19.6,162.78367265227106,0.8856921
19.61,164.44757271673726,0.90457356
19.62,166.23547165136029,0.8520623
19.63,170.88423785056239,0.70006627
19.64,175.41165544499052,0.8200337
19.65,180.41900018625537,0.8336058
19.66,184.31995842120782,0.8757176
19.67,188.95643006573556,0.7688698
19.68,196.06884603324804,0.7668973
19.69,202.1870157397587,0.5698422
19.7,224.9512698129505,0.23154324
19.71,252.87394387457337,0.264967
19.72,299.6258562418478,0.23299256
19.73,331.57863621739136,0.15061404
19.74,376.1352878843569,0.24460967
19.75,419.8028661716017,0.7154516
19.76,422.0651914884857,0.74791574
19.77,410.04342742798497,0.43573663
19.78,397.4992228556065,0.8256117
19.79,392.44408555034516,0.77609396
19.8,388.2626915674035,0.59388596
19.81,379.1265152361245,0.5875203
19.82,369.15988089140603,0.36644185
19.83,357.0262221736354,0.49833912
19.84,339.9347178798232,0.55773705
19.85,332.1802314613594,0.75488657
19.86,320.5658418829088,0.49777454
19.87,319.13665885658315,0.49195683
19.88,327.0799788058068,0.740267
19.89,327.9880870056314,0.89291376
19.9,328.0502094243243,0.81899464
19.91,360.2284237892547,0.51104414
19.92,363.0217614999373,0.35757408
19.93,396.01731803386303,0.26737633
19.94,418.7063204972895,0.4670904
19.95,423.0037775180617,0.68715376
19.96,423.5568007256418,0.46234354
19.97,443.07382579035794,0.19988285
19.98,486.3411000076395,0.26548105
19.99,486.66401387335145,0.17488693
20.0,471.5953428701491,0.33609104
20.01,431.8914679781278,0.35531515
20.02,412.31541050516296,0.36989984
20.03,395.1718128668173,0.09094651
20.04,392.7057882286455,0.44419536
20.05,391.23282809343544,0.3705595
20.06,376.892656966904,0.08326349
20.07,374.95289659351045,0.38036907
20.08,361.9412033239866,0.18065624
20.09,351.6539063697255,0.3740133
20.1,337.41833314245076,0.24996775
20.11,326.1752677572923,0.19113523
20.12,310.3512324362945,0.17439432
20.13,304.8461547387134,0.25671622
20.14,324.89981021794966,0.14600065
20.15,323.48863687374035,0.35865104
20.16,308.92013113336736,0.41029888
20.17,290.60730747035245,0.428649
20.18,275.93781269612435,0.12121607
20.19,274.3335953929663,0.29769096
20.2,277.4185899560349,0.35771307
20.21,312.66888385513084,0.2694877
20.22,352.3805694549275,0.15874535
20.23,394.1856081499165,0.62027675
20.24,417.80861542980847,0.4884438
20.25,432.94749231653947,0.8259373
20.26,437.01567748221044,0.84457403
20.27,436.1285803841599,0.79681456
20.28,429.6232227016193,0.8355225
20.29,419.8761696210055,0.68978524
20.3,410.32169591009784,0.77567744
20.31,400.5533578482532,0.70086163
20.32,393.26202804042396,0.7408171
20.33,386.76585015241676,0.60697746
20.34,358.33559172072864,0.1629795
20.35,353.90131136933326,0.1192777
20.36,332.92268456685355,0.44537407
20.37,305.7225091889359,0.1565822
20.38,281.63313942301085,0.2023036
20.39,268.24927189050817,0.65645516
20.4,270.5661569610521,0.92599344
20.41,272.9272951903989,0.94454646
20.42,275.2846696899717,0.8733625
20.43,279.1584599288119,0.59110045
20.44,294.9501579197374,0.46065316
20.45,304.13470925982307,0.54276156
20.46,313.6052243660457,0.5134989
20.47,329.7509377047331,0.5701013
20.48,338.67975350741625,0.5308146
20.49,354.54445425966617,0.4134712
20.5,361.25025130323274,0.2935592
20.51,395.92975091686435,0.29960516
20.52,439.3919728885746,0.4451161
20.53,466.4003785866736,0.70620096
20.54,473.5464292388087,0.7762485
20.55,484.1908057355182,0.746821
20.56,493.4914476600917,0.80001557
20.57,505.3301542186213,0.51320183
20.58,533.293516709308,0.594736
20.59,544.2912246239391,0.64490634
20.6,573.7730164917018,0.62913793
20.61,586.7643221539417,0.8024356
20.62,594.0054059681084,0.69144833
20.63,602.9025743426023,0.72009945
20.64,608.1612588547937,0.5408329
20.65,606.3443553179239,0.6902625
20.66,595.0811114569319,0.75486964
20.67,582.6961803048106,0.8848087
20.68,577.9814730005942,0.858237
20.69,571.6182271220689,0.6282299
20.7,545.1084909267181,0.685724
20.71,528.0320727136815,0.7759704
20.72,514.5868041932451,0.7745791
20.73,502.82702500940053,0.8101196
20.74,495.04513354772075,0.8810745
20.75,489.8515894116066,0.9109705
20.76,487.22223339615886,0.8934932
20.77,486.34100706398164,0.91529256
20.78,485.41361682969136,0.91551924
20.79,482.19061135609843,0.8840115
20.8,480.8179805963676,0.885929
20.81,485.47494391197694,0.83827937
20.82,488.853461100563,0.92658496
20.83,489.14926001248455,0.92772233
20.84,486.51763505255025,0.9037225
20.85,483.6599024399271,0.9160033
20.86,481.79744021219875,0.8865815
20.87,481.2645553703797,0.87733454
20.88,482.72243285161426,0.88911676
20.89,484.3684147541012,0.89867693
20.9,484.19148537704933,0.91369927
20.91,484.23247419873076,0.91428083
20.92,483.92056364773686,0.90700215
20.93,484.4953101264895,0.92050004
20.94,486.03533528734465,0.91337633
20.95,486.4836569891568,0.9065979
20.96,485.70249667490987,0.9231233
20.97,484.6454128056141,0.9246743
20.98,483.9080984752959,0.9152873
20.99,482.70723009880777,0.89946824
21.0,481.77543544274545,0.8790336
21.01,480.3774152992795,0.89945126
21.02,478.0169923705412,0.90304005
21.03,476.6645612496449,0.88107705
21.04,475.58190070988405,0.86277014
21.05,476.2398977944807,0.86179787
21.06,476.07109177073454,0.87614554
21.07,476.25863437362574,0.8715788
21.08,477.2085864355609,0.87811095
21.09,478.8604613279633,0.86973464
21.1,479.91797139155864,0.900601
21.11,481.24546279071626,0.86449784
21.12,483.74510838659745,0.8652499
21.13,486.1599973815539,0.87771624
21.14,488.60157755230495,0.9030586
21.15,490.0994700963852,0.9370435
21.16,490.5163313152852,0.9458563
21.17,489.0116673338011,0.91148424
21.18,487.08834522600023,0.8989007
21.19,486.78100579549675,0.9045998
21.2,488.1574563070945,0.90279514
21.21,487.1965118731014,0.90217274
21.22,483.63547005512737,0.91192895
21.23,479.8812432940119,0.8906107
21.24,477.5133004086705,0.8873449
21.25,476.5322641219842,0.88115233
21.26,478.4777134050513,0.8725377
21.27,480.33050646630056,0.8718993
21.28,481.1365185099399,0.87102675
21.29,481.16341647629724,0.87474674
21.3,480.16008720907496,0.88990563
21.31,480.38264269769996,0.88280296
21.32,479.70275427760436,0.9044399
21.33,479.6615435368124,0.8968029
21.34,481.02597150538946,0.8776739
21.35,483.164623990153,0.87116355
21.36,484.8940510145491,0.9008227
21.37,485.9046404085268,0.9095797
21.38,486.1871832283357,0.9109698
21.39,486.241203635447,0.9018686
21.4,486.300868355797,0.9036735
21.41,487.1422173837704,0.89042646
21.42,487.60865137678434,0.88829756
21.43,488.5392308535495,0.8987467
21.44,488.566455349191,0.89855766
21.45,488.38773292054674,0.8797086
21.46,488.836701917793,0.89683276
21.47,491.73054198757563,0.9199632
21.48,494.64438501740403,0.9685708
21.49,495.53018815015804,0.9726362
21.5,493.87833930510067,0.94431895
21.51,490.9703794075096,0.9319451
21.52,487.52256907055596,0.899021
21.53,485.4604263213195,0.9165755
21.54,485.4856428464317,0.9097931
21.55,486.64298303803156,0.9074642
21.56,488.26355881932477,0.90368325
21.57,488.8800452776892,0.9103635
21.58,489.23479135245833,0.9226714
21.59,489.73694263500414,0.93621606
21.6,489.5280610884355,0.9223721
21.61,489.6579961238274,0.92034763
21.62,489.7131566195332,0.93200904
21.63,489.5198695622047,0.9333297
21.64,488.5673076560389,0.9034278
21.65,487.25715570619565,0.9007783
21.66,486.92270557787606,0.90727544
21.67,486.44007814133744,0.90973824
21.68,486.44072930140993,0.9069064
21.69,487.3645271568996,0.8951919
21.7,487.2734439768919,0.8994175
21.71,486.08778626883145,0.9122044
21.72,485.73106215007846,0.9165128
21.73,486.10522507053275,0.9107103
21.74,487.0947181562488,0.8988853
21.75,487.9148521308466,0.8990307
21.76,487.580101609546,0.894348
21.77,486.1755921654563,0.9093468
21.78,484.83117756173414,0.9235312
21.79,483.8923873995256,0.91347003
21.8,483.3990746827697,0.90001625
21.81,483.01104095210746,0.89396596
21.82,482.6461910350621,0.8796483
21.83,480.6791669197673,0.8765042
21.84,481.3434070044943,0.8408662
21.85,487.2585387295414,0.86808395
21.86,489.65625777697073,0.94089407
21.87,489.0820967191485,0.92642593
21.88,485.97715336286717,0.91137874
21.89,484.43394921002084,0.92041165
21.9,484.6480276667435,0.9169432
21.91,485.7953127597986,0.90859264
21.92,486.789568777563,0.9048289
21.93,488.23124809608515,0.9031722
21.94,487.4576987021816,0.8969838
21.95,486.16550010297954,0.91510236
21.96,486.1001487202692,0.909353
21.97,486.8522157211919,0.8999309
21.98,487.61399563634814,0.8883421
21.99,489.6593220923393,0.9305963
22.0,490.48193234753853,0.94083786
22.01,491.01899280302655,0.941303
22.02,490.9076144948601,0.9425679
22.03,490.3172860027359,0.9435753
22.04,489.4512482715772,0.91959447
22.05,489.4405701070052,0.913205
22.06,489.8354614344592,0.93195623
22.07,490.21780121242364,0.9445247
22.08,489.75519489434936,0.9297987
22.09,488.7467781522426,0.9060839
22.1,487.0619552691762,0.9062403
22.11,485.33613151416364,0.9152893
22.12,483.9073134523182,0.90651244
22.13,482.8764367257639,0.8915945
22.14,482.74744957612455,0.8839175
22.15,482.30538595391016,0.88461196
22.16,480.9365207843093,0.8853218
22.17,479.91492147852915,0.88790506
22.18,479.201617060461,0.89972264
22.19,479.8204424746862,0.8854188
22.2,480.7689510609008,0.883615
22.21,481.4052756123351,0.87130183
22.22,480.9991239776858,0.8663396
22.23,479.5320118936019,0.889627
22.24,482.25196338202187,0.8114901
22.25,485.05866974154594,0.88780504
22.26,484.2211671029879,0.9050068
22.27,480.250691048564,0.88534904
22.28,476.92656276058074,0.89499134
22.29,475.10604612345674,0.89089173
22.3,473.2518118246593,0.9150426
22.31,471.49886501320077,0.92803246
22.32,469.73955179772764,0.94681954
22.33,468.173866312411,0.97110116
22.34,466.9495660490629,0.9658114
22.35,464.8372514650327,0.9222136
22.36,462.0204105934483,0.9021766
22.37,457.84494015132003,0.83553123
22.38,454.9552483642907,0.8518398
22.39,453.7996429389392,0.85222965
22.4,452.12963538999105,0.86237484
22.41,449.8986993455898,0.85807246
22.42,447.7510867476394,0.89123046
22.43,446.1495389890843,0.92435586
22.44,444.45857167774756,0.9076056
22.45,442.20974320873376,0.96196127
22.46,440.09446006205457,0.9592991
22.47,438.03848270668277,0.9069035
22.48,435.02483497649985,0.89837027
22.49,432.7342652601236,0.9027452
22.5,430.3533694489448,0.8856361
22.51,426.93937716521634,0.8888063
22.52,423.6916068965351,0.8827669
22.53,420.528151546444,0.87430656
22.54,416.39538841173993,0.91605854
22.55,413.3622555817225,0.91117936
22.56,410.0174681559429,0.892582
22.57,406.4048601863061,0.9302867
22.58,403.81093943005675,0.93040955
22.59,400.8265611502767,0.89397347
22.6,398.19843080125395,0.9130696
22.61,395.9758010379694,0.89409244
22.62,394.42037249254656,0.934297
22.63,393.14783678846595,0.9292022
22.64,390.771436445762,0.8596897
22.65,386.23577946082196,0.83097774
22.66,381.1493605153679,0.8526367
22.67,377.0977999802417,0.80004334
22.68,373.8436267572988,0.7104409
22.69,371.8227718030305,0.59095645
22.7,361.7204290462266,0.54222983
22.71,354.7428447583932,0.6344937
22.72,345.57818832971265,0.87029654
22.73,342.5468431057686,0.862536
22.74,338.4080990939247,0.85283226
22.75,333.84990288019503,0.87768567
22.76,330.6233818241253,0.81907123
22.77,324.9727122833215,0.78613985
22.78,317.0458577282129,0.8281893
22.79,313.27515036378054,0.87115973
22.8,305.16036850485045,0.77471244
22.81,295.2792247416182,0.87175864
22.82,289.9432297848197,0.86556935
22.83,284.1395203334125,0.8039422
22.84,275.4044719848509,0.7902142
22.85,269.297871447392,0.8045817
22.86,264.2743091776296,0.77837306
22.87,260.5221514340498,0.6556567
22.88,259.5664924103382,0.51824784
22.89,262.24275086412956,0.4053269
22.9,264.86658236521396,0.24444647
22.91,277.092716094705,0.30514416
22.92,307.913215354636,0.24629807
22.93,323.1306699800171,0.17264158
22.94,328.1185773556379,0.20100632
22.95,290.3144041670528,0.28978187
22.96,287.6757909428965,0.51874083
22.97,283.64601410170394,0.6014711
22.98,283.30708712689875,0.41419163
22.99,289.3797244995039,0.2277676
23.0,294.0958901834734,0.20075959
23.01,303.8826825083227,0.14183255
23.02,313.38822145299594,0.36919582
23.03,320.34683226814934,0.28459123
23.04,324.0892819321107,0.12982799
23.05,330.0061042887363,0.09202469
23.06,336.9449426965604,0.11896531
23.07,339.16327500825435,0.09472946
23.08,333.6449992977205,0.33891466
23.09,335.35525627076794,0.47403046
23.1,355.00940043078094,0.18123248
23.11,390.83551268269537,0.24551295
23.12,419.4669204878244,0.10149247
23.13,419.43492363453845,0.1629925
23.14,397.8808349051461,0.08520841
23.15,358.3804074776633,0.073173285
23.16,338.49996853755067,0.05458217
23.17,325.27634502534613,0.0396524
23.18,292.29917747674483,0.045351893
23.19,274.26529701857197,0.24100682
23.2,265.0240936149118,0.3086569
23.21,254.97497313734596,0.5966808
23.22,254.7489466953236,0.66827345
23.23,295.04522085995086,0.64979213
23.24,330.3086886845417,0.42071906
23.25,370.9790914875995,0.29225776
23.26,377.8931780263071,0.2440854
23.27,383.1939968395739,0.5017526
23.28,386.9102010119515,0.7100271
23.29,390.7850776549435,0.822828
23.3,391.88979628390405,0.8816427
23.31,391.14039626429667,0.8337598
23.32,391.13750567589733,0.7241405
23.33,395.6670652396498,0.6615563
23.34,395.2299765389725,0.59696156
23.35,387.1400184576977,0.5060415
23.36,384.2877453184159,0.66185397
23.37,385.96244273332763,0.5809985
23.38,388.5909875206017,0.62990636
23.39,368.2602506277416,0.30310357
23.4,360.5780126715996,0.19737075
23.41,350.22745170769315,0.24504746
23.42,339.51305320359126,0.44014776
23.43,339.87309299994706,0.41544363
23.44,319.78292530767123,0.53301287
23.45,286.19781657725656,0.49223727
23.46,265.1302408022103,0.2910607
23.47,239.279080468052,0.3590432
23.48,234.35405863814154,0.57996947
23.49,232.5566338117464,0.8180789
23.5,234.4171488487442,0.910756
23.51,238.61249970718174,0.8868845
23.52,244.46745961605117,0.89803827
23.53,249.09458356145183,0.7672881
23.54,263.85808814511313,0.14413013
23.55,306.51231643962154,0.41486543
23.56,331.6480811156685,0.3449038
23.57,366.8005277611569,0.5313621
23.58,376.7184520794061,0.87079686
23.59,378.82311264831856,0.9229441
23.6,378.8314161106865,0.8790213
23.61,375.5808349086425,0.7832648
23.62,368.296837595617,0.6270137
23.63,357.924483890243,0.58142513
23.64,349.9567934714629,0.5412049
23.65,316.1128561558512,0.1120077
23.66,275.36285416542586,0.34673664
23.67,248.92803786348713,0.41120872
23.68,218.65029555064586,0.23174252
23.69,194.23756237163022,0.41227853
23.7,193.31999453038333,0.25156647
23.71,192.05393810668448,0.15608467
23.72,193.37537712216664,0.081322744
23.73,193.16897639266602,0.099869154
23.74,194.91421394518142,0.2998756
23.75,195.5617528989312,0.39778003
23.76,194.47996756785176,0.36097267
23.77,194.4542108935431,0.15903455
23.78,195.74088315367334,0.22397119
23.79,188.9538695667284,0.18524659
23.8,188.28672699258544,0.3096398
23.81,194.5423795105967,0.63101286
23.82,200.09135670108566,0.7195913
23.83,206.1465537331391,0.8909219
23.84,210.47477661315946,0.7119613
23.85,236.19132506836664,0.27940333
23.86,251.4020297219705,0.38380915
23.87,280.3637940060307,0.42695785
23.88,289.9505516945659,0.53644973
23.89,296.17693552699455,0.66844755
23.9,298.70916752494225,0.5940006
23.91,306.3180765027691,0.30544198
23.92,343.95158847591756,0.6178968
23.93,349.1654258700689,0.7478279
23.94,354.9161335122927,0.8445185
23.95,358.4524793629023,0.91413784
23.96,362.7530459600866,0.94686055
23.97,364.2848919632038,0.9260679
23.98,365.5449186889911,0.9366716
23.99,365.91575704498126,0.88765633
24.0,363.9040227255603,0.7150365
24.01,360.75302002544646,0.58350694
24.02,356.19578482249517,0.49474585
24.03,340.17357396253203,0.31101736
24.04,334.68915262367796,0.48850223
24.05,369.6582890329634,0.4328121
24.06,373.10293815714084,0.5503089
24.07,378.9322919898341,0.6482406
24.08,378.404137435055,0.75168544
24.09,381.02230678897746,0.83520144
24.1,382.5537194099977,0.88227844
24.11,382.1266505227869,0.8786339
24.12,382.3651591443448,0.86769956
24.13,381.9551964296,0.85845923
24.14,379.53761157733993,0.7692765
24.15,378.3962903938025,0.5929188
24.16,378.60413332036467,0.33332047
24.17,350.14723868163543,0.55845135
24.18,348.3290847129532,0.47857347
24.19,374.64704617536233,0.45962015
24.2,379.79684949386126,0.7398345
24.21,380.5729820247923,0.8573753
24.22,383.01886281551907,0.8992906
24.23,383.96022584540333,0.9456254
24.24,384.1880556635916,0.9524952
24.25,384.8496586912403,0.94478863
24.26,385.91908442380435,0.9182033
24.27,387.09190152721357,0.93171436
24.28,387.88530665290267,0.9408298
24.29,387.57273745526527,0.89144313
24.3,387.33390104727107,0.78894323
24.31,385.5716041594279,0.6424727
24.32,383.06758721693365,0.3340239
24.33,358.80106886852786,0.56984925
24.34,369.3120075230747,0.62318337
24.35,375.9180674176356,0.6946211
24.36,379.570488908293,0.8468818
24.37,382.69168107442454,0.8768455
24.38,382.6695695883765,0.8986363
24.39,382.7651711865295,0.89770657
24.4,383.75047232179315,0.91006374
24.41,383.95315509336604,0.8673671
24.42,381.6151295340498,0.754136
24.43,381.89748820656797,0.6637662
24.44,380.93720976025224,0.541001
24.45,369.14828779373886,0.60118663
24.46,363.10190790715325,0.68256354
24.47,367.53055344476735,0.6684846
24.48,370.57550268028,0.66957253
24.49,376.52380231356057,0.7745505
24.5,379.7452105924228,0.89476454
24.51,380.6506600537575,0.93831694
24.52,379.9561012506816,0.9377261
24.53,379.17071822520245,0.9078174
24.54,376.7804191194589,0.8696896
24.55,373.55509086479844,0.80342185
24.56,369.88619084139026,0.70672
24.57,363.6639887764178,0.62143147
24.58,359.7078626146234,0.65182453
24.59,362.5033860779913,0.43237978
24.6,379.54710501441366,0.3968232
24.61,398.0031256711129,0.34754336
24.62,409.56816725194955,0.43643624
24.63,405.8440957004938,0.5423496
24.64,403.77211522338905,0.5636807
24.65,397.64485059979614,0.526189
24.66,397.9831944284133,0.6090895
24.67,396.41786149537694,0.46822324
24.68,395.78674236336667,0.58217317
24.69,396.27879961613337,0.5936516
24.7,393.1178463556353,0.5729113
24.71,390.3851648944786,0.5045904
24.72,379.1342905581723,0.52920216
24.73,379.20216443105505,0.6965575
24.74,378.8831991272359,0.71824586
24.75,379.1129530592695,0.47918582
24.76,400.88787027129695,0.49335676
24.77,401.379620639044,0.6832704
24.78,400.6295741904902,0.79798955
24.79,400.3188719596051,0.88150585
24.8,402.28711677384644,0.9274399
24.81,403.5851312646096,0.95575845
24.82,403.54627885240564,0.9623939
24.83,402.7653980522703,0.9625489
24.84,400.4025357298407,0.92762876
24.85,397.74315797902636,0.9609797
24.86,395.1668167726033,0.9375453
24.87,392.6646034243617,0.9252401
24.88,390.22479465642135,0.82419825
24.89,388.6207858460483,0.6386054
24.9,390.55868959525986,0.56288373
24.91,390.0947878541549,0.5666732
24.92,392.220715845763,0.87570876
24.93,392.60728793357373,0.8540721
24.94,391.25385623941554,0.7799026
24.95,389.87193392588404,0.8837577
24.96,389.0568573312717,0.9397889
24.97,389.0974737646809,0.9504754
24.98,390.3032897609003,0.95167977
24.99,391.00720601785804,0.9428127
25.0,390.8525249885318,0.94495195
25.01,389.56393415865654,0.9471469
25.02,387.1334702564835,0.8807376
25.03,384.87698050293915,0.8182063
25.04,382.51335133505313,0.6943588
25.05,382.86480706056693,0.55308115
25.06,388.61330791501524,0.82975876
25.07,384.61085829745997,0.62907124
25.08,374.91973258927305,0.7696042
25.09,372.7506197342942,0.89275175
25.1,372.9218801630517,0.9327006
25.11,373.0476770603503,0.93339944
25.12,373.6194591755674,0.9184778
25.13,374.20797811437274,0.93756765
25.14,374.49696083548537,0.9448716
25.15,374.2198999647487,0.93558943
25.16,373.2158178576207,0.91965365
25.17,371.0893371880833,0.89935917
25.18,368.22912097165903,0.7763649
25.19,365.59934271301483,0.6370342
25.2,364.5840346737681,0.6505725
25.21,361.8683308012916,0.76055247
25.22,360.05517762829925,0.8104095
25.23,362.72566166598125,0.8690564
25.24,365.07516708888636,0.8597825
25.25,367.0386533481465,0.941759
25.26,369.2251453689056,0.9223363
25.27,369.71615343456386,0.93107194
25.28,369.0243705596921,0.91701347
25.29,366.51236382926015,0.9432002
25.3,363.4303108374187,0.92127866
25.31,360.94726870123276,0.9141715
25.32,358.11523524161254,0.90318763
25.33,353.57746434413207,0.8485272
25.34,349.5592767394578,0.671132
25.35,324.8414844536402,0.7607635
25.36,319.609587875537,0.9344962
25.37,318.94930694681267,0.9323464
25.38,318.1119715573552,0.8526213
25.39,314.8042663028354,0.7321845
25.4,311.5587864062234,0.8003244
25.41,310.62357920301963,0.8964315
25.42,310.5508805817859,0.93904275
25.43,309.2484826474331,0.96995395
25.44,308.16703527442763,0.97747374
25.45,307.88246179501215,0.97472376
25.46,307.79585886266,0.9655664
25.47,306.2492950564487,0.8539015
25.48,302.5765381962518,0.7549664
25.49,293.3988205277035,0.7038281
25.5,292.1955626866745,0.9123052
25.51,293.6545702195788,0.9394713
25.52,294.72097641818544,0.93521684
25.53,294.52815185045586,0.8384478
25.54,290.7338404509319,0.7244873
25.55,286.4213227238188,0.8443953
25.56,282.6354757600446,0.89776677
25.57,277.21051704285,0.91505766
25.58,274.3105582989141,0.94218683
25.59,275.25684842049463,0.91548127
25.6,278.8758821184646,0.9181828
25.61,277.9304702159301,0.92472166
25.62,273.6280096459706,0.8620188
25.63,270.96023131749973,0.85722524
25.64,269.930944247208,0.80940056
25.65,264.14415113233775,0.78504676
25.66,259.23249964040195,0.8117547
25.67,254.26836016884792,0.710779
25.68,242.68783357368218,0.7485853
25.69,234.82172636843106,0.6850408
25.7,225.80902628943946,0.741781
25.71,215.57458522628363,0.676091
25.72,207.64197493801473,0.8323124
25.73,201.47023902908438,0.7875135
25.74,195.12467335156796,0.8387376
25.75,190.1920654691841,0.8087006
25.76,184.36081694845558,0.8434445
25.77,179.88324573409227,0.8426759
25.78,173.4627084100648,0.60627
25.79,163.336305647052,0.42450225
25.8,154.84736567662284,0.74394035
25.81,150.96725743648312,0.84272057
25.82,148.39402679765558,0.7677404
25.83,139.73080117798193,0.6728299
25.84,118.26398500332671,0.37677908
25.85,106.40647656269763,0.19176844
25.86,98.50177585203055,0.21452406
25.87,88.68662966521988,0.07692373
25.88,86.13986598098899,0.07729998
25.89,81.97428307525912,0.16720404
25.9,79.8961503194556,0.045990285
25.91,77.09722069581693,0.10092168
25.92,72.62190613255362,0.16109152
25.93,68.81523329803792,0.1027865
25.94,65.22121673999149,0.100721665
25.95,62.45619659508449,0.109932326
25.96,59.609394342499805,0.015738005
25.97,56.899985321389266,0.032074105
25.98,56.74016128258831,0.14829922
25.99,50.462356376163925,0.028333692
26.0,45.60812157979686,0.053936675
26.01,39.35859916235954,0.027322963
26.02,35.75939306249371,0.06883959
26.03,37.22489283830153,0.09884804
26.04,34.83744340073808,0.049872298
26.05,33.49097079341974,0.02427821
26.06,33.33002607959086,0.05971992
26.07,32.33415820138265,0.07302559
26.08,32.481451958633365,0.038943507
26.09,32.73326107159575,0.0230924
26.1,32.73623585835558,0.053073436
26.11,33.185691240324346,0.05484366
26.12,35.45112806801399,0.028140133
26.13,33.166259014201906,0.062050983
26.14,34.055437333505274,0.081620075
26.15,32.79325067259973,0.22376429
26.16,32.75644359894272,0.15322106
26.17,32.63700090480742,0.10820386
26.18,32.6371237511311,0.07553974
26.19,32.599102882823196,0.021707665
26.2,34.44507883191566,0.05336114
26.21,35.77024841416109,0.059014525
26.22,38.2478994239893,0.087720014
26.23,39.92111581674837,0.0825261
26.24,41.28901360856073,0.1119854
26.25,43.836095603131476,0.18069291
26.26,47.82750478090398,0.06544782
26.27,48.52303042907575,0.13674301
26.28,48.82515090945441,0.04698945
26.29,52.77424236272496,0.12866642
26.3,56.16396959722721,0.12537153
26.31,60.944303582032774,0.059594326
26.32,67.21330166925023,0.08573837
26.33,72.4775878992156,0.051066734
26.34,79.99606898158245,0.018116647
26.35,84.7332056902512,0.07124946
26.36,92.03039593657466,0.10346529
26.37,102.01736415362292,0.13038416
26.38,110.41470111118173,0.16631962
26.39,117.09706862472693,0.05262599
26.4,124.76501562461718,0.12923886
26.41,137.52674563194944,0.14655116
26.42,146.16714762144994,0.07129562
26.43,156.70487388268367,0.0982625
26.44,168.12410677330314,0.10296861
26.45,185.37786053007272,0.14713627
26.46,206.69078472134814,0.29329455
26.47,216.25384693607802,0.4791073
26.48,216.46102655445065,0.3806089
26.49,203.0018694833803,0.38263988
26.5,194.5864451776515,0.44487342
26.51,190.15560047131748,0.6408394
26.52,189.48499025345126,0.55496293
26.53,197.42233121964543,0.29645145
26.54,202.22346768116734,0.1825043
26.55,208.62762770207917,0.20898882
26.56,213.79200611573077,0.17851283
26.57,216.40700323112483,0.46530417
26.58,233.28463074944236,0.24342549
26.59,241.08762267070998,0.118081555
26.6,240.1376516518273,0.124960124
26.61,276.48535514807656,0.27286288
26.62,312.9945173340146,0.13178608
26.63,355.53286779597465,0.07950034
26.64,399.3142510686033,0.121634215
26.65,410.83710089192004,0.12948053
26.66,414.8663504870294,0.3294728
26.67,441.8519762827782,0.26541856
26.68,458.9331845966236,0.3185863
26.69,468.4057945252018,0.41281465
26.7,483.6629456665547,0.51040316
26.71,493.948675980599,0.89755994
26.72,497.1895725302802,0.8994236
26.73,499.98556625955075,0.63822955
26.74,499.7188654491497,0.629506
26.75,497.96351477225573,0.63066703
26.76,477.0127562493544,0.41816014
26.77,421.7346240307865,0.36150202
26.78,371.18372612750426,0.29719532
26.79,345.74199254123937,0.098524764
26.8,308.5773542570772,0.2594901
26.81,305.4715334527973,0.33173773
26.82,302.0604669053954,0.3250748
26.83,292.85650402736746,0.35327244
26.84,295.2080363584941,0.5157384
26.85,301.91371953695136,0.4740384
26.86,308.6917274673947,0.41775453
26.87,340.77038834253074,0.5454544
26.88,346.1349418147386,0.71542424
26.89,350.0361311943183,0.7290752
26.9,354.70631655956373,0.3947307
26.91,373.5945749268572,0.16195183
26.92,400.74578077971785,0.53779566
26.93,411.4343599219128,0.54189575
26.94,436.6579622618881,0.55225307
26.95,445.31079632655815,0.69422823
26.96,450.53909700052435,0.6791107
26.97,456.5917440396908,0.7079594
26.98,462.4965357221442,0.72279906
26.99,467.62602749256644,0.62966305
27.0,475.330251496093,0.305631
27.01,500.6965319215602,0.70533323
27.02,503.6738515367681,0.8611839
27.03,502.9984723101097,0.9141298
27.04,501.8196803889384,0.94816625
27.05,500.19452605755464,0.9125708
27.06,497.2933977264863,0.9300843
27.07,494.99717313610347,0.9162822
27.08,494.04558892053274,0.8587017
27.09,493.7688001227753,0.8084096
27.1,493.70778075497185,0.90357375
27.11,494.0638755298761,0.9382244
27.12,497.406561797805,0.8567087
27.13,500.99143216422794,0.6811739
27.14,503.52715686634303,0.6155509
27.15,513.3997302053053,0.686089
27.16,514.331809444228,0.884845
27.17,513.0384410247821,0.94858783
27.18,512.3991021112829,0.9589787
27.19,511.1460687392515,0.9273646
27.2,508.20554701607824,0.9043424
27.21,504.6333033534895,0.7718253
27.22,497.0022952768692,0.8632465
27.23,495.2046652509136,0.88079834
27.24,496.527331602352,0.7981606
27.25,497.0312806003319,0.8094531
27.26,498.1895001759958,0.56239974
27.27,500.90214342559995,0.6286624
27.28,506.12284550709,0.73657614
27.29,511.04711958541196,0.8850522
27.3,512.4177592179299,0.94260365
27.31,513.4058603945224,0.9585093
27.32,514.5937791168258,0.9446259
27.33,515.6712354027685,0.9148274
27.34,514.7947850304065,0.92322165
27.35,512.8673194361717,0.9200437
27.36,509.0873290660103,0.866672
27.37,504.5110142585361,0.845962
27.38,499.2975731106542,0.9012421
27.39,495.4876149680807,0.9352842
27.4,492.70693729928666,0.9015933
27.41,490.84285899036524,0.893373
27.42,490.5960899349517,0.83611816
27.43,493.4144194528483,0.8734334
27.44,495.6538467971125,0.94185424
27.45,496.47928307397086,0.9505688
27.46,496.75651370303956,0.92579824
27.47,498.81673426480177,0.8200452
27.48,505.7578408821845,0.7680353
27.49,509.0518788302827,0.65696317
27.5,498.2630864617087,0.805089
27.51,495.32159156374513,0.89347434
27.52,500.1564771109465,0.7984369
27.53,508.0973042104579,0.8218024
27.54,513.4821905608648,0.8824451
27.55,519.0461141637302,0.92064863
27.56,521.1061212868084,0.934366
27.57,520.1836443026496,0.9412338
27.58,518.0470157395118,0.9497346
27.59,515.1206868276705,0.8931248
27.6,511.3312643127077,0.7470168
27.61,500.0367426631016,0.6415571
27.62,486.9214862454094,0.34060964
27.63,446.5283908691115,0.27641642
27.64,450.70525671067367,0.2506921
27.65,494.96775126238197,0.5138093
27.66,497.3842888829591,0.6182943
27.67,499.96702041696335,0.7689714
27.68,497.4745607210909,0.92719835
27.69,496.23944282890864,0.9494079
27.7,492.9536670582819,0.90677714
27.71,489.61432478340794,0.8861053
27.72,490.773654134766,0.7797803
27.73,495.0267221437088,0.8513886
27.74,494.4894552779397,0.9301112
27.75,495.0310698670734,0.95769525
27.76,496.9453399946456,0.9454844
27.77,503.34149952979385,0.9091246
27.78,508.7831384529375,0.9356151
27.79,509.99980689854993,0.91124725
27.8,507.36722048915647,0.88196415
27.81,502.27488448935094,0.8629819
27.82,496.1807976842136,0.9075392
27.83,490.4407136943382,0.86188626
27.84,486.16885297558247,0.712834
27.85,489.51208809048205,0.6420627
27.86,492.5500069187343,0.7403719
27.87,488.0671509929548,0.5633717
27.88,483.9018277275991,0.7844792
27.89,483.3513688387728,0.78994787
27.9,484.50236722028546,0.85866714
27.91,479.6977169521281,0.88765025
27.92,476.0002183904573,0.8872985
27.93,473.76488898779377,0.9414078
27.94,472.57975963473194,0.95168
27.95,473.4954582026731,0.9495325
27.96,475.467037506244,0.9194727
27.97,479.0033211100002,0.92674524
27.98,484.2408766942598,0.9108235
27.99,490.4630545079798,0.94921833
28.0,493.6508462620742,0.9575855
28.01,496.3755737409439,0.9682398
28.02,500.84723939199245,0.91935027
28.03,506.27683277858523,0.93085074
28.04,507.9822482258319,0.9328273
28.05,502.4374990354832,0.8870219
28.06,496.1537255729684,0.9398228
28.07,491.18677291183957,0.9232731
28.08,483.215645786012,0.82271975
28.09,471.25401399431166,0.7203393
28.1,463.27996039594206,0.5802479
28.11,436.9395512584524,0.4081555
28.12,427.8731848390238,0.44949892
28.13,397.6788546948244,0.46643397
28.14,386.3909165275128,0.4048894
28.15,355.47913725092195,0.6839204
28.16,354.4158506571602,0.6688027
28.17,357.72770893521124,0.49023184
28.18,358.1668331646543,0.57632655
28.19,351.205996904692,0.54309464
28.2,341.12008938214325,0.34907818
28.21,322.754675684592,0.47815752
28.22,313.6928085166553,0.60520583
28.23,312.25744976604057,0.84981674
28.24,312.448931672934,0.9449122
28.25,312.97801658066606,0.9535757
28.26,314.08562351814646,0.93399364
28.27,314.5856035310953,0.93393534
28.28,314.71538471656163,0.89147115
28.29,312.95883782345254,0.8183748
28.3,308.9989308333462,0.5492452
28.31,300.39505685201294,0.40046936
28.32,270.34260659546794,0.6561253
28.33,256.0170724683426,0.5836411
28.34,244.94129377951305,0.5364715
28.35,235.99781657277208,0.7762294
28.36,236.43064399956145,0.84174496
28.37,242.05043484694124,0.45154297
28.38,273.7183393428653,0.2737847
28.39,287.1729736839878,0.40203726
28.4,294.7686633958077,0.5216397
28.41,304.031838238948,0.34259796
28.42,322.64649862682603,0.40361312
28.43,329.8217813764308,0.4907054
28.44,339.630259065038,0.41920033
28.45,352.43661850985984,0.49042422
28.46,368.5499987979204,0.40243727
28.47,393.88608345182456,0.42125484
28.48,422.5271485598557,0.58856064
28.49,430.5270138467375,0.83745235
28.5,438.01475301573015,0.90974575
28.51,440.058974074934,0.9585742
28.52,439.58016635941806,0.9207585
28.53,437.0434737546741,0.76483077
28.54,435.4031157386836,0.6035694
28.55,428.50300550407775,0.39361966
28.56,424.5692050293081,0.11606102
28.57,423.6680369506524,0.5601231
28.58,433.3229587043683,0.54545057
28.59,434.60296265215453,0.32021803
28.6,416.58267296610074,0.048622865
28.61,390.825236277832,0.1225095
28.62,389.60118622839417,0.11044869
28.63,393.3865616720451,0.107027814
28.64,359.4246109511917,0.030603841
28.65,354.3461283500563,0.016417919
28.66,320.4644024168601,0.4144257
28.67,303.6621620096584,0.5663508
28.68,268.5546227390215,0.6920489
28.69,247.69603850398033,0.7476032
28.7,219.15519110958343,0.8107651
28.71,193.187692193865,0.782943
28.72,180.03304452724626,0.5767669
28.73,194.6001606400529,0.47691378
28.74,204.09397072609337,0.6335978
28.75,208.76049873123645,0.70278746
28.76,216.09737065014184,0.21175063
28.77,227.47001468994367,0.29641896
28.78,236.4162864300406,0.5697833
28.79,240.08635639644538,0.7846357
28.8,242.73285334299572,0.7749132
28.81,245.25344666005043,0.77102524
28.82,247.46585977428705,0.8576139
28.83,247.69061934352916,0.9085544
28.84,246.09711996211175,0.8241071
28.85,242.19859649727908,0.6501539
28.86,237.7149557305798,0.8084757
28.87,234.61082939184018,0.71292233
28.88,226.32438671496232,0.4894532
28.89,220.02584976512514,0.4296967
28.9,214.07621058344463,0.49381864
28.91,211.9888607984365,0.6285157
28.92,213.05622718783462,0.6095388
28.93,217.38704962769117,0.47172967
28.94,222.47181702466116,0.30761465
28.95,225.08039739727758,0.50921696
28.96,226.70781571196642,0.6879061
28.97,228.95971521314536,0.31938934
28.98,234.49429324111668,0.24960954
28.99,240.03335944123637,0.57664
29.0,241.85452069848867,0.8694046
29.01,242.26195298400535,0.9382176
29.02,239.23849091346327,0.90830904
29.03,236.6533847360398,0.93658876
29.04,235.53548551176365,0.89908934
29.05,235.93588160803205,0.9132534
29.06,237.69124729970304,0.881116
29.07,239.86832489016788,0.9393175
29.08,240.33637402781167,0.91896576
29.09,239.95780153035852,0.85805297
29.1,237.89416706746337,0.7636221
29.11,236.40114241132557,0.8020493
29.12,238.8593589365831,0.64912623
29.13,242.888613836527,0.60872424
29.14,242.39592988463127,0.71976966
29.15,240.62119844280778,0.80862075
29.16,238.92210825988914,0.8001752
29.17,238.94042608549174,0.6925184
29.18,239.8818813890133,0.6722945
29.19,241.04065121568797,0.7040198
29.2,242.39753051924498,0.6831943
29.21,244.08655584578634,0.8788093
29.22,244.62407661192447,0.9235167
29.23,245.87868216937878,0.90523046
29.24,248.8649573301197,0.73847556
29.25,258.5335842362453,0.87024343
29.26,261.3160394938892,0.91765535
29.27,262.1274253577311,0.9424515
29.28,263.662162905797,0.9158263
29.29,266.6853785486895,0.8244392
29.3,268.9951452810907,0.8988798
29.31,269.4408234032688,0.9012686
29.32,266.35661864153633,0.833892
29.33,260.7569846213298,0.8906948
29.34,257.12759026253985,0.86341155
29.35,248.223460730166,0.735725
29.36,244.50358388516915,0.91309375
29.37,242.71405235554113,0.948277
29.38,240.93772939448567,0.83219177
29.39,236.98100579570354,0.741546
29.4,233.1079962162981,0.7719384
29.41,234.56617444370707,0.593904
29.42,238.95479407525517,0.42134467
29.43,242.09919959909024,0.5013784
29.44,261.20558823548714,0.38023922
29.45,289.59991642295466,0.1645207
29.46,276.4242030499849,0.3154914
29.47,276.9571223167574,0.27424425
29.48,276.18578312846375,0.6569101
29.49,277.2886479134974,0.85776675
29.5,278.22359068351636,0.87427723
29.51,279.1780644887653,0.8175002
29.52,283.59274930843986,0.82148486
29.53,286.58679417335827,0.8545837
29.54,291.3508914056901,0.690523
29.55,300.08654033336654,0.73162633
29.56,304.95248330278133,0.68136007
29.57,317.5491632085325,0.49434316
29.58,329.19366726439534,0.8616097
29.59,331.8271066494143,0.9408061
29.6,330.2455500283756,0.9286811
29.61,330.688424570018,0.67684233
29.62,338.90464740323625,0.3442818
29.63,343.99941824604815,0.6039687
29.64,343.9090583230088,0.6458637
29.65,338.2646036519268,0.62546676
29.66,329.9063976859252,0.5862274
29.67,313.8125411656258,0.5383907
29.68,302.3175589715526,0.9222431
29.69,299.8953032167736,0.9408673
29.7,298.7158071645445,0.9359346
29.71,299.9070311696868,0.8511616
29.72,305.6574384532424,0.6774704
29.73,315.5170276198688,0.73921937
29.74,319.4716026469418,0.6961556
29.75,319.2869187366219,0.518246
29.76,314.0620295586509,0.4569319
29.77,313.93241202454595,0.5323215
29.78,323.34084131192975,0.6377585
29.79,329.2843275123604,0.8018981
29.8,328.6807213515541,0.8893907
29.81,327.6941606728237,0.8987161
29.82,325.9219076912919,0.7925784
29.83,323.1398847185982,0.526249
29.84,306.4773583254798,0.56275934
29.85,299.7650091756124,0.68871576
29.86,299.62222383205165,0.7049941
29.87,302.75022850985437,0.741423
29.88,309.31254053746227,0.6791661
29.89,316.5673433342803,0.84246856
29.9,319.36607618234825,0.89409053
29.91,320.3608465025567,0.8989496
29.92,319.8558509739469,0.90339756
29.93,317.2456584465401,0.8473322
29.94,313.38960726327565,0.81439805
29.95,309.03245721260475,0.6131196
29.96,301.91403585345256,0.52581054
29.97,285.52243501848227,0.39391923
29.98,274.97790910402364,0.40888166
29.99,274.21079113522876,0.19998054
30.0,286.4430340898108,0.036395006
30.01,305.8855461618512,0.010508668
30.02,322.2623317264496,0.015836494
30.03,326.6146251973448,0.17637031
30.04,328.3849007938275,0.2772638
30.05,327.9408249907433,0.043127783
30.06,323.3815037525006,0.099407144
30.07,317.9202949019825,0.24241789
30.08,318.3673204091939,0.1801584
30.09,316.8499079323122,0.18440823
30.1,295.0903944082955,0.022260662
30.11,306.72642844538774,0.03155502
30.12,323.90184608788195,0.047604214
30.13,350.7484020898246,0.060694758
30.14,353.0257575821708,0.15311334
30.15,352.2545707427565,0.16704825
30.16,351.59046089512975,0.20418131
30.17,351.4927591833918,0.36313635
30.18,351.36189815901304,0.4005464
30.19,351.15620085567014,0.42977187
30.2,350.7207630402462,0.38609758
30.21,350.66213692056215,0.39031878
30.22,353.012989597981,0.5780733
30.23,351.7997356221911,0.7737444
30.24,350.8808031612244,0.6098184
30.25,351.4119765280304,0.4091821
30.26,351.9210344324425,0.40508464
30.27,350.54964865404094,0.19461454
30.28,349.6600654711994,0.12612823
30.29,351.0713210742897,0.2275053
30.3,349.4038261739687,0.14067589
30.31,347.0157073292748,0.20437256
30.32,347.30336324301925,0.25387022
30.33,348.63656839562486,0.1311192
30.34,353.9400413414716,0.22569408
30.35,354.1794151825962,0.1936913
30.36,353.43375734394357,0.4188328
30.37,349.65887243481797,0.31669837
30.38,345.50510187495996,0.102916226
30.39,343.06616113483955,0.0767419
30.4,344.4239317566095,0.21488592
30.41,345.0850290402079,0.1923503
30.42,344.78542224060453,0.34905395
30.43,337.6011659889491,0.36039385
30.44,332.7008648341814,0.22957726
30.45,331.1198995027501,0.26292473
30.46,330.2334365068023,0.23375167
30.47,337.97902959666027,0.21566856
30.48,340.2749264930822,0.4047634
30.49,338.9959942500923,0.24483159
30.5,335.21548102082727,0.17884867
30.51,328.2501243148832,0.27843466
30.52,313.8027348218467,0.15509973
30.53,300.2548960766676,0.2318211
30.54,290.7842746678598,0.13494378
30.55,272.2259802723806,0.13223144
30.56,257.57301254724547,0.21192683
30.57,246.01158747839096,0.25772637
30.58,237.74931087482915,0.4533634
30.59,240.42836300897477,0.43420878
30.6,238.38101605640855,0.15893938
30.61,257.6534259705388,0.07724849
30.62,282.93966536831783,0.067866415
30.63,307.34220700261164,0.21896535
30.64,331.7101862276482,0.28033426
30.65,346.657108269892,0.23082116
30.66,360.02985737401673,0.3496911
30.67,364.56368406783054,0.3931743
30.68,369.5093245148666,0.30939955
30.69,386.13280672505766,0.19047077
30.7,389.3345634876485,0.32744065
30.71,390.9438957533184,0.24867538
30.72,389.21124061593684,0.5409586
30.73,390.3340707997479,0.52873
30.74,373.32068068799276,0.47263208
30.75,366.2356272382416,0.70851946
30.76,368.2723519142518,0.8824375
30.77,367.60709448958977,0.9294553
30.78,363.5268290003643,0.85898143
30.79,356.58279498045795,0.86350775
30.8,351.0598738920294,0.8948011
30.81,345.37355834146035,0.86181045
30.82,336.6075740473716,0.7375562
30.83,331.43695789392257,0.63141155
30.84,329.17498777217736,0.50668275
30.85,301.60723119282613,0.3321539
30.86,267.93954650051046,0.4657595
30.87,237.25158309226651,0.14346753
30.88,210.58728867780928,0.31295845
30.89,188.55024585831188,0.56397045
30.9,184.90968502862785,0.7078965
30.91,182.25724528445866,0.47435117
30.92,174.62419448360254,0.5004132
30.93,167.37409855810319,0.36389926
30.94,159.7567059170699,0.47277534
30.95,154.40535901901018,0.5868201
30.96,150.4448337469302,0.5039075
30.97,139.9621132574023,0.10648572
30.98,122.4756176433762,0.4602833
30.99,114.0981190605146,0.23224321
31.0,117.16545222673739,0.15858734
31.01,118.75410903590897,0.2372449
31.02,119.67068969428384,0.36666316
31.03,118.08015275976119,0.63614583
31.04,120.90902497123481,0.7952338
31.05,122.88963256932544,0.84293956
31.06,124.40438053652669,0.8999474
31.07,126.51246890144492,0.80678976
31.08,131.08307157990572,0.7826427
31.09,133.84493917705564,0.86024237
31.1,135.10225882623138,0.87726474
31.11,134.82645307083402,0.82014346
31.12,133.20064991255484,0.6335907
31.13,125.68636120773193,0.41316798
31.14,117.54774149959434,0.34434474
31.15,113.09991203393054,0.18288721
31.16,111.3737455549105,0.15198176
31.17,119.29687843233701,0.08794503
31.18,133.01264546412102,0.034095313
31.19,146.00982344661855,0.3000279
31.2,145.90930819254535,0.25850603
31.21,164.50005912080482,0.48565748
31.22,170.69829282540834,0.46395054
31.23,174.56506199267548,0.60089785
31.24,178.13116958706803,0.46355575
31.25,186.20280015931075,0.19705778
31.26,198.16355514704156,0.19688298
31.27,217.6012299999129,0.150197
31.28,236.97407299479596,0.33107954
31.29,242.4277143514756,0.28264478
31.3,246.99411471143804,0.32341206
31.31,267.30893751293485,0.17754135
31.32,301.7544894186221,0.15782982
31.33,315.9441130085535,0.36023137
31.34,319.4366867038263,0.7616116
31.35,323.27983945283137,0.8703539
31.36,325.8915946599136,0.80329925
31.37,327.0312455440171,0.60121065
31.38,330.2844112062175,0.30775145
31.39,380.5065154084135,0.84492517
31.4,400.982705039396,0.92606634
31.41,398.62784057620104,0.8890806
31.42,394.44436420955094,0.7455977
31.43,382.6235574620448,0.46560696
31.44,358.5823712997305,0.4237389
31.45,339.5365860831293,0.57448816
31.46,302.8761827425934,0.3027994
31.47,294.03909969507987,0.5605074
31.48,288.42888627796543,0.84634966
31.49,284.42658285871113,0.96158457
31.5,283.78746391712474,0.8878931
31.51,292.3442472608682,0.66757536
31.52,308.51024324972377,0.48161697
31.53,320.60930097864974,0.61178935
31.54,331.453358409732,0.65877837
31.55,348.3517148429861,0.5814008
31.56,356.0880340203652,0.5124892
31.57,372.41378652621444,0.49118334
31.58,374.7983453380531,0.81634754
31.59,375.9033891932297,0.8299603
31.6,378.81208454065444,0.84540755
31.61,380.34388607244773,0.85117036
31.62,377.2472701492338,0.7221446
31.63,364.52213124940755,0.774191
31.64,358.97003101075717,0.95184714
31.65,355.37023842327574,0.93948835
31.66,350.0327256420605,0.9419617
31.67,345.2701996347133,0.8952866
31.68,338.78095607025165,0.75472075
31.69,327.10725229275937,0.62991756
31.7,316.8734744064303,0.28403726
31.71,295.1728047276753,0.110960305
31.72,273.81169260763875,0.066760525
31.73,249.71523616051374,0.37360725
31.74,229.954314137511,0.11146869
31.75,200.55630895202935,0.07611036
31.76,184.4295314572326,0.43967888
31.77,181.49039074426275,0.6193656
31.78,177.3773059326099,0.3735691
31.79,172.32760615614907,0.23346166
31.8,166.99638948620745,0.29032844
31.81,162.71518019510407,0.48936096
31.82,160.64672835940905,0.31876954
31.83,160.61856994065033,0.22823507
31.84,142.81960452805743,0.19087425
31.85,135.7181245625951,0.61949694
31.86,131.87970538767686,0.67243546
31.87,130.0670358821556,0.71728504
31.88,127.52474518019935,0.591813
31.89,124.79657671145183,0.7487173
31.9,124.5188683813157,0.80389446
31.91,134.07936423482914,0.32777
31.92,146.73697389999717,0.3527272
31.93,161.40983374764295,0.26263267
31.94,165.98512595023394,0.45324248
31.95,171.19918955762836,0.4592691
31.96,176.41340716065548,0.46747038
31.97,180.97125583537266,0.60164297
31.98,182.89619035570934,0.50105524
31.99,190.99038177257177,0.26043
32.0,199.56925355821335,0.42199174
32.01,205.6360949962463,0.6802198
32.02,212.21962958436956,0.6592279
32.03,219.7577918776113,0.6642286
32.04,225.21328830162443,0.6703854
32.05,240.32661007497074,0.584392
32.06,249.01087956227747,0.27964425
32.07,254.2680207569935,0.6616969
32.08,253.1728434774633,0.63278145
32.09,251.1810176018671,0.68297434
32.1,249.82717742402005,0.78429973
32.11,247.85035569971132,0.75802153
32.12,243.6931367004376,0.7581481
32.13,238.34301775768995,0.75667834
32.14,233.1506449505301,0.6375798
32.15,224.47797085831075,0.52083147
32.16,211.57239992559613,0.5837404
32.17,207.75352943811993,0.8546419
32.18,209.3399239694763,0.83407074
32.19,212.79313947195593,0.8362133
32.2,216.08251090168594,0.8705774
32.21,218.244861727162,0.9176873
32.22,219.739955158785,0.8853773
32.23,219.1400915343982,0.87099844
32.24,218.16158762888205,0.8570437
32.25,217.23289652433735,0.77564293
32.26,213.1132689101546,0.5847461
32.27,205.88012853240195,0.3823495
32.28,189.09918722046328,0.25892243
32.29,174.24538413360298,0.27212948
32.3,162.43514400866147,0.3390135
32.31,161.13078849993065,0.59018236
32.32,161.0590606796959,0.454966
32.33,144.97639905200896,0.570072
32.34,133.42057154250082,0.5466087
32.35,135.45430606835464,0.21947876
32.36,140.54549911839166,0.36912456
32.37,141.42068580559777,0.27785614
32.38,139.40880008018638,0.068197004
32.39,137.42387625192404,0.26935652
32.4,138.40099713464087,0.055315126
32.41,139.52398109853556,0.080272436
32.42,156.47229005374223,0.06684325
32.43,165.1096646769739,0.09604148
32.44,181.10262897823233,0.26863322
32.45,193.40546039698188,0.24785101
32.46,200.9792607323168,0.20539977
32.47,213.37676102682337,0.060192723
32.48,228.16125403385962,0.29845628
32.49,238.85235037383407,0.40051496
32.5,250.54054571389992,0.34322992
32.51,267.8657407199986,0.51090235
32.52,268.73513670965957,0.59289175
32.53,268.4947937200689,0.7855809
32.54,269.322835352766,0.943194
32.55,269.7676559043902,0.9700734
32.56,269.58143200576484,0.9721485
32.57,268.88899316242293,0.97237486
32.58,267.2983775056117,0.9384911
32.59,264.8377183350972,0.93582124
32.6,260.97357433220054,0.86101717
32.61,254.8180848071795,0.7997625
32.62,248.8429861342575,0.85759646
32.63,246.1403425717307,0.89933556
32.64,243.50067241540458,0.7757131
32.65,233.64807941100665,0.523289
32.66,229.35096829188424,0.3603549
32.67,223.70152528778803,0.37362477
32.68,226.50178915829005,0.5335932
32.69,229.4708682452335,0.723953
32.7,229.1834734071416,0.8345833
32.71,228.68093515660436,0.80315626
32.72,225.5428266185068,0.7330536
32.73,218.7963575755403,0.6298431
32.74,209.0628432742991,0.63365436
32.75,205.28720303206944,0.56818676
32.76,201.40178340120542,0.17140906
32.77,200.73671830915433,0.341634
32.78,199.36390131110494,0.32445458
32.79,187.24929386164058,0.25164312
32.8,188.90305578378732,0.48816478
32.81,200.44561675797644,0.44991395
32.82,207.17431854319113,0.30526292
32.83,210.83205354453764,0.4631434
32.84,224.74237043514927,0.42003882
32.85,233.3650678292508,0.73542184
32.86,236.97585664659266,0.9013229
32.87,238.89725384325607,0.90500957
32.88,239.7799585776849,0.81428677
32.89,243.39495142349278,0.33227506
32.9,246.49055224687814,0.31745428
32.91,243.98786072964927,0.60184777
32.92,233.2647152734023,0.64140016
32.93,231.69116882501237,0.89354086
32.94,232.318634621693,0.89093494
32.95,234.4164454429678,0.9027817
32.96,238.56971787048664,0.803621
32.97,243.0532781713568,0.8266518
32.98,246.79074189035163,0.88342017
32.99,248.5392567339564,0.9172877
33.0,248.8619107979797,0.8980456
33.01,247.42552381890613,0.89997435
33.02,245.12557573082634,0.926147
33.03,243.83103793659143,0.93413645
33.04,244.63814549132863,0.94271576
33.05,247.69048644980688,0.890393
33.06,253.151790935017,0.86884516
33.07,258.2751706286401,0.8758438
33.08,261.32499750011567,0.9225775
33.09,262.28407210084293,0.95107174
33.1,261.6800970919079,0.95257694
33.11,260.6392777064973,0.904973
33.12,259.44441917199066,0.76542443
33.13,254.9697257359213,0.6119387
33.14,242.72215573305274,0.4265186
33.15,232.78541990902073,0.4367251
33.16,217.90567457649462,0.42890364
33.17,208.77547558999532,0.2571683
33.18,213.17667134687719,0.38918996
33.19,223.72258746465087,0.35746548
33.2,236.30659916417872,0.3139241
33.21,240.22573422034935,0.23755275
33.22,241.32831548260003,0.36485228
33.23,242.6165000543149,0.2172308
33.24,243.5633090507977,0.3986294
33.25,242.9840174631822,0.5353846
33.26,236.72290883256196,0.454341
33.27,237.46206749908166,0.6495515
33.28,238.41051957014542,0.798742
33.29,236.82010400117153,0.90468526
33.3,235.7881286771465,0.8918588
33.31,233.84441348805314,0.923625
33.32,232.23965740986552,0.89930254
33.33,232.0036939586297,0.9036357
33.34,233.01567295566016,0.905867
33.35,234.4153403153673,0.9168411
33.36,235.82866137471783,0.9075104
33.37,236.5682681181011,0.91605794
33.38,236.89678068336133,0.85071313
33.39,234.65554473366416,0.6354742
33.4,224.95580958409676,0.5009242
33.41,220.080050820464,0.67573255
33.42,215.6783445870859,0.65377724
33.43,209.90420184082242,0.55632335
33.44,203.49448472961234,0.43853575
33.45,181.30405945920788,0.37798795
33.46,174.55804635806408,0.4139897
33.47,189.85779025475392,0.3787818
33.48,220.80700116502402,0.12457066
33.49,239.93954235269536,0.24529746
33.5,241.53873925115306,0.48337078
33.51,238.4653072011689,0.60209113
33.52,238.93662515454977,0.6502093
33.53,238.67848196765488,0.61500096
33.54,237.58753571317104,0.581062
33.55,233.35503554692198,0.342983
33.56,239.77962358024146,0.5523785
33.57,240.8927680544393,0.58436733
33.58,240.86365324771467,0.7992795
33.59,241.8587295990215,0.9175997
33.6,243.1187864573289,0.9358136
33.61,245.0208617042344,0.91096306
33.62,247.32093263575823,0.9035122
33.63,249.0902907755932,0.9024318
33.64,251.35800716745254,0.9305263
33.65,253.23756631415267,0.9405627
33.66,255.17449520206725,0.9403955
33.67,256.5978281071883,0.9633244
33.68,257.0851603161088,0.9617269
33.69,256.2634193804038,0.918785
33.7,253.45050600187264,0.85231304
33.71,249.39942111205087,0.8108788
33.72,244.69700046242218,0.8038234
33.73,240.79298002802102,0.7113425
33.74,271.34331812710866,0.50475353
33.75,301.8174805580029,0.5381218
33.76,347.00778657374156,0.72578824
33.77,394.38765230510677,0.398992
33.78,437.4633365250571,0.18003523
33.79,492.96021233584014,0.3746512
33.8,482.3564867800243,0.38912028
33.81,461.0427954049477,0.38700286
33.82,449.60494617948206,0.58982843
33.83,446.20334788017624,0.6113009
33.84,448.31590182049473,0.53932226
33.85,454.13346937063955,0.5740574
33.86,464.2977960376766,0.3920975
33.87,480.30615361210175,0.61337984
33.88,485.57245541830645,0.59430987
33.89,471.69788974035583,0.38216567
33.9,499.5629910999817,0.686414
33.91,505.0498547285772,0.70229775
33.92,513.2513866353902,0.83237314
33.93,514.4796872992232,0.8075433
33.94,516.1139705953177,0.8472737
33.95,515.1515251675271,0.85591435
33.96,518.0292231812207,0.78952813
33.97,518.0170397207121,0.66922927
33.98,514.9808737705258,0.6882733
33.99,509.8471091736957,0.76411325
34.0,513.5743053981885,0.3152871
34.01,502.1101227942552,0.24931663
34.02,480.91493701247236,0.42420265
34.03,436.2423677247433,0.6697685
34.04,419.7372486019075,0.42949256
34.05,396.16191276773515,0.34481782
34.06,391.2656692640495,0.2134811
34.07,384.801730772215,0.35249546
34.08,353.87700053316934,0.5279591
34.09,331.36714641053356,0.79624194
34.1,331.47964757176334,0.61500216
34.11,316.9637643244919,0.53099465
34.12,289.3227482136833,0.3586114
34.13,278.1048124482822,0.1867655
34.14,262.66556219341237,0.28590974
34.15,271.70726825203946,0.4051821
34.16,307.7395830886941,0.3460031
34.17,319.9720893341911,0.536079
34.18,332.6301352461072,0.5607858
34.19,337.23984566395444,0.7608978
34.2,345.1626955806825,0.8375667
34.21,350.1232882546411,0.9064019
34.22,354.89470273894307,0.9114764
34.23,358.43151709020646,0.85342103
34.24,356.5591055106295,0.7946799
34.25,353.4301282593734,0.7552532
34.26,351.29516675966715,0.689579
34.27,346.5983924368942,0.26419193
34.28,331.81730367703847,0.39801323
34.29,341.84157996529706,0.45749453
34.3,348.19635012463146,0.6308589
34.31,344.1830895677169,0.69002986
34.32,339.94057589565864,0.6852657
34.33,334.66196728902554,0.67096776
34.34,324.62104503446284,0.74972886
34.35,319.3493989613484,0.82877904
34.36,311.65136096450783,0.7392583
34.37,304.51824346626887,0.89694077
34.38,300.8026864072273,0.87022275
34.39,294.8587116802043,0.83393544
34.4,289.6948055926796,0.7647153
34.41,278.7409407582285,0.7703137
34.42,270.98861546295126,0.8764062
34.43,260.7445812248455,0.79084384
34.44,255.17605758371587,0.782353
34.45,233.48015328935801,0.42706323
34.46,203.88007321962658,0.41530755
34.47,177.54451093929652,0.12108525
34.48,162.83444328082066,0.31003758
34.49,152.46071562067607,0.3148097
34.5,141.0509235828563,0.31060088
34.51,132.57718379797242,0.4724996
34.52,125.52937738087928,0.4260335
34.53,120.86060830919155,0.32350817
34.54,113.10045630484669,0.42569813
34.55,112.40198524119447,0.2786369
34.56,114.37012659958826,0.17965393
34.57,117.01340889765534,0.08966207
34.58,119.65936623230063,0.10821536
34.59,123.58806821990468,0.05227831
34.6,123.77336600757604,0.066663384
34.61,125.33486136000137,0.046869844
34.62,128.79342824222095,0.034445215
34.63,132.9047031158805,0.057849046
34.64,136.3185736082373,0.07758898
34.65,137.75419007244952,0.005428812
34.66,134.33674716205633,0.7457567
34.67,134.14289748701867,0.86172134
34.68,133.93079872164114,0.91858053
34.69,134.15474498961424,0.9442248
34.7,134.66633680240435,0.946649
34.71,134.7834605624387,0.91856164
34.72,134.31967639238675,0.89428455
34.73,133.15973051877302,0.8587251
34.74,132.19571664889992,0.7819294
34.75,130.94907189898876,0.6325625
34.76,125.50666488449174,0.5573966
34.77,124.31162323987687,0.77699435
34.78,132.41428666693733,0.5471608
34.79,137.14332372818095,0.46381992
34.8,143.76521797010008,0.6057158
34.81,145.71739421573787,0.7943348
34.82,148.27304661364974,0.80302465
34.83,154.2962857937469,0.60439146
34.84,159.80038570215666,0.63034475
34.85,165.04217796485278,0.76371115
34.86,168.76189799416386,0.6102057
34.87,172.2634362194572,0.43717244
34.88,181.72269133294571,0.24991259
34.89,193.52772990046492,0.3349991
34.9,201.30086479412307,0.50314295
34.91,207.37307048445695,0.5625176
34.92,221.56077073957755,0.35168773
34.93,227.640136513551,0.23978773
34.94,232.15736623402012,0.14417762
34.95,239.97390256553933,0.15281059
34.96,245.04983204945427,0.28039983
34.97,250.19663131341122,0.6146611
34.98,254.50171436200733,0.70448184
34.99,255.8236743892632,0.5818716
35.0,261.71550141635055,0.36894298
35.01,266.4555983966946,0.18729328
35.02,265.61317622079036,0.18723722
35.03,246.92766914033103,0.2880147
35.04,245.46108245649594,0.15943654
35.05,228.9259926682195,0.4353351
35.06,225.74824027115667,0.5860046
35.07,221.7370478832658,0.6546231
35.08,217.4123294220978,0.5170283
35.09,214.5295945996994,0.7785426
35.1,215.10756363850564,0.79803956
35.11,219.74867136149038,0.6559292
35.12,229.1286976405703,0.5521479
35.13,235.96898704430814,0.52323455
35.14,265.9932383993116,0.2682411
35.15,304.0207200919599,0.56032807
35.16,333.3162967370296,0.7550086
35.17,335.70289224248893,0.7861413
35.18,344.0029351114336,0.7196347
35.19,350.77756226278274,0.73281497
35.2,358.4882688953501,0.74295187
35.21,357.4184649645342,0.88582325
35.22,357.6430423590077,0.92897683
35.23,357.64527028816826,0.96495205
35.24,354.9508375029229,0.9567351
35.25,348.3397923917027,0.8645191
35.26,339.4009153355659,0.9471011
35.27,337.6418138276515,0.9536768
35.28,344.1768882787459,0.8082322
35.29,353.7575640894415,0.9152014
35.3,356.9313978423208,0.8655189
35.31,365.9450767970826,0.78083175
35.32,376.5527498592369,0.7215298
35.33,385.770515104085,0.8657721
35.34,391.0038137590223,0.8849416
35.35,395.7067162885556,0.8913465
35.36,397.3235490401662,0.92863995
35.37,396.42960565314183,0.88645416
35.38,393.3911130790535,0.7782205
35.39,384.7622099640927,0.4222716
35.4,342.4141339047923,0.3251592
35.41,347.61540185265295,0.425068
35.42,338.04467418551644,0.3684405
35.43,295.686570803746,0.29171214
35.44,269.36744487663225,0.47687483
35.45,244.99309455500565,0.2938325
35.46,220.3244513355529,0.31139684
35.47,203.44686315874927,0.35149163
35.48,187.31770444977786,0.49505693
35.49,182.81773016221675,0.49036476
35.5,173.85963521141167,0.60644394
35.51,170.36628127786642,0.39557147
35.52,176.61668326507146,0.13780521
35.53,166.44230025421447,0.21089058
35.54,156.85681320435629,0.30612364
35.55,145.53707251037457,0.12472677
35.56,147.16723847179804,0.24563292
35.57,156.23026974334283,0.13549274
35.58,159.06260531827905,0.28929037
35.59,165.840976950236,0.7286617
35.6,167.2752111226053,0.6405227
35.61,176.90827852870717,0.5329326
35.62,178.0447293151858,0.6075383
35.63,176.87711319088186,0.19000955
35.64,196.8702553838093,0.49183834
35.65,217.736766536919,0.09781062
35.66,242.19668739194222,0.050920997
35.67,266.83068886657236,0.26552537
35.68,301.1575405413674,0.42433512
35.69,323.206599829087,0.5984904
35.7,331.1674424149242,0.8981833
35.71,332.1499301638335,0.9171411
35.72,331.5072671903273,0.913829
35.73,330.42377983714425,0.8051651
35.74,331.8377497588791,0.71237725
35.75,331.38522046481484,0.42747968
35.76,331.43292448272825,0.44551286
35.77,343.3413128610633,0.20115593
35.78,353.76576583555754,0.29338032
35.79,327.52546750547924,0.19557922
35.8,348.59773426021127,0.20524545
35.81,345.9370253795968,0.290055
35.82,346.3596239205053,0.39613557
35.83,344.9109775219639,0.46199146
35.84,331.7700363958442,0.37034613
35.85,295.8580575203231,0.24596803
35.86,295.1751143406143,0.40928254
35.87,294.59813410232874,0.32998773
35.88,301.65832585543586,0.42241535
35.89,318.08601188405567,0.5048361
35.9,328.25117632753734,0.7296572
35.91,331.7953642601507,0.844196
35.92,333.77128995216196,0.86030036
35.93,335.49721451723474,0.80028206
35.94,335.4432096244959,0.75865185
35.95,336.0947273374853,0.7825512
35.96,334.3367377716921,0.8709125
35.97,332.7037415658956,0.84870166
35.98,333.2912918136602,0.8963157
35.99,335.02451736975394,0.90209186
36.0,335.31040921101516,0.90018326
36.01,332.4490592647806,0.85398793
36.02,327.15738527877716,0.87331593
36.03,324.19079617091626,0.8846331
36.04,327.0197876408282,0.84228927
36.05,331.71032709778507,0.7356486
36.06,346.2163477707295,0.5391074
36.07,352.4013428472932,0.6242513
36.08,365.891484619196,0.47217298
36.09,387.42143194468906,0.7278527
36.1,391.5707029126335,0.84177595
36.11,395.9115770111025,0.74666286
36.12,403.0247869982476,0.6458931
36.13,403.0788693436491,0.6463871
36.14,399.66883670426387,0.6967229
36.15,401.2969979383312,0.62048066
36.16,367.74764291872316,0.5348356
36.17,328.15750894621914,0.17379794
36.18,291.78858226553047,0.4199631
36.19,284.9586034071147,0.8582171
36.2,283.7096331797034,0.9413973
36.21,284.68209986699287,0.90688956
36.22,288.2406668259063,0.80821794
36.23,294.89007192480335,0.4886801
36.24,328.71899806348426,0.40083495
36.25,353.65409622391735,0.449931
36.26,389.98372253229934,0.3635623
36.27,401.9829343202867,0.6741246
36.28,406.5486355431687,0.88675654
36.29,406.96990373170735,0.9036737
36.3,400.619227167094,0.7662942
36.31,391.6302130005016,0.7520759
36.32,381.8280987475484,0.6923853
36.33,370.1427542867017,0.5346052
36.34,357.5679060417799,0.5918974
36.35,348.53124048493794,0.37119633
36.36,311.1344259205064,0.44331503
36.37,315.69838590415225,0.2771469
36.38,351.8310643151293,0.1279663
36.39,386.4656352819508,0.2544926
36.4,354.2205730267485,0.41489878
36.41,343.37797521526574,0.47455993
36.42,345.7862302460483,0.5855723
36.43,347.4248027302924,0.58183104
36.44,341.2523706328216,0.44080782
36.45,303.3226876344711,0.7155681
36.46,299.48685886868515,0.67770946
36.47,298.1846082937949,0.7512649
36.48,300.2409821358404,0.5730358
36.49,310.5532763722939,0.71207184
36.5,316.97964571969425,0.7090703
36.51,334.6116099381738,0.7143442
36.52,342.40250503895203,0.7889692
36.53,350.78759996026815,0.7485706
36.54,364.9180392592458,0.66710573
36.55,375.9633198727945,0.75271136
36.56,377.7040566022022,0.82378817
36.57,376.6787415404891,0.7501578
36.58,373.53006561252687,0.5637551
36.59,352.33411299459357,0.49837163
36.6,342.13470493736247,0.47683147
36.61,330.77005310831817,0.3821898
36.62,292.329574224221,0.63531005
36.63,290.4369927891508,0.8940594
36.64,292.6849411064841,0.8123302
36.65,297.8643860254766,0.75954485
36.66,304.54236298803454,0.633622
36.67,321.64143768958604,0.32891482
36.68,331.56788128458686,0.49722296
36.69,349.4880472414684,0.28864348
36.7,388.89268810516523,0.7635822
36.71,401.2427510326551,0.8812084
36.72,398.27259076527446,0.8279176
36.73,391.61369216087144,0.81214404
36.74,387.22062237967214,0.7596607
36.75,385.42321254950093,0.5720321
36.76,360.0616407510961,0.62331516
36.77,317.6483824290232,0.18404558
36.78,294.25163062674443,0.36018983
36.79,289.32791023439177,0.63479626
36.8,283.67020280182106,0.6819582
36.81,282.1853906205606,0.6070301
36.82,277.4698528034779,0.3824801
36.83,274.77276748525134,0.5002771
36.84,275.04395949498013,0.5752325
36.85,270.0865447771567,0.40500322
36.86,291.28904633710056,0.1407255
36.87,289.7196114802018,0.041106503
36.88,293.2917566543512,0.3348025
36.89,286.4945622704805,0.4537153
36.9,280.71888769019574,0.5870792
36.91,280.18501441819785,0.74782664
36.92,281.7460693875107,0.8489464
36.93,284.48706308283454,0.75433046
36.94,289.1493079812709,0.7365065
36.95,294.3117446428337,0.69175774
36.96,299.696237040596,0.5979708
36.97,300.124641804315,0.60909176
36.98,290.41548532938566,0.47896892
36.99,284.18976091148335,0.61961114
37.0,280.5818051021821,0.45989007
37.01,293.6268763630597,0.32391876
37.02,288.1032329240262,0.46985537
37.03,292.125097418083,0.5646275
37.04,298.8797108640458,0.717766
37.05,302.10628245680243,0.8611582
37.06,300.84570684309983,0.82142353
37.07,301.57331406141765,0.77596015
37.08,306.5272704385948,0.7140178
37.09,332.5894643994863,0.34716973
37.1,346.90100972471737,0.5151826
37.11,377.11878636291726,0.38617918
37.12,385.9737204329359,0.79684895
37.13,393.7844587653615,0.8390559
37.14,397.3953984496746,0.85487306
37.15,397.43663273489204,0.82784027
37.16,393.73271278162224,0.7266835
37.17,381.0875446287131,0.6453789
37.18,368.74950550670144,0.7564322
37.19,363.98469937380304,0.76662105
37.2,363.2690795263479,0.78455657
37.21,363.27954453575586,0.7790325
37.22,361.43682945272167,0.78754
37.23,357.58581647092853,0.69814736
37.24,350.2534496603406,0.69559675
37.25,341.4268591414588,0.45190462
37.26,340.2483136445838,0.40805432
37.27,344.94178940274253,0.21101598
37.28,348.39724183752764,0.5351089
37.29,355.16618588463007,0.5652235
37.3,362.6599667270193,0.7968401
37.31,363.56467399732026,0.59645784
37.32,359.63480263998247,0.27073178
37.33,357.79337135257106,0.50184464
37.34,366.977695706476,0.32793894
37.35,406.44925753445847,0.06372085
37.36,419.7772091603076,0.45221964
37.37,460.3029057845819,0.210902
37.38,491.21320350556374,0.25698578
37.39,490.8341203420797,0.14012507
37.4,456.13381163796873,0.04065423
37.41,427.4755742344439,0.031768963
37.42,431.1329185213059,0.095694
37.43,425.40751472115033,0.052669536
37.44,424.88683296448664,0.0343674
37.45,417.6000587908259,0.072686285
37.46,395.93404210656337,0.19157305
37.47,357.7133582420398,0.3222007
37.48,354.5203631042164,0.3749551
37.49,355.6129551705154,0.44507435
37.5,356.0337773121222,0.5631587
37.51,357.0852284426482,0.42595363
37.52,320.36226015645707,0.24979661
37.53,284.7863436287699,0.22431275
37.54,257.7426362855089,0.4158412
37.55,220.70779775154674,0.46268436
37.56,205.0825198178666,0.35168868
37.57,216.456321356832,0.3194505
37.58,219.70783034953487,0.30271617
37.59,222.13342657041846,0.3621545
37.6,241.5638265779596,0.3512828
37.61,242.88612113555732,0.38692978
37.62,242.32863517330742,0.4871638
37.63,247.67709004819022,0.48742807
37.64,251.3599688310802,0.69946826
37.65,250.26560055850734,0.7119682
37.66,243.46231694263003,0.7049818
37.67,233.77122196405685,0.7246103
37.68,229.25431180199445,0.78903514
37.69,235.71145968274593,0.41196024
37.7,239.64166831420758,0.37343735
37.71,237.35929727426478,0.24918891
37.72,233.378620395228,0.30137563
37.73,233.21552150581553,0.5064501
37.74,235.39289023854957,0.46236604
37.75,236.02676826342423,0.7078486
37.76,234.70118708725425,0.77419436
37.77,232.2262650198453,0.8025304
37.78,231.0251943930436,0.8353252
37.79,231.0910717198757,0.8611954
37.8,232.22270569702462,0.8620625
37.81,233.36969118141434,0.88961285
37.82,234.4239343222259,0.89551234
37.83,235.64026261869145,0.86297995
37.84,237.1478608744739,0.90781116
37.85,237.6045930145153,0.91367674
37.86,237.99944852234543,0.89404464
37.87,238.20577515344695,0.8851721
37.88,238.4042805739736,0.8531717
37.89,239.35336470666985,0.8211525
37.9,240.76793391950196,0.73085237
37.91,243.9550538499462,0.72931135
37.92,246.7932980015161,0.7561797
37.93,247.5866056316156,0.6862988
37.94,248.73371808435405,0.5198013
37.95,248.91883484277724,0.5888963
37.96,248.59907376831288,0.6319972
37.97,248.00017633579574,0.6513439
37.98,247.49508177804034,0.64409643
37.99,247.0847952617656,0.5655236
38.0,246.8492346259147,0.6998646
38.01,246.22012481471415,0.80075204
38.02,244.97013156412555,0.8450862
38.03,243.05802253834804,0.84177613
38.04,239.55243912371813,0.6893283
38.05,238.8579876947182,0.6556839
38.06,246.09240212296058,0.45036063
38.07,253.29536589810948,0.40674862
38.08,259.61736558240807,0.6280676
38.09,261.74477874174465,0.8052792
38.1,261.28034275494645,0.8479408
38.11,261.4995343222458,0.88338
38.12,262.2632428167661,0.8915553
38.13,263.2508844958813,0.8223076
38.14,265.22647384395304,0.69529593
38.15,265.4829571893452,0.5127734
38.16,239.2564548003855,0.39260736
38.17,225.4603271450034,0.55960584
38.18,218.49125656672345,0.5419939
38.19,210.67179956684268,0.6153669
38.2,209.46099250616012,0.62417716
38.21,190.1084353830717,0.26275048
38.22,172.50716253797424,0.47646615
38.23,153.05793688270552,0.5463509
38.24,133.882906019875,0.71540993
38.25,121.02072296832847,0.80254513
38.26,120.59144885689508,0.8449331
38.27,119.90395531381128,0.8812972
38.28,119.46193455874962,0.8741612
38.29,118.81887696803815,0.8041122
38.3,118.23924562245946,0.6324427
38.31,117.29140490863304,0.2366212
38.32,116.3253049643847,0.255443
38.33,116.930407253229,0.26579207
38.34,117.8686536349751,0.44719514
38.35,117.84164566654258,0.7014168
38.36,118.27522430306573,0.51054347
38.37,118.55384167732083,0.8363877
38.38,119.44588242258193,0.8455404
38.39,120.05169625469426,0.83704
38.4,120.35125181200027,0.80709195
38.41,120.83818060915169,0.8793754
38.42,121.90182824881211,0.90656996
38.43,122.11330703890673,0.9243875
38.44,122.09441505907694,0.9204893
38.45,122.47708972352045,0.9010921
38.46,132.8170073418978,0.86302036
38.47,154.73601046806382,0.79995924
38.48,171.18097385184126,0.8031229
38.49,198.76470253533273,0.6994409
38.5,226.45136917300138,0.4448795
38.51,245.421134387328,0.54207104
38.52,251.3795915475534,0.7778541
38.53,257.4851473510553,0.8822929
38.54,260.8846027090271,0.89113295
38.55,263.2840134158232,0.91211087
38.56,264.2982014952881,0.8778945
38.57,263.9910230464121,0.9062829
38.58,261.7891825441446,0.94164145
38.59,259.4094836549396,0.94390297
38.6,256.99624716051073,0.9627155
38.61,255.6381847856672,0.9459848
38.62,254.57958911341962,0.83940375
38.63,254.1145848455048,0.7295384
38.64,252.30242565878356,0.7491857
38.65,250.4779394913359,0.7593464
38.66,248.9843684287095,0.72144085
38.67,247.71043761169878,0.7137784
38.68,248.39542482296028,0.6318788
38.69,249.099156453895,0.55680174
38.7,250.7092307634329,0.59125894
38.71,254.50744576957732,0.7154484
38.72,255.55181199157457,0.82248724
38.73,256.2366583857288,0.864724
38.74,258.0300551228894,0.8045271
38.75,259.4996924597425,0.8392385
38.76,259.89650564774286,0.90496254
38.77,259.1954494059705,0.9340474
38.78,257.9598348337714,0.917111
38.79,255.2207698500263,0.90177727
38.8,253.3604427956813,0.93824947
38.81,251.9207175874322,0.92050844
38.82,251.05542894726852,0.9252905
38.83,248.58587150577074,0.8878709
38.84,246.99226122638325,0.90553695
38.85,246.76417516470408,0.907402
38.86,248.53749474068235,0.92568994
38.87,252.77423741595496,0.84484833
38.88,255.25387694104347,0.8795091
38.89,255.89589914795565,0.90249974
38.9,257.664032079804,0.81235534
38.91,261.7552435997288,0.58903164
38.92,264.16559648001663,0.65440845
38.93,262.61702635361223,0.7012796
38.94,259.0331648681989,0.6665154
38.95,252.91728122915,0.7691452
38.96,248.61940438564656,0.88444453
38.97,245.36907848795505,0.9127312
38.98,242.16886766606677,0.95403063
38.99,240.88995800837688,0.95395947
39.0,241.96138619887802,0.971333
39.01,243.0711313850917,0.931252
39.02,245.02725793036808,0.78561807
39.03,249.29668910923297,0.635137
39.04,253.80981282703243,0.50377446
39.05,263.16323066220735,0.50079954
39.06,246.34411297861948,0.41968137
39.07,243.07458780602423,0.5867648
39.08,245.83501507109347,0.4679461
39.09,245.12889407843556,0.42295343
39.1,246.24841586525952,0.18222396
39.11,261.5477818352632,0.06465515
39.12,290.75612348279003,0.15540223
39.13,303.60779162006696,0.11402104
39.14,306.14549051284473,0.24142914
39.15,291.9907556343831,0.16621599
39.16,265.4794460902111,0.2711577
39.17,263.2476738932888,0.1507336
39.18,263.6689416451369,0.10626999
39.19,262.7262775289774,0.11345192
39.2,261.95208608854347,0.11747971
39.21,260.899350141576,0.2214531
39.22,241.38012450776856,0.3448423
39.23,238.55419797033215,0.4149866
39.24,239.92331101467332,0.47014835
39.25,243.7396967359729,0.32334
39.26,244.73779656304413,0.2923342
39.27,245.23342966268484,0.10054458
39.28,255.26857574451606,0.18848543
39.29,259.2306971289233,0.27459455
39.3,262.23872880514523,0.30710158
39.31,272.79105973117953,0.08688485
39.32,277.2055978081722,0.34765583
39.33,277.2984211350616,0.2751891
39.34,249.98807188234494,0.3125966
39.35,245.68908109874738,0.13765842
39.36,242.807272064457,0.17346734
39.37,240.70031028719967,0.40051568
39.38,240.40603779716062,0.31198725
39.39,244.16096746169308,0.34667087
39.4,244.99734757193252,0.4672503
39.41,247.28241422644794,0.28777385
39.42,247.10965948669985,0.06419247
39.43,245.65836178461606,0.04873933
39.44,241.32370643292552,0.12931614
39.45,239.27054426174467,0.15925908
39.46,238.26325897467973,0.28482395
39.47,231.8735057861433,0.3765999
39.48,223.01516302230468,0.33920604
39.49,220.6836094395663,0.3911833
39.5,222.18515251675345,0.68334466
39.51,226.06433357174464,0.41374612
39.52,234.98749900042483,0.12328199
39.53,251.4437849432214,0.12694997
39.54,262.6116989790447,0.22895099
39.55,275.92999244229867,0.25248072
39.56,288.2351093146054,0.60665554
39.57,297.5998559794672,0.6351738
39.58,305.4116052526797,0.6505563
39.59,311.107348876469,0.6248461
39.6,317.706192814151,0.48787826
39.61,325.59462985150356,0.51830417
39.62,329.1378053844104,0.65782964
39.63,328.93936031631256,0.67533773
39.64,327.9697942295119,0.5864368
39.65,328.45808247382143,0.44006866
39.66,331.0121683218604,0.3849576
39.67,342.9850947865417,0.7343962
39.68,347.7412937894093,0.76777947
39.69,348.37900432044125,0.8146861
39.7,347.76636898232283,0.79218125
39.71,342.71936514898243,0.74102795
39.72,336.1260275522654,0.90334547
39.73,335.0694344958328,0.95735776
39.74,336.52725479420207,0.91730183
39.75,341.41287835115014,0.85927105
39.76,349.226009636481,0.8344798
39.77,358.1116669176329,0.6858362
39.78,373.0615725019517,0.7919396
39.79,377.22499738300303,0.9035702
39.8,376.024215616746,0.9398312
39.81,373.8616992746943,0.858545
39.82,371.0967183719491,0.7529493
39.83,360.7016569333404,0.5546543
39.84,351.729456705851,0.65673995
39.85,339.61899545653694,0.6987355
39.86,330.95805639344246,0.75057673
39.87,321.5230335643479,0.4614286
39.88,304.3173749305221,0.38516235
39.89,291.55769735614297,0.41736695
39.9,276.5580383092221,0.42444518
39.91,274.62921109694526,0.39307147
39.92,272.95670887640233,0.14759532
39.93,266.870885916611,0.32863414
39.94,266.75060896181554,0.3935374
39.95,266.9829582216453,0.30429304
39.96,266.8627088554441,0.039557356
39.97,260.77456251328323,0.018957648
39.98,250.70263742715144,0.055823352
39.99,240.72540537328965,0.044959582
40.0,232.63251256284337,0.11199148
40.01,232.78754430170952,0.37437752
40.02,235.9643901632807,0.56248647
40.03,237.03877088176245,0.74821085
40.04,239.03172782639558,0.85393417
40.05,241.7119469782669,0.90660536
40.06,246.0419306819405,0.8488096
40.07,251.24436409610226,0.88655317
40.08,256.13944461414354,0.8670197
40.09,265.63127007073524,0.7951453
40.1,272.3647071649328,0.9025912
40.11,304.7980110061799,0.7654662
40.12,338.992452093477,0.26692992
40.13,344.87056256264117,0.5729728
40.14,345.61293398125065,0.70244944
40.15,347.46409809627346,0.7886587
40.16,349.02001687147157,0.7756519
40.17,348.0037966250736,0.65800375
40.18,320.10021497266814,0.3833405
40.19,285.5316517424759,0.35503855
40.2,278.1112944763542,0.42064404
40.21,267.74098061447796,0.33490223
40.22,245.16533815367237,0.3073519
40.23,236.53596083855973,0.4034673
40.24,236.4609054949068,0.23278238
40.25,238.23864877448986,0.5573972
40.26,238.27070302518388,0.40573114
40.27,235.82636193927866,0.3766666
40.28,237.85674893038174,0.2418962
40.29,239.54548496779165,0.22516307
40.3,241.06799711667236,0.16262205
40.31,237.15256914614054,0.12956634
40.32,235.33970472454536,0.1984941
40.33,206.6764182400183,0.18465252
40.34,216.581133618458,0.2156094
40.35,238.2246171453237,0.12202449
40.36,246.62577873486953,0.20173287
40.37,258.0280768940061,0.15468496
40.38,268.16882165639635,0.15891096
40.39,297.5849812727064,0.22011763
40.4,306.1138105891079,0.54868627
40.41,315.1708886809333,0.4654378
40.42,330.5485539819986,0.8215636
40.43,335.37473920197147,0.90418774
40.44,339.3182767260363,0.9294485
40.45,344.1001911254075,0.8744411
40.46,347.2028735212274,0.9290846
40.47,350.28158250810094,0.9443351
40.48,353.24358542350234,0.94035333
40.49,356.596940050655,0.891897
40.5,358.4679737385073,0.9247815
40.51,358.1613065575135,0.90386873
40.52,356.6350220594643,0.87259
40.53,354.59829317754657,0.9130292
40.54,351.60584278602494,0.8602783
40.55,349.2546713879567,0.7717196
40.56,341.35080014866304,0.55518633
40.57,328.90806012710533,0.6446977
40.58,330.77614254625485,0.7161124
40.59,338.1823434510792,0.5816123
40.6,346.92537496374143,0.7235841
40.61,350.4310538277886,0.8825752
40.62,350.3617714120594,0.9159614
40.63,348.8001464035369,0.87673104
40.64,345.15964446286,0.88928175
40.65,345.8845574948571,0.92198926
40.66,347.6370113131313,0.89772815
40.67,348.5152391789421,0.9025997
40.68,348.47922356195517,0.90920645
40.69,348.5646155607696,0.9131026
40.7,349.59545173515494,0.91887546
40.71,351.11797321541076,0.9333688
40.72,352.74315262065664,0.94907415
40.73,353.5667512015098,0.9624299
40.74,354.83170531480886,0.957017
40.75,356.41299812307545,0.9210261
40.76,357.02953255772684,0.91028416
40.77,357.2654409478007,0.9117491
40.78,356.97852929931287,0.86980253
40.79,356.6701889330218,0.8165581
40.8,354.9277957642635,0.8403213
40.81,353.32967525154993,0.7885631
40.82,354.6344415812769,0.72280794
40.83,357.7771409692907,0.7146657
40.84,359.5475941065984,0.63701576
40.85,358.0421847996508,0.39687154
40.86,351.6620190237356,0.09466475
40.87,351.03985052860907,0.29061377
40.88,350.6356633594453,0.36875093
40.89,350.91134840917005,0.44204155
40.9,351.860470648994,0.49821764
40.91,353.898593412446,0.5467208
40.92,354.64810251412155,0.5272006
40.93,359.6974752825496,0.42752045
40.94,360.6398264008253,0.50849193
40.95,357.7058962454865,0.7250495
40.96,353.2681891938734,0.8334266
40.97,350.3842978162708,0.75104237
40.98,348.34193597407864,0.7346794
40.99,349.5408711083781,0.6297747
41.0,351.30739162017363,0.5190529
41.01,355.4681836846971,0.31681356
41.02,356.26255564767666,0.20423417
41.03,355.95604053698247,0.12043934
41.04,354.32721582922056,0.43625727
41.05,352.5634551687253,0.37831667
41.06,349.09514925195265,0.37320203
41.07,348.80446187796787,0.33744758
41.08,346.1602531407734,0.37629056
41.09,350.2172411178434,0.56246555
41.1,353.7922105784094,0.6518364
41.11,356.94302241684227,0.6583297
41.12,354.1255280619108,0.68439394
41.13,353.615564666392,0.44137657
41.14,348.58406164055737,0.13720389
41.15,340.8298470288849,0.05132593
41.16,337.3360429463303,0.10274319
41.17,335.8866249527001,0.14380029
41.18,332.9394208189166,0.21600759
41.19,327.1424401206164,0.07087425
41.2,327.7487051449768,0.50090516
41.21,328.77547469574074,0.41978824
41.22,308.850669289037,0.46168086
41.23,284.01947997935076,0.4648328
41.24,260.2584661663444,0.24187444
41.25,242.4928057277126,0.19972287
41.26,221.2461664620106,0.12360482
41.27,227.35388157317294,0.4953148
41.28,241.7416008319415,0.57549715
41.29,246.44542874401645,0.22107928
41.3,272.946221103683,0.25496373
41.31,300.18090717157133,0.21873601
41.32,302.51199052201565,0.315989
41.33,330.5701476979153,0.4401213
41.34,337.06694627620067,0.65334356
41.35,348.48177414760613,0.69416016
41.36,352.2968987762051,0.5167659
41.37,388.1837336855188,0.847448
41.38,387.4209007242095,0.8509841
41.39,384.55591170975373,0.8321292
41.4,380.7470887263455,0.69164586
41.41,374.763582642477,0.38569626
41.42,351.22912349942396,0.3826706
41.43,324.2448466814164,0.6871107
41.44,319.7485600536158,0.824235
41.45,316.0592140318581,0.6168413
41.46,329.2157562417102,0.32090792
41.47,336.73015706550405,0.5323496
41.48,342.2878764979432,0.6680546
41.49,348.21321715061197,0.83404744
41.5,349.9757338659549,0.9146301
41.51,351.9638704818874,0.9006664
41.52,353.0509003222307,0.9328995
41.53,356.0417056132056,0.9058841
41.54,360.3597469122581,0.8134422
41.55,366.23891699492367,0.9206643
41.56,366.5861752419771,0.8831251
41.57,360.99048752877815,0.6829786
41.58,353.4566858161674,0.863332
41.59,349.9377317594459,0.89528877
41.6,345.2960351644302,0.85627407
41.61,340.03320963915394,0.7279722
41.62,331.3305769809329,0.75631464
41.63,325.82154149221964,0.86241364
41.64,323.43348879840215,0.8802945
41.65,320.8152002783087,0.78317034
41.66,320.4075632621832,0.5824348
41.67,301.7721224295557,0.42521727
41.68,269.7334662471805,0.35323232
41.69,264.63765128455304,0.26149258
41.7,245.32016969510966,0.19531563
41.71,237.73162727464208,0.18196562
41.72,230.6790851287534,0.3489367
41.73,221.96050372465766,0.2200047
41.74,206.04006624247978,0.10467203
41.75,196.31504017531267,0.1072117
41.76,186.75101987953735,0.17609179
41.77,175.83350724364618,0.25866526
41.78,169.69815801107427,0.34949866
41.79,165.50623691637298,0.6199844
41.8,164.40848215853717,0.6476373
41.81,165.3256785221046,0.519077
41.82,168.60557195236203,0.59316874
41.83,171.44115584179363,0.73441756
41.84,174.73256722648136,0.7731956
41.85,180.08084327504844,0.6839246
41.86,188.7327799709908,0.42808267
41.87,194.72935458333245,0.5953867
41.88,215.11299434944658,0.15730141
41.89,241.3978274904095,0.30297673
41.9,250.57790559082977,0.22377698
41.91,267.2252552019263,0.22515933
41.92,286.1180366747536,0.30909973
41.93,315.9256080308525,0.49713033
41.94,324.38985378145594,0.37638435
41.95,350.094047109678,0.5263714
41.96,358.9604302426773,0.2543057
41.97,397.72717112696284,0.1391175
41.98,359.58280798418446,0.33685097
41.99,354.7995338380773,0.57392836
42.0,347.90783903891145,0.8187436
42.01,347.51732141453346,0.9051847
42.02,348.6685336786944,0.7485867
42.03,349.6418038752361,0.57570225
42.04,355.0657013664638,0.46441996
42.05,387.20526739529566,0.749592
42.06,388.59231779619245,0.82801384
42.07,386.4127654297568,0.6945239
42.08,376.449832259386,0.6631609
42.09,371.1868947521575,0.691732
42.1,363.9923264954023,0.73110896
42.11,358.8223831392744,0.7766801
42.12,351.8413610236065,0.63822985
42.13,350.6405688007695,0.621514
42.14,353.0950178108708,0.44691563
42.15,358.996324303489,0.5448199
42.16,370.0374400753214,0.5330929
42.17,373.3514226969194,0.5015781
42.18,375.97310340461286,0.6580616
42.19,375.9126897628536,0.84453183
42.2,374.37885773438177,0.8193647
42.21,372.1402973201381,0.76813114
42.22,367.9918687342974,0.5908912
42.23,357.91097158091543,0.6585665
42.24,350.79526613896473,0.73280954
42.25,346.9099831337099,0.5047639
42.26,307.96731796027177,0.5938503
42.27,302.5065208578062,0.54736704
42.28,302.45264969780555,0.52623075
42.29,303.19161505926695,0.37877017
42.3,330.4819053509619,0.5244346
42.31,342.8530946464084,0.32571363
42.32,347.900584177853,0.3093953
42.33,334.042276104509,0.43549728
42.34,310.7043304147029,0.38593134
42.35,324.5895285840334,0.6590997
42.36,339.28128818737633,0.46499726
42.37,348.2164586911751,0.37010238
42.38,359.82810941621756,0.34585205
42.39,361.8926634538007,0.46375847
42.4,367.17252138805543,0.6613358
42.41,367.6625011992031,0.72125614
42.42,364.5092818513393,0.7198877
42.43,360.37763292467946,0.68338513
42.44,357.0102142842654,0.5539495
42.45,344.09346240390005,0.44797397
42.46,349.79508409043484,0.6485947
42.47,354.9040093504152,0.9287972
42.48,356.4039062844755,0.92937034
42.49,357.7601196237313,0.9587495
42.5,359.34110524793715,0.96485436
42.51,359.20150046638923,0.96187156
42.52,360.47083577655326,0.9095236
42.53,364.7145790163629,0.8734243
42.54,368.736469819928,0.9036531
42.55,368.21883796435725,0.9406225
42.56,366.5429654803082,0.9473915
42.57,364.26504000373666,0.91124403
42.58,362.01643360161876,0.94560134
42.59,361.03199039256316,0.93405557
42.6,361.02115829132924,0.9409231
42.61,361.7203435501346,0.94360566
42.62,363.4938935134729,0.93121356
42.63,364.4752066339552,0.8999894
42.64,362.5335084823264,0.89292955
42.65,355.5769153075047,0.9219209
42.66,351.3544281613905,0.95930874
42.67,350.5632381994212,0.9757742
42.68,350.27091328069196,0.97450656
42.69,348.0580949316914,0.9363009
42.7,344.8716745207378,0.9395048
42.71,340.7647462056101,0.89222544
42.72,337.4638716305731,0.9101708
42.73,336.2313849201083,0.91282004
42.74,337.29633192331653,0.8819913
42.75,341.7778101508021,0.8731051
42.76,346.05880608842,0.9499436
42.77,350.84072907805074,0.9500187
42.78,355.4132613419192,0.9293715
42.79,359.58673285331236,0.9294873
42.8,361.96942456426973,0.9320079
42.81,363.44017017901695,0.93040484
42.82,363.6234101508907,0.9354031
42.83,363.13980213021176,0.9382352
42.84,361.6411532355262,0.92137367
42.85,356.9289831694885,0.91004544
42.86,352.7042261094022,0.910643
42.87,349.95165497753896,0.9412994
42.88,346.154324374786,0.9135517
42.89,340.2889423601317,0.9079712
42.9,338.23864382488193,0.9465034
42.91,340.07816148722776,0.9143636
42.92,342.5216545397635,0.93189704
42.93,345.4970520871758,0.9526235
42.94,348.9034108142449,0.9601941
42.95,350.8200525020309,0.96301377
42.96,358.04716620583383,0.79974276
42.97,365.0077664963799,0.8984476
42.98,362.91015999093656,0.95335543
42.99,361.37157872385785,0.9636303
43.0,360.37047475503465,0.9466724
43.01,358.21510100310684,0.97612077
43.02,355.9010447896887,0.9649809
43.03,354.5973802012879,0.979157
43.04,353.7340633382456,0.97761464
43.05,352.43420058058183,0.95684886
43.06,350.818019965546,0.9747552
43.07,350.11669247369326,0.97831076
43.08,350.41411463568573,0.97600716
43.09,351.86473984727104,0.95838976
43.1,354.0590673101861,0.9719239
43.11,356.01777323490785,0.95492464
43.12,358.966933081935,0.9496798
43.13,367.0878891971947,0.8664496
43.14,375.90571973830004,0.9335442
43.15,378.5081062140543,0.94461507
43.16,378.64372323064316,0.95609814
43.17,378.022303360814,0.94038916
43.18,376.35756125046066,0.958618
43.19,371.98245350607124,0.9220478
43.2,364.8694701693128,0.88273877
43.21,355.90347469523545,0.92093354
43.22,350.4185903357412,0.95674825
43.23,345.7935214802265,0.9435767
43.24,342.361157065776,0.9527609
43.25,339.89445186539183,0.9381871
43.26,337.3926306946897,0.9511367
43.27,337.5348523325457,0.9417904
43.28,341.2500445650693,0.86813885
43.29,349.1473988103985,0.93962926
43.3,354.45152641715225,0.95300126
43.31,360.5613186033264,0.8658665
43.32,370.49323436773557,0.89319295
43.33,375.1500106854667,0.92295015
43.34,376.3032568611535,0.94871914
43.35,377.20778297097957,0.9473191
43.36,376.2447000581517,0.95533895
43.37,371.2759317438579,0.94659764
43.38,366.45670813443326,0.95792985
43.39,361.10349800295023,0.9295378
43.4,354.50267101434207,0.9672533
43.41,349.63277487544843,0.9388877
43.42,344.69546815547403,0.9137379
43.43,341.8277155311624,0.93350476
43.44,338.07334001596973,0.93426555
43.45,337.2027318397059,0.9526032
43.46,337.78969873324746,0.9606977
43.47,338.25830421948666,0.92359656
43.48,346.47973784967684,0.55000824
43.49,362.33910051154226,0.8683926
43.5,365.42157761177145,0.9269996
43.51,369.1654038941625,0.88668203
43.52,372.1093553362615,0.9207501
43.53,372.3056993272339,0.92136556
43.54,371.55364660854184,0.95328754
43.55,370.9593027046771,0.960206
43.56,369.9321219539363,0.9484538
43.57,366.4162909788299,0.94479924
43.58,359.865042361045,0.88547194
43.59,353.0177423990475,0.9462343
43.6,348.8078185231387,0.9385727
43.61,344.98165946318977,0.9298345
43.62,341.6710141962755,0.9200705
43.63,339.77577944139824,0.8963193
43.64,339.3607329913181,0.9216373
43.65,340.34016118604075,0.9190521
43.66,343.5345718497127,0.91093683
43.67,348.5488338270508,0.92952806
43.68,354.33776496480243,0.9164402
43.69,363.5237629740607,0.8553559
43.7,373.1537230748768,0.8879113
43.71,377.5289339387516,0.93180937
43.72,378.6345383307627,0.9572662
43.73,378.2986997423194,0.9477098
43.74,376.9312652776614,0.96280545
43.75,373.4501639180044,0.90763915
43.76,367.9984017588501,0.9213651
43.77,360.8285859489686,0.8147401
43.78,351.3059285454701,0.92712814
43.79,346.7257275051324,0.95910573
43.8,341.81264703292703,0.9116538
43.81,334.5842138088793,0.92767
43.82,331.36599678625555,0.94374067
43.83,329.8108103076705,0.9476483
43.84,331.0937805997506,0.9541043
43.85,335.87963561104976,0.90479636
43.86,342.80358881531936,0.8504728
43.87,350.42103317375233,0.90925217
43.88,359.2565578446429,0.8546952
43.89,369.66437950994657,0.89897126
43.9,377.55710276572466,0.90735227
43.91,382.10565231168033,0.9471515
43.92,384.44250743188894,0.96412903
43.93,384.3263781011748,0.9425116
43.94,380.3783209547806,0.88694775
43.95,370.1634649529267,0.85962594
43.96,358.73867349199327,0.8915329
43.97,351.41327009246817,0.94822866
43.98,346.4739126611123,0.94477594
43.99,341.3866344896825,0.90195316
44.0,334.7354361743015,0.92343104
44.01,330.4120557719713,0.95281184
44.02,328.7357837348304,0.93548584
44.03,329.0436362750341,0.94776326
44.04,331.97992328668767,0.9415477
44.05,337.94083927801546,0.9209762
44.06,343.40442432964835,0.8971152
44.07,349.06742415482813,0.94429237
44.08,354.4869798157629,0.9232873
44.09,362.66731900319706,0.92004967
44.1,370.3116168452434,0.926953
44.11,378.9917927907336,0.9270167
44.12,380.6484977628286,0.9449759
44.13,377.2802875732861,0.9195492
44.14,371.1541311609684,0.9358653
44.15,365.18338943710296,0.86700517
44.16,354.315280515906,0.94615847
44.17,348.7799627302254,0.93649006
44.18,341.6619693878817,0.8302935
44.19,334.7714504646632,0.87527585
44.2,335.9375230374493,0.8503969
44.21,336.6637896849329,0.8579016
44.22,333.8471309819887,0.9251102
44.23,331.8633406547636,0.9289857
44.24,330.48524950503054,0.950808
44.25,329.05127057211894,0.93366414
44.26,329.3524218337827,0.9536003
44.27,330.6534504623896,0.9585758
44.28,336.827422520474,0.6682908
44.29,353.57021600292865,0.842611
44.3,366.2332807714909,0.85625285
44.31,376.4665705297014,0.92012644
44.32,377.3197264225498,0.9444557
44.33,374.4332021350465,0.8880532
44.34,368.77448175168837,0.8595952
44.35,358.3489513677171,0.8559639
44.36,347.1589411537959,0.8801086
44.37,337.59058184884066,0.9028646
44.38,332.5819863156837,0.9434382
44.39,323.7978866695153,0.8785144
44.4,318.1122047056392,0.95430833
44.41,316.7334637594182,0.944451
44.42,318.819547798162,0.93214273
44.43,325.21066082002676,0.8674519
44.44,335.4250534096594,0.83321965
44.45,346.17290584651346,0.87561786
44.46,356.3287672639203,0.87530637
44.47,369.99553973588,0.853736
44.48,382.99476650259345,0.88020104
44.49,392.0786493195443,0.9060369
44.5,396.1640322317251,0.92968065
44.51,395.4203424767723,0.9099042
44.52,392.61993470650793,0.9177423
44.53,387.4944658932682,0.75148463
44.54,377.4033781993636,0.5831422
44.55,370.32561124126255,0.399143
44.56,351.60650868284,0.21854095
44.57,368.56374141963465,0.19558571
44.58,380.7426438846651,0.26967523
44.59,381.10660821308966,0.2576293
44.6,377.7348166666638,0.24461047
44.61,342.85428031218396,0.27595222
44.62,307.5993249228739,0.23726623
44.63,275.4869115180312,0.08331246
44.64,251.72756529093536,0.03522599
44.65,229.06624986383633,0.029069498
44.66,206.07557240559476,0.08753647
44.67,184.9213404445938,0.24044052
44.68,164.1269412839893,0.13874225
44.69,144.38671636717612,0.33221823
44.7,129.64120458004925,0.30731478
44.71,126.93713071107234,0.5616717
44.72,128.53071105347266,0.69215775
44.73,130.68333506130543,0.4965956
44.74,133.08141086034024,0.5580053
44.75,137.07566314159757,0.64917415
44.76,139.46413569058086,0.7911122
44.77,141.4439379451652,0.6366032
44.78,147.28097861408438,0.7332412
44.79,154.5238693407228,0.49438703
44.8,161.7859510392111,0.61062473
44.81,165.03201174936723,0.4203261
44.82,187.15582293212333,0.30495933
44.83,209.64771946371056,0.55046934
44.84,226.68452307066815,0.55499834
44.85,237.86504964956296,0.40148076
44.86,272.9343893876165,0.4884368
44.87,316.46307722831034,0.31614637
44.88,350.5197586221649,0.43175003
44.89,370.0502942149079,0.34340307
44.9,384.1828436866451,0.63771
44.91,389.8165975128445,0.8760277
44.92,391.5795241757274,0.9022529
44.93,391.16367596450976,0.7918133
44.94,391.1394940481257,0.6509157
44.95,394.24909231040385,0.65310913
44.96,395.5680114742204,0.8892674
44.97,395.007747284026,0.9329244
44.98,393.16245830050184,0.9367211
44.99,390.3850226526081,0.90444005
45.0,386.69532360368095,0.86179614
45.01,384.7842363777965,0.88372654
45.02,383.0635409626867,0.8577685
45.03,382.2822424776161,0.8426306
45.04,382.37715958829085,0.79184383
45.05,383.1704752215816,0.75950164
45.06,384.80962872240264,0.73544985
45.07,385.99485645056507,0.6342297
45.08,388.58443240904944,0.5089623
45.09,391.84986197076796,0.7080283
45.1,395.6618514044228,0.5456517
45.11,390.1191333828622,0.53154933
45.12,371.28881181400675,0.24024457
45.13,356.0719297447401,0.124433234
45.14,402.533375457686,0.15803863
45.15,447.3033952587981,0.3371256
45.16,473.3485639687965,0.428472
45.17,482.34591115517554,0.41616938
45.18,488.6248774470863,0.70589685
45.19,491.88380632965215,0.8987131
45.2,495.06049683040874,0.95754725
45.21,500.8666092338669,0.91442806
45.22,508.36297582579095,0.9175243
45.23,511.0238689817244,0.93680257
45.24,511.6433529052801,0.9000232
45.25,509.289542054554,0.7919715
45.26,502.9511000607905,0.75764745
45.27,497.4535698819346,0.70495486
45.28,494.1594436223273,0.7019336
45.29,483.01421975595645,0.5747096
45.3,475.56129782257955,0.7969419
45.31,477.8938601589068,0.8498191
45.32,482.04167029554475,0.87623924
45.33,487.5881872750027,0.90736
45.34,491.2748360279167,0.95400065
45.35,492.9609332195374,0.9475255
45.36,492.76904002482695,0.9449639
45.37,491.7930218719646,0.94107234
45.38,489.70793527357864,0.92041844
45.39,485.5657436497729,0.8823536
45.4,479.5653405913946,0.91773057
45.41,476.64490761300794,0.92187387
45.42,475.15041317059746,0.9188314
45.43,474.1777404569716,0.93801165
45.44,473.600859209269,0.95252156
45.45,472.77954737395953,0.95589393
45.46,471.9830943599533,0.9481523
45.47,470.81014496791977,0.938388
45.48,470.5537296992631,0.94776905
45.49,470.7568720876208,0.94213426
45.5,471.63930212207276,0.9563859
45.51,472.5315593429666,0.96128994
45.52,473.7044033395342,0.9612374
45.53,474.2155509319729,0.95571285
45.54,471.87241307103636,0.953382
45.55,470.20345739622394,0.9016141
45.56,479.8380105496494,0.7208094
45.57,481.80586933967095,0.9026318
45.58,478.51024344609306,0.95820594
45.59,478.159146325487,0.9670282
45.6,478.42052473812043,0.9663734
45.61,476.3905023226979,0.9479236
45.62,474.27067413019233,0.95732063
45.63,473.49552243100175,0.9631248
45.64,473.5145326467927,0.962156
45.65,473.62304130830154,0.96073836
45.66,473.9292103086475,0.9537372
45.67,473.30831656599264,0.95998573
45.68,472.2699512462782,0.9632868
45.69,471.17952128765495,0.9492655
45.7,470.8414672896397,0.9452089
45.71,470.99386310163175,0.9432209
45.72,471.0422926952413,0.9426489
45.73,471.51867205949026,0.94586736
45.74,473.9441686308626,0.9352571
45.75,478.3070552051726,0.9375561
45.76,481.696357394184,0.9180592
45.77,483.91142727063965,0.9559859
45.78,484.274875399324,0.96096945
45.79,484.92132712812116,0.96413267
45.8,485.5564033674552,0.9613274
45.81,483.7037877383218,0.95983535
45.82,480.645281424965,0.95091283
45.83,478.59432297609993,0.96739286
45.84,477.3069138233923,0.9558843
45.85,476.4971850111781,0.90383625
45.86,474.14213469496315,0.8592636
45.87,470.71613903040776,0.8970831
45.88,468.61536580489314,0.95273113
45.89,466.9375168132111,0.95239043
45.9,466.9723255962024,0.9661154
45.91,467.1775930676663,0.9675955
45.92,467.951085004427,0.9747727
45.93,469.38798573763836,0.9674404
45.94,470.5765413736804,0.94459754
45.95,471.2573611450398,0.93819124
45.96,472.3336304884158,0.9523571
45.97,473.46344367817204,0.9519074
45.98,474.60015515687707,0.93946826
45.99,475.7745303076234,0.91717577
46.0,475.94215337198165,0.92724895
46.01,473.91527906379196,0.9469089
46.02,472.45693200061345,0.9568554
46.03,472.0694171923413,0.9586299
46.04,472.1367103835447,0.957041
46.05,472.69811157264746,0.9537123
46.06,475.25286804399883,0.924123
46.07,476.93312986471176,0.9356049
46.08,476.51281206436533,0.93877804
46.09,478.5359055044173,0.93008965
46.1,484.7172811576089,0.9274505
46.11,487.05776811870686,0.93000287
46.12,481.6309671120847,0.92746323
46.13,477.6096346562437,0.9590476
46.14,476.0840506463776,0.9502166
46.15,475.26214767247563,0.9395193
46.16,475.96870375963886,0.93338084
46.17,478.5892511137218,0.95456237
46.18,481.85561156801845,0.9320024
46.19,483.66498538803086,0.96230555
46.2,482.7027488779597,0.9540394
46.21,480.6377929605345,0.9522329
46.22,479.05368802098315,0.96741694
46.23,478.58168656534315,0.96696186
46.24,479.706028067566,0.9624431
46.25,480.7345268539176,0.94833195
46.26,481.29534307114295,0.9374659
46.27,480.78329803837175,0.9500596
46.28,480.67008841257086,0.95659477
46.29,481.9218719396386,0.9416449
46.3,483.57663716417494,0.95769835
46.31,484.6432232938193,0.95623827
46.32,485.70903486993814,0.9507301
46.33,488.6188822488933,0.93843764
46.34,492.0622220489719,0.9484632
46.35,492.6831508056687,0.94335747
46.36,493.82033724113194,0.96439415
46.37,495.3201907488653,0.9751105
46.38,496.5284633345085,0.9543673
46.39,501.2580083488876,0.9147557
46.4,508.21434729225746,0.88078827
46.41,504.72253221130984,0.7456977
46.42,491.0012566388765,0.820528
46.43,486.2512180628178,0.7491334
46.44,487.02141762029987,0.42915216
46.45,486.6428288290444,0.13692087
46.46,482.48532138551013,0.0688271
46.47,498.1174804696076,0.10678955
46.48,495.95758293259485,0.4591769
46.49,490.92866658088167,0.32550195
46.5,490.8381078600869,0.25489202
46.51,494.3055163854319,0.21034694
46.52,496.05318228454155,0.19297038
46.53,501.8282201773528,0.2470549
46.54,502.88525765459923,0.09694377
46.55,499.9440934607999,0.1282086
46.56,497.91262532329335,0.09379906
46.57,496.6442205707471,0.114515096
46.58,489.01678629075843,0.082038626
46.59,486.98655933643454,0.051735874
46.6,484.72471713344044,0.12919916
46.61,483.0833955025902,0.37027583
46.62,476.1757048960093,0.1922963
46.63,470.60009596564413,0.18339448
46.64,473.31241293420885,0.1873908
46.65,466.9987237877959,0.093348935
46.66,464.7604811099176,0.025710871
46.67,481.4935947241074,0.045238867
46.68,494.9745382506257,0.05567591
46.69,496.3097392637797,0.08296639
46.7,495.79033943278705,0.11299667
46.71,495.6863111717353,0.08953943
46.72,495.1993272685636,0.06604751
46.73,497.66291198873864,0.04369184
46.74,498.21794038132197,0.047751267
46.75,488.02277976640084,0.06441874
46.76,485.16807575060943,0.112198524
46.77,494.9134521182006,0.084356956
46.78,503.06744488416166,0.06766504
46.79,508.00736021541155,0.047412712
46.8,514.058578961048,0.043509364
46.81,523.5584673148945,0.041273165
46.82,526.7384316567752,0.034722067
46.83,533.6930347256207,0.03288228
46.84,531.9100763833605,0.047904544
46.85,526.9039823192993,0.02630158
46.86,526.9934682256794,0.031465024
46.87,526.5843270030035,0.06612861
46.88,527.4106584652595,0.05869921
46.89,526.2246608192204,0.032274056
46.9,532.5530707557919,0.09299018
46.91,488.9082321033327,0.31006116
46.92,492.6697758914799,0.60706425
46.93,487.8956207383786,0.627988
46.94,477.3217031967372,0.7680887
46.95,472.3970056628468,0.93901736
46.96,469.8637701234529,0.9625637
46.97,469.15822879207053,0.9693969
46.98,470.15704607683494,0.95159435
46.99,471.3928336119304,0.9325667
47.0,472.2518717933633,0.93308234
47.01,475.55272091056673,0.76993394
47.02,490.7843193060182,0.8841291
47.03,490.2368459697312,0.9565644
47.04,487.80758618192834,0.9316627
47.05,487.1001321939048,0.9368408
47.06,486.1765068294772,0.94955647
47.07,483.65949823860996,0.9551696
47.08,481.0607427371083,0.9385112
47.09,480.0779109485759,0.950287
47.1,478.730538660088,0.95945567
47.11,476.55973171271677,0.94132715
47.12,474.8901778285365,0.9344353
47.13,474.2924780385655,0.9419173
47.14,474.4459067718021,0.939923
47.15,474.8907057110185,0.9326773
47.16,475.04240446253084,0.9278127
47.17,475.8439674757296,0.9183768
47.18,477.9301662022333,0.94284564
47.19,481.01438915905374,0.923722
47.2,484.32718964379126,0.94639075
47.21,487.35051896520315,0.9207962
47.22,489.7158319970599,0.95664537
47.23,491.23514023697993,0.95761174
47.24,492.54212513979166,0.93501514
47.25,493.1068601889167,0.9558224
47.26,491.23950186747766,0.95045334
47.27,485.69276901117144,0.93570065
47.28,480.9893744467587,0.9383135
47.29,479.17349688081447,0.95863014
47.3,477.6356936094195,0.9547046
47.31,475.0104802797751,0.93859446
47.32,472.6282987738306,0.95692134
47.33,470.80614924955347,0.9344225
47.34,470.3980999257302,0.946495
47.35,471.6193091994834,0.9397835
47.36,473.5605084901231,0.9501677
47.37,475.32289414726733,0.9201267
47.38,477.74978533030435,0.9329074
47.39,480.8770340696913,0.9188481
47.4,484.5456365115314,0.94546
47.41,488.60979948801634,0.9380104
47.42,493.1023045117559,0.94636065
47.43,494.6536935861556,0.9705364
47.44,494.20232188283546,0.966604
47.45,494.1304408292983,0.9645045
47.46,494.16677559815747,0.95768553
47.47,490.8160236050259,0.9444598
47.48,486.3119082733746,0.9241594
47.49,480.7811966323079,0.9153935
47.5,476.90351665434713,0.9438166
47.51,472.1471294948537,0.94603175
47.52,468.8686638630137,0.96423775
47.53,469.09277421442454,0.96612763
47.54,467.32074518890624,0.9611173
47.55,464.3928597489913,0.9158305
47.56,464.66176818234464,0.88815904
47.57,469.40839232737636,0.89430493
47.58,477.5758714121896,0.84636545
47.59,484.59602847928,0.8875914
47.6,490.1414554313109,0.94785255
47.61,492.12364342553985,0.94645303
47.62,493.6423676274486,0.9603328
47.63,494.17748735600753,0.95799494
47.64,491.45149283063796,0.938482
47.65,488.8511089325163,0.92284536
47.66,480.7219932378939,0.7210654
47.67,465.20659024550986,0.8142413
47.68,462.41893867892475,0.8847564
47.69,451.4670391681463,0.70446783
47.7,442.3649237851781,0.9251928
47.71,440.30477708142223,0.9288646
47.72,441.6532829864774,0.9510777
47.73,447.59042295260963,0.87192714
47.74,459.3632343439231,0.8408534
47.75,467.85988620518515,0.93576455
47.76,473.9831490098097,0.92866236
47.77,481.0678201507967,0.90622824
47.78,487.2605430515778,0.91266036
47.79,490.6662767994635,0.94907016
47.8,493.08183695593243,0.944185
47.81,494.87353220482197,0.9637152
47.82,494.8839692943367,0.95787525
47.83,493.2968169159838,0.94353265
47.84,489.9756912729774,0.9253233
47.85,480.4609678052662,0.8465366
47.86,469.6485052669452,0.8606624
47.87,459.74195714600353,0.8345348
47.88,446.08841379141654,0.8430972
47.89,438.8931158850542,0.8704037
47.9,435.7160579328008,0.87356883
47.91,441.91621472733294,0.7481017
47.92,453.63208862771813,0.41861
47.93,406.89709719030975,0.71973294
47.94,416.29679664394047,0.7713681
47.95,440.40193869904505,0.6185797
47.96,478.181164259512,0.51171196
47.97,483.88613455124266,0.89368373
47.98,490.7699754652957,0.8721892
47.99,498.2512295731362,0.9244652
48.0,502.3367039757292,0.9465889
48.01,505.46950287452637,0.9470934
48.02,504.365741743984,0.923895
48.03,498.8073549371566,0.8669282
48.04,489.00421666213526,0.8092961
48.05,474.1867163244027,0.38207743
48.06,454.85258801367485,0.3433015
48.07,447.3249479114995,0.52594286
48.08,432.8192784811372,0.21698484
48.09,390.1937889362189,0.8475633
48.1,390.81120220467176,0.90104234
48.11,395.0831798712716,0.88641745
48.12,399.20203919936085,0.67345333
48.13,361.68155264260525,0.577126
48.14,331.92161641741063,0.83504564
48.15,293.0168958394447,0.8707222
48.16,257.22195320806424,0.93261003
48.17,239.99459276206187,0.96602917
48.18,240.32617383108885,0.9415404
48.19,237.687353253131,0.86755687
48.2,235.42817183589455,0.76678145
48.21,233.54997106264972,0.8977322
48.22,255.0856216935378,0.8839272
48.23,291.8442798077278,0.88546515
48.24,331.1405556743713,0.8622748
48.25,375.4338029960197,0.5746241
48.26,414.7410548521071,0.7069675
48.27,412.7479290475742,0.8852909
48.28,411.08530762576174,0.78867096
48.29,412.50325853791645,0.59694093
48.3,426.98654655316227,0.41096526
48.31,440.22042536968934,0.7474716
48.32,446.7418504810485,0.6742131
48.33,452.52353301935455,0.5678264
48.34,448.46837946353327,0.4443225
48.35,437.3763834077398,0.27209356
48.36,420.2563966455122,0.058647178
48.37,410.4147555280013,0.12250286
48.38,381.2579797914068,0.21748556
48.39,364.64667809677496,0.54506075
48.4,369.0910578888623,0.6831256
48.41,371.19742721717324,0.7605557
48.42,372.2843880808533,0.7123497
48.43,370.0155635259247,0.5183744
48.44,356.44491181120634,0.61411077
48.45,349.0124169407537,0.6941347
48.46,318.136243649497,0.4092916
48.47,280.22338197218284,0.14772646
48.48,245.5945060422091,0.35141525
48.49,241.78005125460172,0.5469985
48.5,237.2888662557375,0.7047431
48.51,235.40695947721895,0.7818609
48.52,232.3851967202357,0.7881365
48.53,230.34556015411368,0.82698244
48.54,230.94387936622465,0.8219538
48.55,235.6752806374644,0.65814644
48.56,242.45591637338453,0.81166214
48.57,241.65721741809057,0.5835802
48.58,237.3372920059343,0.6358433
48.59,237.37707533544568,0.6841383
48.6,238.53751737606524,0.6155219
48.61,253.27063854957157,0.50038886
48.62,288.7638712123356,0.26537246
48.63,299.94930442209215,0.4181645
48.64,305.2234902182695,0.48307863
48.65,331.09513817446623,0.3025308
48.66,362.73211302581444,0.43746302
48.67,383.1964062631434,0.6603813
48.68,378.93339234160237,0.6460166
48.69,372.6421695679597,0.7105228
48.7,363.7289746693421,0.59533787
48.71,351.3955723493874,0.8784211
48.72,347.9788545265274,0.9163195
48.73,344.38341349163704,0.92054844
48.74,340.2977453530661,0.90640265
48.75,338.7017293046871,0.86135846
48.76,348.78155494507587,0.68940836
48.77,359.938626401624,0.69566333
48.78,366.7371239684211,0.5241196
48.79,365.13208409595734,0.413007
48.8,372.18619755066607,0.5720651
48.81,377.7660037993978,0.71563494
48.82,377.4950251142568,0.896221
48.83,377.35373728086466,0.8839016
48.84,376.5489989800153,0.8858977
48.85,375.5154858284707,0.9034272
48.86,374.32339230682777,0.8905937
48.87,372.42039778899914,0.93970454
48.88,370.5676956023121,0.9458493
48.89,369.4515406929608,0.9273083
48.9,369.83545558798505,0.93609244
48.91,370.17848813021345,0.8861696
48.92,374.89204587200254,0.4054912
48.93,393.3281816780634,0.5177461
48.94,398.6631869005861,0.78058845
48.95,398.58962823883564,0.7605606
48.96,387.73934504098713,0.7204968
48.97,379.96214468424864,0.90462536
48.98,373.7357306340056,0.84239984
48.99,366.75286130431283,0.7605034
49.0,362.3587035023709,0.57940155
49.01,362.3495887414279,0.5040484
49.02,364.8851966683787,0.70024544
49.03,381.4900804105872,0.30921865
49.04,390.71756907186904,0.83501446
49.05,393.66509654540016,0.8793909
49.06,396.0485922845445,0.85408705
49.07,397.61203780125817,0.7342068
49.08,395.65074856769564,0.6058924
49.09,386.9232543965177,0.78473127
49.1,381.8792097850499,0.8812286
49.11,379.74748057341407,0.9187823
49.12,376.8710011075053,0.92307436
49.13,375.0282778697244,0.9413732
49.14,375.26029300237235,0.9229613
49.15,376.4786309389436,0.7975489
49.16,380.18847893483996,0.711357
49.17,387.73313182569325,0.77006716
49.18,391.69229055690204,0.77379984
49.19,393.18985850192,0.4763059
49.2,396.4052074182167,0.23927477
49.21,394.17271645729284,0.36488995
49.22,394.30649695599084,0.41958675
49.23,393.8113490228759,0.6903328
49.24,392.1091660295632,0.8306304
49.25,392.4330201687834,0.88650787
49.26,392.78544876260344,0.9201634
49.27,392.0050878116623,0.89394957
49.28,388.604315541234,0.8391771
49.29,383.34200473028534,0.7780474
49.3,378.92890628686393,0.79047906
49.31,372.2706898889658,0.8557909
49.32,367.53691272621415,0.81648463
49.33,361.96131979404925,0.8023889
49.34,357.05351661766235,0.8708699
49.35,354.51546977762007,0.9275032
49.36,353.93161762526694,0.91933006
49.37,354.7949240381453,0.9267807
49.38,356.3874355820212,0.86351055
49.39,360.54640436601267,0.7894225
49.4,366.7679666934166,0.8532788
49.41,370.6071874876575,0.77008957
49.42,377.7832621558804,0.68275154
49.43,382.99355026944363,0.80137956
49.44,384.05943630469676,0.8459965
49.45,382.0812501140297,0.8487793
49.46,379.5058831535701,0.84277564
49.47,374.3761689330803,0.7770356
49.48,368.6174385483102,0.7185743
49.49,362.1608412275491,0.7000285
49.5,354.4095738154621,0.8784574
49.51,350.170119954696,0.88866127
49.52,348.4969466127557,0.8547441
49.53,346.44305304732035,0.76883537
49.54,345.0197172145591,0.607313
49.55,346.1200424931513,0.46397522
49.56,315.5681493866569,0.21276036
49.57,295.57623051313647,0.28917614
49.58,334.21196929352953,0.24730329
49.59,379.8635986013958,0.18308206
49.6,378.2773816430136,0.49777377
49.61,375.7010428484165,0.5383816
49.62,366.7157775723971,0.35571402
49.63,351.66414701381206,0.45533976
49.64,344.24144745450144,0.5524482
49.65,332.12095772068864,0.38923723
49.66,328.1148099334723,0.39601177
49.67,328.24799128783945,0.59535456
49.68,334.00205401470606,0.58755815
49.69,337.5973609757766,0.6783708
49.7,338.5501753742684,0.8241326
49.71,340.68367395070504,0.87923354
49.72,340.26606379946145,0.900075
49.73,335.3184944306909,0.8854716
49.74,337.45125618280883,0.85729504
49.75,340.69988124326676,0.80851245
49.76,346.6495244915361,0.80541164
49.77,349.5837209959225,0.6427701
49.78,347.7282509164167,0.61435896
49.79,342.4848766550341,0.34463763
49.8,332.3349201844672,0.28579542
49.81,320.72180050215604,0.29316413
49.82,309.09082466273435,0.28770185
49.83,292.9765555891361,0.39598867
49.84,286.1698928154294,0.34456912
49.85,290.038962671296,0.2319765
49.86,288.70588402914785,0.14763942
49.87,287.5739537245794,0.057230085
49.88,288.86405276792584,0.1104674
49.89,285.2164963397204,0.07292957
49.9,289.8261815714269,0.08473344
49.91,306.7257463472969,0.09334426
49.92,329.7025578647957,0.074858196
49.93,351.53570045615226,0.07098471
49.94,380.5049546443052,0.112450816
49.95,379.85949343163554,0.16066258
49.96,378.22698306550285,0.1631474
49.97,379.9670551821913,0.20930947
49.98,384.1227728669112,0.23361698
49.99,384.08295701806776,0.1632887
50.0,384.6726174191426,0.084075175
50.01,381.2315645972836,0.1443559
50.02,382.50330088503244,0.19312383
50.03,382.4297108873822,0.2804317
50.04,385.27920316592594,0.28704253
50.05,390.66548115632685,0.25334492
50.06,390.669180144373,0.202479
50.07,386.7653420981352,0.21971554
50.08,384.1717733722528,0.23689689
50.09,356.00547393845,0.19411112
50.1,355.3901797424308,0.27473348
50.11,358.45395326607263,0.6844965
50.12,359.431088207807,0.6348427
50.13,358.00203693994405,0.5595374
50.14,358.5087256394776,0.52536535
50.15,355.91342249780183,0.42765415
50.16,351.93115388739807,0.16985314
50.17,365.6968850683071,0.07426867
50.18,380.15599520677074,0.058106456
50.19,360.02790373195273,0.13107646
50.2,358.031307703568,0.0539198
50.21,353.7344701493462,0.06568666
50.22,346.15322109845374,0.07272206
50.23,351.0100491554968,0.20932168
50.24,381.19819651383233,0.1276255
50.25,379.7530016116672,0.22108163
50.26,364.9599424171711,0.23541668
50.27,362.65960065599336,0.20100285
50.28,355.29992249490783,0.109441824
50.29,349.78202377064895,0.21599975
50.3,348.6734191648046,0.051830597
50.31,383.02623248649786,0.046703458
50.32,396.216330250836,0.07325246
50.33,440.55183302021527,0.1601332
50.34,503.9338622323945,0.15456468
50.35,564.9545196875182,0.08608879
50.36,622.9091025748003,0.056192506
50.37,657.430056201671,0.03832453
50.38,658.0289325411076,0.058659185
50.39,652.5496973356456,0.07671781
50.4,650.3329620351267,0.09257698
50.41,649.7371842884513,0.10871094
50.42,595.5562995901035,0.08673293
50.43,595.9428066534454,0.073891066
50.44,596.5983848143417,0.06516941
50.45,597.476341635556,0.065583415
50.46,617.877711841126,0.05733598
50.47,636.4623584405374,0.05644579
50.48,647.7978739102966,0.092487395
50.49,650.5132368562562,0.0910264
50.5,579.51952407535,0.12733997
50.51,578.9534323884735,0.08722948
50.52,516.5233562043632,0.06604235
50.53,448.3224468744522,0.13116105
50.54,399.0169525743843,0.074675255
50.55,398.832215565405,0.055500902
50.56,409.2330957248577,0.11127548
50.57,416.1862371570313,0.08439049
50.58,399.3765016328481,0.07232547
50.59,397.72654541488043,0.08415321
50.6,413.33854966254734,0.04958264
50.61,435.45417459974067,0.05111037
50.62,456.4889770036689,0.008636226
50.63,476.5103625458311,0.014283519
50.64,490.37330357624614,0.012084066
50.65,494.2131797545565,0.02402718
50.66,493.10058243021854,0.094837815
50.67,493.96019006216375,0.043150816
50.68,492.798433063368,0.066868
50.69,450.21042881940855,0.07617237
50.7,404.0059436200758,0.092516325
50.71,365.4476714403136,0.09055064
50.72,327.9558363972461,0.063304804
50.73,328.1816766966383,0.08997392
50.74,327.83229194871416,0.0698754
50.75,340.10720548160185,0.098551854
50.76,325.65760295987945,0.06107593
50.77,304.62922394683113,0.07577074
50.78,290.0073119062318,0.07941144
50.79,270.62942399222385,0.07325161
50.8,255.1610725607265,0.087836295
50.81,244.2197990620268,0.11446659
50.82,237.31479441843567,0.35308474
50.83,233.24717480013715,0.5148899
50.84,227.27824248492252,0.42329094
50.85,219.13950988794483,0.28835762
50.86,217.69613549422812,0.39810207
50.87,222.3485138703319,0.38542005
50.88,226.70687072857203,0.55156213
50.89,227.780939922092,0.5746586
50.9,226.2620614504252,0.40228876
50.91,250.49127094678343,0.21937753
50.92,239.7718568963057,0.319497
50.93,233.99200400780714,0.35628596
50.94,244.064600894928,0.16161832
50.95,254.07427611113914,0.53593284
50.96,254.07665593343452,0.6943137
50.97,250.74153888093684,0.28644282
50.98,246.1490283762667,0.36369413
50.99,244.543343336227,0.62349385
51.0,244.65024103262678,0.50801325
51.01,244.72870371180167,0.48631045
51.02,241.7534441861065,0.62969196
51.03,236.31177376359122,0.39282304
51.04,234.30528429866146,0.31675643
51.05,235.0548636627961,0.49036938
51.06,229.05546297673942,0.65196824
51.07,216.90698943581594,0.84908825
51.08,211.53617123480882,0.7657728
51.09,208.80297296868036,0.3981772
51.1,203.52922691816374,0.38005868
51.11,199.807945253436,0.28219804
51.12,193.38502581155376,0.18842183
51.13,192.09573841769873,0.32521334
51.14,197.22142324056406,0.7335737
51.15,194.77196874484062,0.81918126
51.16,194.36253344953008,0.2688564
51.17,198.3854433545815,0.1875098
51.18,196.84238433270082,0.4010632
51.19,198.8204505129188,0.4362169
51.2,204.26146603211782,0.46755812
51.21,208.36625444225973,0.31809285
51.22,219.4017502995553,0.29390615
51.23,234.6527651415714,0.45249423
51.24,240.33424340493912,0.6559243
51.25,245.1870777570029,0.8418476
51.26,247.22174163550847,0.8024401
51.27,249.66936696572992,0.59368783
51.28,270.5813113792384,0.4567296
51.29,271.1885988194153,0.5110224
51.3,266.93612428093627,0.3576918
51.31,260.9281267834252,0.69690937
51.32,246.11084045196802,0.46630827
51.33,242.45017018074998,0.26309156
51.34,241.4711763198791,0.8649868
51.35,241.12963450456195,0.8861328
51.36,242.71615025451007,0.86157936
51.37,246.59762804550186,0.4946318
51.38,255.63579479833402,0.7457959
51.39,256.1821908144265,0.94834507
51.4,256.2021621228599,0.9519281
51.41,255.1084605068996,0.8921886
51.42,253.61125844006253,0.89022267
51.43,252.53611129121836,0.8948376
51.44,252.5173165344015,0.8618087
51.45,254.05282370782328,0.81481194
51.46,256.7081595305157,0.78342676
51.47,258.324592173797,0.80266166
51.48,257.14334108578373,0.8731831
51.49,254.49146474018113,0.8406665
51.5,275.1825539914445,0.78491485
51.51,316.06890999462956,0.6029633
51.52,340.01279872425937,0.7286283
51.53,387.55205370978535,0.6937473
51.54,440.59791554228286,0.4497044
51.55,468.95638845021944,0.2220314
51.56,480.5813400771034,0.5084294
51.57,489.5145778269881,0.5298624
51.58,496.0193115531252,0.45516247
51.59,491.0301674681708,0.336032
51.6,480.466088526309,0.3028334
51.61,460.02040410481897,0.25221255
51.62,459.00967981385895,0.35455
51.63,479.9011961126009,0.4863418
51.64,482.7188430918685,0.6067683
51.65,485.6365073088835,0.55606896
51.66,489.5358535770163,0.2632397
51.67,488.97208440607835,0.17741306
51.68,489.2528825280663,0.23420435
51.69,488.9415867090003,0.42483026
51.7,489.23713395292657,0.5066801
51.71,487.290648495758,0.30422747
51.72,430.9376299318479,0.48702404
51.73,438.80346363141234,0.2990386
51.74,478.6691824967366,0.18733247
51.75,513.3329287914366,0.14477734
51.76,504.69549249518434,0.329026
51.77,501.4365696263369,0.47491467
51.78,494.0127055882383,0.24079242
51.79,493.59891274752243,0.23148549
51.8,497.46816919780605,0.44647643
51.81,495.8022689953304,0.72412646
51.82,495.73833401824595,0.74214923
51.83,502.29156277886966,0.64360213
51.84,504.76078204947135,0.76558226
51.85,504.7390376589051,0.68719447
51.86,512.1233450922297,0.41975167
51.87,507.6837758334593,0.4255779
51.88,513.668218763824,0.37845588
51.89,502.6277925970166,0.41214654
51.9,503.89577597051584,0.5059357
51.91,500.4861341848471,0.5732487
51.92,494.5613034544274,0.57383615
51.93,486.523902045064,0.6087603
51.94,462.5610736142405,0.5027938
51.95,414.7042451994465,0.1959675
51.96,409.9606801395279,0.5570186
51.97,411.7085103682855,0.50543535
51.98,415.13076685749405,0.5601369
51.99,418.1311801805555,0.59009063
52.0,423.2546977416018,0.5552698
52.01,433.7163667295555,0.58257943
52.02,445.41945330912245,0.5984768
52.03,463.2498441515319,0.5747828
52.04,472.5209640432995,0.49888408
52.05,482.4757373820553,0.61414295
52.06,489.6485500834428,0.7671898
52.07,492.63854255119213,0.7729729
52.08,495.83617729548666,0.82057303
52.09,499.0915475243503,0.8854169
52.1,499.94751261556075,0.90996474
52.11,499.7763431668406,0.81700677
52.12,499.64276825039735,0.48032477
52.13,496.87258083646395,0.31083775
52.14,500.52049872176275,0.49301934
52.15,506.39735941725854,0.40494707
52.16,522.2220936779934,0.55171514
52.17,527.3464692568027,0.5999028
52.18,527.5705609672124,0.5595899
52.19,528.1395835371621,0.32732946
52.2,498.81835189464306,0.2994278
52.21,476.11290678315595,0.4055633
52.22,473.54654067312595,0.53977984
52.23,487.42742022388165,0.8222913
52.24,490.5794435719583,0.78277147
52.25,483.23224504344614,0.47209597
52.26,480.08935687113905,0.76166916
52.27,484.1862780836183,0.7455178
52.28,484.5347536075437,0.31080544
52.29,482.6502251255326,0.17411537
52.3,462.69754891235254,0.3424877
52.31,455.76001824947576,0.5480482
52.32,455.0184803796659,0.6444263
52.33,449.45294721683746,0.5970214
52.34,438.13074331711573,0.54824996
52.35,427.5196364573483,0.5192183
52.36,413.87523445908135,0.7019721
52.37,409.22866082566827,0.85603005
52.38,407.3960341563673,0.89585996
52.39,404.89424602313704,0.8155324
52.4,402.1925533931283,0.73560894
52.41,394.8588881514277,0.7686152
52.42,383.4662398453731,0.748575
52.43,378.9157529598745,0.6457385
52.44,379.05923949776087,0.48301208
52.45,352.94845163648375,0.3307195
52.46,349.9174905743251,0.39894748
52.47,349.9735849851238,0.28943595
52.48,312.2488136894914,0.3363769
52.49,308.18512462909916,0.64348024
52.5,304.533123774314,0.4166702
52.51,275.51193729320096,0.5101893
52.52,272.16210166435854,0.81670445
52.53,268.8932320780863,0.8541941
52.54,263.8624558207583,0.78926945
52.55,259.6831489529867,0.80441153
52.56,255.5886799760758,0.7131008
52.57,249.85615036938742,0.58252525
52.58,246.30252969341308,0.619605
52.59,244.00976219865004,0.7229828
52.6,241.06643080705715,0.84247327
52.61,236.23014580352827,0.7397706
52.62,228.56789495214943,0.7851009
52.63,224.52776669201953,0.85578156
52.64,222.11796521631013,0.8775188
52.65,219.68888567490944,0.85903275
52.66,216.62646076660116,0.8625866
52.67,213.8390989462474,0.8489133
52.68,210.10423299573293,0.86348826
52.69,206.58426886232445,0.88772887
52.7,202.95213462997526,0.8269077
52.71,197.90094058426004,0.7435437
52.72,192.6368167749215,0.80280775
52.73,188.08534989090785,0.7272193
52.74,182.52496514585548,0.57781774
52.75,170.03834131254803,0.6502794
52.76,166.97355133845178,0.7270775
52.77,162.85014961058272,0.6886248
52.78,156.6803631829894,0.68334526
52.79,150.9310079021953,0.6090844
52.8,145.9861992560502,0.5558015
52.81,134.9677108183855,0.46937585
52.82,132.35046916735322,0.54153377
52.83,121.38976389005902,0.46141127
52.84,117.75982472311617,0.25753966
52.85,126.615575070457,0.29778978
52.86,135.2098162261066,0.04743051
52.87,151.6955184600427,0.10624714
52.88,164.35379553086776,0.05969148
52.89,176.68217463452422,0.026847545
52.9,187.82861284753707,0.22754903
52.91,186.35930843496715,0.5070436
52.92,185.15696796112599,0.40776426
52.93,186.58234079415212,0.039380256
52.94,187.83640846668933,0.031903584
52.95,189.32197687603576,0.018128823
52.96,187.51324126123322,0.018945128
52.97,186.63001184619958,0.018823458
52.98,186.46844214228952,0.097995386
52.99,185.73650463480425,0.10210475
53.0,185.13458692392538,0.21261303
53.01,183.8128187922788,0.17142513
53.02,182.9844418833129,0.12705319
53.03,182.0182494755126,0.13918947
53.04,181.3457374000438,0.15255661
53.05,179.3485617773013,0.21751906
53.06,178.1138474823362,0.1605245
53.07,178.37024794683688,0.07716449
53.08,177.6646227843551,0.19834092
53.09,178.2168995516744,0.31787494
53.1,177.64434665575493,0.15591845
53.11,177.90503480572184,0.16377328
53.12,177.22616463569136,0.23559974
53.13,176.79595085618695,0.21396586
53.14,175.83688496874714,0.244195
53.15,175.7825538160155,0.084389806
53.16,196.8596112620662,0.082980506
53.17,215.57585407163842,0.061625842
53.18,245.30321398763647,0.2253734
53.19,267.6994628865973,0.2638058
53.2,297.1021970679977,0.29025853
53.21,306.0918346603359,0.1946778
53.22,325.0412215887369,0.5595809
53.23,321.20420380758077,0.5382545
53.24,325.2243191633878,0.63619167
53.25,350.839859258904,0.34992725
53.26,382.26269198329953,0.22912318
53.27,390.55072223555817,0.45107692
53.28,397.8867321332989,0.500698
53.29,412.0532296127237,0.7174041
53.3,417.3487721636417,0.88914365
53.31,418.5700158905774,0.8786698
53.32,414.9350424854582,0.7911046
53.33,407.6270763446706,0.64736086
53.34,400.50365378267117,0.59165615
53.35,398.2391560623994,0.5401562
53.36,393.3551258777498,0.29860467
53.37,394.23639706232,0.53565395
53.38,392.2669828380201,0.5580801
53.39,392.6360038838672,0.567185
53.4,386.9618600355179,0.43516827
53.41,360.4400886798852,0.58040005
53.42,354.20382492218846,0.9283421
53.43,354.87963215972593,0.88782424
53.44,361.6931345629461,0.6896352
53.45,389.9369365372705,0.85834086
53.46,387.87322871538254,0.9068679
53.47,386.42226743341405,0.7741115
53.48,389.6598441915378,0.77852935
53.49,391.78936367668643,0.76551443
53.5,392.93506756824314,0.78227574
53.51,393.20636937342306,0.54551846
53.52,354.0473788938312,0.6626484
53.53,351.23367055607565,0.8476624
53.54,347.14461057762384,0.7076136
53.55,340.92261923346206,0.51060474
53.56,308.1551662078202,0.34815818
53.57,301.2092372166183,0.50731575
53.58,291.4558377270071,0.3942889
53.59,269.96960786393356,0.5492414
53.6,261.7901307862575,0.5080007
53.61,246.50442206036814,0.46070895
53.62,230.58546323260956,0.39600864
53.63,220.48174712427848,0.5666503
53.64,209.66568340340024,0.5086255
53.65,202.4926714950453,0.26565227
53.66,196.21056853683015,0.45481077
53.67,192.57668158191728,0.35784364
53.68,180.28629776104344,0.37300792
53.69,165.584122004791,0.27382118
53.7,162.18662554357095,0.5527392
53.71,156.11517118699945,0.47677803
53.72,150.96902478205993,0.29620588
53.73,136.29922917759504,0.49758792
53.74,135.60244334980987,0.37339997
53.75,121.33769481296925,0.42523214
53.76,120.47160252646565,0.18591808
53.77,127.39652973284784,0.27131602
53.78,138.5533496072389,0.28404877
53.79,149.1038432459939,0.12827022
53.8,156.62134583937384,0.27223462
53.81,160.04934715228487,0.33757368
53.82,158.15805782634544,0.22362551
53.83,153.1413576253271,0.13334414
53.84,160.3849058322368,0.27540627
53.85,160.402933381975,0.39849412
53.86,160.59825888001723,0.4895122
53.87,163.64735627243556,0.16157559
53.88,169.988390702197,0.13824
53.89,180.84178573746726,0.12104614
53.9,194.37671577530068,0.06318162
53.91,204.08542386608116,0.31122527
53.92,230.3382130669438,0.31912225
53.93,242.75853195635094,0.494139
53.94,253.09491350087964,0.6044782
53.95,263.0717661039238,0.48893568
53.96,272.49859063667066,0.5401409
53.97,278.3522090996753,0.69296074
53.98,284.2144452399107,0.80999064
53.99,288.2667556494605,0.90587145
54.0,291.54091029638795,0.9142921
54.01,293.2144395136999,0.883431
54.02,294.0486221303956,0.8261161
54.03,294.04883887098055,0.6586441
54.04,285.5468011261529,0.34550866
54.05,265.9775714731077,0.4658586
54.06,240.24325561688312,0.49054897
54.07,253.2860417137838,0.41119608
54.08,271.3946314502333,0.41604537
54.09,274.9504358326177,0.57302463
54.1,273.34140514715864,0.74397254
54.11,268.25407772737816,0.67722744
54.12,262.95841507590364,0.72285664
54.13,237.54731437092772,0.28462857
54.14,241.1665806589483,0.20865905
54.15,267.97691630831457,0.51438946
54.16,285.59564639293984,0.7466012
54.17,297.972926939123,0.3145342
54.18,325.1439429048812,0.08217948
54.19,350.81149816486595,0.11965303
54.2,385.7339914293272,0.22321561
54.21,402.1423346807513,0.2549107
54.22,372.1303166292141,0.11653947
54.23,341.54841429210586,0.27654192
54.24,330.1483869819265,0.43323463
54.25,315.241777236568,0.36518863
54.26,296.39589012995395,0.30032885
54.27,281.9893993694634,0.3316118
54.28,255.1118290290792,0.2925066
54.29,223.42824735146974,0.29021978
54.3,212.83907141979938,0.19808067
54.31,221.86472885693914,0.26693884
54.32,234.50722687860133,0.04545742
54.33,247.73678358549776,0.014031154
54.34,257.91966691556763,0.02694674
54.35,278.41058389110555,0.040611845
54.36,283.8632566364647,0.043179918
54.37,285.0580721279243,0.06622708
54.38,284.04807379194494,0.071868785
54.39,278.77810257319135,0.023230946
54.4,274.3437721690255,0.18149462
54.41,266.33100772099857,0.43919587
54.42,267.655558883029,0.6518799
54.43,270.2486375101647,0.82659507
54.44,270.01370618094535,0.70359117
54.45,271.9568498096663,0.45492485
54.46,301.5950782781849,0.32527015
54.47,304.6354050173504,0.33511972
54.48,335.2419879178925,0.5098975
54.49,355.6355076891543,0.43203378
54.5,386.2809496831735,0.41580954
54.51,398.8330011186147,0.84981614
54.52,402.68497400471335,0.83092153
54.53,407.11511349580286,0.79968894
54.54,410.3138015226481,0.8152544
54.55,409.73318807242214,0.79629487
54.56,411.8528925019902,0.75908965
54.57,412.6302948155606,0.6373946
54.58,407.68923864735984,0.39749232
54.59,394.8223159355772,0.530504
54.6,402.2261138633763,0.7533871
54.61,406.1678411392672,0.78893465
54.62,409.6538810091612,0.691442
54.63,415.11989278660786,0.29562297
54.64,366.3055715614738,0.27904198
54.65,323.75309861474193,0.30895853
54.66,292.8557607358756,0.079712935
54.67,269.10509341839116,0.04906723
54.68,244.8322576836528,0.077101395
54.69,220.21733458559402,0.26740545
54.7,193.31011493628694,0.38522807
54.71,179.45150909786474,0.5468854
54.72,179.6969542173305,0.37021583
54.73,181.7686584448472,0.430529
54.74,188.8918631507639,0.37784034
54.75,204.17798223702778,0.5609165
54.76,209.60476306718434,0.41621473
54.77,232.8318618749463,0.267375
54.78,260.1435705187997,0.45066392
54.79,280.7522609882471,0.40275496
54.8,288.4809818267157,0.57158554
54.81,292.04386666411574,0.81087184
54.82,293.62603712450266,0.91491854
54.83,293.9174025127769,0.9314316
54.84,293.732219880479,0.8541909
54.85,294.70737778759167,0.67844766
54.86,298.16655355666836,0.4767156
54.87,337.5646080084985,0.16725364
54.88,346.18981862247443,0.51611537
54.89,332.63416600212105,0.27822897
54.9,332.56621190053977,0.3109013
54.91,341.4114389023586,0.4349336
54.92,337.1140786193515,0.44046766
54.93,332.56609583935665,0.4202876
54.94,329.9771231143187,0.21967086
54.95,336.62334403059907,0.35058603
54.96,335.8239214360668,0.352461
54.97,340.11713411404526,0.34786907
54.98,339.1767796641941,0.25604826
54.99,342.401463483751,0.2919139
55.0,371.8037608959502,0.16239724
55.01,391.65604229682197,0.39243862
55.02,398.58070838084166,0.5633596
55.03,404.946951094984,0.65219676
55.04,408.9879301278547,0.8569873
55.05,412.5616010503584,0.9491504
55.06,413.01088116137515,0.9113629
55.07,409.5431638233746,0.77291405
55.08,402.42296749865596,0.5990455
55.09,392.41499559962324,0.49513263
55.1,345.76935860330656,0.7855193
55.11,345.64811712075937,0.8509458
55.12,349.0382957906262,0.7875181
55.13,353.39991569283575,0.7013245
55.14,360.74437655872424,0.79119825
55.15,365.77989835062374,0.89682674
55.16,370.61062137507884,0.73522246
55.17,383.62377474641136,0.54123455
55.18,393.2247832631685,0.8944769
55.19,396.317121822034,0.9392641
55.2,397.444084648322,0.9208241
55.21,395.14389765768095,0.76896256
55.22,376.21442688598984,0.63682634
55.23,338.7264158410318,0.21262105
55.24,315.3908201378248,0.33442798
55.25,291.9100045945717,0.41411114
55.26,265.2544552990383,0.3075738
55.27,288.51829319403373,0.5923763
55.28,311.512231639668,0.70050734
55.29,343.6708375051843,0.5922017
55.3,374.3257276563878,0.13188067
55.31,400.2970351997335,0.119765505
55.32,438.15443562909854,0.38331714
55.33,445.03629185821745,0.70850563
55.34,449.09294166025734,0.90414846
55.35,451.14440202920525,0.88956475
55.36,446.59975412898825,0.7734557
55.37,435.6586944705941,0.5661213
55.38,393.5849094992099,0.18023764
55.39,349.93386378750137,0.48406106
55.4,347.8034579511752,0.5811303
55.41,323.986295241823,0.5211295
55.42,290.0731849508167,0.552522
55.43,300.141875593288,0.48755124
55.44,309.157059219305,0.36953342
55.45,337.26723491444557,0.2761618
55.46,343.25014381561067,0.31327948
55.47,383.47903296612935,0.73635143
55.48,385.34693632641483,0.8353346
55.49,386.0143487385359,0.7768611
55.5,387.3176955279652,0.65128785
55.51,383.8266097424341,0.36473757
55.52,339.63834722313163,0.24895747
55.53,296.5045591007138,0.4187569
55.54,288.72023428424984,0.59005225
55.55,275.2165700472733,0.3455142
55.56,259.8158231699546,0.61126214
55.57,252.95722017814165,0.7519632
55.58,251.37892027194042,0.87803787
55.59,281.2808640784064,0.80923057
55.6,325.2477134790343,0.19834112
55.61,360.44982484612103,0.1298155
55.62,372.39375504756987,0.2379688
55.63,389.18582858529584,0.4470814
55.64,389.56394813640384,0.45723605
55.65,391.13879627092433,0.8760448
55.66,392.62830504701503,0.8622535
55.67,392.54435705176604,0.72273254
55.68,392.45161706381487,0.5774011
55.69,354.586589749675,0.5290832
55.7,337.832137173032,0.5950485
55.71,333.45240171783394,0.83682704
55.72,332.1612905231063,0.9396258
55.73,330.70178929613184,0.9563331
55.74,328.8507887111506,0.82719135
55.75,320.81201553457845,0.5498367
55.76,312.67366199269316,0.71163374
55.77,306.813031468181,0.5547481
55.78,332.1090649105602,0.3287776
55.79,349.5914653579156,0.6111188
55.8,353.80342914110054,0.78666717
55.81,355.82903164393684,0.6842875
55.82,357.4303482024578,0.44497055
55.83,386.8806637186642,0.83322716
55.84,384.35109340783634,0.8168988
55.85,381.3132829035119,0.77943176
55.86,376.7894753797117,0.7174655
55.87,369.93536840027673,0.65105796
55.88,361.08175097625855,0.6214701
55.89,355.4293727019262,0.7469015
55.9,352.4079334436784,0.6623114
55.91,346.23689639584006,0.5061506
55.92,346.73698980258655,0.38613868
55.93,348.96960162128806,0.3236159
55.94,348.78171269250083,0.6484869
55.95,348.46408449129115,0.459707
55.96,342.34932801945007,0.18562698
55.97,332.769318711862,0.22019827
55.98,330.45573288606283,0.3587897
55.99,331.7951664819651,0.32370812
56.0,363.10076086802485,0.26829037
56.01,366.5735725392744,0.6080998
56.02,366.3757584802132,0.8145772
56.03,365.9607036966625,0.8819281
56.04,365.11699733337457,0.85674685
56.05,362.03983805013473,0.7476776
56.06,357.01634250676796,0.7013798
56.07,352.4311468530866,0.7421541
56.08,349.74088650823376,0.5547943
56.09,362.6887895190363,0.3314555
56.1,378.80589414470774,0.7800451
56.11,378.6030402492064,0.82793784
56.12,382.3766879226752,0.82513064
56.13,384.6551462003353,0.86123854
56.14,385.769704306834,0.89730537
56.15,384.6944580532669,0.90805113
56.16,382.106408798146,0.8810174
56.17,378.5668100429059,0.87903315
56.18,377.8192327132444,0.8481282
56.19,379.39623569519756,0.91979706
56.2,380.51341418187997,0.93836313
56.21,380.025579061019,0.93607175
56.22,379.6773840391287,0.93391556
56.23,380.2340615991884,0.9325186
56.24,381.53890456228874,0.90887046
56.25,385.3869730441737,0.9075005
56.26,388.81546933450636,0.9088159
56.27,390.96895652760224,0.90390813
56.28,392.7193607182906,0.9210202
56.29,393.51938501273713,0.90900314
56.3,393.2152799463049,0.90355116
56.31,391.47410214354494,0.8664685
56.32,390.8060180439309,0.87272763
56.33,391.5818996737292,0.83755106
56.34,392.2832787818263,0.8180824
56.35,392.1568859563014,0.73280716
56.36,391.3782747134355,0.72524995
56.37,390.60134882829493,0.7323862
56.38,389.35891727394767,0.8228462
56.39,391.7243417533222,0.6527158
56.4,393.94297093450007,0.7392126
56.41,388.1766235785323,0.62429863
56.42,383.49495969257634,0.6530117
56.43,383.774855464772,0.3109503
56.44,387.4811628438897,0.04193123
56.45,394.72081235175085,0.076734036
56.46,397.45538085728765,0.04156321
56.47,398.2851387729991,0.060815994
56.48,393.02915435037755,0.13469723
56.49,389.1868143580093,0.2229
56.5,392.4457124750382,0.2461271
56.51,394.75954476344435,0.14182256
56.52,429.3004940149807,0.14768884
56.53,398.58823811082175,0.121501535
56.54,399.54122294509574,0.12715867
56.55,400.63153951047684,0.12029094
56.56,399.0185039830564,0.21869063
56.57,395.9697042758949,0.11817228
56.58,396.65652274608567,0.079926185
56.59,393.9310719052657,0.19820955
56.6,393.1629749239892,0.060946584
56.61,391.4463363959892,0.08786159
56.62,394.7469480107187,0.15235347
56.63,393.914073391131,0.31467322
56.64,391.56294136532296,0.5083209
56.65,391.333266341614,0.6448445
56.66,390.59301983569304,0.32769778
56.67,389.0623104599936,0.1607143
56.68,394.5602400056833,0.02275676
56.69,416.5533638551221,0.018719675
56.7,435.58670954964833,0.08368393
56.71,448.1230105110973,0.1460974
56.72,454.9389223299613,0.38759285
56.73,426.54574359743947,0.13976829
56.74,387.6034836333779,0.12156679
56.75,352.85261094830724,0.21139264
56.76,326.0248543145895,0.34733763
56.77,304.86559511230223,0.2847074
56.78,313.5868731901069,0.45074317
56.79,324.9196082641004,0.40227795
56.8,359.23083812955974,0.44921613
56.81,366.40783653271217,0.52861434
56.82,396.77310162343224,0.39196151
56.83,403.0931134895436,0.6853832
56.84,404.4516530918577,0.6097082
56.85,404.2422113290195,0.78273773
56.86,401.6529239671015,0.77022445
56.87,393.18344587079673,0.62725806
56.88,382.12380850133235,0.556972
56.89,373.0456497330897,0.6076268
56.9,366.790815389306,0.72812897
56.91,357.9587607458489,0.6890763
56.92,347.6568143799113,0.6531334
56.93,335.4509426660085,0.61294425
56.94,327.0261542052773,0.4320796
56.95,298.19594480689665,0.5198093
56.96,292.2610072322414,0.5187265
56.97,276.61008685907876,0.46444857
56.98,268.2492760862367,0.59467626
56.99,255.53658227574044,0.50456315
57.0,243.06979574985553,0.6538919
57.01,236.49943123654242,0.55506855
57.02,222.9427844530588,0.39831284
57.03,208.3945293973402,0.51496506
57.04,185.26428542074328,0.15710102
57.05,162.29128857234485,0.26591069
57.06,158.2420522621931,0.6410527
57.07,155.28357924326448,0.8246949
57.08,152.10857997926365,0.8082578
57.09,148.8379579631806,0.84852403
57.1,146.63929485387735,0.89701605
57.11,145.06377656531117,0.83143526
57.12,141.18330903146446,0.6079658
57.13,137.249254889715,0.51350546
57.14,129.91958666659565,0.25976223
57.15,123.19642841927957,0.22724004
57.16,115.45808363964659,0.1332752
57.17,111.64105671631498,0.16020373
57.18,108.85170402489155,0.2689542
57.19,107.07947857676983,0.64075714
57.2,106.07370309500166,0.6393013
57.21,105.75069300022393,0.22412787
57.22,115.32454756236781,0.03954319
57.23,133.6891835468074,0.031724997
57.24,148.05314300535724,0.02104912
57.25,149.94432555173074,0.19790563
57.26,163.34351992297843,0.056000035
57.27,147.2635628971973,0.054186277
57.28,133.76250966627256,0.09008772
57.29,134.6993654725295,0.57167906
57.3,138.87748160749732,0.62318754
57.31,139.26092082341964,0.7828143
57.32,138.95338706132213,0.8846273
57.33,137.57412899269443,0.84491634
57.34,135.06235041730343,0.72306335
57.35,131.19859554966098,0.6195459
57.36,125.08754915330204,0.6488739
57.37,121.84377735504113,0.4475171
57.38,110.94180655719683,0.3219992
57.39,119.18126090048946,0.07743346
57.4,130.21541122439268,0.039872102
57.41,132.3718624874378,0.048397534
57.42,141.89027718095642,0.04801596
57.43,152.89233453468472,0.10663905
57.44,169.5806037533271,0.10706277
57.45,181.32035748661906,0.2367776
57.46,180.55492868966587,0.47929522
57.47,178.00227422347277,0.62368727
57.48,176.8594497360798,0.7758753
57.49,176.00483186522348,0.8216202
57.5,176.6134112724279,0.8415017
57.51,179.10204392481387,0.89695936
57.52,182.27489196690976,0.8173431
57.53,185.61447018878712,0.6251163
57.54,202.8806304200901,0.43836987
57.55,224.1081398116829,0.2527013
57.56,243.79156373643613,0.40741116
57.57,267.5040105555413,0.4202653
57.58,298.95120135681316,0.33670574
57.59,307.61460455232736,0.24404205
57.6,316.0009839155697,0.5167399
57.61,349.50007996775946,0.25512707
57.62,397.0966460752746,0.34472406
57.63,396.1936978818102,0.7213643
57.64,397.14387814161086,0.8227324
57.65,396.7608934053719,0.8307521
57.66,393.3165581237535,0.7651262
57.67,392.28284842504144,0.66992056
57.68,393.44681047460716,0.36544362
57.69,390.32776661860237,0.5131224
57.7,383.2808926390097,0.61890817
57.71,383.09109365313475,0.76197535
57.72,382.15535985484155,0.7573712
57.73,381.7322980091237,0.7590549
57.74,379.05137756157023,0.7120654
57.75,376.1965190695107,0.629455
57.76,367.6375187454457,0.6375803
57.77,361.04593503010096,0.70336086
57.78,357.5995397416119,0.7038976
57.79,354.284848634667,0.5127453
57.8,379.27897205559407,0.46851346
57.81,379.0776904476644,0.6873899
57.82,360.00088259265954,0.5231369
57.83,354.2478861096723,0.857753
57.84,351.0373278096636,0.8557436
57.85,348.39778674458216,0.77069485
57.86,344.9227134138951,0.60535675
57.87,342.1498051917637,0.437849
57.88,324.65168318994813,0.2692617
57.89,300.92012021549664,0.117191985
57.9,315.5382295657687,0.1440368
57.91,333.2900162243555,0.07149237
57.92,364.7877956641003,0.087349474
57.93,379.79715261159765,0.30904016
57.94,393.45919635727023,0.29042974
57.95,395.973210713994,0.49866462
57.96,398.2523765344675,0.5369005
57.97,398.7762721471037,0.09014594
57.98,402.9130080114708,0.15232792
57.99,393.68482955601155,0.46302104
58.0,391.1988093004786,0.61119276
58.01,393.9877363572219,0.613996
58.02,391.642036267132,0.49164096
58.03,392.51538913955767,0.44327083
58.04,394.4710701758657,0.6091675
58.05,399.1351192208233,0.36811936
58.06,400.39599762468123,0.15532996
58.07,403.9466847163001,0.069814526
58.08,397.43842245092054,0.19677016
58.09,393.45479174057755,0.22986327
58.1,392.7037695738037,0.34132618
58.11,392.2547293124131,0.1441224
58.12,391.0671938863101,0.026178844
58.13,340.71469600384654,0.038052246
58.14,309.8411617764706,0.09042066
58.15,317.858836793884,0.11798252
58.16,321.7559472063251,0.1593668
58.17,290.2646846124427,0.23650222
58.18,257.1241113521373,0.14849924
58.19,229.25541650734826,0.07235884
58.2,221.8663674677194,0.06940612
58.21,202.82710420573198,0.058097508
58.22,208.38818921953344,0.32020697
58.23,209.4920700643094,0.39673337
58.24,208.58364227702134,0.56115514
58.25,208.68277876755485,0.60522366
58.26,213.04230294132847,0.48215923
58.27,207.23959148863742,0.6134452
58.28,203.51910569869847,0.6125584
58.29,198.23911556773373,0.40368995
58.3,183.6152163019285,0.59654087
58.31,176.4022595355505,0.5888519
58.32,171.41965226685875,0.4201136
58.33,182.982503597846,0.20364691
58.34,198.73828990856964,0.051117014
58.35,198.43680181404568,0.34949917
58.36,200.95337861013587,0.22297707
58.37,202.12998975180423,0.368192
58.38,202.64782070360465,0.06862013
58.39,209.3946607180252,0.036062106
58.4,213.36094382377425,0.01841449
58.41,216.0512808672779,0.028179374
58.42,217.8355016682026,0.11313558
58.43,219.68847429211905,0.14906909
58.44,220.6600189673352,0.121966496
58.45,238.72366353537998,0.41136461
58.46,243.30444112730842,0.56237686
58.47,248.10305295551302,0.72737086
58.48,248.42094501502208,0.8366931
58.49,248.6616446872041,0.858537
58.5,246.63931761063154,0.80792004
58.51,243.12079884814813,0.77261984
58.52,241.49098847674622,0.6495756
58.53,240.80941552853628,0.68417
58.54,239.60390530853562,0.8879038
58.55,240.52698878418627,0.7346785
58.56,241.31383410076916,0.5077145
58.57,239.1725537239056,0.5671561
58.58,238.35481247083322,0.7483704
58.59,236.99559400478017,0.8750361
58.6,236.11494099668886,0.9170961
58.61,236.9394389535549,0.9100526
58.62,239.12687039396513,0.847272
58.63,243.15001128591805,0.68663406
58.64,246.07672587165922,0.7179795
58.65,247.80728420205452,0.8002508
58.66,246.9618143408472,0.65376323
58.67,243.55857812491058,0.43480286
58.68,237.5571747723616,0.6532232
58.69,240.6861952527742,0.5112997
58.7,242.57361523968626,0.60270983
58.71,241.73265733057232,0.8394097
58.72,241.3726277606997,0.8624913
58.73,239.117767682563,0.84877294
58.74,236.34942414471124,0.8431422
58.75,235.13753124825024,0.7650654
58.76,232.14976698982434,0.73723423
58.77,231.45123853080838,0.7224477
58.78,234.06017207380762,0.64899164
58.79,237.40797205737192,0.6241372
58.8,241.98604414777628,0.7388072
58.81,244.74347979950042,0.8349957
58.82,245.31653886624656,0.8891816
58.83,244.83612887796366,0.88224
58.84,243.77720438546152,0.7852807
58.85,240.85518180768062,0.72100925
58.86,236.46632209988158,0.69701815
58.87,233.84308323174542,0.7183046
58.88,231.3464863086307,0.659036
58.89,228.4303889809051,0.7093973
58.9,225.939580441714,0.56207454
58.91,224.1420156050433,0.41056404
58.92,223.7576727206317,0.41221392
58.93,225.1231844271104,0.53084177
58.94,227.58265737740055,0.54750985
58.95,231.353947631521,0.65395373
58.96,235.4062746256622,0.6901357
58.97,239.09324200351395,0.76032114
58.98,241.7113394722716,0.83081824
58.99,243.48949757854984,0.8489541
59.0,244.46301796663093,0.85254276
59.01,244.79619061833833,0.84342086
59.02,243.3025968571567,0.8641127
59.03,241.2520542751506,0.87837386
59.04,239.00150235318765,0.83039194
59.05,235.0795854421241,0.8346018
59.06,232.22998475718168,0.80292755
59.07,230.03131928509583,0.7135557
59.08,228.66486964856915,0.7617069
59.09,229.80104571728472,0.75008374
59.1,232.03099704345323,0.7454947
59.11,234.4429516087965,0.6500148
59.12,237.40240917234556,0.6286237
59.13,240.49034815242845,0.43245214
59.14,242.60707612166738,0.5046768
59.15,243.13750428921114,0.66003823
59.16,242.80225175580327,0.7419493
59.17,242.661941651977,0.745412
59.18,242.0117789570935,0.65924376
59.19,241.3780485092571,0.4852418
59.2,240.22778256731314,0.6777963
59.21,238.31049211955138,0.7954302
59.22,236.21323190587498,0.8428573
59.23,234.5392201096004,0.8552428
59.24,233.12108643752754,0.78837156
59.25,229.70976549263776,0.65588725
59.26,225.83091113727147,0.7312663
59.27,226.15575906252016,0.74319327
59.28,226.75651927830503,0.66984475
59.29,223.39996767881672,0.7629334
59.3,221.3382800503017,0.79349494
59.31,218.76240762610985,0.84010875
59.32,216.60946412758423,0.8073771
59.33,214.05269493673507,0.60490924
59.34,212.9825504179041,0.6330379
59.35,209.7457780830081,0.6268489
59.36,203.20989720146224,0.5488405
59.37,191.5529594390426,0.4031868
59.38,184.83136906972965,0.6109445
59.39,178.95483993077502,0.671799
59.4,174.81826340610613,0.7569312
59.41,172.0494156232146,0.6759443
59.42,165.7954641010531,0.5021611
59.43,154.32023247856003,0.4351096
59.44,149.05779425158553,0.6225867
59.45,145.94752660726874,0.58715874
59.46,154.20634527126853,0.4316426
59.47,173.78476122069264,0.39528438
59.48,194.12791178339563,0.33676583
59.49,213.98377817513767,0.5408667
59.5,233.56617707246343,0.32423225
59.51,249.65819610499295,0.12659457
59.52,272.4002660627502,0.041890323
59.53,294.33600520897403,0.013448282
59.54,320.8383559874375,0.01913834
59.55,345.4745738002687,0.09678158
59.56,387.3328184937785,0.11332935
59.57,426.0331630890894,0.06880178
59.58,446.10474140751955,0.09848151
59.59,444.31972379612307,0.38549227
59.6,446.09325225935197,0.14752756
59.61,443.31835761438634,0.14630999
59.62,447.6721205920851,0.09791987
59.63,456.13108293584037,0.044144522
59.64,459.1408929653806,0.07946435
59.65,458.2047798917313,0.24550444
59.66,446.0489976361837,0.04571179
59.67,441.5789947284474,0.11143899
59.68,428.8645062326175,0.14367071
59.69,422.24513595843905,0.24617164
59.7,421.9853085393191,0.43356845
59.71,422.79543843318254,0.41096276
59.72,437.87132111373836,0.3399528
59.73,439.7333487918323,0.21190237
59.74,442.6292506201415,0.062110893
59.75,452.217094546368,0.04184372
59.76,456.96047934490167,0.010809573
59.77,448.15913147013845,0.04458217
59.78,437.79945335318587,0.0556635
59.79,428.34780081954705,0.028926896
59.8,404.19295443564573,0.03621686
59.81,374.54545121651114,0.030570919
59.82,365.98785069487724,0.13041586
59.83,388.79299256889794,0.42008358
59.84,377.29279704348676,0.59664947
59.85,345.0453773123474,0.73323905
59.86,313.0504122937682,0.31045407
59.87,293.9424761152986,0.5849543
59.88,267.02410659105595,0.40667614
59.89,250.3092192224636,0.15103228
59.9,230.59136066081146,0.049373444
59.91,208.14955443113314,0.010930469
59.92,197.51582251518172,0.048713766
59.93,204.8736638416901,0.13617733
59.94,208.77160268924868,0.2901742
59.95,215.4298160549542,0.39304247
59.96,237.7262318298079,0.40691704
59.97,271.4330132253697,0.34926584
59.98,301.98803793546733,0.22821495
59.99,327.02800020921364,0.40974933
60.0,330.61050375801346,0.54376024
60.01,306.62631291997843,0.35874075
60.02,329.9004811364425,0.18106659
60.03,349.69653563888784,0.8443603
60.04,360.65002438429076,0.9174349
60.05,368.27033597503055,0.9205472
60.06,371.4299967023274,0.84172636
60.07,372.6529636983975,0.7755712
60.08,371.6202020570497,0.77511173
60.09,367.3950465763207,0.6332929
60.1,355.0436715710863,0.45397618
60.11,331.41927161056657,0.53407264
60.12,329.1413942457984,0.6671219
60.13,327.94381547834865,0.5606584
60.14,322.2002299396297,0.40496078
60.15,329.1167138103963,0.35005116
60.16,341.07614045945513,0.2571013
60.17,367.2353183019512,0.28363186
60.18,402.4812672235306,0.36805022
60.19,437.0152468775025,0.23702094
60.2,455.2202340564354,0.19181444
60.21,497.27077061097077,0.24333934
60.22,465.1126490791483,0.6681888
60.23,465.8380467147549,0.81203365
60.24,465.68380137483365,0.86410725
60.25,465.98255522011607,0.8460746
60.26,464.94604506208407,0.8599409
60.27,463.0354482775449,0.78251654
60.28,461.46072948487824,0.67338324
60.29,458.40963345054547,0.36941
60.3,460.3426775296885,0.7043797
60.31,495.3561385200518,0.8613415
60.32,521.1226310668494,0.8857482
60.33,526.0202722400767,0.85454077
60.34,522.7772219157217,0.819104
60.35,527.6894139771322,0.7115226
60.36,549.5464209718458,0.75267136
60.37,577.8831932294947,0.558594
60.38,582.2458092259757,0.5806454
60.39,581.813614187168,0.73104864
60.4,544.9266126890645,0.66019505
60.41,533.5717009334941,0.2848914
60.42,475.6190413347106,0.18441719
60.43,462.8343414181877,0.13325766
60.44,452.61298208510965,0.22169596
60.45,471.71358162959496,0.21261598
60.46,492.45561413076274,0.21847427
60.47,493.8655638287611,0.15574723
60.48,501.28024471954564,0.26618502
60.49,491.30525140313,0.28742138
60.5,482.2982600928197,0.24481301
60.51,475.9132640878957,0.20738107
60.52,475.75223422183456,0.0957645
60.53,482.6976412753117,0.065867394
60.54,489.02138503644983,0.089202285
60.55,505.27858978246405,0.10886337
60.56,563.044148077124,0.07718424
60.57,585.4142048214878,0.06019594
60.58,586.0299970642603,0.11729794
60.59,546.5098126512601,0.069487095
60.6,497.2507741839715,0.37133312
60.61,474.3804520479613,0.32176802
60.62,449.77565172770755,0.3825453
60.63,403.3239700600625,0.12792444
60.64,378.6890921763108,0.14626403
60.65,357.6659772633474,0.17954257
60.66,345.4581082296568,0.20120083
60.67,318.12361567819744,0.11081506
60.68,301.5911487124115,0.076759055
60.69,284.7068574788955,0.0731465
60.7,274.666145492577,0.1998587
60.71,248.89886067096393,0.37643585
60.72,235.76447175088907,0.36064008
60.73,226.2520502973269,0.24677092
60.74,225.5558294968519,0.33342344
60.75,225.87394023472388,0.34559086
60.76,228.0725296602198,0.34926698
60.77,232.12292225671874,0.3134083
60.78,238.60477709586476,0.3920391
60.79,241.35967460101324,0.36943722
60.8,241.94232190654787,0.43582594
60.81,248.71983992371491,0.43082318
60.82,275.74930396675165,0.33737528
60.83,286.26313917342094,0.6443009
60.84,283.9476605357957,0.56179935
60.85,277.51371628974914,0.63385516
60.86,271.7307544560306,0.69669616
60.87,266.3230729482172,0.6296923
60.88,266.55779518259544,0.4807913
60.89,268.7725656144544,0.57075405
60.9,267.72717107846876,0.48742762
60.91,269.14428547698975,0.345262
60.92,296.3116439376272,0.23045084
60.93,310.9438467546424,0.42410803
60.94,308.018214448113,0.52635723
60.95,304.9792385288158,0.5744626
60.96,301.24874212422816,0.62167
60.97,297.5699003886415,0.38112262
60.98,300.7965164029775,0.09715006
60.99,273.3257412772466,0.08475918
61.0,272.3785860812573,0.09468943
61.01,274.37334975845647,0.09841028
61.02,244.67505061536576,0.038120702
61.03,219.31891599076494,0.015840797
61.04,193.78252612021032,0.44587603
61.05,195.93586576790327,0.61015254
61.06,201.56073101345285,0.675945
61.07,204.39467796754812,0.70087975
61.08,205.5362810650274,0.7642247
61.09,207.45141653390715,0.7539437
61.1,224.64896624338883,0.4343865
61.11,245.32428283697826,0.32444513
61.12,251.67324226400805,0.3427941
61.13,253.24147425691987,0.40479323
61.14,253.02554440623942,0.38669676
61.15,280.43883423755926,0.50449944
61.16,325.8377187382749,0.2840624
61.17,372.0761754423553,0.24202187
61.18,375.46793092985416,0.6579359
61.19,377.5521078952837,0.8221852
61.2,382.2696728263724,0.86515814
61.21,387.82756865228777,0.8906807
61.22,389.6385628937775,0.9221618
61.23,391.54538739018835,0.9428278
61.24,392.6316352722716,0.95744365
61.25,392.5580275642027,0.9283268
61.26,393.9092785357463,0.8492547
61.27,396.5329984116503,0.761573
61.28,401.44942115851063,0.57303417
61.29,396.53867019575193,0.19347215
61.3,388.0997401953801,0.46276623
61.31,383.15728276076527,0.5288686
61.32,380.9405068551921,0.54308385
61.33,382.18991692497076,0.49641106
61.34,365.4386221690918,0.35223797
61.35,330.0604538317322,0.4276533
61.36,309.97307687014546,0.8045804
61.37,303.6439924413854,0.9078162
61.38,302.25925812546586,0.9490281
61.39,305.87824298093915,0.83981365
61.4,316.904887089205,0.6716326
61.41,341.42036859290675,0.37516975
61.42,351.4827590275386,0.81176394
61.43,353.7712806795599,0.3547106
61.44,398.03513755233166,0.791671
61.45,395.5164726531024,0.8146111
61.46,389.9817175888261,0.6939976
61.47,383.5027663270992,0.6857273
61.48,380.5269979408549,0.7008125
61.49,369.4490088726897,0.35226998
61.5,354.498594047913,0.45854202
61.51,350.0157592520193,0.5380223
61.52,333.58493961838315,0.3815717
61.53,310.8744651084687,0.27674338
61.54,300.30959255999255,0.26148102
61.55,287.51927151577615,0.2829652
61.56,272.5111006066578,0.17953302
61.57,262.46539008678144,0.1543851
61.58,252.63778650525944,0.68189454
61.59,226.4875179731305,0.77645147
61.6,216.5788134018318,0.22801153
61.61,204.8615164980934,0.42260623
61.62,197.4415513166797,0.03940662
61.63,200.51541901988276,0.14959015
61.64,198.00155970685321,0.5344517
61.65,197.49392551775284,0.4096251
61.66,198.34447248356582,0.2574797
61.67,205.01625978060724,0.20196846
61.68,211.9640707990896,0.23985685
61.69,231.51212054899935,0.26765573
61.7,252.59142519369635,0.44905442
61.71,249.82404826246795,0.3371634
61.72,243.12391040599718,0.33502176
61.73,234.28678415423465,0.27182713
61.74,218.31971490836736,0.09856846
61.75,195.1935299265619,0.21010436
61.76,185.08001298570932,0.19805652
61.77,180.4610500143019,0.5417047
61.78,183.12177526872279,0.78551096
61.79,186.6863107304418,0.55866
61.8,204.07037650011776,0.36194757
61.81,207.22861155511563,0.3159522
61.82,229.30168890606956,0.28046346
61.83,249.86287952626373,0.45967147
61.84,256.8783047758528,0.5704209
61.85,263.5632887173383,0.68560916
61.86,267.63926715775085,0.91076416
61.87,270.44723947543224,0.9427684
61.88,271.3223888952536,0.9663612
61.89,270.3317546676129,0.93752205
61.9,266.8376988995902,0.8784453
61.91,260.8999262282439,0.70227027
61.92,253.2460864579177,0.7029159
61.93,245.31045578483995,0.58031
61.94,234.51584769649912,0.59025586
61.95,228.6198915579323,0.58960354
61.96,223.4655469924008,0.54792106
61.97,208.05584396642925,0.32173932
61.98,188.15038852732275,0.19158965
61.99,194.54093553835438,0.07318319
62.0,203.31496139063955,0.1296829
62.01,216.20698414022854,0.22232093
62.02,226.20530916331228,0.21241331
62.03,233.85445966295748,0.16176635
62.04,238.40515878676257,0.48794284
62.05,235.08363182554405,0.6288907
62.06,227.34902071784035,0.6396627
62.07,221.5285571270955,0.6781904
62.08,227.45893215695605,0.33573022
62.09,245.47010977783975,0.7613456
62.1,250.2112203859263,0.915168
62.11,254.00013724663356,0.9323009
62.12,255.0562401292135,0.8749489
62.13,249.51480688509204,0.70248926
62.14,241.18683723705462,0.61790246
62.15,238.57334524021053,0.58355176
62.16,239.67485766660445,0.15234084
62.17,242.7246546712404,0.55387074
62.18,247.1162203476267,0.6219955
62.19,248.87573390030587,0.33860368
62.2,252.67780476049782,0.23804215
62.21,253.23272938092006,0.4034922
62.22,250.48593046770182,0.44676557
62.23,238.78893459080402,0.23105024
62.24,247.01610304671857,0.11178501
62.25,245.98602388303803,0.19863823
62.26,246.91076883456535,0.12993453
62.27,247.97848167560088,0.20742683
62.28,245.26446232018955,0.17228091
62.29,239.0529529893227,0.075748205
62.3,234.4685981519423,0.018100917
62.31,231.0043625382605,0.057299897
62.32,226.9180063765662,0.03422989
62.33,222.9813750894181,0.014477751
62.34,219.7757193249095,0.3150947
62.35,224.02648136116764,0.44653255
62.36,235.0877558770173,0.47343248
62.37,238.70168541545763,0.6410693
62.38,241.75206929231393,0.79947984
62.39,244.8457354288314,0.8761878
62.4,246.0150356225576,0.87049097
62.41,245.70674524786074,0.7471429
62.42,245.01833522349872,0.62146574
62.43,251.48976224187652,0.6748495
62.44,255.7210314593953,0.86553603
62.45,254.41018207926518,0.86855793
62.46,249.99429661018326,0.8746335
62.47,246.38862407610185,0.81425625
62.48,239.91083927455722,0.7438057
62.49,238.49761262906674,0.8211485
62.5,238.44824301665648,0.8555529
62.51,238.66259559231085,0.8911814
62.52,237.7395533009607,0.91896915
62.53,236.52941851477308,0.9349781
62.54,234.90733976408876,0.89823264
62.55,232.51327229363213,0.8441454
62.56,229.06639856188403,0.6970189
62.57,224.37009504585788,0.71175116
62.58,221.54209345727733,0.8521217
62.59,220.13321632020916,0.90184695
62.6,217.8071651725622,0.8541467
62.61,214.33452628883575,0.7873769
62.62,211.81239754121623,0.8496362
62.63,212.06710911443096,0.8546721
62.64,218.11374455686743,0.5286523
62.65,229.34819803784134,0.3196451
62.66,242.34134520950357,0.58184767
62.67,245.5002398715451,0.71681863
62.68,248.87137983923975,0.85361016
62.69,250.5681268563273,0.9133833
62.7,251.0132090056319,0.92581797
62.71,250.23932134532305,0.93165946
62.72,248.90143354887408,0.892902
62.73,247.0869925381589,0.88182247
62.74,244.35938065674537,0.8314899
62.75,241.2194321339233,0.6771448
62.76,241.50247223626616,0.5259434
62.77,242.55361832393908,0.5909048
62.78,245.17648927171388,0.4933749
62.79,249.0536239445408,0.5836398
62.8,254.32491465659797,0.7291962
62.81,258.9783002883614,0.7409583
62.82,263.070440304719,0.75946355
62.83,265.8804968460605,0.8124222
62.84,266.56860843742083,0.8064171
62.85,266.66072896430927,0.61274415
62.86,266.77684135024,0.59163076
62.87,264.39075587321844,0.37458715
62.88,248.58438337651137,0.5584651
62.89,246.31037792792745,0.7701373
62.9,246.70663796739308,0.73073846
62.91,247.49977078130553,0.567776
62.92,246.57485611396754,0.7651378
62.93,245.34318069971062,0.81926787
62.94,244.1818345604676,0.85478574
62.95,244.03500844604665,0.8079319
62.96,245.72207854643094,0.62949455
62.97,249.23366715497335,0.4355691
62.98,251.36576362862132,0.7314612
62.99,251.88179762523225,0.85156894
63.0,252.9908580195578,0.8766821
63.01,254.13194821527256,0.87360036
63.02,254.9754018678821,0.894506
63.03,255.1579688841705,0.89189625
63.04,253.52730584518287,0.84752685
63.05,251.0411078840599,0.7795233
63.06,247.79422788046386,0.8353154
63.07,245.38055223902788,0.80460507
63.08,244.61565245466275,0.65526164
63.09,244.11077043539558,0.6802177
63.1,244.08161668147838,0.84908557
63.11,244.71691529142697,0.83334744
63.12,245.3205637076512,0.5926046
63.13,246.89911527589368,0.68214136
63.14,249.42015005146075,0.6980512
63.15,253.09286549965265,0.79205024
63.16,256.455338013729,0.83855927
63.17,260.66033328901244,0.84129304
63.18,262.1606459798206,0.9329181
63.19,258.8433119199628,0.8907973
63.2,253.3450121255973,0.848978
63.21,248.01548995567384,0.7704416
63.22,241.28726147818045,0.78584117
63.23,234.5890335411312,0.43805066
63.24,219.774993891063,0.54027534
63.25,204.46748696951204,0.1293658
63.26,179.70916600625895,0.13798876
63.27,160.50151289829304,0.21665747
63.28,151.5396559489563,0.23852035
63.29,146.87069919967544,0.4029434
63.3,136.71198435224542,0.32008258
63.31,133.91496189018707,0.034164067
63.32,127.5565234658502,0.03738414
63.33,120.74230382507426,0.39454585
63.34,110.63362547309005,0.18576454
63.35,104.74323503429558,0.047346547
63.36,106.1553537892921,0.063919194
63.37,106.72318229722026,0.0863536
63.38,106.71641462963366,0.09555152
63.39,105.40077128787482,0.21985795
63.4,106.3393554715959,0.26310948
63.41,105.14186302843925,0.36994258
63.42,102.853366792079,0.14954151
63.43,102.0655439786833,0.2934964
63.44,102.71680706512262,0.40501618
63.45,103.9985502589239,0.21775655
63.46,104.15644176523615,0.16058724
63.47,105.43078242758222,0.21858895
63.48,108.8847406832903,0.10158374
63.49,110.19982285639598,0.03345069
63.5,111.7774193456793,0.030673383
63.51,113.29077987638104,0.042370014
63.52,116.81533922911363,0.06491347
63.53,117.22017832805244,0.1372625
63.54,120.00049617810393,0.12299947
63.55,120.61101007751853,0.114191025
63.56,120.91602377762914,0.1394714
63.57,121.60623756552116,0.13606554
63.58,122.10480755470871,0.22173098
63.59,122.37978890716388,0.58955324
63.6,124.53237980371809,0.68162596
63.61,131.78588836054442,0.5857205
63.62,136.61871989803052,0.5106849
63.63,140.6047852463232,0.23609215
63.64,151.07267909819856,0.18564758
63.65,165.6900372321222,0.22814463
63.66,169.87853010910342,0.24557057
63.67,177.14375097010168,0.4821582
63.68,184.8016406600015,0.15955621
63.69,198.2279206890783,0.13192712
63.7,212.80566873789908,0.13355932
63.71,224.53284662758085,0.11304334
63.72,235.64075524843298,0.19547279
63.73,254.06667031411118,0.37280178
63.74,256.5368926970611,0.53988403
63.75,261.90186746138176,0.6176546
63.76,264.0876441912102,0.25187504
63.77,298.41722194153436,0.47693443
63.78,306.1534428420446,0.30819455
63.79,338.51754291624593,0.5593493
63.8,354.2347093451526,0.7629881
63.81,356.4818379673221,0.6784792
63.82,388.2281604496567,0.44375333
63.83,392.7009869417144,0.81949866
63.84,393.1967608857238,0.8515795
63.85,392.0035899046823,0.78201866
63.86,385.6766770992828,0.7409029
63.87,384.1914417164076,0.6685323
63.88,381.2275191018717,0.4994756
63.89,391.2531256744244,0.3213251
63.9,404.5296349292345,0.39368734
63.91,402.0430442992187,0.7034936
63.92,399.5380407248248,0.8476731
63.93,399.8610852470511,0.86129457
63.94,401.59955256362736,0.8961736
63.95,402.6239740412612,0.909697
63.96,403.56308792512664,0.90835917
63.97,403.80033739779896,0.89807254
63.98,404.4328836725816,0.8760791
63.99,405.2298172745068,0.87980914
64.0,404.1957971323871,0.86502343
64.01,400.73513693067,0.7430246
64.02,386.70197415811504,0.45557073
64.03,369.36540078388396,0.38026237
64.04,358.32141403250034,0.4721094
64.05,350.2464141448823,0.46417183
64.06,321.64317073542486,0.41526246
64.07,288.14666555666287,0.4984847
64.08,254.51022096783407,0.37072927
64.09,230.5907024169571,0.5940944
64.1,225.8394311607819,0.5119951
64.11,219.867302460712,0.26510343
64.12,198.00181199229812,0.42303145
64.13,177.95016859351617,0.52457595
64.14,156.3551648275694,0.5054075
64.15,145.11699195698034,0.51713747
64.16,132.75219771922855,0.18818283
64.17,129.8942536535438,0.1373968
64.18,118.82808885975493,0.12691022
64.19,121.84787742368472,0.0324671
64.2,128.25749888371726,0.088446744
64.21,132.55494961609526,0.059042312
64.22,137.6911079195712,0.12750638
64.23,138.68417692908213,0.15965104
64.24,132.15029545267137,0.2600636
64.25,137.02972384555375,0.20213006
64.26,146.75849894655272,0.5151022
64.27,148.12831515459126,0.8134529
64.28,149.8898651880062,0.88913554
64.29,151.8647941968141,0.8847173
64.3,155.73210337484835,0.7372735
64.31,163.11267947728285,0.6347566
64.32,174.36392187594632,0.5022926
64.33,180.2417419886536,0.51634145
64.34,193.49142090168297,0.34022132
64.35,216.73298413407608,0.60476667
64.36,244.59637373370228,0.47401986
64.37,268.35525353754144,0.16791075
64.38,296.03999027791673,0.2055534
64.39,327.60462633848164,0.53116614
64.4,363.1210407413184,0.5903634
64.41,393.234898428845,0.3114881
64.42,428.50574990144645,0.1275776
64.43,429.82313740057566,0.670472
64.44,432.2251414795618,0.79014915
64.45,432.48355884973125,0.7546177
64.46,430.14809994978395,0.581564
64.47,429.71529656903243,0.41149634
64.48,412.5559704430646,0.31744742
64.49,394.3976744374058,0.40664846
64.5,374.5223184676132,0.36548045
64.51,368.4513550316808,0.5042811
64.52,401.1416123834889,0.34943312
64.53,446.84702728840693,0.25956336
64.54,462.3741969254609,0.4517476
64.55,468.2781254385194,0.64723814
64.56,475.74832888856395,0.53105134
64.57,490.5579160469401,0.7490415
64.58,496.5784499047564,0.83978623
64.59,501.22037205753975,0.7263012
64.6,497.3509783363182,0.35577706
64.61,469.9978698761007,0.5459414
64.62,472.0757505751808,0.7812642
64.63,472.39757608046,0.65317315
64.64,462.94659751167563,0.6329938
64.65,458.8658123681282,0.6705535
64.66,468.50163756417777,0.57346344
64.67,470.70202502774146,0.55498666
64.68,478.2824524066655,0.52242464
64.69,483.9477368413949,0.41000777
64.7,482.35920262783156,0.4001689
64.71,472.99801158717656,0.47473848
64.72,472.75352164178696,0.60719883
64.73,472.61077651872813,0.4758657
64.74,472.0777585494453,0.5739689
64.75,469.19962763767046,0.67361474
64.76,468.63068905682945,0.49981618
64.77,482.4714753107913,0.35212678
64.78,488.34534621707064,0.48513347
64.79,479.3397532028307,0.40579984
64.8,477.46340399681117,0.3774155
64.81,477.59956706972304,0.40354827
64.82,478.4863513869834,0.46520224
64.83,475.16809724830966,0.5263504
64.84,469.5097739604882,0.43877983
64.85,466.6228646007728,0.35471883
64.86,467.28587960100754,0.14792402
64.87,469.8477695438772,0.16714667
64.88,472.3905489778489,0.1855072
64.89,471.8396509594455,0.26723135
64.9,427.1216459891113,0.16043301
64.91,456.66147707086617,0.16606018
64.92,482.49522214256683,0.08682442
64.93,480.40000352389404,0.118193075
64.94,483.20227733947405,0.23310283
64.95,483.52358824460214,0.27775693
64.96,482.25325833112163,0.262345
64.97,483.6675352322178,0.1804135
64.98,485.44028309936414,0.55136317
64.99,485.42655788269167,0.48266435
65.0,483.08945121984425,0.5709798
65.01,487.1028930089357,0.59717727
65.02,488.947056356351,0.7214309
65.03,486.88600743945875,0.6550303
65.04,485.2290696642379,0.71253735
65.05,484.3788489196334,0.6698913
65.06,483.53460371664994,0.7307071
65.07,479.6717279329112,0.7238165
65.08,475.2399624211439,0.79881513
65.09,475.8242025476238,0.7831417
65.1,482.07107810675205,0.683566
65.11,488.404843192419,0.8121259
65.12,486.4537399180847,0.8463201
65.13,480.9931633474928,0.87363696
65.14,480.01603109255433,0.91061944
65.15,479.1056793936481,0.91866195
65.16,478.6714842662636,0.9437712
65.17,480.7809524721247,0.9288243
65.18,480.6131603432604,0.9061196
65.19,478.13388788857316,0.89580035
65.2,481.4515109885585,0.655169
65.21,492.8337098430309,0.3666799
65.22,490.8825626563216,0.5634869
65.23,484.57975628017016,0.73566496
65.24,479.509687587941,0.83353454
65.25,476.8678886997121,0.8837363
65.26,475.3028381052999,0.8073125
65.27,479.8459997958034,0.7637113
65.28,479.92291503515423,0.8667152
65.29,479.12890530825405,0.9362104
65.3,481.255630589793,0.91215473
65.31,483.61976045321865,0.9341062
65.32,485.32984051171957,0.914794
65.33,489.4262554655683,0.886048
65.34,489.83361683126935,0.9017914
65.35,489.6979884367854,0.89603484
65.36,489.117595233643,0.8963662
65.37,487.5002482058421,0.85681283
65.38,487.092690631667,0.8138446
65.39,490.2278288203853,0.77954334
65.4,490.36049482185484,0.86792153
65.41,484.968425186784,0.91724336
65.42,482.123826189858,0.8837853
65.43,480.1487063569701,0.8707624
65.44,477.77521122372497,0.8933108
65.45,477.152361995476,0.9372271
65.46,476.7458638167619,0.9373493
65.47,475.67609735120163,0.9183808
65.48,473.9909223972012,0.93111193
65.49,473.41485513322135,0.930628
65.5,474.25542427911756,0.936227
65.51,475.63637156094217,0.9252153
65.52,474.10417320632075,0.9172257
65.53,470.4663069681037,0.9229011
65.54,469.0196548856752,0.9572567
65.55,470.03427286962307,0.9611922
65.56,472.7677940167226,0.9448465
65.57,472.262854134137,0.95141715
65.58,470.24981571469175,0.93697846
65.59,470.8171435407914,0.91182494
65.6,472.6496545068241,0.90059614
65.61,473.5331199757221,0.9040301
65.62,471.55278683124715,0.87469023
65.63,465.0272658938803,0.8990484
65.64,462.765073660164,0.9399567
65.65,465.33940689730423,0.8467952
65.66,469.9551221968479,0.8908359
65.67,469.02937492603667,0.81965864
65.68,455.3248782885168,0.8361395
65.69,453.9388566803114,0.84234035
65.7,450.98607261318955,0.77125967
65.71,446.25787522772816,0.8641114
65.72,441.7487676550435,0.92126125
65.73,436.6585176430795,0.8626123
65.74,430.66593384661485,0.8773068
65.75,426.4380995556619,0.8511933
65.76,425.1462096509571,0.8498361
65.77,429.93313385103295,0.86458534
65.78,436.9808477100428,0.8962209
65.79,431.18965668434384,0.8048789
65.8,424.5501017725806,0.8844199
65.81,423.63888855296756,0.8984799
65.82,423.28136839811185,0.90420544
65.83,422.8008514988315,0.86979526
65.84,419.97946972022976,0.77730054
65.85,413.71770452665453,0.5784078
65.86,410.1275487477967,0.4078757
65.87,412.388777655184,0.20032753
65.88,413.85542287817947,0.5460952
65.89,409.635669101154,0.6800686
65.9,391.56521383727267,0.6396757
65.91,390.18866419213464,0.6547202
65.92,387.69296753296226,0.52700347
65.93,383.0181884341017,0.4815111
65.94,382.4224679917683,0.71447116
65.95,378.61167063785814,0.7589216
65.96,367.66456809559,0.72961843
65.97,360.44341455530025,0.44006366
65.98,364.2667358465662,0.5359117
65.99,367.37199488925427,0.62067914
66.0,348.46923801482956,0.5055467
66.01,347.92463626389525,0.8288437
66.02,349.1188119294969,0.8153411
66.03,351.86848127002776,0.68401176
66.04,355.5987171405362,0.86157566
66.05,351.9762534518039,0.8690043
66.06,347.2301809068572,0.8897677
66.07,350.77818156831364,0.7518025
66.08,357.54428082379627,0.6794667
66.09,350.7689338233706,0.80884856
66.1,346.36170047172186,0.87691224
66.11,343.62335861006096,0.7030856
66.12,332.61231178748073,0.5601416
66.13,332.19978809491016,0.4194474
66.14,353.90570364269877,0.62858623
66.15,346.75651000766544,0.86096346
66.16,340.7099852689031,0.79175204
66.17,325.79536252650485,0.5963141
66.18,322.66785534420313,0.79981375
66.19,330.09511183856273,0.7932412
66.2,332.1597610625379,0.83366346
66.21,335.2670640008696,0.67411506
66.22,310.03804485077615,0.27322164
66.23,283.544574425724,0.7020122
66.24,289.31106959705676,0.37407792
66.25,302.2623451251287,0.22711906
66.26,309.2805647308976,0.17047824
66.27,347.09766279118696,0.13489434
66.28,335.5760957178279,0.45537218
66.29,324.5404329302573,0.5539405
66.3,318.5706313547777,0.7755697
66.31,320.26246627232666,0.3176098
66.32,294.9273450518046,0.20220272
66.33,301.50951959612604,0.3222352
66.34,303.81353425770794,0.3736515
66.35,301.3470470914417,0.22117664
66.36,273.1685338033753,0.5357929
66.37,263.0887295833206,0.80958736
66.38,280.6002495626398,0.35407162
66.39,300.28397007680246,0.32773492
66.4,315.6153028379991,0.72879744
66.41,314.41510695998255,0.586721
66.42,282.93165125388646,0.230591
66.43,259.0219700847166,0.5392413
66.44,257.841552753353,0.6881192
66.45,257.84361213734877,0.45643932
66.46,260.713557833733,0.21200472
66.47,263.106105023903,0.24962659
66.48,267.1181918756091,0.323704
66.49,260.78207791778095,0.31529635
66.5,248.29169598284668,0.44967982
66.51,278.233585628952,0.5539396
66.52,274.32505633201623,0.6143428
66.53,260.46277545988636,0.56107306
66.54,250.5972591380836,0.48808008
66.55,237.85929678195947,0.7813895
66.56,236.08525806890117,0.72975653
66.57,235.22803754361513,0.40578723
66.58,242.54758300932778,0.16914102
66.59,246.05814104008556,0.44091144
66.6,243.36916095947063,0.47906563
66.61,227.10123130960466,0.72937834
66.62,226.4584833689969,0.87900513
66.63,222.23951457194462,0.78409785
66.64,216.77972744169546,0.812386
66.65,209.97397915001753,0.6172613
66.66,203.1678047771859,0.6068221
66.67,199.66509559316813,0.5495293
66.68,197.0380527650714,0.3807008
66.69,192.6774243078377,0.23189427
66.7,188.76335250974063,0.5157326
66.71,185.65641871854336,0.43312216
66.72,183.79062303253644,0.55398405
66.73,183.51270791967735,0.47542328
66.74,184.21918052231598,0.5310651
66.75,183.6941566319065,0.5351368
66.76,179.01512949122207,0.3908738
66.77,173.90329863695337,0.5520859
66.78,172.7093567834743,0.56889623
66.79,173.6690017480393,0.45541206
66.8,171.29428422290002,0.54800457
66.81,169.43647630076742,0.60013986
66.82,168.96620246618886,0.6250105
66.83,168.06739589588068,0.6831802
66.84,162.97994182883374,0.6304616
66.85,158.28538017244068,0.52785224
66.86,156.27322052495714,0.56850386
66.87,154.75939324882194,0.4476095
66.88,151.2772747694412,0.35768497
66.89,146.94436231391617,0.4710984
66.9,147.2104993038733,0.55240023
66.91,146.6724954092747,0.6554743
66.92,144.50987180336642,0.51681453
66.93,142.20074403217032,0.5650515
66.94,139.25509263517964,0.65205467
66.95,137.51491344715896,0.62181723
66.96,136.92716072234538,0.41893956
66.97,135.66804237946775,0.39693138
66.98,132.32775322954066,0.5498771
66.99,131.78425047781164,0.1916853
67.0,129.76008618290834,0.304792
67.01,126.01485442055031,0.30675924
67.02,122.26277111324465,0.38437685
67.03,119.325624081806,0.5945816
67.04,115.10305613212624,0.66811454
67.05,110.4984745743569,0.31339636
67.06,117.36729174508301,0.21969675
67.07,126.05600180916858,0.15961191
67.08,139.36851325516136,0.54851717
67.09,145.74081443949513,0.62176317
67.1,159.2403916835686,0.54316974
67.11,169.16945820567366,0.2637796
67.12,184.47691690597009,0.25651455
67.13,199.9189346530113,0.1334347
67.14,209.00466791299658,0.24641146
67.15,212.88473314259463,0.30198783
67.16,217.30546938399561,0.49513307
67.17,221.5518033896795,0.5668114
67.18,224.2651018104816,0.37906766
67.19,226.2523964528975,0.38240066
67.2,225.04867057931025,0.23278545
67.21,226.09984702508171,0.29623723
67.22,235.7139221297141,0.3589129
67.23,243.90159455524812,0.2522234
67.24,254.45099697571035,0.27048656
67.25,259.3036623224705,0.2426195
67.26,253.12814107151272,0.33641723
67.27,283.900120052247,0.22966154
67.28,300.7137288463451,0.3907385
67.29,311.18612591510663,0.5114952
67.3,322.7394228467662,0.50591224
67.31,335.4339641760678,0.33051443
67.32,344.6095706456634,0.40385476
67.33,352.5687409247977,0.3585156
67.34,365.21317890718103,0.46200773
67.35,373.24811319200364,0.6408613
67.36,376.44651930580983,0.7926277
67.37,377.3854863679634,0.75437456
67.38,376.4863427628525,0.65974283
67.39,370.77179500264936,0.54754084
67.4,364.48535992258473,0.4282433
67.41,361.34002407246504,0.7536477
67.42,357.366284194263,0.61684513
67.43,353.2528901717464,0.6034381
67.44,349.5677128654221,0.5413487
67.45,345.1382631953408,0.7510858
67.46,337.99620755062165,0.7494614
67.47,331.9848134382669,0.73813814
67.48,300.60782480098305,0.5517548
67.49,261.28715353064706,0.20280722
67.5,251.0136906787762,0.5728582
67.51,248.88287439904212,0.5730769
67.52,243.30759419251052,0.67308164
67.53,241.1405583389669,0.73482037
67.54,218.54366453958477,0.42383206
67.55,192.53513296072248,0.22506842
67.56,173.6333980082464,0.29751128
67.57,166.79083317345018,0.44623682
67.58,160.44796787591105,0.5447766
67.59,153.907410831398,0.6613824
67.6,150.33494499293,0.6431855
67.61,145.8720822986039,0.58033735
67.62,140.79097596487983,0.45227048
67.63,134.64584777469182,0.44584516
67.64,127.83760090819644,0.36284018
67.65,122.1721570593863,0.31104752
67.66,117.98961075448929,0.6326489
67.67,117.07510835827235,0.8202353
67.68,119.9987329853785,0.744902
67.69,125.72195350890495,0.555169
67.7,129.72054116873585,0.5165278
67.71,132.14006645901011,0.56008726
67.72,147.4048836719988,0.42506927
67.73,151.7285816764665,0.6220428
67.74,157.42168298093395,0.72290915
67.75,163.59264683763809,0.7334395
67.76,169.30640725498748,0.62026954
67.77,175.04184318246982,0.7586416
67.78,180.34966150188683,0.6275664
67.79,180.27001423619834,0.64732206
67.8,198.84765218893375,0.5475587
67.81,229.04796329936943,0.57269144
67.82,266.4067171067051,0.4716784
67.83,298.5556677343221,0.11407959
67.84,328.5811505868296,0.55604017
67.85,337.01249388764603,0.56288993
67.86,344.89376459970543,0.7187925
67.87,349.2363672132157,0.71018445
67.88,353.1769765107612,0.63922226
67.89,362.0180416039532,0.6438466
67.9,370.05956728543475,0.591302
67.91,378.25309723186757,0.5424611
67.92,387.19536197392915,0.7666682
67.93,390.3622600490048,0.87718153
67.94,390.8979909171581,0.85958666
67.95,392.42175815378744,0.64520776
67.96,402.47379465683184,0.6008218
67.97,405.06626112469866,0.7803927
67.98,405.5917037635854,0.9215901
67.99,405.3903653417809,0.89172095
68.0,403.304620573507,0.71860486
68.01,392.41598140473826,0.6193343
68.02,366.5185657238569,0.5103753
68.03,349.7469553038004,0.81266946
68.04,340.9708303030244,0.7716542
68.05,336.6094188276769,0.6625588
68.06,336.4351439157849,0.45377362
68.07,303.8503134176008,0.2510193
68.08,305.18925684009486,0.34154612
68.09,302.8605063568559,0.2787584
68.1,338.8230029176453,0.073312595
68.11,377.4684348080391,0.10142097
68.12,409.62425754796215,0.51166904
68.13,408.8967886236991,0.6808706
68.14,406.9923912602512,0.7754502
68.15,392.31937650549526,0.66209406
68.16,347.2952673192958,0.2754337
68.17,326.34162460764776,0.41649804
68.18,289.0695466440742,0.09302133
68.19,252.10354391106682,0.20802368
68.2,227.6833431952213,0.072840445
68.21,205.17681135365007,0.40785795
68.22,201.8093888908382,0.34948114
68.23,192.3103784897988,0.3447998
68.24,179.30377279656625,0.5043196
68.25,178.04556489571684,0.5151757
68.26,170.90656971211374,0.56863
68.27,161.04141634320416,0.2318657
68.28,147.87127637497233,0.094437346
68.29,140.79298221772012,0.26461455
68.3,143.39221587128523,0.72904354
68.31,145.58811901268624,0.7239929
68.32,149.3642465753253,0.77442795
68.33,152.19642885751705,0.8433881
68.34,153.69813741796827,0.86829394
68.35,153.6468837413576,0.6711703
68.36,153.34757008209493,0.6034908
68.37,154.17095791991918,0.55723566
68.38,155.65018452825822,0.36980155
68.39,167.3716082425294,0.35238305
68.4,170.72879486326815,0.19322854
68.41,174.70345928090842,0.09127722
68.42,181.17064218431938,0.011388445
68.43,187.2829866621878,0.1363307
68.44,193.27965458301261,0.23742025
68.45,191.702728133568,0.20807621
68.46,193.71156124665936,0.33541116
68.47,173.75547622986693,0.24647263
68.48,179.99982494973253,0.19184522
68.49,181.20592501136147,0.1972493
68.5,172.56217593050604,0.14479445
68.51,175.10788476197126,0.29465446
68.52,177.25595276808946,0.32472223
68.53,179.89773733698655,0.40943542
68.54,183.7746231331781,0.36642128
68.55,191.14898380253183,0.16377145
68.56,191.78535431016914,0.17601687
68.57,207.20329217408576,0.49926758
68.58,210.4281942092578,0.81012845
68.59,214.78548563482096,0.8520448
68.6,219.9577235902848,0.80883324
68.61,227.140200148649,0.65450007
68.62,238.39328071167475,0.47449872
68.63,254.79156188923844,0.5916511
68.64,280.7303357510791,0.5102263
68.65,316.07842370687956,0.18768804
68.66,351.0067378114586,0.5931169
68.67,353.8564081251079,0.91004485
68.68,355.08809647272267,0.82863533
68.69,363.6495127404228,0.4133652
68.7,380.1783836080137,0.8805442
68.71,382.0876900262748,0.8362938
68.72,384.2504037654578,0.33250266
68.73,387.23327252052843,0.23918968
68.74,387.0534189279756,0.54742426
68.75,387.03429398456416,0.76459116
68.76,390.1968325101816,0.8490953
68.77,392.57705466733887,0.89898473
68.78,393.4471286999367,0.9325282
68.79,392.3739560359001,0.9184084
68.8,388.6920349001749,0.8317394
68.81,383.66835547766135,0.8450194
68.82,380.65263025836896,0.92658436
68.83,380.19973727440276,0.88749367
68.84,379.1061753762724,0.7940127
68.85,377.86570207902054,0.52959913
68.86,353.203081754398,0.40649468
68.87,349.42077476044125,0.66778463
68.88,351.7702493542648,0.6717446
68.89,394.9045446231701,0.4611822
68.9,393.52299770692264,0.7443842
68.91,390.9258566749375,0.8151593
68.92,387.21159954992993,0.7723589
68.93,381.09383056573574,0.8780138
68.94,375.79170374145406,0.8764824
68.95,367.53690413869157,0.8860543
68.96,360.27716766137087,0.9046762
68.97,357.42776726828,0.9404286
68.98,356.9028237820757,0.8443937
68.99,358.92465878976117,0.47925362
69.0,387.61131962235373,0.68258864
69.01,390.3410511793787,0.6216612
69.02,387.74847827221345,0.66601765
69.03,386.2935182648432,0.6532781
69.04,386.46988446077046,0.65771604
69.05,384.25773156223676,0.6826678
69.06,379.9416946262663,0.65980136
69.07,374.6454655334444,0.63325214
69.08,369.8694849845224,0.5888055
69.09,356.93149152748214,0.60647666
69.1,349.94211458726744,0.81240886
69.11,348.321940275792,0.76303345
69.12,349.40403121780827,0.69668436
69.13,349.93327103051337,0.68862385
69.14,354.11302109183276,0.20881504
69.15,393.0145186154718,0.39473915
69.16,391.7956529742095,0.4513034
69.17,373.39275795885465,0.53891903
69.18,365.0680062036242,0.760746
69.19,362.3070948300073,0.5930198
69.2,354.2535526059629,0.3514556
69.21,389.2491894878484,0.29022765
69.22,372.94243667545487,0.49226356
69.23,372.0469867136437,0.6643473
69.24,372.1294920003016,0.82718927
69.25,368.9818660890449,0.8535094
69.26,364.42324523228376,0.9074826
69.27,362.99897006666254,0.91240174
69.28,362.3199702745737,0.85315883
69.29,356.6768729212726,0.8763271
69.3,350.84520622434036,0.9521775
69.31,349.74922504242204,0.9613474
69.32,349.0191961674707,0.89086294
69.33,339.31965256642013,0.7657414
69.34,337.60856719823084,0.8378004
69.35,340.5765352191074,0.78074414
69.36,344.16142301507375,0.8041308
69.37,339.8679776620989,0.72162116
69.38,334.76601001101153,0.63070154
69.39,332.0091651184507,0.82146835
69.4,330.98837186623507,0.92468345
69.41,324.9925846855773,0.85533977
69.42,323.5382775880882,0.91910934
69.43,327.8277035646058,0.86774796
69.44,333.3329362957605,0.84785956
69.45,333.207817577649,0.57627016
69.46,329.62051223984423,0.5525071
69.47,328.68334827679564,0.43878457
69.48,311.95162611132565,0.7542256
69.49,310.88040708094877,0.6183282
69.5,282.85641451720227,0.36079976
69.51,278.13527899232713,0.66221404
69.52,264.8434990934784,0.6720387
69.53,253.29295768984014,0.6122455
69.54,241.39075020324228,0.6550061
69.55,230.84309732919593,0.6694737
69.56,226.29332465185158,0.83083725
69.57,226.90524370724876,0.7405306
69.58,231.10237509544217,0.47238606
69.59,203.3316412247769,0.5970348
69.6,205.32177083700887,0.746158
69.61,207.05780935517654,0.6932163
69.62,206.61142199166474,0.3864617
69.63,196.9780426463617,0.63715696
69.64,196.13065203743528,0.64681405
69.65,190.18658386084792,0.27282456
69.66,170.2315234196371,0.5771264
69.67,168.44861808818223,0.7275262
69.68,166.58388281755145,0.85832554
69.69,165.55324304292668,0.8938003
69.7,164.4349811190219,0.6575563
69.71,155.0666052213586,0.65173256
69.72,154.54687111380554,0.8400441
69.73,152.8382378913451,0.77797544
69.74,149.08733462335132,0.62995595
69.75,144.81537973441218,0.5517957
69.76,140.79085784585408,0.62196
69.77,137.59473762007926,0.8133469
69.78,136.47540227148647,0.8294199
69.79,133.15567039788908,0.61197525
69.8,127.82384149717139,0.16033415
69.81,123.35231284908366,0.18834144
69.82,118.40928363743892,0.09060323
69.83,112.80998532446318,0.10332007
69.84,109.11238138380696,0.22319949
69.85,111.81802054863181,0.14084336
69.86,119.16603503944111,0.123049684
69.87,134.69702610874887,0.10427643
69.88,141.79144157544448,0.091374345
69.89,156.96541244521603,0.06015685
69.9,173.2359923256939,0.0826315
69.91,179.78948198915432,0.074183606
69.92,197.09700288223002,0.03953015
69.93,216.63532932123445,0.08135478
69.94,234.79972433510127,0.19932999
69.95,228.5920544609773,0.32617518
69.96,220.6526249474655,0.311422
69.97,212.1095341849505,0.29267848
69.98,208.66923755947613,0.26863527
69.99,224.24674069156183,0.13263597
70.0,234.7985485766672,0.0918108
70.01,257.67106929701845,0.17150696
70.02,275.27278112629995,0.19014667
70.03,284.74701987465585,0.07133925
70.04,311.7773368616924,0.09985861
70.05,322.954930460268,0.2557233
70.06,322.8091945138015,0.49933925
70.07,323.50156116932334,0.6424039
70.08,327.27501606748217,0.6851425
70.09,329.6174444805459,0.5077334
70.1,330.47408879819733,0.1532327
70.11,329.8802635240406,0.11052081
70.12,311.9432269490211,0.082941756
70.13,285.6914200753064,0.09724839
70.14,266.36729561306515,0.08091944
70.15,250.5808805165114,0.33010533
70.16,250.04997157126013,0.55196804
70.17,250.1704094682323,0.40867275
70.18,238.34415290992717,0.3068414
70.19,232.70766887556795,0.45121333
70.2,228.97768469845403,0.50070804
70.21,223.99716767397223,0.29737672
70.22,219.01306350928837,0.16606896
70.23,212.3313209900449,0.1776267
70.24,207.94021381946482,0.115039065
70.25,206.30613145210273,0.03865747
70.26,199.99807284097741,0.13503307
70.27,187.21909513902813,0.10269041
70.28,184.1929101250944,0.038326096
70.29,185.60968245980277,0.1481697
70.3,185.67561672321807,0.24736576
70.31,185.56231696174632,0.14790776
70.32,185.1329518352097,0.09289547
70.33,185.23179368357148,0.03485136
70.34,186.59292709903937,0.21636799
70.35,189.07982441205382,0.19397116
70.36,192.43443749648233,0.32869205
70.37,193.683920753687,0.13599035
70.38,193.99793716952968,0.12406949
70.39,194.39290045359425,0.053122494
70.4,193.14520904613562,0.044595465
70.41,194.2275071703757,0.047194555
70.42,193.17763715516287,0.04577211
70.43,187.64886651125994,0.05204826
70.44,183.62211515701986,0.25330302
70.45,178.55920452995034,0.25058043
70.46,177.34778772320053,0.19412966
70.47,195.69047904239665,0.07213117
70.48,223.1365941684884,0.047482625
70.49,250.14005148048568,0.09173352
70.5,281.1853964447878,0.18653241
70.51,317.94700463129186,0.17838132
70.52,354.4908575849869,0.18493782
70.53,355.44956999943236,0.38751155
70.54,361.427361556224,0.4014334
70.55,371.25636895326795,0.34829104
70.56,379.9120784688904,0.5556492
70.57,380.9437673987944,0.81982905
70.58,380.89312279265005,0.80840427
70.59,381.928754130886,0.55367416
70.6,397.59717569067567,0.3513663
70.61,398.08116239344884,0.29302168
70.62,394.95471527836577,0.45415673
70.63,393.55371766888885,0.4297387
70.64,390.86643132247667,0.77631104
70.65,388.99764258567984,0.7212675
70.66,370.8793781648123,0.4262764
70.67,363.6150543393228,0.7546188
70.68,365.650109524526,0.8697208
70.69,370.8284908124472,0.8146958
70.7,375.57126011179065,0.7667488
70.71,376.9141516611433,0.826464
70.72,375.3675388396033,0.8611603
70.73,373.2835956831177,0.8666535
70.74,370.65548651688204,0.8741517
70.75,367.3383374232219,0.74540263
70.76,360.16939765030975,0.59262776
70.77,355.3159609625979,0.6233897
70.78,359.8828517087873,0.3782991
70.79,356.39401584403095,0.5501615
70.8,340.6190438521879,0.62171596
70.81,333.79661735498024,0.6073756
70.82,331.8277395083266,0.62845
70.83,323.4185397938549,0.4952626
70.84,312.6368280404052,0.3951209
70.85,298.9355049864049,0.29949751
70.86,272.8213190154679,0.5097008
70.87,264.8737550860635,0.5274642
70.88,250.86677305239334,0.5903529
70.89,241.2856249268931,0.60630786
70.9,230.49573729057246,0.52169526
70.91,222.95385804945352,0.613184
70.92,213.69952145293257,0.5162297
70.93,207.06619267070562,0.2866296
70.94,184.02948613410354,0.45625004
70.95,179.86801581490042,0.3368151
70.96,161.15185804441018,0.40378284
70.97,145.786452247911,0.6555075
70.98,143.90320701347937,0.66319215
70.99,141.08828278252895,0.60526496
71.0,139.6026883376994,0.49032435
71.01,141.03375209753833,0.17547558
71.02,142.73147595286335,0.054263998
71.03,144.61577543395526,0.24207044
71.04,147.23157191078434,0.45077223
71.05,148.56025289085613,0.32647806
71.06,147.27077982666833,0.41053188
71.07,146.82069973860888,0.25860444
71.08,146.1014430513623,0.044769432
71.09,151.28469946079957,0.06123965
71.1,165.49918761880792,0.160468
71.11,178.9096927781249,0.28190213
71.12,181.50392484380637,0.31766614
71.13,201.7498171792056,0.13960509
71.14,223.30256688339685,0.24632183
71.15,236.29350045913097,0.45082504
71.16,242.57279647401361,0.71966076
71.17,246.06139882937183,0.86645746
71.18,246.81595211182838,0.89121485
71.19,246.10194189895873,0.8192877
71.2,245.0232639519702,0.7664917
71.21,242.4807457070858,0.67915064
71.22,239.7225984534445,0.6524896
71.23,237.395899867467,0.60967237
71.24,236.4847926134293,0.5910966
71.25,234.44045565346042,0.51259744
71.26,225.13197517992322,0.6729266
71.27,223.3016727369315,0.8648919
71.28,223.7473859896663,0.85306364
71.29,225.25944189289615,0.78416055
71.3,227.46045397905158,0.53509396
71.31,231.9881355860433,0.6257434
71.32,238.44805752331104,0.44188744
71.33,241.73781003673713,0.7986213
71.34,241.91505479416668,0.9118626
71.35,242.87059258069024,0.9023124
71.36,246.12944431437202,0.6604965
71.37,250.63861662106777,0.61618525
71.38,251.92306902408689,0.49635142
71.39,250.669870574545,0.49002835
71.4,246.31511553013144,0.47223443
71.41,242.22236947826642,0.7090418
71.42,239.42183169896992,0.8908049
71.43,239.2763270795254,0.8710161
71.44,239.71145764445532,0.5629106
71.45,238.6776554456027,0.28923234
71.46,235.71007799522198,0.20727049
71.47,228.85728944114942,0.41770196
71.48,217.6532344281349,0.19417584
71.49,213.46739132097312,0.553388
71.5,206.92172662946004,0.49851573
71.51,229.30003263723393,0.21222319
71.52,256.96691678179593,0.39748803
71.53,261.4634309148596,0.24765725
71.54,248.14114624855674,0.25235173
71.55,234.5384115884861,0.37599766
71.56,234.81088543343932,0.5156922
71.57,237.09478055886177,0.638474
71.58,238.56993295385007,0.6681287
71.59,240.09090173551752,0.8036744
71.6,242.60740470640556,0.5206878
71.61,246.89920085914235,0.7582442
71.62,250.20736077381991,0.7675143
71.63,250.11250170230267,0.76992977
71.64,249.39090830670622,0.61400837
71.65,248.066809071066,0.5484151
71.66,247.9422068850447,0.6074111
71.67,250.87353956885622,0.59307665
71.68,258.36908278790145,0.68985987
71.69,262.51500387793294,0.83517885
71.7,265.89713443257955,0.7303456
71.71,267.08667544552475,0.8296107
71.72,265.5460251149405,0.8840811
71.73,261.14618238684744,0.8858338
71.74,257.5715710733322,0.91968495
71.75,253.0849598900591,0.91530526
71.76,246.02979060933075,0.8866304
71.77,239.33847744218372,0.85939837
71.78,229.89237661877237,0.51401454
71.79,220.63158779443782,0.17656341
71.8,214.0567402083084,0.6729175
71.81,214.62539739054068,0.74441457
71.82,218.65486952571896,0.8832132
71.83,220.3156417675578,0.93000937
71.84,220.3752125759953,0.9108669
71.85,219.28693962654793,0.7934842
71.86,211.9778197237582,0.357664
71.87,205.83833661837338,0.31308544
71.88,200.24276266182926,0.13849504
71.89,185.30247435906142,0.09237785
71.9,180.26777816887704,0.009445002
71.91,203.6137799010761,0.057823483
71.92,221.03253895981382,0.025303995
71.93,243.63214128408617,0.054270945
71.94,241.52848042222402,0.05091181
71.95,235.42810212268165,0.04225519
71.96,235.9504360872967,0.03619099
71.97,240.9446958749129,0.0806924
71.98,248.2349338537927,0.27439404
71.99,257.1295749863799,0.16919781
72.0,263.9690074041632,0.10006561
72.01,268.1099614092402,0.03134255
72.02,274.9337448122646,0.036253363
72.03,285.48070342568036,0.055707816
72.04,289.9678917647948,0.028391931
72.05,297.13054716766715,0.0071507404
72.06,304.2944742880566,0.06320811
72.07,305.9300964082628,0.33591053
72.08,313.70810078540393,0.64576685
72.09,318.6213950378242,0.39455634
72.1,326.9857632929098,0.31388348
72.11,333.9831987408539,0.29866958
72.12,338.0300126373484,0.45583177
72.13,340.1950072162486,0.5138811
72.14,347.9761265187681,0.4849
72.15,350.4529638136795,0.31229702
72.16,341.950965655812,0.2863854
72.17,322.8376685130883,0.543478
72.18,322.9287972060829,0.73616195
72.19,322.482115473528,0.8529076
72.2,326.26284405448075,0.9190582
72.21,329.14613694405136,0.86197025
72.22,331.651932393238,0.76298416
72.23,338.74572182376767,0.48225358
72.24,354.0731092541426,0.45347685
72.25,365.61685081534614,0.3999835
72.26,400.52526278530826,0.44555923
72.27,436.93918585907477,0.4123498
72.28,493.20643808990087,0.7718644
72.29,495.42090403955916,0.6104271
72.3,533.010543491565,0.36086276
72.31,551.2089461653322,0.5953381
72.32,556.6027843514255,0.7774235
72.33,561.5034586098494,0.7436144
72.34,569.3412661400603,0.7715835
72.35,575.5089952332827,0.7012321
72.36,582.6064179477613,0.74805975
72.37,588.811435744917,0.84121233
72.38,592.8545855919406,0.85077584
72.39,594.3780451810484,0.7814787
72.4,593.3459807647198,0.7839464
72.41,591.1209543084065,0.7818098
72.42,586.6013823451341,0.66211784
72.43,583.7378579090631,0.7950634
72.44,581.2321898888548,0.7275582
72.45,579.5871853064192,0.50548553
72.46,582.0124247733473,0.34725904
72.47,582.0335680112421,0.053093445
72.48,570.6374182112631,0.103164695
72.49,552.868350677297,0.53460914
72.5,528.9145749502301,0.68836075
72.51,519.359472435505,0.6572977
72.52,514.5314774673985,0.56957096
72.53,502.4791317606867,0.37547463
72.54,489.97077908568315,0.69149524
72.55,482.49861985854136,0.71054435
72.56,464.98975214746406,0.54975075
72.57,451.8512630226968,0.2534866
72.58,436.84379667415817,0.28097317
72.59,462.6276776693594,0.1825876
72.6,500.37972354084013,0.4916111
72.61,505.2067800739954,0.5341772
72.62,512.1087501702768,0.796789
72.63,513.7448735945703,0.8910688
72.64,514.5106554565023,0.87510747
72.65,514.2018128702376,0.7428188
72.66,506.4063194289522,0.58705497
72.67,486.10377944595837,0.617107
72.68,477.1296259955519,0.7775927
72.69,474.9495838448612,0.5008012
72.7,431.1711827306086,0.341947
72.71,401.29433377501164,0.10299204
72.72,358.59789391314104,0.20203722
72.73,320.7376053549824,0.1620411
72.74,302.3437284353824,0.67581046
72.75,301.46556169891915,0.9060239
72.76,301.6780274199161,0.96248925
72.77,302.2678760342702,0.95980406
72.78,301.7899306380564,0.9553157
72.79,300.7359016196567,0.93727005
72.8,299.1716623119567,0.9054343
72.81,297.67629043448335,0.83341277
72.82,295.8742244329174,0.5033816
72.83,295.8165288213585,0.37512273
72.84,280.81952110822846,0.58878976
72.85,278.79830944680106,0.614846
72.86,275.1491069914117,0.5541312
72.87,266.61452058910896,0.76928675
72.88,261.9416366130107,0.8909929
72.89,252.47868900198497,0.62943214
72.9,243.09210914212812,0.83020294
72.91,239.64885789328991,0.8604446
72.92,239.43639915724404,0.8792469
72.93,241.39521866657444,0.8583569
72.94,242.89635635496512,0.8667446
72.95,242.60133867607135,0.8510288
72.96,238.5486997368578,0.6949807
72.97,233.0475938154222,0.5061357
72.98,223.27471732832694,0.6154147
72.99,220.97218497216795,0.76112735
73.0,219.39617963993993,0.656505
73.01,211.8751154637168,0.36278173
73.02,206.96350976973804,0.4838116
73.03,198.4847005325687,0.2773183
73.04,195.84130990921253,0.147124
73.05,198.8111179357232,0.36091504
73.06,202.5828481414159,0.27368653
73.07,202.12834814639166,0.6141097
73.08,200.02210736982954,0.7534383
73.09,196.8270298150539,0.77662313
73.1,190.9139201487375,0.7833544
73.11,186.8166053313414,0.87834466
73.12,181.7233156026261,0.8318026
73.13,176.6578092916016,0.8999754
73.14,173.91040751277956,0.8966545
73.15,172.04656107302054,0.8245342
73.16,169.84098983437576,0.6502731
73.17,166.60193437248194,0.6605896
73.18,161.79876376553236,0.52763367
73.19,155.98524609080806,0.6801213
73.2,155.5305661909045,0.5688725
73.21,149.47023928603187,0.43440714
73.22,146.25115489845308,0.37518477
73.23,140.92224402721112,0.5209327
73.24,137.8044187276235,0.7375178
73.25,134.80874109113896,0.65050185
73.26,129.00988231730483,0.7535636
73.27,124.32900862710048,0.4589029
73.28,119.88726830158137,0.51887435
73.29,115.69425305788157,0.15428841
73.3,107.46857994516809,0.023793908
73.31,99.35158386154045,0.05577937
73.32,106.07320726594787,0.021762025
73.33,115.2646246141545,0.05735279
73.34,125.01580091572949,0.3250406
73.35,131.88550539360403,0.37971416
73.36,138.2379905118085,0.15273193
73.37,151.87389248178582,0.12882107
73.38,163.5237248921234,0.1377984
73.39,171.18760282831178,0.024099536
73.4,181.42244765905147,0.06566136
73.41,190.50220892009514,0.09091293
73.42,196.82536204844928,0.10046909
73.43,211.59965756113505,0.083093494
73.44,226.72293980766733,0.08209326
73.45,238.2503779859979,0.19216125
73.46,241.66146169029173,0.17384191
73.47,231.41784275423856,0.3020969
73.48,245.6507328727094,0.23322941
73.49,262.31321782372936,0.33283278
73.5,290.7794440789628,0.43638456
73.51,326.05070202427095,0.15469994
73.52,377.17226607450556,0.11836614
73.53,409.18910670343877,0.20815086
73.54,409.75306098362546,0.34542575
73.55,410.2548036119736,0.46561348
73.56,410.59840043241013,0.40705496
73.57,411.24116850193843,0.36634645
73.58,397.2246368457717,0.2573063
73.59,395.71895467397576,0.1806446
73.6,359.4738266517242,0.12511301
73.61,370.6403150932367,0.42070797
73.62,370.28793194243497,0.23170656
73.63,363.93212003527594,0.22536418
73.64,358.74526131251935,0.10110537
73.65,359.74560449694394,0.06412018
73.66,383.1452286498865,0.04593544
73.67,393.441793450594,0.038904484
73.68,394.18127896506627,0.023448426
73.69,396.832213516459,0.1134199
73.7,400.52693052570334,0.054717775
73.71,402.83601606242394,0.02530656
73.72,404.62651481743643,0.28652918
73.73,410.1783462715134,0.0328137
73.74,420.3103990361641,0.0124880355
73.75,428.1376477295602,0.098729685
73.76,433.9242231886299,0.35347924
73.77,439.1124508874606,0.3296956
73.78,445.9757593174171,0.32338962
73.79,445.21240267411315,0.32759237
73.8,448.2716303747208,0.3023498
73.81,453.7934491857525,0.34419912
73.82,456.91305455230207,0.38168865
73.83,463.03100693723684,0.09414315
73.84,456.2987062261235,0.09022263
73.85,440.1870956662804,0.15257983
73.86,438.7361205723044,0.13624255
73.87,454.909898285106,0.28512514
73.88,451.1671620446927,0.27844307
73.89,445.94772239237307,0.35627
73.9,451.6090357117053,0.27624193
73.91,454.912947220038,0.20558898
73.92,454.07232364780157,0.10087019
73.93,448.56682836606683,0.107942924
73.94,445.5413887076782,0.08519692
73.95,441.84781919670684,0.02646596
73.96,430.54850354763454,0.076479085
73.97,428.158902665184,0.1134938
73.98,421.9649682820369,0.05146117
73.99,412.90111551138745,0.10729766
74.0,400.7948339920298,0.06998892
74.01,396.6148912025609,0.026612658
74.02,392.537696680006,0.024059346
74.03,377.1471153925259,0.036289465
74.04,363.4276911341959,0.0493061
74.05,356.562929982048,0.12525156
74.06,354.1993924000227,0.44305003
74.07,353.83152976659517,0.25179976
74.08,355.2175802069624,0.14657174
74.09,357.28596719112005,0.07700271
74.1,356.09956524413946,0.059050936
74.11,318.2605422621705,0.24801168
74.12,283.754938894756,0.4483489
74.13,300.57615492921974,0.45370176
74.14,322.1128082865189,0.38263443
74.15,323.2559397719134,0.39689162
74.16,331.67416432523083,0.35582256
74.17,348.2485636385535,0.3919478
74.18,390.3498863904181,0.5297905
74.19,392.34250841814037,0.87637407
74.2,392.8646075289828,0.91000235
74.21,391.0470523876643,0.84479445
74.22,389.2438621645945,0.8415607
74.23,390.5357050050248,0.7012648
74.24,355.6729456169862,0.44062582
74.25,364.65019735189514,0.23114215
74.26,365.8472911493459,0.5840424
74.27,363.2433577096781,0.6126935
74.28,358.23458969093593,0.8665449
74.29,354.4170705354434,0.9122642
74.3,349.8698649171967,0.95061713
74.31,351.31977188062024,0.91957575
74.32,359.1762533612332,0.7395242
74.33,367.0684050062443,0.6130048
74.34,369.075857912195,0.60065365
74.35,363.5346779789162,0.6940037
74.36,358.5591459171471,0.85701174
74.37,357.26659472177636,0.81558675
74.38,357.6812337393952,0.6848176
74.39,354.870180329855,0.46332538
74.4,353.18963531666355,0.6380741
74.41,330.64995050283574,0.35917252
74.42,302.6007189714238,0.2064093
74.43,269.6045990286194,0.48754728
74.44,268.7012893964448,0.50598764
74.45,240.37743906754545,0.22985417
74.46,230.00534277059273,0.25005186
74.47,248.7909483181626,0.27642873
74.48,277.8443567934487,0.29382095
74.49,312.01954901901837,0.19696991
74.5,341.5936402814719,0.065762736
74.51,361.9161372930421,0.14658596
74.52,357.95194502441655,0.5971447
74.53,355.8092052185845,0.28699672
74.54,358.76558203764404,0.089459464
74.55,363.11521694672365,0.16895413
74.56,340.0422190717924,0.10406557
74.57,295.9292825278988,0.29024217
74.58,277.4970912631654,0.4342316
74.59,292.5168907404095,0.49114195
74.6,295.97988378234714,0.6729946
74.61,297.96888603833224,0.8635032
74.62,299.0319416120509,0.9375334
74.63,298.6897176410252,0.90440714
74.64,296.9584872141374,0.79742897
74.65,296.5169087544214,0.731097
74.66,298.05448341808875,0.7836649
74.67,298.6802630359929,0.8961491
74.68,295.03028020617893,0.8745381
74.69,291.34569065867305,0.8506941
74.7,291.8535338922699,0.6967672
74.71,297.41248837422177,0.45625958
74.72,326.45700136289963,0.34637684
74.73,344.1740219518182,0.6254267
74.74,347.7929788211305,0.70151895
74.75,357.0924686870157,0.71778816
74.76,362.08063480972436,0.8534903
74.77,366.65833800393455,0.7591001
74.78,378.78021040760314,0.8730231
74.79,380.15927755874935,0.964728
74.8,380.70765007177755,0.9708665
74.81,378.9626953734868,0.9233769
74.82,370.77914126652126,0.8894045
74.83,361.38453870409865,0.7853397
74.84,351.09366238645873,0.9159635
74.85,350.74963806371676,0.96159947
74.86,352.045489235337,0.9568779
74.87,350.4845250077765,0.9523676
74.88,345.691590438166,0.81935084
74.89,337.9641186427222,0.6855558
74.9,337.8883308538726,0.5771909
74.91,337.26966675484573,0.70743364
74.92,336.687144854528,0.78650105
74.93,335.6226019457255,0.8720933
74.94,334.58004781626727,0.9228749
74.95,335.33931912435435,0.9234485
74.96,336.3292504529394,0.90972006
74.97,338.75969291713443,0.7519258
74.98,344.6469360686282,0.57349026
74.99,348.15902464609894,0.7003193
75.0,346.18217765934213,0.6900673
75.01,338.7679633445541,0.6295305
75.02,331.69389943040045,0.75198376
75.03,327.65903352105477,0.9086597
75.04,326.29365614086817,0.9132244
75.05,325.37482553524467,0.88982904
75.06,324.5720645961676,0.875567
75.07,324.8398261394901,0.7753675
75.08,325.7460947052407,0.79924375
75.09,324.39979976322593,0.73795396
75.1,319.22379885235773,0.5445251
75.11,311.7435461159151,0.47356793
75.12,302.5024373343449,0.3690466
75.13,277.8866682832676,0.32776332
75.14,267.0801941491825,0.6489953
75.15,246.42927349893296,0.37460548
75.16,230.77672296023562,0.34556058
75.17,216.58816601721492,0.34744594
75.18,229.87558915515538,0.2434468
75.19,256.56042903880916,0.45703736
75.2,283.6026150854086,0.4293981
75.21,314.42310160319334,0.4598105
75.22,330.5469978677852,0.16004251
75.23,328.7436646104377,0.057731494
75.24,314.50406718571537,0.30242848
75.25,301.9153398817932,0.41973332
75.26,310.58430643463174,0.40183222
75.27,326.74031399636783,0.5902199
75.28,328.1441228060469,0.69345146
75.29,330.99403002037604,0.8116744
75.3,335.1510702224234,0.90046984
75.31,339.4542822041064,0.89198315
75.32,343.8110634592053,0.86216134
75.33,344.9154717736465,0.915263
75.34,342.8864969341924,0.8451468
75.35,336.7919604920754,0.78840834
75.36,330.64435131851866,0.8710169
75.37,326.1071366891159,0.902509
75.38,323.2604779882933,0.9012596
75.39,319.43464126438823,0.83027667
75.4,311.34673891272683,0.65818363
75.41,302.21943441939464,0.8787312
75.42,300.4610097119365,0.91256833
75.43,298.1415624967473,0.9372749
75.44,297.3913991197445,0.9290637
75.45,298.6280725498272,0.9310865
75.46,298.57133827909934,0.8749324
75.47,292.68294862691096,0.4840339
75.48,294.8404023014985,0.19799928
75.49,300.6333728385346,0.16124463
75.5,306.22688967389183,0.35264528
75.51,322.4943337365792,0.34951416
75.52,330.04813033446,0.57030505
75.53,330.06865153771656,0.7989653
75.54,326.1556836521671,0.77776265
75.55,318.8498303949876,0.87225163
75.56,316.78808381479826,0.78276217
75.57,310.77233331797123,0.78574747
75.58,306.3554891007643,0.83825576
75.59,300.871183029559,0.79911804
75.6,289.0531829362742,0.59833163
75.61,277.60793012073265,0.73140633
75.62,268.6275221082948,0.76454693
75.63,257.7854502484887,0.6107255
75.64,248.13118372987273,0.66835606
75.65,242.40323175868542,0.48701638
75.66,238.13357334340222,0.553164
75.67,240.5808189921812,0.4692556
75.68,250.6042654898769,0.8357989
75.69,251.9364610411099,0.92421734
75.7,251.79703042705125,0.869263
75.71,248.82523218830372,0.66869307
75.72,240.73594423467767,0.55735165
75.73,219.95188313462606,0.4055556
75.74,193.0007850758114,0.45727763
75.75,176.1983173144597,0.42528212
75.76,166.05234949742356,0.40614447
75.77,160.91955721500165,0.14872792
75.78,161.4849468616781,0.047676694
75.79,161.48977928541657,0.09744112
75.8,161.10941372394808,0.5382841
75.81,156.8427004731514,0.32013983
75.82,156.01331406475987,0.120988294
75.83,154.31158270911257,0.08556614
75.84,151.79229140758963,0.24439888
75.85,148.94448100761429,0.30899417
75.86,148.13261477988357,0.25178903
75.87,148.99461920350686,0.73346996
75.88,151.04959326714493,0.8393473
75.89,153.40567529904357,0.80022055
75.9,156.01965822175484,0.8844187
75.91,157.35152106963707,0.8711822
75.92,158.26876091990889,0.83984375
75.93,158.50048164812122,0.8087314
75.94,159.4200698878788,0.5995729
75.95,164.76641565587528,0.53502953
75.96,180.1150542791223,0.49172235
75.97,181.81255795024524,0.5965461
75.98,186.31574130559696,0.42202163
75.99,199.39463409715609,0.6777353
76.0,200.8653189267574,0.8587983
76.01,202.33275827076858,0.8840156
76.02,204.63184963656872,0.90280104
76.03,207.5020320278494,0.87660974
76.04,211.1732297591236,0.872071
76.05,215.02768635955792,0.8697855
76.06,219.3530726793948,0.8421724
76.07,222.3008898980399,0.7875672
76.08,226.8821441083166,0.5443658
76.09,235.92948604030084,0.29850164
76.1,269.3884031472081,0.04301067
76.11,304.7394823253803,0.23633379
76.12,343.2015102889932,0.58469427
76.13,343.6178696721346,0.6104772
76.14,341.851464483314,0.64984894
76.15,337.3775945262897,0.64858735
76.16,331.38572854689835,0.65914017
76.17,323.61759260070596,0.42001876
76.18,318.7954397440238,0.30676863
76.19,345.5844678418918,0.060335267
76.2,355.88654238529534,0.16728021
76.21,370.1685980566259,0.2983119
76.22,400.17439098529707,0.10812281
76.23,410.08291446321067,0.13148977
76.24,393.6887431380538,0.48479497
76.25,396.6154565786193,0.7163916
76.26,403.80690169724284,0.7884107
76.27,409.5795521787611,0.854778
76.28,408.7224365062078,0.9162479
76.29,408.3884230140559,0.90157527
76.3,407.93202422095936,0.937136
76.31,407.7327515900099,0.94392335
76.32,406.4879013463476,0.8643736
76.33,403.1619795545046,0.85911846
76.34,396.728989220828,0.79901433
76.35,388.58848738686766,0.67086273
76.36,377.4631333216863,0.7317965
76.37,369.35869417131045,0.85811836
76.38,367.5207560563881,0.833113
76.39,367.5624624721798,0.8519726
76.4,371.05267429496064,0.77287626
76.41,376.3221637937443,0.747202
76.42,378.57451248827874,0.82320845
76.43,379.04763568022673,0.82631886
76.44,377.77198906620237,0.7401036
76.45,376.6351097354067,0.77131885
76.46,373.41022604819204,0.7542685
76.47,367.71255590343014,0.71439564
76.48,363.12304122212583,0.79878557
76.49,363.8596717638669,0.84221315
76.5,368.4864818155316,0.86013186
76.51,375.0061516446072,0.70328844
76.52,387.47010606897607,0.729485
76.53,392.6701421368349,0.8873152
76.54,395.7084885348592,0.8972821
76.55,399.0088034610096,0.8944827
76.56,400.03579115462514,0.8855864
76.57,398.3878975921362,0.9158954
76.58,396.0606081072027,0.89612126
76.59,394.23339941992225,0.89424276
76.6,390.6887832227445,0.8997217
76.61,386.8712961185975,0.8940545
76.62,383.8550485536552,0.8950923
76.63,381.45032923814074,0.84490305
76.64,381.84909281285184,0.5320351
76.65,381.8558963240009,0.8066765
76.66,381.4766476184232,0.85046667
76.67,379.940512587159,0.86080825
76.68,380.5052058189275,0.8630194
76.69,382.2045995805538,0.8386603
76.7,384.7669657344627,0.8654878
76.71,384.2435080263385,0.86831796
76.72,383.48146907978037,0.840538
76.73,381.4911800920437,0.68700045
76.74,379.73008107223325,0.9016324
76.75,377.8372120326304,0.9308299
76.76,378.61448793119,0.950586
76.77,380.5632762206753,0.9666145
76.78,380.2269970611583,0.9652838
76.79,378.9450443557589,0.9469416
76.8,375.8548425138769,0.9456398
76.81,372.022349662731,0.94371086
76.82,370.6869655651505,0.951864
76.83,372.41112832007764,0.93507755
76.84,375.9679769612375,0.9554886
76.85,378.9224126652033,0.9626087
76.86,382.6769412729848,0.9350364
76.87,387.50538043225225,0.93001646
76.88,391.743902187185,0.9381279
76.89,395.56541430971015,0.9394241
76.9,398.65203927885216,0.9567597
76.91,402.3590853748945,0.9490506
76.92,405.4155900202319,0.93647397
76.93,408.1460545454707,0.95085603
76.94,408.6528697418787,0.94448334
76.95,405.7720383179106,0.9409483
76.96,402.16978061743646,0.9349103
76.97,399.4976206727905,0.9319257
76.98,397.3861663520207,0.93892586
76.99,393.06504735814366,0.9485799
77.0,389.4864171586187,0.9399529
77.01,385.75013665886394,0.90733254
77.02,383.4803758629273,0.89666915
77.03,381.52530726899715,0.81626505
77.04,377.98753610060896,0.6678515
77.05,374.4091860926306,0.6245988
77.06,372.9018907793872,0.7884327
77.07,373.3217039816885,0.881345
77.08,374.46390507136704,0.9365742
77.09,374.35663233618294,0.94463265
77.1,374.4409250052229,0.9529677
77.11,375.61538950002455,0.9632051
77.12,376.7265822964489,0.9629197
77.13,378.0846777235256,0.9496441
77.14,379.4723757213767,0.97213125
77.15,380.24155096269646,0.9752412
77.16,380.2272809154557,0.97646207
77.17,381.4883054428001,0.9608738
77.18,383.98221913680845,0.96557397
77.19,386.31428386380065,0.93557554
77.2,388.4264198097711,0.9565818
77.21,390.2922872289932,0.95341235
77.22,390.7458523822084,0.9481903
77.23,389.8295914914372,0.95713764
77.24,387.19916680608924,0.9340232
77.25,385.719606570014,0.9504335
77.26,384.80788432827035,0.95964247
77.27,383.69017907099385,0.9645145
77.28,382.8879900075395,0.9583481
77.29,382.1839402293999,0.9431413
77.3,381.2500766797401,0.9600777
77.31,379.33296355221785,0.9659104
77.32,377.27249504258054,0.95986897
77.33,376.0764546025578,0.9710419
77.34,375.8409185308634,0.9693527
77.35,376.01611492062,0.9707235
77.36,376.34866320114696,0.96811724
77.37,376.863905719077,0.9642126
77.38,378.3313643186154,0.9596215
77.39,379.839143837693,0.97725904
77.4,380.4313174743552,0.9733898
77.41,380.2208957248039,0.9707036
77.42,379.1083775144656,0.9600841
77.43,377.2801099553608,0.95480466
77.44,375.4333033822254,0.964087
77.45,374.0807505826416,0.94403934
77.46,372.7394939591985,0.9528649
77.47,371.767713525192,0.96099865
77.48,371.69374983402884,0.959478
77.49,372.0514870677217,0.957835
77.5,371.49574054048736,0.95907414
77.51,370.683111726005,0.9564054
77.52,369.3182173555033,0.9302944
77.53,367.29070854064565,0.9667253
77.54,365.07985089419236,0.9480271
77.55,363.5785984413679,0.9637259
77.56,362.95708344947565,0.96983856
77.57,363.00584674115214,0.96831715
77.58,363.17821260643564,0.96869713
77.59,363.1350893758672,0.9682472
77.6,363.2188610855925,0.9664216
77.61,362.9453303231623,0.9704643
77.62,363.0382175974588,0.96843106
77.63,363.3442582636002,0.96674514
77.64,362.4413775046333,0.9633385
77.65,359.1726992560013,0.95882416
77.66,356.2343192809618,0.95506185
77.67,354.391904589319,0.9796998
77.68,353.05946408268545,0.96989655
77.69,352.5602189415574,0.9602165
77.7,352.4431522673223,0.95795685
77.71,352.22092309552914,0.9588491
77.72,352.45824074236316,0.96017927
77.73,352.69812094114616,0.96335244
77.74,352.229195709393,0.9607913
77.75,351.2260744518272,0.9745092
77.76,349.96560238616433,0.978798
77.77,349.16517211542845,0.97259575
77.78,348.202245676683,0.94638604
77.79,345.93849318895775,0.9576694
77.8,343.99805807498626,0.93168783
77.81,341.97512811413867,0.94363123
77.82,340.18539932244863,0.93452346
77.83,338.7424987530038,0.9467418
77.84,336.9360670478237,0.93937063
77.85,335.33090402522737,0.9632064
77.86,333.6934737025467,0.96346503
77.87,332.71796831050085,0.9383809
77.88,332.10599577434243,0.9580559
77.89,331.85744291517574,0.965371
77.9,330.97273395890767,0.9768564
77.91,330.065526809907,0.97651166
77.92,329.6483006581997,0.9710981
77.93,329.9165727090047,0.9773982
77.94,329.9069523703591,0.97585434
77.95,329.8161505230457,0.9697184
77.96,330.1654432418126,0.9751912
77.97,330.333070236514,0.9771664
77.98,330.3605011874441,0.9761313
77.99,330.82865252822,0.9724348
78.0,331.4607848494814,0.9670135
78.01,331.35830386586684,0.9662484
78.02,330.8813588922683,0.9720516
78.03,330.07141875010507,0.96834487
78.04,328.5792235944708,0.92796665
78.05,327.5827644923094,0.9538223
78.06,327.05582196615444,0.95598024
78.07,326.7234448579105,0.9508789
78.08,326.16278862573006,0.93806577
78.09,325.59481948616457,0.902629
78.1,325.0208434457405,0.8679601
78.11,324.42339574909033,0.8796928
78.12,324.07890783840867,0.88095355
78.13,324.2231518793386,0.83696777
78.14,325.40958990094555,0.85091156
78.15,326.5024529405267,0.9232601
78.16,326.67417620870765,0.93847704
78.17,326.1850724351509,0.9363192
78.18,324.585590305701,0.93894196
78.19,323.20569224382257,0.9585665
78.2,321.8615540081043,0.94813734
78.21,320.4131857018941,0.9508361
78.22,319.90778729264485,0.9596906
78.23,320.60451140081426,0.9409003
78.24,321.37739926492196,0.92365134
78.25,322.2969612800535,0.9474696
78.26,322.8803564845074,0.9571367
78.27,322.2343631262401,0.9581107
78.28,320.79156065057805,0.9364192
78.29,317.7535204147138,0.9249003
78.3,314.2710257984432,0.9367082
78.31,311.6569592207362,0.96846324
78.32,310.1759875222444,0.9627745
78.33,308.79042117527456,0.9801475
78.34,306.5258884302481,0.9660325
78.35,303.70655387028944,0.9584207
78.36,301.360777089233,0.96700615
78.37,301.32361860377165,0.9643568
78.38,301.91833341007987,0.96633786
78.39,301.5980240496551,0.9554801
78.4,300.84185055611204,0.92634815
78.41,299.6313942492701,0.9244484
78.42,298.04607167515513,0.9111369
78.43,297.0666949442078,0.8728828
78.44,296.2638677565821,0.8935037
78.45,295.5391332888459,0.8703656
78.46,292.94192644947776,0.7059334
78.47,290.43733830327847,0.6319896
78.48,291.54097878663447,0.65498656
78.49,294.3027584642692,0.7026863
78.5,297.5434190862131,0.34798807
78.51,302.73895307404405,0.22376576
78.52,331.72612861103204,0.5465207
78.53,358.6864323024644,0.71445173
78.54,359.2853314649056,0.75957566
78.55,357.8374470427716,0.57108575
78.56,351.6742905460949,0.38825694
78.57,332.3169144770609,0.29268706
78.58,354.40862141690855,0.43861112
78.59,357.07357603358435,0.37623474
78.6,370.3908158829301,0.122732766
78.61,376.5123889774813,0.14032017
78.62,349.167437218515,0.25094435
78.63,319.969568852107,0.16861114
78.64,287.8324776500096,0.11571094
78.65,256.51994819502454,0.14781624
78.66,238.40788012286072,0.15061615
78.67,230.56673241806973,0.121357426
78.68,233.12073268075565,0.09262079
78.69,235.3004312792698,0.17007728
78.7,233.62285141312273,0.21523972
78.71,232.82713585740692,0.236731
78.72,231.02340759730922,0.13228299
78.73,229.29229534581117,0.104677565
78.74,225.02760407893146,0.112495795
78.75,216.51656254498548,0.15711491
78.76,209.79653335249057,0.13489823
78.77,198.5507439690393,0.070594296
78.78,187.84603798916476,0.11573493
78.79,177.57860427916685,0.04893565
78.8,173.5794109935909,0.13634856
78.81,172.6788286263038,0.09722621
78.82,177.16700687039068,0.2079256
78.83,180.62556876834105,0.40397972
78.84,181.12525326821805,0.31881267
78.85,180.0209842802221,0.22588237
78.86,175.46261878034397,0.20193525
78.87,183.67352943015527,0.017990872
78.88,199.1313795375443,0.07265572
78.89,214.44565899646932,0.45935708
78.9,226.1563378844388,0.34773868
78.91,238.26663187117433,0.2376079
78.92,269.15514951609845,0.16271558
78.93,293.2495312638968,0.25674155
78.94,325.3139241692596,0.35783768
78.95,340.50879894465174,0.51476765
78.96,349.16406998229536,0.44975057
78.97,358.38904509685153,0.5824836
78.98,368.8476992790615,0.77138656
78.99,376.4055803681547,0.9005528
79.0,380.55221894349467,0.91328084
79.01,379.69096549328407,0.8119315
79.02,371.32788992215814,0.52742964
79.03,359.1717201708509,0.66140443
79.04,353.37063881408835,0.69920474
79.05,344.0328193958321,0.5995908
79.06,335.5734661363807,0.7290969
79.07,331.08483797392273,0.8083178
79.08,329.9797643808971,0.7307628
79.09,329.82741991757746,0.6156886
79.1,331.6382428266978,0.7498634
79.11,331.49770010494785,0.7907339
79.12,329.51791331042125,0.68885905
79.13,325.04854777345196,0.72402644
79.14,324.4646476387217,0.7532347
79.15,326.212972538711,0.79943955
79.16,329.6501107511733,0.9161976
79.17,330.46029949723527,0.8508269
79.18,332.25821582123837,0.76088953
79.19,331.7387624752424,0.7612264
79.2,332.0035639261237,0.6808866
79.21,326.2414460519455,0.6100584
79.22,325.909254099397,0.46405226
79.23,303.5659377993871,0.5670688
79.24,302.07634958582196,0.653966
79.25,300.1845621750913,0.57956785
79.26,292.82742725245436,0.51524836
79.27,283.15707711164134,0.41752583
79.28,254.73643149903495,0.3668402
79.29,240.4709746203369,0.39983162
79.3,224.86290531539734,0.4119092
79.31,215.91494342988244,0.43397382
79.32,227.31890127804462,0.58875495
79.33,249.35394720717306,0.42714658
79.34,271.9904073068617,0.32587615
79.35,268.43209314436626,0.63173115
79.36,267.3813377379772,0.840392
79.37,266.88909395964487,0.9101961
79.38,266.475452758175,0.8941155
79.39,263.59248210037447,0.71158946
79.4,251.33531588129202,0.39811224
79.41,229.950215435242,0.46665785
79.42,223.86997934706162,0.5023584
79.43,206.7978586981405,0.5435197
79.44,191.72845568560845,0.3232458
79.45,185.8959915687056,0.5895393
79.46,177.31523660477524,0.5897942
79.47,173.1567859569333,0.7682245
79.48,175.6909233621661,0.6097403
79.49,184.23906277012316,0.552954
79.5,190.38264289204605,0.78398204
79.51,193.15811287265117,0.8356843
79.52,193.6667585087467,0.8662644
79.53,191.4822785954895,0.6880447
79.54,186.473079862203,0.64462864
79.55,182.01036782495345,0.4141827
79.56,167.4613264357326,0.72051895
79.57,164.10771459597683,0.89008975
79.58,163.34961752080727,0.9434071
79.59,163.54152417086016,0.93721724
79.6,164.45691433334005,0.9284622
79.61,165.39529335251046,0.898776
79.62,182.03576124961563,0.6571205
79.63,214.53647692384106,0.19814244
79.64,238.93470897431698,0.4882425
79.65,249.0729380484065,0.54635036
79.66,257.17525089238075,0.44960028
79.67,270.56407445338215,0.36763012
79.68,276.20373090444707,0.49847344
79.69,288.78730769940853,0.41475615
79.7,300.60089235791463,0.52761406
79.71,307.0248195376157,0.44774768
79.72,339.4146263557456,0.3233226
79.73,361.27974355653487,0.46941534
79.74,372.3610539652616,0.87715447
79.75,377.7905104233887,0.8793399
79.76,380.4745510381423,0.93237853
79.77,382.0356264473726,0.9205746
79.78,382.6071252041441,0.89553833
79.79,381.5743841316168,0.9039796
79.8,378.775885199311,0.82695913
79.81,373.74007077441354,0.7272041
79.82,361.8384764712532,0.6098629
79.83,345.95164177175667,0.74544823
79.84,324.93818553076005,0.5346892
79.85,311.62511369144374,0.6174804
79.86,302.01446819683395,0.8693941
79.87,294.68296293138843,0.73177594
79.88,282.91780679322227,0.523485
79.89,268.8867872199776,0.59504825
79.9,252.91792546475517,0.69106436
79.91,246.32021687133192,0.27978763
79.92,235.96113194503076,0.2968746
79.93,218.59917734658492,0.14140242
79.94,201.3258859252951,0.32946637
79.95,187.29720837959087,0.25372484
79.96,169.1179738551978,0.098670915
79.97,156.40535548051753,0.5225914
79.98,154.09365847039288,0.50616306
79.99,141.35400703034213,0.24489975
80.0,134.1497072261141,0.46957806
80.01,123.07959890012901,0.47398406
80.02,122.16123905927779,0.5025408
80.03,129.38616174258618,0.08672715
80.04,140.43284722990234,0.14178658
80.05,152.0736000096559,0.15427208
80.06,164.59760356095154,0.047037043
80.07,171.99573571132464,0.065604225
80.08,188.10594154481066,0.35140553
80.09,198.73228348316704,0.07619039
80.1,216.07831418841087,0.062362965
80.11,226.37952988710657,0.03348329
80.12,245.25802372950463,0.08073394
80.13,259.9745381775468,0.16680193
80.14,283.86837885297274,0.41545516
80.15,297.38988751719353,0.1645759
80.16,312.3465050615679,0.20052302
80.17,334.46154805676457,0.1310884
80.18,345.45232675326406,0.083759926
80.19,370.21680523424686,0.12312534
80.2,370.5473391370194,0.4256
80.21,371.7277808390807,0.33911934
80.22,379.734029162442,0.18007934
80.23,388.11708398579646,0.060873587
80.24,387.4889699657663,0.0475516
80.25,383.6295742067836,0.025837302
80.26,382.5185584655606,0.2042315
80.27,385.47887314344905,0.72752136
80.28,387.76891752036863,0.7740839
80.29,388.3220534050674,0.7608798
80.3,388.07874653603744,0.6575736
80.31,388.3558563392611,0.5495609
80.32,354.6326051591526,0.22641777
80.33,304.49816517594047,0.12195557
80.34,280.5145843771951,0.057564788
80.35,241.7214138797724,0.025310598
80.36,217.04862643772293,0.06299331
80.37,193.5861714546381,0.09559406
80.38,192.8366196031715,0.17849946
80.39,184.978992462339,0.027603827
80.4,166.4077017443083,0.213618
80.41,154.339459496442,0.16055869
80.42,146.52694463328555,0.18947351
80.43,152.7815085711316,0.6621059
80.44,159.40200619970008,0.6334596
80.45,165.11885544806495,0.7206283
80.46,168.45513232055788,0.60792065
80.47,175.42595152007272,0.54975265
80.48,179.65577838154326,0.49948066
80.49,185.1642677370364,0.24860506
80.5,207.63935396661626,0.48758346
80.51,223.0789391873754,0.6824013
80.52,226.7631184131159,0.7168834
80.53,235.92668638359453,0.41725883
80.54,246.18937361069698,0.6234951
80.55,249.3519410215782,0.81342846
80.56,248.66329797030897,0.8225156
80.57,246.99635580339083,0.8052294
80.58,244.56315727212737,0.85423577
80.59,240.60151514301137,0.8170056
80.6,235.88759783251294,0.7384416
80.61,232.46243640012284,0.7073488
80.62,230.57921069124887,0.69413584
80.63,230.1283226469646,0.6658361
80.64,228.0509003064799,0.7115391
80.65,226.29788048748821,0.76545894
80.66,226.90674302028071,0.6758251
80.67,228.98586299981258,0.5703609
80.68,230.31486974570214,0.5380131
80.69,231.46712171762465,0.48125762
80.7,227.0403674637332,0.5284894
80.71,222.2082310020324,0.62215877
80.72,220.2324058807483,0.8873343
80.73,220.7604927696941,0.94227403
80.74,220.9204211779773,0.94365895
80.75,222.66280201985006,0.8418423
80.76,225.35227570098317,0.46686065
80.77,242.211166664546,0.47318584
80.78,250.1182370339926,0.77655214
80.79,252.2598790320074,0.89939386
80.8,252.68946502540746,0.92244744
80.81,252.50804584156936,0.8714717
80.82,249.96212420920216,0.74006885
80.83,242.39634013244148,0.46816283
80.84,216.27859810262964,0.39693284
80.85,207.10660339723387,0.72000086
80.86,203.75182418305656,0.5873417
80.87,189.18774700453002,0.48202446
80.88,204.56567840707697,0.7708132
80.89,225.37816665261346,0.42990318
80.9,243.7414338216217,0.5061501
80.91,244.92745079233327,0.8066405
80.92,243.25404322444214,0.9001735
80.93,242.13581058594957,0.93408227
80.94,239.50574376819276,0.9264481
80.95,237.46454763446084,0.9111023
80.96,236.31582118668277,0.92381084
80.97,235.67260223104563,0.91368294
80.98,236.0541967228707,0.9380822
80.99,237.50884731177592,0.917329
81.0,240.46244246653686,0.91542715
81.01,242.96704906984647,0.9682728
81.02,244.08301397176518,0.95133686
81.03,244.16573835481987,0.9512408
81.04,243.36458994267647,0.9578709
81.05,241.54229633586286,0.960172
81.06,239.5905393792383,0.93850625
81.07,237.3186462311171,0.9035654
81.08,234.35837677642664,0.80044824
81.09,226.97698944250308,0.7256297
81.1,220.63729939313544,0.7774304
81.11,214.25106545997718,0.6415159
81.12,206.32809375258358,0.49886307
81.13,188.00249839496405,0.17270753
81.14,180.92067459572846,0.33179253
81.15,176.67536292205784,0.19624567
81.16,173.2171591435039,0.32175285
81.17,170.17522020780513,0.40094355
81.18,167.128551196535,0.15738809
81.19,158.8754739194879,0.1666498
81.2,156.55037886264833,0.1318496
81.21,175.91640152485937,0.24759507
81.22,181.57572369932632,0.46418607
81.23,182.46868289275798,0.24702898
81.24,190.35997978978952,0.32527196
81.25,207.22158438522456,0.2705727
81.26,222.98389514591736,0.7790209
81.27,226.56318172730167,0.7663123
81.28,231.82696230449992,0.55281544
81.29,239.8262209500582,0.5660407
81.3,247.9691420988592,0.84479207
81.31,251.91032370501807,0.9016934
81.32,253.8756357969373,0.9417448
81.33,255.33597651307713,0.9328284
81.34,255.77803696217273,0.94649625
81.35,255.26776352600865,0.9362873
81.36,254.28362844069045,0.9563703
81.37,253.42662191505073,0.9581387
81.38,252.0864432272678,0.91715294
81.39,250.25530999459005,0.9378121
81.4,249.0615314926532,0.9123296
81.41,248.79654754348246,0.9123016
81.42,248.85236662725947,0.897749
81.43,249.16325782631452,0.82136476
81.44,249.1287436260765,0.6785694
81.45,252.59776713749784,0.5545429
81.46,258.82242017617625,0.61326265
81.47,262.92316526908763,0.76048887
81.48,263.4254685619893,0.82540864
81.49,262.93315690189087,0.89415187
81.5,260.70669901919916,0.8915629
81.51,258.78570616070846,0.91795784
81.52,256.4355078365365,0.91309756
81.53,254.48180573742238,0.9003496
81.54,253.7243370418402,0.89877003
81.55,254.21883725813973,0.85858816
81.56,257.7231883850755,0.7479442
81.57,261.5032910902819,0.7771759
81.58,265.61415517751243,0.8414452
81.59,269.75760529065764,0.81159526
81.6,272.6252609894652,0.81692886
81.61,271.3028228882538,0.77760166
81.62,268.4977411746749,0.79770875
81.63,269.66428418124383,0.7151123
81.64,269.09634797549205,0.7356579
81.65,263.6935149906464,0.55771655
81.66,255.299403517918,0.6105488
81.67,251.0662676873589,0.6894165
81.68,246.47994414794027,0.85170096
81.69,243.79507725049103,0.924039
81.7,244.0602469204057,0.9176515
81.71,246.11862798431616,0.9213145
81.72,248.35902631512283,0.92201227
81.73,249.80498209845993,0.9129136
81.74,249.35513425986258,0.8816018
81.75,248.08250482495436,0.88446456
81.76,246.28750054173693,0.8076282
81.77,238.45000072919586,0.6667546
81.78,234.86085364683476,0.7484181
81.79,234.40427475067412,0.58304626
81.8,239.8213516225311,0.55191505
81.81,245.37266576734902,0.7138009
81.82,247.70128974207205,0.7175659
81.83,249.14530421294864,0.63223875
81.84,243.25339836874733,0.6440321
81.85,245.2707795204026,0.81977993
81.86,245.05469249239465,0.78455997
81.87,244.82286663363539,0.7746892
81.88,246.19227930795256,0.72630644
81.89,264.5122879196239,0.24245967
81.9,263.7909646850877,0.115390316
81.91,261.40004089987616,0.3169462
81.92,256.5898284153413,0.47576374
81.93,253.1221920544334,0.118279286
81.94,246.28190499036288,0.10005457
81.95,242.67056007816177,0.13392808
81.96,244.86091146135212,0.13363834
81.97,240.60566465715507,0.13471796
81.98,238.39131121372554,0.29902032
81.99,237.68130699475262,0.20617919
82.0,232.12894064702581,0.21888164
82.01,229.49717632479928,0.13709515
82.02,222.8209552401225,0.057603862
82.03,218.18006857219981,0.12874357
82.04,220.1510740562824,0.3997051
82.05,216.24988023436987,0.07376189
82.06,203.52916513907383,0.032553595
82.07,201.54587290266562,0.2719087
82.08,216.4533904381659,0.44997245
82.09,220.73922007727177,0.65453917
82.1,224.20158644248517,0.7654982
82.11,226.04439114553205,0.8678831
82.12,227.6648401420391,0.8738301
82.13,228.03746157860036,0.7405726
82.14,226.3945976254277,0.47013485
82.15,221.8836159013423,0.3906617
82.16,225.18116334365908,0.06696089
82.17,221.71892055084078,0.03818448
82.18,219.6495433127244,0.10153956
82.19,219.98326374353803,0.18338741
82.2,195.055908905902,0.21784835
82.21,192.35465854558132,0.14125533
82.22,191.13715597160603,0.21038118
82.23,187.32958016182965,0.3752456
82.24,187.1179847760062,0.19728218
82.25,181.45275108344296,0.27000958
82.26,182.75847290939117,0.41949502
82.27,183.19807396175025,0.36304656
82.28,184.26240886935892,0.44206762
82.29,184.00053403323233,0.32713556
82.3,201.67781766893563,0.15428254
82.31,225.47681227241728,0.40975967
82.32,245.4461647238982,0.44040513
82.33,273.12462983259644,0.30710137
82.34,276.2301881139687,0.34172967
82.35,283.9683742011949,0.6146601
82.36,288.1975648240207,0.75129926
82.37,290.3842658987729,0.8465352
82.38,290.4244106079277,0.7000575
82.39,280.42396021971535,0.46873242
82.4,271.1337903504404,0.46785012
82.41,244.22925646364286,0.2089841
82.42,219.5791804034275,0.37750825
82.43,200.90236352725765,0.18684913
82.44,180.19705502714731,0.277878
82.45,191.76117008653466,0.5302419
82.46,212.33629787922953,0.59017175
82.47,227.21817066309495,0.24501626
82.48,238.90863647926597,0.56776804
82.49,242.61852372964978,0.8063263
82.5,243.03263938492765,0.9025281
82.51,244.21556517964618,0.9362567
82.52,246.0266831338709,0.9188503
82.53,247.81752816823868,0.93496627
82.54,251.27098086586568,0.8576396
82.55,255.85365901043954,0.66030234
82.56,263.50828835178623,0.5817426
82.57,270.03463719261504,0.58172345
82.58,276.7545090810088,0.41242778
82.59,287.8311939772126,0.4621325
82.6,286.4060549503629,0.6914629
82.61,281.96359957149974,0.5890694
82.62,278.7396910083087,0.7264832
82.63,276.6602777924568,0.9157022
82.64,276.4961088100793,0.93777126
82.65,279.6502678475896,0.85226244
82.66,287.68405781742086,0.82582915
82.67,294.86854281621737,0.8829413
82.68,301.1148892094105,0.90367585
82.69,307.27391199659826,0.8836167
82.7,312.398910137791,0.93584037
82.71,314.5598486504103,0.9330597
82.72,314.0463601812914,0.90265137
82.73,310.31762877309774,0.7437724
82.74,301.81745558142046,0.66067076
82.75,294.73818070085065,0.51896787
82.76,276.971310288771,0.45479697
82.77,269.9356961508114,0.51214564
82.78,267.1916673480262,0.27674532
82.79,271.3811032984439,0.24443394
82.8,278.6063611635608,0.30299035
82.81,294.67440902621996,0.42702296
82.82,297.40038768433146,0.5288531
82.83,295.4283369699467,0.38849056
82.84,298.2011542696253,0.13040529
82.85,298.80741081654804,0.3463889
82.86,302.46179127135724,0.08893024
82.87,293.072849409512,0.07121847
82.88,300.05381074426543,0.08101716
82.89,298.6321376200089,0.027108325
82.9,292.45415493610403,0.061810147
82.91,291.9676912349309,0.060621336
82.92,268.9682682150959,0.48761314
82.93,239.75235231983956,0.5298175
82.94,213.20748864222494,0.7086896
82.95,199.41664613609674,0.80156034
82.96,202.36877400538899,0.83427256
82.97,204.7907491199717,0.8607487
82.98,207.60994588636794,0.6725838
82.99,219.01342828461864,0.5388541
83.0,228.2495817491525,0.30039084
83.01,246.8860654780908,0.34131113
83.02,275.5764971509258,0.4177289
83.03,279.97463668351077,0.5542431
83.04,286.9022900447206,0.5552094
83.05,292.0117635829344,0.69891894
83.06,298.669432830366,0.7798573
83.07,305.55815346967347,0.7309028
83.08,316.0976236992328,0.62989783
83.09,326.53598893921645,0.82154757
83.1,330.47450373509747,0.94409436
83.11,331.8987918879121,0.9426291
83.12,332.1171126628967,0.93984276
83.13,331.6335542177435,0.94210505
83.14,331.0205238245999,0.9413862
83.15,330.7739746535912,0.86684424
83.16,326.30520307507135,0.7802713
83.17,319.3643669596413,0.90312356
83.18,318.74261095092334,0.7479732
83.19,314.370094132984,0.6175301
83.2,310.24876960048664,0.6471918
83.21,305.9219913732209,0.707307
83.22,302.37458812794443,0.8181802
83.23,297.0070827634863,0.83209455
83.24,293.56722008602344,0.9380397
83.25,291.9750670486913,0.93117994
83.26,291.45398293247,0.8702303
83.27,290.78771426828587,0.63827115
83.28,284.5476708226072,0.34586865
83.29,267.16449692393223,0.4551018
83.3,247.4909137088639,0.44553566
83.31,246.37406419625654,0.4503375
83.32,274.2971488940159,0.53411436
83.33,276.9299030983637,0.7402482
83.34,280.40569165723406,0.86452454
83.35,280.4217102170139,0.90916085
83.36,277.30682811994774,0.90303653
83.37,269.42292718055404,0.84536105
83.38,262.51968205154816,0.92452353
83.39,261.76826447053435,0.9318094
83.4,263.7073533417024,0.80746245
83.41,265.594289217729,0.6095147
83.42,238.7874634429242,0.35974744
83.43,223.8463245932793,0.36970624
83.44,210.55400281258457,0.5371562
83.45,203.3977819522663,0.48190218
83.46,219.7321665573173,0.52885437
83.47,249.24516701139507,0.4478694
83.48,272.59974015138033,0.47448304
83.49,298.5185993471813,0.30290794
83.5,291.8526426740182,0.75654215
83.51,289.9262958655884,0.7485617
83.52,285.2694832578506,0.8453153
83.53,282.0764273446915,0.8491656
83.54,280.18512628173147,0.62220824
83.55,266.11872292732494,0.45476443
83.56,260.78108124843743,0.42322543
83.57,271.3834470941372,0.23504844
83.58,254.74233448060403,0.3934782
83.59,232.95717466689328,0.34103963
83.6,233.91787137900042,0.65919816
83.61,239.6772175831078,0.5890901
83.62,247.84466262997697,0.6534903
83.63,252.37437302433793,0.8144172
83.64,255.8554717894889,0.93842906
83.65,257.6763131067289,0.93689525
83.66,259.4147865532926,0.8987148
83.67,259.9668178796371,0.8152814
83.68,259.60276153814686,0.76732165
83.69,260.0974018224276,0.81269276
83.7,258.6901900519781,0.90013045
83.71,255.267806471627,0.8556539
83.72,251.05777475280772,0.86428344
83.73,247.2747941782134,0.88645846
83.74,245.76868110026027,0.8428354
83.75,245.0636468775959,0.8035719
83.76,244.8517361707996,0.7789681
83.77,246.60483262268912,0.8278267
83.78,244.7608340164352,0.843544
83.79,238.94456923194167,0.88393664
83.8,237.22694394923676,0.9258311
83.81,237.3353106706915,0.8722398
83.82,239.0984207904268,0.74907994
83.83,240.56729416453433,0.72390294
83.84,240.05381032124836,0.8050606
83.85,239.332843553312,0.8899369
83.86,238.16993480311913,0.89783114
83.87,238.06733095897908,0.8848371
83.88,238.0453694340116,0.8895361
83.89,238.48582935810788,0.8455287
83.9,243.82521423743452,0.6929216
83.91,248.7063581938952,0.7832522
83.92,249.92879576340908,0.90574604
83.93,249.3363850573129,0.91544074
83.94,248.769454701447,0.9001135
83.95,248.5674120243155,0.9202292
83.96,247.46727461814652,0.9234856
83.97,246.6164080207581,0.9052051
83.98,246.23362953445294,0.92135584
83.99,245.7880310853665,0.9307862
84.0,244.83230627050574,0.90966177
84.01,246.11868950181196,0.8470711
84.02,249.62313942901972,0.82696164
84.03,254.06311784513673,0.90756667
84.04,256.6717147502525,0.949285
84.05,258.67280221124764,0.94790345
84.06,260.4015469103863,0.94122106
84.07,262.1111067899512,0.9579796
84.08,263.6517461235075,0.94455636
84.09,264.2677436592905,0.93515295
84.1,264.2587199492416,0.9260017
84.11,261.9113024992668,0.9109415
84.12,257.65310039170186,0.87578666
84.13,252.96412372349164,0.87371624
84.14,247.15619550512127,0.8568194
84.15,244.99096063839303,0.9420053
84.16,244.07420364840218,0.9438981
84.17,243.78123558627496,0.93701845
84.18,243.25721766816557,0.936824
84.19,243.5662072863764,0.92930955
84.2,243.83336111636598,0.9211084
84.21,244.917115533531,0.9277279
84.22,247.8915347273262,0.8361989
84.23,252.2718407155022,0.8417757
84.24,254.7330488436745,0.91291136
84.25,256.4056428616695,0.966595
84.26,257.7848493174578,0.9509801
84.27,259.0587998619117,0.9441135
84.28,260.2596998155491,0.9243024
84.29,260.0412708646844,0.91379946
84.3,257.9727807134808,0.85547096
84.31,254.46573081020475,0.863072
84.32,246.25986709968728,0.75867087
84.33,239.85096020814697,0.87964076
84.34,234.69830210750808,0.7130323
84.35,224.4088121798711,0.57840437
84.36,214.4076606786294,0.71260494
84.37,208.91339158349348,0.761644
84.38,206.4618174054005,0.8025762
84.39,206.59546268830186,0.8497104
84.4,207.62876652083762,0.91236025
84.41,208.31401788029123,0.95485765
84.42,207.93048309049996,0.9173888
84.43,205.54693151179376,0.80292577
84.44,200.32664542385618,0.6166253
84.45,193.26917957422776,0.5638997
84.46,186.0807857385381,0.6888754
84.47,178.0607148588575,0.56026727
84.48,172.025873451147,0.31585875
84.49,162.54614340335775,0.2788215
84.5,151.60437737063378,0.15795696
84.51,132.6201457696128,0.33055332
84.52,121.44823627316492,0.2094959
84.53,131.4063947670338,0.023785178
84.54,144.27830444360973,0.012119541
84.55,157.36177023225383,0.048513487
84.56,171.49530476343762,0.47555918
84.57,169.39793023817256,0.64197844
84.58,168.96056898060831,0.78263664
84.59,168.36601906199428,0.8239255
84.6,166.90376911278986,0.80479884
84.61,163.44476694069357,0.8196089
84.62,160.37050707498372,0.79312706
84.63,158.52022293974363,0.5422898
84.64,161.01442337835678,0.6283127
84.65,177.69668656912683,0.5381244
84.66,185.605987246274,0.62774265
84.67,196.43174767715792,0.5577809
84.68,209.4609222771479,0.58765227
84.69,222.04400451507354,0.3264527
84.7,236.46810405678198,0.4135199
84.71,244.85770300219596,0.120037645
84.72,254.04960124657208,0.14127024
84.73,259.79484962125247,0.22146863
84.74,277.3570208712258,0.15539654
84.75,311.79239545867387,0.33691296
84.76,317.4140719339949,0.41554597
84.77,328.7144636729938,0.61871684
84.78,332.7197769951652,0.7166994
84.79,339.7845920304463,0.5926111
84.8,355.2700864444329,0.8325838
84.81,360.55921645789033,0.896081
84.82,366.0752416330535,0.9115986
84.83,370.7517697623618,0.85546005
84.84,376.88936024087013,0.792792
84.85,381.21335823063407,0.8752942
84.86,382.52776688303175,0.7826889
84.87,375.3201441082797,0.6316059
84.88,365.3679528978614,0.76790273
84.89,356.3386636949423,0.8998592
84.9,353.23630503697177,0.95726913
84.91,353.7586891474993,0.947495
84.92,358.35000054807074,0.8601167
84.93,368.87314877122014,0.74590033
84.94,381.20700736271283,0.7260758
84.95,388.1312762017367,0.8596934
84.96,392.43607090965526,0.9293793
84.97,393.41351215665776,0.9503479
84.98,394.6506716497594,0.94817793
84.99,396.7412831409001,0.95735186
85.0,398.2238913863305,0.96419626
85.01,398.1000749821075,0.9596744
85.02,397.05526499789426,0.9513314
85.03,395.25975776990924,0.92819595
85.04,392.7120592953625,0.91846913
85.05,389.5695799162967,0.8904968
85.06,386.07402267283635,0.77890086
85.07,380.58786959540333,0.68243986
85.08,373.9281258808455,0.52779675
85.09,391.6419812503836,0.2679083
85.1,411.6826537087886,0.6135767
85.11,407.29371477740926,0.65380484
85.12,404.1351324443069,0.70731634
85.13,399.1897427398672,0.82981014
85.14,390.4537422299342,0.80659354
85.15,381.77531557878217,0.92308694
85.16,375.0788198661075,0.932179
85.17,368.9333514814376,0.92870885
85.18,368.67858355990825,0.92721605
85.19,371.3062539265451,0.92180336
85.2,375.65671000981416,0.9162044
85.21,378.99580232669484,0.8642135
85.22,382.1959203963747,0.73521876
85.23,389.98451039404154,0.58894926
85.24,396.70669553997897,0.4812389
85.25,392.7251993259739,0.35889772
85.26,367.9397263090342,0.2599654
85.27,385.6829205316161,0.6042574
85.28,388.52014778843363,0.7444842
85.29,380.8783461783597,0.7129775
85.3,373.94025032011376,0.69268835
85.31,374.6060745622416,0.5798046
85.32,379.92591083902136,0.71799916
85.33,380.85698654344293,0.7152731
85.34,386.8045389448,0.5291164
85.35,392.8777427522473,0.405563
85.36,390.86228914854496,0.18051094
85.37,399.6684288841624,0.23643921
85.38,408.19289648456856,0.37975308
85.39,411.71187019778495,0.4283033
85.4,412.18491993184466,0.5525806
85.41,408.72831452572086,0.6785402
85.42,405.37514097556056,0.6635647
85.43,398.73768287647647,0.7642287
85.44,391.3685507991022,0.81012666
85.45,387.6191188273368,0.805827
85.46,384.53536394922827,0.8409124
85.47,382.6036997858582,0.8605573
85.48,382.3663976041363,0.86691165
85.49,384.1598893219395,0.91463095
85.5,386.99044825297256,0.85902405
85.51,390.3075742896391,0.9028855
85.52,391.5365561698068,0.8710757
85.53,390.80001446158747,0.8723132
85.54,386.22374422645413,0.7821617
85.55,381.13847385695925,0.8639428
85.56,375.4571701901839,0.73422295
85.57,357.1722838299669,0.5626508
85.58,341.4506908361352,0.59682065
85.59,330.2336976720381,0.72325724
85.6,324.9219604972598,0.5555808
85.61,317.94926717252895,0.41233906
85.62,296.7979173947309,0.16321585
85.63,267.97421500499456,0.120577395
85.64,268.4881193711755,0.13794364
85.65,292.4852323508098,0.108585626
85.66,306.8266976645076,0.22960299
85.67,310.1700124636245,0.1498294
85.68,343.2604944475185,0.22938187
85.69,381.35240977068725,0.18987657
85.7,381.77138947928285,0.5310524
85.71,394.201532674624,0.2584733
85.72,401.9305536299262,0.24681848
85.73,399.52109191253976,0.2555496
85.74,426.6199996392791,0.22716866
85.75,460.6848264465334,0.19563374
85.76,458.9648852617312,0.26465508
85.77,454.9162811352699,0.35780102
85.78,446.06950889266693,0.31566235
85.79,455.3384516742144,0.24223064
85.8,462.6183113060062,0.28245252
85.81,409.27860861026693,0.3687199
85.82,408.37395536086825,0.43179476
85.83,408.34713084417626,0.49882665
85.84,405.9682927605084,0.42826745
85.85,405.7326402407312,0.38943177
85.86,406.7758874528846,0.26625898
85.87,413.6212257180001,0.19696534
85.88,415.0518389419899,0.23345675
85.89,438.2640845348789,0.15579683
85.9,441.06616491573914,0.12828769
85.91,444.6595074988909,0.23200154
85.92,445.43736402658675,0.18559276
85.93,421.7437544271516,0.19393893
85.94,405.7926584115596,0.11430034
85.95,398.6077878994672,0.110887975
85.96,355.91026859288615,0.21421158
85.97,390.59219321113835,0.09507284
85.98,411.8165218550172,0.22987334
85.99,411.630540411247,0.27194574
86.0,408.83533953276503,0.11618396
86.01,400.36765074202066,0.07666157
86.02,395.56678022496465,0.24309394
86.03,391.58856832555034,0.25256366
86.04,390.41609110512513,0.3561692
86.05,393.05931357975476,0.59191436
86.06,375.9247933468571,0.16670565
86.07,356.1441734747616,0.19502231
86.08,339.22387444412755,0.118492834
86.09,321.60022146113505,0.18253617
86.1,328.4059244996211,0.42413363
86.11,333.5726858876401,0.74905306
86.12,338.0115614299615,0.6814911
86.13,340.3219126472619,0.549168
86.14,335.73784463184785,0.18607453
86.15,333.0191475553238,0.43928677
86.16,335.1233527428553,0.31775013
86.17,350.274055390251,0.4127112
86.18,361.35753935862726,0.33944204
86.19,391.41292715353444,0.3134186
86.2,397.1952583763982,0.60857135
86.21,397.0206646737143,0.26976293
86.22,388.4209645651692,0.14203526
86.23,425.4173062448737,0.11171781
86.24,424.0772828455017,0.25432914
86.25,424.64874086267344,0.44770306
86.26,422.76083401285683,0.36418182
86.27,401.53156211201605,0.22851858
86.28,367.27443282361406,0.29442254
86.29,333.73099782516715,0.15838033
86.3,310.09704305194657,0.18433048
86.31,342.7535189215303,0.38494587
86.32,347.82847245008037,0.3331368
86.33,350.4107385059445,0.2855289
86.34,374.1384384067667,0.3923735
86.35,396.0681097791644,0.24710853
86.36,394.9637601426771,0.24650295
86.37,370.95891560295576,0.2035208
86.38,354.7530802490629,0.21012816
86.39,340.2911086109478,0.09497659
86.4,316.9940404934346,0.10913342
86.41,330.6837388144007,0.26704517
86.42,331.82733709858843,0.5545078
86.43,331.66573445784957,0.5215514
86.44,329.7830669894816,0.20655683
86.45,298.96569376349095,0.4237298
86.46,300.9081709378841,0.52608097
86.47,302.1803257682243,0.43031806
86.48,302.3859367836322,0.64282274
86.49,306.2531275804507,0.41966063
86.5,308.02105077685945,0.24268618
86.51,308.5115552300102,0.27823332
86.52,319.9375072416672,0.123875074
86.53,337.94682004524645,0.25744438
86.54,301.483426114224,0.33947667
86.55,328.4856715760879,0.25547713
86.56,354.73499461079996,0.3251518
86.57,354.46221214860026,0.43373168
86.58,330.4316557682855,0.23186004
86.59,297.6648159148187,0.32542193
86.6,302.23094057787495,0.34775043
86.61,301.4416712031922,0.5630499
86.62,337.6455523053737,0.30937245
86.63,368.6464074810599,0.23574992
86.64,394.66275385399103,0.22117442
86.65,398.1866430684628,0.5069823
86.66,395.0001112250638,0.49592048
86.67,372.25077428848914,0.4579042
86.68,365.56556967279937,0.43386948
86.69,360.305226996582,0.59463555
86.7,360.6166887737424,0.46692613
86.71,405.4272904931306,0.38717866
86.72,405.32289369794364,0.27082703
86.73,389.3563956457257,0.18917479
86.74,372.02948970225236,0.38584423
86.75,392.33972338151113,0.47851363
86.76,412.8856240039818,0.32208443
86.77,426.37645450152144,0.49084857
86.78,426.9249564404274,0.41206422
86.79,427.22446948731766,0.37572664
86.8,428.100481355777,0.312596
86.81,430.4190091739322,0.17104034
86.82,406.73824066141924,0.15187266
86.83,394.1326628187855,0.2967102
86.84,387.47044938747587,0.27249658
86.85,381.9116642849275,0.11085111
86.86,380.91252683633775,0.12621795
86.87,382.00541443971974,0.27717602
86.88,388.5030473573084,0.58379775
86.89,395.0367648960812,0.6981646
86.9,398.07281067742446,0.65061265
86.91,401.1491899727852,0.6012396
86.92,401.8182252929708,0.5837843
86.93,394.90549422153276,0.5322756
86.94,378.5865178003416,0.29543933
86.95,369.7295185159802,0.31529284
86.96,365.1906337139857,0.47935528
86.97,366.52067379653573,0.36348635
86.98,369.94195562182415,0.17608641
86.99,373.94475268537064,0.50686866
87.0,376.9726699673406,0.39788967
87.01,380.1292900167832,0.4124965
87.02,400.8903322698385,0.26817563
87.03,424.2282765268499,0.35502395
87.04,421.68521713394523,0.5270019
87.05,426.5200418388023,0.3709053
87.06,429.4865296950413,0.3173945
87.07,429.3875917964939,0.14613396
87.08,435.9445030204767,0.18546093
87.09,428.8814431318793,0.23374206
87.1,391.6523218428142,0.14679888
87.11,383.2018012733016,0.12318383
87.12,361.8061225354682,0.3167554
87.13,347.08274558499636,0.27295482
87.14,339.04201709824065,0.19716606
87.15,348.6322520501097,0.53094596
87.16,346.81605563965525,0.5885405
87.17,346.97248422024427,0.48629737
87.18,356.97563428459057,0.22420494
87.19,364.44263303214814,0.24324095
87.2,384.53028861525,0.41593167
87.21,409.5105480379123,0.24763568
87.22,412.6344022902592,0.19579592
87.23,406.5980158406322,0.19732484
87.24,403.91904507473146,0.1805931
87.25,400.1059806508709,0.0985211
87.26,402.8358798861151,0.094612084
87.27,399.8012715888404,0.048958555
87.28,395.0807752605492,0.03439119
87.29,388.1422755076136,0.031087097
87.3,367.07865668281903,0.018490152
87.31,353.28623240600075,0.092437014
87.32,347.8638829792145,0.105731
87.33,342.3893177893153,0.2185944
87.34,335.13509653884256,0.26515323
87.35,327.3567296135426,0.25553685
87.36,291.0779650883285,0.2779286
87.37,261.6905887724852,0.35318208
87.38,253.72968508279283,0.68027675
87.39,255.37381294952291,0.82064384
87.4,258.8889364550752,0.91224456
87.41,261.01798247486465,0.9127251
87.42,261.62671002882695,0.8554693
87.43,261.00732815382156,0.6498803
87.44,293.42834618091155,0.21899365
87.45,314.7406840384594,0.29547185
87.46,322.38740994419453,0.39874092
87.47,350.85682163618355,0.42728302
87.48,390.58773909258014,0.43217337
87.49,391.8826565711228,0.75698316
87.5,396.3714304227333,0.811834
87.51,397.0030687775573,0.78873116
87.52,399.61418248872263,0.6161903
87.53,392.31661167326075,0.5290735
87.54,372.9899429901067,0.51094586
87.55,360.4120656839547,0.47033748
87.56,352.3922240350262,0.5315474
87.57,348.9370537544853,0.58132315
87.58,351.8509019778019,0.52960247
87.59,352.116289669578,0.44539288
87.6,394.25362153760216,0.32602054
87.61,394.6088284694175,0.4826458
87.62,394.4717333946752,0.5425315
87.63,397.2736493070972,0.40528303
87.64,360.2353789380996,0.25317985
87.65,354.8673195928132,0.8475418
87.66,351.6690775741133,0.88007915
87.67,357.2834396071942,0.57219154
87.68,369.9783260269205,0.636417
87.69,371.22478858563767,0.5736634
87.7,371.8270614886691,0.34502533
87.71,392.7061431831178,0.7444049
87.72,396.1690544768163,0.7691477
87.73,399.61593121475744,0.880563
87.74,402.279644363618,0.8251969
87.75,403.05528950110215,0.64783764
87.76,407.3049637150345,0.5039318
87.77,380.33059180483394,0.18190257
87.78,347.20204559885786,0.3061785
87.79,332.99633474012757,0.35829183
87.8,302.3334869237548,0.3804514
87.81,278.50392912435217,0.34353006
87.82,278.97603399039116,0.2824409
87.83,298.4042990618147,0.29545087
87.84,294.652431364119,0.48818126
87.85,293.12030064703396,0.50133985
87.86,288.3425356894221,0.44049895
87.87,308.5535834314043,0.17063227
87.88,331.02982252253685,0.34713364
87.89,341.05891456231063,0.5724787
87.9,348.3815863428732,0.57829773
87.91,360.19827461001165,0.4691037
87.92,365.8434318706355,0.53774667
87.93,362.3206613928772,0.56679946
87.94,358.81676923105437,0.6806146
87.95,353.7821229531311,0.7719583
87.96,351.74560312282506,0.7627197
87.97,349.09419670658536,0.6278961
87.98,332.83372555232313,0.35343125
87.99,321.75548321005306,0.30553573
88.0,302.4411706165795,0.44528475
88.01,314.8492818790421,0.27187607
88.02,324.0107860765326,0.038854584
88.03,325.8268337486695,0.115749
88.04,324.26514789437465,0.026244648
88.05,316.4817595524995,0.023733985
88.06,301.9664874648442,0.27710938
88.07,305.10777622574,0.38668236
88.08,302.1961359886324,0.70176476
88.09,304.1945385091102,0.8730559
88.1,302.260321795528,0.86550987
88.11,300.2066129861722,0.85299313
88.12,302.7505945432166,0.78127605
88.13,306.0651631961649,0.82818437
88.14,305.2112320222525,0.6418925
88.15,339.86198197355264,0.45765534
88.16,350.3849019958091,0.37046683
88.17,364.41455429792404,0.6750256
88.18,367.86480777680254,0.8636843
88.19,369.1523086179612,0.7783912
88.2,376.37125427176386,0.6829608
88.21,384.18285943062085,0.8916834
88.22,386.54335834613727,0.8887785
88.23,387.4373739477972,0.8849411
88.24,385.98731326686334,0.87054896
88.25,378.98247547086635,0.8239345
88.26,363.1282156956192,0.691429
88.27,357.8137434514105,0.9338457
88.28,359.2338564876484,0.92352426
88.29,362.65540965986474,0.8681378
88.3,370.94783236731706,0.7953934
88.31,374.2409952841614,0.81703997
88.32,380.4764065056662,0.7537864
88.33,387.5361553142335,0.84173346
88.34,391.3121260397241,0.90208215
88.35,392.8434807488432,0.92626673
88.36,393.20933337083625,0.87584394
88.37,395.62525524167023,0.8718252
88.38,397.4911709972841,0.9498892
88.39,398.3478343084611,0.9516952
88.4,396.60518985163776,0.9126526
88.41,392.4161814428177,0.9086267
88.42,389.28463434737404,0.9128405
88.43,385.41591631543446,0.8779572
88.44,381.1134604561579,0.9247195
88.45,378.48978293655557,0.90669566
88.46,373.23678080728484,0.91121095
88.47,370.4044032457842,0.9456675
88.48,370.99827871998826,0.9426102
88.49,372.8655186675849,0.9224584
88.5,374.4634768610297,0.9389119
88.51,378.24375855438586,0.8530852
88.52,382.5240258646651,0.8132854
88.53,386.23820243494123,0.8289161
88.54,388.5671660527765,0.92086726
88.55,388.74920456501223,0.93424946
88.56,388.36574968567385,0.91724265
88.57,388.107645561331,0.89347214
88.58,386.94266015781227,0.8767558
88.59,385.20212871942465,0.924474
88.6,384.8918412238521,0.906176
88.61,386.23150024306887,0.8728147
88.62,386.8704052322505,0.8670497
88.63,385.437042132918,0.8912745
88.64,383.889406475518,0.8947669
88.65,383.9371258399759,0.9224448
88.66,384.50787037954274,0.9516839
88.67,384.7639183000576,0.9523428
88.68,382.737139036857,0.9282089
88.69,380.2772259250992,0.95975447
88.7,379.61775823819977,0.96332663
88.71,380.78403102411085,0.96042377
88.72,382.5471680377418,0.92880434
88.73,382.45767809492975,0.92243093
88.74,383.9571554352762,0.9173318
88.75,384.9727741520121,0.91548747
88.76,384.8054473430906,0.9307036
88.77,384.65982215106436,0.9411977
88.78,384.8547308709066,0.93276817
88.79,383.1605637511382,0.9153972
88.8,380.7741893399416,0.95126915
88.81,380.513775515838,0.96690804
88.82,381.73865416257007,0.953286
88.83,382.40336082990825,0.93721956
88.84,380.8619168842177,0.95353
88.85,380.8818204017854,0.94506675
88.86,382.7826135393161,0.93271196
88.87,383.18981580069124,0.9591976
88.88,383.2108200559116,0.9594784
88.89,382.9783953298377,0.95694256
88.9,381.58881013409933,0.9583199
88.91,380.4886759986704,0.9723474
88.92,380.1749118724078,0.97352874
88.93,379.2192287845924,0.96605086
88.94,377.9454434754461,0.94423807
88.95,377.8604055008901,0.94559073
88.96,379.16815238119796,0.9729508
88.97,380.8548369050724,0.97383773
88.98,381.4695777973521,0.9612571
88.99,380.3831543185357,0.9743011
89.0,380.1685705685071,0.9773325
89.01,381.28943320741325,0.9660661
89.02,383.2665627085964,0.9631123
89.03,383.78063338817003,0.9670201
89.04,383.12930178958834,0.9632846
89.05,383.5352572715377,0.9624757
89.06,384.3717469183139,0.96190524
89.07,384.4769164585558,0.95959866
89.08,383.56440099034165,0.9621751
89.09,382.55183648840557,0.95507956
89.1,381.12268688608816,0.9654187
89.11,379.4814508785018,0.967946
89.12,377.360360816605,0.9560238
89.13,376.0069557062808,0.9666472
89.14,375.01082754735216,0.96161765
89.15,374.2751853713481,0.94848555
89.16,374.3515652018905,0.95166284
89.17,374.93207252869195,0.9631578
89.18,376.46035088692406,0.96568066
89.19,378.40044427412477,0.9626415
89.2,380.45617042577555,0.9787254
89.21,382.2311338798431,0.94627106
89.22,383.7408052352658,0.96411616
89.23,385.07618234954515,0.96283364
89.24,386.18010180784717,0.9423647
89.25,386.8053800989964,0.92451376
89.26,384.9885229700441,0.95739436
89.27,382.79882767642687,0.9540509
89.28,382.4215847463603,0.94909215
89.29,382.76975288753613,0.95831233
89.3,382.69896982930413,0.9513135
89.31,381.41612366206283,0.95475006
89.32,379.62314059994117,0.96004134
89.33,376.3069404524439,0.9528715
89.34,371.7155899203443,0.95689976
89.35,368.5390771327024,0.9458028
89.36,366.2159992245725,0.9625243
89.37,364.7890620801334,0.93579125
89.38,364.1620002735991,0.95485276
89.39,363.6141718068214,0.96463716
89.4,363.2190583702039,0.9693867
89.41,362.8543931148772,0.97192174
89.42,360.7053092007169,0.95268375
89.43,358.6310189544907,0.9761451
89.44,357.99184882291127,0.97649413
89.45,358.84477468010795,0.9701442
89.46,359.84637050344423,0.9574333
89.47,360.23676203800767,0.94907194
89.48,360.44054014833966,0.9486333
89.49,360.26341848775974,0.94666845
89.5,359.80621674904233,0.9569275
89.51,359.6880542799175,0.95990413
89.52,360.24832673208334,0.94392353
89.53,360.1651064501889,0.94883883
89.54,359.11864333077403,0.9678357
89.55,357.2591826227439,0.97008634
89.56,355.33361526099725,0.9732953
89.57,353.5903427054438,0.97368515
89.58,351.0236644465005,0.9710679
89.59,348.65518244826944,0.9592995
89.6,346.4911071407396,0.9669563
89.61,343.3812660372286,0.9481999
89.62,339.6735604984651,0.9400888
89.63,336.326455226142,0.93567616
89.64,334.3937502832359,0.96504706
89.65,333.1738801806364,0.95933956
89.66,332.9253173510234,0.9530655
89.67,333.02663278595946,0.9550737
89.68,332.8661683428662,0.9496209
89.69,332.88350160130256,0.94904995
89.7,333.23174135135866,0.9577914
89.71,333.5947786452658,0.9600574
89.72,334.03450046240494,0.9648099
89.73,334.6465066998445,0.9670032
89.74,334.41662953852807,0.9701599
89.75,333.520273214744,0.96592873
89.76,332.82167649282894,0.9495891
89.77,332.3143775799773,0.95926553
89.78,331.64637157714265,0.9734004
89.79,330.3587977383436,0.9758154
89.8,328.31357333951127,0.955517
89.81,326.6426246175366,0.97402304
89.82,324.923380515128,0.95512164
89.83,323.6513965159039,0.97299284
89.84,324.0890478931773,0.97268325
89.85,325.21956290849596,0.95873135
89.86,325.4003969485638,0.9609829
89.87,325.0407249056088,0.9442362
89.88,325.84933158197873,0.9555205
89.89,327.63512150500134,0.95806056
89.9,327.73243550092354,0.9580219
89.91,327.0328614054852,0.96268046
89.92,325.83319297326483,0.9502587
89.93,325.9190659605888,0.9455078
89.94,326.495500818823,0.9552044
89.95,326.76717940053413,0.9620504
89.96,325.429721507571,0.93934226
89.97,324.2289468871309,0.9560001
89.98,323.29305425129655,0.9652433
89.99,321.6641343806887,0.9421298
90.0,321.66784502200915,0.9434192
90.01,321.8724881526842,0.94982916
90.02,321.4050102088247,0.94261616
90.03,320.94049321155853,0.93375015
90.04,320.77471175522714,0.93936557
90.05,321.35208895251606,0.9365674
90.06,322.10475316409736,0.9562456
90.07,322.31461913171574,0.96517676
90.08,321.4363841103329,0.9451759
90.09,319.7819198395878,0.95694506
90.1,317.68570898551974,0.93736315
90.11,315.49256651470967,0.9565726
90.12,311.7947544070988,0.94758713
90.13,307.56195325957754,0.9572783
90.14,304.0006676978496,0.96228504
90.15,300.3671066994795,0.92568576
90.16,296.2136329067288,0.91926175
90.17,290.7259762734593,0.8833701
90.18,285.1944800372232,0.8848012
90.19,279.6543469298291,0.8385077
90.2,275.6821570536999,0.9034881
90.21,273.3216537424328,0.8774483
90.22,268.3364563170318,0.8341182
90.23,296.2889901207134,0.6245365
90.24,326.70376012320196,0.39659622
90.25,372.8057127995585,0.31015915
90.26,376.48262963555646,0.65879583
90.27,380.66547062843074,0.79037255
90.28,380.75891602365584,0.62931985
90.29,376.7015352386284,0.40646923
90.3,383.17614918147706,0.69443256
90.31,378.59541126318396,0.43585286
90.32,374.9143198448555,0.6091145
90.33,377.70394341248686,0.5914424
90.34,378.72843320349693,0.40064862
90.35,371.44895768420156,0.30369025
90.36,364.69876863527963,0.19147085
90.37,375.3762663799503,0.16128567
90.38,364.3813728214391,0.22832835
90.39,352.57033552143366,0.29232267
90.4,342.42985118540753,0.6165844
90.41,325.09999318362395,0.6605387
90.42,314.24318859103374,0.57677704
90.43,310.3604474809274,0.3112653
90.44,298.92066316580144,0.14969085
90.45,277.6260427634121,0.05104018
90.46,270.7227737809965,0.050482795
90.47,257.2211847505343,0.05275342
90.48,242.8613078780004,0.09706682
90.49,232.5320474176223,0.07553491
90.5,226.1117456024142,0.15005733
90.51,221.9688076313546,0.07935763
90.52,220.42232813493837,0.12126113
90.53,216.5874069126582,0.18465973
90.54,205.36875197792128,0.12217672
90.55,190.20976146798066,0.09865366
90.56,185.73477587724756,0.37727034
90.57,183.70944468047472,0.2628017
90.58,182.22755219265426,0.23028955
90.59,180.17902584913313,0.17639354
90.6,186.86742056672836,0.13663484
90.61,190.0871658744904,0.099708684
90.62,200.79152502969802,0.052054502
90.63,200.53692688644065,0.031971708
90.64,195.68801144319806,0.05105682
90.65,191.62667468834422,0.023567764
90.66,185.6800552627584,0.031054374
90.67,178.36107989627914,0.11132857
90.68,176.94267806159334,0.24143878
90.69,172.1742966078893,0.14810632
90.7,165.16752663779883,0.24773537
90.71,163.50717208662252,0.13493194
90.72,160.8671114269566,0.1325007
90.73,156.14962261596244,0.13116373
90.74,151.73025305381657,0.04503013
90.75,148.51536711196178,0.22329222
90.76,146.6485943918481,0.3645255
90.77,142.91801813364748,0.2870063
90.78,135.45220826776097,0.30249226
90.79,132.57412481783098,0.34195185
90.8,135.27976296980722,0.5907191
90.81,135.58801770163154,0.52896726
90.82,138.72774284003998,0.31868428
90.83,150.44091202986652,0.47388595
90.84,152.8312822309948,0.49822798
90.85,164.6308343078766,0.50434065
90.86,174.70851315501545,0.44439492
90.87,183.98974079203407,0.3066595
90.88,198.7676754880735,0.24160737
90.89,213.48824327215112,0.16588056
90.9,221.44486574832337,0.42221713
90.91,231.09132261016785,0.6980407
90.92,238.44850560065993,0.6688819
90.93,243.20627233462676,0.769376
90.94,246.55505343170685,0.9008531
90.95,248.64479009306314,0.8979608
90.96,250.30950890748494,0.92926776
90.97,252.71894398743376,0.907926
90.98,253.7339665628448,0.92794347
90.99,252.84359724618372,0.88146085
91.0,248.66614683895165,0.76263314
91.01,243.46340235847043,0.758288
91.02,239.29338081042965,0.83583534
91.03,238.07125719325472,0.8163911
91.04,238.08823337701244,0.8481768
91.05,237.51117535557734,0.8612088
91.06,235.06668332743925,0.82207865
91.07,232.0549967767877,0.82406336
91.08,230.96820414706178,0.8420539
91.09,230.3687181476782,0.79421633
91.1,230.1975901614648,0.77206045
91.11,229.67324242337838,0.7580734
91.12,231.14091761270333,0.71129143
91.13,235.05113870953267,0.683144
91.14,237.8123964857537,0.80719054
91.15,239.61714476103407,0.87194747
91.16,240.88777478403085,0.8601069
91.17,242.38652726969042,0.88814247
91.18,243.01832666905742,0.8652701
91.19,241.85623505950318,0.85227764
91.2,239.26423320334717,0.82582384
91.21,235.63839215031032,0.70385915
91.22,232.67512798399278,0.5536252
91.23,223.81753578117852,0.4842681
91.24,212.92280981191422,0.60312116
91.25,209.48226499232425,0.87012655
91.26,210.14264936163397,0.8806118
91.27,213.87491809261164,0.6850308
91.28,224.35718074705676,0.55535585
91.29,230.72583645812438,0.6557563
91.3,231.44061611995855,0.73994243
91.31,228.9053620877132,0.72182983
91.32,226.6936812099832,0.8667234
91.33,225.92882538016397,0.90827614
91.34,224.4074191732439,0.8547312
91.35,221.67344348417157,0.8708144
91.36,220.6761361209499,0.9341988
91.37,222.0623038884855,0.8704214
91.38,223.7767417585291,0.843736
91.39,227.08965209700762,0.8327873
91.4,228.87234437572403,0.90701705
91.41,228.88362235400388,0.9290285
91.42,229.20251498086148,0.9316657
91.43,229.9259222890915,0.879393
91.44,231.7009853392097,0.9079598
91.45,233.5172862580687,0.945722
91.46,234.4135704157453,0.94868684
91.47,233.92057893165142,0.9194675
91.48,231.22139294544579,0.7361728
91.49,227.66131073383465,0.5434326
91.5,209.67836601319806,0.23701721
91.51,185.5570534211137,0.33394194
91.52,167.7338000248473,0.35395557
91.53,164.9203405483549,0.44415033
91.54,171.50918770959845,0.3138259
91.55,184.33082287194708,0.4066145
91.56,193.04136702330334,0.19272836
91.57,206.2881989015878,0.20870748
91.58,219.11707793018434,0.2607269
91.59,220.0936564872664,0.4514829
91.6,223.41462932445367,0.49377704
91.61,232.90702006625096,0.62509364
91.62,240.22826220605015,0.79797316
91.63,244.39941908480748,0.8938093
91.64,247.18133264590733,0.9121821
91.65,247.4516404181863,0.7990876
91.66,240.69211364774884,0.581837
91.67,233.62819560426334,0.41047907
91.68,228.3830230098261,0.11731285
91.69,224.39066416012994,0.21508658
91.7,220.74799300848383,0.20957306
91.71,221.24613924003978,0.3152272
91.72,220.60540491196707,0.4867489
91.73,224.94080349384387,0.7572634
91.74,225.45092052034104,0.8775431
91.75,225.95623375889122,0.91256624
91.76,226.65936445781733,0.86404324
91.77,231.450488716347,0.6627153
91.78,240.45198145754676,0.6496118
91.79,248.60043266237867,0.7031188
91.8,257.3746390827143,0.74919504
91.81,261.55986113262634,0.83536804
91.82,262.0146212442756,0.7042831
91.83,254.25407140466592,0.42830744
91.84,247.61756278153345,0.612207
91.85,254.25827006372444,0.5086684
91.86,257.1136879794016,0.7504449
91.87,257.08105761567714,0.82504135
91.88,254.2939066412959,0.78421456
91.89,251.46638352023857,0.7414862
91.9,249.97044454962128,0.7282357
91.91,249.55356341949187,0.656012
91.92,248.72626216784212,0.6110801
91.93,247.90912377494732,0.7232915
91.94,247.09455214483694,0.81920856
91.95,245.37953690732695,0.8247109
91.96,241.15407104288948,0.8137618
91.97,237.37454293799823,0.7502289
91.98,236.88588092588358,0.6489062
91.99,237.12606885371216,0.70621157
92.0,237.82759495382177,0.8323944
92.01,240.2815078711848,0.90944946
92.02,241.87169740775815,0.9313465
92.03,243.53253765220134,0.9256066
92.04,243.73517699975565,0.92092377
92.05,241.2636726863156,0.9261505
92.06,237.22161784159027,0.794229
92.07,227.6543086624468,0.5647802
92.08,213.3384945537733,0.600355
92.09,190.72778837117087,0.2599335
92.1,176.16714689004638,0.24415855
92.11,174.56459817914185,0.3382514
92.12,180.7296624777226,0.15989798
92.13,191.34904734272374,0.09068535
92.14,201.9465838420769,0.534557
92.15,214.23914959710072,0.21811552
92.16,227.9968215877943,0.24779452
92.17,233.39103041872107,0.109931305
92.18,231.71747790042798,0.15698135
92.19,237.06315423530407,0.17395416
92.2,242.01363803040707,0.20285258
92.21,243.69113976037482,0.17013204
92.22,241.07953787094038,0.12537105
92.23,241.43280333009383,0.13907121
92.24,238.07920068082524,0.2178919
92.25,236.7571591715715,0.3214303
92.26,235.64584839155995,0.46091405
92.27,235.61840743125015,0.3531641
92.28,237.1720783419853,0.21451142
92.29,240.46531708041317,0.20323338
92.3,234.6712748979789,0.5083924
92.31,233.64680383849986,0.322404
92.32,233.55249104473532,0.14640704
92.33,235.0607144048256,0.04709159
92.34,239.53425314246547,0.1062998
92.35,241.17430916124022,0.102487735
92.36,242.72257797898348,0.48369706
92.37,243.7651409487972,0.60223645
92.38,242.8115047189593,0.6101866
92.39,245.87133426724907,0.74005187
92.4,246.07297245301143,0.8151131
92.41,243.64763976435012,0.61950725
92.42,243.67405995879489,0.61676216
92.43,242.85710827963635,0.18790063
92.44,241.81409976272093,0.12578212
92.45,237.58366713080366,0.08824257
92.46,236.15262219560657,0.08845451
92.47,242.84485112438597,0.36594597
92.48,258.5852406972847,0.40770426
92.49,280.4488468331498,0.3232723
92.5,284.7836051054883,0.32077053
92.51,299.53463573177294,0.30341408
92.52,310.620000064306,0.47654703
92.53,311.38114169548135,0.73432547
92.54,314.69604711380293,0.6118217
92.55,304.4534833949085,0.29077923
92.56,275.52430543598985,0.40742296
92.57,271.67010137227214,0.4889426
92.58,274.16270419707246,0.17991297
92.59,286.10154924091387,0.26911795
92.6,300.2708405371186,0.34134108
92.61,294.6776330003938,0.4385902
92.62,295.0681905688767,0.6542477
92.63,293.3850950806451,0.8136583
92.64,293.7294931927874,0.89875
92.65,291.4259134268628,0.9113432
92.66,289.2541771670053,0.8880388
92.67,288.20586682078675,0.9122084
92.68,285.29145047688905,0.8747745
92.69,282.2307793833705,0.721061
92.7,275.87591972455596,0.5381111
92.71,267.23045892350007,0.54210466
92.72,262.6936067775935,0.67720944
92.73,260.50312377488024,0.80977577
92.74,260.71762575983615,0.876097
92.75,264.13679377791493,0.613015
92.76,285.2149045991325,0.31442317
92.77,302.6237388524125,0.4282873
92.78,305.0532880325978,0.73665255
92.79,304.7907253829489,0.92511654
92.8,302.50410791556374,0.9167621
92.81,300.7661134816542,0.9448415
92.82,299.81145697576466,0.94383
92.83,298.27727358729453,0.96362674
92.84,294.98053366712304,0.9396874
92.85,290.8655935166617,0.8519349
92.86,289.0337037741219,0.70190585
92.87,283.50486222893346,0.58218604
92.88,276.30547020971613,0.84309924
92.89,274.5002146750497,0.79370236
92.9,267.9753279225769,0.7380701
92.91,250.59357982216088,0.40760463
92.92,226.39777716428608,0.3892059
92.93,214.89139182403804,0.4151261
92.94,206.30612544896874,0.68363607
92.95,205.17566443513869,0.63084096
92.96,202.317168041253,0.27513158
92.97,206.53389899425576,0.16549698
92.98,220.4532896656353,0.057297632
92.99,226.1831955474736,0.051654343
93.0,232.51036091548198,0.07258485
93.01,238.94423183603624,0.26642513
93.02,251.86024358854124,0.07619871
93.03,258.88253564783065,0.22920862
93.04,254.3760174067155,0.09969124
93.05,241.94036888208694,0.3162255
93.06,220.48648522630185,0.41028434
93.07,226.37319624769663,0.6610588
93.08,231.68149554250544,0.6158702
93.09,236.4820111125424,0.5781822
93.1,237.80919840964128,0.45921072
93.11,249.26911053899516,0.26101676
93.12,276.8056839880253,0.46376026
93.13,295.37488351304046,0.6709614
93.14,301.014778050182,0.8726784
93.15,306.40068617108716,0.89300036
93.16,310.6593420203808,0.9399456
93.17,311.774381740297,0.97145474
93.18,311.3627320311999,0.96072227
93.19,307.9023946306756,0.76617765
93.2,298.5447467763924,0.65974647
93.21,289.3178994889038,0.50295466
93.22,275.59124941955827,0.43694627
93.23,269.96079849104916,0.26846418
93.24,266.7570180578053,0.2456724
93.25,262.4103930148086,0.13818336
93.26,262.2176946476164,0.1757337
93.27,261.72081460292225,0.051687542
93.28,258.35505762034194,0.07356731
93.29,253.29455897394993,0.03212629
93.3,246.2785327746405,0.32547593
93.31,240.74033148441623,0.4960256
93.32,236.42274895457828,0.31938994
93.33,256.60993786531003,0.39820313
93.34,260.05643770631605,0.43586978
93.35,269.41814598995285,0.5414314
93.36,274.77570757992635,0.40892512
93.37,293.9102895210148,0.6097897
93.38,301.1058037786987,0.8423918
93.39,307.2290801065237,0.8377459
93.4,311.2794021195676,0.83715993
93.41,312.17971235778793,0.7331562
93.42,309.5828058599619,0.47685164
93.43,300.9102499088709,0.35542226
93.44,274.69966119220896,0.4908703
93.45,266.3854106663133,0.5443111
93.46,263.7942284216515,0.41931534
93.47,236.87922732188588,0.4375096
93.48,230.04806113231098,0.38185036
93.49,228.9957389220905,0.38349712
93.5,236.70812331524363,0.39226896
93.51,240.8191920693167,0.60518223
93.52,241.86165457564712,0.70166284
93.53,239.02111170065496,0.7805148
93.54,236.61194547012354,0.78213257
93.55,234.34736260363474,0.8302064
93.56,234.2008113822812,0.8163184
93.57,234.72007820882797,0.7912747
93.58,235.4759602382393,0.6977009
93.59,237.22725008122455,0.710307
93.6,238.16718736281564,0.68729955
93.61,236.85366128246474,0.71861255
93.62,234.63719812403662,0.7497602
93.63,233.7239172869949,0.77964634
93.64,233.04588690302302,0.86933166
93.65,234.3608500417755,0.9050527
93.66,235.0020457229985,0.9171189
93.67,235.00937630366278,0.92815876
93.68,235.30723878133276,0.9220225
93.69,235.00935004794422,0.9380155
93.7,233.9359928181615,0.9515171
93.71,232.79140234011595,0.92485595
93.72,231.7339480720508,0.9211949
93.73,229.76907816560865,0.88259226
93.74,227.23439710503987,0.8777789
93.75,224.63317494178827,0.9017031
93.76,223.56277367665783,0.9483417
93.77,222.6678613446045,0.93527734
93.78,220.97427097234785,0.9164952
93.79,219.0030308572203,0.81192344
93.8,213.99130459918433,0.66052186
93.81,206.20146664826638,0.62104136
93.82,186.48362633751105,0.34087756
93.83,177.19421858596968,0.2981206
93.84,163.6592268684187,0.13224171
93.85,167.3087713798078,0.037698664
93.86,181.80200858986814,0.073399626
93.87,186.57523397438354,0.33123684
93.88,197.48675869421461,0.20961688
93.89,208.09770054719152,0.2562045
93.9,214.15471084035858,0.52865624
93.91,227.21987543637033,0.061305035
93.92,227.68532646588082,0.37684292
93.93,229.69298329920662,0.38621947
93.94,234.08050852898748,0.19079614
93.95,237.08352996608255,0.123111054
93.96,234.58510026960926,0.21495226
93.97,232.51343470352086,0.077302635
93.98,233.2201524189545,0.09440652
93.99,233.4039929933641,0.1222617
94.0,234.99052789011915,0.3165847
94.01,232.03750623735968,0.1395551
94.02,232.85715950864372,0.12553903
94.03,236.22527852953849,0.031049462
94.04,234.99088457444498,0.06581672
94.05,232.7943320535578,0.076067716
94.06,231.98697068151446,0.041996192
94.07,231.93781763407415,0.038500935
94.08,233.37098447603864,0.040580202
94.09,237.57574694282002,0.05145984
94.1,237.69483768290414,0.06251008
94.11,236.54326510993403,0.02452131
94.12,236.9844250639635,0.016409604
94.13,234.56059868940144,0.05870981
94.14,233.10519570830766,0.031751666
94.15,234.8571441686065,0.027307617
94.16,239.9629054967313,0.09197988
94.17,275.65551746129574,0.27312252
94.18,265.2812071156784,0.3983659
94.19,241.09710819760895,0.6074527
94.2,243.46149690787158,0.6145755
94.21,254.79911876563366,0.45964754
94.22,263.347301205043,0.40735275
94.23,275.15327649467787,0.41510352
94.24,281.8191950872336,0.404928
94.25,293.89053534400705,0.5060853
94.26,302.18134922075444,0.7621157
94.27,309.2534037652407,0.8244217
94.28,312.6112173387968,0.9514955
94.29,313.6942590664676,0.9241154
94.3,311.82408570970466,0.8128047
94.31,305.2189505386242,0.53376234
94.32,301.48674362343104,0.4841954
94.33,264.6530687440461,0.35285056
94.34,266.78874825347924,0.13247903
94.35,272.75637160466295,0.14009063
94.36,288.5345472320432,0.2635586
94.37,298.4682110600425,0.53396636
94.38,294.42391709070944,0.49531212
94.39,297.56014432771906,0.731448
94.4,302.52980261160207,0.6666211
94.41,308.08761687857736,0.7094459
94.42,309.43673311643226,0.8497044
94.43,315.0956219284002,0.4160862
94.44,322.1011996119455,0.58362573
94.45,323.2168560419277,0.28343204
94.46,304.32968993296953,0.30806392
94.47,292.29735445180125,0.42563623
94.48,274.3404083080612,0.14678313
94.49,249.9104936035729,0.22221035
94.5,227.19714098385768,0.32526776
94.51,217.13880623698964,0.33107442
94.52,219.80902862604242,0.40424275
94.53,224.216416368618,0.61933756
94.54,230.62125221717758,0.7723941
94.55,234.38855761180687,0.9196216
94.56,235.68907304533434,0.9135786
94.57,236.5010755742121,0.9295348
94.58,237.220288511251,0.9222663
94.59,239.70778797154514,0.9262912
94.6,242.54240394939512,0.9408447
94.61,244.57466735971485,0.9405867
94.62,246.79880355735196,0.9123789
94.63,249.75867979309743,0.9085748
94.64,253.3874946706394,0.9219591
94.65,255.82266370655287,0.9309294
94.66,256.87189976787647,0.9539496
94.67,257.3671268218039,0.9457155
94.68,257.2786535973194,0.95612407
94.69,256.94765767118867,0.92852074
94.7,255.80621595326602,0.7897403
94.71,252.1957870039087,0.5607987
94.72,242.9719595544069,0.553675
94.73,229.95966395084142,0.3611006
94.74,209.40418602120565,0.066111945
94.75,183.35281181502927,0.09441339
94.76,162.0629012091528,0.086411536
94.77,143.3942086928858,0.20742042
94.78,131.10670621157493,0.29054776
94.79,127.89899640269063,0.29491046
94.8,120.45176115720787,0.29251128
94.81,118.11143033342955,0.18343252
94.82,117.78786345550175,0.5802622
94.83,118.99904882952043,0.80199623
94.84,116.95314968282918,0.57842505
94.85,118.26797083181077,0.3235404
94.86,119.90995735313506,0.48301104
94.87,120.36002955059145,0.63352907
94.88,121.51896139578616,0.69758105
94.89,123.95981496344616,0.54576004
94.9,128.02426863206523,0.6901279
94.91,130.90173249892297,0.9027858
94.92,132.718013482767,0.92188156
94.93,133.7578785772664,0.9265132
94.94,133.46241482298376,0.87190396
94.95,131.18614800103012,0.7451104
94.96,126.16742654797153,0.80033714
94.97,124.62112650386233,0.8808935
94.98,123.23750468817715,0.8996594
94.99,121.19410551805635,0.78279257
95.0,118.29884042929864,0.7582516
95.01,116.51993918767656,0.74437946
95.02,113.66716312424515,0.7167523
95.03,111.77118690804475,0.79778486
95.04,112.10067901097544,0.6328185
95.05,115.74397184044858,0.6148702
95.06,119.13721139755864,0.72196084
95.07,122.25571737621708,0.629912
95.08,126.49368875804059,0.5918941
95.09,130.23583062458465,0.7711778
95.1,131.51148857166373,0.88319975
95.11,132.34839109563225,0.8942405
95.12,131.14294587906852,0.9091713
95.13,128.86415792666818,0.7006549
95.14,124.10418796906832,0.5992176
95.15,119.60218037706854,0.5311455
95.16,122.36597345485572,0.27560854
95.17,132.1492450693825,0.22960405
95.18,141.16245836504984,0.34600565
95.19,152.32325385744576,0.3524338
95.2,156.5465062375007,0.033288937
95.21,162.85565041770587,0.4003456
95.22,166.53595933059722,0.6271606
95.23,172.0816472162523,0.5996484
95.24,175.58356386448995,0.7682922
95.25,177.99149750193754,0.8928974
95.26,178.67767344771903,0.92620224
95.27,177.8093022022358,0.9311179
95.28,175.2406306612659,0.9050735
95.29,173.29393692170106,0.87135404
95.3,171.28395619655225,0.60700303
95.31,168.79564271941828,0.38420126
95.32,167.19633605780984,0.6020406
95.33,165.2363512639624,0.8518909
95.34,165.18996945728347,0.8767892
95.35,166.56563485506072,0.89693844
95.36,167.225074195177,0.90256006
95.37,168.63896120375006,0.84959775
95.38,170.93489741350749,0.8503378
95.39,173.29985248935964,0.8525177
95.4,177.23867376024725,0.7779752
95.41,185.10157991553157,0.6561873
95.42,190.49391551520006,0.6658936
95.43,194.60647082189786,0.7277114
95.44,195.29824049963588,0.4874214
95.45,193.32244278190703,0.6170988
95.46,186.46066419226702,0.19708918
95.47,181.42848355119852,0.26498497
95.48,176.95936295747464,0.41008624
95.49,173.16732403124715,0.5963721
95.5,167.97525826553425,0.6548102
95.51,163.7757377330438,0.7895569
95.52,162.41576833643234,0.87098515
95.53,162.97539300108244,0.89137715
95.54,163.2463661775611,0.9258572
95.55,162.41799029814052,0.85929245
95.56,160.4325205503535,0.63141656
95.57,156.16866703612925,0.42805263
95.58,151.07382649145111,0.3339572
95.59,133.49682589360518,0.39258853
95.6,131.97034007305692,0.116098
95.61,140.2955933787071,0.11194124
95.62,155.840996892227,0.1200132
95.63,164.26572225646754,0.11097107
95.64,174.0110604792146,0.13677181
95.65,188.4671241400215,0.060649786
95.66,200.32596961398727,0.10200604
95.67,216.5137696127866,0.03219944
95.68,232.1338665535567,0.01912561
95.69,247.55335801640734,0.1406324
95.7,270.2153139634882,0.064570375
95.71,283.3848720840384,0.081721134
95.72,299.7814360025884,0.1345709
95.73,318.10620181622556,0.1540645
95.74,336.6082074775108,0.0437775
95.75,368.6424907103843,0.06495123
95.76,378.6185650116843,0.33062816
95.77,379.0901611363801,0.4719583
95.78,375.1238659989234,0.344588
95.79,375.6146039614496,0.3122901
95.8,357.6241367507228,0.37579978
95.81,345.8351878772907,0.53155196
95.82,332.4724426073306,0.4068851
95.83,334.75966602509254,0.49968132
95.84,344.9445417936474,0.42596486
95.85,350.94645241166717,0.5585335
95.86,355.5213872295781,0.76370025
95.87,358.49293339981136,0.72894317
95.88,357.84710822228413,0.57833654
95.89,355.00333761423474,0.4845514
95.9,351.6934806764521,0.5144181
95.91,340.2606705260053,0.64093596
95.92,338.7053027584653,0.61981875
95.93,342.902440641463,0.52458906
95.94,344.53494537335223,0.2867012
95.95,336.7262886360928,0.36633655
95.96,320.72275117768555,0.24145755
95.97,306.7209398056878,0.61478585
95.98,300.26702889846536,0.79761314
95.99,270.5271262322956,0.8741006
96.0,260.27765720405716,0.7545799
96.01,255.6428665964948,0.44079092
96.02,253.19176697705902,0.8958659
96.03,251.70012808261168,0.91311204
96.04,249.734009747799,0.9220623
96.05,247.7923278624419,0.93516815
96.06,246.40420666293898,0.8990865
96.07,244.18863476367576,0.90133977
96.08,240.26466749478888,0.86843103
96.09,237.09735375735008,0.9054626
96.1,234.6195509697964,0.9079448
96.11,232.29832449029087,0.87172824
96.12,230.85135005503574,0.8851502
96.13,229.25191108028292,0.74157244
96.14,225.49451855243714,0.46072602
96.15,209.9993540587096,0.36699724
96.16,203.10599609971715,0.5372037
96.17,197.09938428580602,0.4571593
96.18,190.40434618726906,0.75669026
96.19,187.10411788964282,0.84085447
96.2,185.43144042521607,0.8101436
96.21,182.4586480520131,0.6165839
96.22,177.24756488475097,0.34013566
96.23,164.350645596286,0.16578732
96.24,154.83470122354578,0.033518314
96.25,159.04876660197925,0.00789962
96.26,165.8885918466531,0.0072998954
96.27,172.05783716953573,0.0059716795
96.28,179.7502052452143,0.009167188
96.29,184.0970626613495,0.017088145
96.3,189.92290600277485,0.043454587
96.31,195.45101107934866,0.069130614
96.32,203.16079096387423,0.057142902
96.33,208.30834020736316,0.08623204
96.34,211.95825571023008,0.034249287
96.35,217.29649402004338,0.08794404
96.36,224.15289005193569,0.20048876
96.37,231.88559813279784,0.302047
96.38,229.58998947544106,0.47330037
96.39,229.99556797919482,0.41953856
96.4,226.10382700540325,0.2232478
96.41,217.9797235352947,0.18893497
96.42,221.12471121467962,0.025677638
96.43,226.46483648981786,0.07779933
96.44,231.09041147522814,0.013997426
96.45,235.76950535093434,0.04236542
96.46,239.09945098207228,0.12265576
96.47,240.89949430075936,0.13961236
96.48,243.3441972801137,0.106714614
96.49,243.5279542257844,0.41944617
96.5,242.85859047650706,0.36401027
96.51,236.85049509184864,0.09196871
96.52,255.91743769396192,0.033220083
96.53,274.3688924889582,0.069558896
96.54,303.9311883169485,0.54098755
96.55,324.65946131856896,0.5103637
96.56,351.1785601591952,0.17155187
96.57,383.4325718753311,0.09809809
96.58,396.2092718738164,0.1529401
96.59,401.85590289719124,0.25862914
96.6,444.8136120211847,0.12691952
96.61,451.9072895610808,0.044928227
96.62,438.74707548448583,0.02909164
96.63,430.7864260535536,0.09856785
96.64,399.8801351001245,0.46205223
96.65,401.83492511823766,0.62346166
96.66,406.57810169394804,0.7639083
96.67,413.4053482808092,0.681403
96.68,422.5374843508696,0.6903391
96.69,430.7513265241584,0.69374406
96.7,440.5997211149157,0.8136271
96.71,449.59019454417154,0.82926714
96.72,457.5318064667448,0.87489235
96.73,460.6299044087652,0.90594906
96.74,462.10907716101923,0.950381
96.75,462.11498338379073,0.9532729
96.76,461.4710944159823,0.94810164
96.77,460.1215493211277,0.91933084
96.78,457.80663530164225,0.896166
96.79,451.4396708180245,0.7741524
96.8,445.6189755188336,0.82156956
96.81,443.71040820237135,0.8233603
96.82,445.8491091968869,0.76026344
96.83,448.26384379360405,0.61916906
96.84,417.8641778725098,0.47262713
96.85,381.5068619276353,0.31006336
96.86,374.0960282780384,0.763493
96.87,369.04129109898696,0.79641175
96.88,364.2114037923767,0.7780352
96.89,361.3959724104777,0.81003886
96.9,358.56890142698654,0.86057127
96.91,352.7160543603491,0.8586314
96.92,347.0048086479878,0.8738242
96.93,338.3920799596428,0.788034
96.94,331.0107292241081,0.79523784
96.95,322.04008058746217,0.8245738
96.96,317.03870384702526,0.8845725
96.97,312.87100766878666,0.8367833
96.98,306.8656492704274,0.82546765
96.99,301.1858086056483,0.8599906
97.0,296.88322185771034,0.8723229
97.01,292.43606708623065,0.83257776
97.02,286.3735635433838,0.85049516
97.03,277.4736744279053,0.7347807
97.04,269.3023995468038,0.9060293
97.05,263.3194223349022,0.55023324
97.06,252.8398544140427,0.5491537
97.07,250.1999800018743,0.56652325
97.08,247.6028361640944,0.33278286
97.09,241.27504800549926,0.4415539
97.1,237.4113448944463,0.79875976
97.11,234.51119065367837,0.8094297
97.12,230.76663158720237,0.7574896
97.13,226.16733777184177,0.47640857
97.14,218.67503354018618,0.44861284
97.15,209.3618495912204,0.23167042
97.16,200.7620199772347,0.45193464
97.17,192.7921852903623,0.73948866
97.18,188.4042811302426,0.6781692
97.19,181.30319969965157,0.44396818
97.2,175.86898511239298,0.44703886
97.21,167.71791148263517,0.34442055
97.22,162.46371182858655,0.44597748
97.23,155.13468819347264,0.2820185
97.24,144.25547050497124,0.6179168
97.25,136.24793514105872,0.35642102
97.26,132.69756827313952,0.7264983
97.27,126.7870079966417,0.61003596
97.28,138.44011626556693,0.6677757
97.29,160.60389765902985,0.32938907
97.3,180.72038526419294,0.6714944
97.31,200.98711001588003,0.3331356
97.32,227.29020416247062,0.054366406
97.33,251.85206209167288,0.071240574
97.34,285.78285835889415,0.06193932
97.35,312.8793204081671,0.13506292
97.36,360.41100102216865,0.046824872
97.37,386.70325195523355,0.2929324
97.38,381.96987622899246,0.25080588
97.39,400.1988897854897,0.2872752
97.4,466.71413933223477,0.10328962
97.41,491.8855850952837,0.13471648
97.42,555.9018351732973,0.095662124
97.43,588.3981754187779,0.70058274
97.44,588.7460848128413,0.63721675
97.45,588.6507715021006,0.5488408
97.46,590.9818402313648,0.35404968
97.47,592.6079418033395,0.110636055
97.48,589.4790169935017,0.09231652
97.49,589.0197461469616,0.19904374
97.5,588.8121027443215,0.22192386
97.51,591.9458519193928,0.15392995
97.52,579.4516528377161,0.09004756
97.53,539.0318167840717,0.16081195
97.54,496.25785666802767,0.2048782
97.55,464.5561283220048,0.15429029
97.56,450.4057718911204,0.32155272
97.57,422.4889888690111,0.1978282
97.58,388.6219033384448,0.34115267
97.59,371.0422902337601,0.24002124
97.6,355.8171575737836,0.4506015
97.61,354.73887401088604,0.7109714
97.62,353.3823559290071,0.30187222
97.63,354.02860283370285,0.18950771
97.64,353.7880744573328,0.11810549
97.65,356.96029508123246,0.13098294
97.66,356.7424339701987,0.121129036
97.67,354.0699349643899,0.15141216
97.68,354.4404071289374,0.12543237
97.69,353.14409426556176,0.17444575
97.7,393.66082915487567,0.1333267
97.71,426.78326979846304,0.13570645
97.72,423.76571815715647,0.09879025
97.73,413.4235474457287,0.10336479
97.74,398.4628225372527,0.07770619
97.75,350.2504304626008,0.062435307
97.76,350.7624136415848,0.08982241
97.77,352.77637104532107,0.14448881
97.78,354.32024213495055,0.054114632
97.79,358.5305669569278,0.05076335
97.8,358.5604928146392,0.060814824
97.81,357.3437870518917,0.022029577
97.82,363.59874479557965,0.056636717
97.83,367.42632533536914,0.041577756
97.84,371.5142051817824,0.051099673
97.85,365.1879612470413,0.365346
97.86,364.84400633446023,0.12601164
97.87,325.7804170174473,0.25183827
97.88,323.1264624683548,0.40217206
97.89,318.724487296924,0.1652572
97.9,318.1859275352159,0.0905632
97.91,301.17644022914476,0.0657096
97.92,277.3727918292992,0.25247276
97.93,278.0129582229854,0.41325712
97.94,303.253760602084,0.42472923
97.95,327.2174352976193,0.5087921
97.96,357.5864410103679,0.25388733
97.97,366.9865006474197,0.8047671
97.98,372.28190835210313,0.8525071
97.99,380.4280731190945,0.84517
98.0,387.27176479088536,0.8500702
98.01,392.4623464817562,0.6566933
98.02,399.0262582183229,0.6667504
98.03,400.18308861350164,0.59500045
98.04,395.96058515604864,0.31931242
98.05,388.84562610904754,0.1754646
98.06,382.7043477101598,0.44292688
98.07,378.7982170440111,0.72192127
98.08,371.8541836416457,0.84799147
98.09,367.9704760155304,0.9027096
98.1,366.53201903791904,0.93086517
98.11,364.8521679677381,0.7655285
98.12,362.8053900019024,0.6223566
98.13,360.48639293690655,0.841817
98.14,359.92067222429404,0.913455
98.15,360.7420610073008,0.9127671
98.16,362.85077076094916,0.9248222
98.17,365.3316107181096,0.8934774
98.18,366.6987667715543,0.89669454
98.19,366.9959889786168,0.88418204
98.2,366.26550861731255,0.8722973
98.21,362.9783612958662,0.79494447
98.22,358.4421556034982,0.60956967
98.23,354.33148594079796,0.7860424
98.24,351.05016497530085,0.7719834
98.25,349.2896465470078,0.7087922
98.26,346.87703558235796,0.51115865
98.27,350.00950622420845,0.30186573
98.28,353.6695824116094,0.2977641
98.29,359.76204368077725,0.39477172
98.3,359.79709644222555,0.33926493
98.31,367.1527028759047,0.11871168
98.32,377.872020664712,0.031124571
98.33,375.5706347999945,0.4549276
98.34,369.1162750682515,0.57655406
98.35,357.521490420258,0.74508846
98.36,352.4909765110704,0.7410922
98.37,351.54133328539524,0.67056584
98.38,355.8982369890527,0.44412246
98.39,359.39655116134156,0.16540891
98.4,362.0115699110864,0.076844074
98.41,360.5748773622887,0.055060465
98.42,360.30026458432167,0.1529338
98.43,354.87748355329165,0.060277704
98.44,351.9943651045795,0.059326913
98.45,347.19906186871606,0.23465276
98.46,347.3284300819943,0.3704563
98.47,355.7434101718111,0.30150986
98.48,353.2309414971471,0.42997524
98.49,350.3876897440858,0.3298884
98.5,338.2473513747155,0.421291
98.51,318.45248018683054,0.446664
98.52,308.23612028440766,0.20585972
98.53,340.2464584224023,0.424114
98.54,342.971760153358,0.5985952
98.55,345.6804978004437,0.6678055
98.56,313.030511293542,0.605334
98.57,287.17614533494225,0.66388524
98.58,248.6724448345771,0.69334996
98.59,235.56468632255556,0.82215863
98.6,201.17700525538933,0.7218447
98.61,178.530280837538,0.52811825
98.62,167.76356936696124,0.7656163
98.63,165.88630466871956,0.8444405
98.64,164.79131067639753,0.9119583
98.65,164.13789315505664,0.892522
98.66,163.7121917439131,0.8758681
98.67,163.18640717493994,0.81612074
98.68,162.79651625963118,0.7337434
98.69,162.047973297951,0.7064836
98.7,159.44212354299785,0.6650324
98.71,157.63681602690917,0.80492514
98.72,157.01867982942866,0.8562197
98.73,155.86205996027812,0.9203929
98.74,155.43568437778612,0.9251798
98.75,154.78571014806556,0.93370795
98.76,155.88418396894244,0.8911983
98.77,155.0591906855963,0.3500433
98.78,156.58149099630825,0.68399465
98.79,159.90323600737096,0.7093891
98.8,163.3221647970213,0.7705671
98.81,164.6938120421575,0.755126
98.82,167.7229561497661,0.8320956
98.83,172.01410539188484,0.804598
98.84,174.50066729716207,0.719696
98.85,177.5471426277036,0.78515625
98.86,178.29036558200133,0.61586404
98.87,178.10481366744185,0.5365177
98.88,177.41425663709347,0.56049037
98.89,175.4390927054401,0.7539292
98.9,171.8100060097403,0.75195026
98.91,168.00290669326714,0.8469202
98.92,165.90963299156212,0.8648923
98.93,164.99780200461285,0.91502404
98.94,164.2847685251287,0.85146147
98.95,163.8707897451526,0.84221697
98.96,164.36460032340506,0.7886661
98.97,164.98108605957412,0.78360635
98.98,165.05240571468764,0.6170948
98.99,164.84054685839382,0.6575153
99.0,165.08153681490526,0.89250165
99.01,165.42105345009819,0.91709775
99.02,165.6591252590948,0.9304944
99.03,165.95724412169503,0.9136492
99.04,166.32614553818652,0.79479545
99.05,184.97020279235056,0.7528791
99.06,212.78813815948664,0.84144616
99.07,241.09304694648466,0.85984164
99.08,270.7986220982647,0.81316274
99.09,306.07440793544123,0.7666524
99.1,339.64727895061407,0.7836962
99.11,339.2433254866381,0.8319306
99.12,337.926595347992,0.74564457
99.13,335.53783363050957,0.7907931
99.14,334.3987756940677,0.75871843
99.15,331.63898038802245,0.7254144
99.16,330.9171344124416,0.7710059
99.17,330.5522009124918,0.7756928
99.18,329.72080565559503,0.76228863
99.19,329.2928158929708,0.7212197
99.2,329.2883017503808,0.5420981
99.21,320.7201325456626,0.41293338
99.22,317.5707169841605,0.49652824
99.23,316.81866919274137,0.5168627
99.24,324.3188605603731,0.51612127
99.25,328.2838835673583,0.55573535
99.26,332.58065920565787,0.4938612
99.27,333.08166343500574,0.6712283
99.28,330.666395564838,0.7795551
99.29,330.8569722472065,0.81188864
99.3,329.1535489374027,0.6846434
99.31,321.2839414072218,0.7689771
99.32,318.6191323913879,0.77904147
99.33,318.452759003281,0.59352636
99.34,316.0006078198956,0.84017956
99.35,312.0937999444551,0.8312961
99.36,306.91662335801516,0.7934482
99.37,308.79626342571135,0.8080699
99.38,315.954607129809,0.7858175
99.39,321.35292019504345,0.7458666
99.4,325.1374224659213,0.48758587
99.41,323.5026007006718,0.34677443
99.42,317.2101763803453,0.32234654
99.43,314.6870156609933,0.5105398
99.44,315.79608591907464,0.7783097
99.45,316.3049177952302,0.9115398
99.46,316.6381669742399,0.93460524
99.47,315.8493629775606,0.94917667
99.48,315.1520301555363,0.94988596
99.49,314.01545248318376,0.9345966
99.5,313.6654484361363,0.94559705
99.51,313.0008184258859,0.95593303
99.52,313.3088221772296,0.9412957
99.53,314.832031229488,0.9171834
99.54,318.2716830471864,0.8554208
99.55,321.4645585115696,0.85604453
99.56,322.45730012959257,0.9076978
99.57,321.8256490822257,0.89054877
99.58,318.5421524377683,0.87686324
99.59,314.9065624682169,0.9262241
99.6,313.3686118724223,0.9478263
99.61,311.94171763335237,0.96889156
99.62,311.68154149840495,0.9682685
99.63,311.3596499532044,0.96519274
99.64,312.2771758866471,0.96732235
99.65,314.06041730219505,0.9203122
99.66,317.17873526385335,0.882024
99.67,321.21405512448484,0.8637015
99.68,323.7955869568642,0.9359239
99.69,324.8613110954787,0.9194072
99.7,325.59132289583323,0.9262378
99.71,326.6952716946104,0.91819906
99.72,326.7243199005767,0.86030686
99.73,325.0090802778299,0.7857193
99.74,320.9214964206098,0.8159484
99.75,317.8991636379197,0.7960639
99.76,313.6173406270782,0.8519322
99.77,310.2383827505607,0.90374535
99.78,306.4585666298191,0.84644
99.79,301.4625725599722,0.86373496
99.8,299.78860466924385,0.8650145
99.81,300.105530881985,0.80072874
99.82,302.2045069254737,0.66980934
99.83,304.21623526789256,0.80208796
99.84,305.1344176856588,0.81386924
99.85,308.9094384722096,0.83083606
99.86,314.7659625726998,0.83104944
99.87,320.81097775066394,0.8148617
99.88,321.51381459155334,0.85100985
99.89,319.480404070601,0.7842718
99.9,319.25847689226936,0.81504065
99.91,316.71540100998857,0.8278776
99.92,309.5565056017365,0.8386357
99.93,303.47385287229235,0.8657321
99.94,299.27248583618444,0.8824197
99.95,292.40152429536596,0.785959
99.96,284.8360778984567,0.91926455
99.97,279.16128063267183,0.85494673
99.98,274.3975476355639,0.9335606
99.99,273.1783393777658,0.9473576
100.0,274.6120361736357,0.9629769
100.01,280.72631469911136,0.7957172
100.02,291.69095768196183,0.8497614
100.03,298.55020618790275,0.9398096
100.04,302.35929656061825,0.9323361
100.05,302.0178997989682,0.9040442
100.06,298.2487924112108,0.82615894
100.07,292.19738204440586,0.53874516
100.08,281.30528147567827,0.6404971
100.09,274.70410129769493,0.7678651
100.1,269.6774008414691,0.76856524
100.11,261.60489036818234,0.7030962
100.12,251.4279943037293,0.5777121
100.13,242.23312082325282,0.45508623
100.14,220.85855729629588,0.47522154
100.15,235.60576811423513,0.53197235
100.16,264.8357227985911,0.16737774
100.17,279.14891794588,0.25615907
100.18,275.4752343330694,0.2617433
100.19,297.77316330962265,0.11244274
100.2,297.372656829866,0.24518596
100.21,281.87200495115474,0.17774825
100.22,286.1355582652278,0.17355561
100.23,273.2479031894105,0.18433812
100.24,286.04902873695545,0.1765871
100.25,296.72637791465155,0.15213616
100.26,297.296378811881,0.07563065
100.27,292.73838715740237,0.16156584
100.28,289.76858621541885,0.18816984
100.29,298.91866439441304,0.19713156
100.3,302.1034934459791,0.2130347
100.31,296.45754700492563,0.3510001
100.32,296.5736535638235,0.36280948
100.33,297.82643433495133,0.3269613
100.34,299.4216971202174,0.32333332
100.35,301.7548513997999,0.20389974
100.36,289.85037139907837,0.096647374
100.37,274.32436409927686,0.16602618
100.38,273.41578898916316,0.08678276
100.39,271.512811991676,0.07614626
100.4,301.2811944853166,0.054563742
100.41,299.5508209464709,0.1468291
100.42,301.7018037170877,0.11328175
100.43,313.74276182462023,0.09893704
100.44,322.4248321939462,0.032825712
100.45,322.04528109616086,0.045088276
100.46,321.5797657733814,0.06770723
100.47,321.26806384441016,0.07215511
100.48,323.2823767467298,0.14439626
100.49,324.2295695013886,0.06372505
100.5,322.76069058292705,0.023034163
100.51,317.01051193718337,0.008849036
100.52,313.93728476956517,0.002045177
100.53,310.72514331727916,0.024339415
100.54,308.56260557468494,0.01807742
100.55,301.9941182329322,0.038665876
100.56,286.31479674458626,0.03151528
100.57,281.7029596273735,0.61601365
100.58,275.83270139150886,0.7561174
100.59,268.6616830379199,0.7888
100.6,267.23649639929044,0.7803693
100.61,273.58222808217005,0.46668833
100.62,257.0809388097856,0.38448113
100.63,274.69757004652223,0.35930577
100.64,301.39619974633354,0.2890544
100.65,329.0480007764113,0.20860443
100.66,335.8433407612439,0.25935447
100.67,341.19783275807316,0.70999426
100.68,345.1266953528842,0.81556344
100.69,346.02533047653355,0.79306215
100.7,345.5943170768294,0.68969816
100.71,344.3806220597946,0.72440284
100.72,345.3206679589359,0.743624
100.73,351.1423322224947,0.7908185
100.74,355.9316833128902,0.8544443
100.75,358.02508278705204,0.9139789
100.76,356.42739395083487,0.8599026
100.77,351.55297286552553,0.7902036
100.78,344.91229772111814,0.62770337
100.79,331.00523136355525,0.7151071
100.8,309.61859113727775,0.44800103
100.81,293.54725893679733,0.6238861
100.82,284.9078864103289,0.9537851
100.83,282.91914249022733,0.94665337
100.84,286.84471136754104,0.7645853
100.85,300.83193026500516,0.8517952
100.86,307.91668713319393,0.9229623
100.87,313.70614241835034,0.92012364
100.88,319.0296992141315,0.9512823
100.89,321.81652095924505,0.93611175
100.9,323.288601366786,0.94909495
100.91,325.13713906788956,0.9210698
100.92,326.00268096878415,0.9419651
100.93,323.33276271401337,0.8907383
100.94,317.2649869791421,0.68371993
100.95,308.8221481192205,0.29615194
100.96,280.64857887814674,0.28322867
100.97,255.12786355479943,0.45340857
100.98,245.02411972971373,0.2940308
100.99,221.10132294719511,0.429889
101.0,217.06374178811615,0.5395216
101.01,210.9100516809934,0.41384825
101.02,224.71557300544418,0.22192037
101.03,251.43009348436073,0.20491931
101.04,271.22949347298754,0.1464246
101.05,299.0314882293901,0.39820403
101.06,318.7055205379874,0.18392235
101.07,321.7379629229811,0.78358585
101.08,321.6029787743902,0.5984928
101.09,320.5793901734189,0.37035128
101.1,319.68727505814053,0.46477482
101.11,317.709157436593,0.6545994
101.12,322.8153725923196,0.8339342
101.13,324.2523696271944,0.9294902
101.14,323.0134292347335,0.9370603
101.15,321.47875077687905,0.9009178
101.16,322.9165438981883,0.8329632
101.17,326.75710191570477,0.8185997
101.18,325.568852859275,0.8152793
101.19,323.12222007061627,0.76275843
101.2,324.08628034279417,0.49648538
101.21,357.2096451451421,0.35466123
101.22,354.191785758403,0.16769923
101.23,328.2771488965537,0.17031246
101.24,328.2544673525756,0.40676174
101.25,325.2982851720293,0.5733654
101.26,323.43780065841395,0.6360344
101.27,324.2671997049424,0.64396936
101.28,357.9215937523493,0.58413565
101.29,392.2541964292878,0.55879533
101.3,440.9398602262726,0.38922822
101.31,484.4687580195608,0.3577415
101.32,537.7005077948082,0.30334958
101.33,547.9729210605344,0.5738725
101.34,550.081852379644,0.6919187
101.35,555.6148865606405,0.6816143
101.36,565.459172812831,0.82284534
101.37,567.2244422998244,0.88530946
101.38,567.2366626552962,0.8597518
101.39,566.8032314644505,0.797166
101.4,569.7574309548472,0.7452481
101.41,575.6846658320505,0.6713746
101.42,580.5920532512816,0.7578849
101.43,586.515365102417,0.642188
101.44,587.4912881758887,0.37641904
101.45,578.7808138124268,0.124214135
101.46,618.4264413717757,0.18166357
101.47,616.1844291995428,0.4560241
101.48,612.538906096776,0.5636589
101.49,599.1710185944698,0.252559
101.5,587.9037783873507,0.3080069
101.51,586.8803040533531,0.56785536
101.52,590.0069372978951,0.5612823
101.53,589.962176061636,0.30125427
101.54,625.9820105929065,0.039189924
101.55,665.1110517239642,0.08208112
101.56,715.4806798284575,0.06898102
101.57,759.2869731116263,0.2511756
101.58,804.5893942356602,0.6341926
101.59,876.6238685192535,0.4346411
101.6,897.6009373312884,0.19375871
101.61,892.1667382728365,0.31322163
101.62,898.2951320375854,0.46075866
101.63,900.3264974744936,0.59600765
101.64,902.3168208215753,0.5555927
101.65,904.9510508049235,0.53556085
101.66,823.5290402408708,0.36921763
101.67,696.777471265882,0.18647358
101.68,630.3586364706422,0.4772195
101.69,628.7345215208508,0.6358665
101.7,626.133110260874,0.73590314
101.71,624.8762356178757,0.81631505
101.72,618.922805518966,0.70945024
101.73,593.0050762050032,0.4058377
101.74,578.4811790688645,0.65750843
101.75,559.2974593960035,0.48411068
101.76,545.4811682689965,0.61820346
101.77,543.0188497255868,0.5418189
101.78,547.1578384002386,0.38926432
101.79,622.5208912003791,0.58958894
101.8,623.1446557028977,0.27394962
101.81,621.5085856172011,0.17432567
101.82,623.3207581015743,0.19150516
101.83,622.5616920567143,0.1315151
101.84,610.9054703423103,0.2653434
101.85,607.4156100274633,0.5383304
101.86,609.7152706959151,0.2531325
101.87,580.3424815255916,0.16653956
101.88,581.401486645638,0.12211621
101.89,540.6957784734441,0.07535484
101.9,488.18205176759335,0.022436157
101.91,434.33615113178985,0.57218146
101.92,389.976325440374,0.5338955
101.93,390.7780841404494,0.783365
101.94,393.48690745080575,0.91661084
101.95,394.3481617027339,0.9090177
101.96,391.89102081592927,0.8759891
101.97,388.1685278967206,0.77129185
101.98,393.8152189495585,0.5649385
101.99,419.6673858747303,0.51011026
102.0,473.0910834402865,0.15942465
102.01,502.9235944719726,0.28787652
102.02,518.5532869732436,0.72750515
102.03,555.2062812125957,0.32108763
102.04,582.4250030060125,0.40039873
102.05,591.3439090503098,0.5383141
102.06,597.4297026470305,0.73109204
102.07,595.5017141641192,0.7386574
102.08,589.8551276708904,0.8707834
102.09,585.367962577157,0.89681417
102.1,582.9764221954717,0.94031703
102.11,582.2220060603953,0.9401301
102.12,583.7493390527085,0.9319052
102.13,586.6666894603189,0.9281775
102.14,589.2134943203675,0.94531554
102.15,592.6021914777848,0.8500693
102.16,598.3986732577584,0.68140465
102.17,610.4594537386847,0.70155674
102.18,619.2809674548421,0.7526624
102.19,624.9405238394106,0.7959221
102.2,628.9990138185626,0.794394
102.21,635.6445410507241,0.788507
102.22,637.5653180364048,0.8305352
102.23,636.2662009512055,0.7631609
102.24,637.7779772210203,0.48622462
102.25,655.9755476632364,0.50336105
102.26,658.497416810899,0.33858263
102.27,657.4248227101198,0.33474085
102.28,733.9967300179956,0.3880405
102.29,823.4612261187601,0.28161225
102.3,825.0749094102698,0.44016027
102.31,826.3126707667435,0.746023
102.32,826.7281088845316,0.7778407
102.33,824.7037349438417,0.8025584
102.34,822.9130469411451,0.72547555
102.35,822.5204923567196,0.6909288
102.36,821.4357209069096,0.75369006
102.37,819.0915692509902,0.8198758
102.38,818.4793466836749,0.82629704
102.39,816.8351407720921,0.7639685
102.4,813.2264927624583,0.723168
102.41,807.6105399220878,0.5960182
102.42,803.5466936679314,0.32858434
102.43,798.3028779462711,0.23193735
102.44,791.3529823812923,0.21071745
102.45,785.6766191638467,0.34670624
102.46,790.1423297527165,0.26935077
102.47,793.3377194399104,0.38540804
102.48,789.4236664543357,0.13947007
102.49,796.1745136531134,0.071444
102.5,796.2978264529647,0.26171923
102.51,794.0323429552133,0.2283098
102.52,787.4830148462192,0.37960085
102.53,786.7953988304248,0.5420666
102.54,784.4836110688395,0.69652426
102.55,785.471856892097,0.7830977
102.56,792.3379444045504,0.45986232
102.57,762.4602048957341,0.22008874
102.58,688.2386101039749,0.16566695
102.59,625.0728647491368,0.34807578
102.6,587.2251273366079,0.15518011
102.61,577.9056248527164,0.23109469
102.62,562.5702840729994,0.24738973
102.63,594.7870171560048,0.36480597
102.64,647.323720361675,0.18012038
102.65,733.0861920556999,0.19794042
102.66,779.9971081910096,0.3020574
102.67,783.4759531032641,0.5055825
102.68,786.9518840895014,0.6257863
102.69,793.8192027341632,0.6464971
102.7,797.162821160599,0.5155419
102.71,794.7492126275341,0.30529508
102.72,790.7825846681669,0.4235191
102.73,786.7369947073034,0.8376643
102.74,786.7742741684649,0.8735711
102.75,785.0689108501767,0.8435647
102.76,783.2250627398189,0.7441833
102.77,783.2675480583703,0.74390435
102.78,783.8719652601903,0.90729254
102.79,784.5007268342295,0.942521
102.8,785.9088980509982,0.94408554
102.81,786.8715468045212,0.92992634
102.82,786.0625459237408,0.9284325
102.83,784.0435798587673,0.92983556
102.84,781.7405524479449,0.9220118
102.85,779.7763640968653,0.9406425
102.86,778.8059680743274,0.94965035
102.87,778.8600520802415,0.9509717
102.88,779.27877167404,0.95107865
102.89,779.9930326284469,0.9438582
102.9,780.2315048452924,0.9196068
102.91,776.9391483554756,0.88272846
102.92,769.7884397477179,0.7072204
102.93,754.7232254918378,0.6867412
102.94,744.9546840645871,0.87740403
102.95,741.395200513461,0.9275151
102.96,740.7571006894283,0.9132397
102.97,740.1344196664139,0.88692456
102.98,739.2760881607035,0.80049103
102.99,739.4163159922233,0.78616595
103.0,737.7826623256873,0.8172941
103.01,735.8928892592969,0.8652046
103.02,735.3046262212529,0.8409027
103.03,736.8067977234329,0.79702526
103.04,741.6686319672965,0.8355152
103.05,747.2963638276424,0.79856783
103.06,753.8963437695987,0.83999497
103.07,759.7569818413538,0.8463049
103.08,766.2027753435847,0.8306119
103.09,771.5494986650754,0.8558255
103.1,775.374151829641,0.86920094
103.11,773.3907817074758,0.8006282
103.12,770.8768520740382,0.6535659
103.13,717.0715494060842,0.641416
103.14,613.1499729172293,0.614258
103.15,569.7724207736082,0.53865284
103.16,575.7280374727831,0.53860945
103.17,578.1999122322588,0.5369278
103.18,615.5944673518344,0.36390388
103.19,703.6519179264893,0.28982094
103.2,743.3395981170563,0.42004073
103.21,738.1948741425668,0.372455
103.22,733.7561480270558,0.44325536
103.23,731.6865183125645,0.36650556
103.24,731.4044167006795,0.340317
103.25,733.1863766019313,0.265131
103.26,735.6519900604305,0.32238364
103.27,737.2158026823861,0.2926884
103.28,741.2740978160286,0.53196716
103.29,743.5578238118101,0.69618064
103.3,743.803966419666,0.59295803
103.31,747.2316895390077,0.55612546
103.32,746.5687328371497,0.4494601
103.33,745.703634221152,0.4875244
103.34,744.9981635188113,0.55293787
103.35,743.2009512693301,0.6269032
103.36,741.1818401438,0.6596265
103.37,740.1236965485605,0.59659857
103.38,740.9671910406627,0.56782675
103.39,740.2820694108074,0.51264393
103.4,738.720331404684,0.54485255
103.41,735.6288516981579,0.38350672
103.42,727.8757082402215,0.3318506
103.43,727.6159338201074,0.25914338
103.44,735.2141989806132,0.28664386
103.45,738.962783446038,0.34963426
103.46,739.8660732972455,0.45817816
103.47,737.0206269977787,0.4620065
103.48,734.7530920004426,0.4365374
103.49,734.4024379767574,0.3645059
103.5,735.6344125069007,0.29279903
103.51,737.4072654904496,0.26015425
103.52,738.6667365535764,0.32591924
103.53,739.9750523933699,0.46426967
103.54,741.7996934131413,0.68028456
103.55,742.681322615391,0.74036515
103.56,743.5779191089829,0.74721885
103.57,743.4070687206777,0.7378438
103.58,741.3038079619596,0.6073078
103.59,737.1719105082518,0.50803673
103.6,732.0057033953606,0.4385736
103.61,724.9958095099504,0.56803536
103.62,716.9185594902228,0.66510314
103.63,704.8732193201888,0.5414931
103.64,691.3615878665591,0.61345553
103.65,617.7353373690925,0.51489735
103.66,537.4056658903503,0.22132236
103.67,490.68775102113733,0.58542573
103.68,477.9450798956918,0.6730586
103.69,472.0095519734321,0.8060067
103.7,466.64421155084943,0.8174263
103.71,464.5229105405071,0.70633286
103.72,463.76646937458617,0.6255623
103.73,461.56890003751533,0.639502
103.74,462.13855980397307,0.50667787
103.75,464.43555671687045,0.45760864
103.76,467.81008011374274,0.602268
103.77,469.69522459908364,0.5467571
103.78,474.1935550402386,0.418071
103.79,481.9185389739422,0.49432918
103.8,492.84196304769614,0.5121361
103.81,500.97967087715466,0.36622885
103.82,503.0993577086806,0.40807936
103.83,507.81245169123724,0.47881833
103.84,513.4549548746916,0.4239202
103.85,521.3347851996865,0.35255295
103.86,535.0985934755917,0.31307754
103.87,538.0485255437218,0.28549206
103.88,555.9794091655086,0.42938685
103.89,598.839304151427,0.4467258
103.9,653.9175326383524,0.25215313
103.91,662.0511782034386,0.36607108
103.92,658.8822940001974,0.4817052
103.93,654.8057982957077,0.27875346
103.94,651.5463892668618,0.3686451
103.95,646.3269649264905,0.35667634
103.96,591.1266264252961,0.40643293
103.97,534.943379306625,0.42573676
103.98,486.31112730362133,0.3664828
103.99,489.1766679544098,0.47796202
104.0,491.1619739430349,0.3328443
104.01,495.5328295372367,0.37360552
104.02,498.10759905802377,0.5960604
104.03,500.9444947143018,0.5916249
104.04,505.6799176365948,0.3909945
104.05,511.9736320886151,0.32939523
104.06,515.2284096150081,0.35313132
104.07,515.8240220035464,0.43224597
104.08,515.6642295925782,0.37421533
104.09,515.0553362780371,0.38661426
104.1,512.3992783718026,0.39379779
104.11,508.30619316521785,0.42490625
104.12,501.278664813594,0.6182996
104.13,493.66650524112237,0.79126734
104.14,486.1989281865879,0.75809336
104.15,481.3497944846907,0.8346996
104.16,478.2413894727592,0.83962536
104.17,474.1012398141711,0.85938895
104.18,472.2652274278655,0.8606743
104.19,474.5285079737875,0.80256176
104.2,481.81797120721296,0.75913084
104.21,487.48009231269236,0.75972056
104.22,490.013276171639,0.72953767
104.23,492.201805162842,0.73238736
104.24,495.6257076768065,0.9041004
104.25,497.9342397564068,0.8878782
104.26,497.1806960698246,0.89850724
104.27,491.2814436837333,0.75525886
104.28,481.0830597586588,0.5662295
104.29,470.32479627344,0.42093208
104.3,428.70021371934337,0.34711325
104.31,380.3107393670637,0.3212349
104.32,365.4900939614155,0.52737033
104.33,350.6655794927843,0.7174264
104.34,344.01905221888615,0.76862055
104.35,342.6094861471128,0.76810306
104.36,346.779205626244,0.74298275
104.37,353.97420659334364,0.6974095
104.38,368.5742710271521,0.6265786
104.39,380.6231825141023,0.59090495
104.4,395.4967491727683,0.5323688
104.41,408.4834884037243,0.7765717
104.42,413.1990447027397,0.7802918
104.43,415.0106076574037,0.77210355
104.44,415.3260067483625,0.8060977
104.45,413.4154965623373,0.8308702
104.46,409.5260260436581,0.81328946
104.47,403.32451159389797,0.6257631
104.48,387.7090538024831,0.5417123
104.49,374.3374001452076,0.5852166
104.5,357.89787502586285,0.71129537
104.51,346.3049990980568,0.8072672
104.52,338.9287772445407,0.88421184
104.53,334.69484232551343,0.9382949
104.54,333.94177326784273,0.93289554
104.55,335.6387268325105,0.87101775
104.56,345.0924944574708,0.664239
104.57,362.48766867340044,0.34292567
104.58,384.1345008495732,0.29682803
104.59,399.8956543545719,0.28006777
104.6,419.70943461784935,0.8118019
104.61,428.0891008977787,0.87928927
104.62,432.9892111532788,0.90481603
104.63,433.86026971039684,0.86078006
104.64,430.75177994494885,0.8740289
104.65,421.70641065110175,0.56839156
104.66,409.6462472881061,0.67453635
104.67,390.52129461254793,0.54726195
104.68,378.6446535765891,0.5495674
104.69,349.89707030402593,0.5912175
104.7,334.4939909683462,0.8214407
104.71,328.91282986410295,0.8975274
104.72,327.55977007840625,0.9350405
104.73,330.8650114907318,0.9456637
104.74,341.03741614777357,0.65345883
104.75,353.3267313876141,0.5772885
104.76,380.62473534443563,0.23709953
104.77,401.0419399193358,0.24272458
104.78,416.252440300746,0.6907581
104.79,425.8831278834357,0.8880724
104.8,431.1589040050538,0.92568976
104.81,432.1632868987059,0.94063866
104.82,430.80598039743103,0.8466483
104.83,421.03021009861766,0.508666
104.84,410.36619867262965,0.63417983
104.85,402.8006916879522,0.39779383
104.86,359.3016883892029,0.27081132
104.87,388.54994029116943,0.42345047
104.88,430.60730281969245,0.18475685
104.89,428.52119162769793,0.43954614
104.9,420.7843129545549,0.56768245
104.91,417.4144097235021,0.7838759
104.92,418.5663653074131,0.799869
104.93,425.58129951767785,0.71709615
104.94,444.5695265096958,0.6255236
104.95,488.75019974276813,0.49095032
104.96,503.47539428394947,0.641635
104.97,519.5826648299821,0.86525726
104.98,523.9730688075209,0.94367653
104.99,522.674966216885,0.9161522
105.0,515.5513372677631,0.79784083
105.01,503.1222001430828,0.7053226
105.02,465.9413686405319,0.83723116
105.03,400.3182082135478,0.77568614
105.04,347.42032468706066,0.61792314
105.05,316.29177798764835,0.17847945
105.06,304.81995580451394,0.85812
105.07,305.41303056731687,0.91502404
105.08,307.58630709379725,0.72941184
105.09,314.2314610840997,0.5052602
105.1,337.14702760781415,0.36053425
105.11,350.7534759568579,0.45994917
105.12,395.37962557713377,0.37730852
105.13,424.7661290323463,0.37913734
105.14,474.8335551104102,0.36121094
105.15,504.14280052270465,0.5428078
105.16,522.0733661620166,0.7896312
105.17,529.8257762760085,0.8989191
105.18,529.5926784292274,0.8733962
105.19,524.367694555813,0.84043914
105.2,513.3383475333168,0.62834764
105.21,497.88570361143087,0.79566216
105.22,464.52957672631453,0.7606054
105.23,403.64699505114106,0.58479166
105.24,354.8391617398462,0.34494397
105.25,347.3601268611955,0.7369957
105.26,345.37300229970765,0.8549875
105.27,343.034397980779,0.902511
105.28,341.92986021443454,0.83817005
105.29,344.5037451623201,0.6688745
105.3,373.0663661937246,0.26635167
105.31,410.00860514535185,0.30836493
105.32,438.2120881204869,0.43946758
105.33,475.240293342604,0.49586144
105.34,489.7776197899614,0.8363393
105.35,493.4950189150939,0.95033866
105.36,494.2987389355651,0.967861
105.37,492.5577512398055,0.92725533
105.38,489.30803487993614,0.8844338
105.39,482.0156487120245,0.7971759
105.4,473.6390943319403,0.71258396
105.41,468.0318440167323,0.47931004
105.42,447.3979006536188,0.30797207
105.43,391.0083905700589,0.6088774
105.44,347.0911434629929,0.7018598
105.45,341.2783959417184,0.7854646
105.46,339.94394937128055,0.84892964
105.47,341.52631675278667,0.8359762
105.48,345.1406980852949,0.8402509
105.49,348.9991101909018,0.82676685
105.5,357.28755259519465,0.62513
105.51,373.9545548112205,0.66793483
105.52,384.8175788614023,0.8019821
105.53,392.6612241311009,0.8955832
105.54,397.2181367532851,0.9278624
105.55,400.2858137026492,0.88630843
105.56,402.32032980456637,0.9209379
105.57,403.8331923204048,0.88507855
105.58,400.1830039316187,0.79618967
105.59,392.43979050833786,0.7910273
105.6,382.39577045302383,0.7547273
105.61,369.7322812338082,0.6236299
105.62,354.01471183856535,0.78187084
105.63,346.2935678946562,0.8202599
105.64,337.4782166676874,0.7500618
105.65,327.4482076047643,0.75481707
105.66,323.72142429145947,0.7326221
105.67,326.3761483479312,0.77906907
105.68,330.8964491726812,0.81006527
105.69,343.18114456644275,0.7454865
105.7,349.0529805268485,0.885087
105.71,353.2621735109799,0.8152058
105.72,357.2597497996537,0.818154
105.73,360.3031627147013,0.80147815
105.74,358.74905869019483,0.7693266
105.75,356.39207336082075,0.76427823
105.76,351.63849918928565,0.75141096
105.77,346.42681829574565,0.73313904
105.78,339.8501182014683,0.6329077
105.79,331.26769621165744,0.84353
105.8,324.4019917080714,0.8386175
105.81,319.35086797711597,0.91836923
105.82,317.903142506566,0.93699753
105.83,319.63950713040936,0.9266271
105.84,326.2638786859393,0.8355288
105.85,331.01834093046193,0.9189424
105.86,334.2255063214034,0.91777986
105.87,334.2185656522036,0.8927873
105.88,332.0394761393932,0.7930531
105.89,325.3848605146655,0.52509886
105.9,315.20710819376404,0.44064897
105.91,302.58210718624593,0.28238893
105.92,269.3656577089657,0.48087066
105.93,244.0808891341264,0.30891666
105.94,222.82913975294792,0.39015308
105.95,214.09438353109866,0.67100686
105.96,212.72529184588558,0.82891303
105.97,214.26606097807405,0.8397158
105.98,218.991076619462,0.8362027
105.99,221.79546851852274,0.8429491
106.0,224.0800175603611,0.69706017
106.01,225.55433313146364,0.33103284
106.02,217.31201977833928,0.24347049
106.03,220.31667565958674,0.42755702
106.04,228.69782938960105,0.68512434
106.05,242.08279638367358,0.75575006
106.06,250.6470130616839,0.83643633
106.07,258.080191360254,0.9217819
106.08,263.1460882597581,0.8746153
106.09,269.51797277659205,0.6570892
106.1,277.40263086532525,0.5575714
106.11,284.77870441905964,0.3535335
106.12,287.7009522885336,0.19266891
106.13,272.17742928242336,0.4161226
106.14,267.91324197382687,0.79501283
106.15,266.58810526400055,0.9117518
106.16,265.3307528730327,0.8565235
106.17,263.5465925845984,0.6200015
106.18,253.85326743034565,0.4083937
106.19,242.72571110830287,0.68949914
106.2,241.04697547620984,0.67461586
106.21,238.96236769933668,0.5568349
106.22,233.11952428948354,0.36327577
106.23,258.73208732527763,0.47369924
106.24,279.2872668864071,0.49813846
106.25,317.60800216796684,0.2441569
106.26,351.5501056783125,0.36049607
106.27,396.7078818750983,0.118137985
106.28,437.43833997476725,0.52390695
106.29,437.45209581237066,0.8016055
106.3,441.2396939453484,0.8426925
106.31,445.2465996858152,0.8026617
106.32,448.2340516777931,0.81858057
106.33,449.4423208091256,0.6574415
106.34,445.5061521130455,0.6765402
106.35,443.20576966735086,0.5369741
106.36,441.86332612875754,0.29007697
106.37,428.5595722964908,0.014040822
106.38,409.2902159167283,0.057844907
106.39,390.4375846993163,0.15121058
106.4,366.7707661714457,0.37258154
106.41,355.86388252653194,0.44412437
106.42,332.38726454215146,0.56568563
106.43,323.8483419817626,0.3659462
106.44,302.32727334159165,0.027290625
106.45,285.5076683611065,0.12947686
106.46,273.61600555075125,0.43206298
106.47,276.26801288154263,0.47440287
106.48,298.4240629709616,0.4218257
106.49,307.6529033197371,0.3913138
106.5,323.463190458967,0.6231319
106.51,330.30600101817305,0.74324274
106.52,339.37134317446316,0.6888891
106.53,343.82916879135894,0.746338
106.54,339.2619783778128,0.6612088
106.55,334.1527587495573,0.7697739
106.56,331.90010375627367,0.78720444
106.57,326.2595662569512,0.6124745
106.58,314.53243827017343,0.6652695
106.59,305.05959246080715,0.7339052
106.6,300.5916550729318,0.8969098
106.61,300.94882756376717,0.93050474
106.62,303.73976639555553,0.92483646
106.63,306.9943676770056,0.93156
106.64,308.5875841967895,0.97396165
106.65,307.8002188451361,0.9506043
106.66,306.4856806210637,0.87895226
106.67,306.3344183332868,0.77000254
106.68,312.31972526282993,0.7381519
106.69,319.976679754897,0.8727535
106.7,322.59518595620415,0.9457471
106.71,322.5345108481861,0.95432097
106.72,320.65783339129416,0.91968995
106.73,319.36139444945195,0.9209912
106.74,315.89147726431185,0.9141305
106.75,313.90888481727757,0.9184113
106.76,312.54940914035706,0.87372804
106.77,310.4314689613324,0.8262096
106.78,308.570290069461,0.8430239
106.79,304.9055852470904,0.8045973
106.8,299.9326075969284,0.86559767
106.81,295.9934015280499,0.937858
106.82,294.5216439816928,0.96320254
106.83,294.4206218237295,0.965721
106.84,294.33947714627834,0.9647137
106.85,293.69017836791664,0.93181056
106.86,292.37877923098023,0.82448757
106.87,288.4342638601006,0.60589284
106.88,287.30640397439936,0.49025607
106.89,293.5637835123465,0.49761203
106.9,301.98376555359243,0.8503011
106.91,304.3268363806168,0.8833694
106.92,305.38452961026337,0.85319644
106.93,308.0068177188932,0.8536774
106.94,310.26192808370814,0.87161404
106.95,311.1318330079326,0.8716044
106.96,315.9989049839545,0.74797225
106.97,319.33035393354464,0.7260341
106.98,321.38476651900487,0.7857244
106.99,321.4406909041695,0.82536215
107.0,319.62327188157803,0.8903267
107.01,317.6098989364547,0.8675387
107.02,315.56965738157453,0.89483774
107.03,314.2190645281766,0.8997288
107.04,313.73756487897055,0.93760276
107.05,314.6316979169723,0.9389334
107.06,315.4133218949088,0.9483601
107.07,316.6267119459998,0.8842522
107.08,318.41364181091046,0.70326275
107.09,318.35808341636346,0.4502987
107.1,303.30336464648565,0.5481513
107.11,305.3550186874248,0.9058211
107.12,309.73648376055525,0.7174917
107.13,313.3019416370065,0.5509247
107.14,314.8770380101538,0.6218091
107.15,314.8326086856696,0.7246399
107.16,314.20903051509407,0.8675197
107.17,311.4755287054725,0.92913675
107.18,308.5130464976494,0.93584913
107.19,307.51230524619274,0.9573462
107.2,306.8516379110293,0.9457309
107.21,305.61615656714974,0.96531826
107.22,306.55971159011006,0.94231904
107.23,309.8572185732399,0.9527255
107.24,310.65667326160553,0.9444128
107.25,309.26083387128153,0.9352277
107.26,308.01527829100314,0.90961176
107.27,307.51497273002974,0.8014603
107.28,306.5424133278623,0.8078147
107.29,306.7931449225026,0.8087745
107.3,308.5723590719454,0.851519
107.31,307.71304968273415,0.89298755
107.32,304.0674252100585,0.87737936
107.33,298.2934174599621,0.9237081
107.34,293.7272132381181,0.9366884
107.35,290.18179616346185,0.930803
107.36,289.0941274357227,0.9374017
107.37,290.7313930916,0.95243484
107.38,292.6469156850845,0.9429877
107.39,292.3708101077361,0.9418848
107.4,290.65363367153685,0.9302287
107.41,288.82170531629635,0.92142385
107.42,287.9248108027782,0.9535693
107.43,288.2027670459135,0.9473545
107.44,289.32614305630716,0.9060513
107.45,290.3361090911094,0.9084529
107.46,288.7214228023378,0.8868626
107.47,284.5072940298376,0.92993397
107.48,280.38171417983057,0.9153509
107.49,277.0966569642502,0.83516085
107.5,274.0100230801241,0.7789772
107.51,270.42001622314626,0.8307997
107.52,267.32895519995867,0.8064996
107.53,267.1193416710711,0.8371928
107.54,267.825845597307,0.91465694
107.55,264.0440945412789,0.87221175
107.56,256.6729574645855,0.8383855
107.57,249.44870902336083,0.8064976
107.58,241.9996871612223,0.592967
107.59,247.8494371566286,0.2175635
107.6,262.18478959752497,0.166435
107.61,274.3303972864189,0.05728849
107.62,283.8759558496903,0.23634745
107.63,287.30143811219864,0.6442553
107.64,286.0092848957596,0.76894933
107.65,281.141051126742,0.55779964
107.66,263.5565008751541,0.50515276
107.67,256.77761829646715,0.5837977
107.68,282.0920967322974,0.75683624
107.69,280.5848820293751,0.7948841
107.7,272.21563181997345,0.40792495
107.71,275.4103782642499,0.3084
107.72,283.92964066510905,0.38818717
107.73,308.61243627463654,0.08700574
107.74,354.067669891161,0.050786257
107.75,391.38986713306633,0.060542718
107.76,443.17052021011193,0.06724079
107.77,480.21962218359073,0.06315869
107.78,539.7218478634092,0.35754207
107.79,586.2441954212715,0.37641487
107.8,585.5549792884151,0.46625674
107.81,635.8939681439588,0.30433825
107.82,712.891496179644,0.14343727
107.83,813.4390773529306,0.26286685
107.84,885.5081050373609,0.054656174
107.85,885.6803577966763,0.051608134
107.86,879.5303091133724,0.18980075
107.87,879.1850663106949,0.19994757
107.88,883.8969553619166,0.110277615
107.89,880.7332049467404,0.15715759
107.9,872.7152451769308,0.11227928
107.91,856.56848482546,0.40546012
107.92,844.2535730730447,0.19078712
107.93,839.5125585563751,0.08582164
107.94,833.2757077770782,0.114474565
107.95,834.0061256576128,0.08996591
107.96,818.718399807422,0.11705318
107.97,811.9214122775542,0.27754608
107.98,799.49238146524,0.41323566
107.99,780.5388272832312,0.2452159
108.0,771.558190677049,0.43492052
108.01,777.912524128121,0.25073013
108.02,741.0901982371142,0.1779112
108.03,725.30412322908,0.10095765
108.04,726.5168623856075,0.20169336
108.05,723.6971965702528,0.25904605
108.06,790.225475982103,0.13638692
108.07,818.3418582661564,0.1800031
108.08,827.6583849948871,0.1765024
108.09,802.9445469642949,0.06263721
108.1,784.3881244768795,0.24762261
108.11,785.457700445729,0.40772796
108.12,844.2339565689362,0.314929
108.13,845.8113875234035,0.3322237
108.14,794.3163477575898,0.3205436
108.15,744.3642027984758,0.69265836
108.16,745.2187444187381,0.80813307
108.17,743.4973802274963,0.8541795
108.18,742.8667392971694,0.52565986
108.19,761.923001896662,0.4350464
108.2,754.6843218436476,0.30477348
108.21,745.6375301643152,0.6960417
108.22,752.7470570517592,0.6017664
108.23,751.7683892956106,0.5803609
108.24,741.9981544729608,0.82627285
108.25,734.8170815499068,0.82651937
108.26,735.1069801436201,0.6235877
108.27,681.1881839568077,0.20770861
108.28,598.4250845474717,0.2655918
108.29,536.4469545307716,0.04564241
108.3,488.2223574083422,0.020864388
108.31,439.7903071499503,0.045787066
108.32,396.46663512985475,0.053358536
108.33,401.5358749322548,0.13795209
108.34,401.8077184684176,0.070355415
108.35,391.5750476985813,0.08042485
108.36,376.6508361817541,0.04130755
108.37,363.5299285250327,0.101785325
108.38,358.12308936990036,0.3010327
108.39,331.62671179287986,0.20298868
108.4,281.44512790576266,0.18033808
108.41,266.024151611365,0.12459597
108.42,234.29013366218726,0.35623285
108.43,214.48171925988265,0.51728773
108.44,188.97719713730817,0.6391375
108.45,170.32197146032684,0.27622274
108.46,151.48989844205852,0.43994826
108.47,138.68477310682314,0.46465757
108.48,135.66881791497335,0.3560276
108.49,140.84136452677336,0.17141713
108.5,152.9188735709029,0.15185164
108.51,142.31396567347332,0.19017954
108.52,132.8622114530828,0.16517225
108.53,131.90439414652505,0.19453149
108.54,132.093138283859,0.56889176
108.55,134.29994840176442,0.2303501
108.56,140.92448837845356,0.012665899
108.57,140.6198332824729,0.011216359
108.58,140.20220651266658,0.12300456
108.59,140.34913102924375,0.12530065
108.6,141.1208770929176,0.08380667
108.61,142.10604897028088,0.04648464
108.62,141.7305826995864,0.0153242815
108.63,139.4849420369427,0.009271556
108.64,138.5504514098193,0.026647368
108.65,139.9645386005831,0.028697275
108.66,140.74565519322738,0.09925413
108.67,140.63541395929815,0.25595668
108.68,140.48786779004521,0.33049202
108.69,141.3346265199005,0.1618736
108.7,140.37172268946665,0.075134374
108.71,138.2408271586036,0.14372988
108.72,138.85000219745055,0.19663078
108.73,134.05236001618158,0.1255243
108.74,142.22002417012897,0.02971513
108.75,146.4525442656098,0.074973285
108.76,146.43555551953057,0.08925263
108.77,145.23700009575404,0.02643621
108.78,144.7423537453518,0.58327174
108.79,145.606464490039,0.13488157
108.8,145.46784434631968,0.21088295
108.81,144.5341165558202,0.5168922
108.82,145.53068893392935,0.121930614
108.83,145.5860770851051,0.31784216
108.84,146.19361986164537,0.1327962
108.85,146.21793312022086,0.32518724
108.86,145.9366317259818,0.117992155
108.87,144.9890202395804,0.03473078
108.88,144.86483206204488,0.046328228
108.89,144.00177313970468,0.013100134
108.9,143.8838003032764,0.023191793
108.91,143.59856471770505,0.030094866
108.92,144.6415741621754,0.026519677
108.93,145.53024652673525,0.01286316
108.94,146.2024568747374,0.009648658
108.95,146.71526978500484,0.008543668
108.96,145.71552101236466,0.009992288
