0.0,340.14494710074905,0.374045
0.01,339.3347276821195,0.39424056
0.02,339.2238237006326,0.38826895
0.03,338.92142046913557,0.53987014
0.04,338.77272857803126,0.658426
0.05,338.6318849987586,0.72241414
0.06,337.4976151945853,0.70111126
0.07,335.967691683376,0.7141026
0.08,335.5481109977024,0.71782005
0.09,336.3261343168415,0.69907606
0.1,336.9969688582081,0.7036598
0.11,337.62742237145505,0.7118855
0.12,338.06955932843164,0.69705474
0.13,339.1582659482626,0.7097824
0.14,340.91291674746276,0.7435253
0.15,342.5455241423409,0.8036269
0.16,342.9168677179459,0.8506937
0.17,342.3038726906228,0.9058346
0.18,341.54500112723804,0.8352795
0.19,338.3981852254217,0.6389842
0.2,333.00949302932975,0.66465765
0.21,332.69362554946946,0.8076264
0.22,336.2135764223802,0.8968691
0.23,337.727104773692,0.94962096
0.24,338.0088369341957,0.9541772
0.25,338.094463556987,0.9565076
0.26,337.7700939964453,0.95065236
0.27,337.6284498685633,0.9511647
0.28,338.80628440215895,0.9282215
0.29,342.44702955190553,0.7529066
0.3,344.257811551999,0.6607072
0.31,344.34429950147404,0.76588196
0.32,343.7408769483459,0.9110455
0.33,341.44418681426345,0.95690304
0.34,339.58399859352664,0.96082085
0.35,337.9240236964353,0.9623317
0.36,336.6991761167296,0.94101167
0.37,334.51874256645164,0.94501597
0.38,334.1493644192721,0.9322751
0.39,335.07003358911606,0.9373406
0.4,335.7547256747084,0.9352934
0.41,335.47943893377413,0.9440698
0.42,335.9667980509229,0.93828535
0.43,336.621422731036,0.9218892
0.44,336.83393119247864,0.9185211
0.45,336.3777792417186,0.9110341
0.46,337.14915969630175,0.9238707
0.47,339.2454933837099,0.93882746
0.48,340.7566105439989,0.92302436
0.49,341.5147821388984,0.9449783
0.5,341.9441304447836,0.9548755
0.51,342.0859400138304,0.9574311
0.52,342.1788117652614,0.95312536
0.53,342.0657103391093,0.951528
0.54,341.8251116663374,0.9546997
0.55,341.4946664591274,0.952735
0.56,340.85599688711574,0.93368405
0.57,340.07177055418623,0.9444864
0.58,339.56035254190704,0.9472597
0.59,338.2861515577606,0.95161855
0.6,336.88932280078467,0.9339137
0.61,335.93751585252136,0.93925977
0.62,335.60784349928645,0.9442385
0.63,336.8900987832791,0.92060614
0.64,338.31845812732803,0.93923074
0.65,338.9572869462662,0.95570326
0.66,338.83488021963666,0.95675457
0.67,338.27484420606834,0.95706964
0.68,337.5519899945526,0.94587344
0.69,337.70649444894053,0.9353717
0.7,338.56895840027244,0.9387774
0.71,339.72864614915625,0.93645203
0.72,340.18389763808585,0.93301433
0.73,339.3279757814411,0.940491
0.74,337.3877281449748,0.92434865
0.75,336.3346295046366,0.9174541
0.76,336.7989789836485,0.9237236
0.77,337.1560774244533,0.92963284
0.78,336.89413378156814,0.90711075
0.79,335.7716517062533,0.90324634
0.8,334.25269698050477,0.8886833
0.81,332.9458885159328,0.8967466
0.82,334.24607167626647,0.9258943
0.83,337.0842628526091,0.92464757
0.84,341.17256033578457,0.8946064
0.85,346.8122286430742,0.8788299
0.86,352.45070554080036,0.8399328
0.87,355.79036407135527,0.8660562
0.88,355.92321752331367,0.8923924
0.89,354.8221396738907,0.88090223
0.9,351.581492707887,0.84627867
0.91,348.17642654814813,0.81998825
0.92,345.21562589325265,0.71658945
0.93,342.9897587811587,0.7603559
0.94,340.37769343734465,0.7249688
0.95,336.6765156884843,0.7802789
0.96,333.4393289366895,0.856739
0.97,331.60600177062963,0.8073441
0.98,331.0741516516258,0.84743506
0.99,330.84292281993066,0.8509668
1.0,330.9981115059372,0.849949
1.01,331.45736662735965,0.8164743
1.02,332.53660720411835,0.7693269
1.03,333.5896891378734,0.80010337
1.04,334.4155219922628,0.72693795
1.05,334.7046666046609,0.75616956
1.06,335.0627843690953,0.77046597
1.07,335.18090352478106,0.74631643
1.08,334.88761863256167,0.84950614
1.09,334.3168349814367,0.8897008
1.1,332.4568533314251,0.75216335
1.11,326.6701747671772,0.5965384
1.12,320.61798473161264,0.7008214
1.13,318.4500108094681,0.8385517
1.14,316.3244280231711,0.8934404
1.15,314.41294995680204,0.9197168
1.16,310.91106705363023,0.9391798
1.17,308.8630537830367,0.9617215
1.18,307.3871497009474,0.9455032
1.19,306.10944745775373,0.9662645
1.2,306.273484032954,0.96123296
1.21,307.29807851302667,0.9335617
1.22,307.6039785493041,0.9227287
1.23,307.6087048118242,0.86995083
1.24,306.9638911333366,0.77376455
1.25,305.10267937509656,0.6690254
1.26,303.9279041579955,0.6739607
1.27,303.14959828329927,0.70977837
1.28,301.19542486545294,0.8530003
1.29,298.46327837231775,0.8904958
1.3,294.8975639568322,0.87357885
1.31,291.1162645094817,0.75223047
1.32,282.2454388619543,0.6064132
1.33,273.689563355208,0.7372205
1.34,267.6046640662484,0.73625475
1.35,261.7373912195277,0.42376834
1.36,241.816127188671,0.34909272
1.37,233.76458017809648,0.058195844
1.38,213.80284266192103,0.043868758
1.39,199.60009357350532,0.024194999
1.4,178.80036186125545,0.041734297
1.41,178.96385475721516,0.0331436
1.42,185.8990086725617,0.12454778
1.43,185.8757438980512,0.2583872
1.44,182.75101912959914,0.24993174
1.45,184.57910063427175,0.4485849
1.46,187.48114806879636,0.5511547
1.47,192.9493815761447,0.27874056
1.48,197.51503036475296,0.21436499
1.49,202.66723096159348,0.14422117
1.5,205.2715708176534,0.50107235
1.51,207.29983592412003,0.765643
1.52,209.7124395234755,0.7549621
1.53,212.45494535955345,0.71591824
1.54,217.03827673228997,0.6942731
1.55,222.92321097806717,0.6872962
1.56,230.30824179161215,0.643408
1.57,233.8262490405852,0.7275351
1.58,236.19838304952967,0.7993543
1.59,237.89237101574398,0.77056557
1.6,240.28886421205758,0.8365032
1.61,241.66630952294096,0.8815155
1.62,241.23853026227042,0.86758876
1.63,240.6852087820199,0.85415024
1.64,240.50112616844,0.8294442
1.65,239.9288727290454,0.85764295
1.66,240.1494470216038,0.8229738
1.67,240.31503459931045,0.79483867
1.68,241.17380514388833,0.8576481
1.69,242.465391314825,0.8755184
1.7,242.77026143770456,0.90525705
1.71,243.04371498587938,0.86422104
1.72,243.6516388839911,0.8681958
1.73,244.8722646067355,0.88345534
1.74,246.58616423220738,0.8222058
1.75,247.8172992280907,0.8915606
1.76,248.86815009347998,0.8850545
1.77,250.2208801673385,0.92804235
1.78,252.44118285301525,0.8967653
1.79,254.79784908814364,0.9040699
1.8,257.02071886082405,0.93191636
1.81,258.1004876785466,0.9047597
1.82,258.7558824866855,0.92996657
1.83,258.1916234772333,0.92178595
1.84,256.095988949162,0.9493996
1.85,253.7913698831685,0.93588233
1.86,251.76684297886658,0.917505
1.87,249.94847947810985,0.9201397
1.88,248.71597531835516,0.8915237
1.89,247.7215208378418,0.89672166
1.9,247.33053588517805,0.8996572
1.91,247.8528418656327,0.9097411
1.92,249.89976502822512,0.91324955
1.93,253.8274839694966,0.9239491
1.94,257.0657941679533,0.9027887
1.95,260.4122651035512,0.82637113
1.96,264.46099768980434,0.90134406
1.97,267.5177044557047,0.9327184
1.98,267.8173920746261,0.95180297
1.99,267.82428997362894,0.9541692
2.0,267.11602775349775,0.92541677
2.01,263.5524837458463,0.86796486
2.02,257.983014200077,0.7741262
2.03,248.77467111164663,0.62230766
2.04,241.8356511197029,0.8340763
2.05,238.76945337591906,0.9179969
2.06,237.92528159194836,0.8662312
2.07,239.65665331970854,0.6731309
2.08,248.5178262856854,0.46352455
2.09,273.26343412312303,0.28887025
2.1,287.39097497931704,0.5483912
2.11,295.10516906296004,0.6957532
2.12,303.74181467492133,0.8120871
2.13,311.0794522501873,0.78368396
2.14,318.0099231475874,0.76334506
2.15,324.72696999047184,0.8173299
2.16,328.3242654954163,0.8884829
2.17,329.91213895404627,0.9402573
2.18,330.1235076025467,0.9534983
2.19,329.5273408303964,0.94345313
2.2,328.6894517776302,0.91066647
2.21,327.27902184891536,0.9261287
2.22,325.58378948345137,0.9088229
2.23,324.71042602011437,0.92109305
2.24,324.19575426245933,0.9287849
2.25,323.69858603732587,0.93306845
2.26,323.6633074512406,0.93198067
2.27,324.0094991208206,0.9236019
2.28,324.60418606682276,0.91209936
2.29,325.91106391000386,0.927152
2.3,327.1168655702709,0.9358796
2.31,328.94371893640607,0.92466664
2.32,330.95277675341833,0.95310634
2.33,333.07247890432836,0.9323294
2.34,335.17961473604635,0.9525919
2.35,336.89519643654813,0.9407952
2.36,338.4712234397679,0.95087576
2.37,339.514947178885,0.92760587
2.38,339.75995983391965,0.915344
2.39,338.2745325695421,0.90511024
2.4,335.7830535380043,0.904272
2.41,333.3188764730313,0.929611
2.42,330.89739383169854,0.95502174
2.43,329.202193846968,0.93793875
2.44,327.89306684000957,0.9464516
2.45,326.83533095034375,0.9518837
2.46,326.79580081672566,0.95469683
2.47,327.2116401786809,0.9505772
2.48,328.15134151308604,0.9331663
2.49,329.558632531698,0.9544431
2.5,331.096487406544,0.9535516
2.51,332.4373083785762,0.90456903
2.52,333.47281644233124,0.89451796
2.53,335.3716067345767,0.8677657
2.54,338.4656197197978,0.825309
2.55,343.01805691302764,0.7840676
2.56,346.91670076109693,0.87080884
2.57,348.56002103441057,0.9247684
2.58,348.1110900854758,0.916109
2.59,345.4943459163905,0.9226133
2.6,342.14273018076335,0.8668014
2.61,337.28007528497983,0.78599435
2.62,334.4608505400579,0.8338308
2.63,332.53696169655893,0.83281136
2.64,330.12352220252177,0.84304595
2.65,327.19196349576174,0.84863853
2.66,325.5054798141109,0.8601802
2.67,326.0515806827727,0.8898473
2.68,327.62909541292277,0.9023799
2.69,329.73830572071,0.9130639
2.7,331.2366721182604,0.92020005
2.71,332.80059831918334,0.8704975
2.72,335.43072695088586,0.89963657
2.73,339.3605513673785,0.92591476
2.74,343.9668814930838,0.89922166
2.75,347.8476453197309,0.9209142
2.76,349.91384062065333,0.9705029
2.77,350.0180581625802,0.9728966
2.78,348.04717569240347,0.9253414
2.79,343.54253149190356,0.93134546
2.8,339.8225230877492,0.9245275
2.81,335.590095693275,0.93190044
2.82,332.63950693294254,0.9214163
2.83,329.3093252712812,0.90931875
2.84,326.5040360234059,0.9300013
2.85,326.0476091253019,0.9422799
2.86,327.87032218164666,0.93778133
2.87,330.054762768076,0.96589994
2.88,332.16216346910846,0.94548917
2.89,335.4615389747238,0.93477136
2.9,340.2712761355369,0.899076
2.91,344.4133769693103,0.9265029
2.92,346.4122967637329,0.96632093
2.93,347.31718498252684,0.9538947
2.94,347.2747052450201,0.9568659
2.95,346.5666922649997,0.95803005
2.96,344.85368913416994,0.93831474
2.97,343.1440403342459,0.9421415
2.98,340.77675811040194,0.91068906
2.99,337.639402890865,0.93597025
3.0,334.6075252514194,0.95291644
3.01,332.6210106691036,0.9380326
3.02,331.59180862646724,0.9667417
3.03,330.7091118210968,0.97592545
3.04,329.8216263540974,0.9614446
3.05,329.005801015328,0.9281901
3.06,329.90350523986444,0.9246242
3.07,332.3078845454487,0.84427565
3.08,336.78459001860693,0.7288612
3.09,349.85631875048955,0.72321373
3.1,356.67802736591136,0.8141982
3.11,361.3145838415184,0.69376063
3.12,364.9718779667264,0.62441444
3.13,367.16760341391023,0.6528221
3.14,372.2916975203455,0.78679276
3.15,373.2795132307242,0.79976404
3.16,372.01396083161956,0.6782399
3.17,372.1192642468468,0.7309646
3.18,370.0820046760257,0.8729155
3.19,366.2688641502293,0.8237893
3.2,359.2692444400373,0.8069933
3.21,354.33355875086585,0.94155246
3.22,351.7349735682695,0.9565275
3.23,350.8903807112114,0.97116596
3.24,352.18307813780825,0.9428924
3.25,355.84648085666714,0.82715994
3.26,362.7078848600311,0.82665026
3.27,368.70117913146953,0.81697375
3.28,376.9690883558895,0.5466273
3.29,387.9502283690172,0.41114476
3.3,395.5671825305625,0.6196535
3.31,400.7964423351939,0.80162823
3.32,401.32558327049617,0.7466209
3.33,396.32200848727797,0.61413014
3.34,382.4589222646167,0.5624019
3.35,372.7660780313417,0.7605035
3.36,366.23552165078047,0.64161706
3.37,355.3600451908642,0.7674227
3.38,350.0245945760299,0.90166706
3.39,347.6014612220313,0.94395024
3.4,348.48592956199235,0.924357
3.41,351.7856279976047,0.81374705
3.42,359.2292634285045,0.64930373
3.43,368.45067659039603,0.7015681
3.44,377.87308760848134,0.44083717
3.45,390.30786019413256,0.5333044
3.46,396.427877759922,0.5856468
3.47,403.44964662356756,0.75658184
3.48,403.16710877271674,0.83495414
3.49,399.4039321200978,0.7667872
3.5,393.4298356748227,0.643355
3.51,381.27820548408147,0.5489264
3.52,362.3670471209712,0.4626957
3.53,353.5102987016214,0.78191763
3.54,348.6929092889702,0.8562555
3.55,346.4470654138755,0.8984985
3.56,348.0632199831701,0.79338473
3.57,357.5989003996619,0.62945473
3.58,367.1749721194896,0.84104127
3.59,372.67592545771174,0.6171679
3.6,391.14496608295065,0.7252459
3.61,396.13314798606433,0.81562954
3.62,402.1170682089061,0.8545844
3.63,404.71955342517856,0.89977086
3.64,403.3083983322722,0.7808371
3.65,395.60102502557726,0.555563
3.66,382.4182882605418,0.5492168
3.67,372.5085304525481,0.6013304
3.68,360.8217460505638,0.66331494
3.69,353.35228266059835,0.86014616
3.7,350.38408635509626,0.89747524
3.71,348.91953418366,0.9347554
3.72,350.88194572330616,0.9245693
3.73,357.1582830345359,0.8188696
3.74,363.9960626759841,0.7783077
3.75,368.963998481795,0.6096565
3.76,391.2812189169177,0.5690844
3.77,400.37045685704345,0.7145252
3.78,407.5392141527501,0.92678005
3.79,409.8752476505365,0.9295679
3.8,408.9808599203275,0.9366662
3.81,406.55562796990455,0.912708
3.82,401.9907841713373,0.80581653
3.83,394.1878656839167,0.7021703
3.84,376.0928260695911,0.4283425
3.85,359.8779141115724,0.7468401
3.86,355.2962286476417,0.94913757
3.87,355.2163062351307,0.9327903
3.88,357.32530234879385,0.86930436
3.89,364.9221020464617,0.77604693
3.9,371.2505664279554,0.6758435
3.91,386.35128159141914,0.5961806
3.92,395.0936759311594,0.7597252
3.93,402.22745404736855,0.8481938
3.94,406.0730862252641,0.93490386
3.95,406.1648406657024,0.9407723
3.96,403.23956604754744,0.92176896
3.97,398.7302107048402,0.8888042
3.98,392.94826611493016,0.87778354
3.99,386.4704326371258,0.69386184
4.0,380.1887812769639,0.5282357
4.01,354.9537782787829,0.7445775
4.02,351.2994503798758,0.92712903
4.03,350.7335019503736,0.9484122
4.04,352.53499199753577,0.8188235
4.05,362.27553336972164,0.68808126
4.06,369.8343250372252,0.7669788
4.07,376.21231898362794,0.65831345
4.08,384.069489454325,0.5133354
4.09,402.483570642816,0.55734456
4.1,410.23979423335703,0.83771026
4.11,412.5360514222536,0.91432744
4.12,411.711466306703,0.9423564
4.13,408.6330277946031,0.8570889
4.14,402.09652059284787,0.82608247
4.15,393.0582543727149,0.781824
4.16,383.1307662685262,0.7165366
4.17,373.2270874341914,0.87012863
4.18,369.839857209791,0.9497354
4.19,369.12104496063597,0.92593163
4.2,370.58928280318787,0.8935538
4.21,375.6429327099228,0.6210077
4.22,387.47276597349975,0.5997484
4.23,397.6129824401931,0.80953294
4.24,403.60383343697913,0.89235336
4.25,404.08548336169315,0.92912614
4.26,400.4790337094459,0.9020995
4.27,395.22455281282674,0.9027541
4.28,389.87776003739384,0.6748983
4.29,372.755448481592,0.6451553
4.3,364.0435872186304,0.787042
4.31,360.74303739209944,0.88596594
4.32,362.61797913553886,0.9082322
4.33,365.3858626215514,0.7996754
4.34,370.37897751242826,0.482398
4.35,381.01131304138966,0.3964767
4.36,394.85234289210956,0.43519238
4.37,420.37684495063985,0.6569045
4.38,428.1805651294634,0.8241569
4.39,430.0436128180984,0.7823857
4.4,401.1703510266401,0.6207313
4.41,348.9447645345622,0.36847845
4.42,324.9224553293596,0.30638808
4.43,330.1679472761296,0.35580596
4.44,313.3985292312644,0.48236877
4.45,311.58232521855945,0.806143
4.46,310.46420449644626,0.90769535
4.47,312.3452701995807,0.7937307
4.48,314.6965265339476,0.6145922
4.49,325.7301463922377,0.4154247
4.5,365.91266105990206,0.34852725
4.51,369.22187616731634,0.7717708
4.52,369.95169296979645,0.7624538
4.53,365.7573690969283,0.49483547
4.54,357.88957466749275,0.45086807
4.55,349.3119991984107,0.13916688
4.56,322.4192764373838,0.2454914
4.57,303.58721799939116,0.18791573
4.58,323.14462723003953,0.18552805
4.59,321.8904775508514,0.35889825
4.6,323.9806106082534,0.35993782
4.61,317.9914194281278,0.34153247
4.62,302.1526075049477,0.40912157
4.63,301.1843329221973,0.39622554
4.64,290.3835714108145,0.6395907
4.65,292.33532105579576,0.75455904
4.66,296.12503230612776,0.829491
4.67,298.99532028211155,0.91259533
4.68,301.83272453132577,0.93958277
4.69,305.3180900476246,0.92983025
4.7,310.16151951788135,0.9002085
4.71,313.4865509483093,0.9330801
4.72,315.15592747599817,0.924867
4.73,314.65620670512754,0.9238874
4.74,313.8494203809814,0.91891783
4.75,311.7616880967917,0.91251165
4.76,306.876762303858,0.8215717
4.77,301.5646452708911,0.79028255
4.78,297.3651700800918,0.4589876
4.79,278.9207886708352,0.42973232
4.8,270.8236265500584,0.4825452
4.81,267.8940947724718,0.8490628
4.82,268.5966687441071,0.9239937
4.83,271.05693062249384,0.93828243
4.84,273.61877661136805,0.91736
4.85,276.5898229794686,0.887232
4.86,280.01221286478074,0.84865975
4.87,285.14076762457375,0.83200085
4.88,289.638047464328,0.7984539
4.89,292.3795492395416,0.84605694
4.9,291.3545196576602,0.80924237
4.91,287.641254917674,0.8240135
4.92,283.3588639871363,0.82267225
4.93,278.3221961555513,0.8737107
4.94,275.16412137854667,0.9296556
4.95,273.44460738177236,0.91396606
4.96,272.58311068100403,0.9458367
4.97,272.0049985354105,0.9516502
4.98,271.5859092791054,0.9533889
4.99,271.8144495146745,0.95265114
5.0,272.9386812239917,0.93954265
5.01,274.9004836397744,0.9480045
5.02,276.59098028039807,0.9367077
5.03,277.8665404126958,0.95842135
5.04,279.0645884790081,0.94282496
5.05,279.359734755212,0.934049
5.06,278.60266302374663,0.9500595
5.07,277.27037707549346,0.9485973
5.08,275.2821423300223,0.94755644
5.09,272.94996551977255,0.91729957
5.1,270.2633802878751,0.8674529
5.11,266.74285637190064,0.78565025
5.12,263.16039139479636,0.78866786
5.13,259.56418603471536,0.7748915
5.14,255.32990218640242,0.7501284
5.15,238.05769372645952,0.5446331
5.16,231.96085484230065,0.83419156
5.17,230.9348218471963,0.92989945
5.18,233.15324762365904,0.9371656
5.19,235.76554444461635,0.9152687
5.2,238.84799498926552,0.93284327
5.21,243.204572590422,0.93699175
5.22,246.9451364619212,0.9164505
5.23,250.77100455581933,0.9475901
5.24,253.77349404274236,0.96584
5.25,255.76242060304241,0.97208077
5.26,257.11776295150764,0.98008174
5.27,257.8984965649399,0.95975465
5.28,257.62596542200134,0.9671331
5.29,257.00599993465545,0.9727748
5.3,255.6009827634624,0.9488205
5.31,252.81542357408108,0.90778196
5.32,248.79735368904664,0.8950064
5.33,244.70576543370572,0.9281754
5.34,241.09752365468407,0.943231
5.35,238.9859521711226,0.95099336
5.36,238.8106717790791,0.9547656
5.37,239.98715869544293,0.96048766
5.38,242.4352321379185,0.96566087
5.39,245.8453345781882,0.91534144
5.4,250.92108339915632,0.9418864
5.41,254.39764928208447,0.96095073
5.42,256.9616398624655,0.97060806
5.43,259.05095108519794,0.9486408
5.44,260.4153405428635,0.943322
5.45,260.1886183016974,0.95189935
5.46,257.85678371800566,0.91837066
5.47,253.43262048919945,0.91149205
5.48,248.38337019680802,0.9155436
5.49,245.05792251895826,0.94853526
5.5,242.70955850308883,0.9639848
5.51,241.39063760023163,0.96711475
5.52,242.2515016607258,0.9643984
5.53,246.44375232921254,0.8751389
5.54,252.0749773236676,0.90983254
5.55,256.327968798498,0.9675222
5.56,259.09518903824153,0.9493162
5.57,261.51058149612044,0.9218212
5.58,262.8206837987142,0.894997
5.59,262.7974298126044,0.7663225
5.6,256.2984049627771,0.44177616
5.61,244.96840095726577,0.40199533
5.62,240.79813755780253,0.25809687
5.63,224.06415624968793,0.30830538
5.64,208.0964381592406,0.21881242
5.65,205.45509525902867,0.084931456
5.66,204.0778166041908,0.20453995
5.67,200.97875065759064,0.20394185
5.68,197.5875306464911,0.085240506
5.69,202.89808721337084,0.26141968
5.7,209.07197854159085,0.05383886
5.71,210.11525149707467,0.4729437
5.72,209.94090737886083,0.73657817
5.73,210.4611211619405,0.6263156
5.74,215.21765719642562,0.74503267
5.75,220.09273236777076,0.83675677
5.76,224.27060271528495,0.8482398
5.77,231.3701336830945,0.7327353
5.78,238.7755438516905,0.72782737
5.79,243.79733834317662,0.6425458
5.8,246.08398789612698,0.6533278
5.81,247.89767085039787,0.789078
5.82,250.0233791597485,0.6090232
5.83,252.52156744070072,0.8754386
5.84,254.79936624494349,0.9173385
5.85,256.2370968814339,0.9300714
5.86,257.75318961786814,0.9024602
5.87,259.04129542810733,0.9139187
5.88,258.9733616865431,0.9270465
5.89,257.62964934947115,0.9287096
5.9,255.65417009918465,0.93552786
5.91,253.25131317038807,0.91739327
5.92,249.98686415752366,0.8906858
5.93,247.535266013968,0.8867005
5.94,245.02723277557206,0.9099607
5.95,241.80786348674798,0.8783612
5.96,239.91081059417692,0.9180342
5.97,241.073843596206,0.91887665
5.98,243.03125628678129,0.9536126
5.99,245.01358957332423,0.9500545
6.0,248.67583255699685,0.9107625
6.01,252.96693174781052,0.93325675
6.02,256.1477064664179,0.9524602
6.03,259.56430356534656,0.9493573
6.04,261.4290203699063,0.95338285
6.05,261.2052804935583,0.9436708
6.06,260.21227348929244,0.9495193
6.07,258.6402599861486,0.93384635
6.08,256.32682783652126,0.92623425
6.09,253.6986828711175,0.9236679
6.1,250.27914357683676,0.84026194
6.11,246.2183395634682,0.8929206
6.12,244.95187981956602,0.9367759
6.13,244.72946364611417,0.9368711
6.14,244.76399780565927,0.936262
6.15,246.34814217308022,0.9159615
6.16,248.64092374547042,0.9199186
6.17,251.79775341974957,0.92285806
6.18,254.75389075035082,0.9285233
6.19,257.4554366155715,0.9384292
6.2,259.74753122574793,0.95327735
6.21,259.7232690568418,0.9467003
6.22,258.3820483823298,0.9266947
6.23,255.66300313450387,0.89195645
6.24,252.05266832963457,0.8689036
6.25,248.09722673947252,0.89023066
6.26,245.11110944508442,0.9186406
6.27,243.0034586433922,0.9315832
6.28,242.65948346990857,0.94814783
6.29,244.23569873754855,0.933555
6.3,246.38978338603894,0.9195908
6.31,248.76909741474802,0.915962
6.32,252.12768691355416,0.90288985
6.33,256.12348947652475,0.9337184
6.34,259.24635515511136,0.9298786
6.35,261.280325342966,0.9414047
6.36,261.88074612038247,0.9567356
6.37,260.90633689052345,0.9198618
6.38,258.5305171042694,0.9243997
6.39,254.92812174042544,0.8906456
6.4,250.3782276608516,0.8650014
6.41,246.55435104859657,0.8544009
6.42,242.8112269749012,0.92311954
6.43,243.0287309964314,0.93618834
6.44,246.05146327057668,0.8725371
6.45,252.19181274133032,0.8055641
6.46,258.4981552288968,0.7555909
6.47,267.31597063238047,0.7760326
6.48,272.6827134524846,0.88882756
6.49,276.2941242039924,0.92017215
6.5,276.3006643674598,0.9009169
6.51,273.39922600380424,0.7796177
6.52,247.9940534538136,0.34440398
6.53,224.19778948146816,0.43178892
6.54,213.84191567071883,0.45970497
6.55,208.16502582481095,0.60359323
6.56,219.21337166349733,0.3026339
6.57,248.88639673227493,0.16647
6.58,264.4438068737808,0.35385874
6.59,265.2331646109034,0.61153674
6.6,269.3361555838677,0.8015232
6.61,269.66513219518407,0.847812
6.62,270.73031545314257,0.86264825
6.63,271.38768941587045,0.8510668
6.64,270.881258082224,0.73305064
6.65,271.09411422666756,0.62109053
6.66,271.71433041054894,0.17048787
6.67,269.9845219515189,0.058943283
6.68,268.96161669936134,0.38778627
6.69,247.33758598690756,0.6493011
6.7,229.1879036802432,0.14428122
6.71,224.54656215601503,0.06718564
6.72,242.98477729832885,0.04987537
6.73,258.2484494070594,0.10050073
6.74,282.35974288815225,0.083505236
6.75,265.96147998033837,0.2607511
6.76,267.64490819742787,0.1996471
6.77,267.74732770441096,0.5214645
6.78,267.18850020103173,0.33013928
6.79,267.4881800982643,0.11265024
6.8,263.5311091374816,0.020825803
6.81,257.5459540977875,0.029437501
6.82,250.5534871032867,0.17778069
6.83,245.98441721208457,0.30281758
6.84,242.34808235911618,0.11896073
6.85,242.61880165574595,0.20169039
6.86,222.20897702789415,0.16370904
6.87,199.13994900400795,0.011462246
6.88,172.91762504476807,0.018048014
6.89,155.9128271585684,0.13487528
6.9,149.91973135765775,0.33204958
6.91,149.53376282491848,0.25115773
6.92,149.00426978246387,0.113784485
6.93,146.09438855519392,0.05255097
6.94,142.34695165875613,0.052526537
6.95,140.7422097439343,0.06057397
6.96,135.51438720803966,0.055182565
6.97,142.68620134354816,0.012490365
6.98,151.10161731009126,0.02224751
6.99,163.82359720484064,0.061956596
7.0,177.09892666261507,0.038990077
7.01,191.72459685824896,0.09544943
7.02,204.0834791778961,0.13435102
7.03,215.94317287604588,0.04015751
7.04,232.5533910558869,0.0808921
7.05,241.81712611594608,0.09937586
7.06,251.48692641744287,0.048044764
7.07,258.1390861112647,0.06846373
7.08,258.9251177278957,0.11894405
7.09,264.8062072098799,0.047870364
7.1,270.5637157722518,0.037514135
7.11,274.20197535445794,0.038948618
7.12,276.6927942053954,0.12872712
7.13,274.2342956608495,0.53326094
7.14,268.1186485583132,0.81146854
7.15,262.9945513102258,0.61678797
7.16,260.40528399167596,0.79702705
7.17,254.07778200920077,0.44145614
7.18,247.99532612501673,0.47109503
7.19,248.6670260732546,0.5129745
7.2,253.5566209519246,0.17352591
7.21,257.0725209552253,0.46887413
7.22,255.47407180424113,0.6703741
7.23,253.33367398465967,0.701236
7.24,252.14190536634754,0.40183246
7.25,252.94725842577975,0.15312114
7.26,253.08509277611284,0.09803656
7.27,254.91089675354974,0.041689422
7.28,257.43884497361324,0.06615537
7.29,255.68160276878072,0.040664837
7.3,251.23711947757715,0.047173396
7.31,252.08605594075817,0.052989397
7.32,247.21887683548263,0.025105264
7.33,245.40446105290448,0.03247728
7.34,243.4063177145195,0.063036874
7.35,240.1863238345581,0.20257743
7.36,225.9374593655568,0.22349568
7.37,228.25510395209574,0.23503058
7.38,234.35382052728343,0.16068478
7.39,222.14343567965457,0.28746876
7.4,200.00440531728546,0.47114688
7.41,190.1680448774568,0.16257218
7.42,176.61404458235586,0.19837704
7.43,175.66575186259652,0.6280707
7.44,175.812735096195,0.67481667
7.45,177.5188937566911,0.092494555
7.46,183.72356148221252,0.10540907
7.47,194.30335246252264,0.14049074
7.48,199.01356489095164,0.31349337
7.49,202.07717771527913,0.55972135
7.5,201.7342172433337,0.5190385
7.51,204.0741157095532,0.39482632
7.52,201.62976346030558,0.34002554
7.53,201.10474808005367,0.2537952
7.54,201.55398538116322,0.3875139
7.55,199.64372045295562,0.44475403
7.56,197.01641350632215,0.2716937
7.57,190.71807483708696,0.19423333
7.58,185.3291652985678,0.18169475
7.59,179.87922568029376,0.24567632
7.6,178.0740827507828,0.17849165
7.61,176.98856477783926,0.28363758
7.62,172.60671018710948,0.23554565
7.63,169.8232238332322,0.18827772
7.64,172.85772299804347,0.3836535
7.65,187.00119846002823,0.055438332
7.66,194.94950615890528,0.13025378
7.67,204.24232962135534,0.11387767
7.68,209.4866991602367,0.08576266
7.69,221.76827701275107,0.08074775
7.7,230.50981583563757,0.06087202
7.71,248.44789451237315,0.038407724
7.72,254.88242558464367,0.014157598
7.73,261.1958398190015,0.011396168
7.74,269.4210411031012,0.021209916
7.75,278.30139550570016,0.010074154
7.76,288.74989734152444,0.005237301
7.77,305.5593623050647,0.032888424
7.78,316.2468560595142,0.027860312
7.79,321.6876651085689,0.034168012
7.8,305.9924221228619,0.09721101
7.81,292.05554070424705,0.22019935
7.82,286.88579096042065,0.081823334
7.83,289.17507458235326,0.12723091
7.84,257.02198909322186,0.13493858
7.85,255.79531245297392,0.23116975
7.86,240.98287026582977,0.17777656
7.87,239.4689962941298,0.38634276
7.88,235.7449938414169,0.30800107
7.89,221.27641693417613,0.34744605
7.9,217.25147421418117,0.23900236
7.91,214.5383056496663,0.2493139
7.92,210.4776965165791,0.1294934
7.93,210.34165408578446,0.14917874
7.94,209.63957669693247,0.25671664
7.95,211.34934035758266,0.18663952
7.96,223.7389826714654,0.44409874
7.97,231.99983629843783,0.35386926
7.98,261.2662064885432,0.5502216
7.99,269.45262787592577,0.74876803
8.0,275.879337189864,0.7391674
8.01,287.88673407837115,0.686137
8.02,295.76926983045064,0.7749251
8.03,302.6190914997933,0.8754914
8.04,308.055000792523,0.9169938
8.05,311.8162792731076,0.9389188
8.06,313.91492894491756,0.90935254
8.07,314.5258502549277,0.91543174
8.08,314.1704176569525,0.9026028
8.09,312.7384966591962,0.9463855
8.1,310.3934487057413,0.9190404
8.11,308.5278969599118,0.9444847
8.12,309.53925246482453,0.85306555
8.13,313.45144531382397,0.81028354
8.14,316.78730614682934,0.8111942
8.15,319.13910177881024,0.8041434
8.16,319.3002030710293,0.71014166
8.17,311.79150618969936,0.49609116
8.18,308.52034654773564,0.6908722
8.19,312.86629562165166,0.75851184
8.2,317.58450884838567,0.77609926
8.21,322.5751606291732,0.8567233
8.22,325.37966212573656,0.8956247
8.23,327.7694806820404,0.9014437
8.24,331.1827283225174,0.81614244
8.25,337.91242172215476,0.6560135
8.26,344.30057779704657,0.830607
8.27,347.6217908472996,0.940661
8.28,348.4525663568863,0.94671756
8.29,347.6007016380938,0.94478476
8.3,346.7962380270926,0.9565848
8.31,344.53812145734173,0.9286337
8.32,344.32851037241176,0.9243734
8.33,343.95139063687,0.9101369
8.34,343.80870552422374,0.9006734
8.35,342.3637412813778,0.92147905
8.36,339.61276197431994,0.9402123
8.37,338.4453140432162,0.9556008
8.38,336.72604280183435,0.94013715
8.39,335.85637080753406,0.9526559
8.4,335.63087054527506,0.962169
8.41,336.75687860050544,0.93318367
8.42,339.25718255552385,0.8514071
8.43,341.46583247679393,0.8399053
8.44,340.6690681453449,0.84592664
8.45,339.27781698461,0.88528985
8.46,338.5420667494627,0.8928985
8.47,338.505859845946,0.8760007
8.48,338.59004513383803,0.88306725
8.49,338.94782096398626,0.866073
8.5,339.9426223055903,0.78982437
8.51,340.321191876695,0.76009786
8.52,339.8499852482108,0.7403121
8.53,339.2942513737702,0.7699303
8.54,338.9592044649831,0.78933835
8.55,339.00468101210316,0.7610317
8.56,338.4819590886911,0.76137984
8.57,337.1778888870019,0.6840133
8.58,336.33514836658213,0.7403021
8.59,334.6843464720618,0.8477286
8.6,333.5235269685037,0.8855342
8.61,333.42337244987016,0.8939692
8.62,333.246747686983,0.88813496
8.63,331.14097292244276,0.85852075
8.64,328.3895405597698,0.8636497
8.65,328.1171546925401,0.9115292
8.66,329.79026617256153,0.92936546
8.67,330.521396768919,0.9397458
8.68,329.4297020132527,0.8969132
8.69,328.1844941375595,0.85525423
8.7,328.48030906755247,0.8766473
8.71,329.81609986527013,0.892537
8.72,330.17459570881897,0.87167084
8.73,328.10306682500874,0.8123334
8.74,326.3266136573787,0.82377034
8.75,326.68792484080114,0.8584686
8.76,327.467408065043,0.92542905
8.77,327.5079442229987,0.9270312
8.78,326.76118670642234,0.9120889
8.79,324.57772282422786,0.87494093
8.8,323.37113028914257,0.910035
8.81,323.66077973297996,0.8741723
8.82,324.72963393616226,0.68034565
8.83,325.2845806875895,0.6359917
8.84,324.723497205253,0.65224344
8.85,322.1135599187422,0.7751588
8.86,319.6882373828415,0.8688378
8.87,320.3796866482972,0.8671006
8.88,322.16384943836783,0.86775273
8.89,322.66635977932657,0.8682049
8.9,322.39451338375136,0.8550585
8.91,320.7659267839132,0.83823615
8.92,318.27187050974334,0.8561762
8.93,316.0768376622505,0.93139964
8.94,314.594637190637,0.89544296
8.95,314.6958228921365,0.9121503
8.96,314.0972548873936,0.81896365
8.97,312.64800794966175,0.87118727
8.98,310.7505743149159,0.8458815
8.99,307.4748880653765,0.92273575
9.0,305.5594825773495,0.9475901
9.01,304.9227569889769,0.94344646
9.02,306.094729954654,0.7580559
9.03,306.887829161144,0.79863334
9.04,303.4400364855031,0.70619464
9.05,299.14366347123723,0.64103794
9.06,299.86178756400227,0.7758285
9.07,304.9166730807764,0.89995503
9.08,308.7275786892608,0.94022155
9.09,309.7830549953211,0.94806373
9.1,309.63055326221075,0.9455171
9.11,309.808885223691,0.9259607
9.12,310.52537337412014,0.9134929
9.13,309.30272804367735,0.9059726
9.14,304.89827213059516,0.88516635
9.15,301.2211498783132,0.89935416
9.16,301.1440171593572,0.92834014
9.17,301.0882923524573,0.9129796
9.18,299.56266691549905,0.8499359
9.19,298.52055007691683,0.87853444
9.2,297.41334581269194,0.7898005
9.21,295.70094868036244,0.62243885
9.22,295.1560561517566,0.67481124
9.23,295.198179251864,0.78476405
9.24,293.4991869632481,0.745495
9.25,291.20852049816,0.7660746
9.26,290.24246947329084,0.73682535
9.27,289.7506897626671,0.86428684
9.28,289.7519432239506,0.8613189
9.29,289.6435635028194,0.8372385
9.3,289.0570534219541,0.7135068
9.31,259.08036547864833,0.678859
9.32,230.57677413733734,0.7733056
9.33,204.75479586482155,0.8604839
9.34,182.0733291817412,0.8849876
9.35,157.73513200495003,0.9131335
9.36,141.78697917972886,0.9110804
9.37,141.18139474267807,0.90546745
9.38,140.48841682908832,0.91315264
9.39,139.92419401001186,0.88918155
9.4,139.43381700138667,0.92024124
9.41,139.0611021197978,0.93242973
9.42,138.3874724500958,0.9211354
9.43,137.57494077985723,0.90700245
9.44,136.62742227267404,0.8643894
9.45,135.62120970189665,0.91102815
9.46,134.83703236918828,0.9084942
9.47,134.25786986555426,0.9344339
9.48,133.3826382766455,0.92308533
9.49,132.57648250097952,0.9289544
9.5,131.36217071204567,0.9302253
9.51,129.68772083620294,0.8379892
9.52,141.2115067281604,0.5183509
9.53,157.32584807622206,0.79467624
9.54,177.67058452194917,0.80850875
9.55,197.4331415373985,0.81291467
9.56,224.08919500990436,0.8595336
9.57,236.9344157603444,0.8814813
9.58,232.66408303966483,0.8261713
9.59,228.60709390114806,0.87084866
9.6,221.20293227892816,0.85250515
9.61,217.55368760106165,0.86692184
9.62,212.6512910713643,0.78170633
9.63,207.23971410971714,0.66234463
9.64,195.05414301142872,0.36302784
9.65,193.50041578175873,0.4673671
9.66,193.09166852693164,0.40269127
9.67,188.86625432882278,0.48676398
9.68,203.00562367769433,0.16499387
9.69,223.27703796811872,0.21014571
9.7,232.02377094689274,0.2493458
9.71,229.67584718345904,0.43442374
9.72,226.7687074053923,0.6856864
9.73,226.12783457987268,0.64163446
9.74,223.5516221290376,0.4081226
9.75,220.84516415898128,0.11201804
9.76,224.83665036404722,0.018296557
9.77,236.9355044131191,0.087539494
9.78,241.7199953472096,0.10115417
9.79,243.71045222477505,0.079188935
9.8,244.8109335828626,0.11223931
9.81,259.1083187876849,0.16795544
9.82,262.6775802821775,0.18901753
9.83,263.92496243291316,0.116681576
9.84,240.67081790994825,0.13726984
9.85,234.70668286041428,0.2714369
9.86,233.05644538852295,0.16126214
9.87,234.8258972803524,0.34152743
9.88,243.86502787876506,0.55224806
9.89,256.4780742801182,0.15079246
9.9,268.7455424360343,0.34485513
9.91,279.2073517085063,0.061693817
9.92,288.66366294279874,0.08588741
9.93,294.1337685533126,0.106685236
9.94,296.2509960206565,0.06855833
9.95,295.82249706385187,0.046028193
9.96,286.4322854594088,0.065917626
9.97,287.0638694460678,0.07492472
9.98,274.739360426154,0.03591919
9.99,252.3523536688541,0.0391584
10.0,232.3990487416346,0.24904388
10.01,220.3803685275217,0.2966286
10.02,205.5807461773004,0.28164908
10.03,191.37439619472428,0.10580442
10.04,170.46300245952216,0.08051131
10.05,159.74874148440574,0.014599575
10.06,147.7298941981379,0.24578717
10.07,154.60721152668216,0.3381165
10.08,158.0600942718212,0.575872
10.09,163.08126367159963,0.6629736
10.1,166.0568154515458,0.8121527
10.11,169.56520415104873,0.7988904
10.12,173.48087493770376,0.8827463
10.13,176.49523630406577,0.873058
10.14,179.79153154671678,0.89679223
10.15,182.19181810415523,0.8822356
10.16,183.84578741471978,0.8774542
10.17,185.08637442055758,0.915782
10.18,186.0031305833325,0.90580463
10.19,187.9059729584283,0.8550854
10.2,189.22619753069964,0.8593207
10.21,189.91185229699738,0.85245067
10.22,190.91829152129915,0.8296024
10.23,191.59450905695996,0.8641069
10.24,191.397925017604,0.84674495
10.25,190.95987037327913,0.83490604
10.26,191.32482258378428,0.87115115
10.27,192.24292500391863,0.8774991
10.28,192.7011696206,0.87300146
10.29,192.82625396204912,0.8755012
10.3,192.6447244834463,0.8801611
10.31,192.85386505341964,0.860414
10.32,192.69329640255634,0.87792367
10.33,192.6095210821221,0.8829023
10.34,192.739700294712,0.8774143
10.35,192.85875940783188,0.876668
10.36,193.3767566014206,0.86600167
10.37,194.04371075774657,0.90310246
10.38,194.90181663313123,0.91652244
10.39,195.35168319615246,0.9208757
10.4,195.4307539296658,0.9081013
10.41,196.06757029845707,0.90945745
10.42,196.8896915432814,0.9288335
10.43,197.25043116980737,0.9191288
10.44,197.25770220280492,0.91223675
10.45,197.25128022045294,0.9159363
10.46,196.984907807212,0.9184986
10.47,196.60157819289498,0.9048265
10.48,196.64086201792776,0.91337854
10.49,196.48674262163564,0.9109158
10.5,196.17812092713217,0.90028065
10.51,195.3500208976703,0.9135697
10.52,194.92485638916986,0.92153704
10.53,194.393954158198,0.9189935
10.54,194.08358877002343,0.9091725
10.55,194.19952673293136,0.9112228
10.56,194.37352549426413,0.9092465
10.57,194.24782544402063,0.90891093
10.58,194.24534968493444,0.90510213
10.59,194.8854472551759,0.9029432
10.6,195.55888527115752,0.89887124
10.61,196.07603474038063,0.8827965
10.62,196.2354455212143,0.8704852
10.63,196.3117914449667,0.84434074
10.64,196.17275535187557,0.78193575
10.65,196.04217052322778,0.7645297
10.66,196.04647807848875,0.7890143
10.67,195.6917350872655,0.8253485
10.68,195.4179740046479,0.83015215
10.69,195.14505150032807,0.8426286
10.7,195.63583544631794,0.8295994
10.71,195.58872765453003,0.85410553
10.72,195.07354235385787,0.8556083
10.73,194.26383315549504,0.8399739
10.74,193.7874525483628,0.839052
10.75,193.59613452104927,0.829115
10.76,193.47002285375152,0.82742864
10.77,194.00941564093173,0.8671857
10.78,194.52212836090553,0.8902586
10.79,194.6234767838564,0.8996285
10.8,194.60384333763372,0.90494424
10.81,194.47370250359046,0.9094523
10.82,195.04752289909572,0.9002083
10.83,195.80753689983408,0.87432826
10.84,196.0908737350248,0.89174277
10.85,195.65667199128353,0.88138527
10.86,195.56645932171025,0.879558
10.87,196.1003927039121,0.8704454
10.88,196.38281517561563,0.8866969
10.89,196.6630952961191,0.8972005
10.9,196.72081701286243,0.9003796
10.91,196.60465762581362,0.9007344
10.92,196.5510499693642,0.8989818
10.93,196.87028467087262,0.8953749
10.94,197.20324870602673,0.9074959
10.95,196.9892861375469,0.9076529
10.96,196.67848166854787,0.8854426
10.97,196.40520604137262,0.8901927
10.98,196.42896771525275,0.8936182
10.99,196.26398363918085,0.87165934
11.0,196.36983946884584,0.8813811
11.01,196.19434116858048,0.8601837
11.02,196.0630316190337,0.85191685
11.03,196.21805807659084,0.87399924
11.04,196.18171979519013,0.92178404
11.05,196.2452321282878,0.90786684
11.06,196.04273470512513,0.8508254
11.07,196.3058413308386,0.8438012
11.08,196.9644743178418,0.81170565
11.09,197.20791649878564,0.8372917
11.1,197.3507516341671,0.84574276
11.11,197.7062880139793,0.8316348
11.12,198.13130832689654,0.7521734
11.13,198.45406938543158,0.6327704
11.14,198.86233053016926,0.64209247
11.15,199.27228018959693,0.8208516
11.16,199.82713679680563,0.86204624
11.17,200.60999040081043,0.8745455
11.18,201.08849035990457,0.86494815
11.19,201.04068542298165,0.79266685
11.2,200.57669473001513,0.7763643
11.21,201.28692757490433,0.8354598
11.22,201.60734007998406,0.8768247
11.23,201.28092145897148,0.8801387
11.24,201.80868451370299,0.7473783
11.25,202.02842376457002,0.36103377
11.26,202.0273515276659,0.10855264
11.27,226.77709184847774,0.3658487
11.28,226.29703994960988,0.5448638
11.29,225.3440276279052,0.40191364
11.3,214.3545503896778,0.5754581
11.31,212.92120275901175,0.8068035
11.32,213.9640665389126,0.8397366
11.33,215.99804287478435,0.8520007
11.34,219.07648623431265,0.8627122
11.35,221.78319045700846,0.8749244
11.36,225.55669290157252,0.83013856
11.37,231.33984996004628,0.7479162
11.38,237.0878462974231,0.78927445
11.39,242.35917600326556,0.8232825
11.4,246.69809712634716,0.8272183
11.41,252.01576566741036,0.7387495
11.42,259.3174170614481,0.74250716
11.43,266.270134371454,0.6058757
11.44,272.69410411705076,0.4948952
11.45,300.895558863503,0.3318494
11.46,303.41619230090737,0.4648553
11.47,311.813812474031,0.48210075
11.48,329.0958711851778,0.45518133
11.49,332.65767319640133,0.4679161
11.5,364.65150661092673,0.27292576
11.51,397.5468388403106,0.57853276
11.52,409.267326724136,0.67402697
11.53,417.37277565106956,0.8325806
11.54,424.24234107635533,0.820515
11.55,430.2320940683754,0.8164662
11.56,434.7195558764274,0.90101826
11.57,434.31833943283834,0.89416224
11.58,430.0960016150546,0.7920259
11.59,426.01569431767354,0.49706653
11.6,396.2085786326525,0.39087433
11.61,384.61622816647383,0.74037856
11.62,385.68927716052804,0.84118265
11.63,381.4750509640143,0.78237265
11.64,376.50270572373864,0.7443446
11.65,371.6699667928798,0.8074299
11.66,369.91631524903227,0.8554877
11.67,367.89615530130845,0.929698
11.68,365.22162727681325,0.9117716
11.69,362.8966513239507,0.94906425
11.7,362.6329902138141,0.9583894
11.71,363.07932528103856,0.9584929
11.72,364.4594049648812,0.94262964
11.73,366.37512364511514,0.95528597
11.74,367.91432384516446,0.949531
11.75,368.7974309300556,0.9171051
11.76,369.785871809082,0.9035005
11.77,370.6081866025102,0.905417
11.78,370.9937078605642,0.9169386
11.79,370.71568085671663,0.9206536
11.8,369.5230540748361,0.89040804
11.81,367.034076215846,0.91674477
11.82,363.38341503644165,0.90453357
11.83,358.63455279440007,0.92635655
11.84,353.5373948837014,0.93396163
11.85,348.27981279455906,0.83707225
11.86,343.1843945270902,0.858303
11.87,340.2425455279944,0.87597644
11.88,340.141889241483,0.8914302
11.89,340.92484214684674,0.86380523
11.9,343.1059095760781,0.8661106
11.91,345.87644827393547,0.8994158
11.92,347.38028603057273,0.8973054
11.93,348.47686520654975,0.9174199
11.94,348.66820594372894,0.92981553
11.95,348.46974414138657,0.9355981
11.96,348.82723343064674,0.94590896
11.97,348.7440355487722,0.935819
11.98,348.00999437188585,0.8945759
11.99,345.71625607234864,0.9395876
12.0,344.097315804948,0.90371716
12.01,344.5204191654795,0.913851
12.02,343.75900500487285,0.91733384
12.03,341.7508484883461,0.90495557
12.04,337.26407194874923,0.8512894
12.05,332.9893104640495,0.83467376
12.06,329.83467639563617,0.8178593
12.07,325.46844580116795,0.7591739
12.08,323.37402875261,0.73911387
12.09,324.6849565716217,0.6769643
12.1,329.2107481789261,0.82760334
12.11,330.53012726374493,0.9183373
12.12,330.80496498217514,0.87933224
12.13,330.5000208767776,0.6606653
12.14,328.30150833754743,0.5149267
12.15,327.15795738030556,0.49883452
12.16,325.1789272925274,0.61618036
12.17,324.45844514929576,0.7155618
12.18,325.87444537555814,0.8725394
12.19,327.8087505071787,0.92803514
12.2,329.7221305971437,0.94207436
12.21,330.7243578730543,0.95462036
12.22,331.8248053066128,0.9294936
12.23,333.15599982885516,0.8828556
12.24,334.0650366043155,0.9281291
12.25,335.42418473886687,0.94555146
12.26,337.44666456697485,0.9364096
12.27,340.68027987580706,0.91134477
12.28,344.44022668538753,0.91711855
12.29,345.9026991938698,0.96134675
12.3,346.21015726364635,0.968311
12.31,345.8729259205314,0.95938134
12.32,345.0943746216751,0.9497957
12.33,344.1772836728501,0.94650686
12.34,343.29901588440066,0.9596489
12.35,342.29938036343725,0.9637774
12.36,340.91867576056126,0.94067377
12.37,339.3516399115208,0.9418809
12.38,337.51467257920217,0.94119316
12.39,334.5093010848718,0.9579712
12.4,332.4138697059411,0.9585156
12.41,331.4367461436513,0.9777119
12.42,331.1256629960011,0.97783035
12.43,330.71970492694,0.9737863
12.44,330.3444292345977,0.97099763
12.45,329.643631652477,0.9653472
12.46,329.0683525109961,0.93201154
12.47,328.58815648997273,0.9353788
12.48,328.66600410866465,0.9332733
12.49,329.471027111642,0.9480017
12.5,331.2012244117122,0.9584977
12.51,334.2893671144966,0.9433783
12.52,338.49640802884437,0.9078252
12.53,343.33364529633786,0.8938107
12.54,345.5702892178419,0.9169623
12.55,346.9597483558926,0.9277507
12.56,348.2057806482085,0.9121702
12.57,349.1462010441909,0.9380252
12.58,349.6250688392584,0.94382966
12.59,350.0616555155624,0.9445417
12.6,350.43797953746605,0.94817966
12.61,350.65613854558427,0.9491744
12.62,350.82054095011756,0.95640314
12.63,349.8967715082789,0.96322864
12.64,349.05188806862526,0.9537933
12.65,347.73233514293844,0.92632526
12.66,346.5145148486947,0.9508384
12.67,343.96606805563306,0.9191339
12.68,341.67374782876544,0.9360488
12.69,338.9877181090874,0.94239926
12.7,336.236650356908,0.9311508
12.71,334.30866956671827,0.9569078
12.72,332.2110184254067,0.9463963
12.73,330.351605645621,0.9621626
12.74,330.1206756805923,0.96538526
12.75,330.89848540904586,0.9716204
12.76,332.08304408064396,0.959315
12.77,333.38439713536843,0.9603945
12.78,334.34895499586094,0.9669213
12.79,335.61797080169083,0.9493605
12.8,337.76357231234147,0.94287354
12.81,339.87443714152784,0.91284853
12.82,342.8832802896908,0.89388114
12.83,345.68819972923956,0.93549335
12.84,347.4677719101709,0.9264556
12.85,347.5884043324876,0.93543744
12.86,347.635654803235,0.9368466
12.87,346.9196447276599,0.9449962
12.88,346.5688329429901,0.94808525
12.89,344.7978263138491,0.90715396
12.9,342.67708652757574,0.9199969
12.91,339.7110748157082,0.90515316
12.92,336.0263610246683,0.90901333
12.93,334.26795066144916,0.9362055
12.94,332.780091532806,0.90818226
12.95,330.9848483245559,0.9473164
12.96,329.0514992698778,0.8919012
12.97,327.40826744488857,0.9310345
12.98,326.53600861134225,0.936603
12.99,326.1849233872223,0.94311607
13.0,326.1793869886622,0.9484423
13.01,326.9645679804107,0.94499785
13.02,328.1469562392275,0.91416204
13.03,329.7406099341073,0.9429863
13.04,331.398064234838,0.9498101
13.05,332.9256017952718,0.9315666
13.06,334.95107589385276,0.9344935
13.07,337.650464158055,0.9168207
13.08,340.2275854886891,0.87856287
13.09,343.1401412527054,0.8893069
13.1,345.1180527256242,0.9086103
13.11,346.6401693603664,0.9368635
13.12,347.5012152767601,0.92722607
13.13,348.2598707164991,0.9168641
13.14,348.81716005772614,0.92012453
13.15,348.0461117463915,0.8961854
13.16,346.73352449867184,0.90175426
13.17,343.91598654865567,0.86943483
13.18,341.15873398795884,0.84688383
13.19,336.6416797746939,0.85333925
13.2,333.63353035362036,0.9175229
13.21,330.9334625940427,0.92953223
13.22,327.5720228815746,0.90878767
13.23,324.41252644686347,0.90376556
13.24,323.53299838220937,0.9264518
13.25,325.13988174337294,0.8981049
13.26,327.58635926119837,0.9408502
13.27,330.2193530939152,0.95771825
13.28,332.56667828774005,0.92592704
13.29,335.2335491518611,0.94329435
13.3,338.41914303858994,0.9474195
13.31,341.0289516403965,0.94349664
13.32,343.2373694374793,0.9588619
13.33,344.9718921226202,0.948065
13.34,347.0887236852817,0.94791585
13.35,349.67550924274434,0.96008795
13.36,350.54992502608883,0.96222806
13.37,350.3901715879782,0.96539503
13.38,349.8861417958444,0.9651302
13.39,348.72869385259423,0.93303436
13.4,346.1677575236615,0.93859094
13.41,343.8002822830671,0.92344666
13.42,341.18622911580644,0.929812
13.43,337.5006688645234,0.92304045
13.44,334.1123168669031,0.9433759
13.45,332.0372662530159,0.93554914
13.46,329.86767507892546,0.9220613
13.47,327.6640617567359,0.9037284
13.48,325.94681709890403,0.875602
13.49,325.87569380411776,0.88930297
13.5,325.5283477078442,0.8923272
13.51,324.9282922529544,0.87210494
13.52,325.25154522166423,0.85812414
13.53,326.13180517193234,0.90922207
13.54,328.2859394693729,0.90922946
13.55,330.2743530468191,0.9552481
13.56,331.9518716047116,0.9520838
13.57,333.65872521627546,0.96415573
13.58,335.9493965154317,0.9514536
13.59,338.6867367844761,0.9506803
13.6,342.5559440219178,0.94177824
13.61,345.99022649532964,0.94721276
13.62,347.8729480028594,0.91419065
13.63,348.6588305354395,0.91789484
13.64,348.09995701443705,0.91760236
13.65,346.49581005063465,0.94341344
13.66,345.0271198355407,0.9087773
13.67,343.7037292070684,0.8117354
13.68,339.7322007379211,0.7372626
13.69,338.3418577706084,0.6927984
13.7,333.4870621620962,0.5704638
13.71,333.03705942733194,0.5509375
13.72,335.6674831706896,0.6725012
13.73,337.40320195407423,0.7817864
13.74,336.6416560290779,0.62511677
13.75,331.17346748446806,0.4399638
13.76,323.69813082669197,0.5206577
13.77,325.7230835897744,0.7452114
13.78,329.00780710565334,0.60592943
13.79,336.26655141096296,0.39804804
13.8,318.2703407131014,0.43173093
13.81,321.20029114221103,0.7095269
13.82,326.38617919259354,0.6884917
13.83,326.5593921448417,0.70144993
13.84,323.70880782418766,0.76241577
13.85,320.9182255096391,0.7831142
13.86,318.6028735304417,0.84265006
13.87,315.23557786086906,0.88077354
13.88,312.9233753429512,0.9012748
13.89,311.6806490762875,0.9103696
13.9,311.65277033904425,0.90850174
13.91,311.9282763899868,0.91047275
13.92,312.4625681334603,0.90155774
13.93,313.26892927147384,0.8783228
13.94,314.607458199444,0.8511989
13.95,316.6023401839742,0.8851102
13.96,318.6106982354763,0.9103402
13.97,320.54096812274275,0.9205557
13.98,322.9263214099011,0.9342823
13.99,325.13358642209283,0.9167921
14.0,326.23775349472027,0.94305533
14.01,326.0278376840972,0.9382267
14.02,324.3788109852671,0.9407721
14.03,322.9084408550261,0.96002686
14.04,321.1660782984178,0.91916883
14.05,319.47269131001593,0.9395319
14.06,317.75817834327177,0.9070875
14.07,315.94360291363677,0.93607646
14.08,314.49328505808637,0.91010463
14.09,312.12191254579176,0.9270556
14.1,309.6830442715213,0.89348507
14.11,307.54967995830566,0.92404014
14.12,306.9534269002298,0.9133347
14.13,307.59625524781944,0.93109304
14.14,309.3427155668257,0.918681
14.15,311.4852160744996,0.93294793
14.16,313.7965794220912,0.90388346
14.17,316.22201753678337,0.9225893
14.18,318.7978692560381,0.92057943
14.19,321.5561300242657,0.8993095
14.2,324.3645771744412,0.9262331
14.21,326.48067327734543,0.9403937
14.22,328.6286210300772,0.9067245
14.23,329.4667910937381,0.9220555
14.24,328.7851526914154,0.888722
14.25,326.6226911348289,0.90994465
14.26,323.4088677121305,0.88033915
14.27,317.1104626723552,0.8514824
14.28,312.8910501673021,0.9251514
14.29,309.8953021288504,0.95513994
14.3,307.2320790798804,0.9345608
14.31,304.1584203292412,0.93122834
14.32,301.46146502286086,0.933024
14.33,298.87393527590103,0.9558705
14.34,298.56412424932734,0.9598525
14.35,300.1717771689282,0.9302399
14.36,303.00310315099307,0.9421363
14.37,305.682740028151,0.94767976
14.38,308.93177392433483,0.9223039
14.39,311.77301365716164,0.93278694
14.4,313.97174268421116,0.87072164
14.41,316.2890449119981,0.85903144
14.42,317.6689181534441,0.8504762
14.43,316.3148696483771,0.8493403
14.44,314.48679623641533,0.9066086
14.45,313.97404548747085,0.9125702
14.46,314.4820945812375,0.9371231
14.47,314.77115865644197,0.89846736
14.48,308.88220714836274,0.74767095
14.49,302.3542512775208,0.87898743
14.5,299.3204896700797,0.91688454
14.51,296.86691031708745,0.8672164
14.52,295.57604064912823,0.94875574
14.53,296.7409623210181,0.92631185
14.54,298.90950157564123,0.9488229
14.55,302.52489626701407,0.93642503
14.56,307.1075566926734,0.93550813
14.57,310.2083515794446,0.94484746
14.58,312.75530288181824,0.96380544
14.59,315.9623320078191,0.94687563
14.6,319.1774278008328,0.95179313
14.61,320.510217985244,0.9512413
14.62,319.3343031644701,0.96412194
14.63,317.46721469248996,0.9337722
14.64,315.19334279700576,0.9645903
14.65,312.8640451547538,0.95792186
14.66,308.7368355751454,0.9523882
14.67,303.82016006127736,0.9455807
14.68,298.4727430481853,0.92992365
14.69,292.4902476474942,0.9226611
14.7,290.49021813939953,0.9410184
14.71,290.97853340657815,0.952822
14.72,292.83604474693254,0.9335347
14.73,295.59470910152106,0.9560943
14.74,298.8745287189655,0.9429867
14.75,303.58232191201273,0.92383444
14.76,308.88283078119633,0.93982697
14.77,314.3174414376859,0.9124868
14.78,321.45780467271743,0.8865292
14.79,326.0482639048078,0.930111
14.8,327.13368072734346,0.9518567
14.81,325.8136121938128,0.9234291
14.82,322.5964042151546,0.85114133
14.83,315.0647268580331,0.8672132
14.84,309.02670496422763,0.9301562
14.85,304.8925459210321,0.94369894
14.86,302.36464823052745,0.89627004
14.87,301.14449839562394,0.74169016
14.88,301.1489110059756,0.5858669
14.89,296.8306372810361,0.47069338
14.9,293.3637209057856,0.6344361
14.91,296.20846131432654,0.5103003
14.92,300.2623561489309,0.6095636
14.93,304.6027636612511,0.6776899
14.94,312.5724526645978,0.8064447
14.95,315.7460136724869,0.9291802
14.96,319.61789280481133,0.9248327
14.97,324.79290339966894,0.8756928
14.98,327.23728287533356,0.9337503
14.99,328.3948245830039,0.92278373
15.0,328.0707452251167,0.929039
15.01,326.24266369193253,0.9041929
15.02,322.6293486031507,0.8041829
15.03,314.2668320867558,0.86237055
15.04,310.0868104312536,0.93068385
15.05,304.95862812005095,0.91378045
15.06,299.0510441788853,0.87877196
15.07,296.17928748836823,0.92288965
15.08,296.9171938260745,0.9134025
15.09,299.295138667493,0.92553014
15.1,303.02858286481626,0.91729856
15.11,308.02415477447,0.87771165
15.12,312.3049257750707,0.9182029
15.13,316.39107064982346,0.7899462
15.14,327.60498815755574,0.7076177
15.15,332.55986790802154,0.87884104
15.16,333.08336924994524,0.8720022
15.17,329.6553472968485,0.8187006
15.18,326.0229519171037,0.83191425
15.19,317.72673740645087,0.7480817
15.2,311.8734689798595,0.92069584
15.21,307.6797299906407,0.9311693
15.22,301.4153757354752,0.8880144
15.23,296.9887032868085,0.8841783
15.24,296.9220035633715,0.87711567
15.25,300.51928189977235,0.8764139
15.26,305.69811698301356,0.86690015
15.27,311.1704711825945,0.7849252
15.28,321.13121274267905,0.69965297
15.29,328.67309600541,0.8605806
15.3,330.68095827279075,0.9611627
15.31,330.2151543460508,0.945078
15.32,326.52579248988053,0.86430055
15.33,322.18678693643074,0.816015
15.34,316.57296044588355,0.8348553
15.35,312.8816488386857,0.83545506
15.36,306.0511313566091,0.6344073
15.37,296.74158464782533,0.5356965
15.38,294.094839302228,0.7024408
15.39,296.31222013011995,0.7987106
15.4,301.08308116496084,0.817223
15.41,307.238534588845,0.5717647
15.42,319.84171005554435,0.60129225
15.43,321.551349918907,0.7793886
15.44,324.08176127172425,0.90276325
15.45,326.2491799044261,0.92954993
15.46,329.6862850139497,0.9006627
15.47,335.35330789481384,0.77382505
15.48,345.13044189049344,0.64358217
15.49,355.5037817107327,0.8453663
15.5,359.54945339767187,0.90861815
15.51,358.93346099289795,0.8807304
15.52,354.28851476455554,0.82667494
15.53,349.3468864132767,0.6877177
15.54,333.4129337086737,0.62024546
15.55,324.4219834513341,0.6620685
15.56,314.13139123701274,0.79063565
15.57,309.9944328622738,0.8480407
15.58,306.50357944177813,0.912318
15.59,308.23788275769607,0.90878826
15.6,313.0168546864379,0.8922876
15.61,319.0599014046983,0.8291644
15.62,325.89366944965843,0.652249
15.63,333.14102647818163,0.50096554
15.64,352.07180076071177,0.26615402
15.65,380.38881142707,0.4945341
15.66,387.29302352042004,0.8300017
15.67,386.3088235039163,0.76254964
15.68,381.80454725099116,0.6920986
15.69,374.21075001325306,0.6309948
15.7,365.92348985003895,0.5585578
15.71,358.01542319791196,0.4716434
15.72,333.2788340269007,0.5885103
15.73,324.1540232576705,0.7787117
15.74,321.7500390789842,0.899798
15.75,324.5666944585746,0.8239087
15.76,329.95523986168445,0.73602915
15.77,338.7427299246548,0.6342786
15.78,348.8801085825304,0.5028257
15.79,366.62056336446074,0.5749573
15.8,376.91962610890823,0.821202
15.81,378.3214126907458,0.8996194
15.82,375.3434650105007,0.847376
15.83,370.5613949505724,0.5628908
15.84,355.70666621930906,0.5082913
15.85,347.78238007287393,0.4945683
15.86,328.28406967602405,0.62029356
15.87,320.5312450819748,0.85487676
15.88,318.6758874297933,0.93468153
15.89,320.16190942261653,0.8985356
15.9,326.77878310835956,0.8324792
15.91,332.55866841882863,0.84586686
15.92,339.079280391216,0.8715187
15.93,344.37719592320605,0.89431876
15.94,345.2089206490754,0.93706816
15.95,342.173518911124,0.9007552
15.96,337.44271548901554,0.90544635
15.97,333.9472599689575,0.91554844
15.98,330.25761879032655,0.9208801
15.99,327.3823497605736,0.9107981
16.0,329.0805724928589,0.88248456
16.01,333.4170950282462,0.7593219
16.02,340.4705626493072,0.5179098
16.03,348.93475652983875,0.45443842
16.04,358.96209044460767,0.27780166
16.05,381.6339512662029,0.34461105
16.06,391.53455392488917,0.36485133
16.07,413.2046100917282,0.6832368
16.08,414.87635096796976,0.7769107
16.09,411.91281471821503,0.6365979
16.1,394.3399616554477,0.3964848
16.11,349.27774511576325,0.33466622
16.12,311.67640544939565,0.3999032
16.13,304.2305215798392,0.46496406
16.14,295.5840851123944,0.6829596
16.15,295.79850189655906,0.80957484
16.16,301.61741522184906,0.7992504
16.17,309.28141746107895,0.6833554
16.18,316.7792104145302,0.79799384
16.19,320.2344106123563,0.8558565
16.2,321.86048738172843,0.76278687
16.21,321.45097413191513,0.5484131
16.22,307.9658675851032,0.32271755
16.23,272.2019126077942,0.5105845
16.24,264.1046281048546,0.8002141
16.25,260.14646968636055,0.74526066
16.26,255.15304480524864,0.5121055
16.27,242.91617143471035,0.30589336
16.28,236.09491411823706,0.714516
16.29,235.7940707382289,0.806591
16.3,238.20183572211178,0.8221137
16.31,240.0619860404113,0.8683088
16.32,243.0530206815818,0.8631684
16.33,246.54086095962822,0.83580995
16.34,250.27152107967964,0.8636923
16.35,254.57847931593608,0.85168236
16.36,258.2131155299853,0.88991636
16.37,259.57583023296263,0.91860527
16.38,260.3471037254195,0.912749
16.39,259.4581467277208,0.92886645
16.4,258.3381289004404,0.90912235
16.41,257.2902090110375,0.8993069
16.42,255.68062785357168,0.8759337
16.43,253.64838089918737,0.8940335
16.44,251.54898877300607,0.88937205
16.45,248.73549201359634,0.8941376
16.46,247.3945362676393,0.8686562
16.47,246.33568564069054,0.8899369
16.48,246.4240386837804,0.9074093
16.49,247.46899369279927,0.93168753
16.5,248.99549904077023,0.90251625
16.51,250.83776443589875,0.9257451
16.52,254.67925424199163,0.8766373
16.53,259.6763132316221,0.8584317
16.54,263.9638516249668,0.86146903
16.55,266.942478178187,0.89550066
16.56,269.3143151565071,0.94823444
16.57,269.43995658023795,0.96041965
16.58,268.21807282926176,0.9569372
16.59,266.27721024800917,0.9418345
16.6,263.6487821854168,0.89822215
16.61,259.68646338181395,0.85146564
16.62,254.7687045247831,0.8364065
16.63,251.17972986683384,0.8951716
16.64,248.797805814103,0.9023949
16.65,247.18308984870274,0.9009368
16.66,245.74371836891518,0.8814345
16.67,246.2671623564029,0.8652353
16.68,247.2447778803702,0.83939606
16.69,249.80495452352469,0.72332054
16.7,253.86000161879036,0.5831004
16.71,259.65907131959267,0.63069004
16.72,265.4371495593172,0.83833265
16.73,267.88733639381115,0.9119429
16.74,267.5808873638622,0.92283195
16.75,266.7477596067656,0.9324617
16.76,264.4327875042387,0.8945627
16.77,259.38403492190474,0.90152836
16.78,253.5519331639034,0.87696594
16.79,247.9606379488699,0.8803626
16.8,245.51501778614994,0.9299098
16.81,243.6449319574512,0.9224522
16.82,242.59888566330642,0.96451855
16.83,242.0097205216936,0.9636447
16.84,243.52721169328817,0.916453
16.85,246.17718143334872,0.8555413
16.86,249.31429355086829,0.76877284
16.87,252.4600563167806,0.8253309
16.88,255.35390913804736,0.86335725
16.89,257.37390829111916,0.7470368
16.9,261.4314385217728,0.5617983
16.91,263.2874177156667,0.82308394
16.92,263.30534260345996,0.9133432
16.93,262.9377947068903,0.9383773
16.94,261.4624913225583,0.92793113
16.95,258.08309495535104,0.89363366
16.96,254.09749032638138,0.9174159
16.97,250.6812859555552,0.87848043
16.98,248.1351466294875,0.8193745
16.99,245.30669709908213,0.8153245
17.0,242.85797699982479,0.9015172
17.01,243.49017504833827,0.894485
17.02,246.1434907772366,0.8341191
17.03,249.80399821908978,0.8031302
17.04,252.92848050092869,0.8969045
17.05,256.1559858453289,0.85894084
17.06,260.9918124072041,0.7922428
17.07,265.11643821275254,0.91944844
17.08,267.16339070579755,0.9111074
17.09,267.23158467609426,0.9366918
17.1,266.3959323532211,0.9483483
17.11,264.34388827020234,0.92560416
17.12,261.39453748919215,0.92831784
17.13,257.3920011740489,0.8639797
17.14,250.50152636465046,0.8534334
17.15,246.88922165849849,0.89831215
17.16,245.464172728312,0.938802
17.17,245.4197801760468,0.94614816
17.18,247.3768467049315,0.90288734
17.19,251.13177883242247,0.8929011
17.2,255.66688439556057,0.7772019
17.21,264.73474966610195,0.7647676
17.22,271.1976339703524,0.93631136
17.23,274.3997367327209,0.9470128
17.24,275.3393374291793,0.95290405
17.25,275.4484471575865,0.9454613
17.26,273.3734064553117,0.91785777
17.27,268.95795322729083,0.9069108
17.28,263.6382379488965,0.8731586
17.29,259.1098233427649,0.82129383
17.3,252.915804407796,0.8054335
17.31,250.6839162831808,0.7360962
17.32,252.238070032536,0.61575943
17.33,250.33308136148733,0.7638634
17.34,248.8636791296976,0.84515035
17.35,249.71369182421026,0.9190071
17.36,253.03393362286295,0.9171912
17.37,257.60090871395266,0.8723274
17.38,262.49539631586146,0.86108583
17.39,267.43181539321535,0.9050279
17.4,269.2855870661722,0.955384
17.41,269.6968575270786,0.95519525
17.42,269.12588151773167,0.95731515
17.43,267.5813095729182,0.9331515
17.44,264.71893080746827,0.91186935
17.45,260.3493671553731,0.8134312
17.46,253.69245192656334,0.81801355
17.47,247.86658175798297,0.7629029
17.48,242.99049471146816,0.8339641
17.49,240.38369241314933,0.8276301
17.5,242.47926202713913,0.8332937
17.51,247.1386754867311,0.7758112
17.52,251.7637086701581,0.817927
17.53,256.25884654722324,0.82258
17.54,262.9795642698827,0.70801413
17.55,265.618651238046,0.877283
17.56,265.96182599027406,0.84596694
17.57,264.31234294884246,0.7466715
17.58,262.2717296815342,0.7467708
17.59,264.0567208524379,0.63412756
17.6,274.35426324686193,0.5529795
17.61,285.9412033983636,0.5669679
17.62,288.11413260855267,0.7160165
17.63,291.1231177055495,0.78550345
17.64,294.1943771420005,0.8236928
17.65,298.58313393493404,0.8393675
17.66,305.09299271882776,0.77991605
17.67,312.21059441777004,0.8953861
17.68,316.1191285078806,0.89440393
17.69,320.5346681138312,0.9212232
17.7,322.02668797804955,0.9260375
17.71,321.3261888313008,0.89095294
17.72,317.05551329024956,0.80367273
17.73,312.54340500085823,0.85098416
17.74,308.55100804306494,0.89302963
17.75,310.5679862946658,0.7677685
17.76,312.695672295938,0.7766665
17.77,309.52647861992466,0.6396533
17.78,297.4366693050372,0.4254967
17.79,291.77701381490374,0.7902151
17.8,294.9546319765633,0.7907005
17.81,299.51161617632926,0.55855685
17.82,310.4495363167851,0.20489779
17.83,349.1889629519994,0.2922126
17.84,383.3286245964729,0.3208414
17.85,418.2059586376547,0.47939038
17.86,415.30024946925386,0.48442784
17.87,416.1240785624407,0.58980304
17.88,408.9917117139739,0.49382272
17.89,380.61642293108355,0.40506667
17.9,357.99674693198165,0.4052443
17.91,332.37727651754136,0.37424055
17.92,307.9103887132288,0.35019404
17.93,300.0290610803568,0.8426765
17.94,302.63495890906006,0.77249086
17.95,313.3022759789201,0.50411606
17.96,323.499133368269,0.5140793
17.97,329.81335308087205,0.3680848
17.98,343.84295449493754,0.19365327
17.99,343.14597570570953,0.36693487
18.0,336.5468784521129,0.6160684
18.01,324.0605354081907,0.64109397
18.02,322.74915803905685,0.5208515
18.03,323.09444461514687,0.22077525
18.04,305.86438727099437,0.48434928
18.05,298.49860577763803,0.4258456
18.06,291.85778837935106,0.6844566
18.07,291.6991447535866,0.8798454
18.08,293.3740949248994,0.886531
18.09,296.6895233450121,0.8918876
18.1,301.8484372691245,0.94329345
18.11,306.4184054759826,0.9474054
18.12,309.827812581814,0.9543859
18.13,310.41033358577704,0.9432516
18.14,307.85625059090273,0.9511622
18.15,303.22552524145556,0.9244299
18.16,298.15330379142677,0.9109875
18.17,290.32847076427095,0.7547581
18.18,283.56943316054725,0.8876423
18.19,278.0132347072922,0.915439
18.2,275.7103363891275,0.9283458
18.21,273.9542328926945,0.93596274
18.22,272.8518510120549,0.95725995
18.23,273.26513159244064,0.9388868
18.24,274.3327789283403,0.9589805
18.25,276.64605072757956,0.93406165
18.26,279.2284384318335,0.9295935
18.27,281.0908489175856,0.94484204
18.28,281.72544151035635,0.9529011
18.29,280.8581174661919,0.9419229
18.3,278.50461883698694,0.9235469
18.31,275.50377807502514,0.91626126
18.32,271.4048555164993,0.9045641
18.33,265.4464513435825,0.8643809
18.34,258.6223733431489,0.8636503
18.35,252.20617626449908,0.83101815
18.36,246.86317492675528,0.8790158
18.37,245.18940868412474,0.9479728
18.38,245.38019583692744,0.9452809
18.39,247.2503953121174,0.90814126
18.4,249.90524429730925,0.89546853
18.41,253.53086352587894,0.9098445
18.42,256.2779237509235,0.9309126
18.43,258.44574287732365,0.904596
18.44,260.56412536996413,0.9154518
18.45,261.2895889897106,0.93293124
18.46,260.3741080008269,0.94234794
18.47,259.0315318812491,0.9491828
18.48,257.32491600935793,0.9501064
18.49,254.70178405851908,0.92345774
18.5,251.6788786857973,0.8713443
18.51,247.3847814859962,0.88096046
18.52,245.10261867662567,0.93236125
18.53,243.24304068657608,0.9193778
18.54,242.2658119800388,0.94699866
18.55,242.60281329497744,0.94301045
18.56,244.24181067771212,0.9219357
18.57,246.39877694446085,0.912489
18.58,249.35194996937076,0.9096685
18.59,253.69035147858736,0.93782747
18.6,257.11752987850673,0.9370244
18.61,260.43526646375676,0.92738044
18.62,262.9029949058949,0.95140874
18.63,263.5952341838794,0.9383692
18.64,263.0385763978809,0.9455488
18.65,261.26169810374597,0.9076596
18.66,257.18826312411363,0.8913705
18.67,252.04623663761342,0.89120793
18.68,248.07031752671466,0.91252214
18.69,246.19509158316384,0.9176747
18.7,244.95374637560914,0.9504319
18.71,244.70919725305183,0.9483087
18.72,245.9074481175914,0.9328529
18.73,247.8934421727535,0.9284592
18.74,250.47157467446885,0.94426167
18.75,253.11206824625862,0.942692
18.76,255.9629625739787,0.94115734
18.77,259.019211482914,0.9426216
18.78,261.49860705903893,0.9396643
18.79,261.9622435688648,0.9493281
18.8,261.35293848260477,0.93621486
18.81,260.1283899007966,0.9053674
18.82,256.30331827261966,0.80297625
18.83,250.91703559704345,0.8060349
18.84,247.0555779776492,0.824343
18.85,244.46316492090259,0.83570844
18.86,244.1645129246932,0.77619
18.87,244.33214649807326,0.81862617
18.88,245.254829387483,0.82800287
18.89,247.9039969246897,0.76202023
18.9,251.74093642906132,0.7738769
18.91,254.37367562354956,0.75723225
18.92,257.41153787816864,0.751995
18.93,259.63024266857184,0.79792744
18.94,260.62247698616835,0.8564015
18.95,260.2910562493347,0.82259274
18.96,260.00496023068615,0.874398
18.97,258.52012720002966,0.83036613
18.98,256.01966532514274,0.75277954
18.99,250.27349352279117,0.77498776
19.0,246.86959186535364,0.76749766
19.01,244.4837221004085,0.83351904
19.02,244.16634630815238,0.8416737
19.03,244.2689071463531,0.8753904
19.04,244.84085275830037,0.90950495
19.05,245.66695333652484,0.9106259
19.06,246.50961787910956,0.8784963
19.07,248.33674622030188,0.87558365
19.08,250.96829632798762,0.85061467
19.09,253.41821143581507,0.8556111
19.1,255.1846547607985,0.84436077
19.11,256.70933803085285,0.83291245
19.12,256.72078230175873,0.8093394
19.13,255.78827166226745,0.7793276
19.14,253.700172944765,0.8118545
19.15,251.81307216552563,0.76019436
19.16,249.87376776526798,0.8094596
19.17,246.86112850797485,0.83238995
19.18,243.77465782505976,0.8506108
19.19,241.55139549371754,0.9130559
19.2,240.1891567583377,0.8995686
19.21,240.2665981477365,0.8951678
19.22,241.64039359343033,0.9029511
19.23,244.10354155106359,0.85129386
19.24,247.38611519953835,0.86197543
19.25,249.6100177094307,0.8619683
19.26,250.03675267962666,0.8296359
19.27,249.0348518800431,0.75718224
19.28,245.9307476414057,0.61724484
19.29,242.99688125711103,0.51951796
19.3,241.2159254356971,0.59167063
19.31,242.2805803168157,0.2530172
19.32,256.0839509508606,0.120330475
19.33,266.16245800317876,0.092343174
19.34,258.8518194789507,0.14517413
19.35,255.61765550729558,0.1549322
19.36,252.9809824391303,0.52148527
19.37,250.43199070312596,0.64069
19.38,247.20893621255942,0.5530683
19.39,238.52861502859122,0.23521988
19.4,240.25853437376585,0.07577482
19.41,246.09405642268598,0.038476873
19.42,250.1417139545611,0.34590733
19.43,255.7822598958624,0.044360615
19.44,258.71590611528563,0.06791749
19.45,255.26542154820905,0.79028124
19.46,253.10582139440805,0.85097754
19.47,250.29980747033747,0.9180732
19.48,248.3952038885349,0.91145736
19.49,247.82194400396068,0.9360226
19.5,248.23856258769655,0.92672235
19.51,249.51069752870706,0.9101713
19.52,252.13455984941982,0.9049779
19.53,254.6908299797677,0.9335175
19.54,257.11445858211005,0.92863655
19.55,259.7889925150737,0.8866296
19.56,263.3471429252047,0.86778116
19.57,267.86428051198874,0.7318611
19.58,272.4014141709527,0.5025155
19.59,289.93567826471235,0.28681156
19.6,269.42976301976495,0.09768702
19.61,265.6449766542398,0.08988738
19.62,263.90916415026857,0.1016237
19.63,261.85851460181476,0.115044884
19.64,260.77495062310413,0.13356186
19.65,258.64257500684823,0.19196878
19.66,255.91781915220392,0.29662818
19.67,252.42216405317527,0.29561797
19.68,247.42232962776225,0.2346043
19.69,253.95295891244922,0.20217535
19.7,254.69930798120453,0.39853066
19.71,253.12840418942844,0.11960304
19.72,258.4476364848719,0.16050926
19.73,256.98102527967353,0.3461409
19.74,252.95422489627714,0.4467883
19.75,250.91288573557512,0.6239802
19.76,253.3002112014114,0.66365016
19.77,252.72006861204852,0.66714394
19.78,250.69586712496556,0.7077082
19.79,249.16128094982105,0.73735607
19.8,250.22216531403373,0.68567985
19.81,251.08317195605267,0.88799375
19.82,252.78097149318344,0.8085838
19.83,253.218600557279,0.7252315
19.84,253.3330536619215,0.6670962
19.85,252.38224113993286,0.6223944
19.86,254.16927164717262,0.57519674
19.87,256.16592331546246,0.6257194
19.88,256.300284602045,0.6931325
19.89,267.4067360321287,0.53656524
19.9,305.9387986964207,0.32393414
19.91,329.64323654602447,0.09886507
19.92,348.8765697547398,0.07649763
19.93,388.44489235324306,0.060708843
19.94,414.83216443644784,0.08046903
19.95,455.1021556406821,0.31520796
19.96,491.02719668058995,0.50118154
19.97,525.1034662303913,0.3593188
19.98,566.0219602205824,0.6603018
19.99,622.0489087715064,0.17977837
20.0,653.899169535677,0.07958256
20.01,661.1934369088183,0.10707136
20.02,663.5706291427728,0.13262473
20.03,661.4614393909807,0.6495366
20.04,657.4132250282917,0.100494415
20.05,647.4760620889073,0.07161063
20.06,657.6778410724892,0.059213415
20.07,646.5114636706284,0.16568372
20.08,661.0781863975669,0.14655508
20.09,658.6548451100838,0.15738031
20.1,661.7334147181539,0.036729984
20.11,660.2913362414531,0.063886486
20.12,588.3381866705597,0.07591981
20.13,514.875018106309,0.09197586
20.14,466.70869470919115,0.12788051
20.15,406.7054466381297,0.29466724
20.16,371.9547626902078,0.10012976
20.17,328.428783004524,0.17833509
20.18,324.7196090809722,0.12325009
20.19,319.39822910719334,0.17167822
20.2,321.9756496505414,0.16071305
20.21,321.5725354118955,0.021865908
20.22,321.1391456432742,0.042236246
20.23,322.2238104950362,0.072082475
20.24,325.67324585526734,0.07695387
20.25,323.8191890760305,0.22374853
20.26,320.76944822610585,0.050821103
20.27,317.6866484999767,0.2795523
20.28,321.0895501571978,0.5367523
20.29,323.8170230291859,0.71402603
20.3,324.119228160327,0.53518385
20.31,323.78478666458506,0.2962317
20.32,324.3162067435967,0.17816906
20.33,331.6753880460127,0.13805701
20.34,332.7499321806644,0.19487762
20.35,323.1506651160107,0.22379026
20.36,319.67233479792225,0.029361665
20.37,321.36533024184894,0.28197446
20.38,323.56526837849196,0.39136595
20.39,323.34097638952096,0.39843518
20.4,323.3586055806519,0.5778385
20.41,323.594871898057,0.571595
20.42,323.7179959742178,0.46024966
20.43,321.9640640855795,0.2553094
20.44,323.94102143282964,0.16418368
20.45,335.5131529743686,0.051169537
20.46,338.250469144703,0.07122695
20.47,339.1478899354764,0.1752786
20.48,341.69745483723295,0.14877732
20.49,340.5598162199223,0.14163202
20.5,339.67731080509765,0.22449194
20.51,341.1203963764882,0.31877112
20.52,338.52356136355405,0.10975338
20.53,337.1449190932061,0.049782265
20.54,338.5863446900703,0.05382604
20.55,340.3169530375083,0.09096753
20.56,343.69368310427285,0.066902824
20.57,343.6797418175331,0.14019454
20.58,340.31594520584184,0.41092008
20.59,337.9198362413849,0.5639768
20.6,337.2540368217699,0.6717548
20.61,335.51476978653767,0.66806495
20.62,333.01333125491317,0.56513774
20.63,328.1406246071345,0.4227674
20.64,327.1524463214074,0.5220396
20.65,327.64804787083665,0.37310308
20.66,328.6427493032628,0.57756555
20.67,329.7406086430469,0.67883956
20.68,328.0368274952283,0.5087254
20.69,327.0243427333787,0.48098448
20.7,324.45826452831454,0.47290125
20.71,323.21577639985173,0.31869355
20.72,323.80969671084875,0.2511267
20.73,333.68413364527845,0.19729188
20.74,332.39383420713284,0.06400348
20.75,333.1906305668026,0.041941807
20.76,328.46616390975544,0.044214506
20.77,329.41266518216815,0.031387776
20.78,332.6854568799047,0.10459052
20.79,333.3755271948272,0.105122805
20.8,333.49830743212385,0.3331852
20.81,331.217758051981,0.24498232
20.82,324.4740498465186,0.22352062
20.83,323.79526350692606,0.16795658
20.84,324.5416496249766,0.116912626
20.85,324.8234185188988,0.1893105
20.86,324.741893141123,0.024597013
20.87,318.7674734063939,0.10107801
20.88,313.4354062330208,0.021968992
20.89,304.3133525743718,0.13740373
20.9,302.14106350909094,0.12491884
20.91,304.34491983428063,0.042716086
20.92,304.46812179460863,0.3032964
20.93,296.82060596471285,0.2697206
20.94,292.93582491940634,0.06782554
20.95,286.59000804574475,0.1619612
20.96,284.85162680435445,0.053964805
20.97,281.76474227343067,0.018652545
20.98,279.0962661974212,0.032141764
20.99,272.3029853469604,0.030502858
21.0,272.0321839891747,0.02989341
21.01,272.6119761002628,0.28182465
21.02,268.00805843278977,0.42266345
21.03,265.3151874114743,0.17336166
21.04,265.79085597147593,0.37058827
21.05,249.05041763485292,0.19315659
21.06,249.88808630126317,0.50462824
21.07,261.5488650130122,0.69132495
21.08,267.38631476380857,0.82886094
21.09,275.99102005516727,0.8456322
21.1,284.4560344102302,0.8910257
21.11,292.6333813743689,0.8822626
21.12,298.7213661016935,0.9445018
21.13,302.91378942149834,0.93205637
21.14,307.0975690696059,0.9401621
21.15,310.5859258779719,0.9217774
21.16,313.2198901239994,0.93209934
21.17,317.18234624544726,0.9048093
21.18,321.58143707251315,0.89764065
21.19,324.6354000984421,0.9354535
21.2,326.4109380088763,0.965032
21.21,327.4237332446039,0.9678298
21.22,327.6447714230525,0.96987027
21.23,327.10466670943225,0.97024745
21.24,324.944757685647,0.9330098
21.25,320.814597305806,0.90405494
21.26,316.9041884048236,0.9084715
21.27,313.58074303796286,0.8865754
21.28,310.9588121592528,0.8496022
21.29,309.4325861331025,0.83289516
21.3,308.583551185439,0.7765867
21.31,308.96543202972043,0.7897089
21.32,310.5064829632662,0.85800457
21.33,312.36459391259206,0.9037266
21.34,315.88989872097636,0.91919947
21.35,319.7660769569967,0.92812026
21.36,325.28430397947494,0.8916832
21.37,329.3994859184529,0.944498
21.38,331.9263714862705,0.9518487
21.39,333.50248900166827,0.9414933
21.4,335.28651799501057,0.95163715
21.41,337.5119660721419,0.9376054
21.42,336.74452676363603,0.94573116
21.43,332.8243098544735,0.933156
21.44,330.14943988021713,0.9519623
21.45,330.7082826757776,0.951028
21.46,333.7581218273108,0.901707
21.47,338.534098023723,0.917745
21.48,339.4845155323282,0.90508157
21.49,336.1757609155498,0.88833624
21.5,335.6493320775704,0.9032211
21.51,335.9131988136294,0.87731683
21.52,335.88844893440586,0.90008765
21.53,334.2572477565104,0.9183004
21.54,334.41530209649494,0.9384761
21.55,335.5346501793399,0.93611336
21.56,337.37904488755214,0.9278192
21.57,338.584246882231,0.9368081
21.58,339.4023538201627,0.93518275
21.59,340.25106200969645,0.9261966
21.6,340.26257019162495,0.91708314
21.61,340.3680436650393,0.9065734
21.62,339.5305181976273,0.93006706
21.63,338.778670454048,0.9469189
21.64,338.57807097318187,0.9465936
21.65,338.74637473065116,0.93291587
21.66,339.5008710595654,0.9230056
21.67,340.6318799428866,0.9161907
21.68,340.8041895025964,0.9253248
21.69,340.19565047660205,0.92601305
21.7,339.8619850999946,0.91550213
21.71,340.1186881029921,0.89514166
21.72,340.8316825610098,0.8906055
21.73,341.82794640418933,0.9026423
21.74,341.85408178023755,0.89808196
21.75,341.60659971480857,0.89733607
21.76,340.4143547087559,0.8600427
21.77,337.6865222623482,0.8422301
21.78,334.9985371696781,0.90830815
21.79,333.7641646397966,0.90524787
21.8,336.07251854910055,0.88798726
21.81,338.2428053296036,0.93169403
21.82,339.2781809283887,0.9262858
21.83,340.28376241041093,0.8806274
21.84,342.43262327183027,0.8852065
21.85,345.333374937041,0.9103432
21.86,347.0860168404254,0.943439
21.87,347.89796130000775,0.9307971
21.88,346.3586894771435,0.92702967
21.89,343.54475504862586,0.90619165
21.9,341.08681396621506,0.88909805
21.91,341.0419542386163,0.88748044
21.92,341.0950849859967,0.87877786
21.93,340.5614419605555,0.8427677
21.94,340.70464453523005,0.8268684
21.95,341.2922568155437,0.8779718
21.96,341.968038096748,0.8973178
21.97,342.10835902921445,0.87817466
21.98,341.71051729886653,0.88449687
21.99,341.3453715296431,0.86902267
22.0,341.7810645407227,0.89275044
22.01,342.09445825317295,0.8926998
22.02,341.47812698440134,0.87776256
22.03,339.9301335958691,0.8878398
22.04,339.27889283931955,0.9092645
22.05,340.5663483384701,0.89372754
22.06,340.89871358151703,0.91524935
22.07,340.26842680108246,0.8940331
22.08,340.01121000861883,0.900222
22.09,340.5879166944647,0.89420474
22.1,340.9880476690708,0.9201193
22.11,340.78382138044896,0.90676147
22.12,340.43808381470376,0.8843302
22.13,340.2019788079157,0.89669514
22.14,339.78426299155495,0.92155135
22.15,339.3831276106298,0.93409264
22.16,339.2186909492781,0.9370986
22.17,339.85759244788983,0.9299817
22.18,339.79104861735016,0.9290098
22.19,339.3921366281873,0.9390123
22.2,338.66063565584136,0.9520133
22.21,339.30818661910814,0.94468176
22.22,339.8589804175362,0.93936926
22.23,338.68295557213975,0.9462762
22.24,337.6792114590415,0.94937915
22.25,338.01719041879676,0.9598098
22.26,338.7250765339994,0.96181256
22.27,339.2317439748587,0.95968986
22.28,338.7670410322573,0.9515294
22.29,338.309523904797,0.94839257
22.3,338.5606227282128,0.9403858
22.31,338.8611011895214,0.92842567
22.32,337.5316715291252,0.9220412
22.33,337.1302011819751,0.9146087
22.34,338.213329337438,0.9448129
22.35,338.5220940610368,0.9483963
22.36,337.28072409500214,0.90765095
22.37,335.3680524702602,0.91272956
22.38,334.3595189160517,0.9065728
22.39,336.60385990165435,0.9040019
22.4,338.10546896824746,0.94523394
22.41,339.226247199909,0.9341116
22.42,339.5344832186255,0.93123525
22.43,339.6674718560453,0.92823416
22.44,339.6955044597643,0.92555606
22.45,338.31191759688835,0.9380209
22.46,338.36882640426427,0.9485814
22.47,338.4393573730554,0.95420915
22.48,338.02064895129524,0.9477307
22.49,336.0751174600316,0.93294305
22.5,334.5598852689575,0.94847995
22.51,333.22576068478634,0.8907154
22.52,331.459277851803,0.89406645
22.53,328.62326351970796,0.8119105
22.54,326.7598430237734,0.7912748
22.55,329.79298828243435,0.6922396
22.56,334.3738388916119,0.5750376
22.57,334.7034894831528,0.40424588
22.58,335.9490064429182,0.18328586
22.59,336.0568346777225,0.27594063
22.6,336.71966590339935,0.42331314
22.61,335.39105304310004,0.35934928
22.62,342.96044782933103,0.23024623
22.63,346.02043984555905,0.18027183
22.64,343.49288604077253,0.114853986
22.65,332.7011302759228,0.06826629
22.66,323.3128853256796,0.08503046
22.67,292.9154418146472,0.27748823
22.68,296.4686614249418,0.6236984
22.69,298.76505193144317,0.8216296
22.7,300.9175766237388,0.9270951
22.71,302.4523706052197,0.95963925
22.72,304.3538309740684,0.9297156
22.73,309.39540823878883,0.7228127
22.74,326.88223658507536,0.72760004
22.75,332.94937185861954,0.91168064
22.76,336.1480847857656,0.93314564
22.77,338.72637818409623,0.93131477
22.78,339.23853603934197,0.93825483
22.79,339.40881827198484,0.9551138
22.8,338.6840723862574,0.964359
22.81,338.1516045278337,0.959367
22.82,337.44253860255935,0.9327504
22.83,337.64963205327314,0.940109
22.84,337.70522439884314,0.9398154
22.85,337.53625897399684,0.91176677
22.86,336.44250131568526,0.85132766
22.87,333.75048399699693,0.88120794
22.88,332.96918129386177,0.9145455
22.89,334.84275987164125,0.94136363
22.9,337.8939624097559,0.934062
22.91,341.30603809510706,0.8991466
22.92,344.0102173862531,0.88784313
22.93,344.8805198917163,0.9038222
22.94,344.2522746158323,0.8960412
22.95,343.30595555855547,0.917252
22.96,341.9284321374366,0.91800773
22.97,341.3583091170059,0.91469216
22.98,341.7123230403737,0.9423639
22.99,341.78413269030443,0.9346352
23.0,341.67018804212773,0.90814203
23.01,341.5350773924343,0.8767437
23.02,342.4305415886423,0.8847823
23.03,343.80110137350175,0.8899472
23.04,343.93399043743113,0.87400746
23.05,344.1096532320304,0.8848864
23.06,344.58702531180074,0.88151926
23.07,345.0543542492288,0.8807762
23.08,345.3719107781547,0.8511841
23.09,345.4862202109057,0.8712041
23.1,343.9440676624406,0.84728885
23.11,342.32631528023063,0.8414606
23.12,341.40780415419266,0.8440283
23.13,341.0523302870029,0.8553311
23.14,341.79661899084186,0.8126206
23.15,342.75842036457874,0.8211745
23.16,343.41443624181176,0.85413617
23.17,344.22549367956213,0.84216726
23.18,343.45742393202477,0.87220013
23.19,341.57142881661525,0.8263973
23.2,341.92261614517633,0.78636277
23.21,340.7393691767783,0.8461407
23.22,339.92368333420666,0.8958343
23.23,340.0128264144234,0.9061711
23.24,340.082734213982,0.87394845
23.25,338.7088123934318,0.8950919
23.26,336.79660139136934,0.8593146
23.27,337.25808047019717,0.8429439
23.28,336.58080153693584,0.8765707
23.29,334.55439231737046,0.88833123
23.3,332.36583725044704,0.87884593
23.31,331.2836352107747,0.91868216
23.32,330.98747945399083,0.93096817
23.33,329.4378729898616,0.9054458
23.34,327.90993976855236,0.91287625
23.35,327.6888358197393,0.9336821
23.36,326.8289144175478,0.92862207
23.37,324.0053148018711,0.9012174
23.38,321.28814156849785,0.8875948
23.39,322.558999397528,0.9312985
23.4,324.2451635678813,0.9059913
23.41,328.05135237125876,0.8798922
23.42,332.6187570522717,0.8585305
23.43,348.39219120908723,0.59777355
23.44,358.58341802759077,0.89250726
23.45,360.0427621885376,0.8517813
23.46,358.3385259992889,0.80922025
23.47,354.1551401330241,0.66047204
23.48,350.60239425739655,0.46437535
23.49,392.26137541427596,0.5512576
23.5,393.9247046179958,0.6934083
23.51,398.891990053961,0.4716961
23.52,403.46194819416206,0.32625785
23.53,402.94866801102637,0.4267034
23.54,401.5525373568695,0.4708566
23.55,400.1483060267345,0.46076685
23.56,400.6185876250575,0.45495245
23.57,401.1203352607628,0.060243994
23.58,394.8582389475146,0.034055065
23.59,377.6291902338759,0.15041377
23.6,368.24505376400907,0.44774356
23.61,358.25526155675414,0.09931348
23.62,342.1039851994975,0.009787836
23.63,326.63717615289283,0.04099703
23.64,322.2422239519126,0.041639566
23.65,326.7518364546933,0.22262694
23.66,327.51696039235367,0.44928503
23.67,330.6917422471227,0.40275478
23.68,331.53072591011824,0.23762599
23.69,329.6456156795873,0.14276493
23.7,326.23391280113356,0.079910755
23.71,331.1383175869651,0.2412625
23.72,331.35462823356426,0.2179301
23.73,330.381294615834,0.08760861
23.74,324.417757797086,0.04669453
23.75,322.7825482489504,0.11872206
23.76,325.48744303455135,0.06424175
23.77,333.58212626968566,0.15965475
23.78,333.818786690951,0.15395604
23.79,334.6300498766886,0.075659186
23.8,341.162567393461,0.1114112
23.81,344.84879476183016,0.18431371
23.82,343.44459622737077,0.14498909
23.83,341.1962851163506,0.41501284
23.84,337.1403456045413,0.37427357
23.85,333.38136865274294,0.61099744
23.86,334.2799461856293,0.63713187
23.87,338.16883412349205,0.35678914
23.88,337.60265106634677,0.12599395
23.89,332.9756673873285,0.0895278
23.9,335.61993449577466,0.2414873
23.91,339.2986740253149,0.34967485
23.92,341.32406798860296,0.26686284
23.93,339.41321922479034,0.5184878
23.94,332.1487744586131,0.36904192
23.95,331.56366857211657,0.24442513
23.96,335.02015561061506,0.12649952
23.97,334.1437864461139,0.09672244
23.98,330.73253145311895,0.17007549
23.99,332.0666164156549,0.19637145
24.0,336.0002911174951,0.10235802
24.01,335.7141613503614,0.17525247
24.02,331.0710660259658,0.07393606
24.03,330.767414864354,0.07375081
24.04,333.25788535709484,0.13670094
24.05,336.6457916814233,0.056096166
24.06,347.7078991154776,0.034471184
24.07,353.16500624796913,0.12886116
24.08,351.7331286559692,0.1610334
24.09,346.87657271099783,0.09601034
24.1,347.15166599833395,0.090277724
24.11,345.7222662987238,0.04354942
24.12,347.31573530515413,0.12954687
24.13,342.4499663044902,0.060632974
24.14,340.7265389288739,0.055054475
24.15,341.03107001199413,0.03022711
24.16,334.61655866956755,0.05933495
24.17,329.26007689380924,0.22706988
24.18,329.7965025021931,0.46214998
24.19,328.4006107411074,0.12875968
24.2,328.94991193894725,0.08996646
24.21,331.28887236800676,0.10306356
24.22,335.51832352825284,0.10818702
24.23,342.7897070802143,0.07817494
24.24,346.74109518074766,0.01988346
24.25,347.4488835801457,0.04860929
24.26,350.37646431804023,0.08002666
24.27,352.8547619401081,0.07621838
24.28,352.528479216254,0.253289
24.29,353.1754181324854,0.33285928
24.3,350.9369660680487,0.44541898
24.31,350.21803231748584,0.45336887
24.32,349.77053150283433,0.26825878
24.33,352.0696429924802,0.15617482
24.34,349.4796653158729,0.1873708
24.35,345.7393726701229,0.21905313
24.36,346.23872528067056,0.19995952
24.37,344.6085730084667,0.14736257
24.38,338.83936051425815,0.18458702
24.39,328.622740014898,0.18867908
24.4,325.0429529492693,0.14784758
24.41,326.19577016906067,0.1513274
24.42,321.0099627230817,0.09453428
24.43,319.06778800804256,0.17197521
24.44,331.2302685772644,0.22579086
24.45,335.6314122907237,0.5116453
24.46,337.24443324655965,0.4399466
24.47,338.1936189818201,0.28693628
24.48,344.0578313794611,0.2432683
24.49,345.535843867348,0.2420858
24.5,340.79630766989703,0.27349776
24.51,332.1765492704383,0.37504908
24.52,332.8164910090951,0.2510074
24.53,349.68667152288725,0.19379124
24.54,349.5441961812336,0.28288776
24.55,342.59351844321736,0.26707146
24.56,337.52881779849326,0.19077769
24.57,324.16260926353283,0.07138919
24.58,320.5790747210841,0.13447806
24.59,322.7439817921413,0.119069606
24.6,323.76018752629886,0.19630279
24.61,318.44827308788757,0.30034477
24.62,323.1310272424829,0.48028022
24.63,326.8096784592168,0.40852332
24.64,331.8873285411041,0.3715776
24.65,331.7736542213475,0.2829889
24.66,341.72268805700776,0.34932056
24.67,333.33994184061333,0.30233893
24.68,336.4477298145662,0.26271233
24.69,336.3908810765551,0.16251013
24.7,335.03537080352237,0.21328035
24.71,332.1440493674151,0.09394295
24.72,301.30932761756463,0.1086576
24.73,288.3712584186637,0.06290916
24.74,290.498597696125,0.24639116
24.75,295.0239216105948,0.3873803
24.76,307.50190056055783,0.29599947
24.77,313.27035759290806,0.27027285
24.78,321.343974322827,0.14235133
24.79,328.3700998108987,0.09038908
24.8,327.5094876794625,0.12573507
24.81,339.63932606558217,0.08264639
24.82,345.9408864832375,0.14024891
24.83,334.3505159010195,0.06660229
24.84,319.58446188638834,0.2608356
24.85,298.822435618547,0.1986189
24.86,298.1751710510267,0.3390701
24.87,296.38993925246916,0.6031948
24.88,294.4347645226413,0.6443025
24.89,292.778676503867,0.40935054
24.9,270.15231013770074,0.42236066
24.91,302.21666164359135,0.31306195
24.92,303.4372059852857,0.1839384
24.93,301.2188023870998,0.20494546
24.94,300.05427985084026,0.062009078
24.95,291.25942263991215,0.061539587
24.96,280.95533394616547,0.2016198
24.97,319.12030758772755,0.37993184
24.98,313.5158453795002,0.42176268
24.99,308.20606176850055,0.5297895
25.0,308.9708866168996,0.451676
25.01,321.87215736657004,0.45573115
25.02,320.871700041736,0.42902085
25.03,298.8333922796277,0.50049967
25.04,296.89235207134055,0.5409566
25.05,298.5763340881752,0.42340577
25.06,298.6505379552861,0.2543227
25.07,333.01095239065,0.07173397
25.08,328.4303635781363,0.14165352
25.09,330.91340360597553,0.25692156
25.1,335.16684635964157,0.35271874
25.11,330.1083004234723,0.32570216
25.12,308.64723098450827,0.2840328
25.13,331.41493405385603,0.3712351
25.14,336.663944835915,0.43233982
25.15,336.23343423233905,0.4454558
25.16,338.5055307724122,0.25332734
25.17,345.40063588873244,0.433543
25.18,350.41549754452063,0.3698634
25.19,357.86825573866827,0.12198974
25.2,354.4606738777424,0.046794247
25.21,349.2943103876213,0.060320828
25.22,340.1109057438298,0.019103613
25.23,330.97181174560427,0.015391117
25.24,316.36035683423796,0.017727884
25.25,301.05982183282805,0.016804261
25.26,294.29526660993804,0.0077484725
25.27,290.0622947762503,0.0044716517
25.28,280.4467498335028,0.06057348
25.29,269.57383455257263,0.14079475
25.3,261.48953167536087,0.41231182
25.31,263.46726272564564,0.49647704
25.32,290.5231851951724,0.42441323
25.33,292.60358892922034,0.78149784
25.34,296.7323717871881,0.83355165
25.35,306.1028371171817,0.8190749
25.36,313.9496671463441,0.8732312
25.37,320.8025389793283,0.88080734
25.38,324.5052749621709,0.92414993
25.39,325.4772639865446,0.9420854
25.4,325.3327796043419,0.93215686
25.41,324.34090278863926,0.938952
25.42,323.0033915282658,0.95315474
25.43,322.0049239345081,0.9452624
25.44,321.8308386375429,0.939257
25.45,321.29191644057767,0.91641206
25.46,319.6568084444605,0.9207011
25.47,318.3105448294484,0.91850823
25.48,318.1265101084502,0.9155783
25.49,318.11656655633135,0.9140112
25.5,318.37357709263335,0.9195523
25.51,318.6723452008975,0.9187348
25.52,319.3445007371019,0.89647
25.53,320.89871542339165,0.8692687
25.54,321.03473300024564,0.869196
25.55,317.4158141977437,0.7933446
25.56,310.43906106380626,0.60973644
25.57,305.1197859234661,0.49939194
25.58,303.93163101038675,0.2862122
25.59,310.01418947983353,0.54601413
25.6,312.8316469849269,0.80006206
25.61,315.3723343465969,0.84136844
25.62,319.8832093668381,0.8643363
25.63,324.8764302317914,0.87431353
25.64,328.1225251691536,0.85346156
25.65,331.124438963236,0.9084874
25.66,334.361400300961,0.9111029
25.67,336.94525658668465,0.90856284
25.68,339.05309036597725,0.90579456
25.69,340.29169086924685,0.8987264
25.7,339.2039925162225,0.9019238
25.71,336.35530717078836,0.8736955
25.72,334.4598323000456,0.88642824
25.73,332.1295182520297,0.8419294
25.74,328.87224983146245,0.7130826
25.75,323.2130344717507,0.7167337
25.76,313.3359811624236,0.5884554
25.77,306.48111266555554,0.42931116
25.78,302.02916356960225,0.34092122
25.79,265.70756543228345,0.26169872
25.8,258.69717475077084,0.5570987
25.81,246.82388168674743,0.549023
25.82,239.8315868989874,0.84735334
25.83,242.93325801674592,0.7563946
25.84,265.55895805468685,0.83103585
25.85,269.005775169897,0.9320746
25.86,275.81784630926694,0.8716741
25.87,286.7732936876379,0.63589734
25.88,302.4696989997631,0.8652429
25.89,309.985507080657,0.8820314
25.9,316.99792025232006,0.90591395
25.91,326.1216959799609,0.8660788
25.92,330.7900079498952,0.9652033
25.93,331.73760814596784,0.96589
25.94,332.71192768268185,0.9408163
25.95,334.43433497549444,0.9633948
25.96,335.06412793855765,0.9605733
25.97,334.02946335037933,0.95188314
25.98,333.73565247228873,0.93885696
25.99,334.7695833794653,0.9478375
26.0,335.6578062037813,0.9559264
26.01,335.97371154985643,0.9511831
26.02,335.88055530822896,0.9447575
26.03,335.71375540604726,0.95620626
26.04,336.34997678857883,0.9444854
26.05,336.21877043214914,0.9524951
26.06,335.52386538577616,0.96611905
26.07,335.63699110689987,0.96311903
26.08,336.3151840523518,0.9419968
26.09,336.2933073641783,0.9362169
26.1,336.38662610448785,0.9116101
26.11,336.9705650134221,0.92478174
26.12,337.2039327543014,0.9401966
26.13,336.7943542262507,0.92120886
26.14,337.76900396700336,0.9407451
26.15,338.8010136675711,0.9520624
26.16,338.9057424143871,0.9542934
26.17,337.345965018097,0.9386036
26.18,336.47001566950325,0.9188952
26.19,337.4342819483793,0.9265733
26.2,336.2511057092364,0.9139497
26.21,333.25310154465103,0.8754836
26.22,331.9957829703528,0.8938085
26.23,334.1304675054756,0.8194716
26.24,333.6903252192446,0.7702684
26.25,331.4425854765311,0.82829213
26.26,331.30503437841423,0.89584637
26.27,330.9023012722492,0.93277365
26.28,331.02453433123543,0.9490359
26.29,331.5107914212597,0.94509494
26.3,333.6211263152382,0.93374676
26.31,334.743264198592,0.93834674
26.32,335.4273912916639,0.93113375
26.33,336.59456381510546,0.89840704
26.34,340.41433085224236,0.8622346
26.35,342.5862668444395,0.8961259
26.36,342.15182080043286,0.9019519
26.37,340.5114469174149,0.8913948
26.38,339.9534343914404,0.91589546
26.39,338.8571999108303,0.93191594
26.4,337.5994688159611,0.93428576
26.41,338.01596828456525,0.92828745
26.42,338.18063169260574,0.89795184
26.43,338.2953432314684,0.7374207
26.44,338.6063628873746,0.6380495
26.45,338.38639254923487,0.66380537
26.46,337.3252562692926,0.74501354
26.47,337.43389012423154,0.8316421
26.48,338.40711861130603,0.87804496
26.49,338.83516015450147,0.83757
26.5,339.61971089758333,0.77842903
26.51,340.437527060007,0.7890703
26.52,340.4988018467403,0.7662549
26.53,341.05822756898215,0.6890238
26.54,341.0289604514958,0.6466618
26.55,341.01322254810236,0.6548105
26.56,341.0119774376451,0.657756
26.57,341.5787347073109,0.64770836
26.58,342.0682876180009,0.57297343
26.59,342.3884153473427,0.5642429
26.6,342.40958313675515,0.639596
26.61,342.2677731270434,0.6395333
26.62,342.0681040920514,0.77895844
26.63,342.50233423973265,0.70715404
26.64,342.858635190668,0.7356467
26.65,342.87535533682444,0.6516095
26.66,342.2339336226785,0.62120646
26.67,342.7079493980161,0.7192628
26.68,343.15142943755774,0.7597749
26.69,343.6549402273571,0.7724319
26.7,343.79237825487667,0.8015054
26.71,343.51715219753834,0.85658383
26.72,341.3739803167786,0.8638872
26.73,337.9211081380961,0.86980605
26.74,335.98962824675095,0.84174985
26.75,335.42567172493926,0.7107788
26.76,337.20101997840374,0.54098356
26.77,344.20578749251666,0.692375
26.78,345.12794407734964,0.88705504
26.79,343.34773197507025,0.8993537
26.8,341.4492893919592,0.8251785
26.81,340.1398174307607,0.7681054
26.82,337.7918318751833,0.79009074
26.83,334.7072603707596,0.7865634
26.84,334.707700508947,0.6977222
26.85,339.8486521530484,0.490134
26.86,344.59506249847067,0.5306727
26.87,345.49747704218794,0.60174936
26.88,347.0844163075287,0.7652994
26.89,349.77057360356895,0.81005186
26.9,351.372921927059,0.80794543
26.91,352.07064336519954,0.8164712
26.92,351.633750998596,0.8237596
26.93,349.92001143514494,0.82403135
26.94,347.49648420045247,0.83615476
26.95,345.9138124060963,0.861174
26.96,344.6235885369199,0.776467
26.97,343.3609929758026,0.73633116
26.98,343.0036302989478,0.7630067
26.99,343.7402066679059,0.76806927
27.0,343.99407341216977,0.7091668
27.01,343.91986265404205,0.695572
27.02,343.8233745120962,0.74291897
27.03,343.07165246159525,0.7558074
27.04,343.2907566325301,0.65195435
27.05,343.51903785162176,0.7540609
27.06,344.4229120871052,0.81778437
27.07,345.31753063958513,0.82585716
27.08,345.61559398058444,0.8743744
27.09,345.55635274184533,0.8715879
27.1,345.1479592971572,0.84268975
27.11,344.2133187168764,0.84099776
27.12,343.11484240719125,0.8629996
27.13,341.86992253975285,0.8677916
27.14,340.3436847938925,0.8557869
27.15,339.277431039117,0.90097684
27.16,338.5814517949909,0.8999992
27.17,338.1331884236988,0.8868179
27.18,338.2622845232637,0.8684352
27.19,339.3097870283517,0.8996492
27.2,339.5215928166052,0.90244365
27.21,339.78206278644114,0.86637264
27.22,341.1734617484927,0.84749746
27.23,343.3046048679742,0.83892757
27.24,344.9354751984039,0.8537106
27.25,345.9524311017012,0.90681976
27.26,347.0248495513446,0.9160623
27.27,347.5303657856497,0.9294069
27.28,348.4812842196155,0.9237157
27.29,349.57305922634373,0.9502084
27.3,350.5396524562311,0.94876134
27.31,350.5418260016409,0.9387834
27.32,350.0638073247536,0.93953085
27.33,349.62117867824196,0.9495009
27.34,349.8379833464164,0.9591091
27.35,349.22171240033026,0.9566254
27.36,348.6226539670542,0.9499027
27.37,348.0418154579379,0.93175167
27.38,347.44709899209806,0.9440696
27.39,347.04106204676737,0.94565964
27.4,347.21567446730705,0.9222352
27.41,348.0041083849168,0.9055992
27.42,349.48305463564816,0.9320373
27.43,350.1790964824642,0.9622441
27.44,351.1178632013477,0.9688016
27.45,351.53142496483014,0.9639928
27.46,351.7580964104751,0.95934325
27.47,352.07893763171063,0.95658046
27.48,351.0292929961577,0.9739337
27.49,349.75432545489775,0.97530794
27.5,348.70654283456366,0.9550088
27.51,347.1260497821876,0.96326125
27.52,344.8625366560766,0.94522816
27.53,343.0939261839429,0.95602566
27.54,342.5332968653079,0.96294945
27.55,342.9210222045157,0.9656187
27.56,343.44413757547943,0.96290433
27.57,343.8601172214661,0.95446783
27.58,343.9920077503342,0.9457026
27.59,344.6334859057794,0.94980246
27.6,345.6443038566782,0.9655983
27.61,346.6327040508437,0.96558374
27.62,347.2101494760848,0.95896417
27.63,347.16610916992715,0.958456
27.64,347.34208829624265,0.9616501
27.65,347.7845693907171,0.95277876
27.66,348.96933048276367,0.9669115
27.67,350.39366719652486,0.9748248
27.68,351.6038209297937,0.96682733
27.69,352.6472377765071,0.9539005
27.7,354.00460480069637,0.970991
27.71,356.33141767191574,0.941337
27.72,358.9847667456862,0.9676262
27.73,361.79994709749815,0.9612181
27.74,365.55018139904143,0.93910235
27.75,369.4707858520164,0.90833086
27.76,372.69625746308157,0.9386316
27.77,375.71097162595277,0.9539431
27.78,379.2308508688742,0.9625225
27.79,381.700842405418,0.9529995
27.8,384.2954995482063,0.959373
27.81,386.7836382103497,0.922589
27.82,388.15306683055337,0.9609382
27.83,388.54848746042865,0.96152085
27.84,386.82487482618296,0.91811067
27.85,384.40455552982513,0.94991904
27.86,382.93373532660377,0.93755174
27.87,381.284064387095,0.95589286
27.88,380.37160446216535,0.9642354
27.89,379.66356137148284,0.9656002
27.9,379.3614724397344,0.9655978
27.91,379.5040339584514,0.96702766
27.92,379.63940222615815,0.96843576
27.93,379.41414339414933,0.96524453
27.94,379.4591203323547,0.96340865
27.95,379.7925394230609,0.9652398
27.96,380.7742658930324,0.9661365
27.97,382.0723547202208,0.94387245
27.98,383.1487691708264,0.9361023
27.99,383.92620441107476,0.93660444
28.0,383.82616167802564,0.9330069
28.01,384.11782281640956,0.92452204
28.02,385.8069915779388,0.90357155
28.03,386.6776622836587,0.9140011
28.04,386.9407027619375,0.9195758
28.05,385.81217953195153,0.9187727
28.06,384.6578905781072,0.9343576
28.07,383.6157041158594,0.93146265
28.08,383.1437181872486,0.9251592
28.09,382.5999092645559,0.917724
28.1,382.8099212946503,0.91369873
28.11,383.11640255008183,0.92325366
28.12,385.07137886468774,0.9148043
28.13,387.5337172389322,0.88037616
28.14,386.36329314020475,0.8227471
28.15,383.83574010016775,0.874954
28.16,382.3954808142453,0.9237965
28.17,381.4279896665093,0.95343584
28.18,381.2544841598478,0.9429139
28.19,381.1617477317392,0.9333049
28.2,380.835755852213,0.93114746
28.21,380.27050526289975,0.9299711
28.22,379.86735968567365,0.9346691
28.23,379.96986266315554,0.93696266
28.24,380.152435225395,0.9431046
28.25,380.64002521603305,0.9477763
28.26,381.09925607308344,0.9496342
28.27,381.3045686684536,0.9488012
28.28,381.36745926133045,0.9456414
28.29,381.43676789853987,0.9435075
28.3,381.1285906413964,0.9462094
28.31,380.7519517607561,0.9519555
28.32,380.3214909818308,0.9532568
28.33,380.39909160031823,0.95489496
28.34,380.83502527574836,0.95288396
28.35,381.0614210817313,0.95244986
28.36,381.0292751423421,0.9513371
28.37,380.8542088881509,0.9513163
28.38,380.3398463113839,0.95147014
28.39,379.5207793747197,0.9445905
28.4,378.74497705716396,0.9354038
28.41,378.3292503633414,0.9302153
28.42,378.2694305585377,0.9305359
28.43,378.39127083127846,0.9338584
28.44,378.71321478126737,0.9391281
28.45,378.78221545660267,0.9380216
28.46,378.27473531372107,0.9225226
28.47,377.50829742831314,0.9330514
28.48,376.6526764514396,0.9450219
28.49,376.141459292105,0.94991744
28.5,375.78025019697833,0.95051956
28.51,375.7560041139078,0.9558473
28.52,375.5578087480559,0.9564485
28.53,375.2589260066779,0.95620275
28.54,374.6191692604144,0.9532722
28.55,373.39605270690583,0.91716146
28.56,370.8074268987406,0.92628354
28.57,368.6505906291049,0.91760415
28.58,367.9178585565371,0.9390964
28.59,368.64968316407374,0.8636501
28.6,372.00878282062087,0.7780412
28.61,377.9148787689638,0.7945046
28.62,380.2769459758054,0.89731246
28.63,379.90478786114875,0.9295031
28.64,378.4911761294483,0.9314504
28.65,376.90062442301786,0.9521844
28.66,375.1739769786225,0.9475906
28.67,372.8518959850858,0.932627
28.68,370.9957606838895,0.954969
28.69,369.5578826433405,0.9213928
28.7,368.3214869853395,0.8631449
28.71,364.0652425530291,0.6935072
28.72,356.71908189828355,0.7519519
28.73,349.7098678945972,0.76290244
28.74,341.55708552960306,0.82823944
28.75,337.64283537066973,0.90234315
28.76,337.30094081095706,0.9238565
28.77,338.0657899352062,0.9287511
28.78,339.24331092299917,0.9265337
28.79,339.96503961817734,0.892721
28.8,341.4753993161397,0.8696534
28.81,344.50418925091117,0.87212133
28.82,347.12013198015023,0.90444636
28.83,348.93583043829415,0.9252061
28.84,350.27560822989506,0.95344204
28.85,350.88663884834443,0.9517763
28.86,350.7184840758349,0.9546069
28.87,350.0237550787858,0.9415048
28.88,348.4111874764787,0.86183226
28.89,342.47941423245334,0.6694435
28.9,335.5790097560698,0.7310995
28.91,332.06431053848473,0.8387426
28.92,330.42348700390437,0.8332663
28.93,330.3882269863118,0.7320753
28.94,330.6933642905784,0.81294215
28.95,329.31274666284435,0.90696293
28.96,326.893988771634,0.9366693
28.97,325.286600888488,0.9155774
28.98,324.02439636383895,0.9362479
28.99,322.4339216233014,0.9291934
29.0,321.16204228808874,0.90791214
29.01,321.18733691964906,0.9007882
29.02,319.565365540677,0.93588066
29.03,317.3109643768855,0.90738076
29.04,316.3476838403952,0.9443065
29.05,314.3647106694214,0.93304414
29.06,313.5748013363216,0.95640904
29.07,311.90491569488773,0.96451193
29.08,310.31562331088656,0.93820405
29.09,306.9940445447728,0.9254209
29.1,304.64167410545224,0.9585517
29.11,303.5108785054167,0.934473
29.12,302.41085487812137,0.9049792
29.13,299.91562424777425,0.75584704
29.14,298.6675580286841,0.50766903
29.15,322.5242316870965,0.332752
29.16,315.57796103496554,0.5603512
29.17,316.14744411168806,0.71422625
29.18,314.8888267699689,0.71954566
29.19,311.98647582979885,0.8285346
29.2,310.99525150157774,0.86832005
29.21,310.0605480347723,0.84476835
29.22,308.52136198655853,0.8494438
29.23,308.32354184538895,0.8114531
29.24,305.53916932133455,0.5180764
29.25,299.09116998184044,0.197835
29.26,290.91627783350384,0.074317515
29.27,286.10282603823674,0.03962866
29.28,276.3096436597365,0.13551451
29.29,268.3523469966104,0.1180379
29.3,260.1072588300879,0.1109215
29.31,243.5726744524262,0.06685761
29.32,236.99692380557227,0.26115036
29.33,237.03212430919456,0.6140424
29.34,237.454121912625,0.6996244
29.35,239.57660605167746,0.6603071
29.36,242.99654919125484,0.68963027
29.37,245.67855016916383,0.702373
29.38,250.45859053177463,0.71382904
29.39,256.88330741999914,0.74229974
29.4,261.61094637469506,0.73537856
29.41,265.03637286586206,0.7354231
29.42,268.6967251169116,0.8752182
29.43,271.51240219141084,0.91824126
29.44,273.0838602373162,0.9248788
29.45,274.5945233319551,0.9560941
29.46,275.08137518220786,0.9537438
29.47,274.76286544876706,0.9502473
29.48,273.1185521536522,0.9202494
29.49,270.30730357294595,0.9008911
29.5,266.3781640058958,0.8817512
29.51,263.5068274632565,0.89907587
29.52,261.7782406564726,0.90886515
29.53,260.58852041534476,0.8680586
29.54,260.182544327649,0.87980276
29.55,259.86250675882195,0.89312804
29.56,260.01095712149555,0.8943596
29.57,260.4951034773027,0.8946191
29.58,260.99473148400295,0.9011861
29.59,260.9749976619434,0.8961458
29.6,260.11547335921074,0.84757334
29.61,259.7220405058691,0.7831695
29.62,261.2007004926812,0.7557355
29.63,265.6655795101166,0.7994334
29.64,266.93672649193076,0.5142869
29.65,293.5580449686461,0.5719563
29.66,295.8178030211709,0.7690076
29.67,297.49225389235664,0.8871384
29.68,298.1784593533239,0.9298555
29.69,301.1028379976302,0.93734586
29.7,304.40621854629467,0.9471022
29.71,307.0427670440997,0.9264638
29.72,309.8612776145621,0.88903475
29.73,312.72502822871434,0.9182831
29.74,313.23387460668846,0.9058835
29.75,312.1551332942307,0.9354686
29.76,309.6278289794633,0.9304112
29.77,305.3526605670452,0.94421905
29.78,302.26235495399146,0.9489343
29.79,298.8045812083956,0.94661045
29.8,295.9335436348588,0.94941396
29.81,293.97237799382026,0.96186894
29.82,293.1636690234414,0.93314284
29.83,292.64588495885346,0.935398
29.84,292.38471201326644,0.9279689
29.85,293.2836445022888,0.9137298
29.86,295.79362714660397,0.91467035
29.87,300.82896731354265,0.9024819
29.88,306.27558582790664,0.88458353
29.89,312.7337176307546,0.9358725
29.9,317.52814274450816,0.9042244
29.91,322.8646969210805,0.93313503
29.92,328.1277385173913,0.9201504
29.93,331.83871494289883,0.9540673
29.94,335.51490937613727,0.9454016
29.95,339.13502794801616,0.96087974
29.96,341.6548014560636,0.9568873
29.97,342.30559378823784,0.95595896
29.98,341.7031511290483,0.9408525
29.99,340.31260962629887,0.88060546
30.0,337.95702990353794,0.77271706
