0.0,429.63622762523926,0.0879913
0.01,435.04411317738055,0.023906466
0.02,433.7953324311721,0.14983223
0.03,432.3251747874981,0.07856841
0.04,427.9517835233189,0.06551229
0.05,432.6196684483547,0.1426032
0.06,441.3034659431405,0.5808215
0.07,425.6171157276418,0.5329797
0.08,404.42022604802906,0.5285105
0.09,399.2466271302356,0.6018953
0.1,395.5002017546031,0.80822384
0.11,390.70804751969746,0.73653567
0.12,387.7672452144981,0.6197675
0.13,385.415130301453,0.61838245
0.14,372.4059167093106,0.5230697
0.15,367.07606279702543,0.72896343
0.16,364.3454787446576,0.85747063
0.17,362.0396838962928,0.9391183
0.18,358.57227743945396,0.969654
0.19,355.2012640076924,0.97072595
0.2,353.91910704816655,0.97882587
0.21,353.67710142254055,0.97890705
0.22,354.40318496205776,0.97461015
0.23,356.74894177215714,0.9133765
0.24,361.6160163777282,0.8826843
0.25,367.7118922097963,0.888166
0.26,370.541649950114,0.801059
0.27,371.0193339600088,0.7208453
0.28,370.51018275583874,0.8178073
0.29,368.0077222076688,0.81298953
0.3,365.09298957774325,0.7705817
0.31,360.32522569539657,0.7150254
0.32,354.97597555456514,0.82157457
0.33,353.99016461179247,0.7607125
0.34,360.9565038182985,0.72592914
0.35,358.9264589109881,0.8348074
0.36,354.24124235670195,0.8809938
0.37,350.70598561069403,0.8765724
0.38,347.194811362005,0.80257404
0.39,339.764837901733,0.66520685
0.4,335.33148379682893,0.45898223
0.41,348.2516834078902,0.40797615
0.42,355.7101446421155,0.22496083
0.43,355.7156379409117,0.5791877
0.44,356.97260129681274,0.8656085
0.45,357.87825230480576,0.9240307
0.46,360.54915931489063,0.8985565
0.47,361.0211640568809,0.89531076
0.48,362.1368939966213,0.8668405
0.49,360.5469964392231,0.7683464
0.5,357.3010158582275,0.8751958
0.51,357.199374976382,0.8625762
0.52,359.33828666593973,0.8272872
0.53,362.38297609562716,0.7602839
0.54,364.51556773905656,0.77632225
0.55,362.434141223698,0.86833054
0.56,361.14865601830377,0.906822
0.57,360.8496358429934,0.8936789
0.58,362.3441013170514,0.9103359
0.59,362.6378521701121,0.8886823
0.6,361.66996182904893,0.812615
0.61,360.0295748676538,0.78739244
0.62,359.93392322585265,0.8799547
0.63,360.8139742166369,0.91180927
0.64,360.383972743052,0.9096907
0.65,356.50295685521587,0.82220256
0.66,353.18330169717365,0.7410202
0.67,395.44948205523093,0.47067103
0.68,397.84917492788725,0.6371722
0.69,397.8686723305631,0.8299677
0.7,393.6853074230397,0.7213129
0.71,382.4969612334454,0.6068339
0.72,375.17907922210907,0.73998153
0.73,372.0162656575776,0.8909431
0.74,370.5384618862291,0.9479751
0.75,368.55255005207033,0.9405659
0.76,367.17531929017747,0.94849163
0.77,365.62520129113545,0.91617376
0.78,363.6381750570282,0.8726056
0.79,360.9974933650613,0.74706095
0.8,358.9456768363875,0.8009236
0.81,357.7750705413914,0.6403069
0.82,358.847075963778,0.5550149
0.83,361.06039409292396,0.62718874
0.84,363.83216148237716,0.531376
0.85,365.8891144069454,0.5675421
0.86,366.9614814796981,0.74866617
0.87,368.84305207532816,0.7805154
0.88,371.62650978786365,0.70446694
0.89,377.0218360904317,0.6577365
0.9,380.5897804204545,0.77056146
0.91,382.14791842579257,0.79906684
0.92,382.39440114220344,0.7759435
0.93,382.3361531754336,0.81883097
0.94,382.1620646981912,0.8598969
0.95,383.0866731123093,0.87997544
0.96,382.7199103048725,0.86514866
0.97,379.08299890646305,0.79610807
0.98,372.28256513501753,0.843529
0.99,369.0779909096584,0.8907624
1.0,369.57034421126656,0.842786
1.01,373.014236529566,0.7424418
1.02,377.727987819952,0.7520225
1.03,381.98487148251695,0.8450837
1.04,382.5981670676741,0.77353424
1.05,383.12618637646824,0.7059465
1.06,382.4676955526646,0.6774211
1.07,377.8210113106152,0.50878036
1.08,370.2170078577911,0.40703142
1.09,356.5729363861789,0.528024
1.1,381.4636173749408,0.30262265
1.11,367.8157938970181,0.5684258
1.12,367.10985085543757,0.6271968
1.13,370.3855572425541,0.6150042
1.14,369.44267175956827,0.6587231
1.15,366.7386824463983,0.54177475
1.16,361.90173398895945,0.25096488
1.17,356.380918719286,0.29098535
1.18,353.7062419307191,0.2319433
1.19,384.50040402035313,0.12141445
1.2,405.4899003171497,0.07662774
1.21,404.37153488047676,0.11349479
1.22,392.49764642550906,0.062482346
1.23,365.27974081101183,0.05734415
1.24,337.5795960626739,0.097885355
1.25,320.60918121642544,0.13273631
1.26,297.1734593322536,0.24985597
1.27,279.24107047623386,0.35965943
1.28,291.22079888959826,0.42951182
1.29,294.5550705977925,0.5878978
1.3,303.2170354360682,0.652121
1.31,311.2947044489194,0.8921311
1.32,309.8779902102056,0.9337615
1.33,306.3757347202546,0.96294534
1.34,308.14367742093214,0.9520121
1.35,315.7998184896346,0.92908365
1.36,319.9377723310886,0.9615902
1.37,324.9023419212478,0.9080172
1.38,329.55458797087545,0.9515766
1.39,331.9485897987495,0.9565321
1.4,337.65624836196486,0.91076654
1.41,341.4006893243922,0.95649844
1.42,340.8556086965373,0.9365014
1.43,340.030490369383,0.8802888
1.44,344.47274331656416,0.87072355
1.45,348.6316591788404,0.9356778
1.46,350.4672282882387,0.95533323
1.47,351.322019918702,0.9599585
1.48,351.91839132097107,0.9535382
1.49,351.5166676768243,0.95022583
1.5,351.27678771026325,0.9463376
1.51,351.88577846640334,0.89611185
1.52,353.136262642316,0.8740075
1.53,354.7608687032939,0.90309846
1.54,357.8004648309473,0.8789286
1.55,360.55729275888837,0.902154
1.56,361.2855708681545,0.9116193
1.57,359.2463606092247,0.9092984
1.58,354.60128789335033,0.9368103
1.59,350.99957491301075,0.9436444
1.6,347.63063967680057,0.9048319
1.61,343.397996807852,0.86654687
1.62,338.0763658506821,0.9019452
1.63,333.7856565321266,0.9351031
1.64,330.19465313374866,0.94705963
1.65,327.00782547300264,0.947488
1.66,325.54535829069323,0.9370103
1.67,325.82028179294923,0.95078933
1.68,326.51685746712076,0.96003574
1.69,326.3161407661537,0.95040184
1.7,324.5272491803038,0.89425296
1.71,320.412205645786,0.85096645
1.72,315.1265840163572,0.9074189
1.73,312.3019182964477,0.94428736
1.74,308.79448605681654,0.8511365
1.75,302.64197751492424,0.73300713
1.76,291.2259302235614,0.46915007
1.77,272.8757354588009,0.6950462
1.78,264.4725785931057,0.5866418
1.79,247.88720543696905,0.65876347
1.8,245.80983699064487,0.8351256
1.81,245.56980894804465,0.8927266
1.82,248.23866842149823,0.8336498
1.83,253.05345747292026,0.86705834
1.84,256.33279128759455,0.81339973
1.85,265.3128770699189,0.63194364
1.86,272.5334246319409,0.9115586
1.87,274.1307737924931,0.8675661
1.88,277.5605293112778,0.73318183
1.89,277.9895969085032,0.7913777
1.9,280.86577703613267,0.9355864
1.91,283.54517247812134,0.9483964
1.92,290.4082513496592,0.7766033
1.93,299.8372385247811,0.85398716
1.94,310.2825464688078,0.69232094
1.95,337.9020181746356,0.7813864
1.96,341.66660169181597,0.80300546
1.97,345.23951136213486,0.7626545
1.98,349.26080891334277,0.80560046
1.99,351.2580632496111,0.81419325
2.0,348.43477663246864,0.86726594
2.01,342.1349516376416,0.86563784
2.02,336.9222260810502,0.86197144
2.03,331.36544462267386,0.84088093
2.04,324.2858002217451,0.62605447
2.05,322.94197936561693,0.6110143
2.06,317.67236459510764,0.5447284
2.07,309.44401549037553,0.83950216
2.08,305.60030916393606,0.86079884
2.09,302.7625741556626,0.8681714
2.1,300.2537192619679,0.8904474
2.11,298.4509395933484,0.94903773
2.12,298.51000371880707,0.9498098
2.13,300.25762597558344,0.93049276
2.14,302.2532693111947,0.95436066
2.15,304.4287688604232,0.9601612
2.16,306.8153936369331,0.92570996
2.17,309.20305727818425,0.95571077
2.18,310.8074296359349,0.9447323
2.19,311.54716419583116,0.9541235
2.2,311.3382525932723,0.92194057
2.21,308.29590413457265,0.7959529
2.22,301.8350375853931,0.73201615
2.23,298.4611887114907,0.6791844
2.24,297.9357202986987,0.41719836
2.25,298.3380203057665,0.41481468
2.26,335.31932872353184,0.25294784
2.27,348.9786289469652,0.49785987
2.28,350.5149726572562,0.37192646
2.29,323.1540618761472,0.22505099
2.3,304.76827763309973,0.40649524
2.31,304.6298163031747,0.27578565
2.32,306.87059752301576,0.20430729
2.33,305.36064911921557,0.3267713
2.34,302.65098937021486,0.43522972
2.35,301.6008891247612,0.25185987
2.36,302.5999576551705,0.30802783
2.37,307.807188017367,0.42412478
2.38,307.9640592765198,0.43669242
2.39,306.79304540849904,0.35758334
2.4,300.01860378450664,0.3080287
2.41,300.8612161862239,0.50449514
2.42,302.94991132444375,0.6839742
2.43,303.38574001040644,0.6218238
2.44,300.68422285195226,0.46208948
2.45,304.55770677092084,0.3634254
2.46,345.95557210461743,0.42124325
2.47,312.5361747266251,0.18740705
2.48,348.67561528438017,0.120053075
2.49,348.5382158244051,0.1916347
2.5,353.03347017818845,0.10537041
2.51,352.6940273777871,0.16252702
2.52,348.3888230315705,0.22839053
2.53,317.6358689278707,0.34445688
2.54,321.0255908608277,0.34727708
2.55,317.7335930568165,0.26537567
2.56,333.41302300233764,0.25044408
2.57,338.039085380845,0.42297545
2.58,347.1037433077626,0.5491569
2.59,351.04789094611147,0.5143478
2.6,349.34959460385244,0.5494096
2.61,346.16725441668797,0.28855795
2.62,338.27608266374466,0.08348436
2.63,324.1300356209323,0.12460875
2.64,308.8935597503748,0.113747194
2.65,342.2559638857721,0.22336194
2.66,341.07295107054483,0.1349143
2.67,336.8881283234522,0.14866894
2.68,316.8828629108988,0.1531126
2.69,302.7856595748294,0.21067175
2.7,300.6613253432079,0.17406954
2.71,301.6855034992933,0.17734413
2.72,306.82265321004826,0.19882205
2.73,309.2068874196213,0.17946774
2.74,310.8002352644131,0.20184872
2.75,349.81852389047896,0.311842
2.76,347.7097810231965,0.48924065
2.77,347.9256097153331,0.2570784
2.78,324.8725357636786,0.5712739
2.79,308.5118996383549,0.61629516
2.8,305.2745539025201,0.63341165
2.81,303.810141421303,0.50242347
2.82,332.755038452448,0.35516173
2.83,310.1019704732559,0.44068387
2.84,303.044049007814,0.4128136
2.85,302.51544160455,0.5933226
2.86,302.3696639405599,0.47578618
2.87,309.29226285445134,0.49918178
2.88,312.70090663917307,0.49459627
2.89,308.43746075328517,0.5021847
2.9,304.6282291342125,0.309245
2.91,311.55626315905215,0.0956661
2.92,326.0085248474197,0.15282199
2.93,334.2194906751771,0.16370387
2.94,337.82222191594565,0.29834223
2.95,339.68063850072235,0.29609203
2.96,319.4555031911755,0.28067827
2.97,339.93614770659457,0.36471853
2.98,338.03022271427034,0.3470511
2.99,340.08360515205993,0.31895712
3.0,343.17166376000336,0.5338338
3.01,344.3852169774947,0.73880816
3.02,345.9649206788399,0.8139445
3.03,347.9312112145525,0.3826921
3.04,327.47324641033055,0.53118247
3.05,309.221644301414,0.7377595
3.06,312.43804874297524,0.62847126
3.07,319.48770661082744,0.3844804
3.08,326.89166175886794,0.52784914
3.09,330.197729966912,0.5441701
3.1,335.46810627008426,0.3116443
3.11,340.7760575351474,0.1556914
3.12,341.59176564462456,0.17886628
3.13,304.9426488202567,0.26154873
3.14,305.76668087115,0.13573892
3.15,308.2012925514649,0.13762699
3.16,308.1460933239263,0.10381151
3.17,335.4661730743754,0.2346922
3.18,336.4861323687651,0.31876445
3.19,336.5422624687849,0.5746139
3.2,339.2350717447523,0.21820027
3.21,342.95848563523583,0.1727882
3.22,343.3311008467133,0.10258069
3.23,341.8849204496849,0.13434859
3.24,338.87235372585747,0.45690104
3.25,338.4270763894698,0.14246403
3.26,339.5833232901664,0.13838767
3.27,354.8557048529107,0.35146883
3.28,346.81427106999365,0.2168018
3.29,338.8518598007157,0.30257982
3.3,337.89038304958177,0.5224187
3.31,334.01572198677684,0.3746555
3.32,323.5965580909627,0.23668143
3.33,299.81652958981,0.12945616
3.34,292.9136338645057,0.17490968
3.35,284.21534816568334,0.5118745
3.36,280.8788057709382,0.13276164
3.37,310.1713901327257,0.1198381
3.38,319.7396186145934,0.49077943
3.39,327.33647575009087,0.32709086
3.4,327.9307360196254,0.22708453
3.41,323.8626702824948,0.2005494
3.42,326.0241573276391,0.40572733
3.43,330.20197442640847,0.6013484
3.44,330.7578170679796,0.5391478
3.45,330.69731720046804,0.5567558
3.46,332.8448822497907,0.5241717
3.47,334.2127296592383,0.3334914
3.48,299.8482514398272,0.18815278
3.49,267.0528377982924,0.23621014
3.5,266.3156230246191,0.29175353
3.51,275.1698328757487,0.38173983
3.52,281.12378293064756,0.70457953
3.53,285.99593906209634,0.8344042
3.54,291.08475319356296,0.8891886
3.55,294.4222306182353,0.9459001
3.56,296.98263589796693,0.9381406
3.57,298.1388414433382,0.9536435
3.58,299.0314322010572,0.9532127
3.59,299.8389631093254,0.9310608
3.6,300.7749436164102,0.9487386
3.61,300.94363752980917,0.95015985
3.62,300.52838288399903,0.9397676
3.63,298.9762983008778,0.9460889
3.64,296.9598989420799,0.9213999
3.65,294.7942959833851,0.9591045
3.66,293.29625158793755,0.94833016
3.67,291.3227274022535,0.9407498
3.68,288.92146181782107,0.8933007
3.69,285.68944882608804,0.9151339
3.7,282.2644873557059,0.8911481
3.71,279.39816072405154,0.86914784
3.72,277.49016020382805,0.9085335
3.73,276.1789006571988,0.8674874
3.74,274.95890302963494,0.8387513
3.75,272.9046851805321,0.7778638
3.76,273.03200211214494,0.75909877
3.77,273.92000574280326,0.7676984
3.78,275.1080555034172,0.73719835
3.79,275.894108461207,0.6338105
3.8,276.61160465361183,0.6835109
3.81,277.1496646793153,0.534724
3.82,278.20941038017554,0.58900213
3.83,278.6054295161749,0.49934235
3.84,277.78300657017644,0.38985237
3.85,277.42706211905823,0.34060085
3.86,276.5144094259744,0.40634134
3.87,274.9868573952616,0.7103137
3.88,274.1656083964306,0.49582294
3.89,273.5092275312512,0.52553666
3.9,271.96909435281333,0.34685442
3.91,270.9773464424593,0.6025575
3.92,269.09263945908646,0.63753736
3.93,268.70671856531607,0.4971179
3.94,268.74374422884756,0.46793693
3.95,269.14167047309786,0.42428815
3.96,271.1388642069424,0.3298109
3.97,269.94620759784675,0.5012369
3.98,270.22942969642037,0.61567754
3.99,269.85237435327866,0.7609253
4.0,270.91677001011976,0.8288126
4.01,274.5400527950861,0.87316185
4.02,277.6579784714556,0.8709696
4.03,279.9094826130806,0.8224693
4.04,284.5739033925904,0.6035294
4.05,296.7833334881504,0.4915181
4.06,306.5411554830821,0.6718182
4.07,314.59482719345976,0.8051407
4.08,319.6587600022298,0.86095154
4.09,328.03711235465477,0.80474526
4.1,333.4277416425487,0.8828644
4.11,338.4484731296397,0.8857432
4.12,343.5463821813017,0.79767895
4.13,346.9278294125951,0.77472216
4.14,352.7724917064407,0.58311754
4.15,366.0334428364184,0.62309664
4.16,373.4730811199443,0.69713104
4.17,381.7691023908951,0.7880951
4.18,386.7037592345846,0.8356285
4.19,390.91788198846444,0.8785564
4.2,394.99119994995846,0.9017028
4.21,397.4333697284052,0.94624686
4.22,396.9060130048387,0.93951845
4.23,394.11628209611996,0.93701124
4.24,390.98697192562014,0.89863
4.25,387.58567646699277,0.8907943
4.26,384.66044247662984,0.9173492
4.27,382.8167501954239,0.88378936
4.28,380.9294803987975,0.9358677
4.29,379.99841888511185,0.9420915
4.3,379.2564346991866,0.9393838
4.31,378.581000298795,0.9255915
4.32,377.72517109171525,0.92294824
4.33,376.9770176936729,0.9385341
4.34,375.5800388191308,0.9408553
4.35,373.3822896245871,0.90377575
4.36,370.6324646234742,0.91148275
4.37,368.0585392558496,0.92278355
4.38,367.88014034642674,0.91798824
4.39,367.95148566371086,0.8901494
4.4,368.3470187540734,0.9167445
4.41,368.0269650848924,0.936373
4.42,367.1487600112801,0.9578248
4.43,366.34738137662197,0.9499848
4.44,365.67976657544204,0.9215246
4.45,363.52634946896626,0.88148975
4.46,360.3858236635602,0.83502626
4.47,358.2103025820194,0.8320317
4.48,354.85983237654324,0.8021743
4.49,350.70103175208794,0.8127634
4.5,347.81444817281687,0.74883884
4.51,340.4422667797328,0.6796566
4.52,333.6449945799403,0.7249806
4.53,328.06003397581713,0.82779944
4.54,323.45546194680026,0.8134777
4.55,317.9762584685507,0.739289
4.56,314.006885207447,0.7352332
4.57,282.6073058620943,0.50639504
4.58,248.2191881296349,0.67973167
4.59,212.75257960653195,0.8122357
4.6,203.094704752948,0.87894094
4.61,176.08402330733853,0.82008225
4.62,157.68671178951993,0.5588993
4.63,137.00508570619726,0.5516865
4.64,123.08220809244501,0.8362778
4.65,109.8208092912696,0.9327249
4.66,110.50586569285103,0.9569329
4.67,111.12476803862741,0.9012711
4.68,112.05070535330867,0.8610113
4.69,112.91679314376381,0.81926465
4.7,113.22971807752182,0.7947932
4.71,113.47037936722072,0.81333894
4.72,113.78822987059691,0.84466255
4.73,113.76990446417624,0.83550394
4.74,113.74040328864513,0.82058513
4.75,113.54661387260634,0.7847229
4.76,113.38436456776554,0.7827627
4.77,113.61304885413591,0.8172599
4.78,113.52219484513208,0.81304544
4.79,113.49397336776384,0.7985341
4.8,113.57065674874198,0.7766805
4.81,113.8312643856149,0.77086306
4.82,114.30574014586433,0.8075268
4.83,114.4971265633501,0.8157264
4.84,114.57176239125467,0.8053686
4.85,114.04021864186525,0.806076
4.86,113.72755619965736,0.7922565
4.87,113.74548474001628,0.77453977
4.88,113.87886466610092,0.7739086
4.89,114.1397557629897,0.7900038
4.9,114.5924338613165,0.8177589
4.91,115.13016849747106,0.8784304
4.92,115.60647433869246,0.89023197
4.93,116.1977719292116,0.8570064
4.94,116.64636350837249,0.7722752
4.95,116.68205572777077,0.666813
4.96,116.3400501639521,0.44363636
4.97,116.29609449082552,0.3915352
4.98,115.9490298901286,0.26863444
4.99,115.41669237480474,0.54435647
5.0,114.97123736347095,0.40470645
5.01,113.26277388298011,0.4632703
5.02,125.15815686591094,0.71231234
5.03,142.8675929558787,0.72042185
5.04,162.1787389527071,0.4527242
5.05,180.7981092968913,0.64081836
5.06,200.62607946255832,0.65023726
5.07,234.9598995265092,0.57429177
5.08,251.4383386476948,0.5314468
5.09,288.9957542628913,0.73736554
5.1,288.4685237708721,0.83798444
5.11,289.04396913226196,0.8287972
5.12,289.6436975981187,0.8250645
5.13,290.33811988775494,0.8067588
5.14,292.108689117017,0.7216298
5.15,292.57799936122404,0.6849515
5.16,293.2128396533635,0.5885576
5.17,294.5207604286749,0.52223104
5.18,295.4892248721316,0.42188805
5.19,296.5747852503636,0.46576756
5.2,297.3286567007457,0.67063755
5.21,297.6774720844387,0.7266533
5.22,296.5329097993452,0.6821995
5.23,293.9814945524907,0.80270857
5.24,290.99772796001946,0.83937675
5.25,290.22235571174286,0.8584403
5.26,290.72613186456846,0.8747637
5.27,291.1658868410796,0.88554776
5.28,290.32961177460044,0.84752613
5.29,290.45852406684264,0.8681659
5.3,290.7104541513376,0.8952947
5.31,291.07268434894786,0.906205
5.32,290.56292883322266,0.912096
5.33,290.47273608859393,0.92333275
5.34,289.82511143799576,0.9017828
5.35,290.03942011466796,0.8961828
5.36,290.68956664401304,0.90888137
5.37,291.2710116613567,0.8905137
5.38,290.2852918393513,0.888272
5.39,289.18090883469716,0.8707281
5.4,286.89745874782,0.9023478
5.41,283.8984051859598,0.92836255
5.42,280.66163608742045,0.9007638
5.43,277.86289637570184,0.9335835
5.44,276.8308247116841,0.898727
5.45,277.26204462257357,0.7541503
5.46,279.419945575356,0.43210116
5.47,282.43224531163116,0.4682773
5.48,284.133740195361,0.6470713
5.49,284.1683465877084,0.5264519
5.5,284.01404907121446,0.7498861
5.51,282.827939349574,0.7631614
5.52,281.07698534144515,0.6194955
5.53,277.97953947014975,0.698925
5.54,274.82620192947473,0.856678
5.55,269.3189653037487,0.8068667
5.56,260.8421019150685,0.5038974
5.57,242.99051346034273,0.6505081
5.58,236.68565941392103,0.77867544
5.59,232.66921202719118,0.6237536
5.6,224.69136103805158,0.3983112
5.61,214.45603679252727,0.14421535
5.62,194.71063726016996,0.64770126
5.63,181.8302195722897,0.43421122
5.64,176.73722880729787,0.4679445
5.65,177.21534180342476,0.48485902
5.66,187.8701237011884,0.35121974
5.67,204.06108753437883,0.43105984
5.68,216.42002362964976,0.76061374
5.69,215.49729609941207,0.67179734
5.7,217.7569326437578,0.7046034
5.71,222.74347418013107,0.5223936
5.72,231.18275758165146,0.50630105
5.73,238.3676992715709,0.5781261
5.74,241.46964833306413,0.8505676
5.75,243.36802457701367,0.8693609
5.76,245.80395448518692,0.878036
5.77,248.45631524404766,0.90645576
5.78,249.77350413302992,0.9395231
5.79,250.20201840736522,0.9209049
5.8,249.43763467993367,0.907
5.81,249.34611250388912,0.897426
5.82,249.04130370758807,0.8102475
5.83,247.87892710226316,0.69387513
5.84,244.64207631974716,0.6559756
5.85,242.53666628927118,0.7576105
5.86,242.66541067916776,0.6979018
5.87,243.8224762716571,0.6751449
5.88,245.452547643667,0.7509741
5.89,247.30750484801405,0.6935648
5.9,248.67730316180254,0.84054744
5.91,248.74278449364797,0.86581707
5.92,249.17449168705318,0.8966253
5.93,251.02992346654952,0.9382642
5.94,253.30794070768266,0.918675
5.95,255.37889791454805,0.936692
5.96,257.1205914179807,0.9534399
5.97,258.0596739349968,0.9386568
5.98,258.7869569112531,0.953588
5.99,258.3055099621565,0.9442926
6.0,256.2682161283656,0.9297633
6.01,252.96960688675358,0.92466927
6.02,249.36383066097386,0.89308053
6.03,245.73686952273394,0.8692346
6.04,241.53459023069703,0.92059195
6.05,239.40574516408472,0.9456472
6.06,238.35108564972978,0.9201824
6.07,238.43696237556418,0.9306514
6.08,239.85523855421275,0.94131124
6.09,243.01554962932553,0.92102116
6.1,247.05121220647084,0.89953554
6.11,251.68509299275235,0.88427
6.12,255.46374103533523,0.9271414
6.13,257.9475016006808,0.93520266
6.14,259.0955089078523,0.9470567
6.15,259.5387519388825,0.9515513
6.16,259.72994411865466,0.94909066
6.17,258.29984129304546,0.9267181
6.18,254.91262963952533,0.9006084
6.19,250.00221104429443,0.90300375
6.2,245.97071751026223,0.90927577
6.21,241.34608575476588,0.8989586
6.22,237.95562400646463,0.8951286
6.23,235.57384164107543,0.8808543
6.24,234.35219357553302,0.91947764
6.25,234.6055204823981,0.8975209
6.26,236.60754307315779,0.8743875
6.27,241.1037542576397,0.86085975
6.28,246.55840252548,0.8468478
6.29,252.4728457557693,0.8508167
6.3,258.6870368655244,0.8896606
6.31,263.8518543410835,0.8792074
6.32,265.37628080074006,0.95080423
6.33,264.0476730602592,0.9133881
6.34,262.549079978725,0.9369767
6.35,261.00406306174466,0.81292844
6.36,254.2877804566204,0.59786284
6.37,243.83787036738653,0.33511814
6.38,222.9885037811693,0.45522502
6.39,224.47482211219128,0.6905766
6.4,226.30668536416107,0.774944
6.41,229.2944072899769,0.8164511
6.42,231.73360854894014,0.87610674
6.43,232.51591505027451,0.8610003
6.44,233.29472970453028,0.93365645
6.45,234.2773093306825,0.94152474
6.46,234.8722385615347,0.9243368
6.47,234.59810246411553,0.92107606
6.48,233.50302760954136,0.91188896
6.49,230.72935858031468,0.8213171
6.5,226.48182273189843,0.75381297
6.51,220.0991406915124,0.677768
6.52,214.29055807536002,0.6791361
6.53,208.35545722388213,0.72220796
6.54,205.88940116834993,0.5473468
6.55,184.3363194751781,0.29630056
6.56,180.08422968171482,0.40953964
6.57,176.1960642904677,0.27768084
6.58,180.26377435294802,0.23874848
6.59,201.4830129181993,0.41953948
6.6,227.32956916701227,0.73405236
6.61,236.20782116937283,0.81807923
6.62,238.63501565054236,0.78816473
6.63,240.55382197607284,0.680427
6.64,241.20261879412496,0.606258
6.65,239.6270452031017,0.6011748
6.66,238.7886150370915,0.6426706
6.67,239.0581133823864,0.61374533
6.68,242.06470693918445,0.7713789
6.69,241.9145644072194,0.65317625
6.7,239.71716680592908,0.35696667
6.71,217.70441981988714,0.11373996
6.72,189.52496286704172,0.041643802
6.73,163.02217918915235,0.37689257
6.74,146.19977690484603,0.68371046
6.75,147.23633216222606,0.82048464
6.76,147.77935186126962,0.8926913
6.77,149.65621469863385,0.83691657
6.78,154.02414036855464,0.7915663
6.79,158.52079574876393,0.73705816
6.8,163.53038972040406,0.5704248
6.81,176.63242088950767,0.63097316
6.82,181.4623861262044,0.6810116
6.83,187.07260274278116,0.72795343
6.84,191.99280764778197,0.7703697
6.85,196.04275452140593,0.7469652
6.86,198.3178297290471,0.75044286
6.87,200.5008800150979,0.7731133
6.88,202.26931416454426,0.7966017
6.89,203.06620062650552,0.8617832
6.9,201.904610607604,0.8344011
6.91,199.18039506007855,0.67709094
6.92,192.29474727691064,0.550916
6.93,184.4220840729562,0.7314273
6.94,178.06958772056234,0.78055733
6.95,173.8691719962345,0.89487964
6.96,171.9241342849784,0.89749277
6.97,171.97195376593686,0.8934237
6.98,173.7154520043656,0.8980014
6.99,176.96805860450095,0.8211261
7.0,180.93347132988907,0.7071025
7.01,188.89390665077235,0.5210656
7.02,198.77553939741927,0.63791025
7.03,205.94460986326942,0.75666535
7.04,209.06717747928957,0.8909639
7.05,210.97013053845052,0.9279891
7.06,211.64787221405535,0.92813927
7.07,210.82743284340012,0.9290505
7.08,208.26018470562434,0.9056685
7.09,205.0514904168478,0.8685286
7.1,200.71575430978808,0.7574062
7.11,196.12313023004074,0.8540763
7.12,192.88061397722925,0.8619178
7.13,190.2005716095597,0.8643001
7.14,186.51760122582596,0.84097314
7.15,182.3220938974528,0.8692023
7.16,179.48851258398702,0.9261745
7.17,178.87502249752995,0.9366328
7.18,179.60350815312964,0.9373889
7.19,181.21210032196015,0.92412114
7.2,183.43160281376026,0.91821927
7.21,185.7601648716689,0.8770339
7.22,189.3038329670349,0.85923743
7.23,193.11503688379244,0.8503241
7.24,196.09416819808732,0.8832957
7.25,198.35129999373692,0.8860249
7.26,200.8759471673447,0.8884873
7.27,201.91569092876304,0.91460073
7.28,202.0238841416273,0.9151917
7.29,201.52111202984244,0.91651994
7.3,200.23296116491164,0.8664344
7.31,197.44377463731513,0.8149924
7.32,192.67711482279117,0.7587745
7.33,187.46276009754808,0.7925927
7.34,183.17447973029604,0.8141844
7.35,179.56767708321428,0.88333046
7.36,178.81240857439127,0.91212654
7.37,179.92247331437682,0.9206986
7.38,182.30350440776778,0.88433766
7.39,186.07182096937436,0.7716383
7.4,193.70695155267302,0.7486811
7.41,199.88247003493242,0.70834464
7.42,206.09124798197297,0.8557491
7.43,209.98006843828477,0.86637783
7.44,212.2459292717416,0.91134894
7.45,212.93564889724996,0.9126494
7.46,210.57091586112392,0.89374125
7.47,207.46103613309967,0.86172974
7.48,204.12005318493982,0.78934824
7.49,197.50111552842728,0.6238423
7.5,190.15446205925934,0.5291164
7.51,182.75485722342222,0.71895695
7.52,176.76715877607853,0.7794543
7.53,173.59673663953635,0.91773456
7.54,172.8041811982156,0.92404866
7.55,173.84020357784848,0.8877842
7.56,176.23972833171985,0.7831181
7.57,180.11410689507176,0.6147134
7.58,185.2126984279497,0.3153451
7.59,199.67290298203537,0.1944547
7.6,209.79106734598372,0.46261546
7.61,212.24473953647265,0.7263299
7.62,212.92745681754826,0.64832276
7.63,204.82433002188753,0.5943958
7.64,201.75841097833984,0.6220222
7.65,195.07025419345644,0.504623
7.66,184.8161933803361,0.7152374
7.67,181.52595287064258,0.7699545
7.68,178.482846383252,0.71245086
7.69,175.74002465811375,0.6346145
7.7,173.72680043070315,0.6507051
7.71,173.41378470103845,0.58140224
7.72,176.530517280602,0.118131116
7.73,196.09031267520953,0.26345584
7.74,214.2028173971602,0.30062833
7.75,231.2507204293111,0.43834165
7.76,233.22931192879238,0.5920026
7.77,230.58380731144752,0.6765354
7.78,228.69710827400576,0.83369976
7.79,228.4190767775217,0.8924464
7.8,229.65728244457947,0.80776435
7.81,234.13030545212723,0.8579004
7.82,238.829519506993,0.82728475
7.83,243.39690424500148,0.89828503
7.84,245.93375530535758,0.9416795
7.85,245.50945495247402,0.88041306
7.86,239.5916047273787,0.58717793
7.87,227.50730699804188,0.6532731
7.88,222.9469433862675,0.8835044
7.89,220.3293226631818,0.9268962
7.9,217.42086623331303,0.87005985
7.91,213.99672359670916,0.75731784
7.92,211.4295475081107,0.57457685
7.93,204.31481674574172,0.7018764
7.94,201.13302885602667,0.6490366
7.95,198.64651237738823,0.5575382
7.96,202.19038738580076,0.70092404
7.97,208.06944857146397,0.83111656
7.98,210.62688407167087,0.79794717
7.99,216.14448699797592,0.69275653
8.0,221.3159135052696,0.83933216
8.01,225.04629863024735,0.9056522
8.02,228.11628147677382,0.93470925
8.03,229.1692601501364,0.9383664
8.04,228.60114563595454,0.9490782
8.05,227.1469037131499,0.91422015
8.06,225.81687900678742,0.90055406
8.07,223.86575300720858,0.7565804
8.08,223.26060632374697,0.56458163
8.09,222.25723020835207,0.49149197
8.1,223.88398078321887,0.33039555
8.11,224.5227956758795,0.7359972
8.12,226.29473871170447,0.7228342
8.13,229.3544878199583,0.557716
8.14,234.58462152568876,0.37497118
8.15,241.2979405116908,0.2417115
8.16,229.67596469558856,0.16220021
8.17,212.3199759339717,0.08234668
8.18,215.77721951677694,0.15181091
8.19,224.17902366958003,0.025666123
8.2,233.22186455498536,0.16273923
8.21,235.9961122911048,0.28735977
8.22,239.18980541052116,0.27195483
8.23,265.06092011521775,0.20803234
8.24,253.67313729435668,0.13542233
8.25,263.6435485394288,0.15897667
8.26,236.8798856178627,0.079916365
8.27,210.02900133555298,0.11656553
8.28,184.8336161254123,0.23918584
8.29,163.9899266445204,0.56306535
8.3,147.1869900577928,0.57564986
8.31,147.27311112567895,0.450772
8.32,148.83080617024908,0.6171047
8.33,149.4061109967696,0.6905319
8.34,149.6538924411468,0.7153611
8.35,149.9704170432603,0.7215907
8.36,149.29031545074943,0.7839618
8.37,147.54545228438036,0.8555921
8.38,146.553505529349,0.86182845
8.39,145.71272832129432,0.8680802
8.4,146.5225800367234,0.89973104
8.41,147.43367696616005,0.9171462
8.42,149.0273388555574,0.8561254
8.43,150.9125559751444,0.7581492
8.44,152.54398653363563,0.7496739
8.45,151.15813719696382,0.6841456
8.46,148.20440539692106,0.7137825
8.47,144.9504656729784,0.7209751
8.48,144.1097783273961,0.6550347
8.49,146.82758684798725,0.6187236
8.5,148.59380665552357,0.74584407
8.51,154.18977389305945,0.61410826
8.52,164.77427739501633,0.51048493
8.53,170.2498964871941,0.33704647
8.54,178.535266438493,0.32394794
8.55,183.2207989066683,0.21600331
8.56,187.3657099583534,0.16724351
8.57,192.26957262462167,0.37782902
8.58,200.94119015411098,0.34601414
8.59,207.49549525213797,0.15141629
8.6,218.3326490611968,0.15851083
8.61,226.25454232158316,0.26127994
8.62,234.47390683873732,0.26807043
8.63,240.6428717519739,0.22037888
8.64,247.20935830762184,0.2842742
8.65,257.1743112301524,0.064939715
8.66,263.73733921298793,0.053423557
8.67,271.4994793206103,0.08469887
8.68,278.32060577587407,0.466251
8.69,289.2447334464322,0.09842522
8.7,290.44178899836845,0.050910767
8.71,299.41558223398005,0.09854131
8.72,305.06395490974205,0.23307294
8.73,298.67991469341325,0.42672178
8.74,296.8980332683253,0.20135516
8.75,303.75207150513813,0.08847143
8.76,299.6274790173921,0.3723964
8.77,290.88558120378406,0.10377026
8.78,283.1486914649703,0.13092923
8.79,279.4168794380728,0.07915885
8.8,271.44530082519077,0.035369735
8.81,251.5662363960323,0.07483466
8.82,244.36661306773453,0.048586704
8.83,239.21008834876886,0.14922437
8.84,234.32594413270692,0.16658476
8.85,224.5935890209355,0.06310196
8.86,217.1929271177175,0.104048714
8.87,208.4759751924874,0.053713124
8.88,201.620449450093,0.13065076
8.89,197.71103831099663,0.0844374
8.9,198.5699107864934,0.12756686
8.91,211.02130898874236,0.08386889
8.92,218.4084617932242,0.2667021
8.93,223.01792815557735,0.06682455
8.94,231.26793682976074,0.10022658
8.95,232.6357979159132,0.36752498
8.96,231.09925126493025,0.1903327
8.97,238.52225918505764,0.13355167
8.98,222.23829938822928,0.3671061
8.99,210.68889682991204,0.25116825
9.0,200.67455374067356,0.1023748
9.01,190.0567025135736,0.14122897
9.02,176.023132248429,0.1531588
9.03,175.1350319300582,0.2936974
9.04,168.42441478511995,0.22814757
9.05,162.6381483878738,0.12262478
9.06,157.67816489662428,0.32374012
9.07,155.0301073948847,0.40589872
9.08,152.04885645417218,0.15596509
9.09,147.49963266422975,0.41594222
9.1,146.9979978933214,0.4867797
9.11,147.2823052191244,0.88100713
9.12,147.3102496025147,0.8504548
9.13,147.67048185838323,0.79669523
9.14,148.0882155250895,0.8839428
9.15,149.63999535625453,0.75056845
9.16,151.48701480666264,0.8193063
9.17,153.95551722741178,0.8324338
9.18,156.25219355324705,0.8902938
9.19,156.7655438750938,0.8426807
9.2,157.09098822392033,0.88618034
9.21,157.71504425092064,0.88059944
9.22,158.18713910725765,0.84536445
9.23,158.521010901711,0.7907942
9.24,158.3890605775783,0.8088994
9.25,157.76125199853854,0.83892524
9.26,157.30283009476904,0.8626105
9.27,157.05782946719197,0.86044747
9.28,156.67892161349118,0.65687585
9.29,155.28078701594177,0.29079038
9.3,162.44365802634618,0.3793627
9.31,173.47369843547813,0.50482625
9.32,188.4083372394126,0.38096038
9.33,204.08222836509827,0.2805947
9.34,208.78110853650833,0.22899972
9.35,223.7937507884045,0.33134577
9.36,223.50605893090682,0.35370705
9.37,224.91900721986727,0.32665682
9.38,224.98118116133452,0.28752005
9.39,224.94182110537494,0.23210466
9.4,228.61250472309732,0.14782876
9.41,230.7184245006265,0.10370277
9.42,225.88997583787312,0.19966154
9.43,226.613712744589,0.30509788
9.44,223.95383232595827,0.24374497
9.45,225.28585300731214,0.32794335
9.46,227.94841039552193,0.20511074
9.47,228.10952599870473,0.15504134
9.48,222.88320781633,0.13529645
9.49,242.28456939941483,0.17343229
9.5,222.10533923760272,0.18157054
9.51,241.16550043570987,0.2972784
9.52,242.01992629530142,0.4376219
9.53,246.69344978063742,0.37060255
9.54,279.6134074169786,0.39723757
9.55,312.34673668134076,0.6012959
9.56,330.8960355014308,0.7209303
9.57,333.33038452505264,0.8470343
9.58,335.4298716086888,0.81936073
9.59,343.9031202468408,0.8279522
9.6,347.71316023130083,0.89180785
9.61,349.57723681569894,0.83415955
9.62,349.9739831484405,0.7055327
9.63,352.9980462176039,0.6530963
9.64,363.60406409090376,0.37735084
9.65,371.78181574064627,0.2961876
9.66,386.7905973572161,0.28708082
9.67,404.9682065616702,0.20539953
9.68,413.0579664365972,0.6150285
9.69,420.45700558641124,0.31921002
9.7,441.960203407766,0.3262234
9.71,436.5109860541911,0.5191729
9.72,435.8575403460328,0.6401051
9.73,429.25874379998874,0.64278203
9.74,426.1173645050452,0.16859367
9.75,389.05741205672484,0.452034
9.76,384.9853887408324,0.6537071
9.77,382.82441701814366,0.64694935
9.78,379.12902512987534,0.49200717
9.79,372.67523334322993,0.5465836
9.8,363.35374477911154,0.69675696
9.81,362.46754469835486,0.603392
9.82,363.8306589773967,0.77440506
9.83,364.51788940842164,0.8435411
9.84,361.53717891844826,0.837189
9.85,358.1431190825534,0.9274826
9.86,356.9264730679579,0.90161145
9.87,359.35998212794334,0.87497705
9.88,362.33252722572763,0.9121097
9.89,361.55218609027247,0.8728798
9.9,358.53833881985486,0.858881
9.91,355.77765855018083,0.8575253
9.92,352.91049785669736,0.85073054
9.93,351.10064554191206,0.843009
9.94,349.0088757227859,0.8725548
9.95,348.7134694775287,0.8771253
9.96,348.4818637171116,0.8881317
9.97,349.13969938718856,0.91973007
9.98,349.3159945797846,0.92724395
9.99,348.9323758660168,0.8773134
10.0,348.52544457914735,0.8201289
10.01,348.52442444220105,0.6436492
10.02,350.88400006204444,0.6314263
10.03,331.788470128148,0.4516152
10.04,309.57359296336375,0.5989576
10.05,302.2204933382607,0.7265283
10.06,298.5573472589348,0.6870926
10.07,328.4978404845091,0.4784013
10.08,357.9687666423172,0.56719005
10.09,358.0471978038115,0.7954217
10.1,357.7003678994572,0.8918222
10.11,358.8308218592354,0.9184116
10.12,360.19379236922396,0.77659744
10.13,362.71865294673387,0.8010668
10.14,360.87408841508653,0.68907934
10.15,358.9961929191701,0.7116813
10.16,357.4627848205784,0.77176327
10.17,355.2477234789231,0.84266067
10.18,353.06595197302755,0.86388254
10.19,351.96339207185554,0.82093066
10.2,354.09025557885053,0.7038549
10.21,359.1305601633652,0.61828226
10.22,327.3008279588251,0.38708565
10.23,284.1988350467272,0.51651084
10.24,259.95961970180207,0.71185994
10.25,224.28517790094753,0.7187795
10.26,204.32098864748838,0.5978398
10.27,213.83173189991152,0.46726805
10.28,220.82586896069188,0.54530734
10.29,229.19480667022293,0.5003685
10.3,236.37392667889935,0.34099862
10.31,256.1123079793655,0.25868958
10.32,274.92149307505,0.44278482
10.33,302.7694432779082,0.6325984
10.34,315.8491470152977,0.78955483
10.35,315.52745188993686,0.8878442
10.36,314.76098186382904,0.9159922
10.37,317.26415418341776,0.85155565
10.38,322.48605636824715,0.85129404
10.39,328.024719071482,0.867087
10.4,331.0568074558983,0.9229659
10.41,334.1703564016475,0.9302873
10.42,337.60935784552987,0.87191236
10.43,341.62574512884527,0.7751653
10.44,345.73014698719226,0.8219998
10.45,347.7484384754138,0.8195665
10.46,349.43262226019135,0.85157734
10.47,349.8947726030606,0.92160124
10.48,349.7490671326199,0.9351103
10.49,348.5574272499075,0.9091625
10.5,346.4126184449023,0.9065771
10.51,342.1023242188422,0.8927007
10.52,338.86329836778157,0.9258565
10.53,337.3549446969824,0.94181216
10.54,336.2095905011745,0.9371855
10.55,335.561633272009,0.95580304
10.56,335.15999638755835,0.9531146
10.57,335.7594110852542,0.94261533
10.58,337.03306829731395,0.9281409
10.59,337.96910052567455,0.9290519
10.6,339.34279491105315,0.90351313
10.61,341.179904748183,0.8973044
10.62,342.13075947680784,0.912549
10.63,342.14482965940806,0.9072372
10.64,340.93964188501934,0.8792139
10.65,338.3545482659475,0.8885921
10.66,337.3542075028518,0.8497074
10.67,337.50219786553987,0.71878135
10.68,338.0098651999467,0.6172946
10.69,348.0085148544035,0.5352824
10.7,358.9649375157778,0.7466503
10.71,356.09731555450264,0.88149995
10.72,353.9822160071966,0.9100514
10.73,353.19245836175384,0.8666852
10.74,354.2546905539342,0.85959
10.75,358.6627010715184,0.46721125
10.76,364.56468812901153,0.55975145
10.77,362.35903984048315,0.59338576
10.78,359.2980530567558,0.77507347
10.79,357.3626763901424,0.805295
10.8,354.6250287845253,0.8657335
10.81,350.71969013745434,0.79534054
10.82,349.06650488406103,0.6782513
10.83,347.36825404631185,0.6310874
10.84,340.8287100992084,0.54733545
10.85,333.5595626291937,0.6890754
10.86,331.0485619629449,0.81268424
10.87,332.5507076693699,0.7750941
10.88,334.1267617393114,0.85131675
10.89,336.79549456629894,0.6776586
10.9,340.9511153920135,0.32377806
10.91,346.14123101612216,0.34813592
10.92,348.5519695118761,0.59090465
10.93,351.54550662206015,0.78925467
10.94,355.8754391272182,0.7692066
10.95,356.2620929928895,0.841089
10.96,355.8961058685105,0.832884
10.97,354.33703796241537,0.81293595
10.98,352.5999564058756,0.678561
10.99,350.7025467107378,0.822551
11.0,349.8128397652203,0.91609365
11.01,348.8204163251471,0.8960341
11.02,348.3565124148714,0.8234964
11.03,347.90432255788903,0.876149
11.04,346.42535574919805,0.8851044
11.05,344.00622038967356,0.8374575
11.06,342.194856255892,0.8441658
11.07,340.8520638041056,0.8319358
11.08,340.4772088861805,0.88064235
11.09,342.07783431481937,0.8735833
11.1,345.26401362222225,0.8009716
11.11,351.63575028745345,0.73963267
11.12,360.10955636197,0.8179117
11.13,364.81759647774317,0.925987
11.14,366.6103745896348,0.944205
11.15,367.91298366620435,0.93203866
11.16,367.9377016064209,0.93970686
11.17,366.931095486347,0.9567091
11.18,364.9031343934228,0.9201983
11.19,362.288895143322,0.93202746
11.2,358.6244301300253,0.94773036
11.21,354.5206747082073,0.9597986
11.22,351.37489194838764,0.94302803
11.23,348.39396198936845,0.9078215
11.24,345.5589728795895,0.88004476
11.25,341.0463175850409,0.85655475
11.26,337.6437228612898,0.91946596
11.27,337.04338872355333,0.91032684
11.28,337.1640051333857,0.8987289
11.29,339.28694752151625,0.8528792
11.3,343.6427988672368,0.751296
11.31,348.67741070301304,0.8111542
11.32,352.785239090639,0.8635945
11.33,356.05073216154767,0.78454804
11.34,356.8463265884084,0.79426175
11.35,356.3143452137137,0.8095776
11.36,354.80451404377993,0.8746634
11.37,353.75562530953835,0.88787645
11.38,353.45005834140017,0.86951053
11.39,352.05955722473675,0.7911791
11.4,350.03376389424955,0.77647
11.41,347.5742407869269,0.66309226
11.42,346.21880436688,0.7100068
11.43,345.9218291469733,0.72081125
11.44,345.26889739454964,0.80084157
11.45,343.84138308166894,0.72884095
11.46,342.86214213577836,0.8872002
11.47,342.07454310638474,0.94771475
11.48,342.0700845679122,0.96313274
11.49,342.30587568866224,0.9587912
11.5,343.1130739389016,0.92283136
11.51,344.6366724158759,0.85086894
11.52,346.7335318469612,0.8876416
11.53,347.6456257108026,0.90651494
11.54,348.91982360485724,0.94662136
11.55,350.0670864419484,0.96111745
11.56,351.121497554076,0.95977545
11.57,353.33932229254947,0.9507526
11.58,357.5935710553134,0.9617883
11.59,360.6110707194065,0.93623465
11.6,360.90107782280705,0.91421837
11.61,354.6287874865606,0.8521763
11.62,348.047950785476,0.8722395
11.63,345.90288914382853,0.93145394
11.64,344.92813211118494,0.92604107
11.65,343.2105820226402,0.9095735
11.66,340.6177126360847,0.83898455
11.67,335.3861182904716,0.71594787
11.68,329.42378314773293,0.6805677
11.69,317.6760169234701,0.6048187
11.7,308.053037982748,0.54610515
11.71,296.9097029328946,0.6658339
11.72,283.96267724692683,0.41579527
11.73,273.5007207124137,0.65737784
11.74,265.6883175675867,0.7054632
11.75,260.05833814225196,0.51628566
11.76,249.39816995328516,0.5341934
11.77,271.7560439733729,0.48166654
11.78,313.3101053665508,0.2720482
11.79,344.9064336569589,0.339322
11.8,353.89175905136324,0.638867
11.81,351.175062987497,0.7627621
11.82,352.8647434120515,0.7850224
11.83,351.8727290293732,0.5684065
11.84,311.4387940017897,0.13540725
11.85,309.9141395950413,0.12826687
11.86,345.58618959844625,0.122229576
11.87,343.8290600304734,0.1778673
11.88,344.888883947055,0.39086524
11.89,343.2913715808231,0.5586044
11.9,343.6620406134086,0.643562
11.91,343.6873840399317,0.7949949
11.92,314.4628986429951,0.8219604
11.93,278.0489525143297,0.77375335
11.94,244.2121440251447,0.61439466
11.95,224.3572192895724,0.33670765
11.96,221.14695811830867,0.64944375
11.97,219.6858427464594,0.46256456
11.98,217.03140411240912,0.28630918
11.99,201.77392709632102,0.2916018
12.0,176.98427381657268,0.35376653
12.01,163.0802355801839,0.24688746
12.02,167.1513731998095,0.41622266
12.03,168.27539005368328,0.5311157
12.04,165.75071950272527,0.2889936
12.05,176.51845176810684,0.0376151
12.06,194.54391905446323,0.0796039
12.07,215.36422034516423,0.07216948
12.08,227.907451232699,0.1055671
12.09,231.9817846493671,0.2876266
12.1,231.72049989169562,0.33460042
12.11,230.0994333672137,0.09830456
12.12,230.26626090661995,0.14299864
12.13,232.85501538198906,0.17825091
12.14,232.9666496955643,0.10461097
12.15,231.92655623554143,0.079239145
12.16,233.6725534656224,0.10053431
12.17,234.53590040339884,0.25145313
12.18,233.51230912763788,0.42674026
12.19,233.5466998131958,0.51215696
12.2,234.25969511310421,0.65626013
12.21,233.67319760680175,0.7161695
12.22,233.89010672969152,0.60260236
12.23,268.00665554570975,0.2611549
12.24,308.9587350748116,0.5410911
12.25,334.8868884015297,0.5856227
12.26,341.6235741863155,0.48107982
12.27,351.3640770712092,0.66914195
12.28,353.057732985662,0.7795115
12.29,352.37119785345726,0.5746698
12.3,350.9938303302197,0.5954173
12.31,347.6658548385655,0.7819917
12.32,348.99067793308456,0.81391656
12.33,348.2095080534006,0.8883707
12.34,347.0403956852846,0.88896257
12.35,343.44356003928743,0.5862414
12.36,341.88445735745717,0.5748108
12.37,346.8715138652166,0.64843684
12.38,346.2660817007154,0.7655039
12.39,344.86563231622705,0.7903365
12.4,343.5138782757541,0.8508301
12.41,343.63178537833113,0.9029677
12.42,346.28782323003,0.88947767
12.43,346.89198435678406,0.91104066
12.44,347.0161610589616,0.7752129
12.45,346.8218348297899,0.6846799
12.46,344.4082386407233,0.5397751
12.47,345.8535712903638,0.6641405
12.48,344.7690980482032,0.65663934
12.49,341.0860919237483,0.64548916
12.5,339.7176909147572,0.72461474
12.51,341.68334508027925,0.78369623
12.52,341.3392489147658,0.7957729
12.53,342.04796821731776,0.78267646
12.54,340.4217618273676,0.6797741
12.55,344.8864791816842,0.47631472
12.56,350.9268835310028,0.58648276
12.57,353.2933210424068,0.79743963
12.58,354.0593040026273,0.8279947
12.59,355.84337785468784,0.8231672
12.6,354.78660178093696,0.87056714
12.61,351.8767022524827,0.7636063
12.62,352.01533730241636,0.76876855
12.63,346.75565241834755,0.5908837
12.64,340.68426859420816,0.48007357
12.65,336.5357796259011,0.48616567
12.66,340.2435001191773,0.6586481
12.67,340.54450526941525,0.75162697
12.68,340.71031201047816,0.62140924
12.69,341.98492898723606,0.60657626
12.7,344.86508941243704,0.6288442
12.71,347.1440084787502,0.65602607
12.72,347.241871595456,0.5724815
12.73,346.16263166723803,0.45292816
12.74,331.8311690410127,0.22463246
12.75,302.60031560087583,0.13521893
12.76,275.31310750237554,0.21913004
12.77,255.17036551984617,0.46005562
12.78,229.5626160538,0.5450381
12.79,212.0217609992935,0.5256104
12.8,194.5972381914925,0.33927906
12.81,201.36742090679834,0.6588395
12.82,206.3985936961837,0.7730673
12.83,217.93096420679802,0.63724756
12.84,225.5898163983974,0.7999008
12.85,233.27523472548907,0.5135161
12.86,240.82689213189394,0.66068035
12.87,244.0929867093153,0.81698483
12.88,246.2186561627019,0.88294727
12.89,248.0155503264342,0.9283844
12.9,250.20104572585382,0.9434345
12.91,253.00174843745933,0.95330745
12.92,253.70461590171305,0.95339143
12.93,253.6625312392173,0.9093595
12.94,252.29963215478057,0.8229381
12.95,248.94139293314447,0.8257373
12.96,247.82989554935654,0.91961235
12.97,247.41635095454316,0.92780375
12.98,246.50228504841937,0.9176951
12.99,246.49360374896213,0.9229076
13.0,247.05631854838919,0.9486627
13.01,247.6873086113075,0.9553732
13.02,248.1090123930849,0.9489801
13.03,248.63831089218655,0.92110527
13.04,250.65515565226121,0.93988997
13.05,253.24769980636702,0.94462115
13.06,254.41354383938415,0.94815284
13.07,254.82958223934935,0.94427377
13.08,254.6390164929001,0.9451665
13.09,253.56906910479603,0.9356713
13.1,251.45301687877392,0.9116908
13.11,248.1067046675219,0.90874493
13.12,244.6769519671722,0.92024577
13.13,242.46467101517072,0.92831016
13.14,241.09883680841904,0.89997214
13.15,240.1689762449551,0.86720884
13.16,240.66907232638272,0.8946861
13.17,242.35691991135099,0.9382431
13.18,244.22866760404915,0.89880794
13.19,246.2062495224191,0.88847005
13.2,248.04789140288216,0.91231453
13.21,250.445673067576,0.939457
13.22,251.5502963503302,0.9348184
13.23,251.48521392958696,0.9362762
13.24,250.35253885767293,0.9457395
13.25,248.99515494747274,0.90243715
13.26,247.76638972008936,0.93596053
13.27,246.2827961935131,0.91459745
13.28,244.25090470777295,0.94130766
13.29,242.03231592783442,0.9541683
13.3,238.6576336111376,0.87979835
13.31,234.4934363884363,0.9190308
13.32,232.88558511983263,0.92602676
13.33,232.50398250003286,0.8962842
13.34,232.83115090806427,0.91831285
13.35,232.54399228843562,0.86781275
13.36,234.4561220476942,0.70869637
13.37,246.26966423416178,0.7326185
13.38,251.11744952815218,0.8619176
13.39,255.9037671990154,0.4195228
13.4,272.7842243439052,0.7299219
13.41,273.6639236835695,0.5894335
13.42,270.4339486206778,0.24327405
13.43,266.415831825053,0.34230572
13.44,272.56226223072906,0.4356795
13.45,278.121172216887,0.44089377
13.46,276.50027937991706,0.7631226
13.47,279.85325638637255,0.8115285
13.48,285.0666939589073,0.64273185
13.49,323.44430577645477,0.2751504
13.5,334.9558672203751,0.35642356
13.51,343.5089254568344,0.5463582
13.52,349.29535612603587,0.71740097
13.53,354.79822940477186,0.8060629
13.54,360.1909489549855,0.87104124
13.55,364.0981753213683,0.92154473
13.56,364.56530807564604,0.9126255
13.57,362.7741521774758,0.89961004
13.58,359.45992931145975,0.8901095
13.59,356.5334105529954,0.9290788
13.6,352.61813595033806,0.9075173
13.61,349.1597069458114,0.8513211
13.62,342.9530443905462,0.6658823
13.63,332.9498553796884,0.7189019
13.64,327.2730663447053,0.8184535
13.65,324.3921096645823,0.7964279
13.66,326.2861090894679,0.78019637
13.67,330.23562664530607,0.76187617
13.68,332.9643086827309,0.77286494
13.69,334.1360875552653,0.8684437
13.7,334.37312797942616,0.90667903
13.71,334.03783531944714,0.85981315
13.72,333.79150486310266,0.7111546
13.73,332.5743873368078,0.60492676
13.74,332.6235457325872,0.41531935
13.75,366.8436916744667,0.57322806
13.76,369.71369753217186,0.5985332
13.77,374.2483855045398,0.65049225
13.78,373.9954326075295,0.5931603
13.79,375.9586272429035,0.38184884
13.8,379.0486880320973,0.3399596
13.81,388.6111051572026,0.1990103
13.82,354.95100212821507,0.16985713
13.83,353.28225143940534,0.38808465
13.84,354.0766373300154,0.25142634
13.85,356.45753220494845,0.14480399
13.86,397.85096539017866,0.42404678
13.87,399.2904733274636,0.6247131
13.88,400.26942690181215,0.5057856
13.89,394.80925340922886,0.44436976
13.9,389.4065298223526,0.61669934
13.91,384.6791865307274,0.49828997
13.92,384.9049053837121,0.4157372
13.93,354.15438105626373,0.325499
13.94,346.5489561271048,0.64563155
13.95,338.725514810375,0.7824972
13.96,335.93012987862573,0.8620486
13.97,334.89838446000306,0.9098739
13.98,334.5366277019457,0.9279141
13.99,334.16549106376857,0.93487006
14.0,335.1781721181784,0.9418186
14.01,337.4694986809999,0.94231725
14.02,341.70999042958715,0.90462756
14.03,347.13532259307283,0.9160402
14.04,352.48977732166736,0.765763
14.05,357.88248779571245,0.67255425
14.06,364.221751190594,0.709392
14.07,366.85075602371296,0.595767
14.08,365.5043112483203,0.7196195
14.09,360.58889982155017,0.80427164
14.1,355.51703749241886,0.814867
14.11,351.3728579689332,0.82818866
14.12,348.31593093992586,0.81741345
14.13,347.35978518814164,0.69447833
14.14,346.324092033621,0.1316329
14.15,344.13911607262855,0.3866266
14.16,341.4845756555087,0.39341038
14.17,340.0701187583582,0.35459235
14.18,339.63773164925186,0.30344874
14.19,341.5241537074861,0.3807095
14.2,344.1019634582684,0.45302874
14.21,348.05613144456055,0.5284787
14.22,353.5806566599233,0.5658004
14.23,359.5145061668212,0.5787777
14.24,364.57653571311573,0.63710487
14.25,367.488353679576,0.8110107
14.26,368.6270221567976,0.8455396
14.27,367.81371108015855,0.8730564
14.28,364.935127379944,0.7962802
14.29,359.1907917336726,0.6540862
14.3,353.0350993939852,0.49501526
14.31,347.9507550668299,0.5146406
14.32,343.4041890316904,0.61637616
14.33,340.1646469348808,0.71892583
14.34,339.8896865242988,0.62716854
14.35,339.5560756138682,0.3979711
14.36,341.18763459199215,0.26365453
14.37,344.5681360156539,0.3714769
14.38,346.4122082250154,0.4460842
14.39,347.3761757725827,0.32927677
14.4,350.01587179541497,0.46174127
14.41,351.839695565271,0.515571
14.42,354.27629456686,0.5340159
14.43,355.4808211742141,0.37892014
14.44,356.3647470845517,0.4886128
14.45,356.43032863436446,0.30291706
14.46,354.52872157280154,0.28393584
14.47,352.25555222506,0.28678393
14.48,349.0209048875345,0.2533942
14.49,345.95789987024955,0.5618569
14.5,342.5934667664468,0.7561925
14.51,341.31160381817983,0.89453286
14.52,341.8718256564041,0.92572296
14.53,343.3676939134778,0.9462984
14.54,343.90037967409904,0.93820643
14.55,344.7364054692344,0.935521
14.56,349.01727239195196,0.93238145
14.57,357.4174245859794,0.90251803
14.58,361.6032414859987,0.9398291
14.59,357.9495349319661,0.9200248
14.6,347.6762627153562,0.7755812
14.61,332.37784701591096,0.56821144
14.62,313.21061605400394,0.51368254
14.63,300.148075943456,0.37588865
14.64,302.1212483268807,0.15907568
14.65,309.2378930599737,0.17123628
14.66,312.25395770943027,0.44995528
14.67,320.52870790138877,0.32936665
14.68,331.4628837531365,0.12679967
14.69,335.09398222780106,0.09493662
14.7,343.20159079466134,0.16885498
14.71,346.31084138816937,0.46553937
14.72,345.19257325535136,0.22259322
14.73,344.03597656412893,0.2072113
14.74,350.0975086052256,0.087704524
14.75,352.44984919527275,0.20275906
14.76,351.44185744763325,0.4190025
14.77,347.88912762830597,0.43006554
14.78,345.24584229988136,0.27728283
14.79,347.0865400482112,0.54001063
14.8,348.31608456395315,0.6409849
14.81,351.07671781196706,0.8427659
14.82,352.91347128071436,0.90494454
14.83,352.3982631472279,0.8847582
14.84,351.1843206660965,0.7281493
14.85,350.20621996545964,0.45880836
14.86,352.1884191379552,0.608201
14.87,349.51661578791544,0.82022566
14.88,347.2202898854443,0.9349768
14.89,346.48564366373927,0.9239706
14.9,346.0053711700176,0.88472253
14.91,345.3229720740026,0.7155278
14.92,345.5153167843664,0.4788489
14.93,356.3320966632745,0.22518785
14.94,355.90060097980876,0.4233997
14.95,355.99099631724494,0.29756525
14.96,357.8750831187706,0.72847664
14.97,356.5940955468094,0.77692044
14.98,352.55514082631345,0.6811538
14.99,347.4481835985538,0.5684614
15.0,346.95572522022667,0.46264148
15.01,347.6847661843388,0.21012081
15.02,349.7207887109112,0.65702015
15.03,352.93978004299913,0.6886019
15.04,352.7770199481465,0.55313903
15.05,351.33383513878834,0.8372635
15.06,354.40061086493745,0.8257534
15.07,357.5446585979346,0.6739194
15.08,354.4848064947057,0.38713756
15.09,352.5714174201606,0.41132295
15.1,350.92365663129067,0.54679525
15.11,349.8560048477965,0.52751136
15.12,347.7094997235971,0.4258103
15.13,346.6597799947508,0.6110628
15.14,342.2719775461571,0.6427667
15.15,339.2296240474781,0.6279104
15.16,341.7826070355438,0.70882845
15.17,345.866889745304,0.5529475
15.18,351.55980422523925,0.5816628
15.19,353.68314923050065,0.5211671
15.2,354.2691951816391,0.51381755
15.21,352.99833460780894,0.4343901
15.22,351.89094107717085,0.36501786
15.23,351.4000759805975,0.28604305
15.24,349.39419703052835,0.62972146
15.25,351.0751815914871,0.3755141
15.26,350.7477564996077,0.40125534
15.27,351.7397856577011,0.47128493
15.28,353.11883637586703,0.26491794
15.29,356.5867355064621,0.1531806
15.3,358.1141942652561,0.18195584
15.31,356.2680966880618,0.3303886
15.32,356.26700772983213,0.2071729
15.33,354.75573221838994,0.41276735
15.34,353.0186855691087,0.30053484
15.35,349.42407824996883,0.5500093
15.36,346.6267443798487,0.2959391
15.37,343.3012772562909,0.15019695
15.38,329.9284155553878,0.13277698
15.39,327.0838196959298,0.106554925
15.4,318.87012407946224,0.108384944
15.41,312.55532494065176,0.12667634
15.42,304.8974848408401,0.05310268
15.43,303.9947697736551,0.2027729
15.44,303.7423569063063,0.20487292
15.45,301.7186917247502,0.23829347
15.46,299.2834188949225,0.15671775
15.47,295.5595019867502,0.33621052
15.48,288.54765371095453,0.40241975
15.49,274.5694670932908,0.26789123
15.5,272.65206506257124,0.11601168
15.51,298.48068107911234,0.083818495
15.52,317.1337269676722,0.069397025
15.53,339.32399256757554,0.16618279
15.54,355.6175589142655,0.46316114
15.55,351.72303936706055,0.8026663
15.56,348.96569050193636,0.7520235
15.57,351.0893287904445,0.42481363
15.58,352.3401726611845,0.46419063
15.59,351.41628819322386,0.35756078
15.6,317.9113434991246,0.24330558
15.61,299.6122724465641,0.16019954
15.62,275.33538183450753,0.25655717
15.63,252.28607445083264,0.26702955
15.64,229.1654651300447,0.20400408
15.65,214.32642659821894,0.19800209
15.66,222.29559137453793,0.33093467
15.67,230.11370763100768,0.43296176
15.68,237.5348718690344,0.37178352
15.69,253.19379568388857,0.8057628
15.7,256.92621266122603,0.9148376
15.71,259.7810788653874,0.9158829
15.72,262.4727884144311,0.85563666
15.73,267.7079433686967,0.71222585
15.74,278.03206256967064,0.6238981
15.75,283.57554597089455,0.7517239
15.76,287.87338727609176,0.75305945
15.77,288.63774534299546,0.52786714
15.78,288.70281947495226,0.4403066
15.79,279.1618806304444,0.27068296
15.8,261.7336816761857,0.23145545
15.81,244.52734527800388,0.11664048
15.82,233.84245803023055,0.28049183
15.83,234.28155528701643,0.47860333
15.84,233.53840144157843,0.54032373
15.85,236.6680239075802,0.54639214
15.86,235.90693844900883,0.33295164
15.87,224.84192320799409,0.5490725
15.88,235.72451142691915,0.261672
15.89,246.83450225815625,0.30034918
15.9,267.2887606496624,0.48958677
15.91,287.4790326872317,0.37829095
15.92,310.7144627594172,0.72430366
15.93,325.72698930927373,0.5550888
15.94,345.7571381998771,0.079629615
15.95,355.94890780329075,0.46735093
15.96,364.66455955505666,0.7836676
15.97,372.41895544504166,0.7910507
15.98,377.27693375313413,0.82868576
15.99,379.0181801148966,0.8034588
16.0,379.5934607955067,0.8351489
16.01,378.2963922905203,0.8423163
16.02,376.17467675449734,0.8898591
16.03,371.8401343198588,0.93417215
16.04,369.42124486541263,0.91238546
16.05,366.6448780476742,0.9191854
16.06,360.39509645094665,0.7130217
16.07,354.44323424866093,0.84829754
16.08,350.9802155238699,0.8882057
16.09,349.89790801272136,0.86537325
16.1,349.76748670854124,0.87912655
16.11,351.8407647937943,0.8382947
16.12,357.4708759740489,0.65779454
16.13,365.83271975974014,0.7321085
16.14,376.8557857128476,0.8181043
16.15,378.9603363093991,0.89526653
16.16,380.16410348061777,0.8607475
16.17,383.6641589655483,0.82257503
16.18,389.8695820960381,0.882785
16.19,393.46420784328063,0.90943843
16.2,391.00812694568526,0.88229376
16.21,381.6817250077026,0.9070479
16.22,374.9152516219467,0.8706287
16.23,366.20234062108386,0.9248934
16.24,357.77214411678256,0.90549874
16.25,351.05396501532823,0.92682534
16.26,344.701158022438,0.8887139
16.27,342.59723163467606,0.92148805
16.28,346.64299471762797,0.855665
16.29,370.96766034992237,0.38994336
16.3,385.7186521782955,0.6243038
16.31,387.16610034607606,0.6638339
16.32,389.1129823198586,0.48387912
16.33,389.5196014349606,0.58203155
16.34,381.1233751410773,0.463264
16.35,356.8903449263945,0.5009084
16.36,357.25129937590793,0.3323282
16.37,351.3110516784816,0.63978106
16.38,342.903298157895,0.4519619
16.39,333.0354058346598,0.49030697
16.4,325.768776772751,0.7196926
16.41,322.29065193749585,0.85100895
16.42,319.6107257967956,0.795194
16.43,319.89640193779934,0.66444504
16.44,323.68855130553163,0.8234494
16.45,328.2448143684521,0.612715
16.46,334.4132831808091,0.7238496
16.47,339.88703247396194,0.586877
16.48,343.14785943724405,0.4411938
16.49,345.04439304851076,0.31504244
16.5,347.3602638700331,0.22324686
16.51,349.8409723137084,0.45926282
16.52,351.7796006772196,0.61244476
16.53,352.7681280014412,0.6664549
16.54,354.70263256609036,0.77592283
16.55,357.77126904228817,0.7754235
16.56,359.27329240371785,0.83459735
16.57,359.94979095606413,0.827388
16.58,360.2513498293218,0.7993959
16.59,359.99968874001473,0.8414182
16.6,357.3964341096417,0.89398515
16.61,352.2732139442893,0.89762694
16.62,347.02493627700824,0.9093126
16.63,341.4204686562283,0.8544712
16.64,334.4675780678641,0.8475719
16.65,329.46894106907394,0.9135878
16.66,326.24584608555637,0.94877326
16.67,325.75737490508493,0.9537858
16.68,327.15289792616943,0.955379
16.69,329.3764675619866,0.93707454
16.7,333.03979556207673,0.8940808
16.71,338.9164580164691,0.8810833
16.72,345.8580528731069,0.92096186
16.73,350.7767258734912,0.9203426
16.74,355.1762210094806,0.92971355
16.75,358.0688846932243,0.9482358
16.76,360.36897707082665,0.92415595
16.77,361.7788635302134,0.9266526
16.78,362.8659668044511,0.92411596
16.79,363.27594316346307,0.92273134
16.8,362.0201808170972,0.91456354
16.81,358.3516404728047,0.94082636
16.82,354.66732820833334,0.95671725
16.83,350.90650072073777,0.95046616
16.84,347.66090333448915,0.9378389
16.85,342.4580738034201,0.89164805
16.86,335.8929234039068,0.9093819
16.87,332.67810244981894,0.93955624
16.88,327.70032122063276,0.9236225
16.89,324.1418655907605,0.9353204
16.9,324.8275175067582,0.9248475
16.91,328.84377040634666,0.8870595
16.92,335.3044818212151,0.87587583
16.93,342.0046075376099,0.8658223
16.94,350.3026176100817,0.8475063
16.95,363.0635317146481,0.88779896
16.96,368.3417026063384,0.9559387
16.97,370.94348583695734,0.94402725
16.98,372.11500151374184,0.9401454
16.99,371.3896636404616,0.9376735
17.0,370.57057563706445,0.9379795
17.01,369.35235908086145,0.9159599
17.02,366.1702328491984,0.92758167
17.03,356.9733621084685,0.9214547
17.04,350.270811412272,0.94744885
17.05,346.8239222761283,0.9672495
17.06,340.64606418894766,0.90711033
17.07,333.6589404382681,0.8722787
17.08,327.7644769858613,0.87429184
17.09,328.90634803428543,0.74779576
17.1,334.36368928224994,0.8097908
17.11,340.1059089466436,0.8286618
17.12,346.1581357702485,0.9067657
17.13,352.2518826451211,0.88127154
17.14,359.2432813095872,0.86140424
17.15,367.52617815015117,0.9010758
17.16,372.9018592281181,0.613206
17.17,371.90336831133885,0.6358381
17.18,367.23002084593423,0.80981517
17.19,361.08455730025685,0.8142756
17.2,354.990253525514,0.7321405
17.21,348.6061386347256,0.78231066
17.22,346.70483999859124,0.616594
17.23,309.3431583895837,0.4844999
17.24,306.14257442279717,0.7538892
17.25,305.14732421916705,0.87297994
17.26,304.1798404413694,0.9290816
17.27,303.7963885413984,0.94702786
17.28,303.72708665136423,0.9496142
17.29,303.4073260809634,0.93583137
17.3,302.7878713557194,0.94722825
17.31,302.9313661312785,0.9463871
17.32,303.42495159892275,0.95037365
17.33,303.82133104575263,0.96115255
17.34,303.52288127177303,0.94879043
17.35,301.61798516633615,0.94908917
17.36,298.20087811446734,0.9439872
17.37,293.99529999740116,0.9299417
17.38,290.28904905557675,0.81793857
17.39,285.1331642500445,0.70740646
17.4,276.9998669891239,0.77955925
17.41,273.2385591495901,0.7146336
17.42,265.03219463480497,0.5184967
17.43,255.2729180634734,0.41060936
17.44,246.9334742518845,0.46095437
17.45,240.12567228863432,0.8151388
17.46,236.02637491720375,0.8851079
17.47,231.47838759495903,0.8783175
17.48,227.7035408116863,0.90507716
17.49,226.5239462062348,0.9160235
17.5,226.69472838175537,0.8993313
17.51,226.94055341051524,0.89613485
17.52,227.56206209201693,0.9028275
17.53,229.02875286058244,0.9229932
17.54,231.71685281677236,0.90843946
17.55,234.9564632986834,0.8804976
17.56,238.29153355430208,0.5943396
17.57,242.07849359005615,0.37544772
17.58,245.18127656685044,0.45403776
17.59,248.5930548606392,0.49916723
17.6,246.79521756535058,0.5977142
17.61,245.5323000674611,0.80291855
17.62,246.96116622505008,0.7058315
17.63,248.79263061012563,0.66310406
17.64,246.3943630454739,0.7058345
17.65,245.48763547765262,0.81295854
17.66,246.37992999647662,0.5956158
17.67,246.96661522268013,0.6809753
17.68,245.91866072415007,0.6476853
17.69,243.30518858350933,0.8283018
17.7,241.7651627843099,0.8533049
17.71,240.07787507818864,0.6747744
17.72,240.1532823159694,0.493956
17.73,240.82544604259476,0.4890826
17.74,241.61949787286642,0.45845968
17.75,241.87468186771247,0.3593377
17.76,241.5372281982227,0.4905899
17.77,240.95382937187344,0.74909043
17.78,242.21102227427946,0.8333861
17.79,245.03262104062273,0.8541287
17.8,245.1890209613095,0.9016776
17.81,245.19351335120976,0.87985075
17.82,247.21574825338115,0.8405629
17.83,247.9947114336392,0.86335325
17.84,247.23813223137466,0.8212118
17.85,248.5659008043574,0.83464634
17.86,249.41961917940307,0.8590987
17.87,246.62326287946206,0.8007146
17.88,245.16425462104388,0.7509814
17.89,244.2302873405038,0.51580167
17.9,243.63665374353988,0.6263023
17.91,242.43276092519812,0.5760032
17.92,241.61040489786697,0.8497953
17.93,241.65113510451405,0.8888112
17.94,242.43907878921226,0.8803382
17.95,243.89037218670035,0.84653693
17.96,245.66028799636481,0.8101456
17.97,250.92201474915936,0.7571521
17.98,253.59294261623364,0.9068193
17.99,254.01031637904214,0.8668068
18.0,259.4388099171476,0.6986511
18.01,267.7328279588842,0.88921434
18.02,269.62193971281175,0.94467944
18.03,268.0696729225696,0.8939364
18.04,264.8113807143475,0.8781018
18.05,263.47690234792174,0.8763088
18.06,258.5214564113222,0.6552518
18.07,251.74679430132585,0.8439069
18.08,249.87015697468163,0.80142146
18.09,246.08192091224427,0.6173187
18.1,237.6167927515316,0.732043
18.11,234.94250207674813,0.86878395
18.12,234.62166940105328,0.8782968
18.13,235.43449641479805,0.7956693
18.14,237.88702915965234,0.7941552
18.15,241.29115082469085,0.6255519
18.16,245.11047415663546,0.5593514
18.17,247.82342498259607,0.6109844
18.18,248.61768004246588,0.795443
18.19,250.6215234979174,0.80868334
18.2,254.03249184108853,0.8663797
18.21,256.25829928892125,0.8904606
18.22,259.98233100969134,0.8960659
18.23,261.5502207019225,0.935845
18.24,259.522889858553,0.8704642
18.25,254.86838688539663,0.84639424
18.26,253.21401449445372,0.78382975
18.27,249.60426888024938,0.5555979
18.28,244.7292008463411,0.21921355
18.29,242.5314492060613,0.36424908
18.3,242.0212471572791,0.47835395
18.31,240.86610361828107,0.4886811
18.32,242.26736551714052,0.6809781
18.33,247.55971004249062,0.6113501
18.34,251.40006914330374,0.8682553
18.35,251.72110780047421,0.832845
18.36,256.95242781399577,0.8280144
18.37,261.3592947249706,0.9450938
18.38,262.4772978705919,0.9544434
18.39,262.5295368514994,0.92986256
18.4,261.4680966555,0.8919519
18.41,256.21266145981247,0.8077194
18.42,251.05780282376966,0.7850203
18.43,247.06514165777855,0.70099384
18.44,242.79102096041362,0.76253957
18.45,237.91658724591,0.76176554
18.46,231.93090564712656,0.78121686
18.47,228.3437870644491,0.9047596
18.48,227.74781319367062,0.9012226
18.49,230.40699408691313,0.80680954
18.5,234.4982573846213,0.8231415
18.51,240.67993271402187,0.75549793
18.52,246.60708457566682,0.8240042
18.53,250.52446943076743,0.9049297
18.54,253.97867413674075,0.8675448
18.55,259.66946977027055,0.9249052
18.56,261.4578655295818,0.9420692
18.57,260.9227386045365,0.901934
18.58,257.18139534418384,0.82447773
18.59,250.55327506022135,0.80332947
18.6,244.4028243959297,0.82536924
18.61,240.36525938716767,0.886199
18.62,236.48130949985983,0.9099804
18.63,234.3068509088043,0.9234861
18.64,234.4043196563145,0.9158016
18.65,236.14263948351942,0.8820762
18.66,242.11663874348045,0.69584906
18.67,254.22816265801546,0.5817907
18.68,261.97117606076114,0.9003333
18.69,268.19328230323225,0.44637617
18.7,284.07763018993495,0.8434263
18.71,285.4209350863498,0.67339396
18.72,272.40738418488655,0.30305573
18.73,255.34666021115473,0.35930255
18.74,252.3225645203939,0.5847402
18.75,260.3616301772506,0.5541323
18.76,284.5786252638568,0.46134517
18.77,287.5974806059562,0.53486353
18.78,291.1847049017616,0.7984153
18.79,293.34286988743764,0.87115103
18.8,296.09601320374793,0.9168701
18.81,297.70239308776786,0.9594138
18.82,297.92364216320993,0.96571445
18.83,297.24374682423957,0.9498895
18.84,296.954044607714,0.9228
18.85,297.5181550714586,0.9018401
18.86,297.9736614971157,0.87456155
18.87,297.7677392865471,0.8475259
18.88,294.84766204578324,0.8223863
18.89,288.8899026950998,0.826082
18.9,285.7718933330216,0.8620845
18.91,286.2666457557523,0.84368217
18.92,288.67157244274154,0.7939415
18.93,293.27632637682564,0.73426807
18.94,298.35623886913976,0.7629859
18.95,305.73824073021984,0.7040394
18.96,314.80514255318167,0.7031787
18.97,322.5765730072488,0.77278674
18.98,328.15441825782835,0.85184425
18.99,331.2914702135601,0.82939714
19.0,336.72382760143364,0.7661659
19.01,342.2686364093113,0.7632418
19.02,348.83885622051196,0.7522015
19.03,362.36173607438866,0.8276288
19.04,364.9244673677277,0.8798746
19.05,365.5574137850108,0.7653708
19.06,364.69210121683716,0.80785865
19.07,358.74695675174496,0.8340905
19.08,351.1385436713947,0.89775527
19.09,345.77426716759453,0.8816671
19.1,335.04137933983884,0.57799613
19.11,320.6623144807304,0.8170188
19.12,316.5707243034144,0.70280623
19.13,300.118401441645,0.8110111
19.14,297.29859036980605,0.9273397
19.15,296.6631429071736,0.9189368
19.16,299.92642540630834,0.87398213
19.17,308.1090478430685,0.7560965
19.18,318.43527368809526,0.86216843
19.19,328.280484872186,0.88464993
19.2,329.0256207746314,0.8811189
19.21,323.13126192819504,0.43652666
19.22,309.90175015647657,0.5414632
19.23,306.3167755802625,0.72997624
19.24,304.00957641651866,0.80916667
19.25,300.539659126419,0.7646866
19.26,294.72308782085884,0.7218257
19.27,290.5816841122014,0.63222885
19.28,277.2890965234981,0.69582343
19.29,272.6061801509244,0.88533217
19.3,270.72535587608695,0.76264685
19.31,270.9115334248616,0.7178919
19.32,272.9073323645348,0.91569364
19.33,275.5583645030535,0.8571486
19.34,284.22055932025626,0.7014232
19.35,289.7231830102221,0.85878044
19.36,291.87901489308797,0.90152365
19.37,292.1676782594276,0.7702091
19.38,289.935035332263,0.51168954
19.39,283.0710313076651,0.46654138
19.4,283.2928589174572,0.26198155
19.41,303.8862072832563,0.8231524
19.42,304.1372244833197,0.8659516
19.43,309.2037057968536,0.7451008
19.44,322.3623367578556,0.6569648
19.45,322.7520086329894,0.7587552
19.46,320.3214232946462,0.8008727
19.47,319.5772191667725,0.82211006
19.48,320.0211759412679,0.8580387
19.49,325.73429557745374,0.6922448
19.5,335.53779311822205,0.7114114
19.51,342.06145086541875,0.86623836
19.52,343.98179157625657,0.89576995
19.53,345.10101623996115,0.93195844
19.54,346.39174181936687,0.92751735
19.55,348.5024489149578,0.83282727
19.56,352.48601305040046,0.7174317
19.57,356.3795270012235,0.79500794
19.58,359.4766223198111,0.6959808
19.59,362.01696074454094,0.8229964
19.6,362.2820594975505,0.840697
19.61,358.98952938959775,0.8651212
19.62,354.7221820422776,0.9193626
19.63,350.82839794217114,0.9565309
19.64,345.4419702562641,0.9094368
19.65,337.52097527523057,0.80939895
19.66,322.3667457178238,0.65642124
19.67,309.7223852867261,0.57429713
19.68,299.70826310513326,0.91409135
19.69,295.8945844472745,0.9423055
19.7,295.47900193444366,0.93468904
19.71,300.14150124406206,0.86335254
19.72,309.4907803224392,0.6355699
19.73,337.5759232029335,0.3590206
19.74,355.07651507705145,0.5038045
19.75,364.0847393661442,0.8222213
19.76,366.3519632903358,0.90946907
19.77,372.849716818894,0.55468386
19.78,380.76563220858765,0.8745514
19.79,379.4226476035595,0.8423654
19.8,358.8275758614364,0.740949
19.81,351.0215214674938,0.88271254
19.82,345.3481354225563,0.8356086
19.83,340.60650559063083,0.66940755
19.84,334.9548587847861,0.4483702
19.85,326.0497507551022,0.5945745
19.86,316.8644114236348,0.815634
19.87,315.9702423739533,0.9248656
19.88,318.59599635402986,0.8521949
19.89,326.2146163296151,0.6203902
19.9,333.53149431682226,0.5801352
19.91,348.6511706325821,0.5049697
19.92,361.3985804622439,0.56256473
19.93,371.26205700081016,0.3578618
19.94,384.1125603544878,0.42572248
19.95,385.8031606967763,0.5290254
19.96,381.833773373421,0.6725472
19.97,376.5216104603884,0.81506765
19.98,373.1416849956796,0.76759297
19.99,370.531757990077,0.74004054
20.0,369.8198678689915,0.6750076
20.01,373.15715803467447,0.52970254
20.02,384.22788156617827,0.55760515
20.03,387.53706797880545,0.72596484
20.04,388.3184084890055,0.5546947
20.05,386.14076570618477,0.6050969
20.06,380.0498268224717,0.503001
20.07,372.5259008681916,0.37232572
20.08,362.15627184145285,0.32748985
20.09,364.7728153797626,0.29080305
20.1,374.5793099254928,0.53602177
20.11,376.4204256676103,0.7636188
20.12,375.85761311406384,0.8368567
20.13,375.1989765897025,0.8703872
20.14,372.96005114905824,0.8124547
20.15,371.23904832926416,0.7313601
20.16,368.2576049048418,0.49223918
20.17,368.6810220531721,0.46280646
20.18,369.03918983712055,0.44621983
20.19,351.5640766679321,0.40831867
20.2,341.8151549770275,0.2886406
20.21,329.0166299971975,0.19115579
20.22,330.18565071836554,0.38191977
20.23,331.1146022851434,0.23853609
20.24,334.8201008620057,0.3666005
20.25,347.83232375347956,0.5621034
20.26,353.9337439879335,0.30119672
20.27,352.4654783240901,0.25960827
20.28,354.7144666929812,0.13676198
20.29,365.84189637296225,0.25828323
20.3,360.93155464394164,0.3048734
20.31,363.16325992114946,0.47138584
20.32,363.0556654080829,0.7606847
20.33,360.77646215137463,0.67067003
20.34,356.37513404178776,0.49264115
20.35,352.094364469346,0.35751963
20.36,369.1599078546241,0.14851722
20.37,368.4406657252157,0.25488904
20.38,358.4367592148776,0.25883695
20.39,357.71955853857975,0.33548516
20.4,357.42879446097675,0.27043933
20.41,369.04898369680217,0.15520519
20.42,372.19664194485665,0.1288794
20.43,362.81104920660135,0.16770639
20.44,364.0070689884893,0.35431585
20.45,363.9834706531102,0.5422084
20.46,362.3437714772207,0.45928425
20.47,362.68040713009316,0.45613793
20.48,404.2479829944446,0.66807336
20.49,439.84454041279315,0.7113895
20.5,428.87630189539925,0.58406043
20.51,417.58769623622277,0.69200844
20.52,411.67563122196486,0.82382095
20.53,406.50596631694293,0.8934082
20.54,403.18196102134254,0.8985225
20.55,399.00622506012326,0.90536124
20.56,393.39470064639806,0.8654065
20.57,386.5824747109096,0.7789123
20.58,381.8953732601694,0.85246134
20.59,377.34070612314144,0.89513004
20.6,375.27352945915607,0.91769695
20.61,373.25769119749674,0.8798611
20.62,368.7025481318449,0.83546555
20.63,365.04318602221724,0.8576596
20.64,364.4914185507259,0.84604543
20.65,365.69217430789934,0.8950208
20.66,367.7039882587268,0.907703
20.67,369.3057699318207,0.86566544
20.68,371.10174926024024,0.88218325
20.69,373.2021739801471,0.85188305
20.7,376.2302094998172,0.8661111
20.71,378.13776434712446,0.67203
20.72,379.78021923386075,0.85470235
20.73,380.6478065279089,0.91556174
20.74,380.2786446934281,0.9121312
20.75,379.8784842163544,0.88996434
20.76,379.60852835461054,0.86463577
20.77,380.33497143222496,0.876893
20.78,380.23567449185794,0.8634742
20.79,379.4610399405515,0.8525598
20.8,378.7086135073824,0.83036244
20.81,377.75645335728314,0.7426973
20.82,376.233421130245,0.70022136
20.83,374.2972243804477,0.78565496
20.84,371.6250502696612,0.8288824
20.85,370.8773719766002,0.85116386
20.86,371.3276397207446,0.85954154
20.87,371.2597830110757,0.8727344
20.88,369.49712010007033,0.85848796
20.89,366.8319216713129,0.86526585
20.9,365.8496037607319,0.77212906
20.91,367.19587128427656,0.73505056
20.92,369.90978737741875,0.6930934
20.93,375.32975137860143,0.79470176
20.94,377.403982779942,0.8748206
20.95,377.50891452763597,0.9055217
20.96,377.4011044144187,0.9259824
20.97,377.0831189937996,0.92448604
20.98,375.34322368918424,0.93698215
20.99,374.0412950879046,0.9121188
21.0,372.2304638320497,0.923438
21.01,370.82796940520126,0.819341
21.02,368.1124609765183,0.68017423
21.03,361.35801706994266,0.553814
21.04,356.58098310735704,0.6600342
21.05,364.4883985262353,0.3550492
21.06,368.6713353782708,0.3964681
21.07,368.38879559315694,0.2212773
21.08,372.0938153364559,0.1450431
21.09,376.51724658746,0.24629457
21.1,376.07164829346334,0.28738046
21.11,373.28385471846167,0.33719766
21.12,369.4370721678108,0.63283616
21.13,370.217768645309,0.7067274
21.14,370.35258691174425,0.6052725
21.15,371.21482471803967,0.39011192
21.16,373.1338404028481,0.41209292
21.17,373.29255549278236,0.5465289
21.18,372.7678520360444,0.6633474
21.19,371.4723545636659,0.7622331
21.2,370.22382390016224,0.74202704
21.21,369.33628324851475,0.6440277
21.22,369.2827075766985,0.48280936
21.23,369.9280051476763,0.4850197
21.24,371.3102368536664,0.63852054
21.25,370.6268200985703,0.6732841
21.26,367.13215911898226,0.52342707
21.27,364.8983149447182,0.5621603
21.28,368.1685394753766,0.48099232
21.29,335.71933228771223,0.6340289
21.3,297.04921912594546,0.64844656
21.31,271.7803327166057,0.6446882
21.32,235.89487374202082,0.31429988
21.33,209.44527895506073,0.37965348
21.34,210.02708514534083,0.52668047
21.35,210.53260038781417,0.6964512
21.36,210.21288356268298,0.7517844
21.37,210.09447397112243,0.7050048
21.38,210.23379090339571,0.7638886
21.39,209.5672499816393,0.75443953
21.4,208.45297836454188,0.69007725
21.41,206.7660413504865,0.6276409
21.42,204.40145755971645,0.3337403
21.43,189.06370775347244,0.6340502
21.44,186.33448066171053,0.5492533
21.45,187.61659094354602,0.48331374
21.46,203.69621148012033,0.21230356
21.47,214.75857571662021,0.12074519
21.48,223.0552478621954,0.704717
21.49,224.83411855218492,0.7361895
21.5,224.07258239568404,0.77485085
21.51,224.65665417624234,0.8436411
21.52,225.06890417810698,0.86872405
21.53,225.5622761988167,0.86247677
21.54,226.50016442533052,0.81173086
21.55,227.57533956843847,0.7692469
21.56,228.50085785801804,0.8401225
21.57,228.21754909285758,0.88192093
21.58,228.36329431522304,0.9054044
21.59,228.36562475774898,0.91510975
21.6,228.8662069013012,0.89982253
21.61,229.34129750339775,0.87868464
21.62,230.6746712358937,0.89296246
21.63,231.60377569239267,0.8861598
21.64,231.78540709670375,0.8662196
21.65,229.0988992088683,0.85416824
21.66,226.11971525516182,0.8861635
21.67,224.96579434222258,0.88155335
21.68,226.13709760809138,0.8510557
21.69,226.26428008335282,0.83024365
21.7,223.93931815672113,0.611488
21.71,218.41270713830627,0.4515064
21.72,247.8001921638686,0.14392401
21.73,274.9699583818499,0.32234272
21.74,301.9461315610434,0.22979683
21.75,308.4363163553842,0.42571878
21.76,329.20248984174873,0.13784985
21.77,336.8482872725854,0.23749505
21.78,346.36842277020344,0.52944475
21.79,349.088342025497,0.7633534
21.8,351.056233896939,0.8860448
21.81,352.2016774306624,0.6663279
21.82,370.731141007983,0.2903312
21.83,382.24615163599816,0.6189597
21.84,381.89011476171567,0.28883436
21.85,385.51261477267724,0.34338173
21.86,388.15844974080403,0.49872142
21.87,388.6601339357241,0.78516096
21.88,356.7228709746307,0.086091354
21.89,353.5058986484166,0.27977577
21.9,373.4196525630273,0.097009666
21.91,396.56845655112886,0.18738064
21.92,404.16869823777716,0.27936518
21.93,433.1067714056244,0.4678996
21.94,442.3804575558195,0.34537548
21.95,439.655631548053,0.6390238
21.96,437.13143232324484,0.79099333
21.97,437.003062627283,0.8010417
21.98,434.78432286262205,0.5051389
21.99,438.2314451614628,0.20885639
22.0,397.5330948328931,0.16670282
22.01,338.38696008673446,0.47208017
22.02,303.9340987033681,0.52873665
22.03,302.3895842376766,0.64312243
22.04,304.0678091786575,0.71281755
22.05,306.23564994228514,0.8270285
22.06,308.05437100679984,0.8302697
22.07,310.25733450113273,0.6101797
22.08,314.69455245723384,0.45404398
22.09,317.18624958173444,0.6714307
22.1,320.25443102146664,0.7403275
22.11,327.0060641703393,0.8092159
22.12,330.71388747039833,0.89051306
22.13,338.73986464059635,0.66265666
22.14,304.41549178503544,0.672529
22.15,276.0651021837655,0.84239763
22.16,240.1492054556633,0.85323346
22.17,213.93296589552534,0.6411653
22.18,193.10025755545269,0.6854293
22.19,197.47117266789618,0.8421196
22.2,203.63500426975554,0.72314525
22.21,208.10729332687757,0.92834055
22.22,208.1782587677112,0.9042167
22.23,201.9290053950189,0.65992206
22.24,194.82906380796982,0.78519046
22.25,186.69248944360479,0.8464282
22.26,181.54458434725416,0.89099526
22.27,176.145586896499,0.82037735
22.28,172.9060565833256,0.8749604
22.29,170.86896977706635,0.87023836
22.3,169.7311809073655,0.90976113
22.31,170.3130901840788,0.83776367
22.32,173.65742586534088,0.85139203
22.33,178.24564028286576,0.82466155
22.34,183.53460084584106,0.83885896
22.35,188.83820744697562,0.7335777
22.36,194.99283672053872,0.61628324
22.37,203.10957115517422,0.75297797
22.38,206.40762194795073,0.90146667
22.39,206.2965355124251,0.85379237
22.4,204.85310132612398,0.7868202
22.41,202.2300030119954,0.636937
22.42,197.55048269740223,0.5434354
22.43,192.577410173366,0.5759061
22.44,187.54185099668942,0.7211303
22.45,182.48691141825697,0.7111672
22.46,175.27719682485196,0.7155894
22.47,170.61817795263516,0.7966977
22.48,168.3590783272143,0.8694907
22.49,168.00855910850146,0.87728125
22.5,169.73091096873813,0.7818704
22.51,173.50233067768698,0.78954875
22.52,177.66596770147476,0.67979324
22.53,185.5685469098265,0.2396087
22.54,204.15892902986954,0.3651562
22.55,217.36839487730697,0.6999507
22.56,220.45329948585828,0.8799985
22.57,220.8190812362069,0.9273606
22.58,218.66809127032835,0.9020185
22.59,214.9274720902776,0.816264
22.6,209.14548554023824,0.7294925
22.61,204.17816107394813,0.62456274
22.62,194.69323172815578,0.39082792
22.63,184.01532162580654,0.70058036
22.64,176.8993358772015,0.63465846
22.65,170.12795863103352,0.725368
22.66,167.24350002977712,0.92207724
22.67,165.99141649741324,0.94143504
22.68,166.66455342433753,0.9039624
22.69,169.57292165241302,0.6260093
22.7,174.89340860365252,0.49757424
22.71,194.3932413447992,0.2872474
22.72,209.23680447523247,0.4835723
22.73,214.86197055397128,0.7327801
22.74,217.90239930249737,0.8943533
22.75,218.85831777324128,0.9154028
22.76,217.6952855927882,0.91289365
22.77,214.13474136710522,0.8034211
22.78,208.9157910148984,0.63938177
22.79,200.85203418966887,0.36577392
22.8,183.76657030556316,0.57555884
22.81,177.12924429392473,0.6132516
22.82,170.16253809223736,0.7038745
22.83,167.40985559874954,0.88481367
22.84,167.579864043233,0.8704435
22.85,170.06748354240523,0.697286
22.86,176.17804728106955,0.5109364
22.87,192.44491908948237,0.47482356
22.88,198.33148388829176,0.6200254
22.89,201.3787957598645,0.7553225
22.9,201.33137531720115,0.7127653
22.91,197.13178884542629,0.70337206
22.92,191.63148468354294,0.6337557
22.93,186.04859500237438,0.80492765
22.94,181.64934395187316,0.7180031
22.95,173.96160270037612,0.73626876
22.96,168.8328149135842,0.73566675
22.97,164.49407813485809,0.70825833
22.98,155.61968390914015,0.3655487
22.99,148.8953069959817,0.2869292
23.0,137.46935451804023,0.6537418
23.01,135.95662862012927,0.8309303
23.02,137.5911700625018,0.7326212
23.03,145.31563562980332,0.4267213
23.04,151.49987313801097,0.58266574
23.05,158.62367563812919,0.6781455
23.06,162.6194326599026,0.83773774
23.07,165.58929394103419,0.90159386
23.08,168.7217888425048,0.8043545
23.09,172.568082055809,0.8047401
23.1,176.51198731142665,0.8089418
23.11,180.99677138476065,0.7605797
23.12,186.57919473125733,0.70066947
23.13,194.0616688532329,0.77460206
23.14,197.1244585692399,0.74431074
23.15,197.9811180536468,0.5845361
23.16,197.20033708965173,0.53806883
23.17,194.88103766891865,0.76149505
23.18,191.5798276638967,0.7805359
23.19,187.56955848018094,0.85192734
23.2,184.638134020785,0.8780979
23.21,180.94857199493958,0.8299426
23.22,176.13620654372136,0.806229
23.23,172.36009530356063,0.8136397
23.24,169.2184266723824,0.8805169
23.25,167.76326590951473,0.91696984
23.26,167.95803486958195,0.89229953
23.27,170.2073714288141,0.80555326
23.28,173.20995888727123,0.82067424
23.29,175.72254831858643,0.77041584
23.3,182.49014951718365,0.4853102
23.31,188.00577182523884,0.49958467
23.32,208.11863116348735,0.27316442
23.33,215.63685805081602,0.75351
23.34,218.32409653265955,0.9070543
23.35,219.0799882319905,0.8913159
23.36,217.6936338522114,0.912918
23.37,214.8888010522852,0.8379356
23.38,211.80930760322667,0.67071444
23.39,205.93895737675905,0.5314933
23.4,192.85833695430753,0.3542465
23.41,185.1529850066507,0.7886184
23.42,181.1488725433456,0.71555287
23.43,176.70736425668846,0.8387416
23.44,174.0349762961793,0.90989965
23.45,172.61036774397644,0.9250545
23.46,172.16365144683297,0.91564274
23.47,172.988879439926,0.91470695
23.48,175.83182241034945,0.853204
23.49,180.89317218292763,0.781563
23.5,186.3559988078667,0.8064074
23.51,191.6941524467347,0.79854536
23.52,197.00250044547846,0.7530582
23.53,204.1195011833369,0.83308303
23.54,207.06122532260036,0.9159665
23.55,206.9117358537307,0.9083501
23.56,204.51610249146972,0.88527113
23.57,200.7555680720635,0.7921353
23.58,195.91412881983683,0.81771463
23.59,192.11644786155597,0.6743761
23.6,185.9128338405856,0.67433053
23.61,179.40754376894506,0.6292473
23.62,175.2529844989666,0.8667555
23.63,173.09326136423437,0.9295297
23.64,173.71617067393794,0.9309184
23.65,176.044427928304,0.8738864
23.66,180.5138095748316,0.7213208
23.67,186.97839091803175,0.6032966
23.68,198.17519220759038,0.22567265
23.69,208.87911152247477,0.48975542
23.7,210.29679678591904,0.67278314
23.71,208.87406413329043,0.6735505
23.72,207.08024978630783,0.7604863
23.73,202.59725342521824,0.40388727
23.74,194.59439267234305,0.5863894
23.75,187.0774853783273,0.6262188
23.76,178.03886852662322,0.57881033
23.77,171.22364085102416,0.6347883
23.78,166.72081618554705,0.7195959
23.79,164.475402223701,0.7254055
23.8,165.07871333470848,0.9022708
23.81,168.15525377120096,0.7656933
23.82,173.9697414395066,0.6588778
23.83,180.65769405252024,0.6560854
23.84,188.07555012736574,0.6164873
23.85,196.82899285906817,0.55950576
23.86,205.0588805815541,0.6791432
23.87,206.13170939974123,0.8633323
23.88,205.08659506616166,0.83145237
23.89,202.79702030787968,0.7822373
23.9,198.3408064044022,0.63373905
23.91,190.48097347036952,0.524241
23.92,185.41630553704937,0.72910434
23.93,179.89018426585133,0.5617402
23.94,172.3487915688359,0.5086147
23.95,165.88574858478464,0.5685203
23.96,161.30013166495914,0.432399
23.97,154.3835409252656,0.25393054
23.98,162.9760468279284,0.014678296
23.99,169.36996963394162,0.010254225
24.0,174.38588139747714,0.059348498
24.01,184.26075675150287,0.13364768
24.02,187.50188458416218,0.12246771
24.03,194.9660929267317,0.079908215
24.04,200.43247510546348,0.047125787
24.05,204.4721439846041,0.091295116
24.06,205.5787137742347,0.06778109
24.07,205.5741643343579,0.118403465
24.08,203.38170059643514,0.26710212
24.09,181.9838665238575,0.31904685
24.1,192.63050840524892,0.5883468
24.11,195.0440038628065,0.851602
24.12,196.5284011247582,0.77790475
24.13,210.55131517620754,0.679087
24.14,219.95849824943645,0.3737973
24.15,238.2472029066054,0.2733229
24.16,261.1353678937539,0.553652
24.17,271.58110313391387,0.9475472
24.18,271.09510970026184,0.950816
24.19,264.20654388928847,0.89376193
24.2,261.8578297584091,0.9651788
24.21,262.0288055285324,0.9547668
24.22,262.5974952996389,0.8496117
24.23,258.0891838851749,0.5892238
24.24,249.1213140500568,0.30981264
24.25,238.28625507702807,0.1946014
24.26,222.09226068920503,0.2107615
24.27,220.14320945463385,0.31202137
24.28,199.50342984309736,0.10618805
24.29,179.3502880307953,0.21270296
24.3,162.32447689775717,0.4939175
24.31,144.98438178724487,0.58435225
24.32,134.59589459526367,0.8572811
24.33,133.87960155576414,0.88137496
24.34,135.8856655611554,0.84326696
24.35,138.57161291332795,0.79241264
24.36,142.39585820451174,0.72191614
24.37,146.23865371610702,0.8166588
24.38,149.60151111309963,0.8069703
24.39,155.00092633876423,0.7818146
24.4,160.14538555827045,0.7922643
24.41,163.5878935638124,0.75990176
24.42,166.37872200454393,0.5253984
24.43,168.47441563510742,0.4974375
24.44,168.86364964252,0.7083829
24.45,167.26862974351633,0.5847611
24.46,163.96945199953478,0.66507477
24.47,160.7753750146442,0.81618094
24.48,156.14900602220575,0.70694697
24.49,152.61106302124813,0.6694035
24.5,142.69800979171268,0.48374397
24.51,135.97662657067215,0.761578
24.52,132.91599049521255,0.8771536
24.53,131.4437865122619,0.9286364
24.54,132.45076887262434,0.83672297
24.55,135.9234864368431,0.7621685
24.56,138.67943456436635,0.7373891
24.57,145.30412066611075,0.6644192
24.58,150.35129225220606,0.7091583
24.59,156.7319881978489,0.5403414
24.6,165.23655067328633,0.65421605
24.61,170.77153167009268,0.7623718
24.62,172.78318316774406,0.9216867
24.63,173.02026553253336,0.9458378
24.64,171.51044706553392,0.8877762
24.65,167.98428516152686,0.7538475
24.66,162.15433605209725,0.68233407
24.67,155.8946609864432,0.6245689
24.68,150.59709337300325,0.6498225
24.69,144.22313478187527,0.64214015
24.7,137.83679886324717,0.7349297
24.71,133.96142888003942,0.92673653
24.72,132.94246450427747,0.94476074
24.73,133.5540921365873,0.90551335
24.74,135.86124590243648,0.83706796
24.75,139.97338422422422,0.6943627
24.76,146.57350803298243,0.6683141
24.77,153.8552118332537,0.7185828
24.78,157.49729569618182,0.78686583
24.79,160.88261634468083,0.8205488
24.8,162.40313261245416,0.7760202
24.81,162.70155716909358,0.7666283
24.82,161.35040440659165,0.8197154
24.83,157.2285893905306,0.7345047
24.84,154.07017984438855,0.56850433
24.85,146.8359737465109,0.24126732
24.86,134.78275223021149,0.44098163
24.87,132.08086036210867,0.781901
24.88,128.76616936417068,0.69407326
24.89,126.16348762244706,0.83121175
24.9,126.75684757344641,0.7773499
24.91,130.6591004560177,0.7958381
24.92,134.5643570831794,0.81617504
24.93,143.67753429872778,0.47915024
24.94,150.09616544424188,0.6898077
24.95,152.72622093843998,0.6861488
24.96,156.06048276642642,0.6960059
24.97,158.45109216236932,0.69815177
24.98,158.6516358938154,0.70526606
24.99,157.72684590481742,0.66520566
25.0,156.0882605067895,0.75507104
25.01,153.81759002368958,0.37495926
25.02,138.53753831619142,0.49901763
25.03,135.644164858015,0.41228306
25.04,140.2684173652974,0.22238341
25.05,149.6942819814708,0.3380752
25.06,158.9430903343379,0.36501953
25.07,165.53596640348263,0.12943764
25.08,165.5988016357352,0.27000135
25.09,170.1493757863332,0.63210285
25.1,171.78728044352482,0.85455036
25.11,173.2054779640339,0.9091569
25.12,173.28731474849394,0.92728597
25.13,172.35122222660175,0.9100099
25.14,171.18486010520917,0.9284548
25.15,171.3998249316375,0.8970223
25.16,175.3033261835855,0.8972342
25.17,179.26609829157417,0.9072309
25.18,183.05620385812972,0.83055544
25.19,190.6202251989555,0.6530531
25.2,205.75886661077755,0.4668913
25.21,211.2796518936467,0.88191193
25.22,217.97144599459835,0.7151979
25.23,225.76715644870978,0.7975807
25.24,231.0654863253946,0.6230233
25.25,233.39530066769683,0.59030163
25.26,231.44338761862488,0.60318244
25.27,227.63755740454076,0.8087209
25.28,223.0889730541728,0.7577936
25.29,207.42039095837853,0.6653293
25.3,198.15547292277984,0.34013218
25.31,176.4608311309773,0.65968245
25.32,174.45065354282275,0.86936456
25.33,173.20497392028932,0.9225207
25.34,172.39518511041138,0.93274474
25.35,172.47232117620413,0.9264562
25.36,173.4036180171611,0.9006732
25.37,176.0275408167146,0.8186421
25.38,182.75722535817007,0.5690474
25.39,194.35348808790297,0.5350507
25.4,206.6872392132102,0.63920575
25.41,209.51211788127853,0.84909475
25.42,211.05426091296354,0.8706937
25.43,211.6470151508738,0.8333225
25.44,210.11662531105313,0.82827675
25.45,207.30481679756087,0.64969426
25.46,198.65383862419606,0.41737396
25.47,186.64392789380602,0.64000845
25.48,181.77051997869765,0.85644907
25.49,179.48581958747855,0.9421644
25.5,179.32077160839867,0.93292016
25.51,180.22359214080933,0.92336726
25.52,181.8797122459061,0.91802454
25.53,183.2590522205988,0.92864335
25.54,184.10863501861516,0.9194359
25.55,184.23194405006657,0.89824176
25.56,181.83034011300157,0.7042336
25.57,175.44226587393348,0.64902914
25.58,168.30843747531233,0.56615114
25.59,160.8156182451346,0.66070604
25.6,156.99247629610093,0.66521645
25.61,154.06578176609898,0.7546077
25.62,153.51152822796396,0.7354398
25.63,154.44806982548226,0.8138949
25.64,155.48462891148526,0.8442966
25.65,155.84449928554903,0.7857062
25.66,156.3721133230277,0.84606874
25.67,155.63414748446166,0.8429925
25.68,155.54738820550736,0.8507976
25.69,155.79598266976586,0.81869346
25.7,156.73745259593272,0.86142004
25.71,160.15699713746656,0.7955557
25.72,164.95942792011746,0.77083534
25.73,172.6128972344423,0.54537624
25.74,179.1039452112025,0.64745235
25.75,183.66449778243265,0.6295793
25.76,190.48788596914733,0.63314193
25.77,195.92038126086032,0.66972816
25.78,202.10280898714768,0.81747574
25.79,204.16393619732094,0.9035837
25.8,204.3790150249053,0.8912053
25.81,203.56184793013983,0.8656117
25.82,200.97234601826977,0.7039687
25.83,193.97692989224004,0.46761462
25.84,185.10628943651813,0.5074153
25.85,177.69762694797151,0.69679606
25.86,173.54129167185062,0.70342225
25.87,168.9103786851639,0.553913
25.88,163.07866004075947,0.6827394
25.89,161.18403178418734,0.78575313
25.9,162.7204142359363,0.50438434
25.91,165.86500089201155,0.41380104
25.92,171.97897107638056,0.25796852
25.93,174.74972396948374,0.49607497
25.94,189.12508303366337,0.41990262
25.95,212.68023025119814,0.22767913
25.96,213.37207181522166,0.5688874
25.97,216.02316927761447,0.68339133
25.98,216.59438867676897,0.8053638
25.99,214.58771581936003,0.73064345
26.0,209.32863359708165,0.76684415
26.01,205.1101020479544,0.7177445
26.02,198.5452669501959,0.3969295
26.03,185.41397888204222,0.7171096
26.04,179.44329166098086,0.65629685
26.05,174.0768547859554,0.8079663
26.06,172.78507154599222,0.85718066
26.07,173.21664667215225,0.8468195
26.08,175.45172337599342,0.83053565
26.09,178.8330041850867,0.71394813
26.1,185.04689428099084,0.5366558
26.11,194.45351306437206,0.52127725
26.12,205.51234394122713,0.44996658
26.13,215.7336333747023,0.5652876
26.14,222.23087401078163,0.80945915
26.15,225.38410804496783,0.86606765
26.16,225.84262635982498,0.8929947
26.17,224.17339911983052,0.8348736
26.18,220.9711924190151,0.7879972
26.19,217.64293093367093,0.7518697
26.2,210.97855679987907,0.6371556
26.21,202.54454771809208,0.45776603
26.22,185.83269427501423,0.7780625
26.23,183.57837191152672,0.92997366
26.24,183.50718940955431,0.93177557
26.25,186.78939493998553,0.7625528
26.26,190.58775290305587,0.42539647
26.27,204.6387549629717,0.52395546
26.28,228.2578267168119,0.5829444
26.29,258.3513781161312,0.4775306
26.3,281.51466285295004,0.20525698
26.31,320.17988536237175,0.6265394
26.32,340.1107504265511,0.8329519
26.33,339.90854945499706,0.8124503
26.34,335.4789856535149,0.570665
26.35,313.8922924787165,0.46253863
26.36,308.7444238339392,0.39888108
26.37,302.4022130011337,0.3764746
26.38,267.9594446281271,0.07192899
26.39,231.85888515084915,0.12075928
26.4,212.85206211677277,0.41292205
26.41,184.66377852869664,0.6043718
26.42,168.57896015201757,0.7706078
26.43,167.93135332805707,0.84525967
26.44,170.2365042314817,0.69185567
26.45,173.6023392917213,0.71557266
26.46,176.15712772284854,0.7907406
26.47,178.45288294777419,0.7941252
26.48,181.28354237136963,0.70105
26.49,185.56767792373662,0.6918937
26.5,191.37952094098523,0.7559382
26.51,194.40778786551084,0.8180018
26.52,196.1228502119383,0.8394167
26.53,196.02241378113973,0.7284817
26.54,194.13203305014417,0.5339654
26.55,188.3929686294117,0.62121403
26.56,186.3615383357665,0.6106038
26.57,187.8827412712858,0.4934826
26.58,188.80758418164322,0.36832166
26.59,187.25170779000752,0.29118395
26.6,189.9618150573362,0.17743306
26.61,187.7648315448467,0.08997782
26.62,182.9766012887755,0.16113521
26.63,179.77586406015166,0.24517621
26.64,177.23170394797845,0.22208181
26.65,175.4733300949363,0.34285304
26.66,170.78452939180988,0.63475996
26.67,168.1394518481506,0.6388328
26.68,164.60814772593113,0.47586867
26.69,161.68970813553665,0.3925364
26.7,157.12522936194472,0.4486952
26.71,156.04391705061468,0.88294685
26.72,155.74830368866637,0.95262605
26.73,155.72105656517994,0.961208
26.74,155.08815566224987,0.9338639
26.75,154.05267212777903,0.9355475
26.76,152.34724924504172,0.9404677
26.77,151.16066140924096,0.91411227
26.78,149.0522815807462,0.9129537
26.79,147.10509725953276,0.9323552
26.8,145.079994519098,0.90396637
26.81,143.10185456341233,0.8831802
26.82,141.49862690069327,0.9053055
26.83,140.0823646945619,0.8920355
26.84,138.2449736396768,0.89239573
26.85,135.92640859257335,0.8197707
26.86,131.33059331616937,0.6119566
26.87,123.81991967324961,0.7006514
26.88,120.77509106251742,0.7946688
26.89,119.03134448543571,0.45950693
26.9,113.45011612248099,0.6178789
26.91,103.20472896825041,0.14852265
26.92,94.17321112618535,0.060377777
26.93,86.81768935804556,0.093758665
26.94,78.56245786662622,0.061384864
26.95,72.95876053971051,0.105658256
26.96,67.71203303341548,0.03643722
26.97,61.811543438229116,0.01388585
26.98,57.84103838009791,0.063194565
26.99,53.243101384826005,0.08288723
27.0,49.2610434974685,0.058857486
27.01,45.67627199871306,0.23964898
27.02,41.53630047001385,0.25464115
27.03,36.91427294247007,0.21678458
27.04,34.132554224362806,0.056946404
27.05,32.24245155568142,0.121306576
27.06,32.16652671927258,0.058301136
27.07,32.24560741721,0.16355504
27.08,32.362479634709025,0.1013795
27.09,32.3733265691707,0.25440764
27.1,32.44671231363573,0.41707087
27.11,32.343472543356924,0.3287213
27.12,32.24693892258796,0.22552599
27.13,32.62894877521428,0.5158388
27.14,32.745584230480226,0.37610897
27.15,32.81632009096323,0.6683234
27.16,32.49241368480909,0.25358066
27.17,32.39833653811039,0.12866741
27.18,32.15571516446068,0.10225097
27.19,32.270340517784405,0.08259865
27.2,32.254646103971936,0.1664157
27.21,32.172218468860166,0.14840822
27.22,32.22626468306718,0.12713896
27.23,32.91529811865886,0.16486765
27.24,32.999065655997455,0.5373895
27.25,33.615001213399,0.46844554
27.26,33.23421977481362,0.39347526
27.27,33.14272755893623,0.35302067
27.28,34.26216724951627,0.20367756
27.29,37.79129031752622,0.08380116
27.3,43.606174998258986,0.043574233
27.31,45.40685661322415,0.080806844
27.32,45.59307074279336,0.10200786
27.33,50.91505265748491,0.38262662
27.34,55.749306242192304,0.2851694
27.35,63.362615004724454,0.47479916
27.36,69.54588878417118,0.24653341
27.37,76.32102102822148,0.13465022
27.38,87.13261175853113,0.30696204
27.39,94.88367830335616,0.1705178
27.4,106.45343880185257,0.24097484
27.41,116.41023341906724,0.2594496
27.42,131.03153953788603,0.07223907
27.43,143.0057600169408,0.10813534
27.44,144.23309736319928,0.17602992
27.45,151.25059929544076,0.48463538
27.46,152.22613766153012,0.6519288
27.47,154.42858626386703,0.8759976
27.48,155.51177677183543,0.92332137
27.49,156.28217739005993,0.94500315
27.5,156.838517283577,0.9175571
27.51,156.4736766597038,0.93894416
27.52,156.18238223814868,0.96630424
27.53,155.5734545043337,0.9632053
27.54,154.9144878716881,0.95291185
27.55,154.55705149033784,0.9572825
27.56,154.3607752796819,0.95365363
27.57,154.45543215453262,0.9527541
27.58,154.71068998731346,0.9440523
27.59,155.20917740549487,0.9258765
27.6,155.36555978428308,0.9388275
27.61,154.99893016704453,0.9235636
27.62,154.43399566533378,0.9146821
27.63,153.8683962291145,0.8941365
27.64,153.2199016476867,0.8925124
27.65,152.94492427287315,0.9068217
27.66,152.74844560025062,0.88836455
27.67,152.51124442533768,0.8533764
27.68,152.20847431117267,0.82888806
27.69,152.03489313329234,0.8431188
27.7,151.60680656482958,0.8768113
27.71,151.40123500474925,0.8937707
27.72,151.44511159314231,0.8967417
27.73,151.82736757423038,0.8832841
27.74,152.25550720405073,0.90357316
27.75,152.48459395867414,0.92994326
27.76,152.4518920731807,0.9135119
27.77,152.55181505900825,0.9268168
27.78,152.28334362679462,0.9159661
27.79,152.3572475301184,0.91930383
27.8,152.19213521061252,0.89652187
27.81,151.6594183950399,0.8653819
27.82,151.14201912509145,0.852801
27.83,150.79441406112517,0.791921
27.84,150.94643739522164,0.68031347
27.85,150.98430631163555,0.5730626
27.86,152.7744583857591,0.42019302
27.87,152.92845458443355,0.43714884
27.88,154.08230738138658,0.41227442
27.89,154.39527136671944,0.4148432
27.9,164.09149159944477,0.3095693
27.91,182.7246522541083,0.5531397
27.92,203.0755666515843,0.49727985
27.93,225.10977348354442,0.20968196
27.94,236.15567063737478,0.4172574
27.95,238.14650436190223,0.49707782
27.96,254.54782128977286,0.5070826
27.97,259.09255089981053,0.8714487
27.98,261.16863768908166,0.8675451
27.99,263.95589231048507,0.8047238
28.0,267.0040269138897,0.7562988
28.01,280.75740085037,0.449075
28.02,291.4440341175995,0.6610803
28.03,292.51557403010827,0.44393697
28.04,287.14615750547785,0.15293771
28.05,284.81618817460134,0.3546874
28.06,269.33789575026543,0.29164195
28.07,262.2817299956489,0.508109
28.08,256.8561855541625,0.3420165
28.09,252.39214627374344,0.24125591
28.1,243.4032649349547,0.1719263
28.11,232.04045978423179,0.1321245
28.12,226.6390812566986,0.124988645
28.13,223.9688408189171,0.13621275
28.14,219.1691014872745,0.11502561
28.15,217.8657753462343,0.15202639
28.16,216.0452098654791,0.044087347
28.17,214.93688913278194,0.06266115
28.18,213.1603650849015,0.047651418
28.19,207.81916998663237,0.026862463
28.2,202.64691595813574,0.020009544
28.21,199.5133183338675,0.16854809
28.22,201.26711954381645,0.63427657
28.23,201.50608576308724,0.5206596
28.24,203.6609498887987,0.60994005
28.25,206.9352035071647,0.7454201
28.26,208.0083340789966,0.8273898
28.27,209.78144706562477,0.8801636
28.28,212.09504603389098,0.89902353
28.29,213.70596822626214,0.92285246
28.3,213.54456173172292,0.91270226
28.31,210.51664539339185,0.8359969
28.32,206.51684695600903,0.77726763
28.33,199.90235031863023,0.56366706
28.34,191.75578013795868,0.59324116
28.35,185.0836982520699,0.7896419
28.36,178.41534720098053,0.67899597
28.37,172.73981496021992,0.7735038
28.38,168.3161420501611,0.8508892
28.39,166.22306982244123,0.9307616
28.4,165.63310594839294,0.96232796
28.41,165.92620880875006,0.9432522
28.42,167.7577853146208,0.85732955
28.43,171.6433189223685,0.7133889
28.44,177.83598576190914,0.6233124
28.45,188.6128126511834,0.49385515
28.46,201.59490595617768,0.6535346
28.47,207.6228326604269,0.83339894
28.48,210.861142737663,0.9206995
28.49,211.69776756792947,0.9144205
28.5,209.58277220321537,0.8835305
28.51,206.1751643820702,0.8432056
28.52,202.2150510394204,0.7515444
28.53,194.60967228585477,0.67472565
28.54,188.68603979652403,0.7784877
28.55,182.86359283943173,0.7407847
28.56,175.083173088656,0.68885356
28.57,170.91328973366845,0.8776293
28.58,169.1725873093932,0.90681887
28.59,169.06373521580505,0.8698958
28.6,170.9165266545495,0.84689283
28.61,173.46634863337158,0.8244633
28.62,178.5658661518505,0.6813296
28.63,187.5932273777482,0.44175047
28.64,201.26544443827797,0.34553397
28.65,213.43753764744403,0.619335
28.66,217.99921179951247,0.841948
28.67,220.2434558158252,0.82339245
28.68,219.91584805180594,0.79182976
28.69,218.39452225886188,0.854172
28.7,215.62266770974858,0.830143
28.71,207.25336297433086,0.7232223
28.72,199.69940661903564,0.8109691
28.73,195.81267880969006,0.87249875
28.74,192.7578147268292,0.8895022
28.75,190.58815033908633,0.8976438
28.76,190.48448624195782,0.89598334
28.77,192.81678036193495,0.75883937
28.78,197.94798192032746,0.46720064
28.79,223.05988895849822,0.5634145
28.8,230.21070952802464,0.6927803
28.81,234.11537673676702,0.9029239
28.82,237.33361206511972,0.8867365
28.83,241.0592396962437,0.8519859
28.84,245.08549138712877,0.9424504
28.85,246.99429126179623,0.93710387
28.86,247.59437065608518,0.93961495
28.87,246.98730905224494,0.9230213
28.88,245.90577168663822,0.8919392
28.89,244.92308930324498,0.9196437
28.9,243.5176261704936,0.88354653
28.91,242.55438844954955,0.94056934
28.92,242.162453531127,0.9625475
28.93,242.2748008715987,0.9614223
28.94,242.48417559237726,0.9565681
28.95,243.80815265593463,0.91321087
28.96,245.30053832145228,0.95059454
28.97,246.99190650240396,0.9138764
28.98,248.3740614321136,0.914802
28.99,249.26608081493373,0.88746214
29.0,249.41952789935317,0.9137506
29.01,249.29434746307268,0.8744521
29.02,248.6955785020987,0.81661326
29.03,247.88576511475694,0.716996
29.04,244.9608443503196,0.6955819
29.05,242.87217274445467,0.73341167
29.06,241.49276325881306,0.73919606
29.07,241.60361318800204,0.87089413
29.08,238.88169183786061,0.87420756
29.09,238.8069232224046,0.845612
29.1,242.08438682272862,0.6820492
29.11,249.30428437265294,0.77919215
29.12,251.96063076429402,0.8949188
29.13,253.01312635329137,0.93653107
29.14,255.0245945336944,0.9229458
29.15,256.5753063362191,0.9561958
29.16,256.6596744801021,0.9558123
29.17,255.40807938031213,0.9111385
29.18,251.52899439848167,0.9043387
29.19,248.33979110370777,0.89766514
29.2,245.11397449542204,0.924478
29.21,241.61818614264533,0.91492504
29.22,239.05120292624315,0.907241
29.23,237.05180567539037,0.91450757
29.24,236.10759977594714,0.8867365
29.25,235.7606446020107,0.8941507
29.26,235.75142050339767,0.8854914
29.27,236.58555255973909,0.9118945
29.28,239.42750451965247,0.88128287
29.29,243.03017808857732,0.9394185
29.3,244.71521222961272,0.9267545
29.31,246.31877583838846,0.9030758
29.32,247.2630317062351,0.915449
29.33,247.8850129868718,0.9234654
29.34,248.85762143507694,0.89083517
29.35,249.33186349988472,0.9150942
29.36,249.7199013157636,0.9097401
29.37,249.30705078086214,0.91368306
29.38,248.8179510293196,0.8856593
29.39,248.4711209899196,0.90378463
29.4,248.36965853473401,0.89896244
29.41,248.48127090259138,0.90488714
29.42,248.34802759933407,0.9025645
29.43,247.71785331121413,0.926892
29.44,246.3955637545212,0.886937
29.45,245.23725045781953,0.94059765
29.46,243.96007989593468,0.9341201
29.47,243.79737096801858,0.93236434
29.48,243.66551023234177,0.9346382
29.49,244.40145729155657,0.95060176
29.5,244.49856313954734,0.9503648
29.51,244.62611222499686,0.94879746
29.52,244.82840999686798,0.9456452
29.53,244.86659085786664,0.94325477
29.54,245.63308142457026,0.93456775
29.55,246.11456818778697,0.9034388
29.56,247.6305989416349,0.94006616
29.57,248.88626112822283,0.90329283
29.58,250.02360176030595,0.934037
29.59,250.31055581390203,0.93314826
29.6,250.59156803944097,0.9344038
29.61,250.80209495485866,0.92555517
29.62,251.19860811573827,0.92580193
29.63,251.28651676847363,0.92266244
29.64,250.76174197744675,0.9248601
29.65,249.85676195585725,0.9121255
29.66,247.75770834538918,0.9065646
29.67,246.0159968387225,0.87838167
29.68,244.81294047415034,0.9140502
29.69,243.73166149887894,0.84905523
29.7,242.74391987446907,0.8034118
29.71,242.43979520665093,0.82751197
29.72,242.70868965419163,0.78919846
29.73,242.9327110395215,0.66306305
29.74,244.04061681445563,0.585698
29.75,245.62916102397736,0.78398925
29.76,247.1102798195239,0.6610594
29.77,249.24243209443745,0.64446104
29.78,251.93692249090094,0.7560045
29.79,254.53101954230112,0.84730685
29.8,255.59457440216758,0.8727211
29.81,255.31971833877523,0.8879929
29.82,254.30556201470955,0.87372977
29.83,252.04513080316917,0.7677192
29.84,249.14170134938075,0.48054364
29.85,246.82850586581299,0.615062
29.86,245.23644008342944,0.6939418
29.87,243.71922645440165,0.66221046
29.88,241.83865709140605,0.67668015
29.89,241.12781229657085,0.66644794
29.9,240.06997067993348,0.6034421
29.91,239.02686162329812,0.7279331
29.92,238.83379139241163,0.81065935
29.93,240.0684353086757,0.87468374
29.94,241.81385967975308,0.79386616
29.95,243.38880268893917,0.47795412
29.96,245.31956378299068,0.4992781
29.97,247.71826813046644,0.6868832
29.98,251.1645826975719,0.56003565
29.99,254.13209108610178,0.37101746
30.0,254.45333993506623,0.6989533
30.01,253.3065813806566,0.6902477
30.02,252.72479409688248,0.65147626
30.03,250.33508314255442,0.83637524
30.04,248.50565844962733,0.85602236
30.05,246.8645801249283,0.76312643
30.06,245.7769288252412,0.8260571
30.07,245.28546942565865,0.9106702
30.08,244.61691070909566,0.88301134
30.09,243.44838739197937,0.89070606
30.1,242.18131807492608,0.91713125
30.11,242.19409228138846,0.95150244
30.12,244.16539710906576,0.9185901
30.13,246.46820841154747,0.9155988
30.14,247.57171736940748,0.94544774
30.15,249.38949504349947,0.9080036
30.16,251.15111790435992,0.9318018
30.17,251.3787463361308,0.9228076
30.18,250.0666636485169,0.89891326
30.19,246.33513281613673,0.8272466
30.2,240.34915189374937,0.76396656
30.21,234.7057457110709,0.36266324
30.22,234.9053211470576,0.18722048
30.23,237.18040203240133,0.12593083
30.24,241.5025412413301,0.12501468
30.25,244.2972525894072,0.34204325
30.26,242.1976683164216,0.5316757
30.27,241.06493478508952,0.596475
30.28,239.49592052109625,0.7978699
30.29,241.99459875914505,0.7501664
30.3,242.30481666763654,0.7320749
30.31,242.5176698409212,0.67984176
30.32,242.7501821478487,0.32250494
30.33,243.1096236112582,0.29520863
30.34,245.1538320084437,0.51888895
30.35,244.58409650897775,0.5796138
30.36,245.98414417667257,0.40690118
30.37,247.29550539620843,0.39869407
30.38,248.183546420304,0.1812244
30.39,247.98232404966797,0.38038492
30.4,245.92454762098544,0.49990883
30.41,244.3981014784946,0.35317063
30.42,244.01271569079915,0.38622424
30.43,244.79959068769304,0.7011061
30.44,246.2302663550449,0.63465947
30.45,246.64007890806886,0.82486737
30.46,246.76635132405596,0.84428686
30.47,246.40288274745618,0.8673964
30.48,246.7597275277423,0.7949232
30.49,247.5302029457592,0.41071045
30.5,246.4719766585033,0.27031687
30.51,245.73893507120601,0.27096942
30.52,246.77178567353465,0.23499227
30.53,247.7486401938131,0.22492985
30.54,246.85263185344286,0.39520654
30.55,246.22428086345596,0.7987783
30.56,244.90254470902383,0.8401996
30.57,245.1214654910746,0.7506177
30.58,244.36817109501146,0.8288846
30.59,245.41855072984612,0.85389274
30.6,245.09002814026866,0.8512862
30.61,244.71634206483395,0.6198915
30.62,245.78227111399084,0.35737947
30.63,247.33718505180022,0.27969775
30.64,247.41089357705357,0.43534654
30.65,243.5789653960984,0.092541635
30.66,256.0202954499764,0.11734493
30.67,273.23274788268515,0.05646567
30.68,293.30664167196505,0.041846137
30.69,314.33916765183994,0.13541989
30.7,332.76471322742884,0.06516932
30.71,362.3977183027505,0.032301966
30.72,372.4399569115778,0.08369596
30.73,371.2357402338293,0.12692152
30.74,378.6930506375748,0.09042939
30.75,394.015375885037,0.09990043
30.76,398.36195757158526,0.078961566
30.77,396.7768556414452,0.064324014
30.78,397.7974951358357,0.08357708
30.79,396.2315714978257,0.10400648
30.8,366.82083806034586,0.3066054
30.81,363.5325182955651,0.40037626
30.82,364.4061732568062,0.3904357
30.83,368.8771150866521,0.53363955
30.84,343.3858637722202,0.54742634
30.85,305.1494598382011,0.5844929
30.86,265.55574915803794,0.48304784
30.87,244.92940827691132,0.64641595
30.88,244.10762231141905,0.76762533
30.89,243.96858501297643,0.7568608
30.9,244.67659356128323,0.7770624
30.91,242.8042365106641,0.7851897
30.92,241.05533479692457,0.64664334
30.93,240.98835494487798,0.5484753
30.94,246.1313369009382,0.5088268
30.95,247.48268670465575,0.49609673
30.96,221.12582144034874,0.12788512
30.97,195.46781709847124,0.35727304
30.98,166.8614501060628,0.35563937
30.99,153.74051275571924,0.51512516
31.0,153.05510798688206,0.75359106
31.01,151.50789291895654,0.8695596
31.02,151.04575086636336,0.9118755
31.03,151.46817714798135,0.9163345
31.04,152.31163190756342,0.89977145
31.05,154.5839494489503,0.88321793
31.06,157.12541581025025,0.8216482
31.07,161.75550607259572,0.7293062
31.08,165.75673273437525,0.8055942
31.09,172.34315023849234,0.63604695
31.1,178.2476892143848,0.8075603
31.11,183.00840429982787,0.74124426
31.12,189.18993097550086,0.6075937
31.13,196.28201711239402,0.60843533
31.14,203.73371292715422,0.68178344
31.15,208.55066538355373,0.87477744
31.16,210.87671136306258,0.88213164
31.17,211.58757368977825,0.8460058
31.18,211.08889019672532,0.74320745
31.19,209.83997826397604,0.53375113
31.2,207.6992312633522,0.43656123
31.21,202.69554640141095,0.41652837
31.22,194.16698878831042,0.17312162
31.23,184.04880328724548,0.6641453
31.24,178.9732037517366,0.80443007
31.25,175.83032618914106,0.874585
31.26,174.16031884050025,0.8925583
31.27,173.49484377623568,0.9230382
31.28,174.03920847765602,0.899853
31.29,176.60054374607273,0.7938694
31.3,181.31990582287315,0.6351552
31.31,188.1215603097826,0.44225758
31.32,203.9861383041398,0.43280306
31.33,210.12857613343732,0.6485487
31.34,215.63359665039582,0.7392385
31.35,218.11049692512992,0.87787414
31.36,218.27527275313497,0.90341234
31.37,216.9164940898291,0.86203974
31.38,213.73333983180973,0.68478304
31.39,207.90990893832628,0.7110214
31.4,203.04994599739734,0.5069923
31.41,186.91728398973362,0.40404436
31.42,177.88347903847293,0.5479217
31.43,169.82281902005596,0.7470251
31.44,167.08035249970268,0.9002569
31.45,166.02518924799486,0.93215775
31.46,165.9789637655063,0.9350342
31.47,166.38210457976464,0.88568145
31.48,169.4155842533593,0.7051789
31.49,174.35982316386588,0.67198944
31.5,179.54181145132824,0.5060478
31.51,189.7164460511922,0.46716568
31.52,200.5745313951113,0.6643039
31.53,204.0029161441115,0.8321817
31.54,205.85037476876107,0.8894124
31.55,205.90420797468727,0.9085343
31.56,205.2764989409058,0.89648765
31.57,204.13451408371253,0.893542
31.58,201.3438335008303,0.7514826
31.59,196.34953091695124,0.69748104
31.6,191.24157171264667,0.6826143
31.61,187.01075089252453,0.8316283
31.62,184.4490605572712,0.7867392
31.63,179.51455777555825,0.45750296
31.64,169.44368567826763,0.607984
31.65,166.16393780881637,0.85226375
31.66,165.14551673630177,0.929768
31.67,166.10962856109978,0.8171974
31.68,168.22926576265687,0.55202174
31.69,182.38124336803307,0.36636
31.7,195.7863297803333,0.50775975
31.71,203.61812837847043,0.7609098
31.72,206.87557580070703,0.9114541
31.73,207.7066181974129,0.94265926
31.74,207.33294550902787,0.92319363
31.75,205.97984151808487,0.9384944
31.76,203.89343245552567,0.87248045
31.77,200.33103808518294,0.6764755
31.78,194.9530629277417,0.7902734
31.79,190.5375771289022,0.77738243
31.8,186.2158966839819,0.8284821
31.81,182.3123641709668,0.788713
31.82,175.2250548958727,0.60050404
31.83,168.56905742329388,0.74691814
31.84,166.32033912113195,0.91685086
31.85,165.80626225793253,0.9442138
31.86,167.36260264240877,0.8349632
31.87,171.1027850388785,0.5976931
31.88,178.29311936814867,0.4780925
31.89,190.43843396346531,0.55104584
31.9,201.71509246474542,0.57446116
31.91,206.7016396354762,0.85701895
31.92,208.5146066171215,0.93903446
31.93,209.05951360308666,0.9305017
31.94,208.65430505477866,0.94008136
31.95,207.83811534923677,0.93270737
31.96,206.48818592848818,0.9355181
31.97,205.36878059640617,0.8914678
31.98,203.4610952415628,0.72575307
31.99,197.6921068101258,0.35502958
32.0,195.5853405069778,0.5246536
32.01,196.5986365967709,0.4225248
32.02,194.05609202120485,0.1692917
32.03,181.8040892494594,0.29466653
32.04,175.26189632850898,0.32133603
32.05,180.49357704726773,0.49629033
32.06,183.49285831225959,0.6516993
32.07,187.4407589528084,0.6024657
32.08,198.34603295591165,0.6128936
32.09,205.26541405413286,0.6957917
32.1,209.76604377061622,0.8529924
32.11,211.97061102755987,0.9170905
32.12,212.29300944183066,0.9062413
32.13,210.86909939429108,0.9250298
32.14,208.45039495458423,0.93076307
32.15,206.12397958243704,0.9189798
32.16,203.34602929931816,0.8332618
32.17,199.4766754316092,0.8021953
32.18,197.3421327007104,0.8996512
32.19,197.69774493131314,0.8807017
32.2,200.83506509809567,0.79328936
32.21,205.18524185861287,0.8561736
32.22,207.766836209597,0.93412733
32.23,208.55606903220882,0.93945783
32.24,208.24900142327718,0.89195114
32.25,208.05298337429204,0.8568951
32.26,208.9542002889409,0.7997538
32.27,213.24205676950373,0.7689645
32.28,219.19204358919552,0.7264189
32.29,224.5361213149211,0.5554031
32.3,242.194044218309,0.5581491
32.31,254.77338697421555,0.6458834
32.32,258.96882455179093,0.8327334
32.33,260.74094845532085,0.87507945
32.34,261.4625371054381,0.92738426
32.35,261.9887787786942,0.9505736
32.36,262.5877657196451,0.94624704
32.37,264.1136974910971,0.8824064
32.38,266.5169173782565,0.9110068
32.39,266.8284347706376,0.896797
32.4,266.13969324684155,0.8626842
32.41,264.04694877779497,0.7403713
32.42,259.05980515700884,0.5363676
32.43,249.78865481718407,0.5113006
32.44,244.5142472815844,0.53100324
32.45,245.21173596262008,0.44307193
32.46,259.30662458212316,0.24308324
32.47,262.6345207873562,0.18498074
32.48,269.91535947851287,0.1685133
32.49,269.66597108292126,0.37888604
32.5,272.2502433164989,0.6885316
32.51,273.06755144216413,0.75058335
32.52,284.30048117660925,0.66636014
32.53,292.3073681011842,0.7290714
32.54,298.89879005271075,0.8698827
32.55,304.7146303606739,0.88146454
32.56,310.75080887053105,0.8537026
32.57,310.56188343240376,0.7504078
32.58,308.00952015523114,0.8433101
32.59,304.7970531795934,0.85549223
32.6,299.7189420085072,0.86589515
32.61,293.30604605434854,0.7853685
32.62,283.7128122011952,0.8869414
32.63,276.20236913255934,0.8404838
32.64,270.89924244630913,0.9392111
32.65,266.12392503192245,0.9522733
32.66,261.1272496900062,0.92975515
32.67,259.8884458653834,0.9413103
32.68,260.79766828578454,0.83334166
32.69,263.9233233275862,0.6571872
32.7,272.6702489912247,0.71599597
32.71,273.8940946652431,0.8011845
32.72,270.355463287147,0.7773479
32.73,269.3785570565597,0.729254
32.74,270.95060288654156,0.5695503
32.75,287.56303422079185,0.5429421
32.76,293.105579890411,0.81656957
32.77,296.34221266886976,0.7942854
32.78,299.5577528149788,0.7963774
32.79,305.1444878666761,0.6702964
32.8,311.18449502074543,0.4075139
32.81,302.35017766376114,0.3135797
32.82,324.8194578977919,0.24993895
32.83,348.66535721020557,0.13681
32.84,349.6208689857639,0.20587645
32.85,314.264260730563,0.24723141
32.86,287.56185199483946,0.40214095
32.87,285.13616045267366,0.24572842
32.88,296.12258360965495,0.20767596
32.89,285.0762117319697,0.13952965
32.9,274.2424802217696,0.2827734
32.91,271.85026976868227,0.2724624
32.92,273.0747798888154,0.060838748
32.93,269.5389157794749,0.14533342
32.94,265.3303570716027,0.14024158
32.95,265.481777973215,0.18853581
32.96,267.9655625811596,0.36090603
32.97,290.3205464520077,0.17638412
32.98,306.4887265354289,0.25974566
32.99,349.3396178370973,0.03761982
33.0,366.02336202824125,0.32449788
33.01,360.8335387823923,0.44228065
33.02,354.93117414651783,0.71497065
33.03,352.648043234854,0.7361175
33.04,346.389603055002,0.58811575
33.05,335.46044086796644,0.78805417
33.06,334.4753569566791,0.89458436
33.07,338.509985756029,0.90689695
33.08,337.2996824482849,0.9350245
33.09,336.37054837386506,0.94571275
33.1,338.72079299953236,0.9564526
33.11,343.78731845070575,0.926268
33.12,347.65440606013607,0.9243481
33.13,352.41970699556276,0.9085512
33.14,360.9744105802366,0.8532641
33.15,372.73594737457734,0.7953461
33.16,382.54028060887754,0.85618657
33.17,394.2395384393427,0.8659729
33.18,401.5567784198224,0.9299601
33.19,401.6047513401537,0.9374876
33.2,398.34525711636763,0.9443739
33.21,396.365473170443,0.91932833
33.22,390.32276174410464,0.7772602
33.23,381.67033864252085,0.8343191
33.24,379.0629642655992,0.9319177
33.25,378.27591948086166,0.9233357
33.26,375.90821668247514,0.94773024
33.27,369.54736535507277,0.9027537
33.28,360.9176240378301,0.8505662
33.29,351.7887908538713,0.89260167
33.3,344.6063243697863,0.87127686
33.31,338.98930140240566,0.8772618
33.32,336.31448887753555,0.8584809
33.33,337.7994501136603,0.9023975
33.34,342.13421463573945,0.92457896
33.35,346.3005731812343,0.94173646
33.36,351.0455958331483,0.8966846
33.37,360.86195904483577,0.81689656
33.38,380.34197664338546,0.8599249
33.39,389.7107660061999,0.8959576
33.4,397.72823792063866,0.97016114
33.41,398.6857357038407,0.9605093
33.42,395.99920233895386,0.93014115
33.43,396.7032631856784,0.94234097
33.44,397.3564135854101,0.9344738
33.45,395.45233041224725,0.9073732
33.46,393.0147630405305,0.91165787
33.47,383.11233367875934,0.74773866
33.48,376.08699296112184,0.8797512
33.49,371.74775506539396,0.90963763
33.5,364.9046543367209,0.8728037
33.51,357.46832155856885,0.93756735
33.52,352.5761135688107,0.9589285
33.53,349.26984348332354,0.9640662
33.54,349.2327446520323,0.96722376
33.55,355.06314008883214,0.82875514
33.56,372.22922528587264,0.81774706
33.57,380.4995502728608,0.94454396
33.58,386.68469083829245,0.85006195
33.59,389.37781682345815,0.91167885
33.6,391.60702046878794,0.91626287
33.61,396.1741018912237,0.9359459
33.62,396.8721260736504,0.9413724
33.63,394.7322948772392,0.93321854
33.64,391.9570189304976,0.9275183
33.65,387.2235306788199,0.8948426
33.66,383.3404462175875,0.93376815
33.67,378.76217687505107,0.91246796
33.68,369.27971923602433,0.9010889
33.69,363.1162915915988,0.91165566
33.7,351.61109969607696,0.84811664
33.71,344.17568960982777,0.9233609
33.72,342.85173532576414,0.9505187
33.73,345.6383618002209,0.95001405
33.74,348.2757643871957,0.93642664
33.75,353.19380983271435,0.85004073
33.76,383.9947397093284,0.5392783
33.77,393.48077541480336,0.77691966
33.78,397.98082300289616,0.8517738
33.79,399.1647323759394,0.8327669
33.8,392.3156100066404,0.7340826
33.81,389.91064360679644,0.6934921
33.82,389.4682921975695,0.49290985
33.83,386.8100056370869,0.67004216
33.84,385.71118445771583,0.8502412
33.85,382.7265915417395,0.88695747
33.86,380.2109606963043,0.93191534
33.87,377.73490015541853,0.8787075
33.88,373.93682453518306,0.84218776
33.89,369.9798346927314,0.88069165
33.9,366.73691452109995,0.8504329
33.91,364.32704617344564,0.7660501
33.92,362.16035920594976,0.65838665
33.93,359.9930949356334,0.7184292
33.94,364.6641981739683,0.47162017
33.95,364.34759311076226,0.5576224
33.96,367.04457421932767,0.24128081
33.97,407.8094834156312,0.41044015
33.98,435.72712991063923,0.6070982
33.99,437.4864000777456,0.38385445
34.0,383.94635128995907,0.22843663
34.01,392.1366069275794,0.3071601
34.02,389.53469811028253,0.56914
34.03,385.4090332579827,0.6614458
34.04,384.8669471277052,0.63690037
34.05,375.95791143483103,0.48995146
34.06,358.13604433357483,0.4583584
34.07,354.39282987751204,0.7983904
34.08,353.7364927084959,0.8866139
34.09,354.08733660747623,0.94668406
34.1,354.83119468143616,0.96787214
34.11,354.7744123991241,0.97136074
34.12,353.9653053402019,0.9589953
34.13,354.63457449049156,0.94636256
34.14,357.6277685537338,0.8894655
34.15,361.3220566081999,0.9074265
34.16,361.51145782743237,0.9227927
34.17,362.85926469572723,0.9272717
34.18,366.02583174672384,0.9444423
34.19,367.3409046324987,0.9551902
34.2,365.70205521355064,0.9102652
34.21,359.3980109345727,0.8697051
34.22,352.02384026530865,0.8982062
34.23,347.25650351687045,0.8900566
34.24,341.6115689809508,0.84059966
34.25,334.4421165992125,0.78750646
34.26,326.0795599514409,0.74787587
34.27,320.0012670840777,0.8881447
34.28,317.4447548369553,0.9083082
34.29,319.4588482983229,0.9051203
34.3,326.3638077905173,0.8669774
34.31,331.6791103019174,0.88701206
34.32,337.823609315247,0.811196
34.33,343.88050775697565,0.75683045
34.34,347.8776668793541,0.8007342
34.35,352.57343223228764,0.7858954
34.36,357.8324429808292,0.74608034
34.37,359.35893074850287,0.6116285
34.38,364.8377513158718,0.42667907
34.39,377.56669624430265,0.64156026
34.4,374.7400926743382,0.6727438
34.41,360.23251241322725,0.47838187
34.42,351.38744208293423,0.42681837
34.43,314.5066007283883,0.24549904
34.44,274.5782685908728,0.35299236
34.45,245.939112183028,0.40227205
34.46,239.82289988967975,0.4443194
34.47,229.1283115782433,0.4399563
34.48,239.40544467158503,0.474753
34.49,241.36250200103348,0.56508416
34.5,245.31191248526855,0.36018068
34.51,251.21806838046837,0.45000163
34.52,230.48726872444422,0.33782646
34.53,229.49003163064688,0.6158021
34.54,223.25045229978292,0.6956628
34.55,218.43355809826394,0.7424803
34.56,217.50567043925224,0.81289595
34.57,224.6641445138041,0.6067475
34.58,240.37062417781667,0.803059
34.59,245.18456975339978,0.84605277
34.6,255.5519021298342,0.49300128
34.61,265.54973702121634,0.41990295
34.62,290.12003067439304,0.33218336
34.63,319.88612299866315,0.31797442
34.64,336.53137035888625,0.48037985
34.65,351.0220250085561,0.8407394
34.66,353.39598760992,0.8994884
34.67,353.5016858380196,0.9231869
34.68,354.29143097226046,0.92691004
34.69,351.72361574558835,0.77179193
34.7,345.97031125347326,0.6868021
34.71,342.70646382273253,0.68649906
34.72,339.44130260338784,0.5380231
34.73,333.8072600138918,0.417559
34.74,309.7801892751731,0.34414685
34.75,314.86996226895366,0.7278111
34.76,320.48535359306095,0.6873405
34.77,317.3274352741815,0.76898986
34.78,315.4535214059741,0.78845423
34.79,312.1228462338311,0.8738047
34.8,308.54009821692534,0.9422292
34.81,304.7189794305384,0.9508321
34.82,301.0897883022034,0.9276393
34.83,296.87831120269846,0.91076267
34.84,293.468519580469,0.90575975
34.85,289.91771012875864,0.793163
34.86,284.7033952166599,0.68589586
34.87,279.0802965945226,0.73743075
34.88,276.1153142438676,0.779457
34.89,273.3246270683935,0.6396761
34.9,265.01843423925317,0.4993776
34.91,245.6211952827277,0.50486666
34.92,231.83476817784964,0.35719782
34.93,230.472794544357,0.29091913
34.94,218.90685662225303,0.27234012
34.95,229.4103449662231,0.17790833
34.96,249.1357128598969,0.22478978
34.97,264.3126935552049,0.107723996
34.98,280.19699855261445,0.6566781
34.99,300.39776293104745,0.6374875
35.0,306.97768924726404,0.32154888
35.01,305.3571724388284,0.22901048
35.02,293.36499397433255,0.15567254
35.03,280.16066894529393,0.12553924
35.04,276.8140409187827,0.15791549
35.05,278.62613562186607,0.2916075
35.06,276.55520422874804,0.13476261
35.07,252.37554278785512,0.17326567
35.08,223.14371186884142,0.18030687
35.09,194.89766099383286,0.27309665
35.1,180.96905743451123,0.48871037
35.11,183.1860102355569,0.64833593
35.12,185.89509358520075,0.7107302
35.13,190.06736813279753,0.66143095
35.14,201.2562634211528,0.4783234
35.15,225.87751534197366,0.75165266
35.16,230.46630221320737,0.6948598
35.17,239.72572953644104,0.6747588
35.18,249.3931805154129,0.82154197
35.19,254.45824101116816,0.90507644
35.2,260.1355367537693,0.91039854
35.21,265.69768357265866,0.90354973
35.22,275.24358160819554,0.85422915
35.23,279.19700687815305,0.8938271
35.24,284.53119949668326,0.87719107
35.25,291.14902442453194,0.89159423
35.26,295.5402676831143,0.899943
35.27,300.78089130049625,0.87141424
35.28,306.4187324781478,0.8615844
35.29,310.2053653550219,0.9213659
35.3,310.9547872786482,0.91624403
35.31,308.891916128519,0.92136985
35.32,303.09479836417273,0.9187407
35.33,298.9851182356091,0.90449417
35.34,290.3676678185734,0.7466622
35.35,281.78619214836465,0.74675506
35.36,268.13072991253915,0.8236385
35.37,253.60854131590838,0.4949695
35.38,237.5084931068626,0.6677021
35.39,232.16883895656542,0.7491949
35.4,227.15923835068014,0.8469749
35.41,224.958525694662,0.9100346
35.42,226.21718599007437,0.8500513
35.43,232.80708803037984,0.5601793
35.44,241.41856893907487,0.6315164
35.45,247.17694297761884,0.6780947
35.46,250.38157615379848,0.8696583
35.47,253.469196351239,0.79424036
35.48,260.55823754731915,0.8804039
35.49,265.0445578083305,0.9417456
35.5,265.83056200024544,0.95121056
35.51,262.85365114597164,0.91364604
35.52,257.72934333469203,0.8728717
35.53,251.90323545116044,0.819029
35.54,245.97171510290525,0.7249911
35.55,234.60966895207275,0.4929032
35.56,225.77452572173718,0.7948563
35.57,222.26956714838798,0.8535832
35.58,220.47656124404295,0.90639746
35.59,221.38741455780684,0.87256056
35.6,226.00671722872534,0.7316858
35.61,236.68806017355791,0.29462516
35.62,245.5633196798914,0.7568211
35.63,250.15661453504487,0.8505892
35.64,254.2820562091603,0.92775804
35.65,255.48969751408276,0.92648673
35.66,252.64254431445192,0.8424487
35.67,241.5590698861077,0.51322585
35.68,227.25682188315267,0.49014735
35.69,211.92157742309573,0.5381286
35.7,188.55507184710444,0.23970865
35.71,177.1778362057488,0.61740357
35.72,174.3701015841971,0.83281225
35.73,169.27784612713734,0.76298034
35.74,166.4405849611711,0.88404346
35.75,167.49331708108897,0.9015149
35.76,183.17366675723815,0.6567028
35.77,211.8817368024051,0.5613555
35.78,239.26243012745172,0.27239928
35.79,244.66196399629555,0.20940942
35.8,264.8115415758359,0.73385507
35.81,292.0585519392496,0.4603756
35.82,297.3379888906511,0.7614189
35.83,303.61429895923567,0.5843333
35.84,305.9298377002791,0.52821374
35.85,304.14566541926223,0.3828979
35.86,277.70511749008693,0.17545477
35.87,250.3050086442979,0.14486063
35.88,262.3633741352534,0.20473354
35.89,265.6783878462577,0.39497858
35.9,242.49023960069837,0.2691121
35.91,219.4389284378998,0.72165656
35.92,192.54219109966948,0.61542463
35.93,167.61189274644448,0.7937199
35.94,151.9605375676888,0.8362812
35.95,156.06143848028782,0.66888076
35.96,160.9166546176253,0.42519623
35.97,171.35740227646943,0.2552748
35.98,176.16266222500604,0.5766809
35.99,180.814396732705,0.22020192
36.0,190.2687484155768,0.4441346
36.01,195.10439548823598,0.79943323
36.02,199.7137080989611,0.75482655
36.03,202.17206584989725,0.8673364
36.04,199.68465620177878,0.85212916
36.05,196.18235283668093,0.87175727
36.06,191.5654967822658,0.8647632
36.07,188.3251657691756,0.91889054
36.08,188.00612394704382,0.93504256
36.09,188.13871245653428,0.92502034
36.1,186.7929330713835,0.9111863
36.11,188.13657696330748,0.9160426
36.12,192.21443361654653,0.8943698
36.13,196.9418730221306,0.90563226
36.14,202.6200253526324,0.72855264
36.15,210.2648503748428,0.7552332
36.16,220.0673964940003,0.63388073
36.17,226.37443802157773,0.5736457
36.18,241.85734587359696,0.35758597
36.19,244.72183729427684,0.6639212
36.2,251.51997181239608,0.8319504
36.21,253.36491906906107,0.9344745
36.22,250.62951600393268,0.95270675
36.23,248.28841649655996,0.87667495
36.24,244.74478261716965,0.60995346
36.25,231.0660473277473,0.5224106
36.26,223.43381748674113,0.8282629
36.27,219.71278481371127,0.8770416
36.28,215.32784723700456,0.8318469
36.29,211.51601160543407,0.8411877
36.3,211.1904190613837,0.837744
36.31,213.9059096801657,0.8332341
36.32,218.7472672401589,0.7611781
36.33,225.4410430670289,0.38760144
36.34,241.87383109807314,0.45687535
36.35,242.88903207625356,0.67386943
36.36,246.8426890174528,0.6984199
36.37,252.47734303050845,0.8900207
36.38,256.2921996237044,0.95175123
36.39,256.93757295252664,0.9453347
36.4,253.21696837717946,0.91882515
36.41,250.01073741432032,0.85870504
36.42,245.0348392378076,0.7862261
36.43,243.57437224602236,0.7383324
36.44,243.83595289115956,0.7355608
36.45,237.9082916191284,0.4328545
36.46,237.9520656244033,0.5189887
36.47,239.13201093928407,0.67975813
36.48,233.53378246305854,0.6048782
36.49,229.53045152339354,0.8259565
36.5,231.19536797572994,0.5885895
36.51,244.6306349407034,0.6560292
36.52,250.59227900673162,0.7174787
36.53,256.40153756576103,0.65046227
36.54,260.4667275336595,0.3393988
36.55,259.306561315402,0.31212473
36.56,256.71793715228466,0.26333004
36.57,260.01735959216074,0.3912469
36.58,284.40204049725617,0.23382887
36.59,285.30456293564924,0.49993193
36.6,282.9708181698028,0.4435642
36.61,263.1507932330761,0.2962276
36.62,258.721047844236,0.40727583
36.63,244.5642646891891,0.35247546
36.64,238.1823196085731,0.53455704
36.65,231.65519116363373,0.593338
36.66,226.01479460856723,0.7792236
36.67,224.08600577560645,0.85724723
36.68,223.9124304665508,0.9072715
36.69,224.38574976522472,0.8916961
36.7,225.37981661835965,0.9195679
36.71,226.9239526761085,0.8558582
36.72,229.90039090132933,0.83929104
36.73,234.65093761196664,0.82925
36.74,239.61976078296772,0.92805344
36.75,241.65468627938264,0.96055484
36.76,241.56231373136777,0.95348936
36.77,242.90030972464507,0.9467054
36.78,246.878800209783,0.88631237
36.79,251.10550143563614,0.94640857
36.8,251.78540455438775,0.9438644
36.81,252.30234023262568,0.9273085
36.82,255.46840759517306,0.9268821
36.83,256.4778401149912,0.94420826
36.84,254.2241500877218,0.86467934
36.85,247.64466414661936,0.77980465
36.86,244.62544140552905,0.84976274
36.87,245.8319589428983,0.6227157
36.88,251.64041122284652,0.519518
36.89,256.4210535700335,0.6050143
36.9,260.6604103185357,0.6931376
36.91,267.0380846710542,0.89282894
36.92,269.0513141512139,0.94669783
36.93,270.4785505079567,0.9295924
36.94,270.8440697810213,0.9353233
36.95,271.864654599081,0.83516103
36.96,274.1465089153323,0.24539942
36.97,291.18239163313035,0.3389584
36.98,308.49545566773423,0.40405357
36.99,313.98579166920047,0.41291222
37.0,314.6797389840342,0.6114739
37.01,310.7569377745256,0.5707099
37.02,303.33412797557503,0.36572877
37.03,292.344848459163,0.57589227
37.04,284.0076884087861,0.5039331
37.05,272.9717879972207,0.8564198
37.06,266.6594361768151,0.8564331
37.07,263.49933562250186,0.845952
37.08,266.08325550813424,0.8586267
37.09,270.569522223215,0.8437938
37.1,271.8378880719531,0.7455457
37.11,270.34442250415003,0.71153575
37.12,268.27347982463806,0.84029436
37.13,271.1185052416182,0.45325932
37.14,282.8811703860018,0.19189587
37.15,294.29958174656673,0.51314133
37.16,304.9939293221991,0.37506709
37.17,311.95871954840817,0.48146704
37.18,315.0741177460627,0.4624653
37.19,316.70430519951395,0.4592091
37.2,317.3662184472912,0.6693981
37.21,306.0395562319223,0.6535192
37.22,297.36025991217775,0.92063856
37.23,294.3578788997092,0.93577176
37.24,288.0131912070914,0.8013561
37.25,279.3439941716445,0.75260097
37.26,264.0917202729612,0.49063876
37.27,249.16908435508373,0.44138703
37.28,242.94556278466746,0.47916722
37.29,241.85163055712903,0.73184997
37.3,245.37198365694405,0.83373606
37.31,250.89879674526233,0.75391865
37.32,258.4610330358089,0.70680183
37.33,289.71321901626953,0.36456925
37.34,315.1649995438856,0.26176536
37.35,321.37265167314473,0.6240491
37.36,323.6599256781061,0.5510244
37.37,317.11140452709395,0.5585454
37.38,310.8844564712908,0.6372698
37.39,301.9067016362627,0.71918625
37.4,292.9461373542294,0.6616563
37.41,284.23833491359807,0.7215422
37.42,278.64235728471374,0.85727566
37.43,276.15756268833087,0.90984744
37.44,273.9485746386315,0.9092158
37.45,269.4382607200953,0.8817639
37.46,264.93666152030914,0.8234213
37.47,259.6191440673899,0.83101296
37.48,256.95971419988444,0.90373623
37.49,260.74130257279455,0.82756406
37.5,268.87924860069484,0.80965525
37.51,276.65771998048933,0.6730664
37.52,290.7583808559132,0.5292857
37.53,296.2596451469899,0.7929305
37.54,300.2250034208791,0.87481904
37.55,303.1882575564796,0.85540277
37.56,306.1211710925516,0.70970243
37.57,309.29485300631745,0.57244486
37.58,320.3737673140806,0.45748192
37.59,324.85587576997307,0.5913903
37.6,315.5987998997294,0.75662357
37.61,308.76615749951867,0.8948557
37.62,301.769693280276,0.7474062
37.63,293.53139827040457,0.6772723
37.64,291.78497615473503,0.6530976
37.65,292.6054758940182,0.619284
37.66,295.48634534898457,0.7092032
37.67,299.72375698528236,0.625684
37.68,304.7484600396131,0.52807534
37.69,315.24230472483487,0.5129489
37.7,325.27352052468444,0.6800915
37.71,329.6795377234117,0.80376333
37.72,329.1507875481842,0.7301532
37.73,323.84123086802094,0.44205317
37.74,313.99984141836717,0.40377796
37.75,304.4308194455168,0.4277497
37.76,287.6251135441818,0.5284644
37.77,257.8295012885655,0.47220865
37.78,253.05780946217538,0.58269906
37.79,239.57842431245206,0.62468636
37.8,233.39917593750937,0.74291986
37.81,227.86686388629585,0.8140211
37.82,224.7501267876693,0.898195
37.83,226.29770153703254,0.8791112
37.84,231.35956974701782,0.6444167
37.85,243.16510067619515,0.5548168
37.86,249.43645302846588,0.78003407
37.87,255.63436533583825,0.8466024
37.88,260.8630599451387,0.7853012
37.89,270.2853134995928,0.80154043
37.9,275.9286714193943,0.86553824
37.91,280.423437953627,0.89967614
37.92,280.03921612846375,0.91392404
37.93,276.704795807569,0.90773374
37.94,273.2142343851276,0.9147467
37.95,268.3951427594628,0.92680365
37.96,262.8382826097727,0.8682351
37.97,255.43635512526822,0.80912566
37.98,249.42652697851696,0.7948585
37.99,241.55520836130833,0.7023297
38.0,233.77147898871823,0.7636368
38.01,229.55870183791882,0.8362225
38.02,227.56356546705626,0.8996155
38.03,228.74478862623604,0.8858247
38.04,232.54157222074983,0.81917405
38.05,238.12404360618933,0.7363159
38.06,244.83288651055886,0.71582794
38.07,251.1160122076113,0.808189
38.08,255.22261488113816,0.9117825
38.09,257.1008436506391,0.9562105
38.1,258.1321066934742,0.93506837
38.11,258.2777732384751,0.94129467
38.12,257.97162147057657,0.9301289
38.13,257.2245508911842,0.9515949
38.14,256.2578838881528,0.94867754
38.15,254.80330053870125,0.92718273
38.16,252.90117592850663,0.926224
38.17,250.3310359960439,0.9060105
38.18,247.12287689454112,0.8205158
38.19,240.68109747688578,0.68244964
38.2,234.90447658251446,0.8432083
38.21,236.5438556938725,0.8230651
38.22,242.73721169139282,0.8124468
38.23,250.67111729344774,0.81996894
38.24,256.91912077907836,0.8772993
38.25,263.24453665321334,0.89798933
38.26,267.63220424918194,0.93728477
38.27,268.50873279253807,0.9710173
38.28,267.2173730712462,0.9552265
38.29,264.9201188419181,0.96168244
38.3,261.7698676287449,0.9474905
38.31,257.84359497466096,0.8916135
38.32,253.25775448613695,0.89119196
38.33,247.2579462242963,0.84297985
38.34,242.44401545044786,0.8669129
38.35,238.31970026997155,0.86104786
38.36,235.40423031944914,0.8664721
38.37,237.59083622822737,0.7300702
38.38,243.9828035492752,0.7517604
38.39,253.3339497237678,0.84755385
38.4,257.5028578819307,0.889897
38.41,260.177479175019,0.8197969
38.42,264.55955230409904,0.53922045
38.43,277.3710863218333,0.6497707
38.44,279.5793826500451,0.78083044
38.45,279.2015218962984,0.6433635
38.46,279.1729481110043,0.43418217
38.47,254.77998812074983,0.5885976
38.48,250.12940480298423,0.77810025
38.49,244.19350731906377,0.46402076
38.5,228.2578977212702,0.45457494
38.51,225.77663799474763,0.74902254
38.52,225.77684666172146,0.88870674
38.53,227.66169295335527,0.80254436
38.54,232.98033436358082,0.6388579
38.55,240.18969894914193,0.7401483
38.56,245.18688543504737,0.89878976
38.57,246.37686512682683,0.8553693
38.58,245.17832800938618,0.7247311
38.59,244.35929438485647,0.56269675
38.6,245.25492229356428,0.4226775
38.61,252.24037419474567,0.30042422
38.62,271.56179245119336,0.28408274
38.63,275.25527427384515,0.25728196
38.64,278.10260737227134,0.20866111
38.65,245.292564610438,0.46534428
38.66,245.53493271049473,0.58796054
38.67,246.4750251108522,0.61932516
38.68,246.39858370417755,0.50874937
38.69,232.3307208195393,0.56629235
38.7,206.2591052950943,0.31761277
38.71,179.93030395608685,0.19698718
38.72,164.4725412149246,0.5900903
38.73,163.38836588353075,0.78046244
38.74,161.14663110478133,0.8280452
38.75,161.12918341789924,0.8583548
38.76,162.5783157459554,0.8412611
38.77,164.51623112910227,0.8753389
38.78,166.6794181169109,0.81542486
38.79,172.67302275286,0.6757345
38.8,175.58659905686017,0.7158457
38.81,176.64563947665442,0.3658697
38.82,200.07739144032973,0.2985434
38.83,217.79768939944245,0.5273761
38.84,221.00668832545043,0.7218595
38.85,220.5919461566341,0.5463215
38.86,210.76049607065886,0.3620413
38.87,189.9729749805079,0.3877246
38.88,176.09493691118064,0.21790707
38.89,173.96574079895174,0.4664479
38.9,167.48909088478706,0.56189257
38.91,163.72410019328527,0.6248047
38.92,163.34987509411445,0.7549489
38.93,166.11979413328044,0.6712764
38.94,172.2407566850585,0.4911996
38.95,174.96932599255757,0.53823423
38.96,187.80502459202268,0.30565876
38.97,211.84096479925307,0.3368641
38.98,221.36838590355183,0.32052678
38.99,224.9676570926477,0.5345923
39.0,226.81813052760387,0.4997689
39.01,224.7713170886199,0.67535937
39.02,217.1667584454279,0.54434115
39.03,208.09419277734003,0.44072464
39.04,201.0589128067428,0.49717575
39.05,197.0344815519892,0.29685214
39.06,178.01727742728332,0.4040118
39.07,170.61903054606415,0.65770316
39.08,168.8396678642414,0.7399811
39.09,169.6753273356356,0.5930152
39.1,172.48711470647888,0.46609178
39.11,191.98075577672296,0.29668114
39.12,210.85574500307393,0.8193119
39.13,213.46130450763636,0.9280326
39.14,214.74326996232392,0.9315669
39.15,215.1235056700038,0.9202296
39.16,214.92654386531538,0.84484583
39.17,214.38001625757107,0.73352087
39.18,214.9934628314191,0.6381958
39.19,217.04086318169698,0.6250554
39.2,231.03219902475172,0.45472834
39.21,254.15562358647693,0.20748447
39.22,252.39085086604717,0.067185774
39.23,250.487942380878,0.03334538
39.24,250.80244699762466,0.062337436
39.25,249.52672421881087,0.29057667
39.26,252.35196292772633,0.42229763
39.27,250.72316508640262,0.3640588
39.28,252.28040897071946,0.33081988
39.29,254.35033204867318,0.1510352
39.3,250.24383759506742,0.11665022
39.31,249.4805914103914,0.21596296
39.32,249.99861574453837,0.62423843
39.33,247.32050202296313,0.42121536
39.34,247.3748411434983,0.5392783
39.35,244.09621076916605,0.37691742
39.36,236.56690336240496,0.08772505
39.37,237.4552648403542,0.17256445
39.38,242.80297839139254,0.05957952
39.39,247.35726107787127,0.07676285
39.4,246.35573862975292,0.11986901
39.41,251.68877754788656,0.3176968
39.42,254.7126897433974,0.28045443
39.43,253.149013901007,0.053577863
39.44,254.20732354404393,0.057038844
39.45,259.284329879231,0.07386648
39.46,257.8149548716572,0.13387303
39.47,247.37754134977115,0.1394617
39.48,233.65549175618605,0.14664379
39.49,228.41457669808338,0.2815386
39.5,218.05670136058066,0.3342189
39.51,198.37041497620643,0.2249951
39.52,179.62220209716543,0.028959757
39.53,167.43282707616936,0.1351577
39.54,163.45583586558715,0.60518855
39.55,162.78277222084185,0.6718871
39.56,161.5583430138815,0.73651296
39.57,161.31709811102138,0.7919368
39.58,162.5221907469046,0.77544755
39.59,164.52291658457952,0.8586565
39.6,165.5717721440464,0.9323575
39.61,166.02070887344064,0.9326832
39.62,166.71278293580974,0.8955161
39.63,169.65987910617514,0.8252581
39.64,173.02407631326793,0.80937237
39.65,176.15167268931634,0.90284246
39.66,178.60601510363057,0.9063586
39.67,181.17351717288673,0.8697874
39.68,184.70948666816508,0.7609362
39.69,189.38034111390834,0.5615213
39.7,191.9465726400141,0.51761824
39.71,194.82250590862168,0.41863835
39.72,195.46245449433798,0.63848007
39.73,194.66142962346242,0.6633535
39.74,193.57841538702712,0.69127285
39.75,194.44967958679308,0.7970467
39.76,202.2616920403287,0.6706809
39.77,223.07859848739338,0.2983948
39.78,224.52155394529183,0.5953307
39.79,225.45835208897552,0.6955956
39.8,224.2613725556223,0.6875438
39.81,222.97641897542914,0.6084905
39.82,219.3017096107775,0.4252228
39.83,215.26326534462385,0.45602396
39.84,216.04927197352535,0.45736852
39.85,218.46727356020406,0.47304782
39.86,221.68158476220572,0.5736739
39.87,223.24080138387342,0.56513727
39.88,223.5511752043967,0.48337713
39.89,223.26005983407987,0.422734
39.9,206.54104358096555,0.3814913
39.91,186.1694093233579,0.60354745
39.92,185.6346237473897,0.5833918
39.93,185.09145797672798,0.5699349
39.94,184.16588314541232,0.6967913
39.95,183.2504398911624,0.88213813
39.96,181.91357203465003,0.8490757
39.97,179.36170203151454,0.83805686
39.98,176.94936687455657,0.8071899
39.99,175.04704231777,0.7973066
40.0,173.89599608150127,0.73319393
40.01,173.01532677190175,0.47862345
40.02,183.30565082093307,0.3628303
40.03,209.4069262718184,0.3941288
40.04,221.36057801191777,0.18911043
40.05,240.14109698870246,0.31691292
40.06,240.06492132747485,0.43191642
40.07,227.9534758159352,0.25546435
40.08,254.6110345145314,0.36428463
40.09,279.3680533764506,0.3055762
40.1,284.86064767645667,0.6664604
40.11,301.31325593357195,0.5621902
40.12,310.6663042853297,0.80598
40.13,312.372535466053,0.8474115
40.14,315.53747714885753,0.571235
40.15,326.57749010790303,0.7735816
40.16,334.43568852185905,0.7588407
40.17,339.16225984121786,0.35972393
40.18,320.3326855175505,0.40836844
40.19,278.929990309562,0.49126503
40.2,258.76680847973364,0.37513185
40.21,235.07101340054643,0.37505752
40.22,246.79630381066943,0.5541165
40.23,246.2576406793038,0.40837145
40.24,220.1226386696547,0.33383903
40.25,219.2313205371995,0.27791914
40.26,213.3244420748474,0.10204608
40.27,214.8300733128565,0.2121588
40.28,211.2775817798521,0.2575238
40.29,208.07959490913828,0.36381987
40.3,205.0401673034968,0.2676003
40.31,203.257284965182,0.4032793
40.32,206.87244141745256,0.37112683
40.33,216.91243064278754,0.62590784
40.34,220.89606825248498,0.8997778
40.35,223.11956770045057,0.93090063
40.36,227.83918050205125,0.7536009
40.37,237.58692788918694,0.628044
40.38,245.7992865277279,0.6013187
40.39,253.77050393475756,0.6444796
40.4,274.1833487510401,0.34732446
40.41,297.46671520625995,0.50380886
40.42,314.13382087004294,0.5312532
40.43,320.04183028597356,0.7440095
40.44,325.82557517945764,0.5945188
40.45,332.3712679244175,0.30660376
40.46,344.11703671683426,0.46923038
40.47,352.9040341039342,0.59097046
40.48,362.7679526111842,0.41399932
40.49,372.46105151049306,0.6091358
40.5,382.99465190668604,0.77750427
40.51,391.07670929575283,0.8016613
40.52,396.64877951921704,0.9074117
40.53,399.3542987842625,0.93141764
40.54,402.3712490048263,0.9298945
40.55,405.5020864210837,0.93033576
40.56,405.8875660491521,0.949634
40.57,405.01875654923543,0.8871015
40.58,401.0287835961139,0.76337314
40.59,392.43605104756824,0.8246852
40.6,387.5707008752027,0.8796347
40.61,385.43841765058255,0.89310354
40.62,383.7761736274675,0.84864664
40.63,380.64858543277154,0.79834247
40.64,372.05289970763977,0.52239037
40.65,350.7202905134211,0.52752644
40.66,340.8861567640142,0.46728906
40.67,302.89074277056466,0.30269387
40.68,283.5092540153715,0.6053351
40.69,276.3335999704704,0.8157808
40.7,271.65295571034886,0.743595
40.71,260.2608573506351,0.57677275
40.72,247.00591161810752,0.61907923
40.73,242.55364170044655,0.78114873
40.74,246.47358995796364,0.6529841
40.75,258.9652999865589,0.7853011
40.76,265.19340593601567,0.84967834
40.77,274.72049520914277,0.84855056
40.78,281.64804504639295,0.7967661
40.79,293.3215450051837,0.72126865
40.8,300.32013827929165,0.9115712
40.81,303.8098170525856,0.8844376
40.82,313.7965443148091,0.748838
40.83,322.26263863844497,0.81529516
40.84,328.5318200591154,0.8610891
40.85,334.61146870380924,0.83978415
40.86,344.4995795318255,0.70966065
40.87,353.2754310387227,0.7789853
40.88,357.1496250828111,0.63662636
40.89,361.7835789684298,0.2127848
40.9,372.62153999420826,0.18777719
40.91,379.7168596980381,0.60916644
40.92,377.93069393033505,0.8098742
40.93,374.8153538152916,0.873185
40.94,371.68763456245694,0.9053639
40.95,374.0550737117617,0.7081664
40.96,381.7059235166786,0.83031636
40.97,382.7393400688858,0.81537896
40.98,380.4262408917367,0.5684468
40.99,373.97126002417286,0.44298077
41.0,376.15703116699444,0.46202514
41.01,379.6400565870686,0.76256037
41.02,380.97894191965827,0.9036809
41.03,381.92918240026927,0.9085341
41.04,383.17984231779496,0.8867321
41.05,384.10286020246565,0.90600795
41.06,384.9090486386877,0.9117593
41.07,386.3724205523241,0.89221984
41.08,387.3181401451353,0.88970965
41.09,387.5451824268408,0.8942703
41.1,387.1432522178658,0.88286865
41.11,386.5684586097931,0.8667086
41.12,384.5847261851728,0.88714594
41.13,382.19339784048066,0.8720691
41.14,380.5821408502043,0.9057223
41.15,378.88091412830374,0.8782933
41.16,376.63630481730263,0.868477
41.17,375.6741254878995,0.8792164
41.18,374.3538560607444,0.83149755
41.19,373.28324813239595,0.70133185
41.2,327.83321772334136,0.720728
41.21,296.97001758196797,0.80791974
41.22,252.45406642412107,0.84731567
41.23,242.93746220435494,0.8018249
41.24,209.8324145730331,0.6320597
41.25,187.23041945777885,0.4840162
41.26,162.4555719870385,0.5696222
41.27,140.82393122013013,0.49246606
41.28,127.77892662684695,0.7565677
41.29,127.16242408458305,0.82292557
41.3,126.80258847370995,0.8443438
41.31,126.77050977893266,0.863982
41.32,126.874566056539,0.86848074
41.33,127.05063267540206,0.8660548
41.34,127.09496860738511,0.87187576
41.35,126.56671050220564,0.89793575
41.36,125.67425643465734,0.8641193
41.37,124.43350855255295,0.8919391
41.38,123.50178273665976,0.92131305
41.39,123.01521718043259,0.89931035
41.4,122.50404877919543,0.92144597
41.41,122.31621873281385,0.91899747
41.42,122.34494234123416,0.91690177
41.43,122.30321462645105,0.89970475
41.44,122.26824384486618,0.8987619
41.45,122.39301891324126,0.8970754
41.46,122.8452010675572,0.8955277
41.47,123.24457784097446,0.88183546
41.48,123.58421502942352,0.8934763
41.49,123.8992293129173,0.86718684
41.5,124.2507597229241,0.8272033
41.51,124.87021429285635,0.79246557
41.52,125.52602824074428,0.51938015
41.53,141.13723539329567,0.49989405
41.54,156.8464108344838,0.74292785
41.55,190.10365036346894,0.8819216
41.56,198.30796925194423,0.87989634
41.57,233.1378525962995,0.91102785
41.58,254.59939995771165,0.8964799
41.59,291.39069414654307,0.89602363
41.6,331.4694637928275,0.89712733
41.61,365.1774794469618,0.9218981
41.62,362.9034945825483,0.92623013
41.63,359.0010445754758,0.9513166
41.64,357.3997549295898,0.9450215
41.65,359.97543092614467,0.92430085
41.66,361.42348738592216,0.92863005
41.67,361.03906456537885,0.8717836
41.68,366.66152784218076,0.8210238
41.69,373.8779786110837,0.825548
41.7,377.2046259454852,0.8282867
41.71,376.7623005775527,0.72303814
41.72,370.96302427832603,0.75437534
41.73,369.084129391328,0.638383
41.74,373.98114703961033,0.35014328
41.75,368.6265890025103,0.28156567
41.76,362.9513188218782,0.53655267
41.77,366.09426816229177,0.84014094
41.78,366.20634540838284,0.87576723
41.79,364.8369472406029,0.8491136
41.8,365.28258374445625,0.82117766
41.81,363.46719604382537,0.577853
41.82,355.82286140106197,0.67299426
41.83,351.796950621929,0.71183497
41.84,353.4866096383704,0.5845484
41.85,351.12820742345144,0.58602196
41.86,349.2257488879975,0.6317227
41.87,349.5147579322495,0.58201355
41.88,313.74881395232035,0.41856322
41.89,313.74960777754126,0.5726737
41.9,315.8502379599906,0.6018245
41.91,316.65803466814384,0.460274
41.92,289.85395345748964,0.7130098
41.93,249.71149687504575,0.5464561
41.94,220.9751379275717,0.3173484
41.95,193.74914599931367,0.73696446
41.96,177.8743013162832,0.81206447
41.97,182.10194190763895,0.70206827
41.98,186.60329654943095,0.40686837
41.99,192.20198716185246,0.34649983
42.0,196.6657049920738,0.30005246
42.01,210.0895227099757,0.39021668
42.02,228.79827741342436,0.35809013
42.03,240.74400671785298,0.61298114
42.04,248.08300845495654,0.7678916
42.05,255.50289480454603,0.72975886
42.06,261.02758458244324,0.7080547
42.07,265.73947058043746,0.6480888
42.08,274.4418179794321,0.50223744
42.09,283.90250628094645,0.3959098
42.1,291.6037540684776,0.44250754
42.11,302.0536889736502,0.3790035
42.12,317.6449796300613,0.6019974
42.13,325.98777099572146,0.7444451
42.14,331.7500830342163,0.8437315
42.15,337.35611524054616,0.8007074
42.16,345.3626018005126,0.53194076
42.17,351.20328056922375,0.49072647
42.18,357.24499220162863,0.544486
42.19,365.373617457606,0.70520276
42.2,369.4861573112683,0.48862964
42.21,370.06731676761126,0.8205825
42.22,370.48698180295924,0.8431006
42.23,373.5521744620655,0.7090891
42.24,381.8795527125459,0.55120695
42.25,384.53245779554686,0.42809615
42.26,385.306337021891,0.2718126
42.27,387.4400208737566,0.25979847
42.28,387.20688083175867,0.3384745
42.29,384.2979104370336,0.44837353
42.3,379.69135595047027,0.43584055
42.31,371.2386381140061,0.69843125
42.32,365.84114568710515,0.63883036
42.33,362.89676931628406,0.47280645
42.34,366.24936826550856,0.18438223
42.35,372.9742947169593,0.12840454
42.36,382.0218389603117,0.20493175
42.37,388.9399097749056,0.7197008
42.38,388.8217552107711,0.7368017
42.39,387.55015793800845,0.6642871
42.4,384.78319234303297,0.5868924
42.41,381.72268908118866,0.6395588
42.42,378.505862933581,0.499658
42.43,377.02232162302784,0.34934974
42.44,376.09156805908873,0.49289063
42.45,375.2296932520353,0.5939466
42.46,373.8224178304089,0.70008034
42.47,372.0924082013417,0.70627147
42.48,370.1819416699089,0.8270506
42.49,368.5919316919028,0.805492
42.5,365.03607652760127,0.7142088
42.51,362.87184265756116,0.39049146
42.52,362.8994479817337,0.25854996
42.53,363.2012984989675,0.34767836
42.54,363.0479868689657,0.6912926
42.55,363.67728775219854,0.5439035
42.56,362.0115015858908,0.695702
42.57,356.0548696153721,0.42236295
42.58,396.48783255648874,0.3807791
42.59,393.8896107746214,0.6558869
42.6,397.10483471426465,0.69508904
42.61,396.04599967150216,0.76974314
42.62,393.3131740563141,0.8107336
42.63,392.2688088228889,0.69337463
42.64,388.94958610900966,0.51681995
42.65,377.0655880344714,0.55019337
42.66,369.17803169508784,0.7989743
42.67,364.99379151962773,0.7133467
42.68,360.76306305101303,0.45584077
42.69,354.7517130505091,0.57961565
42.7,353.23223499960943,0.5720978
42.71,352.94595385979824,0.82220674
42.72,353.3484568765089,0.90166694
42.73,354.62017535447757,0.88966465
42.74,360.2303264200318,0.7340937
42.75,372.40889801960304,0.7748693
42.76,373.3107315939839,0.7984777
42.77,370.21662939344435,0.7508154
42.78,369.710035050073,0.7003143
42.79,375.1954267853283,0.51666975
42.8,374.3376944453974,0.5138669
42.81,371.53321865051066,0.6153394
42.82,371.5680803933936,0.40495998
42.83,371.70558417021687,0.50905913
42.84,368.24917256894764,0.33201253
42.85,363.5888965999882,0.39942634
42.86,358.8218564504317,0.4031348
42.87,355.0099210043697,0.7103388
42.88,350.1766152292933,0.67001975
42.89,348.1368359600367,0.49048293
42.9,332.7221721137277,0.47147566
42.91,325.2401914962568,0.6986856
42.92,316.70145910327733,0.7768218
42.93,313.47469063541166,0.82773817
42.94,307.08768356801045,0.7233007
42.95,298.36290537480824,0.7133351
42.96,292.5195359515568,0.62354296
42.97,278.6646775908589,0.5927272
42.98,271.83090683661123,0.76154613
42.99,263.45153974721364,0.4086925
43.0,241.98438343305565,0.7336895
43.01,237.286174187513,0.7778716
43.02,232.89827998787962,0.66894305
43.03,226.76319866716514,0.4597943
43.04,220.01477891750721,0.29402536
43.05,246.13915993309175,0.14904451
43.06,283.28972342732305,0.11182695
43.07,327.59804179816285,0.22799888
43.08,362.41345336714454,0.33482647
43.09,360.39885607651036,0.75410473
43.1,352.5446101636842,0.68457645
43.11,347.61180576595586,0.7407874
43.12,349.62191050066303,0.42539388
43.13,352.8554366243101,0.11986254
43.14,359.07402583554347,0.17993754
43.15,364.62964029416366,0.06964196
43.16,363.63807269068644,0.11498469
43.17,362.60645565317986,0.22018223
43.18,357.9171994888129,0.30626878
43.19,357.8801638259441,0.28420135
43.2,355.3280077791706,0.5137664
43.21,350.94169567295836,0.2897136
43.22,353.0595997556284,0.2937968
43.23,318.38686147105113,0.3377901
43.24,268.18742038001164,0.15986359
43.25,241.73769404387642,0.3061894
43.26,241.68987665256753,0.40344614
43.27,239.11585053771037,0.42308348
43.28,244.93009211486998,0.2723738
43.29,255.74596692007364,0.29385665
43.3,276.1561328004499,0.50978786
43.31,300.68414715302174,0.23691247
43.32,319.03836929956094,0.11146907
43.33,341.2949122611453,0.049973246
43.34,356.4523276428718,0.60565215
43.35,356.0218961922231,0.7734879
43.36,353.39616298838536,0.77275884
43.37,350.3267597698061,0.42586973
43.38,346.7350662894342,0.30876786
43.39,351.14255844167593,0.58832467
43.4,355.3268624580824,0.56912655
43.41,359.1956899686852,0.42349583
43.42,359.2605803076819,0.5320642
43.43,357.22544713835146,0.27598885
43.44,342.92128799366543,0.13829271
43.45,319.408829862252,0.23500666
43.46,310.5177687759411,0.20413917
43.47,313.99130090919994,0.59037834
43.48,321.96178754687753,0.8002996
43.49,326.1948367240577,0.26596844
43.5,298.75335567640286,0.46311492
43.51,259.08304879094226,0.53872454
43.52,220.93683311608328,0.5175515
43.53,197.51124599615179,0.48013163
43.54,204.94416243356997,0.6091083
43.55,208.2980750036429,0.87228537
43.56,209.28586916386814,0.9038182
43.57,208.2596704407543,0.9136638
43.58,205.96688092995612,0.8346649
43.59,202.39505543311864,0.7001293
43.6,197.89401734695957,0.73768616
43.61,196.13119272075357,0.69965386
43.62,191.13203100033516,0.6144392
43.63,186.90706459884512,0.81313246
43.64,185.69019604774266,0.9113337
43.65,187.08968558598502,0.80096096
43.66,193.18851484979578,0.45640227
43.67,180.887130856827,0.2463308
43.68,163.47206544825158,0.50708896
43.69,148.52267419949536,0.7535633
43.7,130.43262158374569,0.66975814
43.71,120.67426872019044,0.6282145
43.72,121.97497799378019,0.797431
43.73,122.93526689148968,0.8270429
43.74,123.52400197749434,0.8316239
43.75,123.82358857884802,0.8534175
43.76,123.89969044492575,0.8505178
43.77,123.57668414387993,0.86740136
43.78,122.94358947947258,0.81652975
43.79,121.21495994482807,0.63831586
43.8,117.86623974406005,0.7346586
43.81,115.63936415121647,0.71574885
43.82,113.59493554397307,0.56120026
43.83,111.0793641578409,0.6550591
43.84,109.50640752505478,0.72898686
43.85,108.01757906131553,0.5717123
43.86,107.16228739470408,0.5312433
43.87,107.81921865447238,0.5448103
43.88,109.25346789977957,0.58209956
43.89,110.32275132387915,0.6383564
43.9,111.19252646962933,0.5889711
43.91,112.8611842196924,0.5268148
43.92,115.89315422193766,0.24898632
43.93,120.70661075829523,0.46663895
43.94,123.69371848893401,0.673219
43.95,125.8722592051246,0.77077776
43.96,127.59531096396947,0.63219607
43.97,127.13700341798165,0.6485499
43.98,124.93976551961984,0.79777104
43.99,123.2211529247496,0.8417784
44.0,122.34096738976932,0.89081085
44.01,121.24542838671138,0.61563027
44.02,132.91049978594734,0.4938261
44.03,151.6631886258374,0.34068164
44.04,167.36109161158768,0.086652175
44.05,190.20033389166528,0.25216237
44.06,210.25808102048188,0.47877723
44.07,210.66650224403205,0.80339307
44.08,213.297052391122,0.77689236
44.09,217.14568407573526,0.71847755
44.1,221.81820356725052,0.71476287
44.11,229.5702845800436,0.55049
44.12,238.11777797734385,0.70560837
44.13,242.69701635869956,0.8153622
44.14,246.05189508235833,0.83150595
44.15,247.2631951205006,0.86149263
44.16,246.9659041189127,0.8310987
44.17,244.13122307718476,0.70515114
44.18,238.2895263832988,0.6054684
44.19,230.71886322822306,0.49570537
44.2,224.06825422985705,0.5001071
44.21,215.97132769856938,0.6321759
44.22,209.6655097415868,0.70791477
44.23,206.9166178848755,0.85338706
44.24,206.86400311385944,0.8739207
44.25,209.6451589645645,0.7929237
44.26,216.32200816349496,0.6250466
44.27,227.34766935514497,0.40583128
44.28,233.48836091938463,0.76747
44.29,241.2632524275552,0.7023664
44.3,246.160420921919,0.8005036
44.31,249.15576907589275,0.8363257
44.32,251.43844470324257,0.76008946
44.33,252.1921964967147,0.6085315
44.34,250.64595281965867,0.5592966
44.35,241.90989684463733,0.47338787
44.36,233.4963728959984,0.5882157
44.37,226.15064967612972,0.73697335
44.38,221.0513669205098,0.8017919
44.39,215.48906460510878,0.7588648
44.4,208.8805970409926,0.7788415
44.41,205.10735981640056,0.770934
44.42,201.02928095926762,0.7811309
44.43,200.5043026021603,0.7154484
44.44,203.6188629873972,0.7954098
44.45,205.33445357694038,0.7025684
44.46,209.07018650627214,0.64443266
44.47,213.26865323591701,0.61334014
44.48,215.22385742617732,0.7006592
44.49,217.10870584184352,0.8205082
44.5,219.2876963198513,0.82913595
44.51,222.65318366316737,0.62120086
44.52,230.81547342546503,0.4025864
44.53,242.8877321936581,0.46257842
44.54,248.3331977214648,0.7304433
44.55,251.6361315186086,0.7929627
44.56,255.45204409523149,0.8751368
44.57,260.08510514992275,0.9248794
44.58,262.93216445267115,0.945053
44.59,261.5181731216478,0.87392294
44.6,254.58623847518322,0.88585246
44.61,249.29348590030358,0.860745
44.62,241.35864468900144,0.76898736
44.63,234.54482796346753,0.6593713
44.64,219.36556029207065,0.49481696
44.65,206.17749213003944,0.8281682
44.66,203.98571929443636,0.65453446
44.67,208.31210096757817,0.64637715
44.68,217.67722868724826,0.27916783
44.69,245.154237757367,0.20536922
44.7,269.81559322523344,0.41355634
44.71,278.7704978254117,0.60015
44.72,292.7505290611493,0.73779416
44.73,295.38188533679795,0.9279827
44.74,293.866960020082,0.9094025
44.75,286.5981332513576,0.7117605
44.76,280.19472243782656,0.70301026
44.77,274.1555720276931,0.78659946
44.78,267.95112664913387,0.7026099
44.79,257.9438806902132,0.6197845
44.8,248.0052892904456,0.61998886
44.81,236.8874619249865,0.49810913
44.82,226.265629514572,0.54795694
44.83,219.17202510868884,0.8107249
44.84,219.9591769488188,0.82811314
44.85,225.6529267812649,0.67300445
44.86,237.01123140236842,0.59347445
44.87,243.66215961199066,0.54939497
44.88,253.206093045399,0.28361338
44.89,286.3676658819551,0.49133486
44.9,292.11859763367505,0.65816504
44.91,296.0676332172255,0.86268854
44.92,298.4308297333753,0.9378857
44.93,299.2263137914036,0.9228582
44.94,299.2464033927003,0.88082314
44.95,299.0732501763793,0.8278291
44.96,295.2961629207123,0.63799536
44.97,283.4457666573605,0.588421
44.98,273.96146517581104,0.8492593
44.99,265.6642922502748,0.7908548
45.0,254.4616459977213,0.78875184
45.01,243.66773247549577,0.682852
45.02,227.38118379157126,0.6063964
45.03,225.88904726149096,0.72284496
45.04,239.20537673235512,0.53143495
45.05,249.54066954898133,0.4155841
45.06,278.8706361475797,0.6142138
45.07,285.35374320535027,0.7334369
45.08,289.7528546092941,0.8160281
45.09,291.2709960420182,0.7753997
45.1,280.50176551491484,0.6612059
45.11,272.092496763422,0.8992705
45.12,264.40010018732147,0.82515544
45.13,253.56763018466876,0.75477326
45.14,239.27150792332202,0.7414838
45.15,233.22227419236984,0.59254944
45.16,217.59331819705025,0.6974006
45.17,218.5811846309268,0.8136001
45.18,227.798609931032,0.75882864
45.19,233.1787378901289,0.67286414
45.2,242.19096792008375,0.63031703
45.21,266.22452878811004,0.324853
45.22,309.01927880782785,0.6372126
45.23,326.78014399175106,0.64435333
45.24,329.1362259187125,0.45543525
45.25,329.5006659123007,0.29590636
45.26,305.3766402606748,0.12921923
45.27,274.4001911119535,0.21553437
45.28,242.62453130224418,0.6656988
45.29,239.97459239877767,0.8265605
45.3,238.03235976083874,0.8099043
45.31,238.8997693567032,0.8220463
45.32,240.0476096369043,0.8832375
45.33,242.3708553495196,0.8792921
45.34,245.17769690332773,0.91354513
45.35,246.31666739470202,0.9004101
45.36,245.9418596294758,0.8658665
45.37,244.60285687710882,0.72567886
45.38,241.18877902438692,0.5382988
45.39,224.43799816823744,0.32312846
45.4,217.41246561336285,0.5227695
45.41,208.66520138698988,0.391618
45.42,186.91462735985414,0.27956927
45.43,192.14982725382416,0.31378043
45.44,177.04039180987945,0.62177265
45.45,171.0445971781798,0.59181154
45.46,165.0255442156809,0.6460811
45.47,155.2109649846579,0.76914155
45.48,154.02820147304683,0.8513925
45.49,167.32424192477896,0.59849256
45.5,187.58160863489184,0.25133952
45.51,194.2820968679052,0.3453915
45.52,212.20156266351825,0.52727276
45.53,216.98183516859842,0.50435156
45.54,218.36020224531927,0.7727224
45.55,206.3810030223467,0.6265972
45.56,185.23099605751227,0.27458823
45.57,181.1228686315121,0.6390599
45.58,176.95606657319763,0.67044497
45.59,171.01546296535173,0.6230863
45.6,165.95304599268576,0.7995922
45.61,162.01994558021164,0.8744047
45.62,161.17594800617152,0.90528136
45.63,162.03739078581356,0.7911697
45.64,167.80351334205773,0.5341742
45.65,175.25973946244747,0.7075835
45.66,179.8555272987847,0.4995054
45.67,196.01153674423483,0.32299212
45.68,222.47146032927307,0.5641169
45.69,235.01542695516082,0.7452204
45.7,233.833030562788,0.7547048
45.71,232.45565062086027,0.5871302
45.72,223.37342243830295,0.49789578
45.73,210.60775466991453,0.52292
45.74,200.91203998005284,0.7205365
45.75,195.85977407160345,0.78773355
45.76,190.91424231205704,0.7899761
45.77,185.36839615663442,0.89470786
45.78,182.65181440361528,0.9289381
45.79,180.74182168402365,0.9226725
45.8,179.56175170807137,0.926804
45.81,179.86388002909945,0.89384955
45.82,183.76042205577463,0.79772514
45.83,189.5161550756988,0.6529236
45.84,200.83947113295778,0.50718975
45.85,211.3463895708222,0.70443135
45.86,213.8319324164297,0.88197285
45.87,213.044298709856,0.8550151
45.88,209.5569982473984,0.7803442
45.89,207.94801510085142,0.6811903
45.9,207.6471272125214,0.5544072
45.91,214.1031517113493,0.21353352
45.92,197.9079510037559,0.25202376
45.93,173.87340382659727,0.21139447
45.94,153.4893214924884,0.17262161
45.95,154.01877591621587,0.16579741
45.96,144.5639295747745,0.051611073
45.97,144.5888316577514,0.04921349
45.98,146.07589382139136,0.11955715
45.99,148.99085143886035,0.32264346
46.0,150.17497237384552,0.13318667
46.01,151.55698428721348,0.16216156
46.02,154.5017963760797,0.115978345
46.03,152.85429394245887,0.13009752
46.04,153.55936648809188,0.21146828
46.05,153.05063955260277,0.17659776
46.06,153.1052713290509,0.20924711
46.07,155.48341694185217,0.25024667
46.08,161.84550349742452,0.3536672
46.09,164.75026103631652,0.5514273
46.1,164.83105527641817,0.22674367
46.11,150.00191230857698,0.3818576
46.12,152.32042997454138,0.24404876
46.13,162.8188243102173,0.25742555
46.14,171.3661740919041,0.20678802
46.15,188.1673607502447,0.18418902
46.16,203.90252591422635,0.09563406
46.17,211.71898687853826,0.21572512
46.18,214.81048378394874,0.16846943
46.19,217.8855710451204,0.105889395
46.2,237.69588140939132,0.22472173
46.21,235.6076686718505,0.18717015
46.22,231.7824541773142,0.31648836
46.23,228.67868565110913,0.49454033
46.24,232.08189214300597,0.2853331
46.25,228.74195983407196,0.5964229
46.26,226.7564902389592,0.59334123
46.27,226.6443724886684,0.5016526
46.28,226.75689929871902,0.37987673
46.29,230.31627511095675,0.4287325
46.3,235.12603228890453,0.76754004
46.31,233.7703174663633,0.77456176
46.32,233.516561339712,0.7342825
46.33,233.8168015142416,0.35238323
46.34,239.66367627940076,0.44344804
46.35,241.6240424633058,0.49613482
46.36,239.68774257853457,0.6532326
46.37,239.77007032931783,0.67898715
46.38,255.63593362892277,0.5571241
46.39,292.2319349825157,0.4661524
46.4,326.56062530473656,0.27315894
46.41,371.0489165868361,0.11340005
46.42,404.2586112445272,0.39518622
46.43,408.09554530642055,0.5951347
46.44,435.84432795907094,0.4066769
46.45,437.5681577719545,0.56792706
46.46,434.97888785516943,0.6878579
46.47,433.98199857027856,0.8192118
46.48,433.42199602085543,0.73538667
46.49,430.51603407324615,0.24099727
46.5,379.1328528480744,0.4282042
46.51,349.2392833820961,0.579358
46.52,357.5450110161437,0.42909735
46.53,365.80900327850645,0.4991282
46.54,372.41405633150697,0.68322885
46.55,381.2231250693225,0.85276765
46.56,387.1915709154939,0.8868251
46.57,390.6818874073547,0.9141865
46.58,392.84200411679774,0.9429703
46.59,394.2006131575767,0.92646503
46.6,392.9234897424976,0.85510224
46.61,387.8396464077818,0.7472412
46.62,380.2934083067512,0.76395756
46.63,373.617731936088,0.73266345
46.64,367.95725543657954,0.69822747
46.65,362.86687382779115,0.6765304
46.66,357.8763816828999,0.8091103
46.67,356.1124538225942,0.82450074
46.68,354.79968776207863,0.7869058
46.69,354.1800274538548,0.6456856
46.7,353.85765311947364,0.64357316
46.71,355.80390716639,0.6060371
46.72,360.82058262539135,0.50959337
46.73,367.69477196229377,0.56165993
46.74,372.4858627799633,0.4016841
46.75,383.1531713417452,0.16894211
46.76,387.32637241946827,0.14170298
46.77,387.7997891345349,0.26380828
46.78,387.9033917464245,0.36307317
46.79,385.7749876957047,0.6258273
46.8,378.6405349876889,0.7371926
46.81,371.25487268254966,0.8789504
46.82,364.8793203099899,0.87791014
46.83,357.5894171617679,0.9302867
46.84,352.73965710649117,0.953492
46.85,350.43399705696567,0.97309923
46.86,349.63464398539327,0.96715254
46.87,352.4453837618089,0.9137735
46.88,358.67538727357356,0.93507475
46.89,363.39458068504206,0.93520665
46.9,370.17727883292486,0.7114422
46.91,388.46499979894526,0.6338786
46.92,393.05753715037986,0.48562822
46.93,390.3837710490012,0.6979275
46.94,380.4920091150538,0.74819946
46.95,375.51175053456285,0.43500182
46.96,366.26976456059134,0.42990142
46.97,348.932470868834,0.8415303
46.98,339.0859625867452,0.6621836
46.99,321.72801510991115,0.81952494
47.0,318.39087800841634,0.9367947
47.01,316.3344360479451,0.9518994
47.02,315.8974987330785,0.9273686
47.03,318.87539037960966,0.6598889
47.04,335.03268319659037,0.3247708
47.05,377.5061234790732,0.7746292
47.06,389.09136089239917,0.8476496
47.07,392.72137003471585,0.9118866
47.08,391.99381759567217,0.86125445
47.09,387.81993165439485,0.65856224
47.1,383.7994461271843,0.4638472
47.11,357.9208885386942,0.3776988
47.12,371.33181758932267,0.0945172
47.13,367.64130934736926,0.40260646
47.14,354.42111139961156,0.6219547
47.15,343.5512109175982,0.5356893
47.16,332.5004214833286,0.5718394
47.17,324.7005506738035,0.6901312
47.18,319.4350769243115,0.7825195
47.19,314.23525950516597,0.8766833
47.2,311.33513445747985,0.9522999
47.21,310.17349440222733,0.9304272
47.22,308.2079389069532,0.89117044
47.23,309.4883256122374,0.7156946
47.24,319.5962918506553,0.46950772
47.25,334.62639732818127,0.6376853
47.26,342.52048626089555,0.6873074
47.27,342.9585862782725,0.69024307
47.28,338.68316071197825,0.662663
47.29,332.08503668140594,0.62869817
47.3,325.90597840903433,0.66576904
47.31,321.7149312166304,0.73063225
47.32,319.29286303994513,0.8451409
47.33,319.2109069596395,0.9183366
47.34,321.60413705214216,0.90023106
47.35,324.53280295622994,0.9094314
47.36,328.4168656653874,0.9114972
47.37,332.38697002679766,0.87392014
47.38,338.330962655687,0.6962568
47.39,346.3527867065836,0.5909463
47.4,355.1249825607763,0.59951407
47.41,364.68601419874517,0.6733947
47.42,371.899911133278,0.7819824
47.43,378.1203515191884,0.69843805
47.44,383.0147197550735,0.8170104
47.45,384.730650481829,0.83643705
47.46,382.7036638783147,0.75980914
47.47,377.9134374664434,0.6218267
47.48,375.9432931831902,0.42972615
47.49,355.14195187751346,0.55300075
47.5,349.9068875846263,0.62938166
47.51,330.357373521473,0.176211
47.52,313.5265436365106,0.4952665
47.53,309.49952034073215,0.77194685
47.54,310.1863285183431,0.6994359
47.55,315.82955171849386,0.41050237
47.56,350.1005682069599,0.2584429
47.57,362.9351448719722,0.63028187
47.58,368.0548764865831,0.65886277
47.59,381.59098406499487,0.4228491
47.6,390.70036606873475,0.59209496
47.61,392.16300748039316,0.62573886
47.62,391.7166365482849,0.557013
47.63,388.76127376846057,0.551177
47.64,382.04557131047636,0.69736516
47.65,377.9019811661189,0.7760352
47.66,368.9435960963811,0.5378627
47.67,354.34736542451736,0.8167191
47.68,348.4034429970353,0.879398
47.69,338.7908459073338,0.750836
47.7,329.4407007479655,0.87405545
47.71,322.59780678105875,0.92169744
47.72,321.8933766997821,0.90984863
47.73,326.5810545198253,0.7036289
47.74,338.6250793265581,0.6274981
47.75,357.72564975783945,0.4666656
47.76,379.71350488749437,0.82102716
47.77,388.72421681200086,0.81715703
47.78,395.90424707228664,0.6658424
47.79,395.3828299198026,0.7733515
47.8,390.4501097443435,0.80980283
47.81,384.7943363277068,0.73234266
47.82,376.50865961787866,0.47546554
47.83,365.69496615431206,0.41642267
47.84,362.43842427147047,0.30728275
47.85,369.1318220351662,0.6689677
47.86,371.663388067405,0.5968469
47.87,375.4552148755238,0.53144515
47.88,378.123933744209,0.6142331
47.89,380.2828092947268,0.73259664
47.9,383.403396556676,0.6853019
47.91,389.51459371237024,0.8093516
47.92,394.8592543773713,0.9097449
47.93,398.0448945327262,0.9650281
47.94,399.76993248585643,0.9453103
47.95,400.8225021068074,0.9330955
47.96,400.11186763355545,0.9055599
47.97,398.69478685736686,0.90931034
47.98,395.9217628793845,0.85688984
47.99,392.1990144321706,0.8724456
48.0,385.5418147802408,0.7434838
48.01,378.6269223550373,0.6917384
48.02,372.08184527660524,0.5569982
48.03,359.79412155088374,0.49345937
48.04,350.9994355924068,0.48355636
48.05,317.09570034522284,0.23509265
48.06,303.2804706760738,0.19434085
48.07,269.1698087723642,0.24706757
48.08,268.0388530457324,0.61044836
48.09,268.1589712216771,0.76520914
48.1,267.741050047617,0.4688548
48.11,275.4165265919154,0.24821657
48.12,296.0510972165516,0.38738587
48.13,301.2276644343365,0.50137836
48.14,321.2629439024832,0.4918334
48.15,315.7441379339283,0.44585326
48.16,317.4059650381099,0.52009183
48.17,329.1912271278031,0.6013775
48.18,333.151360368799,0.5090981
48.19,357.3668606114233,0.30064106
48.2,392.8419739297225,0.92626256
48.21,394.1330383162459,0.93747395
48.22,395.1084160602978,0.9297881
48.23,395.0807626134369,0.918039
48.24,392.0591763232673,0.8665235
48.25,385.0657053135326,0.6951576
48.26,377.7236758182038,0.63702995
48.27,367.26680450888534,0.6068076
48.28,357.3934775076754,0.7759224
48.29,353.33554273756533,0.92860097
48.3,349.55548609437085,0.9263014
48.31,347.4268846945094,0.9343794
48.32,346.90360070017607,0.94509625
48.33,348.6981181996535,0.9053362
48.34,351.23405744547375,0.75841063
48.35,353.7167126590629,0.57376844
48.36,401.08592629001873,0.5905161
48.37,405.7945451732752,0.86818826
48.38,410.5755027685443,0.9322024
48.39,412.29057901042785,0.9386795
48.4,414.4218287526348,0.90580124
48.41,415.1274913796565,0.8959859
48.42,411.9934700183546,0.91696674
48.43,407.3146140471756,0.92438793
48.44,402.32528647199365,0.78964126
48.45,395.38046876260927,0.41594544
48.46,380.989586974728,0.73689455
48.47,374.6007071269793,0.8641083
48.48,373.3081730832822,0.8666724
48.49,378.6608010058644,0.48744825
48.5,385.680266508091,0.3077405
48.51,382.47315477116376,0.20714346
48.52,379.6831686079229,0.2005466
48.53,384.1926700207881,0.47767723
48.54,385.0983378216124,0.68207103
48.55,386.45983950244556,0.76394683
48.56,386.6692195281459,0.67932355
48.57,388.23166694363755,0.5203561
48.58,388.7292113763647,0.4237806
48.59,387.00484234057626,0.18452264
48.6,381.96374625170967,0.5628856
48.61,377.3674305504984,0.55589414
48.62,373.8202879783147,0.715434
48.63,373.9371501378503,0.86383677
48.64,377.24245803915716,0.8750301
48.65,379.64835309368164,0.9048854
48.66,377.27097273972043,0.86439514
48.67,374.57783414889695,0.8671709
48.68,373.2703500514576,0.72855157
48.69,370.2961381640175,0.65748626
48.7,365.4704799461726,0.37189323
48.71,359.46420478502114,0.45800695
48.72,355.5795336343447,0.52962846
48.73,352.1547640294228,0.46499875
48.74,348.3431873770161,0.410934
48.75,341.976060467091,0.31951144
48.76,335.8541752606185,0.4650518
48.77,328.018457153624,0.42801747
48.78,313.12836705912883,0.44133082
48.79,308.0518374858347,0.3007495
48.8,296.78327074329667,0.2580946
48.81,272.0683664127903,0.2431339
48.82,247.27908538648168,0.639784
48.83,245.4566486473712,0.62551373
48.84,241.47558426047422,0.3927826
48.85,233.13250370548838,0.24296363
48.86,210.1758044440568,0.30751696
48.87,184.91511373456092,0.720351
48.88,173.73722596768397,0.83508587
48.89,169.4848811615843,0.61859816
48.9,161.19974377358972,0.6461768
48.91,155.09961389360342,0.36674887
48.92,141.06875472971217,0.26585478
48.93,137.30112596437246,0.5339534
48.94,133.52397852427396,0.6025292
48.95,148.41503164296927,0.2186831
48.96,171.67771558032132,0.07260873
48.97,189.20908843954163,0.10093566
48.98,213.42743400094417,0.1369773
48.99,232.63396037297247,0.082570195
49.0,258.0893465136173,0.35894778
49.01,294.72238420845036,0.16166556
49.02,318.2591414719708,0.05643016
49.03,355.32797272110884,0.12705442
49.04,347.8450034327846,0.2639839
49.05,347.8488765595072,0.15076184
49.06,349.3378808345873,0.1232771
49.07,350.48644930177574,0.095297895
49.08,349.2218820836229,0.29519954
49.09,344.8837350635168,0.19179963
49.1,346.0462569493943,0.18751805
49.11,352.7774323846756,0.16312808
49.12,367.7379562286604,0.34561202
49.13,388.7830560534355,0.05225814
49.14,392.4077678752565,0.35572195
49.15,390.8885930781132,0.1751863
49.16,383.4647694756882,0.2744006
49.17,366.97714489673706,0.12653345
49.18,362.70606729768065,0.14617062
49.19,396.08706434212564,0.05731868
49.2,352.23418168615444,0.07104459
49.21,357.51385309852145,0.070282474
49.22,377.74343719769746,0.06654361
49.23,395.7622819338518,0.061044056
49.24,392.27628082357506,0.09364722
49.25,391.9198239082747,0.15084027
49.26,387.8217054895685,0.10092345
49.27,379.2129382265577,0.42589477
49.28,366.91928982165484,0.26183987
49.29,360.81311739435887,0.19753852
49.3,359.87412608460386,0.20115663
49.31,362.91881644068894,0.10454909
49.32,366.6948050320952,0.21704142
49.33,378.89648861367493,0.068055324
49.34,387.3250118645758,0.08938273
49.35,388.84308550800483,0.08398212
49.36,389.5460775503694,0.0762076
49.37,391.1729214692666,0.14459582
49.38,393.35767074946125,0.096211515
49.39,390.23610620357937,0.076794155
49.4,389.39014875783704,0.20505303
49.41,386.03434438065534,0.22079654
49.42,372.3468060469595,0.07433192
49.43,358.31975275538065,0.11796729
49.44,366.6677242065677,0.14343445
49.45,366.4296543886917,0.19916412
49.46,365.1637955384847,0.24419747
49.47,360.90393429851014,0.28691754
49.48,362.48524430045927,0.38586232
49.49,362.5522424698888,0.36774728
49.5,363.14145287621534,0.41107377
49.51,359.4939660321885,0.15042685
49.52,357.6815577581816,0.23281191
49.53,317.6193873841789,0.3664156
49.54,279.8370670598954,0.25517517
49.55,265.968418751028,0.06604332
49.56,249.01558272426766,0.02665649
49.57,232.18562657724578,0.04324115
49.58,210.05300063876427,0.05925364
49.59,201.60126045581615,0.09533524
49.6,189.68670902399128,0.02300895
49.61,171.03463168953533,0.09879892
49.62,159.01076197481015,0.105460696
49.63,149.94046237251573,0.17260967
49.64,137.7858403288968,0.13262856
49.65,131.61904830815402,0.6005475
49.66,132.32350889504204,0.74408686
49.67,136.18211439312324,0.54156804
49.68,141.6046528253719,0.6610934
49.69,146.79855500597148,0.58749753
49.7,152.04954242322583,0.461157
49.71,157.85326239706163,0.3427098
49.72,162.26923714700504,0.40648577
49.73,164.9097235290517,0.48311675
49.74,171.6311879651982,0.42430907
49.75,176.1906447401426,0.85319394
49.76,177.85476527511554,0.90158933
49.77,178.6249783397682,0.89436394
49.78,178.382438661229,0.86055064
49.79,178.11898815807092,0.88449967
49.8,177.0759673167137,0.8702892
49.81,175.4085043894007,0.8509189
49.82,173.1599064883792,0.8654169
49.83,172.36265931015703,0.85262865
49.84,173.27717915560305,0.8772261
49.85,173.64628245107352,0.9223396
49.86,173.4099234171931,0.9246576
49.87,171.43153303621207,0.8752161
49.88,167.99799902579426,0.88514113
49.89,165.22259838447417,0.9287018
49.9,163.1263969179332,0.92100316
49.91,161.77751857264337,0.9336921
49.92,161.2320492824837,0.93815535
49.93,161.3614489019099,0.935906
49.94,163.3075703245259,0.89421666
49.95,165.95975481969765,0.89671355
49.96,170.5919918939329,0.8165536
49.97,174.8634008031671,0.91938615
49.98,180.02998846737327,0.877392
49.99,183.4658473132073,0.91389453
50.0,185.49630873222782,0.9159416
50.01,186.19029312332074,0.86346024
50.02,185.26239996721043,0.8108523
50.03,183.656126667064,0.8637582
50.04,180.49936135533449,0.8922673
50.05,176.52259160668393,0.8389353
50.06,171.97365743382133,0.7889986
50.07,166.19713240966428,0.7097633
50.08,161.8787194873418,0.80129427
50.09,157.95721733867106,0.86846036
50.1,155.74148461248387,0.9240537
50.11,155.3519774092721,0.93551046
50.12,155.8767768825668,0.9563102
50.13,157.72016905328212,0.9225349
50.14,160.5358403616059,0.8742942
50.15,163.98465456070613,0.8351702
50.16,168.37406059566544,0.78333884
50.17,174.21566808056926,0.8422251
50.18,178.09609602383358,0.8134087
50.19,183.21040462569647,0.7571537
50.2,186.80020686389665,0.73012173
50.21,188.01787881328613,0.77469116
50.22,186.98605451423964,0.80870414
50.23,183.17526515122879,0.8043024
50.24,180.24633709795265,0.8754811
50.25,175.91480458973945,0.79591036
50.26,170.47200394825927,0.64916295
50.27,164.51098196967308,0.71547425
50.28,158.6199886260423,0.739473
50.29,154.4948376505497,0.85539526
50.3,153.002789525396,0.8822571
50.31,153.33022120381798,0.89952254
50.32,154.2640095860175,0.9379789
50.33,155.7397271490106,0.953607
50.34,157.99357702007066,0.90359694
50.35,161.45431957584148,0.80009174
50.36,166.19621437985856,0.6877757
50.37,173.4236009729587,0.82702833
50.38,178.41839801247585,0.85109484
50.39,182.60574209399124,0.8831196
50.4,186.01862745561763,0.9065641
50.41,188.38983977572053,0.903445
50.42,189.31596420427928,0.9094572
50.43,188.86167107164403,0.86830294
50.44,187.3562670429462,0.90190697
50.45,184.73161753360768,0.89591604
50.46,180.66163059541563,0.8559498
50.47,175.2597588421617,0.6455449
50.48,160.50612042693552,0.71959186
50.49,155.7889739908402,0.76368743
50.5,149.4652918307551,0.7283203
50.51,145.70702120887844,0.8571618
50.52,144.61651271059037,0.8727596
50.53,144.9755184089597,0.880287
50.54,147.131584612635,0.8908397
50.55,150.8474218938336,0.7515464
50.56,154.90665620552917,0.7693279
50.57,162.05730126405243,0.6781982
50.58,167.65854175192362,0.69169885
50.59,175.53747773851927,0.91500896
50.6,179.50170990803338,0.922172
50.61,182.5141546464559,0.91289675
50.62,184.7811310261917,0.9280424
50.63,186.16025235959685,0.9239178
50.64,186.69799458086558,0.9159196
50.65,185.0915497780207,0.9274413
50.66,178.9381418429665,0.8042086
50.67,170.59421729014858,0.61795014
50.68,164.29973629336962,0.85407495
50.69,160.33244659631774,0.6147393
50.7,151.14523494110355,0.66377217
50.71,144.40466304085757,0.54780585
50.72,140.78272482687618,0.812199
50.73,139.62926632238037,0.7222624
50.74,151.38603897796932,0.4751445
50.75,165.04853775304287,0.49709845
50.76,168.44588633994357,0.7139701
50.77,177.79351442110118,0.54829955
50.78,185.98040226769257,0.761863
50.79,185.72599528064686,0.82919735
50.8,184.49880028998936,0.8368776
50.81,182.6176777284606,0.82993954
50.82,179.03274378333094,0.8145049
50.83,173.95236126091476,0.72765696
50.84,167.9938074483988,0.76587874
50.85,164.82847564955722,0.78331476
50.86,162.39687340836258,0.858706
50.87,160.87561883240983,0.8927533
50.88,159.83619803646974,0.9099974
50.89,160.2537850222272,0.89707065
50.9,161.51986043213188,0.7195777
50.91,163.98185106634938,0.42442855
50.92,173.2221762774803,0.29985666
50.93,187.59250558193457,0.31300035
50.94,198.6510461622623,0.514691
50.95,199.04317165049997,0.74254215
50.96,195.99215366322994,0.7418906
50.97,189.65814092253112,0.63870215
50.98,184.9801178022923,0.7789391
50.99,180.4932225788196,0.7239551
51.0,175.83355861757283,0.7327827
51.01,171.98875775597176,0.46139604
51.02,186.87079446689734,0.18353085
51.03,207.657934068659,0.06054633
51.04,228.46538707930046,0.20964085
51.05,225.91764468254442,0.5997557
51.06,224.94452227415576,0.7164637
51.07,228.25912418786857,0.7440159
51.08,231.8464694934587,0.81929946
51.09,233.50787949044008,0.9351048
51.1,234.01881308187384,0.94697994
51.11,234.1197315686631,0.9388895
51.12,233.43115518780846,0.90998316
51.13,232.80087505610902,0.8076841
51.14,231.52051748006798,0.67897594
51.15,229.79421669582382,0.63039434
51.16,229.65351578425907,0.70366967
51.17,230.54941919420213,0.6820352
51.18,233.86327063383004,0.7875369
51.19,215.87098693497606,0.6832739
51.2,189.36895321826822,0.7896709
51.21,171.64629828378094,0.8345996
51.22,156.59964108451481,0.8691428
51.23,134.81338316630416,0.7562332
51.24,122.54080966707767,0.68554455
51.25,122.05401601091721,0.66722244
51.26,121.3885671580109,0.80033004
51.27,120.70156478727527,0.8108099
51.28,119.9023447058058,0.745885
51.29,119.31145061400215,0.6440485
51.3,118.26202511369311,0.5827762
51.31,116.95696214404174,0.6886007
51.32,116.21228007866063,0.75842166
51.33,116.38297493143618,0.7459875
51.34,118.15564531908075,0.6637525
51.35,121.24133746351127,0.59617126
51.36,123.60533202677104,0.8843278
51.37,124.81319423865374,0.8705209
51.38,125.31514928833913,0.87345415
51.39,125.66267252962118,0.84639436
51.4,125.54883672482899,0.85648173
51.41,125.09949962918827,0.7854943
51.42,123.9656241665908,0.52678585
51.43,122.30630678406997,0.3541914
51.44,122.65254692397465,0.1747835
51.45,124.02474866141866,0.36158276
51.46,124.23745734926122,0.7394305
51.47,122.58220447053185,0.47539008
51.48,120.92875495292785,0.5456462
51.49,122.44637630324375,0.68390834
51.5,123.77371750589307,0.6558358
51.51,125.02444306206019,0.53772724
51.52,127.3716899957918,0.55976677
51.53,130.2503118961971,0.6401804
51.54,132.03550446151448,0.78628314
51.55,132.74047090186104,0.88737714
51.56,132.65742614561714,0.89377683
51.57,132.86464664881572,0.78282446
51.58,133.09663425495668,0.7509019
51.59,133.42018968487125,0.759439
51.6,133.21059792814046,0.6160361
51.61,132.50392092643546,0.6911798
51.62,131.82844938512912,0.8342192
51.63,130.69290290025322,0.8007902
51.64,126.8707264061187,0.6310258
51.65,123.63574600516493,0.84199184
51.66,122.55601228689933,0.8786199
51.67,122.07038441781572,0.8823678
51.68,122.18390157866851,0.8650757
51.69,122.71882973159023,0.873923
51.7,123.55024589386957,0.8784056
51.71,124.80357070058164,0.8530201
51.72,127.15924545249368,0.80392826
51.73,130.05631291024886,0.7316645
51.74,133.60973860272918,0.71459043
51.75,136.54321178680868,0.7101294
51.76,138.42149114483482,0.6914586
51.77,149.48262672279998,0.7637419
51.78,169.15254251283426,0.8153108
51.79,192.79240386587804,0.8428262
51.8,215.09700598719462,0.86415505
51.81,240.00518655520312,0.8182804
51.82,257.2211829187089,0.6501292
51.83,248.84994725863012,0.6730303
51.84,241.19248480896948,0.5121023
51.85,235.8557335094785,0.5944677
51.86,233.95349587220971,0.6643822
51.87,233.65173294501105,0.7976923
51.88,233.0083955533512,0.7950704
51.89,233.89889367369943,0.6985668
51.9,235.74755569170765,0.61591345
51.91,236.84566982431028,0.6052959
51.92,238.9423889022474,0.56873536
51.93,240.35723026799343,0.722042
51.94,239.7565861359691,0.8474666
51.95,240.5056754699998,0.70809346
51.96,240.52196551203022,0.9137086
51.97,240.13200515202732,0.88612455
51.98,238.81300376424855,0.75465137
51.99,236.49267112425005,0.499364
52.0,240.25710822781156,0.4530116
52.01,242.7543814421755,0.10243425
52.02,242.68880901764547,0.14396407
52.03,246.41658468750347,0.3776728
52.04,247.61664734362665,0.35438883
52.05,248.26380523421352,0.5160171
52.06,228.132841237303,0.35603398
52.07,226.62534114248643,0.60956454
52.08,227.78243523058876,0.65791655
52.09,227.3047535808526,0.70673317
52.1,228.00299295965715,0.5636098
52.11,223.86481112192848,0.2788863
52.12,240.12183386607686,0.2394055
52.13,223.40794727363487,0.1925793
52.14,223.9356782709211,0.39592722
52.15,226.57061955945633,0.1886887
52.16,229.49731349587478,0.276439
52.17,228.63754957860453,0.49424112
52.18,230.01502840457718,0.41690582
52.19,240.14721865216544,0.3366059
52.2,246.40266916705468,0.13033783
52.21,254.28955296509093,0.4111609
52.22,250.89173221044575,0.66249025
52.23,249.10090266918348,0.7262293
52.24,245.9683681671152,0.6880116
52.25,243.4901184852146,0.65266246
52.26,243.59394506380733,0.6500217
52.27,242.63681024590608,0.24770701
52.28,225.22875241805662,0.09131624
52.29,223.85338148671252,0.06474557
52.3,224.27655750828197,0.077630274
52.31,223.11616728484915,0.20368971
52.32,218.43381189901677,0.33357984
52.33,225.0525097381372,0.3409949
52.34,242.46253519622573,0.44756162
52.35,243.89753209113775,0.6650768
52.36,241.96529333341843,0.80014217
52.37,238.87960111320214,0.72752434
52.38,233.0374119617754,0.45100898
52.39,224.5778884592459,0.46237648
52.4,219.26462750282155,0.67035395
52.41,217.790135755552,0.5702993
52.42,221.7126373455595,0.43303743
52.43,233.97165354468535,0.46837282
52.44,235.28681542149855,0.4268718
52.45,245.53473049803702,0.119607024
52.46,265.2611644030064,0.144172
52.47,274.49233439135503,0.21484147
52.48,276.6605001310449,0.16656744
52.49,281.4899864899979,0.13372731
52.5,275.2406053550069,0.21189754
52.51,282.24275138048085,0.20051673
52.52,287.2566934138444,0.109810606
52.53,304.0221005398706,0.17080428
52.54,310.45507372464505,0.120924525
52.55,319.93204777528723,0.13302809
52.56,340.84445588177755,0.15415406
52.57,342.42307776973155,0.4863921
52.58,351.08936758627186,0.35555413
52.59,356.37725434992313,0.5755483
52.6,365.9003559588831,0.5488124
52.61,386.4138540592156,0.627219
52.62,388.9622931296867,0.791142
52.63,391.20761258520787,0.79570794
52.64,394.9904610683,0.6778166
52.65,392.76953949737504,0.3304061
52.66,382.05146587534153,0.6386954
52.67,376.6626189458507,0.37183934
52.68,367.48522225644393,0.5079404
52.69,367.1570738240505,0.7971017
52.7,368.2314770047183,0.80808526
52.71,367.52151737154685,0.7973323
52.72,368.9660894687985,0.7810218
52.73,363.18469617877093,0.733728
52.74,357.87081394824105,0.4404486
52.75,353.8379977771294,0.3663803
52.76,350.26912131071197,0.35652518
52.77,351.0649551101807,0.3640476
52.78,352.8323494830216,0.5105811
52.79,357.2364155738384,0.75270087
52.8,359.24589444452,0.86037827
52.81,361.3489124824676,0.7865633
52.82,363.5441832055533,0.8826799
52.83,363.25669515562225,0.90202695
52.84,364.16835965012285,0.90538484
52.85,366.5857728868377,0.9276127
52.86,366.4001314181922,0.9463292
52.87,363.2476017463893,0.91393846
52.88,357.35745487557034,0.9482655
52.89,353.96870346133096,0.96239287
52.9,350.81592722120496,0.95804125
52.91,344.802442984536,0.8919556
52.92,338.06711034154705,0.9021556
52.93,331.6563138487536,0.8073849
52.94,320.69932205470144,0.8626143
52.95,305.4702728903729,0.5399414
52.96,296.7037467808251,0.8199101
52.97,290.3081489000635,0.85396564
52.98,288.79022883211144,0.8705136
52.99,296.6512901637342,0.7015812
53.0,304.2644484634972,0.42503762
53.01,341.8561836434528,0.33466578
53.02,353.5707799777614,0.7298136
53.03,358.50203723433833,0.7304942
53.04,364.94220409614974,0.28802422
53.05,373.6690117889157,0.43033677
53.06,371.6157710543641,0.5956444
53.07,365.79085443912413,0.74021333
53.08,360.3112027556427,0.6863616
53.09,358.8182859951736,0.7681073
53.1,355.50325875063635,0.89337784
53.11,350.47485259579014,0.9328914
53.12,345.84565117230807,0.9128783
53.13,341.7218844410723,0.88184994
53.14,333.42437499163987,0.84790593
53.15,329.455137365581,0.89211917
53.16,325.8139007806541,0.8616998
53.17,322.3673937222918,0.9222716
53.18,327.20405590120447,0.89199984
53.19,334.2732578626344,0.8166988
53.2,348.0209352590561,0.72696805
53.21,354.15054257066714,0.8226551
53.22,357.75072714797574,0.70516384
53.23,361.21691497240056,0.25578824
53.24,362.2844230213491,0.2814605
53.25,361.00211075708563,0.60462296
53.26,358.3866768287513,0.77989686
53.27,353.990791814546,0.799014
53.28,345.10302805618346,0.73598135
53.29,338.00780989790263,0.67157656
53.3,338.23553820571396,0.50341445
53.31,340.8536320632596,0.29501176
53.32,336.2341296179907,0.11131283
53.33,325.60670386280435,0.52919555
53.34,335.9572311806195,0.7174246
53.35,333.3942279715277,0.8222577
53.36,331.18301879385405,0.87096757
53.37,327.62271817673104,0.8197319
53.38,323.7572208555116,0.7880055
53.39,318.79983644255645,0.8657945
53.4,315.3984864175343,0.92524266
53.41,313.195136785361,0.94602287
53.42,312.3191350087676,0.95182824
53.43,310.47116485267526,0.9361311
53.44,307.9021009498203,0.90637124
53.45,303.43133800620024,0.80487555
53.46,301.81825494317076,0.7879829
53.47,306.58419714328215,0.5510594
53.48,319.4971213838628,0.49400964
53.49,332.59005838460723,0.7662724
53.5,331.84450253083355,0.78382427
53.51,332.3933785512404,0.7739873
53.52,330.8375120789501,0.8342609
53.53,329.40134662573837,0.8503138
53.54,331.83968780131033,0.87484545
53.55,334.3602467817328,0.8595263
53.56,335.96504262380176,0.8565898
53.57,338.8143976979752,0.8245012
53.58,339.0189743459273,0.6849579
53.59,335.7820240674687,0.7215653
53.6,333.8829547407097,0.6585372
53.61,332.4421487920082,0.6523503
53.62,329.54130283754034,0.62446445
53.63,323.9885061439623,0.6559918
53.64,321.6399227650734,0.6450445
53.65,317.8437921751392,0.83766085
53.66,314.03656069894845,0.851246
53.67,309.63721554442725,0.93753964
53.68,308.7969215125937,0.9476914
53.69,309.6986717090345,0.9439395
53.7,311.69809066352695,0.9097268
53.71,316.7061807946014,0.765754
53.72,327.6775837294695,0.7653345
53.73,331.11989707685206,0.8915322
53.74,332.50899040689893,0.89305896
53.75,334.3690511847884,0.84178126
53.76,336.9722812302279,0.8009262
53.77,337.68472396059667,0.8203523
53.78,335.8718721783206,0.72828627
53.79,333.15277931621125,0.64128256
53.8,327.3559888507783,0.64893323
53.81,321.0580602388892,0.83019525
53.82,318.13688160771517,0.913838
53.83,314.32565576036245,0.8988118
53.84,310.6102777664278,0.92238134
53.85,307.5811558295528,0.93238986
53.86,303.92471627954797,0.9213663
53.87,302.2747645515053,0.9331672
53.88,303.54955303301915,0.9106062
53.89,306.47027409749813,0.89804965
53.9,312.55843621780275,0.76299167
53.91,322.82117801601385,0.7597052
53.92,328.9371581656951,0.8637777
53.93,331.6469351113287,0.8718426
53.94,333.86335660814837,0.87452406
53.95,337.18247584685867,0.71551037
53.96,344.3101138566078,0.5202186
53.97,346.91850904263765,0.608574
53.98,346.48644757766976,0.65168995
53.99,344.418874907689,0.6723219
54.0,341.85687096206374,0.6471425
54.01,341.5287759464209,0.72020364
54.02,341.41704183250533,0.76774263
54.03,345.0676391816839,0.7446932
54.04,347.7889289319769,0.7743466
54.05,350.0561889292271,0.8329757
54.06,353.3416688358759,0.6302623
54.07,353.72952290573716,0.5547919
54.08,354.63271093701957,0.69166726
54.09,357.10427994322976,0.77912253
54.1,359.81237352209115,0.5782722
54.11,369.0428167340024,0.5165779
54.12,378.87953897185594,0.6614547
54.13,383.4095534409173,0.79065967
54.14,381.0919984508116,0.77871233
54.15,374.1722287110753,0.6434
54.16,357.67689803231235,0.68962365
54.17,351.5307387174121,0.850297
54.18,348.97542861797854,0.874909
54.19,344.26937529363556,0.8383882
54.2,338.34483612525815,0.84838355
54.21,331.72200258207084,0.7915469
54.22,321.1055358491428,0.69119316
54.23,316.91025857384216,0.75654864
54.24,316.2654357064848,0.7567066
54.25,319.9109819948187,0.61992323
54.26,330.72277612260706,0.61278313
54.27,340.1268496671338,0.4135299
54.28,357.43377707468915,0.6996133
54.29,365.73276168547204,0.66203916
54.3,381.4495948400556,0.8418047
54.31,382.86926110229416,0.9483514
54.32,385.7641767330515,0.92429864
54.33,388.71415130344957,0.89928734
54.34,383.61883998525457,0.8771063
54.35,376.13485598811684,0.90956765
54.36,364.05466704144055,0.6897463
54.37,351.7737463098424,0.82543886
54.38,340.7922983500492,0.7659928
54.39,332.6714823497992,0.83743674
54.4,326.2546081391432,0.8566036
54.41,321.5925177849099,0.907915
54.42,325.69029228209496,0.7920753
54.43,331.73495028964385,0.8181014
54.44,338.3275478645891,0.4518897
54.45,350.78920887556444,0.5313383
54.46,360.5967317779758,0.7592463
54.47,371.79244006284557,0.77772355
54.48,384.32801132602896,0.8885699
54.49,388.05110116648314,0.92180806
54.5,387.96424359387845,0.8981021
54.51,383.50806766806164,0.7317871
54.52,379.28786945183265,0.5759543
54.53,341.32739701258697,0.43272367
54.54,329.3644830217861,0.4191725
54.55,315.62899268624636,0.29818723
54.56,301.20870597475476,0.25310528
54.57,275.39643165094185,0.2899218
54.58,280.4503483696481,0.19557007
54.59,296.81600468594763,0.28116444
54.6,313.45599097489844,0.3326868
54.61,320.3292297293316,0.32367286
54.62,320.38132070570714,0.55102164
54.63,319.3874717049254,0.34381258
54.64,327.38273334088024,0.2741036
54.65,337.1521866548044,0.24209471
54.66,358.9371928100059,0.1528009
54.67,358.3921175323253,0.47714913
54.68,357.5499157549564,0.45540947
54.69,357.947960581538,0.26908424
54.7,357.24091630419474,0.3715489
54.71,331.38003385935923,0.21023302
54.72,344.5155168434496,0.04790016
54.73,346.79728228526324,0.09692665
54.74,351.94417651811364,0.121353835
54.75,362.55764421142885,0.08464359
54.76,360.6400615942576,0.31107533
54.77,354.9382496834783,0.6023593
54.78,355.55488551474923,0.5916194
54.79,350.8491754770247,0.5527922
54.8,341.29901035395415,0.41101688
54.81,345.7913415478306,0.45488515
54.82,354.3807696269371,0.69319975
54.83,356.7519580177279,0.7319177
54.84,359.61443834567035,0.82341146
54.85,359.403061375555,0.7293068
54.86,357.863419666757,0.7338926
54.87,357.6648150113123,0.7062637
54.88,356.18796835194746,0.6063788
54.89,351.87037324356686,0.56813276
54.9,353.6778374393734,0.4518174
54.91,353.9561822676091,0.39838314
54.92,353.715537403128,0.10226263
54.93,356.8778391869763,0.3589679
54.94,352.26244427075903,0.38180393
54.95,333.17776776767755,0.26329827
54.96,331.4321539002982,0.12081588
54.97,326.3130813999589,0.16928539
54.98,323.08199757465354,0.43570673
54.99,320.4287035219622,0.19221044
55.0,284.2457049946747,0.074449606
55.01,260.22595810520903,0.2926986
55.02,229.27072567321142,0.12399156
55.03,204.57913018975324,0.26466495
55.04,180.26183260154392,0.09636334
55.05,161.06031359341114,0.086089216
55.06,163.05529015067918,0.10737215
55.07,162.39288142219576,0.419311
55.08,166.58732892137888,0.57591933
55.09,167.42749321214023,0.5056037
55.1,181.4486859102534,0.43918034
55.11,217.23042757834693,0.16173553
55.12,234.74058722707355,0.41681546
55.13,249.33546369191498,0.5093605
55.14,285.5783195385557,0.44010422
55.15,308.3651670580241,0.8326523
55.16,309.3415208202073,0.8982382
55.17,309.08134865074294,0.8965851
55.18,310.7349980686147,0.7445694
55.19,316.07658391824907,0.679874
55.2,327.0053525056696,0.45673764
55.21,335.490775666113,0.41808766
55.22,310.5537597026329,0.36341217
55.23,281.22257425705,0.23465048
55.24,256.85361498100826,0.411289
55.25,252.2992423466905,0.4795795
55.26,250.43076178518245,0.47262475
55.27,247.2602084273834,0.52777827
55.28,245.41971661356365,0.6027338
55.29,246.01309786594084,0.4769034
55.3,263.1500160305329,0.15889786
55.31,289.02196370912156,0.2505964
55.32,313.31534791661693,0.06849242
55.33,317.7825812074032,0.074342
55.34,335.9423607042135,0.27710992
55.35,354.0918944320384,0.49339697
55.36,361.71854167225945,0.11486034
55.37,363.5189741354176,0.263544
55.38,362.13763651455724,0.43016607
55.39,358.54368316874115,0.22611949
55.4,358.8858641506015,0.19200407
55.41,364.815912215121,0.16129033
55.42,373.2586871382255,0.21024683
55.43,371.5285656686731,0.4717953
55.44,377.9541537605042,0.103685685
55.45,379.33411776219634,0.13706678
55.46,391.1255365359973,0.15040518
55.47,395.0715170034299,0.16311799
55.48,398.1999951077655,0.41717294
55.49,402.38796401113893,0.18404135
55.5,397.6857144835944,0.22647303
55.51,395.50779408862576,0.14720729
55.52,389.8535888843103,0.022959607
55.53,375.2672052966099,0.08080624
55.54,352.7706861660266,0.14542432
55.55,340.28545620987666,0.40298322
55.56,348.65354102992086,0.28794676
55.57,331.96496506325286,0.25491145
55.58,337.1161403193486,0.2555233
55.59,378.42589513069026,0.75483745
55.6,381.80271739022027,0.9032498
55.61,384.0853709124287,0.9005183
55.62,385.5926880420108,0.88332766
55.63,385.06675135940475,0.8838827
55.64,381.3319918422956,0.84673965
55.65,374.87219611449694,0.7987318
55.66,367.321730534855,0.80631167
55.67,360.3715577405987,0.72156656
55.68,353.0250223456435,0.6937583
55.69,346.9975618711066,0.6164207
55.7,340.71922699830645,0.3390436
55.71,305.46107102020505,0.7063955
55.72,292.2595844716818,0.8269228
55.73,293.0545946344015,0.5208425
55.74,301.5533774455037,0.18560484
55.75,325.55700210830344,0.26734546
55.76,354.4826316341044,0.5556626
55.77,362.5769730748544,0.4422758
55.78,371.1892865334928,0.6606173
55.79,376.10361244848724,0.5482412
55.8,377.87781589290296,0.6273912
55.81,377.23278735832656,0.57869995
55.82,370.4094745718647,0.39673278
55.83,356.1781776067945,0.57290983
55.84,404.7744529075314,0.649953
55.85,418.4401677624152,0.718002
55.86,423.1299692145887,0.70365435
55.87,426.57007572016454,0.77269804
55.88,431.61171597648575,0.8286903
55.89,438.6340558431536,0.79883987
55.9,449.73569472784015,0.6177705
55.91,471.3887477794267,0.74666715
55.92,479.9639518653151,0.8181549
55.93,487.5297983252204,0.8985018
55.94,489.18526318794227,0.91654533
55.95,450.29361354876517,0.74259186
55.96,404.87110611620045,0.43662113
55.97,360.76850283625,0.356943
55.98,322.6300411005675,0.23189595
55.99,303.10138977326756,0.40070796
56.0,295.9447908479385,0.54137933
56.01,296.4321834779223,0.57085776
56.02,297.0395376604066,0.6539332
56.03,300.27926723920643,0.7024273
56.04,308.51100342006833,0.7687161
56.05,312.60343897301044,0.842137
56.06,312.8502105850084,0.68464816
56.07,346.24251718306755,0.18129909
56.08,378.2428006646559,0.2931667
56.09,380.5418625848966,0.50400466
56.1,381.53875455719265,0.61964184
56.11,389.6133734183605,0.40534008
56.12,399.49924333341136,0.2996635
56.13,426.1335762709058,0.4576615
56.14,463.0751192648365,0.6360235
56.15,505.378489428409,0.28125468
56.16,546.6047207398834,0.43713498
56.17,574.6405993384403,0.5094875
56.18,592.1677376022018,0.109980956
56.19,646.9011507822369,0.60045177
56.2,658.171743577818,0.8022956
56.21,652.0852485953944,0.7303186
56.22,646.4653781506247,0.6541749
56.23,642.6685221286856,0.43759322
56.24,624.1925744125376,0.3982902
56.25,610.4076690190068,0.32862258
56.26,571.0779643691843,0.44696897
56.27,549.4780007931363,0.4974522
56.28,536.2214545688714,0.49883553
56.29,499.6892887874798,0.2579228
56.3,447.30814192038736,0.4271193
56.31,449.4948402105453,0.55401963
56.32,459.4233533499286,0.5084211
56.33,469.91746590351113,0.67673796
56.34,483.89626140359996,0.8196388
56.35,492.0362988146448,0.8868744
56.36,496.2580312473637,0.8866386
56.37,499.1504387077093,0.91752017
56.38,498.59089935392143,0.8203645
56.39,496.2165380040522,0.8802148
56.4,492.7269180571808,0.88947695
56.41,490.46795955552824,0.93572426
56.42,488.0954182241141,0.8911997
56.43,484.1373931690889,0.8967902
56.44,480.1725285854984,0.74019605
56.45,475.2444323069522,0.55367094
56.46,468.1362500180626,0.37415755
56.47,417.6853161877822,0.20064577
56.48,377.12392215896875,0.48718882
56.49,339.16380350160273,0.71233255
56.5,302.36472203353,0.8461451
56.51,270.7748345410096,0.8655275
56.52,272.7798121277667,0.91373616
56.53,277.8966635448493,0.74720156
56.54,283.43713993138306,0.6050438
56.55,306.85317000597865,0.30660114
56.56,330.10883805775137,0.32732755
56.57,337.7178398849876,0.7712092
56.58,340.8334004744221,0.81657004
56.59,342.41979183235037,0.8618852
56.6,342.9995217083564,0.8660105
56.61,341.67862670767977,0.8485416
56.62,337.2429722075351,0.80468524
56.63,331.49199526177506,0.84102005
56.64,326.6216162201604,0.80351716
56.65,321.9784754053145,0.6920485
56.66,315.503125017648,0.8197482
56.67,312.95661822826764,0.9198322
56.68,309.5892332965932,0.93890214
56.69,308.3983692559731,0.9308554
56.7,312.1622475701049,0.8474238
56.71,319.5772056323774,0.8060031
56.72,329.3981905961183,0.6736525
56.73,340.1574087601247,0.5742734
56.74,351.2079664169614,0.69186634
56.75,361.9191160265896,0.7246
56.76,368.05552494251396,0.8718783
56.77,369.00843176717325,0.6523294
56.78,368.31799519692703,0.80256796
56.79,366.241779830748,0.82401913
56.8,363.5143532819982,0.73636097
56.81,359.01221210856863,0.5425729
56.82,354.6699131348257,0.7689157
56.83,349.8350236007963,0.74255735
56.84,340.99364947990983,0.53576374
56.85,333.5884236290452,0.6270652
56.86,326.2402741754869,0.5161631
56.87,303.2341862613698,0.30918503
56.88,288.67990853788194,0.8558456
56.89,289.37684966044367,0.89732367
56.9,290.97947168300635,0.92271066
56.91,294.4079838477968,0.86715394
56.92,319.51631025338816,0.5721962
56.93,347.10299948589267,0.34220248
56.94,361.3348967726046,0.48444417
56.95,368.3057887151898,0.74242926
56.96,371.97704246295666,0.8577721
56.97,375.3017141756807,0.72277695
56.98,376.0645845100646,0.6712074
56.99,375.7981916760766,0.76967305
57.0,372.9988088444578,0.74102783
57.01,368.9324777091661,0.7590188
57.02,364.3655981391048,0.73117507
57.03,358.3735958276074,0.84869635
57.04,353.212296248135,0.73134255
57.05,349.4330816733591,0.39941934
57.06,339.06032531714624,0.18764488
57.07,328.3438913286885,0.23938818
57.08,317.4969054692407,0.30289346
57.09,309.3010163988668,0.8244276
57.1,310.44438507252477,0.92091477
57.11,311.94146831699453,0.85603005
57.12,317.6590556789874,0.5291851
57.13,358.5442727040027,0.3963502
57.14,363.1268774412025,0.87278515
57.15,366.9027945830146,0.9587218
57.16,370.5950801358762,0.94960284
57.17,371.4781923447591,0.9599372
57.18,369.56468747405506,0.92124426
57.19,366.7742279436063,0.9495377
57.2,361.9761976519618,0.9159316
57.21,354.72288575631785,0.9425716
57.22,349.9824662716667,0.9399964
57.23,345.52447042973535,0.88058114
57.24,342.2547700207778,0.7195268
57.25,343.71734693054395,0.62762684
57.26,340.66499609337984,0.39064357
57.27,322.65308014426364,0.6767948
57.28,329.7790279806728,0.8772972
57.29,329.3378864305021,0.83754534
57.3,328.43924730331923,0.7018737
57.31,329.97524791772355,0.6345748
57.32,331.553747409362,0.8719086
57.33,334.66699542937,0.87671506
57.34,337.98445953897397,0.8988356
57.35,339.3022242252488,0.9044066
57.36,338.68963134723805,0.9154133
57.37,337.52366799635035,0.85868007
57.38,337.07063750873607,0.7472037
57.39,336.7249768515784,0.5948598
57.4,317.1570253062374,0.44835752
57.41,285.0767080658548,0.4896876
57.42,272.96337065413746,0.5142665
57.43,249.7300230760814,0.36401573
57.44,239.8551062667662,0.50438255
57.45,229.44138076901004,0.4597348
57.46,223.49533600503204,0.61089015
57.47,220.58904897739285,0.5582969
57.48,217.59044774060976,0.38031578
57.49,200.20208226767122,0.19108908
57.5,181.80227609834392,0.6344509
57.51,180.82302105048566,0.53093517
57.52,180.7957165207807,0.564353
57.53,179.13513637209417,0.5881219
57.54,177.85141152246413,0.29243308
57.55,199.55819433507315,0.08540672
57.56,222.1481368054408,0.12626949
57.57,255.472379033888,0.16275002
57.58,256.5276951182215,0.3228561
57.59,253.50985201214567,0.28172016
57.6,276.2901188673284,0.60404587
57.61,296.9596897520752,0.32606903
57.62,321.8252450764393,0.38765645
57.63,343.6374708110895,0.58627826
57.64,354.2650767861198,0.76202184
57.65,367.53179393781693,0.6260728
57.66,377.2797526983323,0.64261335
57.67,379.2489946394974,0.7873998
57.68,379.9107662805336,0.8034227
57.69,378.29968262829277,0.57717067
57.7,375.16261363875975,0.45595962
57.71,372.53308141568704,0.5117377
57.72,371.084590102568,0.32992655
57.73,367.0403213608293,0.28051496
57.74,355.4586652541105,0.48656076
57.75,350.8734766352354,0.70182383
57.76,348.368409663868,0.6369652
57.77,345.0773440780524,0.68718886
57.78,341.5137053641415,0.7497365
57.79,337.56585142274366,0.8385648
57.8,334.22566284750866,0.8851128
57.81,333.51104835049887,0.90061605
57.82,333.8657269843146,0.9150692
57.83,335.88788042740697,0.8413729
57.84,344.3923052333898,0.7314366
57.85,349.8066254857182,0.819727
57.86,355.5278553792082,0.8330026
57.87,359.36663953096337,0.8680573
57.88,361.3510973974567,0.9084987
57.89,359.97165536679427,0.8899514
57.9,356.6596654079632,0.8813269
57.91,352.7425957385025,0.90141195
57.92,348.2086798905781,0.8278764
57.93,341.58073382797613,0.72400993
57.94,333.9268116245298,0.8251781
57.95,328.8197130562207,0.877375
57.96,326.20021088555455,0.9464058
57.97,325.886422434807,0.9594348
57.98,325.97886613341666,0.9600846
57.99,326.88610232859173,0.9590704
58.0,328.6613784219282,0.92757267
58.01,331.7277882663807,0.91607535
58.02,336.05614341295484,0.8672193
58.03,341.8563077437277,0.77633405
58.04,349.02790717294954,0.81602514
58.05,355.5513077978453,0.7323536
58.06,362.00524653426015,0.81036717
58.07,363.98189749786275,0.84401697
58.08,363.50375966509773,0.82264346
58.09,362.1594553600321,0.8160091
58.1,360.61610975680424,0.83121127
58.11,358.4216864853272,0.88042235
58.12,356.08323557307597,0.7519063
58.13,350.0558696625675,0.51555383
58.14,342.5208281965612,0.319448
58.15,330.36257135623714,0.29031134
58.16,310.11486960317586,0.12771644
58.17,298.2220567645131,0.50870925
58.18,288.7640436118986,0.40755895
58.19,286.50839091723304,0.47943252
58.2,287.7080621904509,0.58204013
58.21,290.9650280719233,0.2931364
58.22,296.03521942868065,0.22283913
58.23,303.2760058077307,0.21889874
58.24,313.16090610969223,0.17816928
58.25,320.1171490644341,0.34740165
58.26,321.8427320795174,0.3758679
58.27,321.86285383219865,0.1954545
58.28,321.8612937700508,0.22664078
58.29,319.3536758527641,0.6669687
58.3,314.65851195794465,0.78139687
58.31,310.35653665838635,0.84206283
58.32,307.1859375136538,0.9189552
58.33,303.18789294466563,0.8802293
58.34,297.55898016369696,0.8899007
58.35,291.9321273533847,0.7955895
58.36,280.49092574725375,0.706573
58.37,272.5011610005009,0.9435114
58.38,271.1979542550639,0.9289523
58.39,275.94312125180494,0.7911629
58.4,290.34401387982564,0.7119993
58.41,300.00710683223474,0.8217266
58.42,311.95439582959494,0.80504125
58.43,320.3923234592211,0.8621225
58.44,326.35817708822174,0.8891102
58.45,325.2620701570371,0.81156415
58.46,315.9245589808197,0.58763397
58.47,303.85252897904087,0.44511703
58.48,292.1583147494254,0.44475257
58.49,285.17882342498024,0.5195791
58.5,276.27909228596616,0.7805812
58.51,272.44845067600625,0.8089399
58.52,269.2206797534943,0.8887064
58.53,266.5438600659767,0.8902616
58.54,267.1760803822714,0.86814064
58.55,269.8848291011617,0.8930323
58.56,272.24805394653214,0.9077286
58.57,273.3356093330302,0.87027925
58.58,272.3744078843622,0.73538095
58.59,271.3600260773583,0.5104422
58.6,275.0910867566899,0.2618034
58.61,308.1601174328308,0.24782844
58.62,328.4031836221193,0.64561176
58.63,328.75974620086566,0.86706144
58.64,327.5468535444364,0.88816977
58.65,325.55851424955347,0.65179044
58.66,322.32324861806524,0.4778297
58.67,325.74947806571265,0.58673745
58.68,325.6544328811075,0.7663396
58.69,324.71702918239157,0.8594851
58.7,325.4358875949449,0.93678856
58.71,326.0402213269188,0.9576444
58.72,325.8712430225215,0.9540001
58.73,326.2560950717084,0.9596283
58.74,327.315788786355,0.95985353
58.75,329.6162085549809,0.9517547
58.76,333.0522624035257,0.9206595
58.77,338.3754448891625,0.7877213
58.78,345.281741880188,0.6770185
58.79,352.74436261038835,0.47762555
58.8,374.02625076359726,0.6778663
58.81,380.1547116281734,0.8557703
58.82,385.70033210586126,0.88696253
58.83,390.02324673107233,0.90000826
58.84,394.582218834386,0.9172613
58.85,398.5971382901149,0.9297846
58.86,400.3236600818552,0.8859821
58.87,399.2800238748154,0.8595825
58.88,395.24608326953654,0.7845412
58.89,386.88912724888155,0.59256196
58.9,371.6003005268863,0.40513083
58.91,352.1665309709949,0.5362053
58.92,345.7795511766345,0.54861873
58.93,330.80307762911264,0.35812622
58.94,300.3514954602183,0.6473686
58.95,292.7969110329254,0.8304653
58.96,292.07946776064614,0.8956627
58.97,293.6020579139286,0.89280003
58.98,296.6767926990624,0.88511795
58.99,300.7474677353129,0.91099703
59.0,304.6395027896094,0.93073064
59.01,309.54519558502636,0.874992
59.02,313.1751731523718,0.88600636
59.03,316.4630908759218,0.8591855
59.04,320.05539562887066,0.8628164
59.05,323.16532086467186,0.910577
59.06,324.4455084779613,0.9219671
59.07,321.6314247839656,0.82447135
59.08,315.22201072266796,0.87898886
59.09,311.5176469574791,0.9344983
59.1,307.3670995299497,0.9136841
59.11,302.143989769012,0.8621139
59.12,296.28785510525023,0.8488497
59.13,290.5883459837832,0.7411017
59.14,285.5908988590757,0.6456497
59.15,284.7769065121832,0.5011637
59.16,289.877744393477,0.41911137
59.17,295.405623746501,0.5227865
59.18,307.9880120895735,0.5523924
59.19,313.37454004726317,0.85843587
59.2,313.96888885403604,0.86131907
59.21,310.93776686342045,0.7195414
59.22,302.866813407956,0.57837176
59.23,294.851886590607,0.4955607
59.24,276.8750352120568,0.520749
59.25,269.7844066995152,0.58495986
59.26,253.93602341283975,0.32005966
59.27,228.0354718506273,0.45802405
59.28,208.87101464576958,0.5387845
59.29,200.68040783682707,0.3170537
59.3,186.6100136801233,0.47763196
59.31,179.64729753183047,0.55408823
59.32,177.29475429298628,0.42154157
59.33,177.66493121040077,0.122032985
59.34,195.38560699088777,0.080085985
59.35,223.08197254453873,0.04915812
59.36,250.73121558925408,0.48318022
59.37,253.8677704530704,0.42899922
59.38,259.8498910435187,0.34794253
59.39,266.46782337774806,0.44704813
59.4,268.13972828418275,0.76387095
59.41,268.99024121551855,0.84887135
59.42,273.15265731036413,0.74385744
59.43,280.21845480408905,0.87475026
59.44,285.24314111661545,0.8508737
59.45,293.5081311967485,0.7871706
59.46,298.01147911983077,0.3576559
59.47,330.72910691399983,0.35700896
59.48,334.3485525098016,0.27918974
59.49,338.6507503307823,0.3409893
59.5,348.6735719002348,0.13353612
59.51,354.67954402500266,0.5832495
59.52,356.68684769206214,0.87437403
59.53,357.0972212894005,0.92683893
59.54,355.4934384779998,0.9372964
59.55,356.11025079798145,0.9074095
59.56,358.39108309246785,0.9054381
59.57,357.51551530208525,0.8217497
59.58,352.57553394926094,0.8283025
59.59,349.42176625344496,0.7585176
59.6,351.6254393238694,0.53547204
59.61,321.0758657844283,0.45772445
59.62,314.90174765786844,0.60572475
59.63,308.3636907128639,0.65716684
59.64,298.96436529080825,0.75613225
59.65,298.58349883469793,0.66151243
59.66,323.7408638851983,0.4488147
59.67,331.7373330245657,0.5133257
59.68,339.64214620518766,0.5804263
59.69,347.70722274301335,0.62912685
59.7,352.1847375524856,0.6595039
59.71,363.90834903523125,0.5394451
59.72,371.3566322453063,0.71648914
59.73,376.06763313816,0.8422955
59.74,376.0394665601341,0.8767217
59.75,374.08474847733123,0.8658153
59.76,371.46976189226564,0.8316387
59.77,366.09796331425844,0.68800944
59.78,356.8229278184534,0.6897945
59.79,349.7149745887214,0.569484
59.8,335.70963301921745,0.4415742
59.81,323.3683800361214,0.42279848
59.82,310.643653569906,0.49947235
59.83,305.6569482091731,0.73830956
59.84,306.1582819781791,0.695139
59.85,310.4044394136788,0.52944505
59.86,327.74105618378417,0.5555681
59.87,335.1672961410434,0.68312246
59.88,347.0905220785664,0.6604186
59.89,368.6899445895889,0.50430065
59.9,377.64582270980986,0.8687304
59.91,378.792996651103,0.93092674
59.92,376.77049625788305,0.93752104
59.93,370.21624675712843,0.88025624
59.94,360.70538245907125,0.82277304
59.95,350.1231109650925,0.810625
59.96,332.8700604422278,0.5801397
59.97,322.8752121894462,0.67193896
59.98,294.94584826873313,0.37581673
59.99,281.1150914291679,0.7433579
60.0,275.38366794375673,0.92189413
60.01,273.35295809365954,0.91775084
60.02,274.09332001417994,0.52551126
60.03,311.5758934801634,0.107520856
60.04,349.80149741764046,0.22439685
60.05,354.27317306472514,0.56388694
60.06,354.1261652921979,0.501632
60.07,389.0943322310178,0.54029983
60.08,388.25661534423233,0.42259517
60.09,358.75319535339975,0.28474358
60.1,367.83842522801655,0.3794703
60.11,363.3780726196052,0.4609482
60.12,359.4967535717995,0.6815226
60.13,355.03430297563034,0.7613301
60.14,351.8842187187595,0.5002301
60.15,326.31602433904334,0.36935565
60.16,303.26226321903823,0.64932656
60.17,302.11081521579086,0.79354566
60.18,303.9680130210284,0.8508585
60.19,305.74600423221517,0.92402065
60.2,308.1969606987587,0.9344
60.21,310.54571739461903,0.93613976
60.22,311.68644307387433,0.9362215
60.23,312.73933366560954,0.8658487
60.24,314.45362292071394,0.70289767
60.25,314.07203202428764,0.66003203
60.26,306.46598127559884,0.47167465
60.27,286.9592894932005,0.5747111
60.28,275.5884152893634,0.52456903
60.29,268.4591185100346,0.21331999
60.3,239.23068163765322,0.3963162
60.31,223.0668704140482,0.62396735
60.32,222.43817938438795,0.66664946
60.33,222.3472404266675,0.76354307
60.34,222.55156818742455,0.87340575
60.35,224.03423169046792,0.90492564
60.36,225.6758603842402,0.8826542
60.37,228.58897878255118,0.82872915
60.38,231.15512954505107,0.80651796
60.39,232.56731491901343,0.8023356
60.4,232.66775937199668,0.82506496
60.41,232.91630690330098,0.8388879
60.42,233.31342340723762,0.8518124
60.43,233.48295733804667,0.86242217
60.44,233.1792170731886,0.8783904
60.45,233.4157702356482,0.89226437
60.46,233.61617491759904,0.9100069
60.47,234.7585601141447,0.8850395
60.48,236.24473820941688,0.87592286
60.49,238.37214704617594,0.80380756
60.5,241.1627584924747,0.81506175
60.51,243.71525835260346,0.8535321
60.52,246.64456292946727,0.82683873
60.53,251.04207348877088,0.8077704
60.54,254.83812636230698,0.82051986
60.55,258.1250827294365,0.872898
60.56,261.32196918322546,0.88333446
60.57,262.65113105296444,0.91673374
60.58,262.4254163283666,0.9272267
60.59,261.83300102275405,0.9054008
60.6,259.89733167950953,0.9031742
60.61,258.48120682011063,0.8768632
60.62,256.18091364993734,0.811507
60.63,252.77759455280722,0.72372764
60.64,249.45623651351002,0.6483534
60.65,245.85052043851786,0.63819903
60.66,242.3034251173662,0.6626599
60.67,239.1103029520835,0.5994584
60.68,238.52269460299715,0.63958246
60.69,239.55657958591982,0.65609044
60.7,241.20310036223697,0.729656
60.71,243.97620800990148,0.7796725
60.72,246.66183780271427,0.8100005
60.73,248.4325564866852,0.81871724
60.74,250.71769466905562,0.8253861
60.75,253.64432948684652,0.8886802
60.76,255.78202316688987,0.90598613
60.77,257.16993707748827,0.92049146
60.78,258.24201039671135,0.88998604
60.79,258.6452841918922,0.88010913
60.8,258.51086253746655,0.854116
60.81,256.9861572977125,0.8016728
60.82,252.84817419580662,0.7385131
60.83,248.77497216933818,0.71219325
60.84,243.83390371143915,0.6195653
60.85,237.25546826933203,0.6601015
60.86,233.18071697112697,0.84373665
60.87,232.71774871927073,0.83757555
60.88,233.81362479420704,0.8436739
60.89,236.44549256479957,0.76426125
60.9,240.34476834654825,0.74654245
60.91,245.87515019300074,0.7539983
60.92,251.55122474146478,0.78759086
60.93,256.3856018833991,0.82172334
60.94,260.7990732692658,0.8781494
60.95,263.93227313871375,0.8899367
60.96,266.051505018649,0.9427591
60.97,266.66308800839437,0.93172926
60.98,266.11491813777167,0.92774993
60.99,263.8699968312187,0.8743775
61.0,260.9490640418402,0.76692843
61.01,258.0487027579084,0.49933985
61.02,251.65025195439233,0.43740338
61.03,246.29700242332873,0.40675288
61.04,238.37381542609066,0.3903063
61.05,234.59960750924367,0.6930106
61.06,234.36702015552842,0.78127474
61.07,236.29042345618532,0.68790424
61.08,239.20083479872238,0.59751123
61.09,245.64789600450965,0.45747846
61.1,254.01848736901232,0.6015359
61.11,260.7289728830126,0.69062996
61.12,265.6664517195604,0.7912592
61.13,270.0869027306083,0.90504336
61.14,272.6585975655043,0.9489002
61.15,273.8684051318031,0.9574312
61.16,273.5758871297172,0.94135445
61.17,272.5805739832285,0.95188344
61.18,270.9069831745833,0.91825473
61.19,267.6547663005701,0.8781777
61.2,262.71880308291327,0.780201
61.21,254.75128458466952,0.63432413
61.22,247.39783803983326,0.59262276
61.23,239.1147159432134,0.6071835
61.24,233.42451783458202,0.7312045
61.25,232.47160427163837,0.76690686
61.26,232.45658511711412,0.67531264
61.27,236.00153848299354,0.48230016
61.28,242.18237524050932,0.5495778
61.29,248.87732326495285,0.6245827
61.3,257.2794622073147,0.4231838
61.31,274.59671027429556,0.3339488
61.32,284.40045854182637,0.6267195
61.33,289.8815764585257,0.78986967
61.34,291.28811711274915,0.835546
61.35,290.32304860066245,0.7815534
61.36,287.66731045525376,0.79889715
61.37,283.74918847910914,0.71343917
61.38,278.0498009437386,0.65204406
61.39,274.11474829955284,0.66460913
61.4,267.99395745376887,0.7034071
61.41,257.5279013057334,0.6125189
61.42,249.04352475442005,0.5215679
61.43,237.13368527859438,0.6820854
61.44,231.6753841702487,0.7831187
61.45,228.49407980786296,0.89974225
61.46,230.23468249953845,0.8590957
61.47,234.45406231366087,0.82613206
61.48,239.32295300459322,0.75424594
61.49,243.31743215208047,0.58627576
61.5,265.47364668388246,0.68439883
61.51,270.71750459781134,0.73852843
61.52,277.090030125895,0.6858599
61.53,281.37890991634055,0.6693104
61.54,281.38867408949943,0.5096194
61.55,277.71610881262075,0.69382465
61.56,271.88617123215647,0.7748248
61.57,266.1708952885973,0.58901435
61.58,254.84671416047703,0.5247552
61.59,243.4579219377356,0.5743987
61.6,239.46054154382642,0.8153338
61.61,239.06785392749686,0.7454596
61.62,243.0955164876665,0.60818076
61.63,250.94770506934117,0.73619664
61.64,266.7075798380397,0.6216563
61.65,301.988907677135,0.3243853
61.66,314.86413250757187,0.39025
61.67,318.1513890281017,0.74742883
61.68,317.27598935009905,0.8449162
61.69,317.77372040333313,0.8621087
61.7,316.3649574605434,0.81429166
61.71,314.330433556618,0.6653155
61.72,307.5037535244833,0.57035697
61.73,305.9262511668137,0.5679212
61.74,304.49644148170364,0.4855357
61.75,300.0749390738795,0.36808133
61.76,277.1974815635583,0.5904041
61.77,270.0269395938467,0.73225486
61.78,264.33576260089404,0.50366104
61.79,244.83010558798713,0.47273335
61.8,240.54563417945695,0.2975108
61.81,241.19159338766548,0.2165554
61.82,240.253627247562,0.19106
61.83,237.78022812846376,0.12780829
61.84,233.04607166990579,0.073384725
61.85,221.17921959873252,0.020121092
61.86,217.2751171169498,0.19203405
61.87,228.70159282997224,0.30729017
61.88,239.23627481820608,0.4839674
61.89,242.24279359114874,0.47484365
61.9,247.38466128608155,0.52126676
61.91,252.40678330836886,0.46707857
61.92,285.3921333914215,0.25945893
61.93,321.08964629984257,0.38734218
61.94,334.0587954378956,0.7698745
61.95,340.97718807055253,0.7855926
61.96,347.73316246043,0.71484333
61.97,352.93266976420915,0.73140615
61.98,362.5953330800277,0.75626963
61.99,366.04256372413965,0.8302557
62.0,367.7800384041669,0.77993894
62.01,368.0775383707687,0.791561
62.02,366.2742566980092,0.72917956
62.03,361.22527060820016,0.6393433
62.04,355.8395006261651,0.85346425
62.05,351.1435606794655,0.88251233
62.06,347.45794744395596,0.8506158
62.07,342.9207622178475,0.6222212
62.08,330.6461529488027,0.5209639
62.09,322.5013658819456,0.48779836
62.1,309.52829136913317,0.4185941
62.11,305.7390082746749,0.41226944
62.12,303.3110986644497,0.35595667
62.13,340.4169613590645,0.4730919
62.14,344.24458663235066,0.55993843
62.15,354.4282531789204,0.584907
62.16,364.0899639680902,0.75228536
62.17,368.75470505162747,0.8766149
62.18,369.6260219921589,0.90320474
62.19,368.1222633243644,0.80386156
62.2,362.83455041301573,0.6833144
62.21,355.3285523172992,0.696001
62.22,349.701746786505,0.66061777
62.23,315.19628570023065,0.31171572
62.24,275.43811101965167,0.37125158
62.25,246.54990019486308,0.3313098
62.26,238.22568001613791,0.4222366
62.27,216.00419161198855,0.35172218
62.28,192.0460237803573,0.14721537
62.29,172.6229739223211,0.23677851
62.3,174.4041825945166,0.5740249
62.31,174.48784519721596,0.6212884
62.32,175.8075326677801,0.74141586
62.33,176.5827212001773,0.7126947
62.34,180.64810583121485,0.76107347
62.35,183.57320881971245,0.6156144
62.36,189.36601079858121,0.42939806
62.37,217.8482894729727,0.20585436
62.38,240.3760605398546,0.26739576
62.39,278.02015170921237,0.20342673
62.4,305.75635571964847,0.24052426
62.41,337.79698868235647,0.2847694
62.42,364.4475594836142,0.3350553
62.43,400.04659519462587,0.84048545
62.44,401.09871450693583,0.9116778
62.45,397.634707936134,0.92343795
62.46,393.72865273487696,0.95203304
62.47,392.6036001097049,0.9658965
62.48,394.91376840422936,0.9379727
62.49,399.06442527569766,0.94637185
62.5,399.15556736682817,0.93852735
62.51,395.80430535511476,0.90039253
62.52,389.5871114756568,0.79240346
62.53,381.92069497005025,0.51335484
62.54,350.4811008851881,0.2503429
62.55,347.32504486234075,0.11344694
62.56,347.6758960675277,0.10526222
62.57,345.8361473823856,0.34482196
62.58,347.2206035979473,0.07167164
62.59,346.5056765974863,0.14610748
62.6,345.9589096532835,0.22885299
62.61,337.08542583810134,0.27848163
62.62,342.0398230940756,0.52108186
62.63,345.8569277262839,0.7264088
62.64,353.44724744145486,0.58655244
62.65,365.6382627499298,0.8000964
62.66,371.2159195989301,0.88755864
62.67,372.7582519865592,0.8252761
62.68,373.58384130654025,0.6860483
62.69,368.8400775285744,0.44588584
62.7,357.28091073778955,0.5293494
62.71,351.44663182331925,0.613653
62.72,341.409772360532,0.2985118
62.73,309.79374299248013,0.40443122
62.74,269.56226051332146,0.36371857
62.75,243.43296273409376,0.59503454
62.76,225.67377829558768,0.5784929
62.77,219.91694252537772,0.77795917
62.78,218.40538600261877,0.93918806
62.79,220.22773019025817,0.91984797
62.8,221.93414532622796,0.88621527
62.81,224.40905520628752,0.85645515
62.82,225.7256613559807,0.8960093
62.83,224.3624864056646,0.77410525
62.84,220.93320662065364,0.74265516
62.85,220.87885773420362,0.62829876
62.86,220.8969204369693,0.7429373
62.87,222.84049294200568,0.81461257
62.88,222.98487151175394,0.74072427
62.89,222.91513473943058,0.7248764
62.9,222.71157686554164,0.62999266
62.91,222.19094818715377,0.73903155
62.92,221.90397826337974,0.8016368
62.93,221.6300196600977,0.8437315
62.94,221.09022097509745,0.82050383
62.95,218.34981362318592,0.8261967
62.96,216.74859494946676,0.81553584
62.97,217.64163643387607,0.8432706
62.98,219.1432221298696,0.85390836
62.99,221.14627111875816,0.83904713
63.0,222.9521906181153,0.86408645
63.01,226.357332971632,0.78014237
63.02,234.28759980028698,0.7598563
63.03,240.12459131595205,0.7846509
63.04,245.53008957878478,0.8023212
63.05,249.30080008951882,0.8624334
63.06,252.05709179156406,0.8926483
63.07,252.65930620416134,0.8949307
63.08,251.58031671678572,0.8166567
63.09,249.0704488766394,0.69972616
63.1,243.21453459509993,0.6278074
63.11,236.08923165578142,0.5085377
63.12,221.43363066121734,0.609729
63.13,216.62944723827079,0.7178056
63.14,213.27142681071797,0.8720114
63.15,213.4084329830762,0.86859363
63.16,216.12506990472824,0.86765397
63.17,218.74079496373486,0.8582388
63.18,223.31148446008243,0.7142346
63.19,232.07223653400004,0.58397186
63.2,235.83851151165558,0.51886433
63.21,255.48680909975477,0.31482273
63.22,283.9700237135744,0.6048098
63.23,283.96248505852304,0.684369
63.24,277.92665728443745,0.41410917
63.25,267.9528359002434,0.58514196
63.26,258.8165708526351,0.63659835
63.27,249.79778095194874,0.6802297
63.28,241.53242070495222,0.64625007
63.29,234.73674518762718,0.49670509
63.3,231.8190369627631,0.39554137
63.31,213.801481851485,0.6752341
63.32,213.2651308195415,0.7947281
63.33,215.42267971373764,0.7872712
63.34,221.03713843862914,0.5766689
63.35,227.69483492000626,0.6882895
63.36,237.0696525607225,0.5781796
63.37,245.0278391535216,0.86352575
63.38,248.35041131716036,0.87203646
63.39,261.3313840580048,0.6472963
63.4,265.41563045909976,0.9543117
63.41,263.9570047650762,0.87738794
63.42,254.5176746424027,0.67748505
63.43,239.69941149548166,0.67054486
63.44,231.3200681050735,0.482719
63.45,219.10012066256553,0.74561065
63.46,211.58881541614414,0.82726973
63.47,205.83442315154517,0.8963795
63.48,204.2164171815216,0.82333446
63.49,204.85128001626185,0.80216134
63.5,208.91137297713607,0.77013034
63.51,221.89153021027778,0.44883338
63.52,234.47802140583377,0.6415073
63.53,241.53830973946992,0.8143849
63.54,247.21803346995824,0.82795924
63.55,250.97492122455665,0.9284199
63.56,251.77132341741031,0.9054974
63.57,249.35420685790973,0.746507
63.58,241.69919466936008,0.8040885
63.59,237.63342098512211,0.7206074
63.6,223.96251976680702,0.7357159
63.61,217.49970055567746,0.78897756
63.62,209.25473099886588,0.9136379
63.63,207.93225690588272,0.89883155
63.64,212.10263529543042,0.67277664
63.65,224.6496645256505,0.6841964
63.66,235.88686601201374,0.6926495
63.67,241.70877304553284,0.86171377
63.68,244.47480520132547,0.8831028
63.69,245.7317326394407,0.74570596
63.7,244.67503713955944,0.49617288
63.71,246.32143447215756,0.29114246
63.72,260.22308471065844,0.3849498
63.73,258.6440776730051,0.6429525
63.74,257.1927578922755,0.4468532
63.75,241.19974222970745,0.20941825
63.76,238.90016673353205,0.19830592
63.77,242.17213215001746,0.3098128
63.78,247.72599291981334,0.45122808
63.79,249.24884743871058,0.4027515
63.8,242.33220277094287,0.20861718
63.81,242.83947542411613,0.6620703
63.82,244.05756544890755,0.3362257
63.83,246.14716611016308,0.15598643
63.84,245.4703257280159,0.31504944
63.85,247.89722130673306,0.5293233
63.86,251.62711683128015,0.36100054
63.87,248.20220681602362,0.41447994
63.88,260.6336460288975,0.14759843
63.89,270.5485647967008,0.21580914
63.9,251.7878378994817,0.3156786
63.91,252.92558470146537,0.4898321
63.92,250.0389279144255,0.49282044
63.93,251.08029948461862,0.44233048
63.94,253.80009278602554,0.40316674
63.95,256.010499191101,0.28965294
63.96,258.517614835706,0.13360061
63.97,261.99955194307347,0.09293807
63.98,276.19778540240213,0.21712096
63.99,282.0793688280796,0.2777245
64.0,280.6016768789726,0.62369096
64.01,278.0096084664542,0.53059554
64.02,259.6957441077603,0.35305753
64.03,253.8479339174107,0.5283825
64.04,250.26380285911742,0.40065303
64.05,230.72099112466785,0.3400043
64.06,204.45348153511745,0.17089404
64.07,179.68710526992666,0.11985037
64.08,164.26727890474908,0.24142236
64.09,160.69920128549234,0.30332777
64.1,156.1550067947748,0.41664907
64.11,155.9466488961162,0.52801883
64.12,155.72566054733966,0.69618684
64.13,155.5411848404916,0.88499844
64.14,154.7690036950708,0.89927924
64.15,155.36568986313392,0.9140773
64.16,156.4097061221238,0.8849635
64.17,158.3265174469614,0.82763004
64.18,160.1098386648597,0.7935227
64.19,161.642179044125,0.78464234
64.2,164.309529107831,0.86902285
64.21,166.01177110276723,0.91301763
64.22,167.24588139984172,0.9200182
64.23,167.81085885474238,0.9037187
64.24,167.77789284247928,0.895926
64.25,167.54274705065086,0.903627
64.26,167.1231275752553,0.92592126
64.27,167.12944956160493,0.90989
64.28,167.3078876378872,0.8434259
64.29,166.84423860522858,0.8396887
64.3,179.4110187282739,0.654161
64.31,208.2294850015738,0.4076801
64.32,224.49164562575947,0.39085987
64.33,224.1782342282557,0.5019441
64.34,222.77997131732496,0.3887498
64.35,218.438094638138,0.25884244
64.36,206.7992789703857,0.27625513
64.37,184.08379363096554,0.28457215
64.38,166.59610972790438,0.5108612
64.39,166.4338350761884,0.4122538
64.4,165.88269672206042,0.3590877
64.41,166.01049051248734,0.33850715
64.42,166.37548756503827,0.2456259
64.43,166.4396779345018,0.29375342
64.44,166.3223461840232,0.33592942
64.45,165.5421234892178,0.29838485
64.46,165.45500398378482,0.17872238
64.47,165.2837675286034,0.26833254
64.48,167.02297130034742,0.24542998
64.49,181.53171651051355,0.36414605
64.5,191.19158765831472,0.11999414
64.51,200.19543368223663,0.17819601
64.52,211.85161460935268,0.17095262
64.53,219.08524929638736,0.2880729
64.54,217.64424734311586,0.30962405
64.55,242.22273313455204,0.35295305
64.56,240.8605325038955,0.36288714
64.57,277.27546557782495,0.14749455
64.58,308.57026885789713,0.7102595
64.59,313.10788528024005,0.91115916
64.6,315.5573668591785,0.9317491
64.61,319.3943753561406,0.87036544
64.62,322.71117212693684,0.6378374
64.63,323.65867503872744,0.4012992
64.64,326.3681465450288,0.5572154
64.65,342.3262597196361,0.5727989
64.66,350.61058975065134,0.4541081
64.67,355.6522378872227,0.6537764
64.68,363.9472017722036,0.6078541
64.69,379.786796657168,0.45726785
64.7,388.15865362308756,0.44548163
64.71,397.709194285913,0.5638587
64.72,412.08051035408226,0.5145476
64.73,429.6419021886262,0.43216968
64.74,435.46504771915966,0.43701333
64.75,434.5408047673431,0.38900405
64.76,432.61531335988536,0.7049848
64.77,429.0462181117796,0.7960476
64.78,423.3974746102538,0.6677677
64.79,411.39558023362906,0.589437
64.8,401.8009234405579,0.47534913
64.81,388.01785128641495,0.48045766
64.82,380.39760608495527,0.7143005
64.83,376.5593542693251,0.58363575
64.84,373.49221670140264,0.5346982
64.85,371.6442968133324,0.45154783
64.86,372.3376794174293,0.5652128
64.87,373.86703938944754,0.7080859
64.88,376.32923925015734,0.88278145
64.89,379.8371840548315,0.92807376
64.9,381.20411416616884,0.9432786
64.91,380.23305790309627,0.9220649
64.92,383.4675344863987,0.7410635
64.93,391.10784642713736,0.7522885
64.94,391.49772051927806,0.7281186
64.95,389.011073604205,0.76729333
64.96,387.6767370466441,0.6639674
64.97,386.11026849075074,0.58567494
64.98,385.80678105137963,0.64061666
64.99,385.81206449136357,0.58070236
65.0,385.26366802685493,0.6835992
65.01,384.75091185505056,0.7122693
65.02,384.078914296256,0.72619164
65.03,382.28348308863974,0.7550516
65.04,379.32948456846765,0.7971353
65.05,373.9477329933983,0.82293415
65.06,368.0333003125281,0.8908223
65.07,362.2022474514944,0.8979837
65.08,357.88016477032505,0.94390494
65.09,356.1595561157667,0.9177938
65.1,357.1074982716584,0.9077624
65.11,359.6432587507565,0.8887324
65.12,362.2360809507125,0.8095625
65.13,366.5783418229149,0.6331058
65.14,373.3081380479341,0.48271123
65.15,379.13978086509354,0.40485272
65.16,380.7315063487057,0.51144314
65.17,380.53767580846846,0.66474044
65.18,384.1586542505675,0.4776029
65.19,385.49867166237493,0.44239587
65.2,380.95253563541746,0.76351887
65.21,376.44419327277785,0.8023902
65.22,367.9961148263418,0.7580157
65.23,358.22327611241826,0.8907999
65.24,347.2122029807272,0.8707748
65.25,338.19569191751555,0.8621978
65.26,330.56100057062974,0.79242986
65.27,317.41814643715395,0.81196064
65.28,307.83253159663093,0.6340265
65.29,295.97976519518943,0.563139
65.3,282.6542133925221,0.59906393
65.31,278.50721516182875,0.7643354
65.32,281.8829977787667,0.814396
65.33,286.4999346050036,0.8456726
65.34,287.75301871808927,0.6483411
65.35,272.6132593802107,0.41353753
65.36,265.92766621296414,0.63766813
65.37,271.1765020845234,0.6462655
65.38,270.40741523414164,0.8925177
65.39,268.4955381521193,0.8294063
65.4,263.893541087572,0.70815843
65.41,257.38270279839503,0.74636686
65.42,251.62564882555674,0.6995904
65.43,245.64746628030744,0.67754936
65.44,237.84885060531255,0.51433307
65.45,230.14763763886606,0.3491139
65.46,209.27703132484353,0.5168617
65.47,201.62730470023033,0.6038433
65.48,195.3572739442579,0.6835024
65.49,193.54315817302947,0.670087
65.5,192.6265771346917,0.6493404
65.51,195.0313872259488,0.6382956
65.52,203.2337605819875,0.24141619
65.53,227.97873219940274,0.3936707
65.54,228.8822304502649,0.65545595
65.55,230.63801089348664,0.7189661
65.56,229.56421589260663,0.80174774
65.57,227.39780384344283,0.8526816
65.58,223.47818722172875,0.9268897
65.59,222.48665965863236,0.93164605
65.6,222.5587758618423,0.91150826
65.61,223.141531813529,0.8207836
65.62,222.9598323614985,0.76954
65.63,223.63660526209827,0.8077786
65.64,226.08679975065854,0.7096658
65.65,228.51746899507648,0.6839784
65.66,231.8571771210429,0.8195396
65.67,234.57438999792743,0.8857237
65.68,235.07934505745513,0.8914356
65.69,234.9672660254548,0.84955853
65.7,233.92662629958917,0.787676
65.71,234.25784713487604,0.69827247
65.72,236.67223820674255,0.53183115
65.73,243.31552611327504,0.6359841
65.74,247.65750703617925,0.81252366
65.75,249.87261621536564,0.8274652
65.76,248.61663782555095,0.7813347
65.77,244.2268541306824,0.8101672
65.78,241.58724122824725,0.8176409
65.79,242.26747127093478,0.8027694
65.8,244.4229660746338,0.7808086
65.81,245.880138748992,0.8555973
65.82,246.85834192599697,0.8652622
65.83,247.54931181608362,0.90964097
65.84,247.34599351957792,0.92404246
65.85,246.3319875524405,0.895424
65.86,244.62639198760766,0.89466834
65.87,242.66357837161937,0.91892326
65.88,242.92683090136285,0.9056726
65.89,240.9791636456461,0.873394
65.9,234.47207007261497,0.7362556
65.91,227.4472397696098,0.813047
65.92,222.51302426746616,0.84525824
65.93,218.97442422907258,0.8929903
65.94,217.9160187421349,0.89948684
65.95,218.5250156887904,0.8974735
65.96,220.975555959595,0.9284934
65.97,224.76015083190453,0.86428493
65.98,230.18206804621715,0.77650505
65.99,236.68907397916146,0.823268
66.0,241.91593268175916,0.80503845
66.01,243.69671769320917,0.8473858
66.02,243.6727689695968,0.88994837
66.03,241.84080029958253,0.8423101
66.04,238.8439666892175,0.6646518
66.05,234.76139311618851,0.38730887
66.06,219.84354542952718,0.25463954
66.07,207.18963888742124,0.06173624
66.08,211.19219827012853,0.30976042
66.09,216.7710161636591,0.61770475
66.1,220.99935148741753,0.36736724
66.11,223.94535246726974,0.06123429
66.12,229.82695862134483,0.19197409
66.13,238.99423465934325,0.3451289
66.14,242.9423230506648,0.30236775
66.15,245.19090668290406,0.28879434
66.16,244.86646266821893,0.48642302
66.17,244.41929409834654,0.42090964
66.18,243.05281748058997,0.13033846
66.19,242.76956460632744,0.066805445
66.2,239.02534740333283,0.096755266
66.21,238.24723781939778,0.118886076
66.22,227.71000667496156,0.091780744
66.23,227.03794063496906,0.13156053
66.24,229.84683249709087,0.15671594
66.25,234.0558171485289,0.26499638
66.26,239.1995120285364,0.47740254
66.27,241.10074297333932,0.655394
66.28,243.7709913898638,0.5126715
66.29,244.62413980898194,0.25864053
66.3,237.46445266314817,0.10978743
66.31,239.58039717281503,0.16823976
66.32,241.57054706955313,0.3663842
66.33,240.88424081091986,0.33166566
66.34,241.08484545595377,0.33296466
66.35,241.18374525449445,0.33620447
66.36,227.6660827921654,0.36333624
66.37,198.96461204080475,0.16636056
66.38,183.9442568524424,0.19193129
66.39,174.23478830275337,0.41799012
66.4,176.06270639356325,0.6037436
66.41,176.1796173824983,0.76553917
66.42,175.47393840252496,0.85805815
66.43,173.35797726242507,0.6981341
66.44,167.89339928485674,0.5397813
66.45,163.83641085260354,0.67922795
66.46,161.9969335482068,0.7754181
66.47,163.24384876828518,0.81076455
66.48,166.29736343488088,0.81308645
66.49,172.05655561244475,0.5513162
66.5,180.1650400057463,0.6876589
66.51,186.8617915342281,0.7745689
66.52,191.48987454015,0.8540453
66.53,195.40066025218835,0.89055634
66.54,197.202866101715,0.90944284
66.55,198.43321783577832,0.8951092
66.56,199.19743026095009,0.90050024
66.57,199.22347417166668,0.89289373
66.58,198.41157643933232,0.8471472
66.59,196.403036395987,0.7024811
66.6,190.10757722025488,0.65019166
66.61,186.11625420249308,0.86203575
66.62,184.56444326648187,0.9158479
66.63,185.77386376035153,0.7864477
66.64,190.06764667757867,0.4455259
66.65,209.87711190559637,0.2853848
66.66,219.4647178622715,0.49865666
66.67,223.65268539672823,0.789588
66.68,227.562928253478,0.7473427
66.69,231.61864184131613,0.8696849
66.7,233.887471046497,0.92769736
66.71,235.70988289108965,0.9031263
66.72,237.55397209788438,0.90783787
66.73,239.18838521449928,0.9374246
66.74,239.408164948416,0.93680507
66.75,238.01395222197502,0.84821403
66.76,235.1174070431748,0.74271894
66.77,229.16971043921666,0.4238448
66.78,218.2537453874399,0.48291922
66.79,208.71299290067378,0.6902995
66.8,205.568629856214,0.6258985
66.81,187.83301603383822,0.31621757
66.82,181.46347422607283,0.5918677
66.83,177.7235496453878,0.64088947
66.84,175.94998901310947,0.51607585
66.85,175.9656536138295,0.16513574
66.86,178.98731543421047,0.24188298
66.87,181.90303170225977,0.2983636
66.88,183.62015930105346,0.59274846
66.89,184.0877738947156,0.70676905
66.9,187.44012929522557,0.7396064
66.91,191.45227667769174,0.7823178
66.92,195.65937611831984,0.8319072
66.93,199.55028127696716,0.6793951
66.94,209.2045896043622,0.38006362
66.95,226.23567939621222,0.6502825
66.96,236.55797902051438,0.62043184
66.97,243.86113921555477,0.7709426
66.98,249.51155090642234,0.8575855
66.99,255.4914175304744,0.89864475
67.0,258.63463025239116,0.9105468
67.01,259.26826023545266,0.9442997
67.02,258.4192413894752,0.9185376
67.03,257.24409737502447,0.929003
67.04,254.63739528110455,0.8877229
67.05,251.5068842101973,0.902896
67.06,249.18371492678872,0.89015645
67.07,247.51256403397437,0.8963252
67.08,243.02075340006667,0.81033814
67.09,237.55652647493665,0.8399823
67.1,234.77260598821738,0.9043589
67.11,234.73000808399672,0.9164499
67.12,237.81112577463728,0.83509743
67.13,242.9855922967841,0.7442713
67.14,249.53408738686338,0.7668484
67.15,256.6593516457656,0.76582885
67.16,263.3768669023432,0.8341963
67.17,265.79759703627684,0.94904256
67.18,266.1605339067752,0.95942545
67.19,266.0078190535552,0.9580986
67.2,263.7323056293586,0.8911216
67.21,258.97362431734456,0.8542917
67.22,253.37752509121313,0.8568114
67.23,248.71210285024426,0.79226077
67.24,244.83276717137457,0.7214022
67.25,242.38626858273054,0.86746025
67.26,239.6169007455811,0.87793356
67.27,236.77111005584493,0.9095289
67.28,235.9637114937229,0.8943585
67.29,239.4036151429967,0.7499429
67.3,250.161999906302,0.64091593
67.31,261.50360892301467,0.81341016
67.32,265.6715624278058,0.9115932
67.33,268.05552745555735,0.89115983
67.34,268.3388119251029,0.7104963
67.35,267.521395178242,0.6621461
67.36,265.3505630321523,0.7810652
67.37,261.07532547767397,0.8114338
67.38,255.05302098066426,0.7479849
67.39,248.00176082200235,0.7876235
67.4,241.33138520636973,0.85723126
67.41,237.82625672729654,0.89975196
67.42,236.3489203806039,0.9303657
67.43,235.950134909807,0.9122679
67.44,237.92384948892067,0.8552124
67.45,241.4580060562534,0.9343864
67.46,246.44496065623824,0.84447944
67.47,254.37507190437643,0.7347892
67.48,262.2842704892508,0.66104376
67.49,271.7016249545079,0.8201487
67.5,276.74252256442065,0.871953
67.51,279.8606067490203,0.90692085
67.52,281.276473479277,0.9402649
67.53,280.36163861999785,0.9351271
67.54,278.40301958475914,0.88774616
67.55,274.7620687926092,0.8351631
67.56,271.5280262641189,0.64710474
67.57,268.024662357682,0.56067747
67.58,269.97167877178634,0.29043615
67.59,301.56769424309067,0.46291518
67.6,318.3028668383139,0.4888628
67.61,299.7068231775631,0.35797462
67.62,308.5872229954033,0.33760217
67.63,306.183013883995,0.7032239
67.64,306.23436577311,0.84064835
67.65,305.0401724539127,0.92349595
67.66,302.34136081722045,0.9497004
67.67,300.51627823527514,0.9575725
67.68,301.40196380736853,0.9679222
67.69,305.65546286030803,0.94936824
67.7,312.3164896315369,0.9507208
67.71,315.76080672790505,0.9514792
67.72,314.3100540274984,0.72302634
67.73,292.2394035793511,0.51059765
67.74,280.5406730992605,0.5514085
67.75,275.00158528148506,0.45766136
67.76,278.8192345515976,0.36046973
67.77,296.94778617053345,0.041275386
67.78,299.22173481969145,0.10752832
67.79,299.3130715584767,0.15607564
67.8,301.4496500138603,0.14958335
67.81,307.2357160343234,0.15678424
67.82,304.5617171501932,0.5187113
67.83,310.10830843015424,0.4676087
67.84,312.156922476814,0.19762269
67.85,336.99518444493015,0.09568502
67.86,355.4608556270836,0.13661563
67.87,393.5854297858633,0.21425317
67.88,356.0065838546546,0.33258334
67.89,358.9215065226533,0.5872043
67.9,360.7356218661182,0.7668374
67.91,366.52382160491044,0.7635738
67.92,384.2331901696458,0.7107094
67.93,393.9937933223137,0.8462423
67.94,399.7302723932979,0.8903779
67.95,402.0299098167121,0.87948066
67.96,401.1183970099994,0.8206284
67.97,397.02062067068624,0.7701568
67.98,391.8780676316333,0.5992998
67.99,391.7554723814641,0.38686547
68.0,391.5892736807565,0.31656206
68.01,392.65728300749674,0.47653535
68.02,375.3172030579521,0.18828797
68.03,366.7728458111616,0.079516605
68.04,363.3770033862725,0.49735293
68.05,362.0955383096042,0.5581013
68.06,358.2659459787383,0.67280257
68.07,356.18152579883775,0.5040255
68.08,352.7644692069483,0.12000452
68.09,333.0231916433277,0.05940064
68.1,312.31526228370797,0.06513846
68.11,288.7933517018993,0.35790882
68.12,286.81200653978584,0.44383714
68.13,298.4442221121003,0.39176708
68.14,300.64732113568704,0.4026355
68.15,302.3747585794575,0.5263053
68.16,324.17422052946506,0.42279893
68.17,347.0730654563278,0.49991626
68.18,354.4439881954934,0.72071856
68.19,362.18238068835456,0.5061209
68.2,370.9938726848975,0.58575374
68.21,376.4530232674786,0.6175803
68.22,375.6049515490006,0.6935523
68.23,373.4238949726495,0.61499393
68.24,370.5628567156223,0.7392165
68.25,365.4272739024533,0.8353583
68.26,358.33121713444797,0.8007533
68.27,351.07329791715233,0.74595046
68.28,343.1430146451776,0.41567487
68.29,318.19483955869947,0.235033
68.3,309.7680156038041,0.31739455
68.31,303.6647963348513,0.5194644
68.32,304.0605341313541,0.71487457
68.33,304.793433745248,0.6675924
68.34,306.5317374156388,0.41666085
68.35,335.2963562460274,0.36650354
68.36,350.7816992578846,0.49480435
68.37,356.9992812830304,0.6157146
68.38,360.02782297940075,0.55566424
68.39,367.73098823762604,0.1652421
68.4,371.8243472496669,0.03354665
68.41,370.8202176400961,0.018519739
68.42,368.1702478320386,0.083901584
68.43,366.6879974771451,0.16881368
68.44,366.27608726198645,0.053153086
68.45,369.5210036826174,0.024679916
68.46,369.84994006001534,0.04329479
68.47,369.34571406421867,0.09785012
68.48,366.7025606079829,0.051737327
68.49,364.70987655456776,0.05851734
68.5,361.5130936607502,0.09284702
68.51,359.9314995074302,0.40347344
68.52,363.31381019473736,0.15658754
68.53,361.83322580953075,0.06643343
68.54,361.2780547748631,0.15465656
68.55,362.9787500962181,0.14914761
68.56,332.0877945686831,0.1976104
68.57,328.822620194773,0.33945924
68.58,328.6240681419124,0.43060017
68.59,348.02732423296936,0.38911152
68.6,331.7264705232651,0.27317718
68.61,342.385840534775,0.28213197
68.62,346.00386043911374,0.55708075
68.63,334.0138173076458,0.57309073
68.64,332.0322854598353,0.6689512
68.65,328.70157442721984,0.6868211
68.66,324.66647725637705,0.77596
68.67,320.52439830952807,0.9012142
68.68,319.66726714780157,0.9273317
68.69,322.11209533409595,0.9080413
68.7,325.15933233884925,0.8952326
68.71,324.89409840722885,0.765273
68.72,323.4510380330784,0.5589357
68.73,316.3346916736991,0.6349442
68.74,308.3333990960235,0.7484593
68.75,306.3733284015871,0.6779483
68.76,308.46045421998105,0.5575413
68.77,317.19520074276187,0.44350767
68.78,321.8003249664117,0.6551487
68.79,319.39996359592885,0.7668323
68.8,317.71764503457047,0.8115084
68.81,317.60727590742823,0.7543099
68.82,318.1000108851654,0.72294796
68.83,321.2139254622689,0.737614
68.84,317.815846554995,0.31098124
68.85,293.27948987412464,0.4567459
68.86,262.46035340497605,0.6400348
68.87,239.63883906133003,0.7072303
68.88,245.62689471646524,0.6381413
68.89,255.62535710250572,0.56389624
68.9,263.0614806876559,0.56044585
68.91,272.17369689869383,0.6012862
68.92,278.4499286391203,0.59003407
68.93,285.96582598218845,0.46771562
68.94,304.18545600243027,0.46706897
68.95,315.05125866815024,0.529707
68.96,328.83878644310073,0.69867575
68.97,335.6654432244948,0.86307657
68.98,342.04949292084893,0.8314592
68.99,346.4381730657936,0.9086009
69.0,346.9370346328392,0.92656296
69.01,345.7250040383968,0.91897786
69.02,342.21677485800404,0.85038275
69.03,336.8182063529904,0.7483595
69.04,332.43696913873725,0.7610003
69.05,328.2501611527308,0.6133358
69.06,315.28197288546465,0.5593998
69.07,307.4425255450323,0.6041422
69.08,283.4941502183028,0.39607438
69.09,281.1659286130292,0.5709748
69.1,278.32112319515875,0.80895275
69.11,276.6928954089385,0.8968228
69.12,276.8536727981815,0.84874475
69.13,280.3548030946529,0.5618109
69.14,301.69783194408234,0.4471999
69.15,320.3894714230819,0.46164364
69.16,320.07280586724255,0.45868123
69.17,330.9158142076495,0.41422656
69.18,356.8765298859492,0.64901495
69.19,355.7745084008838,0.83702403
69.2,351.3503780749497,0.871305
69.21,345.24448497190747,0.80995685
69.22,338.1971058407122,0.781487
69.23,333.04931500211586,0.80189925
69.24,328.91228702777573,0.63373536
69.25,316.88748924070717,0.44995382
69.26,303.35016877945793,0.4236009
69.27,303.9214053173294,0.41119942
69.28,313.3062404325954,0.5197125
69.29,328.21581900491225,0.27038255
69.3,343.90059714305465,0.5589547
69.31,347.78470750378517,0.5657302
69.32,350.4597697920839,0.55839753
69.33,360.3956489800152,0.6765646
69.34,362.00420965343534,0.8896528
69.35,360.45953348376366,0.86422104
69.36,358.18147843868127,0.9442439
69.37,356.2632327969992,0.9328546
69.38,349.7486412463309,0.9275821
69.39,343.9636649935363,0.8838636
69.4,336.9035713955311,0.69665086
69.41,318.074136752668,0.83785564
69.42,315.5478288185153,0.92215705
69.43,305.22850440524843,0.7995613
69.44,297.62851950523805,0.6196458
69.45,278.85899081357377,0.43311912
69.46,269.3298997199019,0.58881897
69.47,301.549709445209,0.06876125
69.48,323.3107585775167,0.07327205
69.49,347.3303777433603,0.21161228
69.5,351.66694586207876,0.5839945
69.51,355.11746249577743,0.7278707
69.52,355.08809114512223,0.5322549
69.53,347.69455939098964,0.32167062
69.54,336.48948860045044,0.44904608
69.55,330.75756379288214,0.7604368
69.56,330.7535341571702,0.781935
69.57,334.90546537319847,0.7690383
69.58,344.1313367756581,0.7301623
69.59,350.26170023826,0.8309759
69.6,356.2230705352649,0.7816341
69.61,361.03983191462373,0.75231963
69.62,367.84183966620117,0.7143211
69.63,375.03105804519606,0.8067144
69.64,378.3255928441827,0.87030536
69.65,377.5723082740027,0.86269605
69.66,374.2985113737742,0.77813095
69.67,365.54295944143087,0.4535744
69.68,350.1784220513406,0.6691213
69.69,344.3873705363973,0.7022789
69.7,337.0274198233448,0.58696973
69.71,330.55952130738666,0.5198699
69.72,306.7136174324163,0.32654336
69.73,312.481068087822,0.46413043
69.74,340.48156455062406,0.3512449
69.75,350.9523796500782,0.35228515
69.76,366.06986400127573,0.2838425
69.77,368.22113908312014,0.34375048
69.78,383.64974023349964,0.5356315
69.79,389.88447982915875,0.7631705
69.8,391.4970021631239,0.716006
69.81,390.9628597936523,0.7833601
69.82,384.074650209409,0.7603572
69.83,376.0139044247853,0.7885217
69.84,369.8306700442985,0.37197387
69.85,345.23577512772295,0.6115952
69.86,332.12791810205874,0.3292218
69.87,313.73452644566106,0.17068066
69.88,297.2615147940062,0.06465254
69.89,280.7093020209334,0.10710669
69.9,297.6657559171751,0.11477785
69.91,322.68635475006585,0.2086432
69.92,350.58520788924733,0.31230837
69.93,374.1462162569046,0.345849
69.94,380.65233556106426,0.7297597
69.95,383.82566120378397,0.7019158
69.96,386.2229770548696,0.5006433
69.97,364.16880749523807,0.454381
69.98,362.7512569835546,0.59844655
69.99,362.2772488911677,0.5968388
70.0,356.038364440214,0.76085824
70.01,349.7291760214193,0.7355838
70.02,340.4019000680299,0.6064696
70.03,326.98752210720113,0.7956519
70.04,322.4251664818264,0.9331945
70.05,320.5419680056184,0.9276547
70.06,317.70402583651617,0.9224763
70.07,315.9921622230085,0.92483485
70.08,315.84014880716074,0.93961614
70.09,320.3479857181458,0.91028166
70.1,328.2453633159585,0.8943382
70.11,333.0777496305638,0.940738
70.12,336.82955917614214,0.93043214
70.13,339.7641003096762,0.87382287
70.14,341.9439816264436,0.74956185
70.15,340.3194003512872,0.4599051
70.16,311.5168885774349,0.594897
70.17,302.91296360134703,0.49374616
70.18,298.90371959629425,0.36838174
70.19,273.34542160670003,0.41775945
70.2,264.99476517560896,0.30877027
70.21,241.05079273273168,0.33140543
70.22,259.2564592858532,0.39029753
70.23,293.7369486088313,0.09988071
70.24,320.0111798474077,0.28128618
70.25,318.58548431937413,0.2845363
70.26,323.2951733834516,0.34539
70.27,322.3276045048815,0.36913157
70.28,315.66274948895733,0.57893723
70.29,310.97388903025063,0.42717335
70.3,312.3108501101585,0.41858876
70.31,314.60633807928195,0.18253027
70.32,352.8620515128052,0.17241706
70.33,355.6828960936689,0.11639591
70.34,356.68565343423165,0.061325956
70.35,355.333389616349,0.20000248
70.36,351.9022590265515,0.32343253
70.37,346.9621174152956,0.1510386
70.38,343.5931588992262,0.5822176
70.39,347.6330943964293,0.6307723
70.4,348.16167363326133,0.32466704
70.41,345.0727654622085,0.14066295
70.42,333.6624140874074,0.12965478
70.43,331.1369040228613,0.20067452
70.44,326.2158453453597,0.13960783
70.45,318.86219326391154,0.110419825
70.46,317.94824643984504,0.062653884
70.47,307.4083124801258,0.12448506
70.48,278.1870245859319,0.10839793
70.49,269.792639435481,0.2004275
70.5,243.52604882588966,0.047526218
70.51,232.23127911943158,0.13938008
70.52,215.03611928038222,0.13903059
70.53,200.06570630078684,0.1475211
70.54,182.93163801359472,0.07250081
70.55,174.4016452508538,0.2763836
70.56,169.70596968196517,0.14973456
70.57,163.59038306642051,0.145239
70.58,166.14234086397863,0.091867715
70.59,175.35926060732552,0.11426639
70.6,180.68209968993102,0.047988888
70.61,189.64076276666322,0.065454945
70.62,195.4565704856725,0.07915254
70.63,196.44903165111407,0.04622479
70.64,202.3958989576306,0.043155152
70.65,206.6833817483926,0.01899394
70.66,213.37743009308485,0.14260265
70.67,217.9777534572081,0.07259313
70.68,223.29772962975454,0.34923807
70.69,226.91656226085084,0.16296497
70.7,228.39398690198982,0.43779638
70.71,230.9919409130686,0.52525795
70.72,236.22242755355393,0.36580032
70.73,248.60598936841558,0.3532212
70.74,268.2775442592886,0.2143614
70.75,281.7855963712032,0.36632633
70.76,290.7982018667144,0.4905185
70.77,297.6539850692635,0.5844966
70.78,305.24839424161496,0.5643087
70.79,309.1502795072877,0.37475362
70.8,314.48225567505153,0.22022206
70.81,317.7469355996872,0.17534603
70.82,324.299156042745,0.26060414
70.83,335.85764451588193,0.4539266
70.84,342.50062455381277,0.60007036
70.85,349.74198531804774,0.769141
70.86,353.6279987788432,0.8200727
70.87,354.23114274285194,0.85795766
70.88,352.43418277396535,0.7801094
70.89,346.0077527856365,0.7016533
70.9,338.45281903173077,0.7206426
70.91,333.23559667562586,0.738475
70.92,328.69145149327943,0.7024317
70.93,323.0523529435806,0.75505686
70.94,317.6050948069629,0.7787483
70.95,315.77871555505135,0.8471239
70.96,316.16966680760265,0.8315408
70.97,316.2268038679459,0.7969144
70.98,311.4861567661158,0.74498314
70.99,306.1728813726081,0.8185432
71.0,304.63713169537937,0.87484163
71.01,305.8845249715092,0.77571553
71.02,311.6370270155656,0.7204541
71.03,317.85437706359,0.8014452
71.04,322.7391183744696,0.70282567
71.05,326.84109289690457,0.7464726
71.06,330.79128580806247,0.9143987
71.07,333.2656149998611,0.8857733
71.08,332.2326617602099,0.84490204
71.09,330.86076469356567,0.8387788
71.1,329.77705601860515,0.8575684
71.11,328.15167725033115,0.8553397
71.12,325.6116880818377,0.85755396
71.13,324.59804399544475,0.8221131
71.14,321.4895276767013,0.82946366
71.15,318.81074278039625,0.69887465
71.16,307.86966286241966,0.34428337
71.17,293.04265534608186,0.38161793
71.18,286.37551978297245,0.78786325
71.19,285.66195565111667,0.88443375
71.2,289.3155413867314,0.7891768
71.21,294.60254262264283,0.7577622
71.22,302.4040972458034,0.5822179
71.23,319.52830422718694,0.5243715
71.24,324.4974648866034,0.690481
71.25,320.28862953432616,0.7298567
71.26,316.5806599622011,0.6738599
71.27,318.41009713528035,0.40913737
71.28,333.4001575524198,0.3671882
71.29,347.08083562854137,0.7580709
71.3,350.37581165015206,0.89891905
71.31,351.2053818869643,0.9054423
71.32,352.35290990476335,0.89595157
71.33,354.96664304305637,0.9322511
71.34,357.8774109362883,0.9086146
71.35,360.57273040690677,0.8972741
71.36,362.19144389805416,0.9247073
71.37,361.43759488146463,0.9087329
71.38,359.7451258277574,0.87362033
71.39,358.47012071386644,0.8794662
71.4,357.4398978294188,0.8504676
71.41,355.5118622920775,0.8992824
71.42,353.45317956263216,0.9262957
71.43,351.3753002840516,0.93974936
71.44,349.60270896631357,0.94198996
71.45,349.1994392745189,0.9362448
71.46,350.0865837842991,0.9201303
71.47,355.63268577301255,0.8653303
71.48,361.13625731849436,0.8797282
71.49,365.58260539021666,0.91265917
71.5,369.46010156999074,0.87799895
71.51,372.2964823512491,0.8487373
71.52,376.60183408033504,0.7971121
71.53,382.55816996979286,0.72764874
71.54,386.4193532553859,0.7728411
71.55,388.71697841410264,0.8376723
71.56,390.0359717646596,0.77142143
71.57,391.8936533543985,0.7090113
71.58,393.73049144783977,0.8407563
71.59,393.5308746282748,0.86878437
71.6,391.49929635656287,0.8640056
71.61,388.4477914478516,0.8789115
71.62,383.5940821404681,0.83472407
71.63,377.3760609808703,0.8537006
71.64,368.6312285759885,0.8044546
71.65,356.75924024416656,0.6785042
71.66,338.0423897276907,0.7052017
71.67,328.32696947960704,0.87212133
71.68,327.27117008452007,0.9484931
71.69,332.2817858059972,0.9371781
71.7,339.17408135060947,0.70236653
71.71,353.5422343842128,0.9198937
71.72,358.1338906940913,0.94750196
71.73,372.2956042073517,0.5282827
71.74,385.4321289270283,0.76687527
71.75,390.16784203989204,0.28945383
71.76,392.1957197529523,0.20610338
71.77,389.09600684944854,0.34723544
71.78,382.6480719883467,0.4437771
71.79,373.3285574213328,0.36434412
71.8,362.0199557446201,0.42040282
71.81,344.7962001405785,0.80153424
71.82,329.7483603989503,0.51128215
71.83,312.76268624395607,0.5186339
71.84,290.09425185002493,0.8149998
71.85,284.05771120126224,0.9671825
71.86,282.6695595081815,0.9252556
71.87,285.7178644374306,0.921508
71.88,293.0412951747087,0.8497104
71.89,301.3507798258485,0.88832766
71.9,309.9887137074386,0.6015234
71.91,348.1924682746792,0.16122453
71.92,382.85138765949443,0.3801496
71.93,384.7924468701701,0.20593368
71.94,386.758139345375,0.26664218
71.95,385.9321443736685,0.24137746
71.96,375.8873559251274,0.31555203
71.97,366.6481838933058,0.42174876
71.98,351.14399641975626,0.63156897
71.99,343.9383822265177,0.7534746
72.0,325.179541002914,0.508081
72.01,313.9194725908494,0.7221267
72.02,290.97950580685284,0.7346936
72.03,288.0784842199969,0.9251984
72.04,288.0803100037759,0.7541889
72.05,295.43816596941434,0.45618907
72.06,328.8573693287447,0.5020657
72.07,350.67377067640905,0.73894626
72.08,352.3677791612059,0.7506469
72.09,353.72137548944784,0.5438615
72.1,374.3351200173481,0.28841108
72.11,423.690828584555,0.47262606
72.12,430.18648628613954,0.7173752
72.13,423.4796421340061,0.65113467
72.14,406.2990261454506,0.39326653
72.15,400.2172177922109,0.33738044
72.16,363.05996059172855,0.20095174
72.17,330.4402009713261,0.27013287
72.18,332.03206921781936,0.25952294
72.19,297.7117363967524,0.21190538
72.2,283.9566592134864,0.35187334
72.21,283.18771269609795,0.24704644
72.22,290.6639768907538,0.37032795
72.23,291.6963398557468,0.17528813
72.24,292.48985118478544,0.23604041
72.25,290.5614196897004,0.020730235
72.26,284.2996022347517,0.023738509
72.27,273.90124150874533,0.0408146
72.28,262.0262645692038,0.23149735
72.29,245.4206633019227,0.19441807
72.3,241.3445681658299,0.27895927
72.31,260.940141886433,0.31153598
72.32,287.74411869626556,0.3587562
72.33,296.1856518971627,0.41931257
72.34,301.6184194551962,0.6047762
72.35,308.7044053597461,0.6532737
72.36,311.11264441844673,0.679909
72.37,313.50309846192414,0.48373002
72.38,337.6132952714106,0.49270153
72.39,345.9655104288999,0.84851724
72.4,347.3674590397576,0.9236841
72.41,345.47305103793263,0.8855672
72.42,340.2544294508809,0.7057237
72.43,331.81705592509263,0.76064503
72.44,324.96248453480206,0.75964886
72.45,320.72506523125764,0.80798167
72.46,317.25332216464653,0.8315148
72.47,313.6858426528459,0.8412568
72.48,306.69364921016785,0.70781803
72.49,296.8622809315419,0.7009898
72.5,288.09287124501077,0.7287745
72.51,282.79369362834194,0.7594643
72.52,278.9213232951387,0.73799205
72.53,278.27615440986676,0.6316108
72.54,280.77492898598683,0.48226023
72.55,287.0156419064714,0.30272284
72.56,304.71661653620697,0.3160061
72.57,334.16551361439707,0.73770326
72.58,337.60285140488867,0.87699115
72.59,338.8130688468607,0.8170075
72.6,337.4467228137474,0.7669233
72.61,335.5053809231515,0.7980825
72.62,332.654350650162,0.86232406
72.63,330.91309788022477,0.830963
72.64,326.30449304145174,0.6574313
72.65,317.2308182810672,0.72933346
72.66,312.8238698795823,0.74784535
72.67,303.48087431463915,0.57868654
72.68,298.70218088254967,0.5014874
72.69,271.58580898270515,0.35832968
72.7,265.7632568721825,0.7858237
72.71,270.7709117392523,0.6457113
72.72,294.94712009608855,0.28230375
72.73,322.4674097394765,0.43058318
72.74,324.33224834074986,0.5033891
72.75,327.9651559213023,0.5000074
72.76,332.10042108162327,0.5225071
72.77,350.71976759686896,0.57515895
72.78,358.15580273010886,0.7974062
72.79,358.2272264883122,0.8978926
72.8,352.68163839482753,0.8921171
72.81,344.20139629257767,0.8319551
72.82,331.2124222710756,0.5225101
72.83,318.76935055808195,0.33616632
72.84,297.83474564053483,0.5778306
72.85,306.70372095978627,0.4464769
72.86,321.7046532691955,0.5907851
72.87,331.90623243155574,0.8390538
72.88,334.13716508760024,0.89438903
72.89,336.468323176177,0.83847445
72.9,337.5455804583909,0.890066
72.91,336.1548896253634,0.8977584
72.92,334.718404715546,0.94260263
72.93,333.8077659332274,0.9298469
72.94,332.290080305442,0.8699485
72.95,331.3031846795403,0.7938939
72.96,330.0630502516626,0.70051754
72.97,329.8116995420426,0.6431815
72.98,331.5817900207275,0.67680204
72.99,332.96975592740495,0.55565625
73.0,335.2817736625117,0.8654027
73.01,338.2005545468512,0.7712377
73.02,334.95529073365014,0.704171
73.03,332.2319421054307,0.7612854
73.04,329.0233760252425,0.7273592
73.05,327.35927270426885,0.7279635
73.06,328.40970105336504,0.7463197
73.07,331.8137137130179,0.8481253
73.08,338.28885947458355,0.68014956
73.09,347.4359529807126,0.6980656
73.1,356.8207138288294,0.6606693
73.11,367.6906802936779,0.80804384
73.12,376.33021854174353,0.8053774
73.13,381.1885519859127,0.894486
73.14,382.81688344047524,0.90734464
73.15,382.18402307121323,0.9083101
73.16,380.82184636946243,0.9087161
73.17,378.58502357468836,0.8228
73.18,374.5132206903881,0.7592574
73.19,369.8603872677812,0.62423605
73.2,356.3988202612643,0.5393502
73.21,347.12106379751935,0.59579474
73.22,341.807278158885,0.471271
73.23,329.554625040714,0.3213777
73.24,299.56540216154366,0.2872417
73.25,322.2909999915008,0.22262326
73.26,353.8901268230869,0.090719946
73.27,352.1560865726289,0.17778261
73.28,348.2922395939554,0.39895478
73.29,343.6393050971125,0.6216942
73.3,341.36173491863565,0.48861286
73.31,330.4466415031303,0.12246921
73.32,348.0561378160014,0.29595178
73.33,349.00474711548077,0.55146486
73.34,350.80301597056376,0.45874876
73.35,364.46612757837147,0.36739397
73.36,367.81528417530944,0.4821345
73.37,370.0955212997568,0.49610773
73.38,367.7137356452374,0.5743191
73.39,358.2433275162526,0.5354328
73.4,352.92185247936015,0.45405445
73.41,379.4818411840221,0.39089668
73.42,378.0307646770974,0.35052472
73.43,366.8690740454259,0.37871265
73.44,361.2827464391509,0.7606516
73.45,362.0900156212891,0.63120306
73.46,363.23809976692905,0.37537873
73.47,361.2339957822626,0.25545776
73.48,358.3994251653627,0.4861844
73.49,358.3666565063714,0.13570318
73.5,358.18320430661146,0.4390724
73.51,356.40929926935763,0.40879008
73.52,355.1142937272743,0.47808406
73.53,354.4835559329846,0.51122123
73.54,348.2748821196548,0.428713
73.55,347.31778414795383,0.2845708
73.56,342.5884124074102,0.34051418
73.57,337.75435148497365,0.43108886
73.58,323.8548366757701,0.28135744
73.59,314.2268122605986,0.18035737
73.6,346.33525525884886,0.093930066
73.61,393.25416596837164,0.16593604
73.62,390.80281158516385,0.1686682
73.63,386.18884737934764,0.11781332
73.64,374.3594529289027,0.218857
73.65,368.10008740743615,0.46660605
73.66,362.1940400737969,0.3157224
73.67,359.2713431972053,0.26245943
73.68,359.2867940883962,0.1812275
73.69,363.3834563931588,0.25300512
73.7,366.74004883147495,0.73384213
73.71,367.6741745931295,0.83901066
73.72,366.24038130309555,0.82403266
73.73,362.18470959211584,0.79072005
73.74,361.7425942067332,0.64951277
73.75,362.7511013500351,0.48566994
73.76,363.1994756320545,0.33438936
73.77,327.52306681873756,0.508287
73.78,292.85254029055034,0.5935112
73.79,272.9943712487743,0.40664884
73.8,274.6107294013313,0.5324793
73.81,275.76506966131114,0.44517198
73.82,301.1063078258652,0.19782653
73.83,330.3416497862305,0.2521597
73.84,349.2338427434589,0.35130963
73.85,395.08927232208805,0.5430461
73.86,398.46398265897017,0.9483947
73.87,399.2662106903336,0.9210534
73.88,397.75857839848913,0.8970968
73.89,396.11584546762356,0.75823206
73.9,389.75903875701806,0.6379753
73.91,371.8669427989264,0.5195592
73.92,357.75826744860893,0.5506135
73.93,350.0456742967819,0.47619337
73.94,313.221862720746,0.5274552
73.95,302.3504427145171,0.4746349
73.96,283.0601609148605,0.58391184
73.97,276.2776517679937,0.6749813
73.98,273.83359127977957,0.537814
73.99,276.3608064810214,0.42118445
74.0,274.2084279208909,0.33692205
74.01,268.85505764080096,0.26417834
74.02,243.27054333023142,0.12194094
74.03,217.25433945523247,0.37567306
74.04,206.10576757619606,0.19493121
74.05,220.11676170743652,0.3059084
74.06,228.1047213339481,0.32679123
74.07,244.0091675697908,0.4079029
74.08,252.31303988671965,0.34177005
74.09,282.97027189296455,0.27066818
74.1,330.5394231409551,0.7473435
74.11,357.6053298972502,0.72326624
74.12,378.3718077510882,0.6390852
74.13,388.4842635722108,0.68746316
74.14,400.84148795441865,0.60802215
74.15,403.5854961801468,0.6341479
74.16,397.48298495952474,0.5025926
74.17,385.8025306757119,0.3213161
74.18,377.46102910188483,0.22052656
74.19,362.61536891443893,0.23355982
74.2,355.9273924505274,0.52751875
74.21,349.4129373028984,0.6703204
74.22,347.0841658958502,0.35573727
74.23,341.32249471399723,0.30500504
74.24,337.74502412238724,0.69499415
74.25,335.8278331504048,0.31034216
74.26,337.29586894674765,0.23969035
74.27,341.8981778687771,0.4603649
74.28,348.8374317668626,0.7300367
74.29,357.6837950366928,0.8332755
74.3,359.60560384095373,0.86251163
74.31,361.14951560285795,0.787416
74.32,363.7724886121791,0.6638291
74.33,367.17047259225205,0.63846403
74.34,369.92793543439376,0.84684163
74.35,372.51924724783237,0.8906031
74.36,375.71041220531004,0.9040588
74.37,378.62658363998776,0.9221005
74.38,379.4904643218206,0.93442345
74.39,380.00368503261745,0.9257476
74.4,380.33162940566797,0.90420145
74.41,380.1579010494164,0.87695265
74.42,379.01810274318007,0.8057071
74.43,375.5548151536257,0.72458214
74.44,370.959124246286,0.4663084
74.45,353.25060274183755,0.34115216
74.46,353.0127004876707,0.50199294
74.47,347.97979370347974,0.61969745
74.48,341.2278974187451,0.69895107
74.49,336.9049523720611,0.47684002
74.5,316.60729697624225,0.29891524
74.51,302.8245002420249,0.22728342
74.52,302.60855420628786,0.1534694
74.53,313.10839090973576,0.19912554
74.54,328.470747118584,0.23202613
74.55,339.9760217599477,0.34046078
74.56,344.53078160193775,0.38867164
74.57,346.35802364975865,0.3955562
74.58,345.11682684631126,0.23307495
74.59,351.4273943938301,0.112146445
74.6,366.53657654987626,0.41035548
74.61,367.198465812362,0.6856604
74.62,362.8751933611658,0.5074757
74.63,358.50386322693134,0.32013863
74.64,361.57744115586047,0.31445846
74.65,369.0253399771449,0.32122862
74.66,372.2264389391199,0.39133197
74.67,379.3958867181815,0.30837074
74.68,373.08349809457076,0.2567955
74.69,367.5564028976929,0.34701762
74.7,363.2646589386685,0.42944753
74.71,361.13822275050217,0.50138354
74.72,359.0825917900108,0.5276258
74.73,359.9768391571255,0.660376
74.74,359.43946327616175,0.7466711
74.75,359.67778871794195,0.71495754
74.76,361.2729559465803,0.6461825
74.77,358.981783983063,0.44455317
74.78,356.13128143347956,0.23237368
74.79,354.7867412717903,0.21417429
74.8,348.4744656864506,0.1436336
74.81,342.15023979712015,0.11058999
74.82,339.60584612522234,0.13502496
74.83,331.85240624680705,0.10277946
74.84,322.84787275963,0.14129452
74.85,307.77286374700986,0.38983262
74.86,294.50445840142714,0.28955394
74.87,284.0505708988751,0.03563469
74.88,279.5786794035243,0.124508575
74.89,267.6401676927879,0.0154380705
74.9,257.8535139555856,0.019884292
74.91,253.48608378468697,0.07958416
74.92,239.54081937105516,0.07698428
74.93,223.25653307774033,0.12537012
74.94,222.58427827109296,0.19334713
74.95,226.776919518991,0.18633765
74.96,256.024046478058,0.22293995
74.97,279.9727712042817,0.39512217
74.98,287.29762021815225,0.6030827
74.99,289.14399385195304,0.62403166
75.0,324.2772322027479,0.34276134
75.01,329.6776640478641,0.28469813
75.02,336.8793287426266,0.19689833
75.03,355.3982533385622,0.4505947
75.04,369.13985842052256,0.36448792
75.05,380.72237220518554,0.43382064
75.06,391.6033112720827,0.6916426
75.07,398.1633749229286,0.85553765
75.08,400.23531377415134,0.84392935
75.09,400.5092313995115,0.8416258
75.1,397.59240235618006,0.6886159
75.11,388.30132848658997,0.64131725
75.12,380.2809135455309,0.62760526
75.13,377.3094784987231,0.48734006
75.14,383.8387810216178,0.7189978
75.15,383.3471003020386,0.70719415
75.16,379.984769943338,0.61480963
75.17,376.58332231309566,0.3429387
75.18,352.2212861959795,0.3925708
75.19,326.9063968350127,0.17845035
75.2,301.9876215384681,0.36593184
75.21,294.5498867928736,0.53315955
75.22,285.3342440827183,0.33135632
75.23,276.01465807555036,0.13528907
75.24,254.97761427036005,0.08564509
75.25,238.25892586273062,0.17962798
75.26,223.1200877147802,0.24158989
75.27,208.70875697550602,0.08972169
75.28,192.26010788661875,0.19075634
75.29,194.83925430683354,0.42237142
75.3,200.21992798478783,0.39591333
75.31,207.72709836940788,0.37196356
75.32,211.88142204422348,0.41924042
75.33,221.2616397305602,0.35996065
75.34,226.78649375122046,0.49108386
75.35,245.65871337469275,0.33607027
75.36,276.40911474672595,0.21260674
75.37,284.5707020665241,0.2819539
75.38,302.62192518126614,0.28215736
75.39,334.1001100810471,0.41802213
75.4,349.26778060336903,0.6314574
75.41,349.7776799932756,0.61880165
75.42,350.45768278976334,0.78011584
75.43,351.58354463871177,0.64689016
75.44,353.19984660109424,0.71514714
75.45,360.22650711184497,0.56131774
75.46,366.09210270897614,0.66090935
75.47,369.11138456714747,0.6592179
75.48,379.52178174431947,0.83838
75.49,383.4464803193658,0.8883562
75.5,391.7109260569526,0.6852617
75.51,397.51473345636185,0.8733219
75.52,398.50546794050683,0.76461
75.53,403.8328001422419,0.78631586
75.54,407.6823827989715,0.94091696
75.55,406.7400018762217,0.9402797
75.56,407.8982154302366,0.94272137
75.57,407.7266649665816,0.9588606
75.58,404.08146697694184,0.9183459
75.59,397.26468326231327,0.89267516
75.6,387.69448201671565,0.86848867
75.61,383.24367485992155,0.87178254
75.62,381.29885575556017,0.91893536
75.63,379.3291523705658,0.9225505
75.64,376.80100020191014,0.8872314
75.65,374.587421437962,0.6806812
75.66,371.93055386761165,0.5035417
75.67,373.4177798659107,0.644395
75.68,375.8587929719129,0.79106563
75.69,380.66894599520447,0.7523168
75.7,387.64456038294753,0.69135964
75.71,397.6282970626738,0.7706494
75.72,401.7496475124959,0.8917015
75.73,400.77718684765244,0.88333595
75.74,397.201351852329,0.8704112
75.75,392.2656422812528,0.82999235
75.76,386.75948034258255,0.5672292
75.77,341.0397644071896,0.37449154
75.78,330.5919550244661,0.35627344
75.79,293.49181073107235,0.7021892
75.8,293.9962679898036,0.8227314
75.81,299.07989972458586,0.5915812
75.82,328.5842868552751,0.58052355
75.83,335.52738217554554,0.6152575
75.84,356.2495565225744,0.67340714
75.85,361.11339918506417,0.816242
75.86,378.16292587408833,0.74392164
75.87,381.34344593547473,0.94573253
75.88,381.2498279847815,0.9510424
75.89,380.3853376086512,0.9133601
75.9,378.66920550626475,0.8380722
75.91,378.3117756872681,0.8293361
75.92,374.47490545726066,0.8296131
75.93,370.93660663533103,0.91027653
75.94,370.42109925350786,0.89196765
75.95,369.16282804776074,0.8439989
75.96,362.91545541041677,0.7263756
75.97,352.087545289346,0.72500104
75.98,343.47105896405543,0.21445544
75.99,334.75815947344694,0.3333809
76.0,333.36973625253984,0.39903992
76.01,317.0204293487533,0.2741703
76.02,305.91342127375304,0.49783126
76.03,293.60897829846897,0.55996937
76.04,285.2411836852577,0.72877157
76.05,275.82039138176873,0.65558565
76.06,266.82692307123006,0.4055305
76.07,238.86849291367912,0.15859672
76.08,221.56149397515009,0.49486142
76.09,217.45699856921766,0.6927984
76.1,204.00841466828984,0.38942888
76.11,188.85417196118286,0.28469595
76.12,174.36832174787656,0.28821525
76.13,154.53286230247213,0.35309485
76.14,141.2692103172174,0.44016743
76.15,138.46955707268737,0.57204676
76.16,151.6028667597703,0.23695739
76.17,168.43084132971813,0.36599588
76.18,193.92465647862608,0.13230291
76.19,209.24177883043347,0.5822858
76.2,233.00174323142534,0.27078092
76.21,256.9396357668285,0.2633982
76.22,255.148049397976,0.20249015
76.23,233.56374300255175,0.1439862
76.24,226.2580419596675,0.11208898
76.25,223.0216713186739,0.17008138
76.26,214.5784036067542,0.07866415
76.27,210.2433495625684,0.050212294
76.28,204.3106438181639,0.15452103
76.29,193.75176850655834,0.2526182
76.3,187.1954152321962,0.103441454
76.31,179.39059649578707,0.18452631
76.32,170.58852577619552,0.14521913
76.33,163.87446988174685,0.06813386
76.34,160.23799855127425,0.15234795
76.35,155.00542110001402,0.26628456
76.36,151.80548477572944,0.3641389
76.37,152.18060148902995,0.2701861
76.38,153.95833696056968,0.2006166
76.39,154.4042568696988,0.2014702
76.4,155.04789516659326,0.12322633
76.41,154.91679764617209,0.15340197
76.42,154.08302760584814,0.30290383
76.43,156.0772311140414,0.24894266
76.44,157.23063531802234,0.34435457
76.45,155.67632952039136,0.24765858
76.46,152.74848684491735,0.21418759
76.47,153.625028236797,0.1497359
76.48,155.73994581373435,0.10427444
76.49,157.38368471529833,0.118585914
76.5,158.49172883148753,0.2532719
76.51,156.1137795589713,0.3393518
76.52,162.9830943787711,0.3331243
76.53,177.08598975900583,0.2440712
76.54,189.78113560465974,0.5514057
76.55,201.11099023049064,0.4702004
76.56,216.80736406375445,0.5014051
76.57,222.4422930384246,0.20567958
76.58,222.32329726234295,0.5384479
76.59,230.10756356843015,0.7702742
76.6,234.36116830913622,0.7885638
76.61,235.5342559391582,0.61164093
76.62,238.9535485274956,0.31715757
76.63,243.5565770851644,0.41477227
76.64,247.23998442375455,0.49141094
76.65,245.25796906869692,0.5223943
76.66,242.08038141654606,0.50571567
76.67,238.8058644954899,0.55549234
76.68,224.21194660881994,0.39306572
76.69,220.91867985161696,0.40393987
76.7,222.76701238402782,0.20980382
76.71,243.79249065063635,0.24779752
76.72,268.82661387288385,0.6129008
76.73,268.4169241559694,0.5043363
76.74,268.72788232858466,0.4995624
76.75,246.22903039950782,0.23731168
76.76,226.61325401978218,0.38443744
76.77,221.3319698483215,0.5731943
76.78,218.50457674826993,0.6698838
76.79,218.61867763322624,0.80313295
76.8,217.82102664764972,0.87707955
76.81,216.45433618594723,0.88413954
76.82,214.4096371070563,0.7859788
76.83,210.5449039292228,0.69467
76.84,205.7603296481902,0.8597789
76.85,204.8571825758066,0.878131
76.86,207.4496610205287,0.7944707
76.87,213.03233079226413,0.8471759
76.88,216.56278463648047,0.8781553
76.89,218.06255953065426,0.9137736
76.9,219.40881211328687,0.76455826
76.91,221.6472908102411,0.76450115
76.92,225.3687550821909,0.7774806
76.93,229.72212772824588,0.77494806
76.94,232.26900597254632,0.75716543
76.95,232.85463485110574,0.75920904
76.96,232.54702585001934,0.75450206
76.97,232.58028024501243,0.7969209
76.98,234.31961476752468,0.91164124
76.99,235.60106740263984,0.90148044
77.0,236.16356034106423,0.94199675
77.01,235.83704857446375,0.9211863
77.02,234.96448445783312,0.8964894
77.03,232.5286210107365,0.755662
77.04,225.74225564191926,0.6362746
77.05,217.56715014733237,0.6787225
77.06,207.84766874999286,0.537569
77.07,194.40496982759615,0.63563997
77.08,192.66099232521873,0.8991673
77.09,193.3884224096746,0.86581475
77.1,196.38789495168734,0.7548381
77.11,204.80571923275807,0.5829165
77.12,213.47402514810855,0.4951158
77.13,226.86219852537613,0.4608787
77.14,240.9275585311579,0.6957817
77.15,247.10129208726465,0.83572143
77.16,251.92461980331515,0.9078391
77.17,253.90426501865048,0.9529491
77.18,252.73660910424326,0.9229613
77.19,249.88056230320672,0.89230895
77.2,245.2891598355722,0.78840643
77.21,236.25109019060574,0.6404196
77.22,227.12143310000087,0.56073177
77.23,217.2919489261386,0.5751837
77.24,210.09674825763582,0.5927173
77.25,195.83201967426328,0.51976967
77.26,191.95514203245142,0.86906064
77.27,191.86905398361858,0.8541474
77.28,193.7473219771303,0.6292377
77.29,204.18511950764085,0.27641848
77.3,227.05775869266674,0.6155068
77.31,235.22903351891517,0.6526582
77.32,244.70205802268913,0.60916924
77.33,249.92447358191964,0.83533037
77.34,252.61711411749894,0.9206815
77.35,251.69745197428045,0.9060441
77.36,248.6833436288677,0.8672894
77.37,243.54889122344696,0.74625146
77.38,236.934847073171,0.76257145
77.39,231.30543203718528,0.6989723
77.4,224.36648569825908,0.59832436
77.41,217.0998561028075,0.67368186
77.42,210.27495172038473,0.62203443
77.43,194.08871625220115,0.45597428
77.44,192.51272720512793,0.7559536
77.45,194.47998391348005,0.5126632
77.46,219.82103761183845,0.33054966
77.47,228.21895452811947,0.44462243
77.48,239.44012088162333,0.58046186
77.49,246.88721183458753,0.752384
77.5,252.57039711862257,0.8231631
77.51,256.7230787994619,0.7813633
77.52,262.6401805553698,0.6182516
77.53,267.04342744166007,0.48033485
77.54,268.5818472649024,0.5439339
77.55,301.0642241324394,0.34585017
77.56,318.2018789389567,0.41332802
77.57,325.7355432262998,0.3954427
77.58,322.59288602193453,0.5521819
77.59,323.7453501162994,0.6308537
77.6,324.58778075486856,0.82647175
77.61,325.7058050827348,0.7874317
77.62,327.2856177752266,0.78606987
77.63,329.33722813868536,0.78036195
77.64,331.0872365775626,0.9184819
77.65,331.2852524951404,0.8770974
77.66,327.742262040844,0.65558976
77.67,321.1856007716662,0.52900696
77.68,315.4763932925475,0.67114705
77.69,311.82292126856225,0.69766676
77.7,304.66001257830555,0.5638431
77.71,293.8246909152992,0.5775136
77.72,288.6935001307797,0.6203808
77.73,289.8981853013671,0.4216988
77.74,299.93634294951835,0.6626525
77.75,306.3882830702141,0.7525906
77.76,311.7961606866939,0.88764936
77.77,315.6629036708872,0.83732873
77.78,318.73118996872176,0.8523559
77.79,321.4450005251729,0.8448462
77.8,322.1583736178577,0.7784547
77.81,322.0510121633279,0.7842809
77.82,322.1629901903141,0.90584594
77.83,322.8313438818608,0.92938393
77.84,323.63552161950406,0.91485685
77.85,325.1889411836725,0.8907382
77.86,325.477083816656,0.8340962
77.87,325.6282779643353,0.62952113
77.88,324.68060318818345,0.61319363
77.89,325.8965374377166,0.6287124
77.9,326.17244503319796,0.836106
77.91,324.65073350007407,0.8945715
77.92,324.2708300820035,0.91521657
77.93,324.698016054788,0.8886565
77.94,321.834674587675,0.86858255
77.95,318.3332409280822,0.8905502
77.96,316.4849000921764,0.8334347
77.97,315.729035237883,0.79156774
77.98,315.8079653360633,0.85429215
77.99,314.67705080100836,0.7801755
78.0,313.6779536093689,0.6540995
78.01,315.04421791578284,0.73205906
78.02,317.7238019425932,0.58819205
78.03,319.41648063167486,0.5629825
78.04,320.77687271282065,0.48992464
78.05,319.9093607776083,0.5057464
78.06,317.76973926807693,0.5590564
78.07,319.02740241846413,0.512863
78.08,319.4292554242328,0.7214326
78.09,323.61484261271534,0.66220725
78.1,325.5521896195238,0.6038972
78.11,323.73981364347253,0.54379946
78.12,323.93256169246564,0.50509465
78.13,318.76253047668325,0.588319
78.14,316.36489659973375,0.7724755
78.15,313.2088916701214,0.7419933
78.16,314.0716601018657,0.80486476
78.17,313.1652915486936,0.81026566
78.18,312.3499375338509,0.7628687
78.19,312.32405764338375,0.7820006
78.2,312.9951484256474,0.5036737
78.21,313.51764726090175,0.7663421
78.22,315.9436947373066,0.80106556
78.23,317.54884431512613,0.7095484
78.24,320.80967197542884,0.8332319
78.25,324.91207316066584,0.84959406
78.26,326.12220550141285,0.8972165
78.27,327.3760795514137,0.8915658
78.28,326.8442151157926,0.8634535
78.29,322.3240978326637,0.90564907
78.3,320.0228211162603,0.88113594
78.31,316.76254415044195,0.8760737
78.32,314.2643989560897,0.87621516
78.33,311.09154423675056,0.85016525
78.34,311.183543037769,0.9101259
78.35,311.9156951856914,0.9258065
78.36,309.6098134713036,0.9402104
78.37,310.08784538027317,0.94358337
78.38,310.852891755012,0.9309218
78.39,309.0851852980888,0.9226308
78.4,309.6893398873223,0.7730782
78.41,316.3369117069819,0.86979425
78.42,320.5512931625896,0.94197685
78.43,323.5175575522005,0.94282967
78.44,324.47947678353876,0.94786876
78.45,324.45953032044207,0.94905835
78.46,324.8577804871207,0.9317818
78.47,324.511520827047,0.934299
78.48,320.7048281235617,0.87447876
78.49,319.12570131731707,0.9030373
78.5,317.80334218836407,0.8983115
78.51,315.7453355869492,0.8990458
78.52,311.920773374979,0.91525984
78.53,309.2730476831854,0.91331875
78.54,307.8284144331125,0.94996804
78.55,309.2903374959179,0.95110327
78.56,312.8102077262172,0.87823296
78.57,318.4416245983017,0.9259487
78.58,320.1585402403225,0.93886554
78.59,315.6908666023721,0.9332317
78.6,312.6899892455941,0.91624755
78.61,306.8996271919432,0.39523965
78.62,288.09927716572435,0.3340387
78.63,289.2665167539389,0.18695828
78.64,297.0956947709136,0.11517095
78.65,298.938781184918,0.3586375
78.66,309.55867575551554,0.49203682
78.67,311.5072521768628,0.5356682
78.68,305.6122965160614,0.17811051
78.69,306.58517258401383,0.4303425
78.7,308.2199089843973,0.2705594
78.71,312.98882307247936,0.09544834
78.72,318.40351880838534,0.043405224
78.73,318.9170516687973,0.042710744
78.74,318.480895522304,0.09945314
78.75,319.30395655024313,0.121266246
78.76,318.91132362609,0.20802504
78.77,317.56936682867365,0.12264073
78.78,318.419485941678,0.23151618
78.79,319.32019075662896,0.79387367
78.8,323.4774150893152,0.7030076
78.81,325.3275379452981,0.30636796
78.82,314.7693552937484,0.5219311
78.83,313.1526430353057,0.393274
78.84,312.51163158060217,0.5693729
78.85,317.47474439742933,0.27616122
78.86,318.1492376029506,0.49436238
78.87,317.95152853281644,0.6422375
78.88,318.8037181091796,0.4958472
78.89,319.17451212160734,0.27328467
78.9,325.5884864816652,0.39377278
78.91,320.73652041091805,0.14136052
78.92,316.04048609511983,0.66991955
78.93,317.5952645887812,0.7700646
78.94,320.1079763860185,0.79990405
78.95,322.8691888759247,0.565819
78.96,324.2617006802078,0.4997354
78.97,324.97116483525366,0.2304974
78.98,326.6550905485342,0.10903141
78.99,322.1166573358267,0.25451872
79.0,315.3956259618279,0.34880453
79.01,314.55671508806535,0.7547388
79.02,314.93226938484463,0.7055284
79.03,316.22518452478727,0.5160802
79.04,316.91705985741845,0.44641048
79.05,319.70032834297575,0.35885325
79.06,323.0047869133376,0.23662844
79.07,322.5744831098032,0.17931299
79.08,321.64142919333085,0.29081127
79.09,322.92657136822527,0.49327123
79.1,322.01239547441514,0.49859473
79.11,323.17963499725147,0.3148793
79.12,320.26691624720803,0.22868341
79.13,319.3677700387866,0.51625365
79.14,319.2808017708239,0.79433376
79.15,318.4510880571362,0.85771894
79.16,318.9202617023759,0.6859816
79.17,320.705908109367,0.62870765
79.18,322.40164901184744,0.34157658
79.19,320.27201316071387,0.33549276
79.2,319.0352381115902,0.7797161
79.21,323.0316891760938,0.77286947
79.22,324.40729344920476,0.52632296
79.23,314.5333413902244,0.18530561
79.24,314.5295526031087,0.29530266
79.25,316.92524804641926,0.2826193
79.26,314.4644624117598,0.19564347
79.27,315.69705987821715,0.3799874
79.28,317.31280349287954,0.33915487
79.29,315.1679864578143,0.48162273
79.3,312.32199689172523,0.28762096
79.31,315.62911199828125,0.56730837
79.32,315.78985275173216,0.3922433
79.33,302.7402844737786,0.14593713
79.34,274.6791659861935,0.18023469
79.35,252.70997503359212,0.19388822
79.36,239.45748746381042,0.29644477
79.37,252.31932183638054,0.28014806
79.38,248.78608627315106,0.38383684
79.39,279.53052065470945,0.24817424
79.4,313.7836023046433,0.35587105
79.41,352.6874501861034,0.8162279
79.42,353.25377459525674,0.86822206
79.43,357.1462423456791,0.77078474
79.44,361.7380750030935,0.48200783
79.45,357.518093956158,0.71296
79.46,350.94191314734167,0.86111796
79.47,353.1753028103057,0.8423615
79.48,360.4482216687737,0.63528544
79.49,362.6363059337872,0.42508316
79.5,360.7432546514325,0.46480215
79.51,358.5517504508542,0.37066573
79.52,356.1816344835245,0.40779924
79.53,355.7037117081814,0.49103788
79.54,355.42423496321646,0.26527578
79.55,357.41668268521187,0.0742706
79.56,366.43476592940425,0.2238076
79.57,362.7054079226025,0.3102514
79.58,362.96291876316525,0.34585294
79.59,370.343542833238,0.29287624
79.6,377.6943071880475,0.26918823
79.61,374.32836919791987,0.03787132
79.62,379.87161913275764,0.14890867
79.63,387.6737424275741,0.23611663
79.64,395.59167574380035,0.33003062
79.65,395.1148070249215,0.16869707
79.66,395.18397701153566,0.07735077
79.67,399.9222795372853,0.090797506
79.68,396.29076142460883,0.21111368
79.69,392.5307104476768,0.029357275
79.7,394.3092105493073,0.043271527
79.71,395.13707909650395,0.044763844
79.72,394.56840783432267,0.12964807
79.73,392.80726150664464,0.20476778
79.74,398.7587461719414,0.056389146
79.75,396.1145812681752,0.08384391
79.76,395.1393229981644,0.03183995
79.77,397.85223550138596,0.0137292445
79.78,398.26421886278297,0.033716064
79.79,399.5252172187968,0.3176877
79.8,399.1832613138133,0.07302145
79.81,397.25165132334604,0.15770623
79.82,396.2240459808615,0.19445126
79.83,396.0332940286737,0.12881225
79.84,391.544362433948,0.20060885
79.85,369.69655056067353,0.09415917
79.86,353.9564861570849,0.3985062
79.87,318.9733224194753,0.33034912
79.88,304.84860836036677,0.41489017
79.89,291.6946668399458,0.6436192
79.9,277.7966738225275,0.67436206
79.91,260.4527488627503,0.6059036
79.92,236.87892976947992,0.31343633
79.93,227.63539441736398,0.52672654
79.94,232.85923718530745,0.672239
79.95,236.92563066153662,0.7910885
79.96,241.40274190786417,0.82571054
79.97,244.61225836878313,0.90546966
79.98,246.4471094779648,0.8052471
79.99,246.745821468685,0.8237474
80.0,246.01113509706462,0.88464916
80.01,243.79269114297543,0.8747369
80.02,240.09764944553206,0.8579356
80.03,237.6525034895063,0.8215167
80.04,234.63910493449413,0.6556258
80.05,225.98604112194369,0.40311134
80.06,218.28936753168293,0.5327532
80.07,216.19750152617755,0.67370963
80.08,218.69243716041166,0.7362336
80.09,224.954497746841,0.60509074
80.1,236.2133608406475,0.5022687
80.11,244.8364140332292,0.6291098
80.12,251.99192077049528,0.69672495
80.13,259.929743027263,0.8818371
80.14,264.0768662803212,0.90471256
80.15,265.96050992450574,0.9325524
80.16,268.20998464597204,0.9209482
80.17,268.83878679481836,0.9350754
80.18,267.8027158245125,0.8966907
80.19,262.2723621691444,0.73805046
80.2,253.65669117226943,0.5497119
80.21,238.56316931903956,0.5421326
80.22,219.16816329451655,0.46925423
80.23,204.2592201227728,0.557733
80.24,195.0179873038411,0.80436975
80.25,191.95349368813413,0.9107559
80.26,191.67533893191776,0.92681736
80.27,193.16742599953068,0.86151564
80.28,195.82238446115747,0.7534251
80.29,204.1130552279229,0.1701547
80.3,226.23290177135627,0.49452856
80.31,237.72553173293616,0.5889206
80.32,244.05090503797058,0.7498886
80.33,248.05779214807376,0.594925
80.34,249.91327367097685,0.71929044
80.35,249.30301628668627,0.8325988
80.36,247.57831444893776,0.86767435
80.37,246.2667930058598,0.6626281
80.38,244.27834838907648,0.7872322
80.39,240.1689487057354,0.85695225
80.4,236.24536542976097,0.8076512
80.41,231.79272575349347,0.66461635
80.42,224.51178362663202,0.53042907
80.43,216.0462824620081,0.3292486
80.44,206.1150457528476,0.5905131
80.45,205.65900403885465,0.77428395
80.46,209.4552176527948,0.63684946
80.47,217.50714608355094,0.6171729
80.48,224.01517306007048,0.6808908
80.49,231.90874447720262,0.5920206
80.5,238.2601053563331,0.69749504
80.51,249.52472870667225,0.6119609
80.52,257.027730322569,0.9338654
80.53,259.1090370089325,0.9579001
80.54,258.90495873260653,0.95828974
80.55,256.718448409373,0.9257621
80.56,253.54138973473187,0.9234936
80.57,248.41075325711319,0.7965342
80.58,240.48112248742103,0.6569803
80.59,226.1282512567031,0.4614735
80.6,211.56812603933776,0.38806877
80.61,191.2462670739663,0.7692017
80.62,181.29146429563713,0.9171539
80.63,180.7477275127452,0.925457
80.64,182.08920042080163,0.8741377
80.65,185.55114826343456,0.7076076
80.66,204.00460424933343,0.2102133
80.67,224.2309740613787,0.6293578
80.68,236.26898946591155,0.5777756
80.69,243.88805896487537,0.7519133
80.7,249.5742279705409,0.8638654
80.71,254.92983271549076,0.87689596
80.72,258.0143480598617,0.9259962
80.73,257.81440843633493,0.9529317
80.74,255.82479590198105,0.9504483
80.75,252.8338457318693,0.9200529
80.76,248.31199561704886,0.85179913
80.77,241.4761641630891,0.81587243
80.78,235.58553064666665,0.81991696
80.79,228.25532022807835,0.8422271
80.8,221.68696493265918,0.751804
80.81,210.97267996234842,0.58080834
80.82,197.91355086905267,0.7576219
80.83,195.16675233752386,0.8865212
80.84,198.10288235963228,0.47144407
80.85,211.50069462017743,0.6310783
80.86,216.52655510956183,0.5823633
80.87,226.2240306429187,0.69518614
80.88,231.8776026524792,0.53441805
80.89,248.17772425153942,0.4443178
80.9,257.52015911597704,0.82654285
80.91,259.92097714234325,0.90577394
80.92,258.6039274367567,0.9042803
80.93,255.74886483581076,0.9204081
80.94,253.56328168349467,0.9218844
80.95,249.8058826087026,0.83508015
80.96,241.79150053923388,0.7493862
80.97,233.83254602641972,0.66569036
80.98,222.69139983264165,0.7339121
80.99,212.8544615540879,0.75572664
81.0,206.4037908628359,0.889912
81.01,201.27021486655343,0.8763967
81.02,199.1336738324563,0.8613755
81.03,202.10760155240263,0.60704213
81.04,210.48860948468428,0.60549474
81.05,218.4792565462094,0.7261323
81.06,224.24179700545724,0.7530008
81.07,235.95828269327973,0.661905
81.08,245.59297516897163,0.687286
81.09,256.44814296378803,0.841582
81.1,261.610969149699,0.94090873
81.11,264.4149237184767,0.9317868
81.12,265.21582870842343,0.9641891
81.13,264.37299438353864,0.9374695
81.14,260.7137864459072,0.8807239
81.15,255.532300017823,0.871272
81.16,248.18523979433877,0.7617232
81.17,238.89667573365426,0.7644615
81.18,230.70398926098142,0.5392109
81.19,217.2535547638998,0.4975007
81.2,205.4038650007882,0.7402233
81.21,197.83482618780212,0.86419153
81.22,197.0718940404019,0.92716503
81.23,200.76862293102263,0.73707265
81.24,207.9583584558385,0.78193974
81.25,216.75637663657255,0.6801715
81.26,225.96164247199877,0.6309106
81.27,240.04533380770624,0.7030923
81.28,246.9027109868074,0.8806451
81.29,251.7626325310553,0.9410667
81.3,253.9775726102511,0.9695265
81.31,253.4791980479979,0.95660925
81.32,250.87702150247708,0.9172546
81.33,246.6337335016309,0.83658063
81.34,240.0726689804554,0.8112206
81.35,233.4933619572717,0.5031646
81.36,217.65449662452227,0.43871498
81.37,204.2235173997131,0.77167237
81.38,198.5642862219157,0.8754467
81.39,197.3283113990094,0.9071237
81.4,199.43119914422837,0.7603533
81.41,208.25633245633153,0.6436156
81.42,222.09590997784684,0.6163579
81.43,231.68905017867513,0.47815147
81.44,250.3537228137135,0.6659785
81.45,259.62660965843844,0.85920787
81.46,266.15113261738514,0.95444363
81.47,268.75761209778085,0.9710349
81.48,266.8943664650222,0.9040667
81.49,258.9924434537142,0.8663345
81.5,253.04847157015703,0.8523983
81.51,241.5362881245245,0.7425292
81.52,234.65839442670045,0.8401945
81.53,227.84812230037232,0.6979784
81.54,216.87405430357757,0.83039474
81.55,215.63932566716306,0.9267144
81.56,220.0628886817633,0.83749735
81.57,226.9001413809801,0.6881421
81.58,237.27926867296708,0.5297638
81.59,250.2976430225382,0.6401847
81.6,262.1513879876348,0.43799025
81.61,267.3675676021412,0.6742918
81.62,267.6671262567513,0.75712866
81.63,268.03946761767696,0.48785675
81.64,271.5042756370479,0.3843103
81.65,275.96169142335015,0.22565973
81.66,306.6750642500672,0.5946004
81.67,328.48910347626725,0.5502762
81.68,347.0551080409218,0.4743422
81.69,340.8343608026553,0.6104196
81.7,329.38037597169574,0.49942297
81.71,323.4703668475829,0.66617733
81.72,322.8953893000364,0.82978547
81.73,324.67985698852704,0.88739836
81.74,328.4045080414935,0.89984953
81.75,329.88234539454197,0.9268901
81.76,325.39789847407724,0.838109
81.77,322.85012895058344,0.90304625
81.78,320.7857797419831,0.6742749
81.79,311.1828688248577,0.82935613
81.8,309.7669611228005,0.9002814
81.81,309.84584945819785,0.8514616
81.82,309.323128336441,0.71586555
81.83,308.6442062748521,0.7165503
81.84,309.32697162072543,0.8384846
81.85,309.1067743219812,0.58888173
81.86,309.5898558177156,0.40538797
81.87,310.9701397270695,0.5755228
81.88,313.0703518372893,0.66167724
81.89,314.3131795056984,0.83144397
81.9,316.1306802997447,0.8173833
81.91,317.9324382885728,0.8497918
81.92,319.7258423809963,0.8793727
81.93,321.53602734187075,0.8839633
81.94,320.3001496998313,0.871494
81.95,319.34660054581553,0.8324759
81.96,315.19200835330514,0.8579158
81.97,311.99706877285155,0.82620287
81.98,309.2450106798513,0.9005691
81.99,306.5966761684782,0.8681916
82.0,305.6475185723605,0.89150876
82.01,303.9318749597702,0.8192894
82.02,302.73066765236615,0.77355146
82.03,302.358709304545,0.85408384
82.04,304.4330235137514,0.7043809
82.05,309.3775821190354,0.6930331
82.06,314.43421786912563,0.5976533
82.07,318.89803320936966,0.7434562
82.08,321.5138124150712,0.8264857
82.09,324.1410151008022,0.8286059
82.1,328.1368847736951,0.7747814
82.11,330.72887878635686,0.86233723
82.12,332.2674183687486,0.9041419
82.13,333.22675566071297,0.94169843
82.14,332.58301851926,0.92426777
82.15,330.81690203182626,0.9515785
82.16,328.32137638610766,0.87381816
82.17,323.7251612583178,0.8155443
82.18,318.0148046080239,0.7564596
82.19,311.79944958145677,0.80445987
82.2,304.47526634514503,0.78194773
82.21,297.26812624240677,0.86520463
82.22,294.44975671264757,0.92517763
82.23,296.53630293432946,0.8785834
82.24,301.8335026690288,0.8756469
82.25,307.0742587375616,0.8777157
82.26,311.53424675075496,0.8880568
82.27,317.0259577941693,0.8190387
82.28,323.898509678232,0.82475436
82.29,327.8981449340506,0.8990617
82.3,330.282764327222,0.94652116
82.31,331.53010110696135,0.9408242
82.32,332.6207550293407,0.8962118
82.33,333.3783892127564,0.8706525
82.34,334.37600400426794,0.7426856
82.35,331.4739918141569,0.64352524
82.36,322.6835256424028,0.7384406
82.37,317.88858130238543,0.84118783
82.38,315.67686198229245,0.8763083
82.39,314.7144008897751,0.82413745
82.4,317.07708806649583,0.7517373
82.41,328.93125866843707,0.5835176
82.42,334.94524417034194,0.6158174
82.43,335.48933157118586,0.6745534
82.44,336.66904210385013,0.49812236
82.45,338.87527781526956,0.47958264
82.46,342.08366079537024,0.29397196
82.47,347.85517004655674,0.27771264
82.48,351.44383747523943,0.36781606
82.49,356.5982753846423,0.4463434
82.5,363.8967010350379,0.4358596
82.51,366.082925505232,0.50572205
82.52,368.3055671708853,0.50963855
82.53,368.64594160553344,0.5055712
82.54,363.8899730256718,0.52871066
82.55,359.15369370130884,0.71780807
82.56,356.07684239789205,0.8381973
82.57,351.48395479338495,0.9225038
82.58,347.1811838393341,0.9346272
82.59,340.38740869950107,0.8059841
82.6,329.5399874616464,0.73150307
82.61,317.7829595292055,0.8743442
82.62,317.430561136664,0.8907322
82.63,327.38452403308935,0.6105063
82.64,344.5040833062576,0.6581762
82.65,355.0134237704152,0.8928821
82.66,361.6985041582115,0.717492
82.67,368.24710485783584,0.61945236
82.68,368.48380254303373,0.78337866
82.69,363.40913985652463,0.5601713
82.7,353.1391618419312,0.7920277
82.71,344.01931364546454,0.5891649
82.72,310.67953354624984,0.5771686
82.73,280.65483674779875,0.39710245
82.74,266.76892336607483,0.63404393
82.75,268.68126694348047,0.6187257
82.76,278.3599060417067,0.4778862
82.77,314.902946960441,0.4572894
82.78,341.4196024609259,0.592244
82.79,350.4167546433896,0.9089916
82.8,354.2141269951967,0.88420796
82.81,368.0773732511784,0.50831366
82.82,381.6036736678456,0.78109056
82.83,386.5374367313293,0.73644143
82.84,390.3684947011203,0.5926085
82.85,393.77301968052507,0.46705008
82.86,393.00195900687095,0.47030845
82.87,390.6658583258635,0.6875304
82.88,391.08377519718425,0.54098874
82.89,392.21169537654146,0.2838465
82.9,396.62483173533326,0.32505003
82.91,401.3790110417357,0.036510855
82.92,419.093892283051,0.04911562
82.93,430.5717402062401,0.12485057
82.94,436.191553815265,0.34956548
82.95,436.1831434927707,0.61045945
82.96,437.1320764951068,0.52346987
82.97,423.6936729862344,0.6612592
82.98,383.39195478635133,0.71734506
82.99,345.7070090984109,0.68125516
83.0,317.44718922519723,0.49386907
83.01,303.0893537392637,0.5142067
83.02,305.2262751383725,0.8245954
83.03,308.1934217178841,0.83612734
83.04,311.340243781325,0.89377755
83.05,313.5251513565549,0.90210444
83.06,315.2954559695928,0.91469467
83.07,318.33658001334084,0.8986272
83.08,320.29986926913944,0.9005711
83.09,322.18419509967356,0.9217337
83.1,321.87306949444496,0.90376115
83.11,320.7769037185006,0.8802888
83.12,317.0878595434306,0.84147114
83.13,313.00852419550773,0.9294905
83.14,309.56740596351153,0.89433295
83.15,305.6839033330561,0.8435949
83.16,302.35445291161574,0.792749
83.17,303.55166197943,0.7026237
83.18,308.76581316231017,0.6625677
83.19,313.87641581663075,0.769493
83.2,319.71296492143966,0.6299217
83.21,328.16895209405175,0.60469574
83.22,334.4938232948201,0.6768074
83.23,339.76877285186157,0.65025824
83.24,348.4566003731362,0.6532744
83.25,353.1435142408326,0.72492176
83.26,358.716088022637,0.58326507
83.27,369.3211229247926,0.45568523
83.28,381.28783573411596,0.7195554
83.29,383.6598383787114,0.77839047
83.3,385.33606303065187,0.5171693
83.31,387.60180685792534,0.3965294
83.32,385.2287361362618,0.4517517
83.33,377.2184896078518,0.5252895
83.34,369.20694084424963,0.6207144
83.35,360.6051816925679,0.4285421
83.36,351.26121277627016,0.665867
83.37,347.6392257455652,0.7559489
83.38,342.4646603237582,0.4192972
83.39,332.1335183009412,0.62219167
83.4,330.3165850866901,0.7565518
83.41,333.94383086601016,0.50675154
83.42,343.6504688711269,0.38104832
83.43,350.1558936809274,0.39770666
83.44,369.5002783561215,0.319964
83.45,372.7388312241318,0.64647484
83.46,372.2343449463523,0.6239728
83.47,369.6775808083765,0.5179371
83.48,359.53703552935116,0.61961126
83.49,354.07125785176413,0.7533074
83.5,348.5393521147725,0.61522716
83.51,321.64093358062144,0.38991812
83.52,298.32407465478207,0.73803055
83.53,297.8575935563334,0.8109904
83.54,301.90633436893273,0.7959976
83.55,310.4280834514258,0.6933414
83.56,324.4499955364193,0.572007
83.57,340.98497655501575,0.73645407
83.58,348.2921076865681,0.9007231
83.59,351.56460060428805,0.90060425
83.6,356.2085595200842,0.6388604
83.61,376.48764694841395,0.47591
83.62,390.8703604353986,0.592915
83.63,398.7503284570149,0.6118777
83.64,404.48232790110916,0.66530454
83.65,408.9737952323515,0.70012724
83.66,408.7887328192405,0.7330141
83.67,407.7383242788793,0.68817306
83.68,403.7825012413645,0.6070877
83.69,393.97396955611475,0.6303555
83.7,384.61350253064825,0.6153721
83.71,375.1870476435904,0.39487183
83.72,348.0977934668023,0.43854636
83.73,347.6105296925217,0.47050893
83.74,350.50929177359683,0.58283025
83.75,348.8649205171663,0.7433188
83.76,345.3864086566615,0.84603065
83.77,344.4844419158976,0.8504643
83.78,345.5470763127686,0.7719563
83.79,356.26428189565434,0.5516306
83.8,382.3478547651069,0.3394015
83.81,384.91479119705775,0.5105593
83.82,382.5591952844291,0.7311307
83.83,373.7644218470148,0.7851092
83.84,368.7395608139641,0.88127977
83.85,362.6817409310852,0.75904304
83.86,351.5085424977554,0.77840406
83.87,345.99951521802427,0.76072556
83.88,328.31640987527913,0.41911665
83.89,298.8065217387647,0.27867585
83.9,292.4078289367954,0.64374167
83.91,296.307558771992,0.74345094
83.92,303.47684853522895,0.8368878
83.93,307.0821671728502,0.734919
83.94,329.9034119023387,0.27668354
83.95,338.06484014447824,0.35828283
83.96,358.72054863465166,0.52187777
83.97,367.46550190425205,0.66038513
83.98,374.68338661135965,0.62410796
83.99,379.6219591424131,0.7550835
84.0,379.8628471044,0.7995524
84.01,377.8991269528479,0.7883304
84.02,372.07331017051433,0.77471286
84.03,360.983610801061,0.7347765
84.04,352.92052644143206,0.8799248
84.05,339.95763532082884,0.7296297
84.06,329.26781214311166,0.8242935
84.07,321.0499827704178,0.5213719
84.08,297.5012711945585,0.5066625
84.09,285.7576179174529,0.5388973
84.1,313.14653127670164,0.53447247
84.11,346.6281199834368,0.5255705
84.12,342.5996688509443,0.64289474
84.13,342.9391940813786,0.5725272
84.14,363.5293968617305,0.5615538
84.15,372.0293115483072,0.76498955
84.16,377.73068345118145,0.8092655
84.17,377.092312177534,0.9176841
84.18,374.2645046618711,0.85080326
84.19,365.5464258362323,0.6439006
84.2,353.6136166714896,0.6664892
84.21,344.89537766656986,0.4456887
84.22,305.8363380368203,0.2647024
84.23,294.07965423267603,0.3120323
84.24,261.32258889894894,0.5249479
84.25,262.8787048805389,0.59330046
84.26,288.63547258345756,0.22626731
84.27,316.19062829985074,0.16834748
84.28,350.46928199859383,0.2926829
84.29,377.5196407051611,0.40436298
84.3,388.4825656050241,0.6897835
84.31,397.66851328913003,0.8194238
84.32,403.37603947554294,0.85692436
84.33,404.4416266112147,0.8916537
84.34,401.18315407935904,0.91339135
84.35,396.74409188306896,0.89290696
84.36,393.38701646944287,0.864652
84.37,388.85256111151415,0.6874723
84.38,374.44918741806646,0.49880636
84.39,353.60746900361244,0.4228853
84.4,315.06487748169377,0.39239234
84.41,314.27679860709407,0.7626267
84.42,314.6325746181025,0.75177705
84.43,320.1142826799961,0.6348134
84.44,327.68207031306326,0.47823134
84.45,332.7003533002295,0.7511181
84.46,334.75698759446766,0.8744577
84.47,333.8795840296837,0.8750728
84.48,331.662955058895,0.79620034
84.49,328.3644096307528,0.74735016
84.5,327.1364282227828,0.743125
84.51,327.99885687397864,0.67912865
84.52,328.7789812679765,0.5575091
84.53,329.02131269535,0.4958093
84.54,325.0359698969312,0.80104035
84.55,323.0405288160788,0.8600138
84.56,323.22080010576906,0.86366767
84.57,323.6331872728817,0.88386977
84.58,324.1000369255322,0.9019612
84.59,328.3200796361131,0.78325385
84.6,333.61193842020276,0.48115596
84.61,348.72783448130156,0.21703987
84.62,359.94343493470916,0.46816507
84.63,378.2960116166246,0.40710798
84.64,386.9095927467488,0.20400599
84.65,384.77435744865727,0.51407546
84.66,379.55683883373865,0.5262273
84.67,365.47912575297664,0.33730298
84.68,346.0344599841815,0.75427777
84.69,335.6356454791879,0.73567843
84.7,325.439975411982,0.77161056
84.71,321.698765422698,0.88285726
84.72,317.86723390332224,0.9148913
84.73,317.2111557570673,0.9329566
84.74,321.82898724542156,0.8798697
84.75,329.48738363570527,0.9192715
84.76,336.06225327600504,0.8750346
84.77,346.93722945346025,0.82659465
84.78,367.02888531173255,0.5102019
84.79,380.43756684352894,0.8402451
84.8,384.66416872635943,0.8103584
84.81,386.7893896132227,0.5558253
84.82,383.2996301966446,0.51190794
84.83,376.3306986326398,0.52949876
84.84,366.07914485799876,0.5483006
84.85,354.95216172091057,0.6082284
84.86,347.1258196168701,0.7285126
84.87,338.61379762528975,0.662843
84.88,322.1735833294793,0.63561803
84.89,318.8973583252675,0.879912
84.9,325.38419361597937,0.68067867
84.91,336.67002574729895,0.87781286
84.92,341.53180330660064,0.86114913
84.93,353.30265027034125,0.6063367
84.94,363.7162382646794,0.5755945
84.95,373.89284224964507,0.38604105
84.96,389.09290684265545,0.53819054
84.97,392.1205724378376,0.24308926
84.98,388.1624923859744,0.31222874
84.99,381.42087596541927,0.3163525
85.0,371.3640603936033,0.31263193
85.01,352.12503589438853,0.28546047
85.02,343.83071649243,0.8292652
85.03,339.1140713943151,0.6282802
85.04,307.53682404211327,0.52783763
85.05,282.15012594607435,0.8062512
85.06,279.83085388106537,0.86227304
85.07,280.33515130144264,0.893475
85.08,284.26991749367755,0.93635666
85.09,286.54176826316484,0.95021725
85.1,287.0247080445268,0.9717416
85.11,288.1914458647283,0.96531117
85.12,292.00143196633906,0.9122115
85.13,298.67376058039684,0.9178565
85.14,304.444316003432,0.95704263
85.15,309.5038228289611,0.9483623
85.16,313.88285294118896,0.93335164
85.17,317.1270607022492,0.937218
85.18,320.7558525590332,0.8696923
85.19,330.53738466850126,0.8458186
85.2,333.0139232865407,0.89020544
85.21,333.20110598531994,0.8807287
85.22,332.7693230589607,0.87003493
85.23,330.7134034569484,0.9080181
85.24,322.7685145265684,0.82951885
85.25,315.0421003042327,0.89245313
85.26,307.23643191171857,0.8563243
85.27,295.1241188857519,0.6801086
85.28,286.1342965992718,0.92881507
85.29,283.69477763369173,0.97660553
85.3,283.24870490385496,0.94922596
85.31,285.58646386250297,0.9214344
85.32,289.89033085525926,0.88068736
85.33,296.9718778396424,0.89484096
85.34,303.6562084987728,0.82457274
85.35,312.93339305663994,0.60095173
85.36,337.3906565883782,0.8409892
85.37,339.88224795982995,0.79455256
85.38,339.68274118070326,0.6279073
85.39,338.2975218118594,0.6889296
85.4,336.4331027283196,0.7310499
85.41,335.26136980203665,0.8117209
85.42,332.8534201873465,0.5659392
85.43,323.6876068588264,0.73135775
85.44,320.71805961247003,0.83540547
85.45,318.04714894242323,0.73295766
85.46,303.60899490564185,0.5584526
85.47,292.72484259451875,0.6007147
85.48,280.4658018110252,0.87008
85.49,278.2505262797117,0.94076174
85.5,282.50496226537086,0.78668344
85.51,295.6852896985992,0.5584146
85.52,310.38054406482166,0.6085555
85.53,322.72982189096973,0.65473557
85.54,330.1850487373912,0.7186487
85.55,355.9734195743419,0.36211967
85.56,362.5652682398036,0.3996427
85.57,359.17531196330333,0.29000428
85.58,355.24262115492627,0.6124196
85.59,352.10170908333595,0.70985276
85.6,345.2480364748833,0.47748926
85.61,333.68696288651796,0.552682
85.62,326.8253686804495,0.29393274
85.63,312.6271091395855,0.43657824
85.64,295.53371007865326,0.61441183
85.65,296.21590510907515,0.70552623
85.66,300.06709657743676,0.69676864
85.67,305.82868433686843,0.78687245
85.68,311.2484239904062,0.8212107
85.69,318.1853655420851,0.8563462
85.7,327.92375945144136,0.68438894
85.71,339.96125776061126,0.34811616
85.72,347.6837589948516,0.40915304
85.73,350.34145228819125,0.4536262
85.74,350.251403341584,0.36153254
85.75,349.9674240521545,0.44078127
85.76,349.53638598034894,0.54610026
85.77,348.8542779717728,0.6770156
85.78,345.10425484743735,0.4504531
85.79,335.53072989322675,0.5543074
85.8,322.7088815821559,0.47920105
85.81,307.33824239017827,0.44878727
85.82,290.4334068903794,0.51952136
85.83,283.4090776543603,0.75518996
85.84,278.2588410261911,0.8748731
85.85,275.00769837461314,0.9206492
85.86,271.6056076484541,0.9265594
85.87,269.11730249043325,0.925616
85.88,269.84849646307634,0.7320772
85.89,275.3167296948241,0.37046593
85.9,304.0881320822143,0.49474907
85.91,306.29262679236126,0.6884158
85.92,310.6545001222152,0.46552646
85.93,328.6801217771208,0.3016997
85.94,332.9114363905727,0.31567746
85.95,361.5340587581419,0.48269933
85.96,372.0514828912527,0.76990515
85.97,377.6459682777846,0.85613066
85.98,379.3180503499449,0.855358
85.99,379.47981160194695,0.7777446
86.0,381.66729710423203,0.5327052
86.01,381.6729512771118,0.37667167
86.02,379.1229858664866,0.31549832
86.03,352.60530114593143,0.3618374
86.04,385.6372609839354,0.2763429
86.05,388.7139673158831,0.3686703
86.06,390.0840998324618,0.3275192
86.07,393.80887438720174,0.21175028
86.08,386.62080722393574,0.4490976
86.09,376.94013657338365,0.28484643
86.1,365.60629036153796,0.52793896
86.11,365.4496651912228,0.61373395
86.12,367.386813311339,0.6171481
86.13,373.79168387793084,0.2903787
86.14,383.10889176884416,0.4942313
86.15,385.03922311871963,0.5599916
86.16,390.27903729844746,0.43216327
86.17,395.5532785450044,0.26197603
86.18,395.0129858142004,0.34624648
86.19,392.3612602030514,0.40362144
86.2,388.51346800287905,0.42695993
86.21,389.33349057746136,0.28923738
86.22,387.9339341860006,0.21561582
86.23,383.33394139938747,0.27774683
86.24,378.9271678017808,0.41404393
86.25,374.8889946629539,0.53304154
86.26,372.8980062730203,0.51811266
86.27,372.57747363477614,0.53575134
86.28,375.1979404399068,0.4224619
86.29,380.7958632440204,0.37409416
86.3,397.070731049128,0.51119643
86.31,403.4764585637433,0.7001847
86.32,408.2849916853573,0.9084956
86.33,411.0327743745492,0.93398607
86.34,413.9883927760064,0.9273283
86.35,415.2752330994443,0.9018098
86.36,413.16832317643025,0.90226996
86.37,409.38925451292096,0.8416726
86.38,403.9414336228984,0.74455994
86.39,394.56150174771176,0.6999494
86.4,384.19642286784597,0.68894935
86.41,379.357532808277,0.8819643
86.42,379.0547388943593,0.7772453
86.43,372.150306905323,0.55749774
86.44,359.1776630527664,0.4664666
86.45,367.372571275293,0.4543319
86.46,383.50519235214443,0.49206084
86.47,397.164132627859,0.7183428
86.48,399.6389612359397,0.8575162
86.49,403.49218958227095,0.69327646
86.5,413.2562502088328,0.7857195
86.51,414.9362108969652,0.86301965
86.52,413.3778515589347,0.7217097
86.53,411.575399115819,0.53990483
86.54,401.3081531960788,0.29688016
86.55,394.93176668359524,0.22221704
86.56,374.29925072704174,0.30739334
86.57,364.8064344984502,0.3196069
86.58,351.06176875571566,0.5336566
86.59,343.34745291043765,0.33422127
86.6,342.51884332911084,0.49725947
86.61,344.7739668065872,0.55082697
86.62,345.2979441286684,0.67371887
86.63,346.36987176459263,0.79197425
86.64,346.9946532694582,0.77795154
86.65,348.0451562485495,0.6222559
86.66,350.72313320565286,0.55309045
86.67,357.5692214110672,0.535689
86.68,361.0412254141429,0.5187418
86.69,365.7871289628388,0.50853705
86.7,372.92449891381546,0.33808252
86.71,381.4258634653885,0.6749758
86.72,384.22468908978084,0.6533998
86.73,384.7984837838964,0.6949926
86.74,384.5074113679288,0.64924544
86.75,383.2736542165833,0.70492446
86.76,382.7748257766764,0.78389895
86.77,383.97688171992183,0.7920177
86.78,385.3035725869464,0.7400973
86.79,381.8624628340592,0.7937427
86.8,376.4744054828218,0.8368239
86.81,371.6917528665375,0.8928615
86.82,370.1410570067492,0.8311876
86.83,369.0691748714417,0.7776324
86.84,367.37703905160845,0.8525556
86.85,362.9008907335938,0.81534874
86.86,357.22964537813397,0.7394685
86.87,352.5466867989211,0.80177546
86.88,345.44111532608184,0.64588916
86.89,321.534143273414,0.3056796
86.9,293.02279997262156,0.24667066
86.91,264.42644607479144,0.32880637
86.92,246.23331843287332,0.4334835
86.93,238.23706519654985,0.6613171
86.94,231.49165981675125,0.55312616
86.95,222.80361840359313,0.36240944
86.96,210.5296156828388,0.15727188
86.97,238.2750907813965,0.15177348
86.98,248.3465696006867,0.12319914
86.99,277.73943102887796,0.47759888
87.0,312.83345830139774,0.5266783
87.01,335.34744206285217,0.42302588
87.02,317.7719826796115,0.49713245
87.03,306.3411647875146,0.45852718
87.04,291.93164396535775,0.5336383
87.05,288.2840034269105,0.47520867
87.06,275.33111553599167,0.56277597
87.07,273.00072217581067,0.36802828
87.08,250.71975019466677,0.30165642
87.09,245.0500256811736,0.14391471
87.1,235.38683670908128,0.26271784
87.11,219.91007057566694,0.34917843
87.12,205.43381007975424,0.29116923
87.13,191.41337339422552,0.3093455
87.14,181.9960917086507,0.14317116
87.15,173.43780705091902,0.15202251
87.16,167.38292905770575,0.18945266
87.17,157.9595257198515,0.22427869
87.18,146.48862459148313,0.0950923
87.19,137.14201059374693,0.097128816
87.2,127.89061357590852,0.029546507
87.21,120.03587249456346,0.20289893
87.22,109.9023340995368,0.18644167
87.23,102.3161379382276,0.10740587
87.24,96.80769002344908,0.12958764
87.25,88.82694760433947,0.099408
87.26,89.91989868255152,0.12005662
87.27,91.87583241178731,0.12436175
87.28,90.67578928796392,0.25581017
87.29,85.85049333347628,0.190224
87.3,83.13467641316544,0.24449585
87.31,82.92451867891806,0.09242241
87.32,87.63918956566414,0.24024545
87.33,87.97298991129354,0.16598707
87.34,88.48876734291785,0.14647546
87.35,88.28225241840315,0.107447304
87.36,87.1213386638158,0.068949915
87.37,87.93192556657515,0.28758568
87.38,88.31301342465363,0.4290788
87.39,87.83433289411326,0.36531484
87.4,87.30259936375928,0.21694449
87.41,87.5047515991683,0.06769868
87.42,88.89297874861684,0.0928455
87.43,88.57390611410105,0.041398764
87.44,88.3077924464154,0.038857237
87.45,89.91194372027132,0.06695576
87.46,90.28393082527118,0.10405307
87.47,90.16172220174258,0.3240376
87.48,90.18550326645602,0.17677996
87.49,91.73776479552191,0.09135566
87.5,94.43990428809772,0.08711455
87.51,93.90736917974218,0.14949907
87.52,93.49488918425675,0.35300037
87.53,94.60448596598926,0.09620143
87.54,95.96215425914602,0.08354473
87.55,95.11741478123614,0.107581645
87.56,97.31482374823875,0.09236184
87.57,97.54211956052829,0.2146015
87.58,106.69310626309394,0.17495784
87.59,121.19075591617144,0.06403293
87.6,130.9341210758854,0.26994592
87.61,129.68059798910602,0.3566667
87.62,129.7071056425388,0.4835225
87.63,130.64364392261385,0.6163046
87.64,132.62840539835278,0.5442587
87.65,134.63003973037408,0.46825257
87.66,135.7156229173621,0.6604541
87.67,136.32901566763334,0.65612733
87.68,136.60117819114544,0.49301204
87.69,148.8343299378933,0.4919721
87.7,167.2790798529973,0.5478487
87.71,190.72640451000274,0.33740413
87.72,204.1319406958158,0.21018912
87.73,227.1864872532533,0.18258363
87.74,245.29782433086297,0.18900125
87.75,271.74144870735415,0.6762923
87.76,285.249355903171,0.4663459
87.77,297.99662637937445,0.5565676
87.78,318.0119040481526,0.5687308
87.79,329.61588486083036,0.7207916
87.8,340.4287865186526,0.8616201
87.81,346.12425355658274,0.9538204
87.82,346.25868521594464,0.9280717
87.83,344.7311293379155,0.867081
87.84,345.4871035353586,0.9222702
87.85,344.36926138069134,0.90650254
87.86,340.4591311027068,0.86506367
87.87,334.8850501165813,0.86540323
87.88,329.2356718450386,0.881403
87.89,326.41041910897775,0.9514427
87.9,325.87841199465174,0.93731284
87.91,320.5944262249004,0.83055615
87.92,317.76695080268337,0.8025222
87.93,334.5930728752837,0.6377608
87.94,342.3107770119693,0.81361634
87.95,350.2594875556897,0.9268592
87.96,355.71846543672615,0.9116769
87.97,364.7542093607789,0.6795391
87.98,376.0135146583204,0.8422505
87.99,379.8431862884831,0.7791077
88.0,388.39364173343324,0.6435386
88.01,388.1305388592832,0.7997641
88.02,382.53842122778894,0.848744
88.03,379.68138710706165,0.8959943
88.04,377.168935870715,0.8865072
88.05,370.0201436872496,0.8908086
88.06,361.26594357528666,0.681681
88.07,346.96521008335264,0.7740017
88.08,333.17143924142624,0.51598704
88.09,323.2197732633649,0.7342084
88.1,322.52820251121733,0.7802092
88.11,332.0612420901591,0.30959347
88.12,366.2217857457848,0.26128352
88.13,380.1913300596083,0.54736227
88.14,381.9100512929124,0.6996435
88.15,392.3604663392618,0.7675088
88.16,395.28740449812244,0.8612113
88.17,393.66181335440615,0.8935018
88.18,391.0265034145184,0.8464191
88.19,385.8697250644815,0.793892
88.2,382.7940382312395,0.77422994
88.21,376.9069703502405,0.6074209
88.22,365.72489092930374,0.503913
88.23,355.18203730423784,0.8463458
88.24,351.01838580983747,0.8746972
88.25,348.3216314882601,0.78759456
88.26,344.78705389417007,0.6612702
88.27,342.29900944695237,0.5459155
88.28,345.2455565199787,0.61652285
88.29,349.35038893456453,0.6943601
88.3,354.2340813385792,0.71824515
88.31,360.12243605491403,0.57788414
88.32,370.62361686442944,0.53958136
88.33,377.5245589388344,0.65574557
88.34,381.92508932767976,0.76047105
88.35,383.84921563518526,0.72436875
88.36,382.85493547845783,0.7716633
88.37,380.259170894729,0.86604697
88.38,376.6412764886196,0.830028
88.39,371.0003113358388,0.6454109
88.4,358.74718646757464,0.48554513
88.41,353.7265639304046,0.42792916
88.42,353.9628534282065,0.49395838
88.43,361.5194267507626,0.40852913
88.44,373.17141588381014,0.27107093
88.45,381.97798690762806,0.20129506
88.46,387.0367308229891,0.29291397
88.47,390.0581336814386,0.5177726
88.48,395.18118334038047,0.68642074
88.49,401.801693265989,0.729946
88.5,403.89455830569193,0.8830749
88.51,404.72465963095084,0.9044496
88.52,403.7389179903299,0.9135261
88.53,400.8392991051993,0.84097195
88.54,393.80843565156914,0.8893254
88.55,390.06726319169024,0.845985
88.56,388.21097654464245,0.7842194
88.57,388.7612864446352,0.83350116
88.58,388.932347922344,0.9077242
88.59,385.7018037995934,0.903759
88.6,384.46337664794805,0.90913326
88.61,384.6855967692107,0.9020998
88.62,386.8420478506539,0.862218
88.63,390.13000326185363,0.88728434
88.64,395.0349122129998,0.9073932
88.65,398.2816637809785,0.94947827
88.66,400.9552254136104,0.9337292
88.67,402.4722023253682,0.95871615
88.68,403.7531116872612,0.95481896
88.69,405.4135513342564,0.9290529
88.7,407.20961300780465,0.93593967
88.71,408.243147379593,0.9150941
88.72,407.17670757035086,0.86416566
88.73,402.40952297545647,0.77675945
88.74,394.607990193316,0.83543557
88.75,391.0645874375478,0.83529764
88.76,388.42745173339375,0.66867477
88.77,385.0050438503208,0.445656
88.78,386.1978226355136,0.45507225
88.79,383.80144103705845,0.57070446
88.8,384.7349371321344,0.5597994
88.81,394.85784049637857,0.41678226
88.82,398.8810493385028,0.8422081
88.83,398.4038546046297,0.8951962
88.84,398.47885733258977,0.840163
88.85,398.9725825846824,0.85463446
88.86,397.7429857200437,0.89439017
88.87,393.4778512158045,0.9089952
88.88,387.773276747317,0.7816406
88.89,380.0475633739022,0.5695435
88.9,359.52746974977526,0.5518704
88.91,348.8244353866839,0.74372894
88.92,340.110881757781,0.7685231
88.93,335.7043300484881,0.74882114
88.94,340.57074906787415,0.5448409
88.95,349.5293938967187,0.85225755
88.96,355.5563415226193,0.8176074
88.97,368.7962095804608,0.639495
88.98,381.489917943074,0.79954
88.99,387.251861163029,0.82271147
89.0,390.71244073856695,0.8920727
89.01,392.2603872886559,0.9167547
89.02,390.7222246563048,0.8812052
89.03,384.4545142384624,0.77527744
89.04,368.2719041402859,0.69913477
89.05,359.92775453508733,0.8156084
89.06,356.2559850918392,0.6571376
89.07,324.9569186883355,0.30340648
89.08,287.96274840867505,0.33657333
89.09,265.75161969938557,0.24917518
89.1,245.9313549046877,0.35102832
89.11,228.60390366342273,0.41129324
89.12,227.36848301462362,0.3780389
89.13,225.42953975771013,0.26989192
89.14,234.31522276896274,0.20771696
89.15,262.4719441495072,0.15607394
89.16,280.9405434374063,0.3202235
89.17,288.05077456246005,0.20437847
89.18,289.8791685678605,0.27738824
89.19,261.7020607759947,0.3962882
89.2,238.1983464089887,0.45159405
89.21,237.68621703571375,0.40053403
89.22,232.7726210508702,0.2889224
89.23,221.00134109079474,0.61409634
89.24,218.4872232378626,0.64942575
89.25,218.20655262849886,0.5666418
89.26,220.02927235764858,0.3373476
89.27,247.99810132781954,0.17317493
89.28,280.96231575865875,0.22441432
89.29,322.18757870794764,0.25401756
89.3,323.4973566017195,0.45465085
89.31,327.82341018941725,0.3278421
89.32,335.2866973180273,0.3799326
89.33,330.3036179098555,0.30344626
89.34,320.3673654793255,0.10572359
89.35,309.3771632438925,0.19594134
89.36,304.6265056577611,0.23048088
89.37,306.8687559342054,0.44095528
89.38,283.21189546566364,0.2796951
89.39,311.97998019642023,0.52369875
89.4,318.53005304294885,0.6113041
89.41,327.32243165284643,0.63014734
89.42,351.40469380046443,0.54923207
89.43,396.65057290673536,0.74195254
89.44,401.41956090302006,0.8898059
89.45,406.8204538231246,0.9385036
89.46,411.32039782985004,0.9282498
89.47,414.84288009155557,0.8960858
89.48,419.69876473376615,0.8758538
89.49,421.85587426246184,0.8964985
89.5,419.0894647023456,0.8019831
89.51,409.98222129161013,0.7929293
89.52,402.03853655127836,0.8335503
89.53,396.5371976077412,0.7557968
89.54,390.128091117374,0.6492811
89.55,380.4061689307199,0.5714935
89.56,358.8128090362068,0.37028787
89.57,348.43186513625847,0.5643636
89.58,342.4913722117533,0.5191553
89.59,321.2789157301006,0.3401707
89.6,294.66604144465515,0.62822133
89.61,288.9561629858838,0.7836387
89.62,281.0839213489026,0.5891531
89.63,271.9883238176769,0.560099
89.64,253.9896966250904,0.6438582
89.65,246.70133224458783,0.7808356
89.66,245.0863694712295,0.771166
89.67,244.2182932093925,0.6827781
89.68,244.0567724687884,0.6493547
89.69,243.9983884739939,0.74862635
89.7,244.17861917242917,0.79276216
89.71,243.14916555702294,0.6269829
89.72,240.20289726470298,0.5950894
89.73,237.28651098801964,0.759935
89.74,235.99546878394432,0.7047886
89.75,235.4723039614218,0.7786585
89.76,235.80562734042005,0.7877587
89.77,236.08445562987757,0.81192446
89.78,235.22124837718053,0.76031494
89.79,233.74507663179887,0.82425493
89.8,232.43713078204115,0.8079766
89.81,231.6437844100028,0.8392728
89.82,230.7027315757827,0.83808583
89.83,230.75086412471683,0.8394127
89.84,230.8994543084485,0.8141161
89.85,231.47655301307117,0.85331154
89.86,231.6400622583093,0.80748886
89.87,236.0468442327561,0.71161133
89.88,243.2019514168954,0.6968042
89.89,242.56274810678295,0.81708705
89.9,238.65895453288806,0.7902072
89.91,231.3422635115905,0.6842205
89.92,227.2784638855544,0.8550614
89.93,226.40772603750213,0.9076687
89.94,225.95880920740765,0.9324799
89.95,225.70100729107847,0.9251054
89.96,225.15623222793045,0.9036572
89.97,225.2732973883659,0.87489754
89.98,227.8240446698028,0.58010715
89.99,234.4585171026318,0.59417576
90.0,238.62753883286592,0.6714941
90.01,240.90634287334734,0.7257808
90.02,243.17201314472953,0.63806826
90.03,244.60501785456532,0.47003618
90.04,245.81417643097225,0.49274817
90.05,246.69130055582414,0.6866303
90.06,247.9608643889767,0.66624457
90.07,250.37635664001127,0.72677463
90.08,252.48392673642113,0.73868954
90.09,254.96253302691167,0.8165676
90.1,257.6728026714825,0.7780495
90.11,261.2654698660247,0.7597463
90.12,266.0120134914897,0.7592941
90.13,271.8066261490663,0.62033975
90.14,274.93544791091676,0.7080886
90.15,274.3345558239165,0.8281617
90.16,271.8560750839104,0.86779875
90.17,267.66117374867997,0.9124501
90.18,261.53008811532277,0.8705661
90.19,255.5886943956331,0.72509116
90.2,246.60598285405484,0.422214
90.21,236.47755666015433,0.35985917
90.22,230.08241872641324,0.63424224
90.23,231.00432591114438,0.6424005
90.24,241.37979124984182,0.5371891
90.25,250.522802316045,0.5615501
90.26,262.29740613452145,0.44796658
90.27,269.8054714197984,0.5478839
90.28,276.50723246098175,0.60107476
90.29,281.66898154803016,0.66964924
90.3,286.4250594943944,0.8101527
90.31,288.6876610184659,0.53443545
90.32,286.3711520385526,0.5716311
90.33,270.8307601756141,0.77870303
90.34,266.2402318696976,0.88040113
90.35,260.90113989632187,0.5856186
90.36,249.063000147228,0.6785972
90.37,245.63490024819293,0.7135236
90.38,240.87253088119812,0.6973651
90.39,236.96561762849257,0.8880858
90.4,236.6506340010817,0.88613296
90.41,240.9074918078804,0.7892169
90.42,248.7802593629739,0.69234616
90.43,268.58018798422273,0.58563995
90.44,281.32144216722224,0.80052525
90.45,285.54241415465805,0.8766207
90.46,291.9184503894986,0.84985596
90.47,292.0829016413964,0.73741305
90.48,288.4426134876136,0.81286955
90.49,283.67512964115446,0.8576111
90.5,280.32421330221086,0.8741876
90.51,280.79828155367306,0.86041135
90.52,287.07581376276215,0.64284706
90.53,297.91614427549337,0.768562
90.54,304.55696131468784,0.5736983
90.55,328.5611550723671,0.45894426
90.56,336.87132035638183,0.7415423
90.57,337.62047500516445,0.84280217
90.58,334.5224474727229,0.7271619
90.59,327.3839082673327,0.5603777
90.6,322.58478351991437,0.61154675
90.61,321.4582993243561,0.6214193
90.62,319.8421172499362,0.66643524
90.63,318.35819376350076,0.6881997
90.64,319.22976922401733,0.77261084
90.65,320.93156767380015,0.7284618
90.66,317.98237957228366,0.6618929
90.67,315.23804019068626,0.7296079
90.68,310.7248406793143,0.82555264
90.69,308.5083097692839,0.9208677
90.7,306.5499642214916,0.9215413
90.71,305.5057584046492,0.90461177
90.72,307.77690652402305,0.8752465
90.73,312.07252763669584,0.85487485
90.74,315.9005337059756,0.83624387
90.75,320.2517416789837,0.72173506
90.76,320.98699818581844,0.21728894
90.77,318.9302495621244,0.225547
90.78,326.2274169967518,0.6247055
90.79,327.62044439141323,0.86937374
90.8,324.2847482794979,0.8658334
90.81,318.8090296597669,0.7415187
90.82,308.9804126512114,0.78655416
90.83,305.34778710622953,0.9197666
90.84,305.03228388018243,0.8890979
90.85,310.23000272257383,0.7421314
90.86,318.8869782036764,0.7754405
90.87,331.9374290010462,0.82970476
90.88,334.90887048346445,0.9013477
90.89,335.61119715178165,0.7952576
90.9,340.8472551566789,0.6281498
90.91,344.86767618455906,0.64788115
90.92,350.4813468982598,0.40494344
90.93,358.5505684019363,0.38225174
90.94,356.88411744648306,0.5984804
90.95,352.4705579694438,0.746973
90.96,349.85008963517686,0.7994707
90.97,347.3956996112863,0.5987196
90.98,343.5504769795218,0.38035268
90.99,390.38300269355716,0.5220311
91.0,396.02660754334414,0.5674571
91.01,393.3530343670044,0.7534812
91.02,377.77566419565267,0.5318167
91.03,371.74984047852485,0.6896154
91.04,368.941210288451,0.67253876
91.05,368.54293402591225,0.7296525
91.06,369.0068412968052,0.7589733
91.07,369.6498675276072,0.6587067
91.08,369.9289783616499,0.764341
91.09,370.2224034963417,0.7701595
91.1,370.6224873030951,0.70723504
91.11,372.08825833736404,0.45495665
91.12,374.8881960506333,0.34171438
91.13,375.01531753659066,0.57650954
91.14,377.5688642967963,0.7710841
91.15,382.0457759144966,0.9185372
91.16,384.2403889184651,0.9367053
91.17,385.0901298435206,0.9119916
91.18,384.4677315686431,0.74511135
91.19,380.5978136721003,0.33485305
91.2,380.3214435480479,0.29041204
91.21,382.576200341705,0.23387818
91.22,383.066163234924,0.19650711
91.23,379.66719391931855,0.1782479
91.24,377.32800982039566,0.21636666
91.25,374.8028411202738,0.523248
91.26,369.3655872477913,0.80507976
91.27,364.2301051994087,0.8539601
91.28,362.5288218244793,0.9290148
91.29,363.54724860962745,0.9249928
91.3,365.0893898209276,0.75071204
91.31,366.9985534949451,0.62976676
91.32,373.2414405400094,0.47118637
91.33,377.27840294703026,0.532383
91.34,379.56859516804167,0.43636134
91.35,382.26299378666516,0.16906193
91.36,384.0243391666871,0.15333474
91.37,368.88162447371735,0.13940021
91.38,359.6542475356872,0.18173623
91.39,362.28258396422297,0.17591138
91.4,364.1096355964939,0.28794914
91.41,365.81162341708426,0.49601367
91.42,362.73729237464175,0.5066938
91.43,376.4668745825403,0.1583266
91.44,371.2619694144686,0.34508947
91.45,379.7723479626534,0.2569652
91.46,387.73478263446395,0.274791
91.47,388.59904720930354,0.27997604
91.48,384.44268344386194,0.15671504
91.49,378.0105031130038,0.3653557
91.5,376.63868561868696,0.21368988
91.51,380.37500987585656,0.30441135
91.52,379.84366341540203,0.2960799
91.53,375.53715084963653,0.34606704
91.54,376.32073443231087,0.21289292
91.55,382.9923702859762,0.46516082
91.56,385.8499692256266,0.76521003
91.57,386.1134821068509,0.5086093
91.58,380.66382956351185,0.34045565
91.59,370.68509201249447,0.624568
91.6,367.25779754368915,0.70083535
91.61,366.9415072701885,0.537097
91.62,369.5661074395398,0.40051505
91.63,371.02567729879274,0.49341872
91.64,373.48535606214966,0.69032985
91.65,372.59060931915326,0.3880998
91.66,371.0538904981097,0.355595
91.67,368.0474748964481,0.5527635
91.68,363.9624658921907,0.5323286
91.69,361.11862580481943,0.17162417
91.7,355.7284762900445,0.17514575
91.71,376.75689692230685,0.28393647
91.72,383.95027009522573,0.33029807
91.73,384.60647148068114,0.3699805
91.74,371.9055327929206,0.3967829
91.75,365.71899084414304,0.5796705
91.76,365.44722543580815,0.7563575
91.77,367.04688471683505,0.63313866
91.78,366.80479015605965,0.4499317
91.79,367.4147963595841,0.38472414
91.8,367.1015568186036,0.11523946
91.81,363.68946816371755,0.11919123
91.82,363.7230475315115,0.16006242
91.83,370.5653616207645,0.40198883
91.84,382.8872975943173,0.5757391
91.85,380.8685688285096,0.26388666
91.86,388.0075473001133,0.1433054
91.87,396.7416895001578,0.15216333
91.88,398.762741272374,0.11912197
91.89,405.4327749920013,0.15508449
91.9,411.54781738788756,0.17460941
91.91,411.5571995433445,0.26347348
91.92,408.1258034453888,0.7041742
91.93,402.4335930556142,0.8496963
91.94,393.46472898742127,0.9111894
91.95,384.98387485783843,0.9336629
91.96,376.2956630377902,0.8990376
91.97,371.14864657090936,0.8344806
91.98,368.5849166112994,0.6820403
91.99,367.5893795143415,0.3401848
92.0,369.43699672650314,0.251442
92.01,371.3767391482377,0.4481285
92.02,386.0068663587463,0.35816407
92.03,389.29875838593284,0.35922945
92.04,392.68042341717546,0.16834198
92.05,354.4095530676682,0.0885725
92.06,361.02946382000346,0.10461435
92.07,362.442452983938,0.087111875
92.08,395.81752144842994,0.07851184
92.09,398.8034862198175,0.21262409
92.1,404.1403999793065,0.5596899
92.11,406.28748697128236,0.7417686
92.12,407.8303334858722,0.58774096
92.13,360.49046436744055,0.3195565
92.14,330.6170886310948,0.5059232
92.15,300.0354081898188,0.21341233
92.16,267.26804098025065,0.2733877
92.17,242.6037361417965,0.30284628
92.18,212.19165059452814,0.55407274
92.19,195.84395767173027,0.22246802
92.2,170.84860805388598,0.30422112
92.21,157.42505470059422,0.17128102
92.22,139.73057917455492,0.07474922
92.23,124.18014099013597,0.19184603
92.24,121.76357754874772,0.15643571
92.25,121.1493272572585,0.049958218
92.26,120.01461991023132,0.5033149
92.27,124.36174091695793,0.15468214
92.28,132.64654419086565,0.33095294
92.29,132.43062660627294,0.3086366
92.3,141.77343797107358,0.40669957
92.31,142.1669042978186,0.81238997
92.32,143.30327559475163,0.856759
92.33,144.7183786098169,0.7980668
92.34,148.10867765939417,0.6964913
92.35,152.9433579479475,0.4621724
92.36,156.0879868436118,0.15895581
92.37,177.04232117276706,0.087565854
92.38,204.7151637809418,0.18279631
92.39,229.20883363753995,0.20496698
92.4,255.97942302238675,0.5068982
92.41,283.54271441154685,0.15798324
92.42,288.50319300304386,0.68236977
92.43,296.34848400757744,0.8151405
92.44,302.4768220832285,0.6963378
92.45,313.7143126776034,0.32825875
92.46,351.46418797347974,0.2442095
92.47,382.3598842304326,0.5396454
92.48,384.32454141963194,0.7499829
92.49,385.7736213981769,0.7559395
92.5,388.4057546355948,0.7370797
92.51,384.7167801065166,0.289219
92.52,349.66664273289354,0.24823314
92.53,337.6988971597983,0.2442386
92.54,326.9424558155234,0.29185387
92.55,316.15297957295564,0.5272093
92.56,309.73995028379727,0.73473954
92.57,311.1592289801926,0.45746863
92.58,325.0331935488955,0.18361247
92.59,349.1600750277192,0.64814556
92.6,354.19427753801637,0.7228058
92.61,361.83365307182623,0.69540983
92.62,367.34624854729964,0.8276221
92.63,371.6541276854631,0.819366
92.64,375.88740536659805,0.8499694
92.65,381.17769524572213,0.8914652
92.66,383.7680154514553,0.91033816
92.67,384.7185650582654,0.91128945
92.68,385.48105631293816,0.90469986
92.69,384.19786854715835,0.8911294
92.7,382.5387480488252,0.84901494
92.71,379.69768712194343,0.8008062
92.72,374.77217935141425,0.71896946
92.73,365.88649045468117,0.51594925
92.74,355.4770795047672,0.63756496
92.75,348.00889431691144,0.60403913
92.76,346.06773964836464,0.57378054
92.77,350.1597650359032,0.48977455
92.78,355.6474619340087,0.66787964
92.79,365.29273392870977,0.7182025
92.8,371.1287283241123,0.82330954
92.81,379.97012944720666,0.47055444
92.82,392.6271453775019,0.57599723
92.83,399.4629980150621,0.8252645
92.84,401.19611802573183,0.88172245
92.85,400.7447687233113,0.8829194
92.86,399.0692891862856,0.8778692
92.87,396.03783553918566,0.7453385
92.88,392.34000006090025,0.60246557
92.89,380.9915322339599,0.2930802
92.9,367.4030246814559,0.3571176
92.91,369.54556870955975,0.5262769
92.92,370.625139825773,0.39284787
92.93,368.8706962591501,0.58814883
92.94,370.01195793209934,0.25186467
92.95,370.675129795817,0.37737858
92.96,372.8703738742943,0.4233517
92.97,375.4142813860736,0.37810686
92.98,375.1544898285305,0.5074548
92.99,362.08689010511733,0.33169165
93.0,397.9142907497937,0.66129076
93.01,404.4103780419792,0.9259471
93.02,406.5531366179978,0.93233865
93.03,406.67901836655676,0.93073153
93.04,407.18298773885044,0.9537851
93.05,406.03673162661767,0.95715445
93.06,405.03514062637686,0.90854883
93.07,401.0361239110366,0.82483757
93.08,390.72862323058496,0.7531198
93.09,382.28762234858374,0.82947314
93.1,374.5752999179258,0.74672186
93.11,369.9462225308814,0.59181577
93.12,369.6938088922458,0.51455146
93.13,371.41893265349546,0.65647507
93.14,372.34789338047574,0.62346613
93.15,372.0349655957683,0.40024835
93.16,378.06173014344506,0.43298304
93.17,387.5538435234407,0.679999
93.18,398.6823005415215,0.84212446
93.19,409.8162541250415,0.90625894
93.2,411.78129564141904,0.9510243
93.21,411.9573913455113,0.9513451
93.22,412.177488706393,0.9190743
93.23,411.1413785091828,0.8399815
93.24,410.43403955612644,0.7768698
93.25,414.0399003718778,0.7380468
93.26,418.47178297706336,0.83428955
93.27,419.87519494673217,0.8901638
93.28,418.76437480265173,0.90010756
93.29,416.2800935511356,0.86911845
93.3,411.1659259963622,0.81960994
93.31,401.89560784649933,0.70707273
93.32,394.62790253181936,0.65771544
93.33,382.415406871629,0.5859472
93.34,373.854492855414,0.7572584
93.35,370.8130092455721,0.6916281
93.36,373.3300786507532,0.4955808
93.37,378.71437800062483,0.34982327
93.38,340.4018473223237,0.20919622
93.39,372.50832544825016,0.1654405
93.4,401.53568970524526,0.11383066
93.41,393.0894817397677,0.09592158
93.42,393.3544558938876,0.41287094
93.43,401.9050449317996,0.6121594
93.44,400.32971872471074,0.67412657
93.45,395.3031015301852,0.578788
93.46,392.3319591371978,0.68662816
93.47,395.1371873454854,0.70956224
93.48,397.12730470845975,0.8011286
93.49,400.4409219946092,0.7202531
93.5,401.0559928556721,0.62002504
93.51,398.7128129224101,0.5893966
93.52,397.5910922295767,0.7104896
93.53,389.9969114944432,0.44768727
93.54,389.76776695026473,0.504406
93.55,399.4524431952997,0.5165183
93.56,404.5798680226601,0.6217086
93.57,403.13229704148455,0.60048425
93.58,404.82466899887555,0.6669425
93.59,404.38149774889735,0.6783096
93.6,405.48849118231993,0.7513588
93.61,405.07450778389796,0.6709338
93.62,401.2977782287571,0.50602156
93.63,402.58988063679874,0.6711638
93.64,402.01313918249724,0.6845826
93.65,397.4346691324946,0.61784303
93.66,388.74831569921633,0.58020544
93.67,393.02427089697795,0.48984024
93.68,392.7761521739791,0.6250034
93.69,392.49275181134453,0.7221791
93.7,394.2956575952275,0.8598025
93.71,393.9131576407487,0.87725204
93.72,392.9772049754454,0.8282181
93.73,392.0520463490968,0.69095045
93.74,392.8876396907834,0.6609922
93.75,390.3547507967015,0.5581934
93.76,379.61822229841084,0.48568097
93.77,376.05608681089024,0.5730037
93.78,373.5099866660635,0.48558787
93.79,375.76051347904894,0.6296645
93.8,372.241610775013,0.80282366
93.81,371.31551335258825,0.9157509
93.82,370.1169631557139,0.93854994
93.83,367.70380903575534,0.9249997
93.84,364.3784762153364,0.856402
93.85,359.7788676775788,0.84506136
93.86,354.1700583747173,0.9196084
93.87,350.99025574497637,0.94072485
93.88,349.35585566764735,0.9475376
93.89,348.2425509314473,0.9079152
93.9,347.7847318518962,0.9038188
93.91,347.36691393472904,0.88666254
93.92,347.48474945792105,0.870632
93.93,347.3847651614724,0.8887756
93.94,349.55750817438746,0.9338949
93.95,350.8899133784624,0.9421857
93.96,351.80829709769887,0.93427557
93.97,351.6369577892207,0.94465744
93.98,351.7317353900467,0.950079
93.99,352.01633803294186,0.9341508
94.0,351.5687585906654,0.92794806
94.01,348.9072464447102,0.86641717
94.02,347.8324810022882,0.76331955
94.03,349.81715530363874,0.72021633
94.04,348.5224024144326,0.77821636
94.05,348.41796546386115,0.8376718
94.06,349.81182905869275,0.917632
94.07,352.304141991402,0.9154037
94.08,353.7391579341694,0.9295804
94.09,354.20865159090596,0.9076561
94.1,355.4631342722959,0.8864317
94.11,359.3677627106317,0.69472367
94.12,368.6134921396051,0.5728098
94.13,376.423080537719,0.6897218
94.14,383.87674731407594,0.77830786
94.15,387.84759305359586,0.89272314
94.16,389.9560465326223,0.89402187
94.17,393.3593613591915,0.9004944
94.18,395.5046221394309,0.9012903
94.19,397.75385383095596,0.91629905
94.2,400.08458429049074,0.85362875
94.21,398.19046334481766,0.6526956
94.22,393.14934129744813,0.6483397
94.23,394.79922496286605,0.77175295
94.24,397.5419204970444,0.8859929
94.25,396.4169736177376,0.91286534
94.26,393.9282126125571,0.9178425
94.27,391.7800981093853,0.90052277
94.28,390.6397367395293,0.9253579
94.29,391.2210178185773,0.878559
94.3,394.6402272452017,0.7977684
94.31,398.6247459986162,0.79857135
94.32,400.2675002306271,0.8357014
94.33,399.29535038041394,0.84943646
94.34,397.06145115738315,0.927015
94.35,394.9516127797119,0.92530775
94.36,393.91638337844074,0.9451202
94.37,391.871451154147,0.8924559
94.38,387.04128886356057,0.883961
94.39,384.2338263879665,0.95210814
94.4,384.83402370109775,0.95531625
94.41,386.6859416967202,0.92471147
94.42,387.7160603229379,0.9433393
94.43,386.7843339012878,0.93003905
94.44,387.01191424771827,0.91935444
94.45,391.8886033936117,0.88616127
94.46,401.94383108195143,0.85561347
94.47,407.22002961819754,0.92553747
94.48,408.8309133536483,0.8623601
94.49,410.93032156628504,0.852682
94.5,412.36163707918274,0.9102547
94.51,411.5609618803952,0.87738246
94.52,406.2865888478318,0.6985832
94.53,398.6838958768047,0.84876347
94.54,394.72167201939124,0.9374305
94.55,393.4668666066708,0.9593679
94.56,392.5369354290616,0.9392073
94.57,392.3983348629056,0.89387333
94.58,393.4265590456431,0.82482636
94.59,393.5997645604838,0.6888688
94.6,396.46330122723725,0.4816459
94.61,414.2258303762552,0.25848502
94.62,408.4852384270459,0.4702503
94.63,399.31438500980045,0.5415843
94.64,395.7368953101482,0.74554
94.65,395.5675478849802,0.7380487
94.66,396.84766418662616,0.75580525
94.67,393.9918609309681,0.79235363
94.68,393.32629065439556,0.83869934
94.69,393.0855716782191,0.87852514
94.7,392.2483002061272,0.860818
94.71,392.84007090990553,0.90279484
94.72,393.5646060402914,0.8881091
94.73,393.8985303732296,0.7933165
94.74,395.21512581654525,0.7660282
94.75,395.96516795081305,0.80449903
94.76,397.15691339374274,0.84561354
94.77,398.66402624462603,0.86689067
94.78,398.6776654249344,0.87793946
94.79,397.9885966672507,0.893385
94.8,397.75102248244286,0.8548122
94.81,398.7091495478162,0.78735435
94.82,399.1263913456825,0.7237249
94.83,397.7432789065833,0.28136328
94.84,355.6071770570525,0.42859828
94.85,318.6241634279582,0.56574374
94.86,314.4859922965119,0.70002484
94.87,316.48004248534414,0.7943392
94.88,318.04492665686104,0.7778746
94.89,321.4560352469548,0.7980282
94.9,325.8513977168229,0.898508
94.91,329.33450508433,0.9311245
94.92,330.7890285989177,0.9452168
94.93,330.85933982191244,0.8917789
94.94,328.1053243248462,0.60216606
94.95,318.0791546511502,0.5970717
94.96,312.038903159997,0.83140606
94.97,309.25331570629845,0.9009017
94.98,307.95696050015533,0.8946925
94.99,304.0201791706803,0.81400347
95.0,296.8933507313677,0.7700884
95.01,291.46011766010207,0.82369596
95.02,283.94468862743645,0.5437855
95.03,271.03414514513827,0.69255155
95.04,264.03454773593404,0.78112185
95.05,258.4415032249565,0.72440195
95.06,250.12592409638455,0.4619536
95.07,237.18532888246273,0.4035547
95.08,220.68193330322444,0.25591546
95.09,201.26603804092684,0.42864633
95.1,189.33276298757093,0.40141898
95.11,181.24460136543448,0.67114127
95.12,177.73464397584996,0.85238826
95.13,177.46331783941275,0.6807726
95.14,191.71538491174147,0.17091733
95.15,204.10878636192368,0.36562592
95.16,223.1351643893953,0.65477467
95.17,239.85447933522806,0.8814854
95.18,256.3362156208942,0.75783587
95.19,285.85527679160543,0.55470866
95.2,295.9418066285358,0.5454705
95.21,297.68289419537945,0.42867565
95.22,303.255035156759,0.24075761
95.23,317.587226805224,0.15650265
95.24,354.36479080951807,0.15415671
95.25,353.60646219533226,0.22368756
95.26,346.0924739381312,0.3203828
95.27,344.18251704185593,0.1856903
95.28,342.2708407678666,0.31225878
95.29,338.9121774915017,0.43918273
95.3,338.47577544905533,0.49074277
95.31,337.89716573040744,0.28902468
95.32,304.4868507556206,0.6705913
95.33,271.0024643305876,0.7955339
95.34,238.79333468708683,0.6962521
95.35,218.49431658085223,0.41303325
95.36,221.36281404390058,0.31079754
95.37,221.77677961864262,0.26733217
95.38,233.79368964844468,0.25708815
95.39,236.44392771479386,0.25149193
95.4,260.06916724632254,0.17322513
95.41,260.5844996572645,0.16028962
95.42,261.3280853629147,0.099318095
95.43,259.46418990700755,0.25507936
95.44,255.9009212224997,0.15340261
95.45,246.3845061710717,0.13279852
95.46,237.23421845372516,0.099287316
95.47,232.55717517227544,0.08843312
95.48,230.796658080946,0.057404187
95.49,233.15976979622175,0.059292354
95.5,236.45035891781976,0.05217293
95.51,242.17726599883633,0.09264318
95.52,253.12413017761955,0.11166407
95.53,262.5314073742684,0.10347511
95.54,271.07063144999063,0.13772108
95.55,280.61971236574306,0.06798554
95.56,286.96251590185705,0.15362152
95.57,256.4978844268342,0.5683165
95.58,257.2020387029622,0.7913808
95.59,263.19580045038714,0.77176696
95.6,275.3289897642867,0.39355177
95.61,245.5116867196981,0.2786718
95.62,218.43991204786235,0.31334168
95.63,231.49098552698172,0.20936711
95.64,220.88296660765673,0.18875673
95.65,226.95044199892325,0.12858047
95.66,217.70221528873992,0.31927827
95.67,202.03167589509428,0.43671414
95.68,187.77903388372772,0.24590787
95.69,181.16170403058828,0.25077286
95.7,191.07684994514597,0.30103347
95.71,210.67617956996233,0.5014857
95.72,218.4528435712461,0.8175886
95.73,220.8553529810575,0.9437326
95.74,220.24718363041725,0.8766835
95.75,216.73375014660087,0.66503537
95.76,209.58380687038198,0.6005129
95.77,204.092236336167,0.3829667
95.78,185.66488504031219,0.58005035
95.79,181.8792265151029,0.63630223
95.8,175.3785087309639,0.39304307
95.81,180.60921959804853,0.4464672
95.82,184.27870605458676,0.1392271
95.83,192.3814528473393,0.15704837
95.84,202.4373031751174,0.09387153
95.85,209.53449324827884,0.10066296
95.86,209.00614593929697,0.4296107
95.87,207.41067236035155,0.5606485
95.88,210.0286367530515,0.5697506
95.89,220.6843372413129,0.41215318
95.9,229.98854483788432,0.18725044
95.91,242.3715633197379,0.31901786
95.92,237.83109678261025,0.27364385
95.93,223.99336567193313,0.42522743
95.94,206.4870158168961,0.79415715
95.95,194.16455256824707,0.7791886
95.96,186.25544422090923,0.22527395
95.97,201.0594813408424,0.29670936
95.98,206.81665768965888,0.5000924
95.99,209.06429372432785,0.60994864
96.0,211.30464806711836,0.6216615
96.01,216.8463058563662,0.7312743
96.02,218.49893054746502,0.87162536
96.03,217.3008635813551,0.85322595
96.04,214.5013868694552,0.71367687
96.05,208.71636220468017,0.72105545
96.06,204.82033131094045,0.64313006
96.07,197.50577848734608,0.4874607
96.08,186.7200851198444,0.49553895
96.09,173.83466026869868,0.35477975
96.1,168.29338157749964,0.7324024
96.11,166.17306803406282,0.89607453
96.12,165.6651049695136,0.9186649
96.13,166.504526700039,0.81520057
96.14,168.8410564144147,0.50520474
96.15,175.67771755744846,0.40779158
96.16,199.2350758288669,0.49779487
96.17,215.80537202353452,0.688683
96.18,219.694263040099,0.88126
96.19,220.3542326261279,0.90019107
96.2,218.98428741902111,0.6436811
96.21,209.672179943377,0.587954
96.22,206.02506598860197,0.5868493
96.23,199.87722285453404,0.54452163
96.24,194.88604415671674,0.6694838
96.25,189.40784707530983,0.51823723
96.26,185.57738503273484,0.6670517
96.27,183.765568584251,0.5273417
96.28,180.53184931135988,0.13580607
96.29,187.92204982147604,0.12590319
96.3,195.65238367558348,0.12107222
96.31,205.99468239245894,0.12748596
96.32,210.52596682765073,0.077193394
96.33,213.6471994806725,0.054780707
96.34,209.8846229105536,0.0798868
96.35,207.31038841074115,0.25309005
96.36,204.1394290661087,0.16320121
96.37,202.7342987866878,0.18779175
96.38,198.4131806567283,0.25663343
96.39,196.32667208475797,0.09791799
96.4,191.73236808963202,0.39895484
96.41,194.19327059845472,0.4518356
96.42,198.24432811444638,0.5379711
96.43,199.3039767017288,0.6724369
96.44,201.89658236036456,0.831728
96.45,204.4685027126106,0.89752805
96.46,207.13594891563733,0.83311564
96.47,214.09380828715138,0.5917495
96.48,224.7743546096658,0.8033546
96.49,228.15688860656718,0.87792814
96.5,229.3489766592273,0.9058534
96.51,229.40118890741573,0.9111843
96.52,230.1957432164576,0.87684566
96.53,231.51413472449252,0.9095001
96.54,232.67186858257688,0.90636694
96.55,232.99349976119203,0.921694
96.56,233.26933632178986,0.9394798
96.57,234.18690956264254,0.94394904
96.58,235.17362802898205,0.9169045
96.59,234.87073501798608,0.9285235
96.6,234.32296516851727,0.9399934
96.61,233.71352889270247,0.9450282
96.62,234.3055291678999,0.9415693
96.63,236.62462598993653,0.8910127
96.64,240.90475803573142,0.8772067
96.65,245.06105916443263,0.924379
96.66,247.57914977454308,0.94875276
96.67,249.73252346730214,0.93107575
96.68,251.31066640393212,0.9348444
96.69,252.79512932766696,0.9381396
96.7,253.54754393671544,0.9522344
96.71,254.0307945653748,0.9479252
96.72,254.11252876125286,0.9461941
96.73,253.51276584325495,0.94987935
96.74,252.06561603677713,0.9104694
96.75,250.31459542028324,0.94366735
96.76,248.8892596205285,0.9222572
96.77,247.71650339289937,0.9431181
96.78,246.58503980492435,0.9094201
96.79,245.3842730562177,0.9435627
96.8,244.55639532674823,0.9474268
96.81,244.62453849953621,0.95210296
96.82,244.91239186107205,0.95464206
96.83,245.15824326697808,0.9483457
96.84,245.4488315325313,0.94314784
96.85,245.66189829890783,0.94329953
96.86,246.0504499689597,0.9375469
96.87,246.11646743885885,0.9376021
96.88,245.68120034063537,0.93963265
96.89,245.60276793286963,0.9214215
96.9,246.96821499238652,0.8938479
96.91,250.48295504443755,0.86969775
96.92,255.03647021678827,0.89355695
96.93,257.47442380819643,0.9133296
96.94,258.9121406199884,0.9341959
96.95,259.51613255250726,0.93736386
96.96,258.9392245413289,0.93845856
96.97,257.5467903047073,0.909767
96.98,255.22401274013592,0.8849886
96.99,253.0423545992454,0.88190323
97.0,251.98285090748237,0.87692153
97.01,250.69542365562168,0.9143627
97.02,249.35113606450702,0.8762145
97.03,246.65306243084035,0.86646026
97.04,245.55824261561696,0.9241397
97.05,246.15109409143417,0.87770575
97.06,248.7344198172308,0.87190783
97.07,250.19181038801096,0.9124481
97.08,249.4366005564874,0.8492518
97.09,250.7145830759023,0.83960193
97.1,253.03925442810674,0.834976
97.11,253.85189554177384,0.88406557
97.12,255.48439713683507,0.805848
97.13,260.14224577257147,0.8313363
97.14,262.31840480335075,0.91877943
97.15,260.4733146454207,0.8779209
97.16,256.55996468900094,0.8532118
97.17,253.86991769079594,0.8869357
97.18,252.56870700507423,0.8622814
97.19,249.02590839473558,0.7433436
97.2,239.62292442423592,0.7033136
97.21,234.19418038517568,0.67768455
97.22,226.7388568295527,0.4720056
97.23,222.50291905731189,0.22436354
97.24,224.0893389123542,0.29093987
97.25,225.30573008701427,0.24637285
97.26,225.7993494587163,0.40051514
97.27,227.9393636601124,0.23678246
97.28,227.6082392697255,0.09033902
97.29,225.98843163241798,0.1711803
97.3,249.42539020369335,0.20456947
97.31,250.1933697521461,0.21081418
97.32,252.15554670811713,0.3422345
97.33,253.27289516953573,0.22013344
97.34,250.67881525091974,0.28444642
97.35,249.70747538474302,0.6550584
97.36,250.33934823842176,0.8159385
97.37,250.7218795842009,0.81616515
97.38,249.07791123235228,0.6968072
97.39,246.95977561324412,0.5634629
97.4,247.08766685417402,0.5538546
97.41,248.52445374739114,0.6565697
97.42,249.04796727735473,0.7114364
97.43,250.27108909395173,0.5979852
97.44,255.07058301240417,0.77615947
97.45,255.77317102090146,0.7735043
97.46,253.89826364232405,0.8489053
97.47,252.11817979587255,0.831306
97.48,249.85688919517764,0.86717886
97.49,248.53245999435583,0.77614474
97.5,244.5372289984437,0.72595215
97.51,243.165809222632,0.6484426
97.52,241.20658848514566,0.2866064
97.53,241.1119184347271,0.41040286
97.54,246.11113818230382,0.15600789
97.55,246.51643002788447,0.095202066
97.56,246.28048872219188,0.15103655
97.57,245.93419653723794,0.15087986
97.58,247.24154865815873,0.17054361
97.59,249.60172842130075,0.18018831
97.6,249.79370741474585,0.109936915
97.61,248.91486783992974,0.1779465
97.62,248.49677265781696,0.1280014
97.63,252.351972640915,0.026645087
97.64,251.4352191551672,0.110739976
97.65,250.83576406236747,0.5757935
97.66,249.4712093359401,0.77255946
97.67,248.25559611861306,0.7319791
97.68,246.9551729865023,0.639508
97.69,249.74177332627414,0.62600833
97.7,250.89371790072033,0.64195967
97.71,252.215989937265,0.6967995
97.72,250.9573998936271,0.8448291
97.73,251.79361325037058,0.854575
97.74,252.38019583666883,0.841297
97.75,253.51446935344413,0.75977635
97.76,252.36460477548857,0.71926296
97.77,250.01857111632086,0.3837024
97.78,248.64959743197159,0.32163084
97.79,249.1907001589129,0.23875423
97.8,240.12431886150043,0.21323042
97.81,248.98255372442821,0.27093595
97.82,249.52644798941407,0.33485147
97.83,244.83610919635584,0.14636959
97.84,247.79634556192363,0.09816063
97.85,251.80557125330728,0.4990235
97.86,252.6511625056359,0.5276255
97.87,252.9861177457585,0.4377195
97.88,251.03918232499376,0.10140879
97.89,248.27585427294707,0.205214
97.9,250.5497375326484,0.3681119
97.91,250.40318356475774,0.04446635
97.92,252.2087309919959,0.029624945
97.93,255.24348413573452,0.043001574
97.94,256.96796802922825,0.21722506
97.95,251.4110679046743,0.2076633
97.96,244.68137148061697,0.20952994
97.97,245.0509643500949,0.17769009
97.98,262.2601064106525,0.26490548
97.99,297.57077813069236,0.15647651
98.0,323.44581225322054,0.61340433
98.01,325.7597235030087,0.7936162
98.02,328.33735517127997,0.8189022
98.03,327.6165990384623,0.91101253
98.04,327.7979567881463,0.8770692
98.05,328.88238947439083,0.80139905
98.06,329.39681091810854,0.90814257
98.07,330.8909201408267,0.8489461
98.08,334.51064867846185,0.5455691
98.09,336.4774735708222,0.5287961
98.1,331.4192750745185,0.5182146
98.11,331.4594136804598,0.67153305
98.12,332.03426304223734,0.49933177
98.13,313.22379480284155,0.16501509
98.14,283.4862992595094,0.3122224
98.15,260.7465230389715,0.15800652
98.16,246.8477201083897,0.27280238
98.17,242.78155130504527,0.24396832
98.18,248.62822104466872,0.25780934
98.19,253.4263805803766,0.08089985
98.2,253.71409226417938,0.16217788
98.21,251.63053132543862,0.45027032
98.22,253.6949281630769,0.2732629
98.23,253.16007631373577,0.34991717
98.24,251.4764183877513,0.41703156
98.25,251.38402234306295,0.23267534
98.26,251.2602514635191,0.09187584
98.27,251.28949581084362,0.066394866
98.28,252.83729876219923,0.20356213
98.29,254.7622950259497,0.18985721
98.3,254.73259541560242,0.35230824
98.31,251.7961464671177,0.26759574
98.32,249.32513701953678,0.0794995
98.33,247.5882582816705,0.06707847
98.34,242.04782044973032,0.084681734
98.35,235.33416485329823,0.1857905
98.36,230.3811579951562,0.09822915
98.37,226.4615173334139,0.13256045
98.38,218.91173480803553,0.17872494
98.39,208.43339748553484,0.20576769
98.4,202.04484455296367,0.21219625
98.41,208.3812818319824,0.5607451
98.42,208.79522014667685,0.7655281
98.43,210.1425051192446,0.7361321
98.44,214.89271274108148,0.4946189
98.45,234.1637220831854,0.53854495
98.46,240.3139319779513,0.8553113
98.47,243.84409104285038,0.9183177
98.48,246.0842405768867,0.92095155
98.49,248.8530924801435,0.9014259
98.5,252.6194309231982,0.92196256
98.51,255.7756867748165,0.9369001
98.52,258.51734173090205,0.92782074
98.53,262.1331376959341,0.8532531
98.54,265.9169421659125,0.82717997
98.55,267.9653826507306,0.7267703
98.56,269.067345867169,0.87270284
98.57,268.03820807103386,0.82105523
98.58,265.74628756390604,0.6938652
98.59,263.41826327151114,0.6870765
98.6,262.4991898874371,0.8231794
98.61,263.21799640057213,0.80381906
98.62,266.2128010117458,0.8415766
98.63,269.12837019246484,0.894779
98.64,271.4573190555139,0.94935167
98.65,273.2736611216093,0.9474358
98.66,273.8092799526374,0.9544254
98.67,274.0002533443753,0.95394444
98.68,273.5527716070037,0.9301928
98.69,272.62369702958415,0.9437412
98.7,271.7742553988132,0.93714887
98.71,271.6230531180398,0.8814308
98.72,276.18894583929386,0.5480731
98.73,303.49196842168914,0.5142565
98.74,308.4918532898498,0.6465556
98.75,313.4375297829564,0.84502894
98.76,317.35046777497723,0.8668816
98.77,321.5252393371262,0.8255961
98.78,325.32789700584004,0.8671868
98.79,327.38143406321194,0.91471153
98.8,327.06038515310456,0.9274672
98.81,325.69588244304293,0.9059956
98.82,321.1187739939987,0.7375102
98.83,312.64188169762076,0.60688543
98.84,299.0100096778433,0.5530137
98.85,293.2962546831087,0.5222388
98.86,276.50274285775913,0.71171635
98.87,273.3320417540818,0.9230549
98.88,272.8648610979888,0.9528532
98.89,272.6906440171428,0.96071994
98.9,272.81247883520183,0.9467648
98.91,275.02137330624055,0.92996097
98.92,278.4083121632863,0.88566643
98.93,282.8157714863035,0.8807038
98.94,284.32953776172167,0.93812585
98.95,282.6289688800957,0.83509517
98.96,277.93333005992054,0.8260229
98.97,274.78654921044733,0.8604027
98.98,272.1090267997869,0.89153266
98.99,272.1187750260463,0.82967037
99.0,274.1172190849973,0.70054424
99.01,276.97381079123653,0.37660602
99.02,289.09995612475916,0.25486103
99.03,295.82956499448136,0.17901775
99.04,340.57326013896983,0.12855212
99.05,384.8860102189704,0.38305193
99.06,420.7325513714261,0.5612029
99.07,424.98252310936635,0.7164971
99.08,433.85851498370835,0.79506
99.09,439.70303038507996,0.9046112
99.1,442.9975255983934,0.90818316
99.11,443.86896597007024,0.9027918
99.12,442.4246894767882,0.9236232
99.13,439.03745943582624,0.85211504
99.14,432.16823350517336,0.6983976
99.15,422.0596763798893,0.6493449
99.16,409.7054673522732,0.5399361
99.17,388.18501836604844,0.44249365
99.18,370.9273267347088,0.3459315
99.19,358.567348200344,0.6113859
99.2,357.2877130504488,0.48966205
99.21,355.909121723735,0.279826
99.22,369.6282535692142,0.37122786
99.23,397.730498188243,0.60303766
99.24,409.1159728683132,0.3262872
99.25,426.46017178931925,0.41886058
99.26,433.21145176737383,0.73236567
99.27,435.8642309782018,0.8760802
99.28,436.7584794904502,0.85828555
99.29,435.4474521746244,0.8464998
99.3,430.35801330483247,0.82561076
99.31,422.46319182278654,0.6636396
99.32,413.6949799262509,0.6973603
99.33,402.4854992109527,0.5913138
99.34,392.92821904500795,0.47103903
99.35,370.95122328473684,0.28695878
99.36,350.5966282373342,0.6309914
99.37,341.72923653652765,0.74823475
99.38,341.54213444166146,0.7677043
99.39,347.3910485906375,0.76443595
99.4,352.58799279011623,0.7180378
99.41,385.50768009723635,0.33696997
99.42,392.9028453297604,0.505695
99.43,405.6546706977725,0.4271709
99.44,420.777545198393,0.5715598
99.45,424.84012185757337,0.69104433
99.46,426.5922560122578,0.6496048
99.47,429.12589456362673,0.7142869
99.48,427.67431307004483,0.6985245
99.49,425.7890095704504,0.46525484
99.5,412.39246832949135,0.32240796
99.51,401.00781480137465,0.5246232
99.52,395.00556613710876,0.7680249
99.53,389.0521667740394,0.70053005
99.54,378.436690024802,0.63447106
99.55,370.9374285032862,0.7139081
99.56,368.3111654908263,0.69255656
99.57,369.35780562809975,0.61746323
99.58,376.3901016248121,0.3423309
99.59,382.4650507034474,0.47380608
99.6,387.47214190341515,0.5472395
99.61,395.90748487464873,0.39661315
99.62,402.63260495639776,0.27510074
99.63,429.6507597340544,0.36403364
99.64,431.2607422108752,0.78093195
99.65,432.01149780428574,0.79344016
99.66,428.2387895834108,0.62089014
99.67,420.89488840650284,0.4495306
99.68,410.4097658421398,0.40872365
99.69,393.2592545178605,0.41892555
99.7,384.4651505050432,0.70346856
99.71,386.53976741687103,0.61332947
99.72,395.36321810386,0.43620297
99.73,420.51575081858607,0.4115048
99.74,435.8414798063189,0.54634696
99.75,449.9500413067034,0.6741028
99.76,470.2457510395067,0.62323165
99.77,487.8564735685282,0.7230147
99.78,495.4408061414384,0.9227146
99.79,501.960427431079,0.92260045
99.8,505.3733080798861,0.9259298
99.81,505.5576696781359,0.9173654
99.82,505.38084578406256,0.9105204
99.83,505.83324597193223,0.9162862
99.84,506.7311529663615,0.9229246
99.85,506.4807202928956,0.9213079
99.86,504.7858650639699,0.8931872
99.87,502.76502957300136,0.9251707
99.88,501.58135416859517,0.9314974
99.89,501.31627640539443,0.9314873
99.9,501.9613439515245,0.93193656
99.91,504.1177715081937,0.90860397
99.92,507.1329431373896,0.91662514
99.93,510.4904024873244,0.8987654
99.94,514.3438157678178,0.9144877
99.95,518.7986780924347,0.9406184
99.96,522.2950987385035,0.92354244
99.97,523.8891027602285,0.95035255
99.98,522.7684998215359,0.9250175
99.99,518.6316418161792,0.89515984
100.0,512.1530620267995,0.8036788
100.01,507.60963746481514,0.82842857
100.02,505.1097513886542,0.8284909
100.03,507.8859837501733,0.84471184
100.04,508.7568710249064,0.7959948
100.05,502.22352071236975,0.6636579
100.06,448.1684659371933,0.5201122
100.07,444.23771841974116,0.8378262
100.08,445.0234122541483,0.8989061
100.09,449.76129430730685,0.78574777
100.1,467.8627407912942,0.6075433
100.11,488.0053323499936,0.6636681
100.12,497.5101825918969,0.7613243
100.13,510.3675056208521,0.8051752
100.14,519.395003348865,0.9028028
100.15,524.7054347692032,0.9492333
100.16,524.7267755510184,0.9499758
100.17,521.9809899663773,0.89069545
100.18,515.0636693900891,0.74550724
100.19,503.29673589541306,0.66284406
100.2,491.1289333314421,0.661212
100.21,487.1798629435287,0.5195943
100.22,435.6424640684995,0.22734898
100.23,394.98717739159133,0.6070845
100.24,408.3561558424291,0.21240404
100.25,436.0852723798728,0.08478562
100.26,448.35736255992435,0.2642816
100.27,463.673684946566,0.2722069
100.28,499.8590884845912,0.35851175
100.29,509.24484607839395,0.38039634
100.3,520.1287879862406,0.737911
100.31,529.8147359900722,0.6876839
100.32,542.2679151820977,0.78159547
100.33,550.6642762619977,0.869195
100.34,556.4368966648067,0.79936606
100.35,562.3345549542647,0.41354385
100.36,525.7007982298753,0.7612377
100.37,469.972655056446,0.9202498
100.38,443.0250116438179,0.77642524
100.39,403.3549753864439,0.13427654
100.4,364.1878200186932,0.15656865
100.41,342.4718195970296,0.27367932
100.42,341.5919281514983,0.346571
100.43,340.3593561684681,0.55746466
100.44,342.3647674332398,0.674356
100.45,345.9998890119288,0.5509073
100.46,353.54042781214434,0.43362486
100.47,375.8274777182075,0.59793717
100.48,383.8575254429636,0.7925093
100.49,390.1487876974362,0.861248
100.5,392.3364130118308,0.9144512
100.51,391.804052813566,0.90560144
100.52,389.32516320171095,0.8505293
100.53,384.87743577073377,0.7949507
100.54,380.49259305007183,0.79452527
100.55,376.550577396931,0.6742547
100.56,377.17611593958344,0.55650723
100.57,377.7550040642004,0.3960375
100.58,344.83650227698195,0.46480787
100.59,345.9123340105182,0.7417934
100.6,349.8150388923259,0.7013016
100.61,357.6528015557119,0.653753
100.62,364.01962432408584,0.6717177
100.63,370.0513626205438,0.7771846
100.64,378.55521592549513,0.7844811
100.65,385.7321020998809,0.90889406
100.66,388.1257308328881,0.92872125
100.67,389.71427537766766,0.9332941
100.68,390.8612823580694,0.87224776
100.69,391.14657631504946,0.71876657
100.7,383.58860230709627,0.68510956
100.71,380.0313501425434,0.89914477
100.72,374.42347850183137,0.74057543
100.73,359.69253722176745,0.81170505
100.74,352.6768050954675,0.8656932
100.75,345.71468172661423,0.52278024
100.76,322.10422851097655,0.44529426
100.77,310.9488057344624,0.7683924
100.78,306.6715685773658,0.74077505
100.79,309.6652064111947,0.4718528
100.8,333.1747033958793,0.474192
100.81,337.913717354472,0.80712634
100.82,339.07097343976426,0.88203585
100.83,337.6581071780423,0.7396925
100.84,337.44237155587996,0.5702597
100.85,331.149011678934,0.6623774
100.86,330.39833592664297,0.8092338
100.87,327.2182999351595,0.88346446
100.88,323.3349944628859,0.83323514
100.89,314.94548163936076,0.8377612
100.9,308.8153687502622,0.88167
100.91,301.93230143441883,0.74702364
100.92,294.45428412339305,0.6762936
100.93,288.38864940466755,0.61827683
100.94,286.44085820235057,0.5955203
100.95,290.7310637211628,0.5705726
100.96,294.1314609008021,0.9054123
100.97,297.33338918776724,0.8496881
100.98,302.6286883704322,0.8079483
100.99,308.7482795999762,0.70129186
101.0,316.7146992460299,0.6775819
101.01,322.2070908487482,0.6939127
101.02,327.407522237175,0.46373633
101.03,339.5906283230564,0.27621624
101.04,348.9117407299562,0.58798844
101.05,354.8230934842056,0.2040766
101.06,382.4054018481827,0.4090944
101.07,389.3978207950193,0.7664284
101.08,392.02851814447916,0.6320482
101.09,391.297684910666,0.80595595
101.1,388.7084401246696,0.8805786
101.11,384.283003279633,0.82290334
101.12,380.57330519002534,0.84719163
101.13,375.87739186156796,0.6881329
101.14,367.31683687801427,0.5155646
101.15,350.3263441292344,0.6619107
101.16,343.36782908718203,0.47916776
101.17,320.2386918496342,0.6906052
101.18,313.4816343684108,0.7924057
101.19,311.2204233897854,0.8369624
101.2,313.1394099864114,0.90921277
101.21,315.68000031000685,0.95293105
101.22,316.7536918461913,0.9510378
101.23,319.1286396638482,0.9451419
101.24,322.7481381922988,0.9542393
101.25,324.55859606060744,0.95560735
101.26,321.67776411146144,0.91720885
101.27,315.5425441854086,0.91374207
101.28,308.5633965662193,0.94011503
101.29,304.8635136943447,0.97698283
101.3,303.29254459858356,0.9583118
101.31,299.8390378182996,0.8987215
101.32,290.02989984886335,0.7807512
101.33,283.16489542654836,0.89452904
101.34,276.01563054913635,0.893489
101.35,273.11705808383954,0.93162215
101.36,269.75036438841596,0.94428515
101.37,265.35506748210895,0.91489756
101.38,264.24925756791015,0.8772935
101.39,268.262924028268,0.8383015
101.4,276.26176482659685,0.7724931
101.41,281.5064196209915,0.84045607
101.42,283.41704527778467,0.7583937
101.43,276.19319285121,0.47057894
101.44,266.3242505181366,0.55415577
101.45,257.88642178596365,0.6296399
101.46,249.78369230836122,0.68948275
101.47,241.56056654065281,0.48932055
101.48,228.9668287338485,0.3977314
101.49,220.52799019908952,0.4267362
101.5,209.22627981910327,0.26441175
101.51,189.93108138999054,0.25117618
101.52,184.2838950979335,0.24636552
101.53,170.14357566453248,0.12689579
101.54,161.61134858171422,0.54024994
101.55,158.42553474025593,0.65650034
101.56,155.8307117682111,0.14901826
101.57,174.93805369272178,0.32099783
101.58,197.9326850147959,0.3002937
101.59,222.627502863615,0.2296343
101.6,221.82380049349712,0.4488278
101.61,220.85565664422603,0.37764952
101.62,219.8694636716637,0.4428758
101.63,221.2688332895283,0.4679573
101.64,220.68511908376226,0.3502074
101.65,221.24228945231886,0.19018151
101.66,220.8443915511867,0.1698943
101.67,225.03963032156616,0.16855109
101.68,224.90297576125042,0.49007282
101.69,224.14349065826661,0.66886413
101.7,223.28506137692597,0.6380354
101.71,226.95907502210395,0.65192074
101.72,229.9535765531072,0.6960011
101.73,234.9163667067699,0.7262178
101.74,237.44222883323485,0.83397734
101.75,238.29783664454072,0.8685367
101.76,237.00966425936602,0.88809264
101.77,235.3339350855506,0.8637136
101.78,233.70091838444108,0.8867964
101.79,231.4919616455387,0.8678328
101.8,230.27049078289767,0.7780061
101.81,229.11331964288647,0.75582224
101.82,228.7958825860395,0.5989683
101.83,228.57637500811066,0.5921436
101.84,230.9660277276833,0.54520124
101.85,233.27501896666058,0.53427017
101.86,232.67633392986573,0.19218603
101.87,230.21768865693377,0.17649926
101.88,226.46999971880774,0.11319073
101.89,220.87735209215316,0.062363923
101.9,216.55482555110868,0.071870536
101.91,217.85429964911157,0.18710212
101.92,236.9944289347954,0.1924852
101.93,247.7392910780643,0.33847398
101.94,249.16599969930172,0.54155046
101.95,244.3292612149062,0.6247554
101.96,243.70576005359783,0.6404017
101.97,247.89408266536333,0.7165647
101.98,250.1994511406832,0.8287994
101.99,252.6502830973698,0.8925521
102.0,255.00273760033252,0.92137754
102.01,254.22399247386187,0.929968
102.02,250.94372423894805,0.9234233
102.03,247.67456009570114,0.93201953
102.04,247.3900700760889,0.92150503
102.05,250.4406941283168,0.9304205
102.06,254.7192223421591,0.93564755
102.07,256.58511919783314,0.9686517
102.08,256.146641705762,0.9688441
102.09,256.1199452927105,0.9656988
102.1,257.7697635330923,0.95046926
102.11,258.6534809096514,0.94356763
102.12,257.17096904259625,0.9531542
102.13,256.9023678197669,0.94483215
102.14,258.7551070512956,0.9324796
102.15,259.79261163986826,0.9140823
102.16,260.7595501947084,0.90488774
102.17,262.16316077437864,0.9309494
102.18,263.24869447525816,0.9289621
102.19,261.4499813751467,0.9187197
102.2,258.28042048622865,0.9118859
102.21,255.95780135696745,0.912328
102.22,250.99230631184645,0.7852577
102.23,243.9326845986485,0.8711761
102.24,239.86887792948454,0.9013396
102.25,233.1476304748138,0.7055972
102.26,225.78995110531454,0.71570027
102.27,221.64792931391634,0.50614166
102.28,224.59478479749052,0.7383849
102.29,230.38805994113204,0.6948649
102.3,237.37657542309245,0.80959046
102.31,243.9374775731416,0.67074364
102.32,250.82599534870246,0.55661696
102.33,259.71806339192005,0.78089815
102.34,261.4399960167716,0.85860777
102.35,260.68535398558527,0.8315725
102.36,259.8945899625101,0.90661937
102.37,258.60923790095177,0.9201618
102.38,257.96300144189445,0.8688594
102.39,257.21318259382144,0.7840799
102.4,253.87722775273062,0.6412434
102.41,250.11913215616627,0.680152
102.42,247.72524804891248,0.78247637
102.43,245.01235873070104,0.80880183
102.44,241.29044154217092,0.8015948
102.45,238.0773074850585,0.8526153
102.46,236.46429699571138,0.89608467
102.47,236.51445237910866,0.8934961
102.48,237.57555756033918,0.8646878
102.49,239.19280325538242,0.8628366
102.5,241.43746707444362,0.80872256
102.51,245.4469981075297,0.80822104
102.52,251.10214314066064,0.5082964
102.53,262.59904694579,0.6323403
102.54,265.8089334140646,0.788201
102.55,268.60695690493594,0.8933292
102.56,267.7551523761705,0.9105259
102.57,265.3117160919013,0.9102093
102.58,261.785228188948,0.87173116
102.59,256.2396721051066,0.83598083
102.6,250.62658498854037,0.8140758
102.61,244.99425945264215,0.87766004
102.62,240.2090442580885,0.9031632
102.63,236.5993539126424,0.9103058
102.64,235.39693640735697,0.85109323
102.65,236.6921668259064,0.83745825
102.66,241.28138576389864,0.6849648
102.67,247.79957322868998,0.79314816
102.68,250.8029495546695,0.8990891
102.69,251.38873277948971,0.78469497
102.7,263.2188158439149,0.65297055
102.71,267.1172128330293,0.8407519
102.72,273.0805586537526,0.8176244
102.73,277.36853554394366,0.8567409
102.74,275.40775269498477,0.79218286
102.75,268.2234334451469,0.7461553
102.76,261.8377640710886,0.8684512
102.77,260.77153229246017,0.8030769
102.78,267.1767829361789,0.5681281
102.79,274.8957228493776,0.4149698
102.8,313.8256404660953,0.14382996
102.81,328.7181642442273,0.44314128
102.82,336.93490648143995,0.525156
102.83,337.08894934975376,0.5091446
102.84,346.3805304753365,0.47598428
102.85,387.614138502687,0.5246384
102.86,394.75397075690984,0.8257387
102.87,401.90262458130906,0.90027463
102.88,406.10283976277145,0.94246125
102.89,408.5563791248896,0.9594685
102.9,408.57164096943194,0.95826566
102.91,408.29839979140945,0.95939934
102.92,407.7882010500494,0.9616471
102.93,405.4273349691622,0.94008756
102.94,402.1500612457524,0.9266218
102.95,397.46431276533804,0.8998698
102.96,391.26952433632744,0.8542421
102.97,384.5827401198949,0.78240484
102.98,379.1103594391836,0.74619657
102.99,372.6119792299876,0.66516167
103.0,366.6796017099238,0.72207606
103.01,361.5971811732761,0.57021654
103.02,359.34488517321876,0.59932935
103.03,361.9627003751142,0.6781897
103.04,367.1971587410345,0.79985136
103.05,373.04933586001624,0.6885381
103.06,382.4113307761399,0.80041623
103.07,385.4611145475056,0.87668127
103.08,386.73406732877686,0.8536954
103.09,385.4237232017121,0.851746
103.1,382.1391621256657,0.79137963
103.11,377.20499083204516,0.53124094
103.12,349.6203426396341,0.36511353
103.13,330.20961774828424,0.3142169
103.14,302.13211711876005,0.29867694
103.15,270.00888266770255,0.3759113
103.16,254.79983737248364,0.38506517
103.17,242.8798343793875,0.26986286
103.18,221.65306432060066,0.13394676
103.19,203.52786101156678,0.27871788
103.2,204.00350303125913,0.39547002
103.21,209.9421430412988,0.51267344
103.22,214.3820691573871,0.37943876
103.23,220.90462247305396,0.4646323
103.24,225.98745003643998,0.30473128
103.25,230.41197761121583,0.3429647
103.26,242.9498060681754,0.51277226
103.27,246.10869128464802,0.6048238
103.28,248.38324384463198,0.6484939
103.29,253.60886948498478,0.5570592
103.3,261.8906804071504,0.37966594
103.31,273.8435702035629,0.18263708
103.32,304.17108047555206,0.23293261
103.33,334.555845704752,0.45988944
103.34,362.90881568182283,0.38974848
103.35,372.4037203628867,0.35329363
103.36,390.965777253911,0.5228317
103.37,396.88370898269045,0.4715856
103.38,412.09615335950735,0.7714989
103.39,416.8167913409895,0.90725386
103.4,419.33730476491667,0.8883681
103.41,419.06837499737674,0.87983775
103.42,418.82432511655117,0.8189214
103.43,415.13140863423166,0.7702982
103.44,409.49987301472703,0.62543786
103.45,397.2469245181048,0.42371342
103.46,379.77239214733254,0.41346127
103.47,357.13057948989496,0.34047484
103.48,348.0447049624025,0.49615854
103.49,343.4581480087709,0.710264
103.5,339.536918871866,0.6298654
103.51,355.1411171331054,0.46782476
103.52,388.45068438477335,0.54340476
103.53,391.13127677509937,0.7927964
103.54,398.25828121281825,0.78913784
103.55,409.8694972211388,0.77953225
103.56,415.17839902435105,0.8519294
103.57,416.3814200179007,0.83391136
103.58,414.0502718151323,0.8299385
103.59,410.438524546791,0.81998533
103.6,404.8618772972657,0.79000044
103.61,397.86511705825257,0.85331935
103.62,390.8804066843052,0.77420694
103.63,383.9681426269706,0.6577688
103.64,374.081288326941,0.5319467
103.65,368.9066599103373,0.82549244
103.66,365.80213883100714,0.69167924
103.67,363.21191998098743,0.32923707
103.68,389.49850336864785,0.49556458
103.69,392.7637206722013,0.82155895
103.7,395.7533225403772,0.7027975
103.71,395.8625726277313,0.6180871
103.72,395.6569390439805,0.571733
103.73,390.9367008313534,0.41759557
103.74,358.81689554391215,0.505179
103.75,327.5788830714538,0.25520158
103.76,297.3947651786988,0.36221442
103.77,294.1955848421769,0.40978765
103.78,287.0534586189724,0.710348
103.79,284.24953242016227,0.7851515
103.8,271.998817822422,0.6886352
103.81,271.05777615142995,0.88601935
103.82,275.6290654975472,0.83473647
103.83,285.71794443395424,0.8226554
103.84,293.70779170113957,0.8731598
103.85,299.2841962316459,0.6455679
103.86,324.51252289563047,0.49639294
103.87,369.4680519443399,0.76857495
103.88,373.2738014963212,0.6004284
103.89,373.66114742829245,0.8851168
103.9,374.8053861019798,0.87378484
103.91,376.13065441919105,0.85706204
103.92,372.5901451957178,0.80632
103.93,365.557172065434,0.65810204
103.94,354.84687677630325,0.774972
103.95,350.3776929842097,0.79909915
103.96,345.71293701619607,0.56797165
103.97,334.62902531646637,0.64186776
103.98,327.2665050575799,0.6158711
103.99,321.98125263480233,0.80813426
104.0,321.8157094966278,0.84168565
104.01,325.3887355090002,0.6846276
104.02,333.44705611469834,0.41536564
104.03,345.86921341920487,0.48050278
104.04,355.16213083331246,0.36690512
104.05,376.4463492331873,0.2780044
104.06,384.9390189458115,0.6770295
104.07,384.9370907235589,0.53919685
104.08,382.5195042094152,0.47827572
104.09,381.7495126616067,0.5522522
104.1,380.1682980500799,0.5851152
104.11,377.61574265247197,0.5946266
104.12,372.45553660720213,0.45530605
104.13,361.8841540274513,0.41344014
104.14,356.55662003096694,0.5063571
104.15,351.8474433847561,0.72326684
104.16,349.69027677520734,0.5574633
104.17,333.62348973604026,0.3076713
104.18,330.97957843464036,0.7258394
104.19,333.6436924927594,0.72641456
104.2,355.93536423072607,0.5391943
104.21,392.2909932748096,0.34978756
104.22,397.53993829155365,0.74120826
104.23,403.24187666710543,0.8093542
104.24,409.7476733956739,0.85828245
104.25,413.6907762953362,0.91505605
104.26,414.3558204509309,0.903855
104.27,410.2630208760604,0.90532994
104.28,404.13488051908075,0.8530563
104.29,398.0340597016808,0.88197595
104.3,391.91133631119726,0.8299032
104.31,383.14753887664443,0.75660163
104.32,377.66490392063554,0.7962554
104.33,372.2858218243362,0.77319664
104.34,365.39030423527925,0.60142213
104.35,357.053594560576,0.6276745
104.36,350.5223658856912,0.5797145
104.37,344.111427526042,0.40631118
104.38,345.3569691508759,0.38828722
104.39,351.5857769324506,0.5805585
104.4,355.67347354287534,0.2857553
104.41,387.44237797491894,0.38895667
104.42,392.25865984678757,0.7754431
104.43,394.6287997324831,0.89679664
104.44,393.1806562676006,0.8625689
104.45,385.16316046744754,0.811499
104.46,381.6082356438489,0.79036266
104.47,376.1453980650171,0.64870423
104.48,362.21251855429733,0.42689973
104.49,347.93453656059944,0.56343746
104.5,339.24918598008765,0.47746232
104.51,330.47594505634527,0.30222517
104.52,306.7638488725048,0.6078381
104.53,307.23157999651113,0.5837059
104.54,312.70697784040766,0.5587693
104.55,320.1788091533836,0.5053588
104.56,325.4516317131896,0.62991136
104.57,326.87531367901397,0.53215206
104.58,326.2178413841042,0.4953804
104.59,355.50378392977615,0.3138838
104.6,411.1660865727004,0.3087743
104.61,443.2903843949715,0.31032637
104.62,443.8215760082999,0.27396476
104.63,449.1723771792064,0.24424016
104.64,460.29055215295926,0.4070243
104.65,463.295357345683,0.48647532
104.66,464.9378539107186,0.4416283
104.67,454.0295655078894,0.28780323
104.68,430.04394981291773,0.3547936
104.69,412.6734683606419,0.5285519
104.7,386.2426666084874,0.7117938
104.71,347.4137128053277,0.79728025
104.72,327.2815801495442,0.505836
104.73,320.3740971875238,0.648656
104.74,324.1619170660929,0.6457375
104.75,330.3363455777881,0.6658284
104.76,334.84138635849484,0.8823356
104.77,334.8508459971129,0.8991523
104.78,330.05571546924733,0.7819497
104.79,319.3785822459543,0.83021915
104.8,311.9396531730695,0.7869714
104.81,302.69497830585277,0.87369657
104.82,298.347383738875,0.9084142
104.83,292.054969853029,0.7785019
104.84,287.1646514714973,0.92375064
104.85,284.8452882258947,0.9463664
104.86,282.37567896406154,0.90963423
104.87,285.7374502270387,0.8415173
104.88,291.6124390904544,0.9215328
104.89,295.0788997443358,0.8120194
104.9,301.47802894728153,0.7129291
104.91,311.5548918381278,0.63853997
104.92,325.73165543897596,0.8142312
104.93,327.09312598161574,0.8412564
104.94,321.26915558266796,0.72844917
104.95,315.03256451642307,0.6818167
104.96,299.1762568367818,0.7014374
104.97,291.15532915597305,0.83472615
104.98,283.48305240075734,0.826028
104.99,271.606510521604,0.92977804
105.0,266.83788376907484,0.9508628
105.01,265.7780126762074,0.92101437
105.02,271.6097294460704,0.6947426
105.03,280.30022745790274,0.7503687
105.04,286.57985263741216,0.7078875
105.05,274.9087000077333,0.26761097
105.06,302.69237237111054,0.22164176
105.07,316.9446465004461,0.32799083
105.08,315.4561810047507,0.43932357
105.09,309.69187291861385,0.17564072
105.1,303.3540243564063,0.13968715
105.11,308.6052335043559,0.07870887
105.12,284.82819683653213,0.22125307
105.13,286.14721483448307,0.45576787
105.14,293.2875044165787,0.42439842
105.15,306.22692260322503,0.31714264
105.16,310.2961603907071,0.344616
105.17,307.63470415591814,0.23278333
105.18,308.25947158453977,0.1347583
105.19,316.9258823443472,0.20057277
105.2,328.9281043678574,0.21563213
105.21,330.94218316101234,0.43968496
105.22,327.16254393291604,0.33621812
105.23,322.3215772961101,0.10951008
105.24,316.7471133971359,0.09457202
105.25,322.77899072586735,0.16301787
105.26,305.88301002771584,0.23203301
105.27,286.0557690545646,0.24495876
105.28,281.66294449547075,0.112002485
105.29,296.12549829617814,0.08354064
105.3,299.36688489301605,0.12024166
105.31,300.14128687063015,0.094358265
105.32,290.345498755,0.16083112
105.33,277.90288979449053,0.47296894
105.34,267.8866087536083,0.1892698
105.35,265.9960209503356,0.09907396
105.36,259.2009970066507,0.17991064
105.37,240.61919942956277,0.2108776
105.38,235.47546383366952,0.22047064
105.39,234.18682403335507,0.30676273
105.4,233.34378998748372,0.19474079
105.41,214.91604342710622,0.098269805
105.42,196.79210568044584,0.25232407
105.43,176.92046600644272,0.26042897
105.44,163.13682472383556,0.40527737
105.45,160.07927603382558,0.6036922
105.46,157.69258703878103,0.57014537
105.47,157.3331305237857,0.52573955
105.48,156.16503714490074,0.39312404
105.49,155.42150861269096,0.3831071
105.5,155.25369821440663,0.35799387
105.51,155.4804303694768,0.60808396
105.52,155.4741504372991,0.708311
105.53,154.28680572493812,0.6254305
105.54,152.8871542334552,0.3995917
105.55,154.14960901344344,0.59337175
105.56,154.4784463281048,0.5181659
105.57,152.6335341021326,0.4778453
105.58,168.7053808525414,0.20978008
105.59,193.26263165046183,0.1748645
105.6,216.62987351009335,0.21798764
105.61,240.36382976259122,0.5018926
105.62,268.01340998884086,0.6533974
105.63,297.5285180214583,0.6993992
105.64,332.02848316813765,0.620595
105.65,380.2911929190159,0.4147537
105.66,406.52846330424643,0.83485556
105.67,404.232293642491,0.92794716
105.68,403.58516165787216,0.9213155
105.69,404.00971868875615,0.9129978
105.7,402.5113367162867,0.91328853
105.71,398.69095947867316,0.8585042
105.72,390.6186703917821,0.7362245
105.73,381.04091724177306,0.67841786
105.74,376.6305689554378,0.43494073
105.75,350.7297436944091,0.51704437
105.76,330.4500505823299,0.7026562
105.77,318.4890171501442,0.40150443
105.78,309.1719101212269,0.6045735
105.79,304.73998611625854,0.5772551
105.8,307.5126360277976,0.44205272
105.81,325.242217525525,0.30906925
105.82,350.6882623433108,0.29912946
105.83,394.08043206731435,0.4269422
105.84,403.1075223929935,0.7580057
105.85,406.62938970325087,0.9112077
105.86,407.39317096943836,0.9373864
105.87,404.9152992143661,0.9016824
105.88,400.85765355790676,0.8782792
105.89,396.7973586869812,0.8165938
105.9,391.6088702668608,0.70351213
105.91,385.0983896939064,0.6377534
105.92,379.4733249546359,0.34545076
105.93,350.03101651237375,0.56685853
105.94,347.7598264320946,0.20477496
105.95,357.6874891053076,0.47012344
105.96,379.20864180338594,0.51127607
105.97,393.17850765860925,0.17558138
105.98,404.7306067290008,0.2398636
105.99,411.17526934085555,0.2638998
106.0,413.18228639146986,0.5347949
106.01,415.8584744160099,0.6677995
106.02,418.47735311900806,0.7452686
106.03,418.9891245358218,0.7229649
106.04,413.6942438607312,0.7630972
106.05,408.17453247567244,0.6615025
106.06,398.70427089145466,0.5003412
106.07,392.0271379669422,0.39060554
106.08,390.310569278462,0.4038049
106.09,393.40209946935613,0.90862894
106.1,393.87627449266637,0.93064654
106.11,395.1227560576418,0.87917733
106.12,387.701700068203,0.6606904
106.13,392.0889239158389,0.3439197
106.14,401.5305633909911,0.5414032
106.15,402.0463459035634,0.58218396
106.16,403.28129643311956,0.63732386
106.17,401.60207742034913,0.74169666
106.18,397.0339639166225,0.8434999
106.19,394.046458715368,0.7851736
106.2,395.54394806664914,0.6845398
106.21,400.4940900287372,0.57954323
106.22,398.04715410300986,0.37919077
106.23,348.89999567046164,0.23671383
106.24,313.67052418726473,0.40731052
106.25,313.5618103915578,0.6029355
106.26,315.5155477723693,0.7658868
106.27,314.0941139225111,0.88201857
106.28,312.9953375021782,0.94979733
106.29,312.602207580275,0.957305
106.3,312.8584703261509,0.95203555
106.31,314.1194053062916,0.91929007
106.32,314.45934002707315,0.9276906
106.33,313.2653111902349,0.9146342
106.34,310.3887521253668,0.8191933
106.35,303.17171010707386,0.58814347
106.36,281.437424141068,0.45079678
106.37,270.98026948696787,0.52833325
106.38,253.74734107474717,0.7694552
106.39,245.23030849202252,0.7556203
106.4,236.490775665978,0.61513597
106.41,225.4250818509324,0.86623234
106.42,224.12850210944217,0.9024219
106.43,227.1650526238935,0.8132617
106.44,234.4340595999784,0.74866146
106.45,241.96584644224276,0.4860414
106.46,254.35395024588638,0.7561848
106.47,259.8567211387922,0.9162613
106.48,261.4723825124408,0.92821175
106.49,260.0070369163273,0.8715312
106.5,254.95376565341712,0.5993089
106.51,270.288463912151,0.15846272
106.52,307.0566814846126,0.111812875
106.53,328.556978576041,0.06474429
106.54,376.94982695746603,0.06342863
106.55,395.8951628772469,0.13983077
106.56,394.892529655613,0.111243226
106.57,396.05667490728547,0.07970786
106.58,394.6165894290358,0.085611075
106.59,395.46919390799104,0.049877495
106.6,396.55845185962824,0.0672906
106.61,395.5550002816757,0.08781836
106.62,393.7360955059989,0.16661306
106.63,393.0812143390113,0.1640047
106.64,394.964077759749,0.25098565
106.65,396.20149577290766,0.11469262
106.66,394.9420614137122,0.247666
106.67,394.5526843452101,0.43320036
106.68,396.49565320311297,0.23174609
106.69,395.204321234895,0.09424681
106.7,397.732342798706,0.036057997
106.71,399.6403483647058,0.122767344
106.72,398.665578420595,0.12955478
106.73,399.6787721467298,0.36153972
106.74,399.8376122009198,0.42055327
106.75,397.16799377557686,0.20941682
106.76,393.33927035351957,0.24693625
106.77,391.77012175707273,0.2362763
106.78,392.2974710006962,0.43171465
106.79,393.4836569012789,0.11515494
106.8,395.53160086833947,0.16603674
106.81,401.1259023454711,0.1697002
106.82,400.6631988006189,0.15924892
106.83,401.0412216110666,0.1265822
106.84,401.8126246029738,0.08046457
106.85,404.5776220242456,0.09841147
106.86,402.53557596842256,0.2608113
106.87,395.9813446634771,0.09776237
106.88,397.58880083830553,0.08108403
106.89,402.733419460219,0.20423548
106.9,401.2762873715433,0.39159518
106.91,402.4683614117891,0.106703885
106.92,401.0306736500577,0.18598682
106.93,396.72996844921727,0.30500752
106.94,396.69576147872954,0.44871968
106.95,395.2884024025877,0.38869894
106.96,396.7282203200624,0.19902231
106.97,397.64807588957717,0.08187165
106.98,401.0194088651693,0.029701257
106.99,395.79253658881,0.1389207
107.0,363.88699703939574,0.18397152
107.01,350.10406507279333,0.07935068
107.02,329.96553034150566,0.3207006
107.03,321.97937896813414,0.18290809
107.04,310.1333679640862,0.14137822
107.05,290.2497375166426,0.06157475
107.06,278.0280253842235,0.03250999
107.07,266.9452367697834,0.043424703
107.08,254.07997613441663,0.022970483
107.09,241.28266804106858,0.010989855
107.1,235.0530746439402,0.027206007
107.11,221.25149435698523,0.35043922
107.12,207.88066009892705,0.09374774
107.13,195.05436750884178,0.2644155
107.14,184.33686639539474,0.032513656
107.15,173.47351009117267,0.04448094
107.16,166.31535816278753,0.31156465
107.17,166.15272697059314,0.6818747
107.18,165.1932479669037,0.84601223
107.19,164.30637398267592,0.8687802
107.2,164.05133131132158,0.9221928
107.21,163.75554490967428,0.8991812
107.22,163.5354348006783,0.87894565
107.23,163.37343960752295,0.86983186
107.24,164.19063840975866,0.8116237
107.25,166.0383607264356,0.8778272
107.26,167.210186449153,0.9246588
107.27,169.03648825436503,0.91119766
107.28,170.08583145822055,0.8983425
107.29,170.13377931765248,0.8915049
107.3,169.87027858361014,0.896951
107.31,169.2662120013118,0.9070446
107.32,167.95688924117215,0.89648134
107.33,166.84178439315122,0.9368567
107.34,166.35219586306036,0.9169783
107.35,166.3233288457584,0.9065943
107.36,166.6522191222049,0.8673715
107.37,166.5069858607386,0.80575675
107.38,166.0878060914328,0.8187592
107.39,165.40260179581767,0.8742583
107.4,164.85823945545815,0.8841073
107.41,164.33219037319367,0.8723354
107.42,164.10578109993563,0.88191587
107.43,164.22932661122812,0.8922396
107.44,164.40335736265587,0.8797694
107.45,165.14095690866486,0.8273833
107.46,165.83699135035226,0.6101059
107.47,163.8678958854997,0.5041174
107.48,161.70558290111356,0.4674068
107.49,159.92026729059245,0.48375165
107.5,158.01955438960726,0.60325766
107.51,156.75919921637603,0.59687114
107.52,157.33694390432927,0.44330466
107.53,157.8249197782025,0.2741562
107.54,155.37652646762194,0.2623666
107.55,154.26206169439607,0.409251
107.56,150.94889215405604,0.22987878
107.57,166.0501471452887,0.18500647
107.58,174.45916311918108,0.13064477
107.59,197.0198886223368,0.14713311
107.6,221.22056775404383,0.3386472
107.61,223.32470091775602,0.4415404
107.62,238.39207444693199,0.39555234
107.63,246.43195728282873,0.5532862
107.64,253.93542310621442,0.6176536
107.65,258.6652894638555,0.51276374
107.66,280.26305201361345,0.5279439
107.67,291.505333311217,0.48102283
107.68,302.89210560935214,0.8380784
107.69,306.4523491601282,0.9234495
107.7,305.52531151800633,0.9402336
107.71,301.64847114603964,0.85628366
107.72,295.04213705506214,0.5224445
107.73,281.63366590140083,0.6567358
107.74,265.57092833906563,0.4483642
107.75,258.76212613033783,0.1718685
107.76,253.1393111007674,0.41108713
107.77,249.0005642000695,0.3438175
107.78,242.43254680619475,0.35246193
107.79,263.7199879759503,0.5730797
107.8,292.0848907746837,0.36917296
107.81,291.3348149218389,0.49695668
107.82,288.9715952626807,0.72740304
107.83,286.71890758030986,0.67623436
107.84,312.72953201083544,0.48217618
107.85,351.11712645859603,0.16055715
107.86,390.9365549775558,0.45289552
107.87,399.2503391219466,0.8764442
107.88,402.43765531367103,0.9020288
107.89,402.9817941090116,0.8614895
107.9,400.7981749842125,0.84888226
107.91,396.21186914684154,0.7364435
107.92,389.53836580337327,0.5044088
107.93,368.5904900719873,0.54536927
107.94,369.7090048656395,0.43151292
107.95,370.7880314579544,0.5103002
107.96,365.9588488872673,0.62364197
107.97,362.41439724927943,0.49336338
107.98,360.2777597696601,0.3596676
107.99,371.07344624803767,0.29700285
108.0,396.3067893760582,0.28313214
108.01,399.8553934191128,0.24995287
108.02,397.4230438466114,0.1225524
108.03,394.51247297328473,0.065172404
108.04,399.0514543735315,0.064738475
108.05,397.69296389760945,0.17005119
108.06,396.8179213925345,0.075867936
108.07,349.4970601951742,0.08250661
108.08,328.4169275273783,0.3405222
108.09,296.5902575381332,0.39627948
108.1,277.9230984018075,0.44704103
108.11,254.3746949512142,0.44888166
108.12,224.51347143738707,0.6562945
108.13,201.19125301191258,0.61539084
108.14,189.03292077767972,0.7237896
108.15,188.58378137566046,0.80288804
108.16,188.3752109446237,0.85773087
108.17,188.5633280641076,0.84783137
108.18,189.31376528103738,0.87226325
108.19,189.31885634102247,0.8361968
108.2,189.35796080683784,0.85135305
108.21,189.55707079589456,0.8339607
108.22,189.62962092010986,0.8455497
108.23,189.2883874488443,0.8050367
108.24,188.50034444645433,0.79996157
108.25,187.653279132809,0.79047066
108.26,186.71751745512137,0.80928856
108.27,185.83718457510128,0.9003529
108.28,184.60628600097033,0.89837444
108.29,199.7813579661203,0.9256631
108.3,228.43623964116625,0.88148975
108.31,253.49254715734514,0.7958076
108.32,277.9465768916653,0.75922763
108.33,310.3202155026163,0.8645013
108.34,342.8160598561399,0.86018515
108.35,338.6836563464325,0.88949883
108.36,334.99569250692474,0.8971656
108.37,330.21895042756455,0.8723615
108.38,325.4890466527326,0.8544532
108.39,319.1842124548107,0.86536324
108.4,313.7595122896459,0.93092334
108.41,310.89142617844567,0.9277548
108.42,306.2842985499175,0.9067283
108.43,300.31011866858654,0.8683762
108.44,293.7900245866225,0.90107954
108.45,289.68675848742635,0.8724092
108.46,285.12035702285283,0.89163846
108.47,278.65632458804396,0.8277422
108.48,273.2957170446641,0.87039584
108.49,266.71993016264645,0.8288767
108.5,261.26483335391816,0.91783017
108.51,258.0349219295949,0.89832073
108.52,255.01954263834955,0.8581614
108.53,251.40369051580217,0.8880028
108.54,248.21386873707405,0.8886167
108.55,246.18186529277224,0.8614983
108.56,242.91153253214603,0.8526753
108.57,240.09939783455476,0.8852089
108.58,239.6210774386036,0.90784806
108.59,241.43823588752025,0.9007911
108.6,243.42389408092484,0.88297296
108.61,245.30700708201098,0.91409844
108.62,246.9775972569499,0.91666055
108.63,247.53960553224547,0.9383077
108.64,247.2770311260827,0.9262524
108.65,245.90313065214008,0.9148916
108.66,243.77118392562494,0.879966
108.67,242.2748259864038,0.93906546
108.68,240.76879576580188,0.9082377
108.69,238.3583874915085,0.85133255
108.7,235.2979717192793,0.8784961
108.71,233.77725052127406,0.91090083
108.72,231.71382323955694,0.8700887
108.73,228.91800445692348,0.8814084
108.74,227.09320270026925,0.8555418
108.75,227.6640460583171,0.8938964
108.76,229.38884406235175,0.8293736
108.77,235.0863934019756,0.7455028
108.78,239.57302690598834,0.88488406
108.79,241.42881295396936,0.8592512
108.8,245.49701279662884,0.813649
108.81,248.7162815419032,0.84852505
108.82,250.9395063399742,0.92169905
108.83,250.7939501966905,0.88682723
108.84,246.47496334530953,0.8282754
108.85,241.46890083181316,0.8462851
108.86,237.67053292542198,0.69951755
108.87,233.19488144562507,0.70303184
108.88,233.74459617850073,0.7994258
108.89,235.42726018260987,0.7848717
108.9,236.57164764783295,0.85639507
108.91,234.1190333146076,0.8801423
108.92,230.79497711157143,0.85014737
108.93,229.02937392699786,0.8917354
108.94,229.54844818841576,0.87274784
108.95,231.61947497849144,0.8593429
108.96,233.37729977312114,0.8435252
108.97,232.40705306635465,0.82379764
108.98,227.10982717826977,0.7864449
108.99,222.26046326570133,0.9002368
109.0,221.04818394077316,0.8968546
109.01,223.82978236729767,0.7561718
109.02,233.49712670166156,0.4629868
109.03,249.91141696932132,0.6035082
109.04,262.6542840737952,0.8690848
109.05,263.51777022203237,0.9156557
109.06,261.1749475604503,0.8091669
109.07,255.23294950450844,0.57807803
109.08,254.08618967038703,0.34418604
109.09,275.32309070037917,0.19640715
109.1,273.3282458957779,0.11489856
109.11,256.54821093579284,0.1385778
109.12,251.71317813727538,0.16906388
109.13,241.1059549027051,0.3345645
109.14,240.14531276766436,0.50001204
109.15,245.46563404156117,0.49721217
109.16,255.66244694967426,0.40622547
109.17,261.8696757978797,0.5419295
109.18,274.02509005414686,0.56381625
109.19,284.7398314841346,0.5509263
109.2,294.7924939969565,0.74856466
109.21,299.05412609595726,0.89348793
109.22,302.4012724774068,0.93171805
109.23,305.21537232600207,0.9504391
109.24,304.705944405121,0.93430275
109.25,301.60075346161045,0.88514066
109.26,296.6948070897165,0.7737074
109.27,290.0012358687184,0.5314252
109.28,275.80739963332394,0.53117555
109.29,268.16189298115114,0.6477653
109.3,263.04071160624926,0.8191204
109.31,259.8523468789719,0.85516566
109.32,259.282384137458,0.84133
109.33,263.99562210812815,0.43293765
109.34,278.7705337033061,0.43091416
109.35,291.88924644242667,0.56397474
109.36,298.41512164761065,0.64830834
109.37,305.69110734816525,0.7713258
109.38,308.96522899680554,0.9087064
109.39,310.1624233642962,0.92708397
109.4,309.1847004988715,0.9404228
109.41,307.68359178545177,0.7818318
109.42,303.0917133568676,0.6018384
109.43,300.2550810477968,0.4267281
109.44,271.2456879578949,0.37372595
109.45,241.92946991820563,0.49940705
109.46,220.1356175755484,0.7829114
109.47,219.0421065581407,0.86932164
109.48,220.2690210714116,0.7771798
109.49,239.6354391618988,0.4846814
109.5,266.6433441147308,0.20541017
109.51,271.7882737448644,0.51199114
109.52,275.70431283371227,0.7976613
109.53,279.8672961864684,0.7046349
109.54,282.03345956308084,0.8222866
109.55,280.2499458884939,0.7366252
109.56,274.2547702201352,0.70286816
109.57,268.3599819000667,0.6773152
109.58,247.35417279915146,0.47934365
109.59,240.08617842228873,0.6984658
109.6,240.7468824145222,0.5750583
109.61,242.57613515606545,0.5759769
109.62,246.66299672897281,0.5055276
109.63,281.457165174484,0.22556143
109.64,318.8637995764429,0.36671138
109.65,329.44452546386407,0.4320085
109.66,336.1567209979239,0.7402245
109.67,339.99819357134425,0.8293507
109.68,341.9970842474564,0.8698701
109.69,341.30205713817645,0.8242508
109.7,336.4409392996578,0.8865988
109.71,334.7226984876667,0.8765019
109.72,330.64923004222214,0.80507547
109.73,329.8190176098416,0.5238946
109.74,317.33069924370204,0.3351088
109.75,297.264739116525,0.37511444
109.76,283.33589301712624,0.36512166
109.77,311.1850627185506,0.22531731
109.78,309.51710510069984,0.41299173
109.79,313.00581769127194,0.7465666
109.8,312.9086423676927,0.93503493
109.81,312.4993323353757,0.95963216
109.82,310.19085833427016,0.88198054
109.83,306.86028938499555,0.71374184
109.84,299.6906078703646,0.5227447
109.85,275.64645634238366,0.45109132
109.86,267.8562618638771,0.5240436
109.87,241.99564543629867,0.29744783
109.88,224.8788622060923,0.67861146
109.89,224.76244818732806,0.7556223
109.9,224.33087640539213,0.84784687
109.91,225.39795953607353,0.8146828
109.92,225.54392224886936,0.7522621
109.93,228.55130058936032,0.34848726
109.94,248.51694990883786,0.8249317
109.95,250.9477534234533,0.9320286
109.96,254.05586053730485,0.92100143
109.97,254.45551236272124,0.8943482
109.98,249.27873178316278,0.8489457
109.99,245.87081910510187,0.93646675
110.0,243.35718350898946,0.92825544
110.01,240.05729183872918,0.86093926
110.02,234.47174356230983,0.8054179
110.03,231.09474846714357,0.8851077
110.04,229.289546553851,0.85627854
110.05,224.95524933626376,0.8119202
110.06,220.41110054264206,0.88399166
110.07,218.7891435858631,0.8992934
110.08,217.4107096986519,0.88394314
110.09,215.51650995400837,0.8899176
110.1,213.67975172129505,0.85142803
110.11,212.06503353608983,0.7587923
110.12,210.81282910777873,0.82052094
110.13,210.03622168118326,0.8346246
110.14,210.62315331061367,0.8980817
110.15,216.64136629298324,0.7093332
110.16,221.2268032408053,0.8897431
110.17,217.94173757611333,0.69393647
110.18,206.85908789608405,0.7329317
110.19,194.54376128275555,0.42660132
110.2,181.6204485687575,0.45508257
110.21,166.59295560791858,0.24006449
110.22,153.13753564140958,0.744194
110.23,151.7772065134531,0.8517954
110.24,150.20606445428635,0.8950751
110.25,148.50908199644834,0.8787554
110.26,146.2409234508166,0.78185415
110.27,140.5736085312266,0.7286381
110.28,137.1504711693114,0.8539223
110.29,135.33087787580487,0.7732917
110.3,129.84226413564278,0.31936604
110.31,137.29228978590595,0.18497714
110.32,152.36666411484822,0.21747357
110.33,164.5586057040308,0.3893877
110.34,180.41633746907252,0.31048584
110.35,192.15955754156784,0.45341983
110.36,212.94774506804566,0.12093628
110.37,223.04911287419117,0.1432554
110.38,222.02123125570932,0.31818074
110.39,223.90287506801397,0.28090566
110.4,224.23872740728984,0.37301517
110.41,225.21855718101642,0.34650606
110.42,226.4323625036684,0.07797567
110.43,228.13546820448897,0.12758747
110.44,227.57114800454005,0.06464149
110.45,225.23655165581363,0.05333763
110.46,223.71972230643394,0.24285741
110.47,225.28410389225172,0.16345069
110.48,225.36193166909098,0.16023278
110.49,222.51411943436597,0.04132584
110.5,222.75476087420526,0.23442028
110.51,225.41460715190328,0.16044067
110.52,224.44033360413485,0.134181
110.53,226.31520464142798,0.3444005
110.54,226.23124916947427,0.3941026
110.55,226.36524648670792,0.18585831
110.56,224.24002171989605,0.04510233
110.57,224.3165154961539,0.060990755
110.58,223.44650317338377,0.034462806
110.59,225.41489563996979,0.111621365
110.6,224.06558289868502,0.21261449
110.61,222.9771458237571,0.5292202
110.62,222.28410711417624,0.20773281
110.63,224.5698931232046,0.061954677
110.64,225.9736512307901,0.17845754
110.65,223.57855719449188,0.055252913
110.66,226.38776152775063,0.017091596
110.67,227.43049353238857,0.12928005
110.68,227.59368405862733,0.2598033
110.69,229.17095631110246,0.31637356
110.7,226.22010546389953,0.38926667
110.71,231.9952629645313,0.5513612
110.72,239.02632923913671,0.6628677
110.73,239.97863717417292,0.6181478
110.74,243.31472931769557,0.684722
110.75,245.9659159731815,0.4755521
110.76,250.5546479298054,0.31817836
110.77,253.18981081911608,0.10667732
110.78,283.1322628042785,0.15587705
110.79,316.3508596628101,0.45612332
110.8,316.80085716792723,0.5428493
110.81,315.3578060213068,0.61093307
110.82,313.7248661282303,0.43397087
110.83,312.6919803659493,0.24137281
110.84,330.0873873012729,0.26563275
110.85,321.3902206712846,0.37380183
110.86,294.3954230207179,0.52028763
110.87,283.94196611448996,0.53290296
110.88,278.4132646985719,0.70240974
110.89,276.4734904164577,0.73562586
110.9,272.7353696128837,0.7795327
110.91,266.88608878293445,0.5752026
110.92,254.57808677214814,0.5082222
110.93,249.61603392667084,0.7322224
110.94,248.33471858205638,0.8758914
110.95,247.22300600343743,0.892685
110.96,245.3701021965965,0.9180769
110.97,241.84573212140015,0.9266735
110.98,237.46457280850962,0.8569031
110.99,231.82576721122498,0.867281
111.0,227.49379038545524,0.9074035
111.01,224.98416222004306,0.92183506
111.02,224.81269225346293,0.899191
111.03,225.77628151481278,0.9089967
111.04,227.55797963257365,0.8792811
111.05,230.6630477694613,0.8810448
111.06,234.67308447946726,0.86896926
111.07,242.31161265420883,0.80113333
111.08,248.59857736032953,0.87057793
111.09,253.09944127752996,0.8807259
111.1,259.2877062159584,0.88417345
111.11,262.4085719764288,0.9132914
111.12,262.7654367032163,0.84916514
111.13,259.29367622969585,0.70283395
111.14,251.68713922820137,0.74802995
111.15,246.73046118821944,0.7598236
111.16,244.19631756776056,0.8261674
111.17,242.82303198535516,0.85070014
111.18,241.9843318409237,0.87085956
111.19,241.69975702145334,0.82870215
111.2,240.38741253760202,0.8004113
111.21,239.708995103799,0.8745366
111.22,239.9447009348816,0.9130219
111.23,240.62145595108174,0.92780113
111.24,241.13993071643648,0.94838685
111.25,239.90678621976613,0.9478334
111.26,238.1226926969906,0.9036251
111.27,235.78775689825758,0.91705626
111.28,233.4930786951439,0.8960866
111.29,229.95709296414225,0.7509868
111.3,224.26617642732947,0.5217675
111.31,214.37326182504958,0.31294453
111.32,190.69947140570574,0.3493448
111.33,185.30969303640777,0.65219986
111.34,179.98441934831186,0.660626
111.35,175.22657015296164,0.6343951
111.36,169.57815332069043,0.5371519
111.37,169.45139521295886,0.29290748
111.38,174.00946277866433,0.16351174
111.39,192.0924019876768,0.14710434
111.4,222.50074429710645,0.20811877
111.41,239.11904007778367,0.45836172
111.42,240.28092740834356,0.6588325
111.43,241.0109024465234,0.7122474
111.44,241.25833811939358,0.7267951
111.45,241.53245427192655,0.71177757
111.46,241.07420715310843,0.7216373
111.47,239.62581712461574,0.6212782
111.48,235.56522815827873,0.30886802
111.49,233.44347287557096,0.11511956
111.5,235.03936295799295,0.047812726
111.51,233.70350220808118,0.017352624
111.52,235.0851250554308,0.033400007
111.53,229.87028438795664,0.09592305
111.54,247.70404041701624,0.44830707
111.55,263.6951383709112,0.37109387
111.56,278.26243210907967,0.52527505
111.57,255.6849383786003,0.28652862
111.58,234.35228879736658,0.50139135
111.59,212.32467530418256,0.33537152
111.6,188.85345011907955,0.32754353
111.61,175.38561549930225,0.2948966
111.62,178.68061399080852,0.6776312
111.63,181.86514915005492,0.87766975
111.64,183.052319281355,0.92551595
111.65,184.28811294903056,0.9308529
111.66,185.1689984602226,0.9330835
111.67,185.26676361187342,0.9278676
111.68,184.33334702781502,0.8950595
111.69,183.0182287162285,0.9150338
111.7,181.77409266823216,0.93096364
111.71,181.11104451668385,0.9281374
111.72,180.77055578673003,0.9215411
111.73,180.97648466954357,0.9075292
111.74,180.67635058283878,0.9046784
111.75,180.20670318471895,0.9070444
111.76,179.2256907485028,0.89965963
111.77,177.9058840561207,0.9048406
111.78,175.7595987744995,0.8786742
111.79,173.7272407621311,0.8465527
111.8,170.0733478003613,0.7926438
111.81,167.25368745915057,0.92419374
111.82,166.52528162309295,0.93327737
111.83,166.80857367817967,0.9385323
111.84,167.44930610535442,0.92908007
111.85,168.60369200024107,0.8522618
111.86,171.3369576558007,0.76303244
111.87,174.44354386220525,0.8080491
111.88,178.60078775979534,0.80600095
111.89,182.33719622442308,0.8534876
111.9,184.4978827308297,0.92509514
111.91,184.3968581752246,0.9138538
111.92,182.8680086556221,0.8876968
111.93,179.8751807973411,0.840257
111.94,176.65519041486107,0.8631103
111.95,173.86684440129477,0.897257
111.96,171.8488895774712,0.91309726
111.97,170.3562458548795,0.9126969
111.98,170.13969369932585,0.91064394
111.99,170.73203560210092,0.9228315
112.0,171.2349181636287,0.89500606
112.01,172.0404622226177,0.8657564
112.02,173.10863384395702,0.82702744
112.03,174.2473326524799,0.7942323
112.04,175.11950217990514,0.8213636
112.05,176.63068902956172,0.8377507
112.06,177.51763209581824,0.866807
112.07,177.53408232932944,0.8716733
112.08,177.87092475682294,0.8789247
112.09,179.00804376200307,0.8646827
112.1,180.45010637784017,0.90174305
112.11,181.82858169121448,0.930575
112.12,182.15964697153422,0.9106045
112.13,180.96088604960374,0.9047744
112.14,177.9616039308742,0.88895226
112.15,174.17345705634236,0.88485026
112.16,171.73072897480395,0.91682863
112.17,169.87877668288888,0.8836555
112.18,168.85108043581386,0.8629102
112.19,168.47297274629594,0.8542138
112.2,168.59870615081005,0.8703644
112.21,169.09151676443298,0.7778575
112.22,169.95550179238845,0.5804529
112.23,171.1185396542717,0.37225655
112.24,172.7340154970438,0.45166957
112.25,173.6695241545417,0.49707812
112.26,174.32831279194846,0.7547405
112.27,175.4369937191526,0.8925269
112.28,175.37168936822422,0.92005473
112.29,176.12382169729165,0.8947536
112.3,178.65543678661876,0.86649597
112.31,183.05689647384224,0.6463891
112.32,193.55148143350934,0.41712388
112.33,198.74342196201926,0.731567
112.34,200.03551681107894,0.70067996
112.35,198.51667199171342,0.4683679
112.36,193.85398771192905,0.5864264
112.37,191.07546028852698,0.68883646
112.38,189.83719387722718,0.5080562
112.39,189.99245326406742,0.6479607
112.4,193.94706961005713,0.30127448
112.41,204.1476819377135,0.30694354
112.42,208.27222907782476,0.60840327
112.43,212.19275447702384,0.45215455
112.44,216.15110920550947,0.5351988
112.45,215.38259547167857,0.6394416
112.46,210.48161467365753,0.5426697
112.47,204.85601700474905,0.63550043
112.48,200.34175689813475,0.42626086
112.49,190.51065339927334,0.2034279
112.5,170.05497448141017,0.1526122
112.51,156.84350809405973,0.13107157
112.52,163.6108186678837,0.3265309
112.53,170.1038965685732,0.49430454
112.54,177.0068490302216,0.5868208
112.55,182.02284914904152,0.61644447
112.56,193.33574008785715,0.5527205
112.57,208.07176302967562,0.42231965
112.58,218.31843284178302,0.78767425
112.59,223.7215324488548,0.8782648
112.6,228.15300632704742,0.7091328
112.61,233.43883303859687,0.7351019
112.62,236.39713604013482,0.8398448
112.63,238.709614288138,0.902754
112.64,240.64010146652723,0.92464286
112.65,241.81111187811763,0.96604997
112.66,242.2929785893082,0.9684577
112.67,242.55813276790775,0.9659665
112.68,241.7412580142536,0.9562005
112.69,239.22108157256193,0.8211873
112.7,234.90944128887924,0.74527
112.71,235.2715160487226,0.83515906
112.72,236.0775615280948,0.8881169
112.73,234.99186255523082,0.8564575
112.74,232.70633779007704,0.85138685
112.75,230.60609289285966,0.85186476
112.76,230.86316259645005,0.88549906
112.77,232.66557260351735,0.84727544
112.78,235.64351143548234,0.8168061
112.79,239.24049234957937,0.76121074
112.8,242.00027671776166,0.7543623
112.81,246.64245319112356,0.8366833
112.82,246.06938432496847,0.9112919
112.83,245.22424989247568,0.90097606
112.84,243.06428830125867,0.8416175
112.85,240.1091382917628,0.87866575
112.86,239.48299563010664,0.9167867
112.87,236.9884279081536,0.8655404
112.88,234.39072089256211,0.9035144
112.89,235.45111516528613,0.85080886
112.9,234.8658129533268,0.8234262
112.91,234.59274735784936,0.83956593
112.92,237.0698851045687,0.7981735
112.93,240.74360220043422,0.78915775
112.94,245.26586585986135,0.891615
112.95,248.2153238993386,0.8241416
112.96,250.697355883667,0.8031762
112.97,249.66342764122786,0.6351735
112.98,243.8432156058532,0.71339506
112.99,240.153726435815,0.7179087
113.0,237.07492361483565,0.5584204
113.01,233.8718367430631,0.7775794
113.02,233.5493509756324,0.78778946
113.03,236.09097887865386,0.79312706
113.04,242.63130249972681,0.43826848
113.05,258.512919994438,0.5770593
113.06,263.49951758472974,0.8157797
113.07,267.5311039944461,0.8490441
113.08,270.9726636317637,0.89291865
113.09,273.48073632383637,0.90673864
113.1,275.47139096178734,0.94129413
113.11,276.9381151094964,0.9253802
113.12,277.54154918351617,0.8288203
113.13,276.34195891083317,0.72179663
113.14,274.57009707020774,0.81679523
113.15,271.8868702957145,0.68108016
113.16,257.82454511377756,0.43685552
113.17,247.31555889275506,0.7660652
113.18,242.93913010325116,0.8669133
113.19,239.71062719799488,0.80796486
113.2,239.02834895854053,0.83824366
113.21,241.67614731807686,0.8264099
113.22,246.11212069602055,0.78576493
113.23,250.4624031520927,0.5021575
113.24,257.18490551712176,0.6441851
113.25,263.87992877957663,0.66458035
113.26,270.21518827570907,0.85353076
113.27,273.5466104735925,0.8346576
113.28,275.45610404032163,0.811978
113.29,276.39986131464076,0.8629172
113.3,274.46479285744925,0.8662677
113.31,272.3432147215408,0.9041466
113.32,270.715752746642,0.88163215
113.33,265.09638745989037,0.7041913
113.34,260.1745631548865,0.6384623
113.35,258.0629840723802,0.5537768
113.36,251.41268806556383,0.47743487
113.37,248.12861281328767,0.65108764
113.38,245.33857085046688,0.72236687
113.39,241.34601635864672,0.754811
113.4,239.93070998498143,0.70711327
113.41,244.3877461745759,0.78732175
113.42,246.65609996054337,0.9016098
113.43,247.1441910382451,0.9408986
113.44,247.6726810408847,0.9409287
113.45,248.74669123433645,0.90693957
113.46,251.01744688597756,0.87841105
113.47,254.91045749838122,0.81527853
113.48,261.1040202597372,0.6934551
113.49,268.2051088343705,0.40842226
113.5,268.6713157353531,0.20263767
113.51,248.95596527715162,0.14989865
113.52,246.5922793912393,0.19907182
113.53,244.6452507981682,0.110417895
113.54,244.99981336590852,0.09319062
113.55,240.78676063248238,0.093456194
113.56,234.47207498246195,0.081054516
113.57,239.04853538343673,0.63885117
113.58,241.92877454151426,0.5737361
113.59,244.17607078717478,0.19745126
113.6,242.54855971627777,0.18390305
113.61,237.8001679312835,0.37260777
113.62,235.34156970459662,0.33772913
113.63,230.03291520747803,0.40204734
113.64,228.96625388093173,0.4475403
113.65,224.14374594397302,0.34544033
113.66,218.55424579708017,0.30915362
113.67,243.01082390514733,0.11564897
113.68,252.00805946730156,0.13776307
113.69,255.13822508731067,0.34590685
113.7,251.1675407735475,0.703485
113.71,246.2353577045134,0.5161955
113.72,241.93630697390236,0.43707567
113.73,242.8396179997927,0.61430657
113.74,244.53387794087902,0.39776623
113.75,246.51176837995703,0.44581184
113.76,247.79602009347144,0.76963663
113.77,247.59038094923318,0.79588324
113.78,246.24895737715616,0.67047805
113.79,246.05850075778483,0.49019197
113.8,242.2632792018165,0.3933115
113.81,240.6977516788589,0.5707955
113.82,240.33678669732777,0.6741902
113.83,240.0970665763271,0.804317
113.84,239.7071908093477,0.79562783
113.85,240.28573802719265,0.77412003
113.86,239.8806964352915,0.60319835
113.87,241.98116654049983,0.57782996
113.88,244.54150808833816,0.42446566
113.89,217.1805430853107,0.38092247
113.9,217.00290665602415,0.43581736
113.91,220.74790860610278,0.318429
113.92,245.81133471735973,0.37515277
113.93,258.51408593938737,0.5351145
113.94,254.82202291290184,0.56842697
113.95,252.0690518793147,0.654003
113.96,247.91119461395257,0.6372732
113.97,243.99261611481492,0.6050963
113.98,236.87714229946914,0.47155422
113.99,223.42074490846844,0.40243417
114.0,213.76425544996906,0.3335027
114.01,218.99318842921974,0.26897955
114.02,242.3751177793572,0.12753958
114.03,276.34875235874324,0.13134612
114.04,309.9156089074084,0.44376054
114.05,328.22661533876203,0.47526613
114.06,325.1079561851502,0.47357097
114.07,314.7998000654302,0.59154135
114.08,312.1993025282596,0.7448581
114.09,308.04925703240315,0.78220856
114.1,305.0166650973457,0.67217374
114.11,302.66439033045435,0.66704464
114.12,301.83753430792865,0.37130997
114.13,303.8774999570273,0.2133217
114.14,305.8161262807648,0.18343106
114.15,304.53622124221084,0.11609898
114.16,303.8748277109353,0.13023518
114.17,302.3392883071707,0.1246776
114.18,303.57999285203357,0.4400402
114.19,303.6491856384792,0.59888434
114.2,302.44337561115924,0.15271156
114.21,302.26981993237865,0.2300856
114.22,301.68448919681447,0.1375097
114.23,302.8109040691361,0.068619594
114.24,303.39802337196795,0.07593696
114.25,300.17237723898324,0.038585786
114.26,289.95380343401513,0.074893706
114.27,283.74739043751043,0.12732561
114.28,279.1930699649039,0.27627286
114.29,277.09910607186623,0.20405094
114.3,275.2410965748784,0.27194366
114.31,272.957429156156,0.18654075
114.32,291.3792501620375,0.15694991
114.33,306.32208308014276,0.2592136
114.34,324.27925801038504,0.35355848
114.35,328.0296489410108,0.44026622
114.36,293.83280079691355,0.48468092
114.37,284.1972551547716,0.68371123
114.38,278.9673908826781,0.88403016
114.39,277.49391609707374,0.9257782
114.4,278.1497062137597,0.91726655
114.41,281.75581396683174,0.90293
114.42,284.71775569898193,0.8684297
114.43,284.7267414094114,0.8994069
114.44,280.6873497773519,0.8181474
114.45,272.28075823702846,0.8752767
114.46,269.12278609952074,0.9000078
114.47,269.02116410118083,0.8601673
114.48,266.93218365077007,0.61814606
114.49,257.23555983863315,0.4683722
114.5,247.24751101932125,0.6315029
114.51,239.1728799452262,0.5702431
114.52,234.3294699894725,0.7237366
114.53,231.01328338667375,0.73922604
114.54,228.50828599226298,0.8223705
114.55,226.68568824812775,0.8744648
114.56,226.33522186665172,0.89423954
114.57,227.05257022215906,0.80839854
114.58,230.14222727251007,0.71333486
114.59,236.10235621604926,0.6576282
114.6,243.42822661508453,0.72105026
114.61,249.21059672986215,0.7294932
114.62,257.85372256252407,0.663945
114.63,263.2953919799052,0.6251523
114.64,266.47075210225415,0.7993919
114.65,268.8038097096874,0.90560174
114.66,270.9805996009073,0.64787054
114.67,272.36935354644845,0.5770564
114.68,272.1280851000568,0.7448505
114.69,269.98125208589965,0.5924194
114.7,267.3347727308612,0.7765006
114.71,265.9669188236034,0.79677075
114.72,264.31856706044266,0.7589568
114.73,258.13677548521457,0.70600426
114.74,250.23814968765907,0.87122613
114.75,247.87632949189418,0.9212715
114.76,247.81448110603125,0.92568463
114.77,249.96186256659823,0.9241807
114.78,254.27362446932653,0.9456698
114.79,257.99985382306994,0.9364055
114.8,261.14093578740216,0.88068765
114.81,265.74071680752445,0.63718337
114.82,269.1761906138139,0.9209806
114.83,269.73045143260475,0.9119683
114.84,267.48117560305894,0.8949033
114.85,265.5814102616734,0.8007033
114.86,262.39822711772905,0.5210355
114.87,259.2466682259933,0.46669742
114.88,243.12964417005185,0.3869282
114.89,242.31721469225423,0.7684099
114.9,243.1643075061095,0.8853603
114.91,242.80590364209516,0.8932409
114.92,238.42369381437265,0.7274548
114.93,234.06418057092685,0.69556737
114.94,230.41981382020128,0.74201953
114.95,230.77872126000426,0.7388382
114.96,233.20181833381722,0.71939594
114.97,235.38832362846836,0.80765736
114.98,236.03055790207816,0.8851827
114.99,235.4644165069493,0.81633806
115.0,230.98901747657195,0.6713445
115.01,224.23939438473946,0.5486134
115.02,216.96973355337929,0.574979
115.03,208.76153406864938,0.5788495
115.04,206.59710821935823,0.4574732
115.05,215.76305926726127,0.252219
115.06,224.99693755306947,0.38949615
115.07,250.95859638399753,0.3212823
115.08,255.53918028874114,0.083960794
115.09,248.25957220843108,0.13779803
115.1,246.33557182824666,0.18155724
115.11,243.3046425710863,0.487492
115.12,241.6812813106661,0.50794137
115.13,242.314615578443,0.47246635
115.14,243.91818990113006,0.24686323
115.15,255.65324035537571,0.22741307
115.16,252.84321634434914,0.048709616
115.17,249.579532959786,0.031782247
115.18,239.00297694335853,0.030801103
115.19,231.51544439220407,0.0350939
115.2,225.05279446883836,0.021771329
115.21,219.85696602267603,0.14831345
115.22,238.2933451742685,0.40994176
115.23,260.0332719555697,0.34788704
115.24,270.761700524757,0.5056163
115.25,271.786394262277,0.6984184
115.26,273.40660573382564,0.896602
115.27,274.0035853304193,0.95641863
115.28,274.0076216118719,0.95513797
115.29,271.7939599538192,0.9440457
115.3,267.6885805660301,0.91668254
115.31,262.90296806263956,0.9183168
115.32,258.3795558739864,0.87995595
115.33,254.05492337537095,0.89879256
115.34,251.5130239717186,0.9111984
115.35,249.13551477682375,0.89451444
115.36,247.4014515120718,0.9068708
115.37,244.66296185038237,0.87270284
115.38,240.5758427707504,0.69768286
115.39,233.3041264324709,0.5584974
115.4,226.9124675833484,0.4451012
115.41,221.02136415145068,0.4913676
115.42,235.8217166865546,0.19365352
115.43,258.171007814205,0.02155035
115.44,274.72457543795423,0.0066433465
115.45,275.8233621167506,0.073510796
115.46,272.0645910341567,0.15923919
115.47,268.87013700316714,0.15305877
115.48,245.33188993109252,0.11574244
115.49,220.07245021100584,0.09466718
115.5,200.78736275662112,0.08081897
115.51,177.50000251743876,0.091109715
115.52,156.37956670378668,0.08630084
115.53,140.8745502902222,0.5411447
115.54,137.523682653828,0.7542763
115.55,136.96757528359706,0.84153193
115.56,137.60092060611257,0.8464694
115.57,139.20188249629248,0.5891722
115.58,145.9214811547768,0.30637717
115.59,157.85722290801428,0.35502282
115.6,160.53239061969094,0.36873364
115.61,161.92312372739465,0.31708515
115.62,167.53431181228723,0.3981432
115.63,174.20213806062551,0.71205664
115.64,180.5725304667345,0.39614332
115.65,182.8065096857702,0.21650408
115.66,177.78567796823066,0.355923
115.67,174.2461993554679,0.42605454
115.68,166.90862798384106,0.24794796
115.69,164.39496549596728,0.23580234
115.7,148.2895388642881,0.68571603
115.71,140.74277330956045,0.74608815
115.72,141.62381163675818,0.7035299
115.73,144.7725373584731,0.7223996
115.74,148.15499276651508,0.88071084
115.75,151.2381553623224,0.8628171
115.76,157.33748886368363,0.76132566
115.77,161.72346190402394,0.9023782
115.78,164.52148133951724,0.90798616
115.79,167.29771685227723,0.77086526
115.8,173.32629884451615,0.76703894
115.81,176.4883295573452,0.8864753
115.82,177.06962518641956,0.9219975
115.83,176.40916333424292,0.9048049
115.84,175.65779983536663,0.9036381
115.85,173.4162776826276,0.8310938
115.86,169.18735015787124,0.6726646
115.87,164.61685516400667,0.59904605
115.88,161.01267047474664,0.6764965
115.89,160.20381844330336,0.9052922
115.9,161.33133180562135,0.8810797
115.91,164.5419493619724,0.80555993
115.92,170.51960435814505,0.7098502
115.93,175.18136026033008,0.8430136
115.94,179.55860827237177,0.83696115
115.95,182.6367038898097,0.90168303
115.96,185.15462574775353,0.9371116
115.97,186.43532506419655,0.91524035
115.98,184.58713155518575,0.86456156
115.99,176.7532058871593,0.8051052
116.0,171.86958854151197,0.76873523
116.01,164.2995224045153,0.7521741
116.02,158.14975988233533,0.89316076
116.03,155.40359589272282,0.936858
116.04,154.95633643326022,0.93443614
116.05,154.97686694283325,0.9291859
116.06,155.11998248661206,0.92048246
116.07,156.687319070924,0.89266115
116.08,159.34580142702129,0.7696542
116.09,170.0397065150003,0.45890328
116.1,188.24390995949864,0.423639
116.11,193.5157005968949,0.56109816
116.12,203.30429861866094,0.55271775
116.13,207.10430067429795,0.8279393
116.14,208.1988904201036,0.90307075
116.15,207.7441474411739,0.85835004
116.16,205.81043384135327,0.85788596
116.17,203.40102046804867,0.7552135
116.18,200.46152428818243,0.52801156
116.19,188.57886001099354,0.34929496
116.2,183.7389580092437,0.36371237
116.21,181.7229722505748,0.083116814
116.22,179.25342849701684,0.094580375
116.23,179.78921425904474,0.044187874
116.24,179.6696287857188,0.08374282
116.25,182.28578329092164,0.11566526
116.26,184.4270626616195,0.3362991
116.27,184.56236534449124,0.17816576
116.28,182.34928517373135,0.056855462
116.29,183.64349124705956,0.06788497
116.3,185.30948742288362,0.16046217
116.31,184.31218960630034,0.27358854
116.32,183.28248779530804,0.32467553
116.33,179.20008422048983,0.066271454
116.34,179.81076009342797,0.050077032
116.35,183.57400043383961,0.24623197
116.36,185.35744412150893,0.20088676
116.37,184.06719944757927,0.10427201
116.38,184.2146781851035,0.12322069
116.39,182.2467617578283,0.20953527
116.4,179.5839890595688,0.21338739
116.41,176.59871864920646,0.17903094
116.42,172.61947212681997,0.28289783
116.43,169.60848947778788,0.65876156
116.44,168.01623963302703,0.5966849
116.45,167.34556838679367,0.11444109
116.46,163.50580641128482,0.12978958
116.47,163.89848490817258,0.05413539
116.48,164.56189928872186,0.060658645
116.49,163.79251926005682,0.08812927
116.5,159.81197768509082,0.0600491
116.51,155.19411059300006,0.26457942
116.52,155.07186267400004,0.25709936
116.53,153.81091228970809,0.45873865
116.54,154.3585384443642,0.7225537
116.55,155.68173398636395,0.7503442
116.56,156.80206782328798,0.72868186
116.57,158.79060130845437,0.62421376
116.58,161.67389957119502,0.7439543
116.59,164.4378087641935,0.7779878
116.6,165.66875916691768,0.8850511
116.61,166.1671459268817,0.86887306
116.62,166.2226975060138,0.8767328
116.63,166.9445273848226,0.8629636
116.64,168.39721301615344,0.84297764
116.65,169.492010134791,0.8533381
116.66,170.35244677431817,0.790285
116.67,169.66867096084718,0.84512126
116.68,168.05788753001298,0.8883969
116.69,166.5729866964098,0.9151524
116.7,165.56553474945247,0.9174902
116.71,164.09732396860227,0.85435593
116.72,163.86532433185607,0.85199964
116.73,163.93623228905778,0.8708854
116.74,163.58466877341326,0.8350852
116.75,162.4446465701622,0.80522233
116.76,161.64032755462983,0.8452817
116.77,161.03546274241268,0.85083616
116.78,159.94376478763058,0.8179304
116.79,157.8279270884228,0.8030282
116.8,157.01125470939704,0.84746486
116.81,157.42248158438207,0.85650253
116.82,157.84299533193231,0.86833054
116.83,157.60236775760436,0.8747307
116.84,156.18589158727696,0.80471987
116.85,153.1863759927572,0.7916363
116.86,153.39326017686736,0.81902426
116.87,153.42356654458825,0.6494213
116.88,151.77670468622384,0.43105093
116.89,147.6985462733072,0.5403801
116.9,164.5488490566245,0.450011
116.91,181.88292460544739,0.20755945
116.92,214.7507213058317,0.1847174
116.93,232.46562783385414,0.08600209
116.94,261.3180357407222,0.7145687
116.95,258.9919398713206,0.7769587
116.96,255.3034047789255,0.8076375
116.97,253.6633759527192,0.8258758
116.98,248.76072085545078,0.66420674
116.99,245.64847121893047,0.6372999
117.0,242.6572322985784,0.5452571
117.01,239.2414053871563,0.35490248
117.02,234.42403720561452,0.5142771
117.03,233.09715215063926,0.5181993
117.04,234.13515045982223,0.25067028
117.05,233.8986892724243,0.31064215
117.06,237.6566669676313,0.57479596
117.07,242.72390597007023,0.21591605
117.08,246.14235542603225,0.217473
117.09,251.02953734938066,0.35537204
117.1,257.3709477222559,0.41917628
117.11,258.6872986829588,0.63515216
117.12,258.8259163532337,0.6857267
117.13,259.27299777483984,0.6458766
117.14,256.6117531132255,0.3979183
117.15,257.8735534477005,0.28758088
117.16,258.58662339650994,0.39298525
117.17,259.4013765148117,0.17168123
117.18,260.68392077146245,0.19723
117.19,259.7395671193935,0.13495047
117.2,257.900839182292,0.18045384
117.21,256.57934389464236,0.18291707
117.22,235.07111086343485,0.43492216
117.23,229.46475013633543,0.55794233
117.24,230.11641187226888,0.70823395
117.25,232.35552761216377,0.84957945
117.26,235.11905104816054,0.8777278
117.27,240.7935830367673,0.79912007
117.28,244.70093231444207,0.9093354
117.29,245.75927106716756,0.928831
117.3,244.94904631182547,0.9512509
117.31,244.01053944770982,0.9376701
117.32,244.0105520997321,0.93723327
117.33,245.01395089555174,0.9587743
117.34,245.59930642675798,0.953577
117.35,245.98783339232898,0.94051737
117.36,245.73207508881416,0.9507761
117.37,245.24152745251055,0.9576542
117.38,244.1599272384225,0.93318737
117.39,241.87573698276364,0.96026003
117.4,239.6628888783922,0.94393057
117.41,237.70743644096586,0.9276575
117.42,236.88830484492175,0.93377274
117.43,236.0612343959492,0.92148614
117.44,234.9887992922201,0.8971467
117.45,233.72012244311279,0.89381343
117.46,230.07924495381712,0.79605365
117.47,226.62907845644617,0.8877393
117.48,226.06133461882894,0.8744116
117.49,226.53456910894235,0.78652745
117.5,226.66493595974518,0.85517657
117.51,227.35539068424276,0.8403201
117.52,230.5085748940661,0.7620906
117.53,233.53384654434788,0.70790356
117.54,236.3853927830206,0.7434242
117.55,240.30058204359747,0.7977905
117.56,244.21174582607816,0.6314705
117.57,248.97276984981636,0.5426223
117.58,256.5054764871456,0.7823692
117.59,260.0733579849368,0.89075446
117.6,259.1844542939249,0.91771924
117.61,256.29246409335747,0.9291396
117.62,253.23154485136823,0.9168879
117.63,249.70517375119468,0.87379557
117.64,246.97161120554412,0.89135605
117.65,244.7600509820752,0.8937677
117.66,240.52953782568858,0.82439005
117.67,235.41059819655544,0.866629
117.68,233.74528625325652,0.94132125
117.69,233.41732099714633,0.91654325
117.7,234.59869870150987,0.88344705
117.71,237.27332186227872,0.8251491
117.72,240.47113045141253,0.8019558
117.73,242.52173871789606,0.79423136
117.74,244.11853323255005,0.778499
117.75,247.353803646576,0.82482606
117.76,253.2134528649432,0.8883892
117.77,258.82667824071774,0.9240596
117.78,259.38114532102384,0.93120885
117.79,254.6087051626054,0.93256515
117.8,252.59265359000256,0.9355184
117.81,252.91044595768852,0.9466411
117.82,250.9988583192794,0.9051847
117.83,244.05753567125277,0.73200005
117.84,232.35021162673866,0.45912778
117.85,219.56192518896987,0.6773579
117.86,214.63283063065617,0.8858964
117.87,216.7767946827503,0.8596853
117.88,221.80135681803293,0.8278659
117.89,227.00431003107877,0.63166684
117.9,239.35835767694886,0.6089872
117.91,244.37210442373055,0.8294656
117.92,249.31094374990138,0.764766
117.93,253.1274021528928,0.7020033
117.94,245.23471474342315,0.540821
117.95,241.9942449896047,0.6741032
117.96,243.69188558633678,0.6891171
117.97,253.6550158460258,0.5260865
117.98,275.0302819124844,0.46014065
117.99,275.80673611875847,0.6543757
118.0,279.8767274126772,0.8185445
118.01,282.23916815050336,0.9125004
118.02,282.978914956867,0.9288402
118.03,282.17872391499554,0.9020609
118.04,278.81035319981277,0.8568143
118.05,274.90215423723333,0.9077237
118.06,270.4739914177723,0.8851985
118.07,264.85602073599415,0.7555081
118.08,255.31141709984442,0.6782685
118.09,250.72491275723007,0.8408335
118.1,250.5023628596062,0.9105475
118.11,253.14316300552207,0.8488532
118.12,256.363008574289,0.7043699
118.13,260.11876576650855,0.57482934
118.14,262.1921294334813,0.56970865
118.15,263.86007389282094,0.6485327
118.16,263.68539158791157,0.48885846
118.17,252.22527822814695,0.3183796
118.18,285.681022165331,0.29388148
118.19,293.37568370689536,0.4225472
118.2,281.5964520968383,0.12162719
118.21,277.22725948016324,0.5815334
118.22,278.2414504095116,0.7779947
118.23,277.02444188633217,0.52773327
118.24,275.53228858279573,0.1679398
118.25,277.0622740819084,0.5558248
118.26,275.93578016252496,0.31519657
118.27,274.2957984089657,0.115293875
118.28,288.9036126638227,0.19470562
118.29,324.44119318004755,0.2869753
118.3,356.442387274104,0.37122217
118.31,356.51191748840074,0.4668147
118.32,357.79204774509606,0.44680414
118.33,357.4511893958314,0.5287216
118.34,358.2760333618496,0.6459149
118.35,360.0430657529128,0.614494
118.36,368.6726475696636,0.71576816
118.37,375.7844523276222,0.7731408
118.38,381.92883535489875,0.85868204
118.39,383.6174096376993,0.9003188
118.4,384.91968859924486,0.8618829
118.41,384.02861213123515,0.7879477
118.42,381.3388270327382,0.7302135
118.43,376.0073669640895,0.38426423
118.44,357.76776642048685,0.5386864
118.45,348.98469263305964,0.7079748
118.46,342.3676204126357,0.7254954
118.47,336.70413702570613,0.521187
118.48,331.7315289878698,0.40743732
118.49,306.8765810403944,0.22864555
118.5,310.607811547907,0.39947593
118.51,322.95573689398736,0.39691448
118.52,340.0570485170672,0.26629302
118.53,348.55298098382457,0.365218
118.54,379.29048338280336,0.30602932
118.55,386.4276175399866,0.72536767
118.56,387.9879902141593,0.8907424
118.57,390.22103414064367,0.92424375
118.58,390.4481471124265,0.8891696
118.59,387.6983191517812,0.76858956
118.6,382.522291510385,0.6876688
118.61,379.2860043941021,0.62393796
118.62,360.70190328076967,0.38744447
118.63,351.2940773990561,0.3023395
118.64,344.7904475894145,0.5723475
118.65,338.09431166262414,0.70178264
118.66,328.2524919798643,0.47431177
118.67,320.0812715968386,0.80364376
118.68,319.46455805736014,0.85266864
118.69,323.4926186118694,0.5309789
118.7,333.26678829202854,0.4682376
118.71,352.13022427117664,0.5674097
118.72,365.848356958131,0.64763755
118.73,374.8217282382233,0.6999363
118.74,378.7354605939705,0.85599047
118.75,374.7736998349017,0.7753538
118.76,364.5374726894305,0.6719914
118.77,349.4411374449689,0.58591866
118.78,340.4145711812467,0.5896301
118.79,325.02220726194344,0.47321066
118.8,316.10999858361515,0.7226099
118.81,316.703529189433,0.666858
118.82,320.7393194172075,0.58662456
118.83,331.97587306188103,0.39013705
118.84,350.5534541898009,0.36165905
118.85,392.2483707074747,0.39213526
118.86,395.5738281010964,0.4568214
118.87,414.90649567997366,0.43382838
118.88,448.0892899000776,0.6509638
118.89,462.0420767392122,0.72423255
118.9,471.1849367884599,0.8666198
118.91,477.5202125632637,0.86731535
118.92,484.02172579190767,0.88762844
118.93,485.76829162590235,0.9096895
118.94,482.96039962984565,0.86902934
118.95,475.12119439228013,0.7123453
118.96,467.46252491494573,0.61382973
118.97,459.53535317937235,0.36609122
118.98,461.4210662193956,0.2526241
118.99,464.5386483082898,0.3136194
119.0,469.87984406741197,0.59327173
119.01,471.9907607751856,0.3190678
119.02,469.6685536764292,0.2101958
119.03,461.3556384663027,0.25130498
119.04,461.8950644146745,0.5947204
119.05,471.0586969590236,0.8012998
119.06,474.8185577059707,0.87432206
119.07,478.5434565959414,0.8885313
119.08,479.09933825234475,0.83848363
119.09,474.5860354327081,0.67083514
119.1,468.8205675385299,0.5052097
119.11,459.1207499396418,0.24701147
119.12,436.5681623936751,0.15706179
119.13,416.50086175755496,0.3014887
119.14,403.39238072474507,0.715012
119.15,394.74349059561587,0.8851759
119.16,379.67543926413447,0.78559875
119.17,355.5970778971818,0.44403768
119.18,336.06402146005684,0.17780082
119.19,330.66027936093496,0.17532705
119.2,359.7123351515014,0.24870068
119.21,392.7770263270498,0.31411156
119.22,436.9858461418698,0.708461
119.23,437.31200572946335,0.848573
119.24,437.57669002081536,0.7551098
119.25,430.03768836349616,0.56595045
119.26,408.244762199546,0.6490187
119.27,400.2651342941883,0.55557626
119.28,353.04615349725395,0.3173139
119.29,329.9929084159995,0.27862084
119.3,332.9534609416123,0.2844943
119.31,288.6061281785467,0.34091914
119.32,260.3770772382618,0.7414461
119.33,261.80247078207907,0.64677495
119.34,269.4245831267044,0.69786054
119.35,274.6292325949209,0.46020138
119.36,289.9403630387121,0.56943446
119.37,292.9769884286442,0.6323339
119.38,291.53602114469334,0.5539719
119.39,283.65267971942586,0.34234276
119.4,274.14600731929403,0.46708587
119.41,269.0951089603887,0.47579497
119.42,269.56762099024724,0.15419821
119.43,260.3120733177831,0.08176533
119.44,254.7392409646788,0.35887983
119.45,254.00330266198745,0.6800247
119.46,254.11772537619524,0.7467808
119.47,257.1692892223136,0.76289046
119.48,264.92323438896875,0.78467435
119.49,272.8319116894839,0.83376634
119.5,279.2727440665797,0.8900882
119.51,285.19105608848554,0.8396901
119.52,292.2537146378877,0.86470395
119.53,293.71880697737237,0.82268906
119.54,286.9986941248806,0.7306819
119.55,278.77440396306594,0.7309389
119.56,267.96823124571256,0.8532497
119.57,259.5442240682559,0.85199594
119.58,252.84441303631948,0.8692195
119.59,244.7573360443838,0.867525
119.6,237.9585213744633,0.6675117
119.61,224.5594005378586,0.81975126
119.62,222.96966829214614,0.9135936
119.63,224.99614568992092,0.7455881
119.64,234.0415401583809,0.39730474
119.65,248.10289507453493,0.3539749
119.66,277.94026553389426,0.49083483
119.67,284.5420658917138,0.66595787
119.68,292.14693932623953,0.79720324
119.69,296.07301716662045,0.89459527
119.7,298.0759268180564,0.9431003
119.71,298.1627992078831,0.93580455
119.72,295.88836446873995,0.9290074
119.73,291.7343734516136,0.83152896
119.74,285.0448412189577,0.6905087
119.75,275.59527640737485,0.81605244
119.76,269.52948079445014,0.8319216
119.77,260.3867665249526,0.5378199
119.78,247.85348272438546,0.54536265
119.79,235.8316546618393,0.79664797
119.8,233.78229405307906,0.90722805
119.81,233.44065460643094,0.8860456
119.82,236.61055235495178,0.76091576
119.83,242.05166011258098,0.7430291
119.84,253.3036042190589,0.31521305
119.85,281.30763416943694,0.32637635
119.86,284.59992155020905,0.56455284
119.87,287.95263203706446,0.8259238
119.88,291.70164548365096,0.9152983
119.89,294.12743909030615,0.9656641
119.9,294.1305301640149,0.973271
119.91,292.1767164623398,0.92208314
119.92,288.5013489758927,0.8804282
119.93,284.3735564204577,0.843016
119.94,278.46286837487395,0.8150515
119.95,274.4136118176759,0.8574197
119.96,268.74439064615973,0.81275684
119.97,259.81928260646686,0.62913686
119.98,249.10385451500193,0.65487313
119.99,243.902002199799,0.76610917
120.0,241.91122508955368,0.85490316
120.01,243.35792059751702,0.8041967
120.02,263.7032367170822,0.66598254
120.03,293.81432360407786,0.26165682
120.04,329.17064217512893,0.23631516
120.05,331.7166433621384,0.36431608
120.06,332.5351788924969,0.82036066
120.07,334.65407369795685,0.8180267
120.08,336.2753918683682,0.5046469
120.09,303.8290834256378,0.32295454
120.1,269.83610206423396,0.22794387
120.11,245.8617386526531,0.33661804
120.12,234.86791422204493,0.56301224
120.13,227.13899861503933,0.7616654
120.14,223.95017658217768,0.91612655
120.15,223.4230678089685,0.94084156
120.16,224.68317277863147,0.8967282
120.17,226.8168840647545,0.90459615
120.18,229.93590563919895,0.8643896
120.19,233.93121628555036,0.9127079
120.2,238.33361236185797,0.82994306
120.21,240.8413948667348,0.87089604
120.22,236.67767384845058,0.8165767
120.23,231.4876218880082,0.8314501
120.24,226.5353577519311,0.89187413
120.25,220.65547301403282,0.8858214
120.26,215.06019825779904,0.8913681
120.27,211.36554548670722,0.93303835
120.28,207.39027422493717,0.88278586
120.29,203.47243559218697,0.90113556
120.3,202.4297920180532,0.87782097
120.31,203.43860676089304,0.84013337
120.32,207.073089087425,0.802729
120.33,211.07027787845738,0.78724265
120.34,216.03984634691713,0.6693123
120.35,218.69419735364673,0.49170935
120.36,226.08157192767135,0.37108612
120.37,248.72162169766912,0.25775325
120.38,265.6332690319068,0.18379699
120.39,280.8369942922622,0.0957352
120.4,297.4936344091518,0.121327296
120.41,297.24170405657514,0.23329887
120.42,292.8119064025925,0.37950647
120.43,292.7284011499017,0.3718031
120.44,293.33221896665543,0.37701073
120.45,297.7105470359295,0.3323688
120.46,301.88939377234334,0.21372631
120.47,306.86918504047105,0.20332025
120.48,310.40765864251676,0.3189237
120.49,315.0976788030047,0.2515722
120.5,321.47011119089586,0.22807062
120.51,317.5203291031186,0.07579544
120.52,315.97856396080635,0.07128968
120.53,313.8359435396415,0.22545551
120.54,317.47264949369224,0.44233543
120.55,327.0756194933347,0.6115665
120.56,327.9579213292724,0.77277607
120.57,327.26122791145156,0.83430374
120.58,327.13263188336384,0.84023166
120.59,326.5948262284967,0.89321727
120.6,325.7388097806652,0.8213922
120.61,325.1402169489,0.6414601
120.62,328.63908055480397,0.5201447
120.63,306.29991205972925,0.4156306
120.64,269.543263596388,0.8014542
120.65,240.67979286993852,0.7174307
120.66,208.00589712371112,0.7627601
120.67,192.58742347803923,0.6070911
120.68,198.93301148006623,0.83924687
120.69,200.43958012350004,0.8824965
120.7,201.2166552041593,0.8923489
120.71,200.91529942505412,0.83419555
120.72,198.74979433231576,0.80955106
120.73,196.00471224229466,0.8337433
120.74,191.49595783910823,0.7381791
120.75,187.89450020332058,0.84062123
120.76,185.569385936098,0.89714384
120.77,181.85966959267233,0.85978353
120.78,179.1693011726041,0.9131829
120.79,178.17426398216628,0.9227816
120.8,178.19038736280615,0.91901416
120.81,179.14943459838764,0.9091975
120.82,180.8702479447837,0.8107546
120.83,184.20224129650845,0.5851805
120.84,193.8148428493386,0.6026108
120.85,199.78805015173197,0.5285194
120.86,209.31110262450466,0.43650526
120.87,219.87199479440278,0.672873
120.88,222.55956167098478,0.7504937
120.89,222.50411256407898,0.7118115
120.9,219.67973942490846,0.6551285
120.91,212.878918198267,0.38397974
120.92,202.4242899851778,0.6190792
120.93,195.21642368884778,0.45828533
120.94,190.33363653845674,0.48035365
120.95,186.35991206537278,0.71954066
120.96,183.85741712075188,0.85811335
120.97,181.31070605533978,0.8852263
120.98,180.32527298821964,0.9021089
120.99,180.63604468371764,0.8457938
121.0,182.1444872787934,0.82668316
121.01,184.13786987226928,0.76269
121.02,185.54753539825427,0.6608221
121.03,189.6474006586399,0.36568928
121.04,194.75396955984013,0.5026435
121.05,196.53296919915005,0.6144919
121.06,198.82960610518228,0.72726214
121.07,201.54422933979265,0.85976815
121.08,201.98997001254355,0.85912824
121.09,201.39160216913083,0.83400524
121.1,201.14274340238094,0.81410825
121.11,201.08896134505227,0.7883296
121.12,200.7149321495964,0.74036855
121.13,199.89804043828428,0.6628838
121.14,199.12316581325285,0.7992304
121.15,198.9026118335664,0.82750154
121.16,197.12301890613048,0.8219818
121.17,193.62144931986376,0.51025283
121.18,186.81576884957258,0.7495411
121.19,184.35886672622357,0.8876069
121.2,183.5139332652746,0.9333094
121.21,182.83619037435489,0.9115507
121.22,182.9876679219634,0.887931
121.23,183.4847952244619,0.7430487
121.24,185.4609592284069,0.3525102
121.25,191.58376419605656,0.3163029
121.26,204.72132645516456,0.10648125
121.27,217.71681562423885,0.5765836
121.28,219.76452382396545,0.8554019
121.29,218.57895074661593,0.81191903
121.3,218.31706120225488,0.6933572
121.31,214.33169980294468,0.39426374
121.32,195.59070148161913,0.53009117
121.33,182.0952968914324,0.61451155
121.34,168.39683493494422,0.34415412
121.35,163.9383572606681,0.31387374
121.36,151.17219907458062,0.18407844
121.37,147.24136176649446,0.13232532
121.38,146.05280265792965,0.26082817
121.39,139.40274480982248,0.27769673
121.4,135.26357177484596,0.23520133
121.41,134.03999653675083,0.18764177
121.42,133.8876794928402,0.28865096
121.43,129.26378846850585,0.46573365
121.44,125.06708150022975,0.24445032
121.45,124.59227703482978,0.12832949
121.46,121.85581545077065,0.077297635
121.47,118.16326349899722,0.060164995
121.48,113.92116516943601,0.1492661
121.49,108.15811053940547,0.34092325
121.5,103.18880027258783,0.28531358
121.51,100.58587991288755,0.12809725
121.52,97.49292504384559,0.079469584
121.53,95.402196697824,0.086709216
121.54,91.70129386240421,0.047335386
121.55,89.53302169970354,0.085940614
121.56,91.40914244586206,0.36334586
121.57,92.61025719094366,0.71692616
121.58,93.81021378572287,0.6173869
121.59,95.81465941537411,0.3987786
121.6,108.1819938269658,0.19770184
121.61,121.19299026810019,0.64646107
121.62,122.6891810014352,0.8378548
121.63,124.11517841803006,0.84655106
121.64,126.69646518691194,0.70661026
121.65,131.19144645807273,0.6016826
121.66,135.39035394912287,0.58906156
121.67,139.67485087614367,0.7509604
121.68,142.26279656812557,0.8462985
121.69,142.58717762997316,0.80090314
121.7,140.62476560028435,0.70090467
121.71,138.161568610627,0.6944042
121.72,135.21375222529593,0.61430025
121.73,130.25473332571852,0.68114924
121.74,124.93915749986226,0.7800002
121.75,122.06172811371913,0.82703096
121.76,118.31899361851094,0.8008172
121.77,116.47178840922115,0.8293621
121.78,115.58952878970415,0.9020123
121.79,115.24279627395435,0.9017797
121.8,116.33221412383911,0.88697606
121.81,118.64135486255086,0.77584714
121.82,122.33292294702972,0.76032597
121.83,124.64520086529288,0.82944316
121.84,126.79739792684995,0.8091263
121.85,130.94169199678606,0.7539556
121.86,134.22883168602223,0.8133724
121.87,137.2114976568281,0.8826716
121.88,138.38626852126902,0.9284341
121.89,137.73905214235785,0.90357393
121.9,136.13264176168744,0.8536794
121.91,133.64795275299235,0.87785906
121.92,131.5657475047043,0.93562585
121.93,129.65016239292464,0.8951199
121.94,126.64496496705604,0.80936146
121.95,123.58937665823612,0.86113954
121.96,120.21932058556331,0.7914137
121.97,117.26649404895511,0.88377345
121.98,116.27498146342553,0.8952905
121.99,115.97469303101852,0.9030889
122.0,116.10689148371547,0.9177413
122.01,116.85333986738421,0.95600724
122.02,118.10559811954212,0.80090237
122.03,123.56395778582691,0.48058096
122.04,129.0585603185095,0.75748235
122.05,131.35704020073663,0.9240179
122.06,132.30337408344985,0.93281144
122.07,132.53787949192161,0.9501235
122.08,132.40639462372516,0.95092374
122.09,131.89443675146856,0.9461895
122.1,131.4327500507626,0.95724064
122.11,131.40007353865334,0.95519876
122.12,131.80456538706918,0.94243157
122.13,131.65252998179614,0.93665004
122.14,130.59162464771555,0.88618505
122.15,128.02704162110223,0.76264435
122.16,124.21640378587662,0.8329924
122.17,121.11936256032044,0.8974988
122.18,120.02272289511325,0.9240962
122.19,121.32696884452008,0.7693946
122.2,125.19632127645708,0.7527657
122.21,128.39093462159292,0.8021993
122.22,131.70939889636313,0.84224087
122.23,134.15538374640963,0.8681641
122.24,136.53947364256322,0.863275
122.25,137.73826088938307,0.90259093
122.26,137.90152927267653,0.86185014
122.27,137.46600095531778,0.89514023
122.28,136.5749095677608,0.8349263
122.29,134.38445061350774,0.77417034
122.3,122.8955207444126,0.29575527
122.31,117.4203719781948,0.18501101
122.32,112.5339958460307,0.19057147
122.33,111.74315347947889,0.20328107
122.34,116.76122013342912,0.06653157
122.35,127.7939971594113,0.05321132
122.36,138.5985681751011,0.18795761
122.37,148.37402711377396,0.3004563
122.38,149.66887465530098,0.5200365
122.39,150.74338382810055,0.654399
122.4,168.03280765689317,0.48350707
122.41,194.67614825140794,0.50275457
122.42,219.93245249194507,0.20970006
122.43,229.2454633160682,0.48085555
122.44,228.78262361322615,0.5250653
122.45,223.3366745029055,0.48722672
122.46,218.48130007988343,0.45139644
122.47,216.0801454037886,0.14789192
122.48,238.4035661033588,0.06123894
122.49,260.78479205286203,0.0890992
122.5,252.15829087544577,0.101154566
122.51,236.11947821819518,0.124782614
122.52,226.3627394097469,0.12868258
122.53,254.31866996006318,0.276495
122.54,273.256945789069,0.43344364
122.55,290.84644781387556,0.3328221
122.56,300.6413272924167,0.4529135
122.57,299.0993667666375,0.41394228
122.58,302.54202464663473,0.38779795
122.59,304.9060982134834,0.3432517
122.6,272.88661158495347,0.19938189
122.61,234.90354959614547,0.22525094
122.62,209.42395616084227,0.29896098
122.63,213.81654989221977,0.60559994
122.64,215.53410213668923,0.83959156
122.65,216.08317892592106,0.8746065
122.66,215.0226132557745,0.8349828
122.67,211.70877800750816,0.68572444
122.68,200.4868229186195,0.4907855
122.69,182.02140361171203,0.4329901
122.7,176.74708412368776,0.7415988
122.71,175.41759432463522,0.8657354
122.72,175.71105564635343,0.86496
122.73,176.9617954065282,0.6210037
122.74,183.38592923823794,0.618291
122.75,194.93741262085842,0.38244393
122.76,212.72098403352825,0.06297006
122.77,220.44797402445965,0.188242
122.78,221.23993159415363,0.19499466
122.79,218.62109893920095,0.23617294
122.8,213.43615345447688,0.15817188
122.81,202.94436767379113,0.32789713
122.82,186.35008525776104,0.5702625
122.83,170.18480186932214,0.4080068
122.84,162.9043052816959,0.38742507
122.85,156.37744557455886,0.44796148
122.86,148.08174125809953,0.48590988
122.87,139.60752464615217,0.64849573
122.88,129.43334005377795,0.68192345
122.89,119.16859550626279,0.7373509
122.9,116.74438606387685,0.798291
122.91,116.90325441052339,0.81662977
122.92,117.3755402447265,0.856887
122.93,118.26830092177073,0.89953345
122.94,120.13695901752426,0.78241605
122.95,122.10033274319221,0.84136486
122.96,123.10698283211909,0.874008
122.97,123.876970906296,0.89941114
122.98,125.62477339073615,0.79545647
122.99,127.84439074197996,0.8024189
123.0,130.44986886941777,0.8682666
123.01,131.6027408310204,0.9364836
123.02,132.57713826445075,0.94664204
123.03,133.5345344282314,0.93960613
123.04,134.57679087138192,0.9481131
123.05,135.9471147530597,0.93328124
123.06,136.6379223762415,0.89688754
123.07,136.7983606707374,0.879975
123.08,136.18617750672198,0.9069678
123.09,135.3173567099545,0.89275044
123.1,133.57743996195177,0.81096625
123.11,131.70548951201096,0.73446095
123.12,130.20845124651171,0.7283651
123.13,128.8984046030389,0.5407433
123.14,124.95889100056999,0.75049794
123.15,124.07101690185243,0.66560173
123.16,123.90689980978941,0.628899
123.17,124.78035295545055,0.46765038
123.18,128.60004586314506,0.4090079
123.19,133.04978948487275,0.6585484
123.2,139.12341865408115,0.7780878
123.21,141.3922070824926,0.8489028
123.22,142.69683621045937,0.8957962
123.23,143.99379099295967,0.8542604
123.24,145.13956953237846,0.82469726
123.25,159.82422475343282,0.5714067
123.26,182.61384413426663,0.664449
123.27,207.2269947765286,0.61016905
123.28,234.04488982896183,0.5930095
123.29,250.9414529029763,0.5729589
123.3,249.39204666832973,0.64637595
123.31,257.44760693389526,0.38489485
123.32,274.28662208388346,0.32916948
123.33,302.50045072680626,0.38694227
123.34,309.813229574003,0.4979165
123.35,315.2496402359775,0.6280012
123.36,317.65497479768226,0.77225775
123.37,322.24957958715214,0.7453232
123.38,327.1193516807108,0.8893118
123.39,329.2217441501556,0.927281
123.4,329.1080200599523,0.9266295
123.41,325.63058860909473,0.8114364
123.42,318.21408237922986,0.674265
123.43,311.9448933503032,0.66339284
123.44,299.50161674578476,0.6201093
123.45,292.08541122686904,0.64054775
123.46,281.21184027184717,0.68734366
123.47,276.0718598864893,0.7899506
123.48,272.23124097463045,0.58347
123.49,261.3975256739604,0.33493036
123.5,271.16891352374364,0.18717021
123.51,281.5753980569624,0.18147935
123.52,293.7679219567693,0.28221834
123.53,307.2959388340457,0.21275578
123.54,316.6295103944116,0.3765534
123.55,322.4536923456328,0.58399236
123.56,327.98080317011005,0.81329805
123.57,329.55229094309686,0.8707094
123.58,327.26766313013036,0.8191176
123.59,319.7708581364831,0.71459794
123.6,310.6659396925914,0.80632806
123.61,299.43110209841507,0.64167
123.62,284.4268801657757,0.8391906
123.63,276.9492191090205,0.8641233
123.64,272.5504308503042,0.9492972
123.65,265.5779255185948,0.85471916
123.66,257.09676948154663,0.84036285
123.67,252.57035576290693,0.8839044
123.68,253.3546199947133,0.7149324
123.69,261.2214318716016,0.5603017
123.7,286.43087078905194,0.5500628
123.71,295.30335399279164,0.7926733
123.72,302.2669478433987,0.8978157
123.73,307.4883670828089,0.8821563
123.74,309.60664320495147,0.7879218
123.75,311.2346470307536,0.59606326
123.76,311.1794886549003,0.71952623
123.77,311.1079188505656,0.78388053
123.78,306.2663226515884,0.6504734
123.79,300.5712024500455,0.64332235
123.8,298.0848655096398,0.709759
123.81,292.270166337561,0.6885361
123.82,288.45401682473135,0.7754806
123.83,288.75496525464985,0.8072552
123.84,291.34251945251935,0.84679776
123.85,294.62417480742255,0.89725584
123.86,298.2953216442883,0.8762676
123.87,303.36025652751107,0.85151464
123.88,307.06091464644885,0.7329512
123.89,307.1179254991172,0.64272475
123.9,307.648868364172,0.7979865
123.91,308.72493066186195,0.8527034
123.92,308.2793181989127,0.8250376
123.93,301.08160835806933,0.71589255
123.94,284.12771543626366,0.5391983
123.95,269.11289626488747,0.7876984
123.96,255.79003830698474,0.62477845
123.97,239.51061245778934,0.64387566
123.98,226.97817737974432,0.7836928
123.99,222.73854281228577,0.8727338
124.0,221.85010918652722,0.49385306
124.01,224.14235347686594,0.4753094
124.02,228.35497256502236,0.71313554
124.03,232.87336556189524,0.53318256
124.04,242.28942444688693,0.5447419
124.05,245.19561529471974,0.8000246
124.06,250.24673967875074,0.7034323
124.07,259.87050248980705,0.40954778
124.08,271.8321975754019,0.87867856
124.09,273.88714131170036,0.9136702
124.1,274.9178397949428,0.92870927
124.11,274.02361138668095,0.9325318
124.12,274.5428637445413,0.9522021
124.13,273.74494582501876,0.9371923
124.14,271.1601907281274,0.93004525
124.15,267.3495182274807,0.8689708
124.16,253.40649750171218,0.28304532
124.17,234.29351032593726,0.7465996
124.18,229.66312637622872,0.8424883
124.19,228.2836707933081,0.8893545
124.2,228.25913900841098,0.88656604
124.21,229.8817327579747,0.73097306
124.22,235.14048058577123,0.68027425
124.23,242.65002019758427,0.4720635
124.24,272.665986123475,0.5365627
124.25,282.8104880992101,0.79854566
124.26,289.53115580918785,0.7063777
124.27,294.58160708608233,0.9024011
124.28,290.6306559542792,0.8013674
124.29,285.0974237997905,0.85190386
124.3,275.09793692526534,0.603943
124.31,261.9477728441709,0.67554265
124.32,248.66181893213974,0.6949346
124.33,239.6842205236912,0.85882604
124.34,229.63889170576897,0.5831794
124.35,222.76204317058438,0.89056426
124.36,221.9146460023707,0.878131
124.37,223.5488683331639,0.8090007
124.38,228.81112840961904,0.74450094
124.39,234.43975463589925,0.6854877
124.4,244.3568108730271,0.43743432
124.41,262.43771218322786,0.32688498
124.42,275.72025035138523,0.479544
124.43,290.7887971621798,0.66293925
124.44,290.9354006013933,0.78223526
124.45,287.7927760054262,0.7423616
124.46,278.06584000516614,0.6125307
124.47,272.2561762899895,0.7776936
124.48,264.6969491158295,0.6307021
124.49,249.90744999663008,0.6262181
124.5,238.11346620121634,0.6068944
124.51,229.52146224936425,0.7100379
124.52,224.47723297007724,0.73766315
124.53,219.27479774491053,0.8044016
124.54,218.156420337684,0.79099786
124.55,221.28032288382178,0.62934095
124.56,226.30774906689987,0.44132367
124.57,248.69188086439027,0.22827598
124.58,281.20599948470004,0.43049362
124.59,309.22751888083764,0.66142267
124.6,312.67305955786804,0.737133
124.61,313.75670599338315,0.8872057
124.62,314.399737622191,0.8842599
124.63,311.3149122975712,0.76442564
124.64,303.52362328865735,0.5308824
124.65,287.4276768925996,0.42945114
124.66,263.5103198982113,0.3485678
124.67,233.51606770346837,0.33084363
124.68,218.71265507708455,0.43369126
124.69,213.46380619489042,0.7488351
124.7,210.6065761137939,0.89265174
124.71,210.45863546700696,0.8485546
124.72,213.4566676620898,0.585288
124.73,224.50146055487363,0.32307535
124.74,241.87332311495638,0.3295026
124.75,272.3895474799594,0.7897758
124.76,279.93502328913,0.81261003
124.77,277.96621500025077,0.7815189
124.78,276.6632651991479,0.7527962
124.79,273.5160014859502,0.6910251
124.8,268.9560659122982,0.6079725
124.81,267.28680131915195,0.4907963
124.82,246.7081855675696,0.29077733
124.83,233.26752683484298,0.2404672
124.84,216.12758102504043,0.2331396
124.85,199.26399566244694,0.12084242
124.86,191.26946699623903,0.036840614
124.87,179.60659689519485,0.048048493
124.88,166.53952735997055,0.05239036
124.89,158.10232010630642,0.19353348
124.9,165.4065346215781,0.6900481
124.91,168.70582777404286,0.46042064
124.92,178.8442924075666,0.77413857
124.93,181.00043058288531,0.844317
124.94,185.21924893505596,0.7233004
124.95,187.2114932549798,0.789182
124.96,187.8580829924938,0.6490001
124.97,193.35879326740167,0.22002181
124.98,181.67176725795173,0.034872692
124.99,168.51574655355049,0.025945883
125.0,154.20795085718927,0.065015785
125.01,142.6158419118479,0.1296851
125.02,131.99606640640266,0.1663317
125.03,121.2663834283265,0.22298233
125.04,110.97934276292742,0.56312
125.05,102.06794320400749,0.21975
125.06,94.15321709664964,0.18547043
125.07,86.66126322224113,0.14065938
125.08,80.83694477330171,0.11040985
125.09,75.93724765472372,0.35056254
125.1,69.11274342779575,0.34937125
125.11,64.31081241775502,0.39494172
125.12,57.066617872622615,0.16433555
125.13,55.120469198215616,0.2617036
125.14,49.45775949551155,0.1600857
125.15,45.26957407558062,0.081942864
125.16,41.70583342412792,0.10683033
125.17,41.90053375573393,0.075337626
125.18,42.15304614246847,0.21719246
125.19,42.598228443363254,0.3333448
125.2,42.85059236965377,0.26661816
125.21,41.99668285549567,0.22506426
125.22,41.088879674110274,0.13017805
125.23,41.304986326120854,0.20183894
125.24,42.06050002533394,0.36318615
125.25,42.09659189306022,0.22769688
125.26,39.88680856990409,0.19532515
125.27,39.908623039102096,0.3564448
125.28,40.01134097880989,0.535057
125.29,40.084847944605585,0.64701617
125.3,36.07247308916484,0.4753724
125.31,32.667233543753,0.6215635
125.32,32.95274287177111,0.5596043
125.33,32.81336905639005,0.5850552
125.34,32.57884389644684,0.34765667
125.35,33.24702841463705,0.28559864
125.36,34.81348243472348,0.36036646
125.37,32.65838666487933,0.12812941
125.38,32.395465260964485,0.18367282
125.39,32.44487553089156,0.11381016
125.4,32.768548364745065,0.1441605
125.41,32.52873282665181,0.2191795
125.42,32.36084574420697,0.07371246
125.43,32.25553979507311,0.08384691
125.44,32.29627056394329,0.16790439
125.45,32.47981360458149,0.23547406
125.46,32.931056743641804,0.5873499
125.47,32.94486049209863,0.39477
125.48,33.01467560573038,0.11939094
125.49,34.126605993488866,0.49783644
125.5,33.44590207956681,0.27239603
125.51,33.13968934383954,0.07354005
125.52,33.1004257497625,0.17243697
125.53,33.26770639293015,0.35553738
125.54,32.13502083436282,0.06418784
125.55,32.12888788046405,0.04648327
125.56,32.21163530260264,0.045600083
125.57,32.23903906561845,0.06202557
125.58,32.388696744754945,0.16975453
125.59,32.91818151834923,0.5856806
125.6,32.51987721847411,0.11550593
125.61,32.369736051460336,0.115628436
125.62,32.28162542133673,0.21523507
125.63,32.268321744140216,0.041901924
125.64,32.78854121711996,0.059867423
125.65,32.98681171034056,0.13551138
125.66,33.06721536051347,0.05312564
125.67,33.22155873996608,0.06335011
125.68,34.44047874792155,0.07525511
125.69,32.30751908010652,0.07419718
125.7,32.43769068571703,0.13799424
125.71,32.450834770652484,0.12022673
125.72,33.525932258031204,0.12618597
125.73,33.501179771598316,0.33955827
125.74,33.31412799294368,0.38047874
125.75,32.89434899630109,0.14971223
125.76,32.87136050233237,0.048064042
125.77,32.11963799945983,0.11267392
125.78,33.05971467967221,0.04363946
125.79,32.28930428682673,0.062104356
125.8,32.17810159636339,0.027426917
125.81,32.28400619442854,0.019029498
125.82,32.35499586138558,0.032564845
125.83,34.51683452283768,0.11488363
125.84,34.826410341527236,0.3474618
125.85,35.14053978461119,0.5691269
125.86,32.48001298509531,0.58937985
125.87,32.312856311969476,0.28603804
125.88,32.3173715920512,0.33226475
125.89,32.576625392138624,0.46673366
125.9,32.28995074462526,0.67751825
125.91,32.14708801773307,0.77792174
125.92,32.20791206164271,0.7649182
125.93,32.17252417738351,0.6540431
125.94,32.29406195495542,0.33925167
125.95,32.25268453384388,0.24979444
125.96,32.02558358404976,0.47709116
125.97,31.93603733077939,0.6971165
125.98,31.906542405337007,0.7335926
125.99,31.919210017261747,0.6451503
126.0,32.042592760170486,0.4732446
126.01,32.46861259552632,0.24073385
126.02,32.49676427275553,0.501439
126.03,32.469973536139605,0.3833074
126.04,32.348294011067324,0.2858797
126.05,32.44612543753781,0.48154643
