0.93276507,1.0,0.60251975,0.5364873,0.5981642,0.64345324,0.6027429,0.40684292,0.55482394,0.4250657,0.62281066,0.7469025
0.69705653,0.8349384,0.6488867,0.69123745,0.8625219,1.0,0.75065094,0.55068,0.58565205,0.44459563,0.7087321,0.6810433
0.2443417,0.27524674,0.3228207,0.61477894,1.0,0.8446666,0.7655533,0.6420391,0.35779443,0.22567645,0.35918608,0.3983751
0.16489883,0.20329493,0.20969622,0.41342747,0.9822007,1.0,0.86614037,0.747403,0.25360417,0.13879277,0.1307744,0.18521199
0.21007451,0.37527952,0.41161022,0.3588893,0.63492763,0.8933701,0.87692064,1.0,0.33271503,0.12954159,0.098877095,0.1301174
0.1765982,0.16020091,0.49031934,1.0,0.6070003,0.43160796,0.15657163,0.085193895,0.09926618,0.07402656,0.090331785,0.11508563
0.13958937,0.16940758,0.24088635,0.6714982,1.0,0.35073313,0.11422135,0.06883529,0.096048184,0.089489125,0.10842453,0.13936424
0.075139865,0.1108626,0.14281033,0.30816728,1.0,0.41539598,0.06767273,0.03419983,0.038592674,0.05646133,0.06858539,0.09780236
0.11820557,0.17425373,0.18285911,0.42393184,1.0,0.50968176,0.18682931,0.28835976,0.240415,0.32517487,0.17176908,0.1757277
0.15096101,0.21687548,0.39436716,1.0,0.8464541,0.37342605,0.20861766,0.31241897,0.3746442,0.67654437,0.26316604,0.220419
0.31669092,0.120817654,0.29412422,1.0,0.97306377,0.5137438,0.15311393,0.11538182,0.21046226,0.33824602,0.16787815,0.23303102
0.486569,0.19680794,0.15092362,0.33619955,0.42544845,1.0,0.3747131,0.038320415,0.0797417,0.1356198,0.043805666,0.11281186
0.34123555,0.28152046,0.09427253,0.18316482,0.2126318,1.0,0.50726074,0.047829233,0.03893207,0.058909282,0.033004988,0.051134802
0.4165235,0.35020414,0.06531308,0.1538225,0.15990128,1.0,0.7449167,0.04375146,0.019854186,0.037510153,0.025194425,0.03457054
0.6020533,0.25310048,0.07744217,0.15747644,0.10408845,1.0,0.43061194,0.020047078,0.011535924,0.02903546,0.00899028,0.039685167
0.5251448,0.30680186,0.086200096,0.34652618,0.1256717,1.0,0.39576802,0.012103564,0.0094036395,0.042833377,0.014624256,0.026772786
0.41284996,0.63405645,0.24081603,0.35312685,0.14671129,1.0,0.6742495,0.06742944,0.0125169875,0.058870852,0.04547859,0.020700382
0.08027693,0.86002326,1.0,0.12989944,0.07005145,0.15042996,0.33469695,0.17854083,0.013560115,0.017634744,0.038007747,0.015114271
0.03278487,0.9140275,1.0,0.087433234,0.026588269,0.020475363,0.14929809,0.1224705,0.008412093,0.008050971,0.031158345,0.01828075
0.038984213,1.0,0.7466278,0.02285591,0.015781475,0.008260193,0.0876933,0.06613944,0.0037276652,0.005883137,0.03481541,0.017432857
0.117058374,1.0,0.3925218,0.011790775,0.022358194,0.015234653,0.04343701,0.020379813,0.002130773,0.005587379,0.018773008,0.011025791
0.65787953,1.0,0.21512787,0.017091302,0.048665542,0.10135053,0.048129044,0.010164671,0.013133342,0.029045146,0.014304345,0.1312554
1.0,0.119798444,0.025544362,0.019410819,0.067429125,0.099727385,0.012934863,0.005317399,0.035026897,0.037062995,0.022818433,0.6343968
0.50692093,0.021290854,0.012347668,0.032112975,0.09411011,0.032275684,0.0028265032,0.009740547,0.038663134,0.016394453,0.14403413,1.0
0.11985872,0.022545693,0.021938162,0.15713313,0.1619244,0.016081767,0.00451539,0.032457247,0.033737216,0.040844858,0.75607383,1.0
0.016536562,0.021529524,0.08377693,0.28677243,0.07699284,0.0069711697,0.014241167,0.040410195,0.014608488,0.17890999,1.0,0.3111376
0.025329784,0.05483498,0.5110952,0.45882362,0.044560883,0.009183208,0.04008028,0.03961494,0.03394298,0.6527237,1.0,0.07839433
0.019579438,0.24447341,1.0,0.25913617,0.017332893,0.011453165,0.026832346,0.012275195,0.122724764,0.60707504,0.22453608,0.014437027
0.06907518,0.86400473,1.0,0.08319951,0.011134273,0.010828206,0.010641265,0.024174437,0.31078327,0.3512433,0.0373084,0.05086919
0.26960087,1.0,0.30391937,0.013171356,0.007647345,0.010527216,0.0048451372,0.09076531,0.3018675,0.074600406,0.054943565,0.08761441
1.0,0.9122474,0.0883201,0.008145119,0.016834546,0.011830093,0.044537205,0.41563985,0.2760091,0.05203852,0.16197506,0.17047764
1.0,0.19225557,0.011528519,0.011110249,0.013715019,0.0100667495,0.18843487,0.46229222,0.0869039,0.10534783,0.11870374,0.44157368
0.53191376,0.03620736,0.011420258,0.018384358,0.011121143,0.06179093,0.42134532,0.22980912,0.04149971,0.14002272,0.23787956,1.0
0.06605873,0.010048245,0.01576427,0.012715132,0.025707508,0.11279907,0.17039397,0.03782553,0.053661346,0.336849,1.0,0.6059333
0.015974341,0.017204588,0.0191189,0.038172346,0.04729088,0.046312377,0.027231393,0.03828062,0.2765144,1.0,0.97210056,0.12948808
0.059199758,0.0974106,0.35901693,0.23672199,0.04386029,0.015055773,0.07982387,0.476559,1.0,0.91267055,0.34548375,0.06920027
0.14168426,0.7682518,1.0,0.1723571,0.01039744,0.054055195,0.2195401,0.44703874,0.25711352,0.081134744,0.2289499,0.18757631
0.64727473,1.0,0.35219538,0.043529715,0.066881165,0.29711455,0.17912424,0.041397233,0.02487477,0.12157632,0.2587583,0.16502458
1.0,0.7090622,0.31690702,0.33952695,0.961662,0.9490068,0.13253573,0.029097375,0.06019152,0.11120192,0.06664547,0.19202465
0.07709557,0.08585697,0.19405949,0.5469229,1.0,0.3462714,0.105029814,0.038125966,0.03637953,0.009576489,0.01553483,0.06186153
0.038568407,0.11378472,0.45150805,1.0,0.4629803,0.16703133,0.170639,0.06902168,0.03044942,0.012614174,0.026558632,0.021592274
0.105536036,0.31821617,1.0,0.8867631,0.115375295,0.07687634,0.10710472,0.08627645,0.061243758,0.04564604,0.047640532,0.038829982
0.49355516,1.0,0.72042125,0.32946384,0.069647305,0.09821522,0.070267946,0.070881985,0.1241293,0.068301834,0.045834795,0.08681764
1.0,0.7006572,0.14520465,0.045262367,0.045934245,0.055390213,0.038474046,0.045136,0.07054584,0.05213543,0.11707357,0.41322818
0.3819418,0.102985576,0.0327753,0.013736327,0.0129856905,0.04170117,0.033909846,0.019619774,0.04348823,0.09342617,0.5557159,1.0
0.13534471,0.047453582,0.033702005,0.013514423,0.01308455,0.050418235,0.028077567,0.016858008,0.05386268,0.13610364,0.9601976,1.0
0.0526359,0.02946628,0.03016483,0.01117137,0.02200921,0.049438417,0.013021767,0.012191477,0.0332563,0.2701269,1.0,0.5645208
0.026128653,0.034153465,0.036450822,0.011830402,0.045112368,0.07470282,0.013624684,0.022441352,0.062420346,0.5334937,1.0,0.22673258
0.02669787,0.024015041,0.029247968,0.010371378,0.036629364,0.10399079,0.031485323,0.038216677,0.08556776,0.60341805,1.0,0.211004
0.35613707,0.088997684,0.034806006,0.011020257,0.015718251,0.076871924,0.09810937,0.057935268,0.055633638,0.2899959,1.0,0.97341275
1.0,0.5511686,0.16534474,0.049259633,0.03351263,0.029985797,0.05605319,0.0765968,0.048279103,0.05565912,0.24598117,0.8464278
0.8604211,1.0,0.5808263,0.45556918,0.42663303,0.29362357,0.13213246,0.098942734,0.10939354,0.06928898,0.1362674,0.39450738
1.0,0.54255164,0.16340628,0.12172039,0.2855242,0.44949022,0.470682,0.3044854,0.18314211,0.21146026,0.43741563,0.69681627
0.6918448,1.0,0.7282927,0.2795475,0.1549145,0.18621793,0.26305518,0.12167119,0.07434164,0.08769695,0.14233038,0.21430272
0.19456963,0.50244254,0.79906493,0.82346594,1.0,0.38154435,0.17806911,0.09427395,0.12154314,0.06997752,0.10823911,0.13505131
0.15962161,0.111560956,0.26192012,0.28055555,1.0,0.8649367,0.10074712,0.034893114,0.09266729,0.028485348,0.026135983,0.12840462
0.29463056,0.124693975,0.14018649,0.21765256,0.3582067,1.0,0.2740989,0.01524587,0.030829895,0.049913075,0.018542064,0.06188928
0.5654909,0.42574608,0.1626302,0.33760962,0.12891889,1.0,0.589575,0.04536614,0.026177568,0.10672552,0.046045072,0.035740037
1.0,0.69261324,0.36248532,0.31983855,0.10210603,0.6596705,0.41065058,0.06931794,0.094094224,0.22822477,0.09023612,0.078444384
1.0,0.5973114,0.31425112,0.37173438,0.10511519,0.36742496,0.2119504,0.046448242,0.1363693,0.22797357,0.068872,0.12044379
0.8614299,1.0,0.41588402,0.6635025,0.341147,0.3835411,0.39122033,0.08887355,0.14170848,0.35363495,0.10765401,0.1381688
0.30207652,1.0,0.43339813,0.74417275,0.86871123,0.34802154,0.6034847,0.24178194,0.06855389,0.1742457,0.114612035,0.07378342
0.0700575,0.3814888,0.52495015,0.30533093,1.0,0.92981404,0.42946914,0.66579586,0.111845195,0.029560067,0.061732702,0.06653029
0.045441322,0.1451539,0.47760966,0.18340072,0.3181227,0.5428548,0.3112132,1.0,0.2301873,0.020324936,0.0259513,0.035359785
0.14322159,0.19740954,0.20857356,0.05540212,0.09648177,0.1581156,0.48256338,1.0,0.1208458,0.017700579,0.022833839,0.04247717
0.2340351,0.13575344,0.09423253,0.01750367,0.061642606,0.23705813,0.9829486,1.0,0.08311927,0.024865413,0.038358063,0.11443282
0.08805421,0.045303594,0.020247862,0.030789776,0.35408494,1.0,0.7165045,0.23783049,0.042247992,0.028102713,0.039004914,0.06466291
0.0048839464,0.00455808,0.003345146,0.020981552,0.37312266,1.0,0.31400207,0.04615961,0.016213441,0.011656162,0.009634529,0.008053507
0.0029992277,0.0028330074,0.0022222726,0.0062019145,0.1075068,1.0,0.99484503,0.09209598,0.0067104255,0.003694855,0.0037561492,0.0037924408
0.0007519118,0.00125837,0.0011826522,0.0013182221,0.01448506,0.3245389,1.0,0.2721724,0.0090586,0.0012370409,0.0013788005,0.00056257454
0.00093164697,0.0020016537,0.0014281401,0.0009732573,0.0055520646,0.08750367,1.0,0.73223317,0.031427108,0.0011153842,0.001874572,0.000862989
0.0011063488,0.0025268816,0.00177245,0.00096124917,0.0038890834,0.1023917,1.0,0.62655985,0.021974394,0.0006332463,0.0014514843,0.0007074085
0.0012551703,0.0032787132,0.001377391,0.0007613975,0.005181388,0.22692242,1.0,0.2709511,0.0047521163,0.0004405251,0.00085494004,0.00030469123
0.0012520405,0.0027548245,0.0007717043,0.0006994017,0.011346525,0.41823697,1.0,0.13696311,0.0014056761,0.00042257961,0.00064335385,0.00019455046
0.0015103223,0.0027669475,0.000548649,0.0009622633,0.01889382,0.5737575,1.0,0.092507735,0.0008860066,0.00044390833,0.00057910505,0.00012194063
0.0011318722,0.0031785527,0.00074968155,0.001090102,0.01494401,0.47503516,1.0,0.12168716,0.0012162393,0.00048831967,0.0007158651,0.00017870218
0.0011296514,0.0032908185,0.0015788135,0.0055691823,0.036270097,0.56989235,1.0,0.14605032,0.0028843225,0.0012719785,0.00094203156,0.00035706436
0.010471013,0.028748903,0.07526122,0.17362651,0.42857167,1.0,0.7586541,0.12741293,0.013294162,0.009450272,0.0043534525,0.003322142
0.108446546,0.39699644,1.0,0.88362277,0.7190376,0.47302675,0.22111394,0.15558015,0.08300916,0.08321083,0.09334197,0.07897129
0.30974594,0.40597376,0.80404955,0.54021776,0.29034296,0.41607112,0.70153475,1.0,0.6091241,0.3545436,0.32795858,0.37721223
0.6581762,0.69800246,0.51060987,0.7143992,0.3045474,0.33449006,0.474719,1.0,0.6924154,0.26410905,0.26113772,0.39795297
0.80915433,0.8838158,0.48825848,0.5445649,0.50870246,0.74440396,0.5301577,1.0,0.68728095,0.28187045,0.23052183,0.43743598
0.38846484,0.18471658,0.18272908,0.21659417,0.56538755,1.0,0.3099471,0.27093625,0.20498902,0.11468422,0.07729582,0.24532764
0.2528513,0.084009066,0.11101022,0.108637735,0.31084234,1.0,0.2275582,0.07442899,0.043517884,0.046596333,0.041196655,0.07674833
0.27976716,0.16237688,0.13002688,0.13591483,0.19064067,1.0,0.43704978,0.10132668,0.050662424,0.025559515,0.056447316,0.04589372
0.21097615,0.22968456,0.079574175,0.09241237,0.08930216,0.76243657,1.0,0.13708086,0.11296497,0.033082012,0.0306258,0.024980918
0.09485336,0.11490341,0.0322112,0.109444536,0.06159362,0.71234417,1.0,0.12280051,0.13121964,0.027214076,0.008958836,0.008615143
0.11087895,0.075320356,0.05306076,0.2919236,0.12533788,1.0,0.74994284,0.1382083,0.125503,0.017217798,0.011654786,0.010225086
0.12236444,0.088659,0.087682575,0.33387876,0.43038556,1.0,0.49697036,0.18904075,0.116238944,0.03098961,0.041840315,0.026551234
0.057366826,0.0690796,0.11365502,0.6085546,1.0,0.35609108,0.11661836,0.132941,0.06987556,0.053502858,0.038721185,0.020529767
0.010650784,0.01317866,0.20446609,1.0,0.47391668,0.03942129,0.018936276,0.04060332,0.033877887,0.014860572,0.0071049347,0.005296251
0.005234799,0.0064210515,0.1408788,1.0,0.64836276,0.054722987,0.01013947,0.013345135,0.014757743,0.009167233,0.0031752496,0.0026002391
0.00508774,0.0065563996,0.10981424,1.0,0.8407686,0.07709272,0.0071242643,0.0076955226,0.018238915,0.014535227,0.0026518952,0.0013990448
0.009496849,0.04984988,0.44125217,1.0,0.3397614,0.0263704,0.00639305,0.0105204135,0.027378025,0.013996764,0.0030412155,0.0032987364
0.11085785,0.4358726,1.0,0.7757025,0.119038224,0.013243191,0.013363318,0.014239899,0.024699844,0.012362763,0.007486378,0.019764695
0.7814405,1.0,0.6966497,0.2729136,0.13424182,0.0920726,0.106774785,0.098861344,0.15121628,0.2340904,0.2730185,0.39894482
0.24473208,0.18958706,0.20914325,0.40159127,0.55267566,0.848538,0.60487676,0.7274761,1.0,0.71527267,0.63869584,0.30116096
0.15295038,0.28477383,0.64069194,0.8896139,1.0,0.79786605,0.32735634,0.31670308,0.3935628,0.2799552,0.23060177,0.10879156
0.09072676,0.1668756,0.39521495,0.8064738,0.87210286,1.0,0.3348076,0.3278687,0.32799426,0.4788523,0.21879013,0.10489463
0.06509535,0.074460045,0.36644077,0.8071959,0.68732876,1.0,0.46383402,0.1621377,0.1997366,0.5651521,0.3054893,0.1660007
0.097964965,0.05911879,0.32598543,1.0,0.89897615,0.42437354,0.46298733,0.3533917,0.10563651,0.24412638,0.26365343,0.15810828
0.11557595,0.0775137,0.11564738,0.37421295,1.0,0.43219343,0.3371364,0.39637044,0.16250409,0.28959805,0.15537108,0.064432554
0.050964188,0.07094227,0.08070358,0.28716087,1.0,0.6854402,0.38756198,0.11585522,0.15450974,0.48387206,0.24639066,0.06486055
0.07920548,0.13514753,0.07326638,0.22603796,0.82965297,1.0,0.5474644,0.070119075,0.13347735,0.21372993,0.11489941,0.04934893
0.22018987,0.5038497,0.33667672,0.2960348,0.5718097,1.0,0.67867965,0.16284266,0.060691316,0.06625775,0.06284563,0.06959272
1.0,0.76528955,0.631237,0.507772,0.4369013,0.3976202,0.48936406,0.47753096,0.06599314,0.06495488,0.19286288,0.73065865
0.72523123,0.14038955,0.074542314,0.08099907,0.04201419,0.25390103,1.0,0.52059317,0.08556328,0.06824918,0.19264556,0.693632
0.06624313,0.011478951,0.01017438,0.012876184,0.069611475,0.8173631,1.0,0.120646805,0.014587669,0.01859507,0.07313171,0.1433543
0.0046677757,0.004976903,0.0074326233,0.0046835355,0.1191932,1.0,0.50658727,0.019984828,0.0016855418,0.0077750464,0.056839786,0.041611813
0.005929515,0.009114226,0.012034556,0.0035746496,0.10542058,1.0,0.5669091,0.022113588,0.003173652,0.008283491,0.020965252,0.021484058
0.006315276,0.009755038,0.012309304,0.003209086,0.049308177,0.7941335,1.0,0.09386675,0.010172872,0.01008118,0.0074579786,0.012435812
0.002596981,0.0051173028,0.003414866,0.0018477208,0.006828025,0.20758922,1.0,0.30261487,0.011875304,0.004063158,0.0025236325,0.0032487789
0.0011054719,0.0060231914,0.0028469975,0.0008131266,0.0013311787,0.1043097,1.0,0.52118665,0.016658138,0.0014716502,0.0011153986,0.0012938294
0.00084521266,0.0117508415,0.0066163046,0.0008426737,0.0010905126,0.06646072,1.0,0.72673506,0.027765835,0.000894862,0.0014263871,0.0010450935
0.010908794,0.049445722,0.014245514,0.0010637305,0.0035697112,0.13232382,1.0,0.5264585,0.018766474,0.00095585745,0.0022378424,0.0014644399
0.46734926,0.32104808,0.017623283,0.002792631,0.040311404,0.5938913,1.0,0.20774254,0.008600819,0.0031935507,0.004143259,0.027486324
1.0,0.5487119,0.02323103,0.004156082,0.041024387,0.33979735,0.17126912,0.012756859,0.0041395244,0.0051001175,0.0017709255,0.05595839
1.0,0.7652024,0.15313661,0.033254806,0.04014232,0.2311372,0.24391513,0.2647782,0.12278556,0.022879798,0.0035022032,0.057283882
0.07021035,0.10551144,0.1304217,0.058010586,0.017319571,0.05214927,0.23083922,1.0,0.6013387,0.047069345,0.0036504099,0.007965178
0.009896223,0.009147792,0.04206762,0.043827046,0.06119079,0.18125515,0.4549773,1.0,0.67128015,0.062319353,0.0035148854,0.00559598
0.06593363,0.053742822,0.059453785,0.14365625,0.4420323,0.8763418,1.0,0.50670177,0.40178668,0.12472094,0.010519919,0.016838668
0.22765508,0.2490238,0.24724907,0.5422679,1.0,0.7171377,0.2033484,0.10387306,0.077625096,0.029319664,0.026115721,0.072332494
1.0,0.8108189,0.38703632,0.35978052,0.42673692,0.81212074,0.36385027,0.081883736,0.08579811,0.13363269,0.32496887,0.57430834
0.65600425,0.37188685,0.08888982,0.051486265,0.17181538,1.0,0.69576776,0.33039534,0.21425548,0.22256525,0.30736387,0.25556967
0.64388114,0.6372949,0.44479164,0.3552458,0.4352414,0.7461619,0.75724477,1.0,0.3379924,0.19366668,0.11903404,0.14883246
0.47918245,1.0,0.61117077,0.43877447,0.7065911,0.8396112,0.6234659,0.5682749,0.5861655,0.5737654,0.3205064,0.28353894
0.4202239,0.6958752,0.38983706,0.27403697,0.43771175,0.5311403,0.45218143,0.6440519,1.0,0.9697269,0.35170898,0.2777198
0.27721927,0.29497707,0.21069607,0.15110026,0.17915131,0.23136075,0.32119042,0.6385988,1.0,0.92398566,0.4258653,0.24715795
0.8671202,1.0,0.24517217,0.054495864,0.06572605,0.27079773,0.17124486,0.15291901,0.1267612,0.17023234,0.28001237,0.3372368
0.82014287,1.0,0.2909246,0.08205635,0.18154621,0.6004866,0.24644727,0.09605175,0.033560388,0.06281895,0.075857304,0.15398538
1.0,0.55665237,0.11247725,0.079930335,0.27194816,0.482748,0.37921104,0.15374133,0.03339051,0.04938175,0.034926835,0.14185075
1.0,0.70687646,0.14404327,0.041205604,0.1118176,0.16997257,0.9711831,0.8394989,0.07710132,0.09782518,0.08473937,0.14882375
0.24076693,0.3838575,0.12801577,0.020316588,0.044057418,0.07725053,0.95589644,1.0,0.0583607,0.060342833,0.053360492,0.031127654
0.44708532,0.3374425,0.07914472,0.022722328,0.07389604,0.37492216,1.0,0.5044161,0.045174807,0.053453628,0.08961188,0.11074029
0.4223868,0.17161062,0.0776472,0.2516737,0.7878161,1.0,0.58521324,0.12830141,0.04530511,0.06544152,0.11754441,0.18306829
0.035107434,0.031916127,0.035340838,0.44606623,1.0,0.21213706,0.05918713,0.030801935,0.022091456,0.021766387,0.018313779,0.032584533
0.004566777,0.009170691,0.041201454,0.6418246,1.0,0.124971196,0.017065478,0.02053245,0.06374595,0.06755077,0.027007509,0.020479606
0.003339791,0.009992314,0.20651226,1.0,0.47477886,0.049278684,0.015985124,0.034539327,0.050474294,0.12102313,0.056228407,0.008940739
0.0019151312,0.008043579,0.32655844,1.0,0.21924084,0.0074719163,0.012593706,0.038255613,0.03730714,0.10347634,0.05336757,0.004225986
0.0018357435,0.024748525,0.51894516,1.0,0.15607502,0.005070956,0.01638991,0.03630398,0.042461134,0.06750304,0.03542223,0.0025209056
0.004024623,0.08923252,0.99268824,1.0,0.079775624,0.007036139,0.021479506,0.027560724,0.031149218,0.041689925,0.017399127,0.0019443681
0.041213553,0.14055653,1.0,0.9313887,0.12314004,0.07213144,0.041164387,0.04115575,0.05310855,0.081035905,0.04343326,0.036343805
0.9451718,0.611452,0.59941715,1.0,0.6559542,0.77553624,0.41231656,0.21532372,0.26150504,0.41716483,0.360796,0.39434165
1.0,0.7088489,0.43426526,0.24482511,0.2390068,0.48826286,0.5051186,0.25801808,0.2239455,0.3118228,0.20717227,0.24591033
1.0,0.49541822,0.2469757,0.08443442,0.0654619,0.24329947,0.32593608,0.20353793,0.12453517,0.14731362,0.10346385,0.21911713
1.0,0.34169754,0.1485518,0.05807596,0.029511852,0.18500789,0.21355021,0.12899771,0.0716476,0.09734375,0.07671581,0.23712051
1.0,0.318118,0.20856783,0.07097915,0.031734016,0.19761024,0.24088894,0.11953924,0.07392437,0.11497815,0.09571485,0.30081376
1.0,0.5157121,0.38827822,0.064071886,0.048905678,0.20789358,0.30226558,0.1223794,0.09629951,0.12888269,0.12562169,0.45016634
1.0,0.85171175,0.26133403,0.021192962,0.02929244,0.12002958,0.18297823,0.14682765,0.12107609,0.09627958,0.09195698,0.3781544
1.0,0.7977776,0.13375144,0.016341474,0.01563196,0.065670095,0.17720234,0.22324286,0.1173167,0.07349255,0.09060592,0.34087387
1.0,0.50035995,0.15445782,0.04336298,0.03642695,0.11428525,0.32845664,0.5783152,0.22793733,0.18439057,0.3020671,0.62793535
0.38380098,0.3552325,0.44904357,0.26962638,0.25416434,0.19612968,0.35441142,1.0,0.42759347,0.38790146,0.61065483,0.735136
0.25397536,0.5026459,1.0,0.7197419,0.30647585,0.103682265,0.16045836,0.37831917,0.19106784,0.1692499,0.3068775,0.41579792
0.3406512,0.634826,1.0,0.81360596,0.31920883,0.11161798,0.100119025,0.14557241,0.097896874,0.1024913,0.24571013,0.3418543
0.3387814,0.8950578,0.9814359,1.0,0.6384276,0.15729189,0.08773901,0.15475897,0.14506704,0.19113652,0.28172123,0.2311205
0.68824816,1.0,0.4239893,0.36034265,0.4613324,0.24556287,0.24370395,0.36092284,0.38750768,0.39486042,0.43752936,0.5796048
0.82672733,0.75110567,0.44082677,0.36950395,0.32045045,0.40226722,0.5466279,0.5104314,0.5105592,0.47431257,0.6394903,1.0
0.6279927,1.0,0.4226387,0.31792176,0.21607663,0.35500973,0.32384226,0.3332043,0.2677383,0.19184385,0.38087195,0.7372523
0.9977023,1.0,0.55925024,0.51376253,0.26454532,0.37443835,0.40057606,0.41417924,0.19736241,0.23989233,0.42108756,0.38829926
1.0,0.80207676,0.39922413,0.26470035,0.15399641,0.24802697,0.37219894,0.35083953,0.11896907,0.1668481,0.32563007,0.28450486
1.0,0.7853041,0.39202952,0.33170804,0.13955845,0.19073275,0.28494552,0.28944835,0.10467618,0.07105042,0.1575121,0.27453458
0.79284865,1.0,0.6009628,0.6606849,0.3173984,0.38680527,0.57010525,0.48778567,0.26840785,0.17719553,0.29743052,0.37028393
0.9353317,1.0,0.46571976,0.39163876,0.24119027,0.4451624,0.37728873,0.30704352,0.20899701,0.23461607,0.38393044,0.49718556
1.0,0.48755357,0.3406308,0.38800207,0.33590302,0.52370924,0.3858241,0.36023974,0.2525901,0.25395793,0.40532133,0.7147464
1.0,0.4410756,0.33537444,0.43269572,0.3426461,0.38716722,0.3438256,0.4672812,0.26015615,0.20412256,0.3612791,0.55334467
1.0,0.66979957,0.4352904,0.53907174,0.49534652,0.5214513,0.6681785,0.7446794,0.43844777,0.3993698,0.5622022,0.704746
1.0,0.72904,0.33468363,0.44896528,0.6172983,0.6797103,0.808205,0.79484403,0.5053235,0.4955735,0.629076,0.5724293
1.0,0.402753,0.41907394,0.5656751,0.44760132,0.5783764,0.61933035,0.79038864,0.44192287,0.24123909,0.3858223,0.49751553
0.8378853,0.51515895,0.51472175,0.7984609,0.55165607,0.57727206,0.77731496,1.0,0.6258589,0.41445407,0.51603335,0.5125165
1.0,0.8823887,0.4344396,0.545163,0.78222185,0.50903946,0.5870583,0.7994742,0.60486984,0.43080363,0.43055174,0.40016937
0.6550848,0.5563689,0.3494791,0.63878024,1.0,0.45828125,0.51602995,0.67119,0.4772093,0.5343616,0.4467622,0.39687338
0.43591854,0.43593186,0.47331497,0.706221,0.78228074,0.44095904,0.36836207,0.57311094,0.7593263,1.0,0.5851853,0.28709435
0.08697551,0.3351731,0.5927592,0.7858636,1.0,0.40586644,0.096509695,0.14755362,0.2220053,0.2655499,0.109203584,0.05351868
0.032825746,0.13122617,0.2803133,0.41555586,1.0,0.5064322,0.051912624,0.04755711,0.10082922,0.15333879,0.085171975,0.03399549
0.08965089,0.10086157,0.099769846,0.23902446,1.0,0.58653563,0.065803766,0.031408638,0.050060716,0.06428601,0.059425473,0.05584946
0.26762193,0.6164991,0.8606582,0.46385813,1.0,0.88301164,0.20910738,0.076066084,0.10486147,0.09562343,0.08817247,0.12964322
0.032762814,0.15061459,0.76898134,1.0,0.24478373,0.08343789,0.06074202,0.06701256,0.045084562,0.06282273,0.06420976,0.021769112
0.010452143,0.021777473,0.19730589,0.9961354,1.0,0.063922875,0.011046471,0.036906783,0.029271668,0.019231,0.031872764,0.01809596
0.0010723541,0.0016455805,0.016989646,0.50782627,1.0,0.06768378,0.00091398525,0.003849117,0.006635723,0.0015638883,0.002003475,0.0029732012
0.0009393515,0.0028966928,0.029524177,0.5234368,1.0,0.07040975,0.0011806611,0.0021045692,0.0017910973,0.0007045536,0.0012450846,0.0021041473
0.010913159,0.022990342,0.14391804,0.64276433,1.0,0.07364274,0.0029679493,0.005387967,0.005472344,0.0032084035,0.0045008366,0.009202037
0.12648049,0.07286012,0.2977107,1.0,0.99161524,0.07771893,0.016579824,0.019933013,0.03829208,0.03839143,0.074578695,0.1549655
0.1641191,0.12733546,0.40972644,1.0,0.8972108,0.378609,0.122573994,0.104158215,0.1325886,0.17570795,0.1451751,0.18088044
0.06646893,0.086960845,0.18492736,0.6308629,1.0,0.5738775,0.11596498,0.07538336,0.196226,0.31354198,0.10374146,0.037486844
0.056784365,0.08652589,0.12637933,0.5311182,1.0,0.47982043,0.13978475,0.09560053,0.27414024,0.4019054,0.1310009,0.04723145
0.03303907,0.056206644,0.1780398,0.51016885,0.7844301,1.0,0.28161442,0.12241906,0.24432203,0.32470962,0.17070077,0.07779331
0.05568263,0.075577445,0.13094088,0.3077625,0.6651905,1.0,0.2759975,0.09449769,0.1164609,0.11814922,0.06782426,0.051684644
0.05406304,0.050723027,0.08779152,0.258424,0.40174177,1.0,0.84809434,0.1440755,0.053409908,0.045197748,0.03314815,0.040521916
0.02796374,0.010156079,0.01678208,0.09264643,0.33797178,1.0,0.5950994,0.042330444,0.006420191,0.005993872,0.0023231418,0.01312215
0.027353274,0.011188026,0.0014081754,0.023111058,0.3589657,1.0,0.2921167,0.017511271,0.00080787775,0.0007516292,0.0005296733,0.0058127833
0.022803329,0.021512711,0.003014851,0.0130132595,0.20006494,1.0,0.84089607,0.100657105,0.002067225,0.0036972654,0.0038848731,0.0042978087
0.00500014,0.021264963,0.0061127045,0.005599302,0.016572261,0.28304315,1.0,0.23360433,0.0042691333,0.0038276191,0.005147908,0.0012663449
0.005203686,0.03495366,0.012396145,0.003142291,0.010238789,0.21167745,1.0,0.3037127,0.008397129,0.0012982145,0.0021852893,0.00048891583
0.0071628788,0.04264845,0.05305091,0.048835557,0.04111243,0.22315899,1.0,0.6292465,0.16715881,0.017316438,0.0026504896,0.0013601225
0.0029875545,0.005095233,0.104010575,0.3263337,0.07396786,0.064361416,0.18730877,0.5186486,1.0,0.17310491,0.0058001396,0.002706227
0.010678693,0.031187473,0.11747743,0.30900165,0.076206334,0.040362258,0.15274121,0.5856038,1.0,0.21089572,0.00929582,0.00704755
0.08525266,0.21443512,0.12106866,0.13261747,0.09993386,0.34088647,1.0,0.78333575,0.33182532,0.06337946,0.011813375,0.018114211
0.18353301,0.18737108,0.04274868,0.1547381,0.5571785,0.9827497,1.0,0.23878677,0.034196276,0.013193533,0.036695223,0.1417361
0.08573286,0.054780174,0.08769058,0.6117868,1.0,0.46682537,0.15818653,0.07731525,0.06433723,0.020940907,0.17290252,0.28053185
0.05814747,0.07641684,0.17783116,1.0,0.5640094,0.056579098,0.028277073,0.04156047,0.031860325,0.061866023,0.52921057,0.31338727
0.5919997,0.39097142,0.27073884,0.7968076,1.0,0.7037052,0.75186795,0.40708512,0.23298715,0.12681323,0.6870555,0.81707674
0.10811238,0.1874321,0.15653838,0.11689285,0.116068944,0.17677636,0.44899258,1.0,0.884582,0.17736533,0.028515426,0.0631523
0.0032230262,0.013999997,0.027816977,0.11663112,0.10392374,0.02023092,0.053349894,0.2916736,1.0,0.47337016,0.023469185,0.0022119675
0.00070090115,0.002827749,0.026654882,0.12734076,0.09547737,0.010115705,0.010922985,0.1657882,1.0,0.5448303,0.024982965,0.0009523779
0.019371804,0.0984227,0.1390389,0.0986459,0.039589286,0.061552443,0.1940733,0.57392627,1.0,0.26888022,0.011653481,0.0035712535
0.60840696,0.58380413,0.21437815,0.050820824,0.3913756,1.0,0.90721047,0.5087263,0.31306937,0.08728637,0.020974517,0.16606402
0.7266369,0.12567808,0.047692176,0.055665206,0.4602837,1.0,0.16906413,0.028445099,0.021488857,0.030847229,0.013680068,0.23623961
0.909975,0.3297825,0.10152359,0.11531447,0.34992674,1.0,0.32549873,0.04086307,0.016017389,0.03692812,0.021323953,0.20989001
0.561874,1.0,0.59542215,0.24881117,0.2907999,0.54400486,0.8101716,0.61461645,0.17979959,0.048932757,0.068720534,0.11493698
0.06519721,0.1546333,0.46521646,0.47094262,0.11865304,0.09659442,0.16292556,0.8311305,1.0,0.123735294,0.020057816,0.06734595
0.01742067,0.019587593,0.18402302,0.22129641,0.028482419,0.07326727,0.08523018,0.69854015,1.0,0.10690953,0.0075682127,0.017506592
0.02905955,0.15893416,0.42972276,0.1589041,0.02253122,0.12097901,0.38468155,1.0,0.74185103,0.09175385,0.020021673,0.025710328
0.22664198,0.40714917,0.19216403,0.034779366,0.108665526,0.86911154,1.0,0.3335937,0.051719543,0.021116436,0.030825607,0.02678426
0.1468743,0.07358665,0.0081471,0.005011205,0.15313299,1.0,0.33871245,0.018401597,0.0040217014,0.00897245,0.006037668,0.019340724
0.11611671,0.029412312,0.0070129936,0.011390176,0.1631029,1.0,0.32182023,0.014689671,0.012661185,0.024180694,0.011698016,0.02340827
0.25500938,0.145838,0.04329525,0.05777122,0.21518762,1.0,0.48890692,0.063391134,0.0509908,0.12128872,0.056972086,0.04533612
0.16129433,0.20728469,0.27474022,1.0,0.94822156,0.7305923,0.6239085,0.41905382,0.5223302,0.33819842,0.10366917,0.06958856
0.060337268,0.06743662,0.07136771,0.552786,1.0,0.2939497,0.22105509,0.17463306,0.23382895,0.4093393,0.12607576,0.08232495
0.068696864,0.09787369,0.0532763,0.19236022,1.0,0.56797016,0.21765853,0.17349133,0.13199496,0.5764932,0.22081134,0.08049701
0.06762329,0.08251447,0.07306559,0.04207638,0.57744735,1.0,0.22506838,0.13966808,0.14508885,0.25422224,0.1994794,0.05286943
0.07020101,0.04927335,0.0798502,0.025593951,0.19989522,1.0,0.37375256,0.29610464,0.29320356,0.07122436,0.18415728,0.06168849
0.06066304,0.058596715,0.11473909,0.0918232,0.19473079,1.0,0.66943735,0.5962072,0.65851074,0.19141358,0.1903567,0.11771565
0.08100476,0.06848237,0.1756642,0.28355518,0.16600211,0.5564825,0.811011,0.62251943,1.0,0.5982394,0.22788921,0.3411421
0.21854666,0.06802374,0.15253812,0.2222192,0.123909816,0.27123177,0.50947005,0.31096882,0.67483395,0.63203907,0.60180646,1.0
0.15843992,0.014636847,0.030122701,0.03828016,0.050204515,0.13740323,0.18484162,0.060615223,0.11217179,0.1740664,0.7033613,1.0
0.11632286,0.005505589,0.013446801,0.016555842,0.034929484,0.116049394,0.12802601,0.031402584,0.04914883,0.12580995,0.882239,1.0
0.07699533,0.0045608366,0.0077985534,0.009036822,0.039300364,0.22866084,0.20506246,0.030666187,0.040109847,0.13744992,1.0,0.95197463
0.06985727,0.0041562333,0.004942988,0.0046720416,0.021934764,0.16241387,0.113827504,0.020993035,0.024445742,0.14991967,1.0,0.88591164
0.1535579,0.006303792,0.0032422463,0.002991999,0.0080221305,0.072969854,0.09975571,0.020301277,0.022165013,0.0824351,0.7441872,1.0
0.295803,0.0113899205,0.002530146,0.0025982296,0.003997663,0.036413588,0.08632588,0.02609236,0.013230325,0.030650454,0.40726504,1.0
0.42778862,0.022100424,0.00433374,0.0034395438,0.003403968,0.024184853,0.040155694,0.016490407,0.007780641,0.012058645,0.2511031,1.0
0.44081047,0.021802537,0.0023858587,0.0025173293,0.0036628607,0.016589757,0.018477716,0.006843515,0.005788609,0.009490468,0.22903906,1.0
0.4548305,0.022135565,0.0035858674,0.00591059,0.0055481954,0.017463036,0.0138323875,0.020531328,0.027307725,0.031244827,0.2358327,1.0
0.35512644,0.02357339,0.026231233,0.024628699,0.015955305,0.045835786,0.04169573,0.08419535,0.09361518,0.072031945,0.3398101,1.0
0.2039681,0.033813823,0.07581151,0.047249507,0.053222455,0.16963354,0.16689478,0.22409718,0.19855875,0.13937213,0.66468716,1.0
0.08829763,0.050114974,0.12488623,0.039596573,0.07050595,0.17657308,0.286405,0.28128237,0.22204451,0.21128497,1.0,0.87178236
0.102993496,0.050283305,0.08157412,0.032765713,0.077123486,0.2546967,0.30204833,0.19831407,0.12065714,0.20729326,1.0,0.834199
0.18826586,0.06876467,0.04717927,0.037453808,0.09368401,0.18996565,0.221253,0.11308437,0.10782354,0.2032536,1.0,0.9784399
0.28801152,0.01797466,0.0063708466,0.009132708,0.01332614,0.025934288,0.052725967,0.043271653,0.054121364,0.07385947,0.4247539,1.0
0.4105619,0.019619334,0.0027744996,0.0052589737,0.0070485165,0.016536074,0.0766741,0.039844785,0.04088803,0.06682412,0.26149192,1.0
0.43951595,0.021066815,0.0014519899,0.0036702591,0.0049884696,0.015507216,0.07790918,0.036544837,0.030988166,0.070669994,0.23643628,1.0
0.34109098,0.013930063,0.0016549019,0.003900065,0.005208972,0.02141027,0.08537692,0.030080782,0.034719177,0.063982375,0.30014953,1.0
0.24316189,0.008764182,0.0022670708,0.004049518,0.009292485,0.03389756,0.086214446,0.022913123,0.04258947,0.058648493,0.4616644,1.0
0.17163904,0.005586008,0.0024087266,0.003341825,0.011450977,0.05992998,0.102225535,0.024096137,0.058218155,0.07813382,0.60486543,1.0
0.20260732,0.010297717,0.005644494,0.008141587,0.013811591,0.047931988,0.1077306,0.029946396,0.044913895,0.06685277,0.5514979,1.0
0.23941992,0.046344835,0.01506868,0.021874383,0.03008495,0.08160989,0.21190742,0.06839041,0.04303943,0.06699897,0.47732154,1.0
0.31240624,0.08323772,0.025618834,0.018146597,0.029488288,0.10693344,0.3364296,0.15855323,0.052559134,0.09629228,0.43271625,1.0
0.8222781,0.213535,0.03946824,0.02814087,0.041658483,0.11196901,0.3399842,0.25100726,0.0719952,0.15361999,0.31511348,1.0
1.0,0.89146876,0.26065964,0.10973093,0.088752955,0.221284,0.60346276,0.19887556,0.10884084,0.26175606,0.19483504,0.30356032
0.42327112,0.9604406,1.0,0.3114412,0.11809113,0.55804557,0.5426364,0.13934463,0.15329169,0.25528532,0.16689415,0.3850282
0.72042835,0.68568176,1.0,0.17757842,0.08125306,0.6542784,0.5291643,0.12155401,0.24829479,0.36592048,0.40600008,0.93592715
0.7913001,0.46825135,0.84004074,0.13259163,0.08148948,0.30762446,0.3086248,0.08406065,0.23109043,0.4201066,0.7195076,1.0
0.633928,0.50223523,1.0,0.14681122,0.08254932,0.15231213,0.14678496,0.056840416,0.1560886,0.3229651,0.39405864,0.66287565
0.34893212,0.50286645,1.0,0.12798463,0.05027915,0.08580138,0.095237255,0.03784712,0.08389042,0.15952039,0.11739216,0.30127856
0.2924706,0.813876,1.0,0.103090905,0.05817889,0.16449796,0.1582811,0.07021661,0.09254033,0.1370229,0.08928239,0.22903702
0.22730574,1.0,0.71393234,0.124576904,0.08239299,0.17788364,0.23032576,0.23372974,0.22842166,0.1836813,0.06488967,0.07788342
0.6139183,1.0,0.25752437,0.14609772,0.078159824,0.07296007,0.17958756,0.5277483,0.60312235,0.35872278,0.08367871,0.06723036
1.0,0.5826923,0.06980936,0.033901677,0.032736674,0.034540024,0.092612624,0.559651,0.42882052,0.37167704,0.08506009,0.20051189
1.0,0.27423447,0.025888944,0.04430402,0.04417299,0.025400294,0.12221707,0.58774674,0.24682578,0.32577297,0.08699165,0.32463127
1.0,0.3831158,0.06644434,0.03887596,0.03231648,0.011415524,0.12245064,0.54254216,0.23122886,0.22848813,0.065568976,0.29063943
0.44668573,1.0,0.6222759,0.12108824,0.015228529,0.00690036,0.028752651,0.16825712,0.21448503,0.17607853,0.04520501,0.06798161
0.058251932,0.57584035,1.0,0.22613272,0.01435688,0.0061148703,0.013108417,0.046877086,0.092629045,0.114479326,0.028929856,0.0058974368
0.015187905,0.33544505,1.0,0.263776,0.025370283,0.014185031,0.031619065,0.09626401,0.10469495,0.1064535,0.039594457,0.0052749165
0.121306606,0.67054164,1.0,0.3559365,0.049575765,0.033675395,0.13180143,0.33917046,0.2742076,0.20888755,0.08166766,0.025495425
0.91730064,1.0,0.5488171,0.5939517,0.10020401,0.0760546,0.44149613,0.85320914,0.46213424,0.28484124,0.15755463,0.15281816
1.0,0.3258855,0.27140585,0.5869057,0.09186077,0.06824796,0.4759121,0.75610876,0.24604735,0.16353641,0.10680519,0.33251962
0.76452917,0.14398067,0.62143403,1.0,0.111254625,0.14185792,0.7633492,0.8965919,0.30585515,0.15354808,0.096058436,0.43590474
0.40900555,0.20279525,0.47884881,0.5360283,0.097157404,0.288438,1.0,0.76331395,0.33016658,0.16102082,0.09020554,0.1983649
0.24200574,0.47264946,0.66291016,0.43365964,0.17123757,0.55934906,1.0,0.5445857,0.23616593,0.15918936,0.108308814,0.06461099
0.09517334,0.19803448,0.8789801,0.9076504,0.2385821,0.70919687,1.0,0.30866328,0.116578065,0.17710485,0.12708876,0.028195184
0.105368555,0.33926317,0.9093233,0.5770496,0.1895927,0.8634913,1.0,0.20685293,0.08868146,0.15515162,0.09304863,0.029590834
0.18025072,0.38818192,0.3558706,0.13494128,0.16373828,1.0,0.73095834,0.13499632,0.10385427,0.08835004,0.054051474,0.055346277
0.25936717,0.13815038,0.11204361,0.107549965,0.26367852,1.0,0.5501636,0.15059829,0.07682675,0.058172636,0.07350515,0.15533394
0.25354043,0.086920746,0.10421462,0.107575096,0.3631805,1.0,0.56741124,0.16038749,0.052650847,0.053687103,0.14771684,0.25258085
0.23035648,0.26782224,0.2116148,0.13251524,0.36636394,1.0,0.5141291,0.15379171,0.16427474,0.18950541,0.16119249,0.17807172
0.1154253,0.2573584,0.43181443,0.5709464,0.6339487,1.0,0.64534473,0.19109602,0.583192,0.7594185,0.20493649,0.08493364
0.016872803,0.018246537,0.047299173,0.39249,1.0,0.66361624,0.2617509,0.103915155,0.20121402,0.15727134,0.045004807,0.028236276
0.012190083,0.008668004,0.02248042,0.23908064,1.0,0.61893517,0.14628787,0.035931952,0.028150253,0.032016803,0.020624205,0.015876887
0.014085591,0.022696506,0.022592207,0.05692821,0.53273207,1.0,0.20729774,0.023373226,0.02532284,0.052884668,0.047927663,0.016051088
0.03178381,0.09644624,0.072768405,0.15825677,0.7471826,1.0,0.23005506,0.021054737,0.043138262,0.3253708,0.39223933,0.09122905
0.13196684,0.21096665,0.31786752,0.60250556,1.0,0.44362128,0.11175265,0.027090944,0.047474418,0.3003772,0.49609998,0.21007043
0.13676824,0.42123723,0.7021816,1.0,0.85384625,0.2291809,0.060844373,0.06361491,0.116112724,0.11312313,0.105142176,0.093486734
0.07249443,0.20364924,0.3549403,1.0,0.5622635,0.1421161,0.16623631,0.15286383,0.077953115,0.025273746,0.01766939,0.043315385
0.016544502,0.05795211,0.30566943,1.0,0.17799039,0.049756393,0.24044365,0.06933196,0.0066939807,0.0045803026,0.008255377,0.029300248
0.014926901,0.058473524,0.45368615,1.0,0.06261748,0.061317213,0.29870838,0.044457696,0.0063761952,0.008046093,0.010810326,0.029439045
0.01781877,0.055481136,0.6111111,1.0,0.047214065,0.06590955,0.23553953,0.032210346,0.009335995,0.009150539,0.01835584,0.038649447
0.014749032,0.039989386,0.5681094,1.0,0.06922731,0.04679453,0.17134444,0.03663607,0.0076215994,0.005426474,0.014523612,0.03681554
0.017867446,0.033644002,0.20898014,1.0,0.20805873,0.024508612,0.29594976,0.17372411,0.0107368,0.0067767124,0.007330907,0.031604566
0.020450657,0.032847304,0.09123192,1.0,0.3164883,0.027479976,0.50498927,0.32748473,0.012404883,0.008061692,0.0066678897,0.029650567
0.015078396,0.036553435,0.35133934,1.0,0.1883467,0.035235424,0.31884566,0.1878333,0.010368087,0.0070979963,0.01735408,0.040629316
0.014827086,0.062102254,1.0,0.7755057,0.03924653,0.0702469,0.09952011,0.030069832,0.00625221,0.005996233,0.068441026,0.060938217
0.013668367,0.08859781,1.0,0.30941182,0.008553446,0.0729022,0.041600104,0.003201461,0.004105645,0.008527338,0.10013322,0.045716166
0.0176792,0.10463363,1.0,0.27371356,0.012117347,0.061738867,0.031070746,0.0076935873,0.013517026,0.011731667,0.11175311,0.048521455
0.030168954,0.082951285,0.967962,1.0,0.12979074,0.04062834,0.08925231,0.08774531,0.04461426,0.016645225,0.066767335,0.055002898
0.04303115,0.07246436,0.44090626,1.0,0.35587347,0.034410514,0.18228184,0.5846538,0.2552668,0.07283081,0.042185053,0.03767385
0.032631442,0.1569429,0.5804575,1.0,0.5483989,0.07726893,0.18647991,0.7258256,0.45662016,0.44787112,0.11029741,0.068594925
0.038568605,0.16692026,0.43207514,1.0,0.45235372,0.07957045,0.16997615,0.500934,0.41375583,0.43113667,0.09124257,0.07204662
0.0475036,0.12879469,0.9074363,1.0,0.19927876,0.06486551,0.19379273,0.6974241,0.45375475,0.11882181,0.078039266,0.075766325
0.014896114,0.08343033,1.0,0.4959809,0.033789407,0.04619974,0.050424777,0.09740816,0.11293384,0.023849567,0.060973894,0.03939826
0.022531481,0.11512957,1.0,0.5195649,0.09317566,0.2075598,0.24831511,0.09495355,0.1050447,0.03133594,0.059673883,0.046600357
0.059705224,0.16066533,0.69737583,0.95533913,0.63186735,0.8276362,1.0,0.45988083,0.14576273,0.10192584,0.07005999,0.0598813
0.08429784,0.21911871,0.45950988,1.0,0.96730924,0.58193314,0.49869418,0.49727923,0.39762846,0.37212813,0.18283182,0.054894805
0.18618014,0.37099573,1.0,0.9057255,0.6081723,0.56083256,0.42325345,0.28906548,0.4669619,0.6466841,0.5062864,0.16529787
0.1040529,0.16313289,1.0,0.5630262,0.18369684,0.15675569,0.17199042,0.1630316,0.17621866,0.1344682,0.08888383,0.084169
0.060481016,0.07033773,0.17653392,0.48257455,1.0,0.97947294,0.50317556,0.30804208,0.15442339,0.07838303,0.07195927,0.08780188
0.03087666,0.019132046,0.066640176,0.43907148,1.0,0.38351622,0.08788932,0.040819906,0.01808093,0.011460768,0.03472432,0.074139684
0.08521309,0.0428919,0.048048507,0.32339594,1.0,0.48243916,0.081353545,0.017976644,0.02059778,0.013518761,0.020142695,0.06945228
0.1731018,0.13937144,0.10358381,0.180939,0.9557493,1.0,0.23867726,0.1788773,0.25907314,0.20783624,0.09164336,0.06051885
0.21407068,0.049111113,0.10769997,0.16502059,0.24688707,0.10880034,0.11280641,0.19273974,0.29388705,0.5895234,1.0,0.8228617
0.28066513,0.078554146,0.085130975,0.10742769,0.2210779,0.1764608,0.36336204,0.22737177,0.17621264,0.22372085,0.9057605,1.0
1.0,0.6985577,0.12843889,0.14382829,0.47182783,0.5026345,0.6309366,0.5196635,0.24403104,0.3296024,0.32792678,0.4431079
1.0,0.6760298,0.1629219,0.62934226,0.94069064,0.2638317,0.0687077,0.041674677,0.020244561,0.025931042,0.08549777,0.4020746
0.1947536,0.17519648,0.42317042,1.0,0.6800636,0.07951965,0.02843739,0.018018153,0.00574742,0.02758691,0.067593865,0.13243413
0.042921137,0.062734805,0.8630534,1.0,0.24727659,0.034710452,0.04928124,0.021923132,0.0075849066,0.08525165,0.09570807,0.03581234
0.044650026,0.08717995,0.33419958,1.0,0.4788968,0.06626674,0.025196064,0.016951328,0.01022365,0.04736799,0.09575673,0.059604373
0.15611772,0.2665022,0.25958493,1.0,0.6061748,0.13425191,0.053963445,0.075138465,0.13850717,0.1019002,0.050031986,0.116480105
0.47925985,0.41476724,0.37748924,0.6615221,0.31548595,0.16398306,0.15290803,0.5111705,1.0,0.48548046,0.1143723,0.3170692
0.09131562,0.05179522,0.069993,0.09199618,0.105065525,0.07947087,0.3575629,1.0,0.8145569,0.23200326,0.068830445,0.08641824
0.07087237,0.09134578,0.25168136,0.3034389,0.14579166,0.1623157,0.61144,1.0,0.44699925,0.08253985,0.039391294,0.055212583
0.1645022,0.29905856,0.6746223,1.0,0.38824433,0.16503322,0.19359033,0.28996822,0.18705183,0.095557645,0.04530817,0.05044306
0.20159191,0.3905639,1.0,0.88153684,0.3756796,0.28649348,0.25205275,0.23131593,0.16051643,0.10959778,0.14476857,0.12024099
0.18692563,0.22331105,0.7156591,1.0,0.43686867,0.22907726,0.24103026,0.23982503,0.1948003,0.15603465,0.3148956,0.25151804
0.22364411,0.33852386,0.7864538,1.0,0.49246988,0.17714411,0.24763097,0.3773126,0.2153438,0.37197685,0.44856593,0.31713602
0.3967254,0.6754938,1.0,0.62855464,0.3372718,0.19423579,0.23579028,0.36068377,0.1947678,0.31602907,0.38746068,0.31802005
0.38740763,0.7227871,1.0,0.8529244,0.31978327,0.6551554,0.9425879,0.5386328,0.14291224,0.08317489,0.11690112,0.15794238
0.06400342,0.083240315,0.07987787,0.10471247,0.4973121,1.0,0.50432086,0.09600378,0.02499687,0.017602636,0.010296864,0.04121669
0.0809467,0.016522234,0.031755082,0.064454004,0.925108,1.0,0.22322044,0.04293127,0.029237837,0.02260126,0.00818649,0.09142137
0.20482488,0.031380374,0.11117952,0.20379618,0.7670109,1.0,0.12757841,0.066129364,0.0427111,0.09520922,0.024187729,0.09331372
0.324103,0.14555363,0.27175805,0.83950245,0.56570053,1.0,0.43118072,0.16803142,0.15722807,0.73022175,0.5055803,0.118645206
0.12801157,0.08372646,0.20215046,0.7511038,0.45728675,0.2944475,0.27240318,0.3338846,1.0,0.7069847,0.4624985,0.14902669
0.13680643,0.033661764,0.20872357,0.584739,0.36106122,0.17398036,0.098663315,0.35061347,1.0,0.38609672,0.12714002,0.1680946
0.21731192,0.18222737,0.6283861,0.9474969,0.65435,0.3928295,0.18084985,1.0,0.75705194,0.43161726,0.2724403,0.35195673
0.2400077,0.33996758,0.5635448,1.0,0.69795406,0.29562864,0.16220585,0.63922966,0.41180053,0.53586924,0.38721025,0.3062578
0.22727017,0.24844643,0.35627937,0.92034173,0.73927474,0.24812569,0.114295006,0.3904056,0.25329956,0.4684224,1.0,0.5096838
0.18784614,0.18677686,0.15699123,0.3981881,0.21495801,0.21521485,0.10775376,0.22389565,0.050727516,0.37784925,1.0,0.17074883
0.14566232,0.21525449,0.19151206,0.4031121,0.27197525,0.13103554,0.058655396,0.11842236,0.13288167,0.2512198,1.0,0.49603808
0.17337573,0.2720774,0.4771617,0.6428757,0.5588012,0.17177036,0.057184923,0.27914816,0.75342184,1.0,0.8770631,0.7124732
0.048836578,0.19353096,0.29959822,0.22427401,0.21917981,0.162353,0.02494465,0.11760295,0.40319425,1.0,0.7991892,0.11347937
0.026006937,0.18561551,0.26652086,0.09215623,0.15689722,0.14313912,0.014834128,0.023787389,0.12421384,0.7525876,1.0,0.08048427
0.13512096,0.22966605,0.45940825,0.5833001,0.32690176,0.098234884,0.051278565,0.2777995,0.6558905,1.0,0.58785874,0.13664062
0.24081722,0.48875907,0.65385896,0.6179877,0.2992891,0.1539527,0.13267453,0.39323175,0.9037347,1.0,0.5190722,0.25835547
0.30347282,0.6885601,0.5321192,0.65289015,0.36311054,0.1402722,0.13203456,0.49519435,1.0,0.9694502,0.8503711,0.39438534
0.30180362,0.43044415,0.39385262,0.7221067,0.2520771,0.09254966,0.0978746,0.30444968,0.20694754,0.38844997,1.0,0.30551726
0.42500713,0.53612727,1.0,0.9917883,0.59063524,0.33040267,0.19750781,0.2842255,0.4201887,0.58425593,0.77032894,0.6083155
0.1915378,0.376774,1.0,0.64500076,0.15133175,0.08862761,0.15093331,0.46059775,0.43476442,0.2765802,0.27262875,0.27119267
0.26378343,0.38600805,1.0,0.90496165,0.2973441,0.086759605,0.094220795,0.5160272,0.9306296,0.6932742,0.3521238,0.27619764
0.39623642,0.3489318,0.5180233,0.521056,0.3535177,0.32980585,0.28653383,0.13400352,0.40038994,0.8751524,1.0,0.7310421
1.0,0.3982658,0.45823407,0.6175716,0.44105256,0.3067529,0.32215706,0.15437342,0.107636325,0.1859501,0.44688022,0.9230017
0.34441373,0.41220927,0.90360135,1.0,0.7325764,0.5320745,0.3065755,0.36121514,0.182513,0.44785362,0.5785103,0.25510898
0.23896138,0.75004995,1.0,0.766872,0.50745016,0.44431603,0.29440227,0.6495379,0.49325007,0.7638852,0.7842927,0.34869024
0.2179631,0.9004609,1.0,0.57499236,0.29701653,0.20847313,0.1760063,0.3231211,0.2802402,0.40784824,0.55335987,0.38584393
0.23795114,0.83086014,1.0,0.58593655,0.38774702,0.45494246,0.36740106,0.7057468,0.56262904,0.6589774,0.6363175,0.27731094
0.1664507,0.27754518,0.55513996,0.53165525,0.29268125,0.35183457,0.31705913,0.9457177,1.0,0.5041573,0.45014462,0.16182192
0.14434907,0.21297908,0.51214767,0.73682183,0.45487243,0.34772405,0.36928123,1.0,0.9551295,0.5443855,0.47672996,0.16107135
0.26012897,0.29623765,0.4545655,0.9079203,0.8311752,0.7468331,0.5872086,0.76547205,0.7084429,1.0,0.9391109,0.27129942
0.2502296,0.33740205,0.5452738,0.70150703,0.9060147,0.70071906,0.46956116,0.696061,0.9580257,1.0,0.64377415,0.29401854
0.1720934,0.47846308,1.0,0.78901565,0.96822107,0.5043396,0.26543796,0.65850645,0.7692967,0.43924734,0.20489942,0.09599262
0.06768947,0.13705789,0.38471463,0.6704738,1.0,0.22799572,0.06464852,0.24251397,0.39873996,0.2275074,0.0534073,0.021357045
0.038511273,0.05442215,0.21413246,0.6217742,1.0,0.36812365,0.0575234,0.09883101,0.2571363,0.20353454,0.0777136,0.03255203
0.0855735,0.056467604,0.09815702,0.40112627,1.0,0.49737278,0.100123726,0.05748596,0.09450798,0.09749312,0.09209748,0.1020396
0.3270925,0.42831326,0.36600804,0.3738838,1.0,0.6461404,0.18070179,0.10579954,0.12483289,0.107173845,0.06235275,0.18715684
0.11181727,0.2900386,1.0,0.93711996,0.26615962,0.24120076,0.16267984,0.08433455,0.0891029,0.09694454,0.046870008,0.058064103
0.012762628,0.051869664,0.63828844,1.0,0.15902686,0.035014875,0.030310454,0.036260325,0.038712114,0.034033094,0.021453265,0.01177112
0.0063266866,0.012995271,0.24440466,1.0,0.6465486,0.08018618,0.019179681,0.016676385,0.017551435,0.015553423,0.0142563665,0.0069331485
0.0052612694,0.01348109,0.07266295,0.65888226,1.0,0.14640482,0.02412685,0.011879701,0.009941125,0.009634133,0.007980564,0.0047797426
0.041955408,0.11604958,0.49061042,0.8034735,1.0,0.18306041,0.06011768,0.044758968,0.03414823,0.038231045,0.014051095,0.023057755
0.30815768,0.33663166,0.5537974,1.0,0.77870923,0.14204118,0.11020241,0.11068491,0.076969914,0.1217858,0.06123677,0.082604356
0.86606854,1.0,0.22305863,0.27219513,0.32940406,0.16673984,0.11044511,0.116319634,0.15515512,0.26038334,0.1632587,0.12145396
0.52757686,0.549894,0.24105224,0.35620725,0.4609457,0.25365332,0.3149541,0.57761955,0.7616197,1.0,0.2883768,0.16932471
0.06317769,0.08162713,0.08854585,0.12657607,0.08380802,0.12173782,0.36286128,0.51136845,0.73067194,1.0,0.24854615,0.04687312
0.06411087,0.075665355,0.040887415,0.035732873,0.031183572,0.22010712,0.712724,0.70386755,1.0,0.9910346,0.2294607,0.045847934
0.06353924,0.06854671,0.039216425,0.06444019,0.044705823,0.12064199,0.44460794,0.7803953,1.0,0.65866756,0.13507344,0.035561744
0.016483864,0.005820829,0.004035655,0.009581498,0.020941962,0.018447444,0.036061663,0.24690007,0.8881573,1.0,0.4335169,0.11733782
0.004848421,0.0007945578,0.0004426809,0.003501542,0.05493347,0.039080657,0.005156338,0.01962414,0.24042252,1.0,0.8380183,0.1442356
0.0021691127,0.00029230452,0.00016107732,0.0033312687,0.08282832,0.06602133,0.0020960898,0.0019579881,0.087432116,0.8349831,1.0,0.12693425
0.0014798457,0.00028155156,0.00017269605,0.0027078404,0.087966934,0.09302741,0.003279385,0.001842614,0.06329123,0.8050541,1.0,0.10213022
0.0013818395,0.00081321545,0.00033179787,0.00422006,0.09018234,0.06926013,0.0021518557,0.003232968,0.12050921,1.0,0.822884,0.056645118
0.0037167566,0.00095774175,0.0004987044,0.003117201,0.07728347,0.07223335,0.0032056775,0.0034708017,0.12646689,1.0,0.9668456,0.08851597
0.023817156,0.0015132846,0.0007743261,0.0008125111,0.030446252,0.079788275,0.022147374,0.0021962929,0.037454367,0.41483912,1.0,0.35654134
0.19359168,0.0071066944,0.00071213674,0.00028503875,0.0045903623,0.049175672,0.05654839,0.005930432,0.005473065,0.095894024,0.7522813,1.0
0.41773242,0.02000985,0.00069075933,0.00016646353,0.00046501518,0.007297089,0.028907267,0.008293911,0.0014008047,0.011348643,0.26701877,1.0
0.66412634,0.06416893,0.002563605,0.00026977403,0.0001667382,0.001057775,0.008049915,0.0060058665,0.0011769333,0.004518057,0.16821548,1.0
0.53096586,0.06666872,0.0074739386,0.0007678322,0.00017111581,0.00068673317,0.007169147,0.007663455,0.0016292606,0.0068347645,0.22618803,1.0
0.30591336,0.019639904,0.0065023564,0.0019242485,0.0006242279,0.0013553539,0.004874896,0.0059963046,0.00473669,0.025920788,0.46007934,1.0
0.05895633,0.027477331,0.026953334,0.010858654,0.005740833,0.0075136353,0.009642492,0.01711419,0.03486813,0.32679966,1.0,0.5650984
0.1375057,0.07319374,0.1712747,0.037140485,0.007924107,0.012914031,0.01034405,0.020147739,0.051273376,0.28505367,1.0,0.5747147
0.17416407,0.061307456,0.30197436,0.09881593,0.00960607,0.0129982615,0.00928972,0.026671365,0.076359205,0.18900737,1.0,0.90546197
0.06156493,0.042846486,0.23453994,0.15830305,0.029215971,0.024570066,0.014166549,0.042924743,0.09716048,0.28682792,1.0,0.54877144
0.037832007,0.037177194,0.15602298,0.16622527,0.07551114,0.06753172,0.037621237,0.06735117,0.1373423,0.33467904,1.0,0.4272916
0.07236221,0.049513534,0.15652813,0.17299902,0.18622507,0.13975996,0.10828394,0.07384918,0.19200414,0.3129696,1.0,0.7000133
0.1558703,0.04708177,0.08882507,0.09259359,0.2134007,0.18156222,0.2643943,0.065201804,0.18561915,0.1754911,0.7070877,1.0
0.36308634,0.06127527,0.03402554,0.04645728,0.05278194,0.077690065,0.32659358,0.13132302,0.07889651,0.12202536,0.31501272,1.0
0.6336044,0.075441465,0.030658897,0.032891665,0.019066485,0.022236267,0.21327138,0.17377806,0.050641414,0.08987519,0.16086142,1.0
0.5582777,0.049648833,0.01612939,0.03418386,0.014120966,0.028678276,0.14653185,0.09353946,0.05049296,0.05914101,0.20930059,1.0
0.29989898,0.022849264,0.02103897,0.05509596,0.03132923,0.07609706,0.16095631,0.1331369,0.13465261,0.11939134,0.5483155,1.0
0.08256195,0.019020755,0.03982541,0.08172707,0.12413322,0.23033468,0.13258713,0.33122233,0.44733375,0.38459757,1.0,0.547527
0.02211644,0.01987045,0.0395831,0.078298375,0.21264735,0.48348737,0.24229139,0.3769652,0.56750125,0.47659606,1.0,0.330272
0.080336116,0.045095485,0.05579993,0.10375643,0.1815072,0.36805403,0.3737525,0.27592248,0.3655363,0.41900286,1.0,0.54116297
0.14204255,0.05631437,0.070861876,0.14469592,0.09203975,0.17814912,1.0,0.52110255,0.10422679,0.11751049,0.23216541,0.3777591
0.08384413,0.040744223,0.047733456,0.13973953,0.06568887,0.10491303,1.0,0.66036385,0.0392479,0.02752091,0.031894237,0.14863011
0.043265264,0.039377622,0.08771692,0.13629755,0.04982855,0.36651438,1.0,0.26259628,0.054212622,0.035579555,0.060429286,0.17132154
0.118971184,0.279617,0.26758254,0.17987157,0.39375767,1.0,0.9295336,0.245858,0.14874227,0.07437657,0.14719126,0.22193067
0.38364056,0.74992335,0.22071734,0.28578362,1.0,0.5404985,0.76126826,0.7296054,0.12391024,0.10786738,0.07782025,0.069154605
0.2389845,0.48164546,0.14608206,0.18723641,0.6994028,0.32046184,0.4762231,1.0,0.25208184,0.14191535,0.1611086,0.120096415
0.3663335,0.2621045,0.10206658,0.11688556,0.19560936,0.1834316,0.4023819,1.0,0.38303193,0.10809736,0.15987441,0.21958749
1.0,0.9986951,0.1943795,0.04872977,0.10981294,0.1154513,0.102216616,0.32282764,0.2117715,0.040726803,0.03019332,0.17040376
1.0,0.71597797,0.11946205,0.03185576,0.058265086,0.07845925,0.045360852,0.06479466,0.059812292,0.01589137,0.045149703,0.2966661
1.0,0.7866966,0.29306144,0.25367752,0.26737636,0.10335423,0.14844728,0.1737498,0.07193969,0.04194917,0.16916858,0.5381834
0.10964624,0.19168454,0.35406253,0.63616353,1.0,0.6725489,0.40330404,0.30610213,0.09336895,0.039517343,0.085221946,0.12866314
0.16779564,0.15860051,0.11857977,0.18603759,0.7264038,1.0,0.64240587,0.32848743,0.1490761,0.086384974,0.14325334,0.22379461
0.36568514,0.37252268,0.25201318,0.30979848,0.701491,0.5998537,1.0,0.91834503,0.19369031,0.16694492,0.24962956,0.2773399
0.17377408,0.19212477,0.20955159,0.24121557,0.657511,0.34557146,0.83962333,1.0,0.17960185,0.09149254,0.24014434,0.38427725
0.21457423,0.3808192,0.22268204,0.14356284,0.49728554,0.27908555,0.84895295,1.0,0.1211209,0.07876013,0.1068063,0.20239186
0.22857936,0.41572094,0.24942376,0.21844119,0.6031701,0.35529718,0.8755646,1.0,0.1649111,0.13705768,0.16755012,0.24107839
0.25287062,0.26754576,0.63167685,0.66889733,0.5011712,0.47559857,0.9664169,1.0,0.63769794,0.6129182,0.25478327,0.28973514
0.2093416,0.2271698,0.7244843,1.0,0.3183934,0.3258648,0.71922916,0.80702895,0.43525973,0.43282717,0.19447167,0.20911364
0.021078564,0.03512255,0.07585699,0.17499818,0.9147237,1.0,0.3615807,0.097715005,0.056858804,0.08500187,0.021157304,0.013876414
0.0022204823,0.0018328067,0.006445134,0.2659775,1.0,0.3452992,0.03635471,0.008127829,0.011311629,0.010655341,0.0016488354,0.0012471925
0.00058739184,0.0047961697,0.06732302,0.52290946,1.0,0.18047024,0.005560855,0.007896019,0.0074625653,0.0014763925,0.00088429864,0.0005898666
0.042179625,0.5917825,1.0,0.70549685,0.35726726,0.064094104,0.01723212,0.009118049,0.008204202,0.010059554,0.0046497313,0.0034755724
0.52442384,1.0,0.40974492,0.0478392,0.007643161,0.027019989,0.010544092,0.0035512312,0.005950802,0.004301648,0.0037647618,0.06280068
1.0,0.6525665,0.07141407,0.0029921737,0.004261203,0.014883923,0.008274237,0.0044685174,0.0037500225,0.010052144,0.078017324,0.30444106
1.0,0.32506245,0.052183818,0.011710316,0.06564141,0.11762,0.036387376,0.024987627,0.028425395,0.4111037,0.8309984,0.82336223
0.17095746,0.13328789,0.06174642,0.020806301,0.16042966,0.15210503,0.034274533,0.055222202,0.07306388,1.0,0.6605861,0.28119004
0.09678526,0.1276621,0.090722255,0.018047428,0.13120168,0.12201643,0.030473037,0.044072416,0.055345766,0.97309095,1.0,0.20744975
0.07905456,0.090971306,0.12389993,0.021032691,0.046855036,0.094989955,0.021474086,0.012983301,0.018273635,0.28543177,1.0,0.37269264
0.07577068,0.035347626,0.100501895,0.05918542,0.01017161,0.06834197,0.069811925,0.0067535224,0.014246558,0.047330033,0.92337555,1.0
0.04574582,0.01864963,0.10795477,0.07710193,0.0118455645,0.06816821,0.09102364,0.008010362,0.010497246,0.0439163,0.9896643,1.0
0.019962288,0.006741878,0.04176848,0.028354328,0.010782593,0.026837936,0.029885104,0.0026122273,0.0109467385,0.14857222,1.0,0.5499092
0.012449788,0.0039395913,0.0149376895,0.007826153,0.004801206,0.01643051,0.010393998,0.0025100685,0.024411455,0.30340365,1.0,0.29993486
0.012933402,0.017776811,0.018161718,0.007852103,0.009566676,0.0281971,0.014244349,0.0064664306,0.031329904,0.3277401,1.0,0.20475681
0.025218228,0.031782117,0.013722261,0.007528757,0.013701714,0.02555377,0.015710942,0.0057142223,0.017339246,0.25846326,1.0,0.22700654
0.00939378,0.0048467037,0.00425313,0.0033251217,0.007803176,0.0245357,0.0104512535,0.0029251385,0.0046417913,0.15157622,1.0,0.30631298
0.016230976,0.0037039903,0.0027306462,0.002281145,0.0060522724,0.020006355,0.012742328,0.0024793625,0.001030896,0.09520825,1.0,0.4998424
0.060237147,0.0035423078,0.0020346786,0.0018575013,0.004700092,0.019371394,0.027611738,0.0069008297,0.0015927075,0.046320386,0.8444117,1.0
0.07836842,0.003250249,0.0019559555,0.0015140512,0.0027657305,0.009658128,0.022215178,0.008516879,0.0021009939,0.013081626,0.49404308,1.0
0.11130821,0.0044062543,0.0022657772,0.0016427545,0.0022569615,0.0037583965,0.00776523,0.0059354953,0.0021547286,0.008857302,0.38526684,1.0
0.1012832,0.0036526842,0.0022978175,0.0012353815,0.0015323987,0.0016980721,0.0031301584,0.002476024,0.0013111798,0.00817793,0.41071096,1.0
0.062164545,0.0025486422,0.00284162,0.001110005,0.0013138134,0.0024555412,0.0032720596,0.0018246181,0.0014148445,0.022194903,0.6486792,1.0
0.038227905,0.0039751003,0.0028221917,0.0015680537,0.0015746091,0.004312815,0.0035189458,0.0017797196,0.0032822518,0.05684817,1.0,0.8357879
0.015147198,0.0044245115,0.0027996562,0.002097575,0.0030502535,0.009709139,0.0057545532,0.0017469976,0.0027856007,0.0836582,1.0,0.49185413
0.02799258,0.0030206302,0.00198754,0.0024804268,0.00465524,0.013562299,0.010828474,0.0030165203,0.0022886626,0.09387764,1.0,0.5984727
0.101631485,0.0075012767,0.0035598848,0.0046027103,0.005592909,0.008760789,0.017090898,0.008754961,0.004162815,0.041221913,0.6187201,1.0
0.21008338,0.03479045,0.020518387,0.022959178,0.01633668,0.019782782,0.028056476,0.019428615,0.01738584,0.03416598,0.3138401,1.0
0.4487039,0.12636736,0.07869576,0.09364346,0.07136941,0.07965988,0.115504496,0.11991286,0.13797082,0.15027803,0.31446904,1.0
0.34932593,0.03162848,0.0048742257,0.0035659748,0.004138035,0.033604905,0.0346343,0.008148182,0.011469345,0.034956723,0.42326257,1.0
0.36961788,0.08372219,0.019334942,0.011381697,0.009532445,0.057582404,0.03036973,0.006546643,0.01821949,0.075037345,0.7617288,1.0
0.0855671,0.06241719,0.044173744,0.023114506,0.027413692,0.09889257,0.023232251,0.009613978,0.022530563,0.17474522,1.0,0.3317871
0.04239144,0.030671777,0.03873168,0.017373625,0.086941496,0.38430065,0.06529565,0.019089172,0.023367705,0.27928704,1.0,0.15535024
0.12122566,0.052884493,0.082026936,0.032325987,0.14513086,0.8585358,0.28152037,0.03105358,0.030261915,0.23318245,1.0,0.2654973
0.09054496,0.029116964,0.11179355,0.06861816,0.054500367,0.59351194,0.56015056,0.025399946,0.009720855,0.06890333,1.0,0.92213744
0.09308837,0.030041358,0.04645038,0.057401244,0.016166145,0.18209377,0.30447513,0.017645868,0.0042395205,0.012761804,0.42651495,1.0
0.17058869,0.10587759,0.057278242,0.108387016,0.022542965,0.08009729,0.15929048,0.019935722,0.005870252,0.008531117,0.22289062,1.0
0.18096302,0.13331029,0.10610937,0.2136346,0.07442549,0.06652232,0.10237931,0.026905762,0.016189141,0.04450257,0.3746295,1.0
0.28739905,0.30395278,0.33506608,0.7953925,1.0,0.35582003,0.20344487,0.19832583,0.1699715,0.28688693,0.84410876,0.8331843
0.6422678,0.5479576,0.2262876,0.4452141,1.0,0.64384025,0.40467238,0.21611457,0.12428197,0.06387595,0.16167256,0.37059128
0.6021849,0.32654303,0.14836127,0.37830454,0.760952,1.0,0.47108012,0.104242064,0.067782246,0.059813894,0.26801178,0.6148662
0.24961053,0.2464275,0.2960348,1.0,0.5341899,0.49298662,0.19805154,0.07102208,0.067718476,0.115674175,0.35473108,0.6675671
0.16874461,0.23138568,0.81164855,1.0,0.40590808,0.59694576,0.18463808,0.044191416,0.059139475,0.11150571,0.71888393,0.9981127
0.21567374,0.25125086,0.52412057,0.31323367,0.14763786,0.4185587,0.17148511,0.04462617,0.050304983,0.19990636,1.0,0.94272995
0.21399055,0.21653306,0.15566988,0.1095887,0.09692021,0.22364818,0.17438269,0.047222506,0.055153903,0.26377305,1.0,0.7593521
0.13272806,0.09435598,0.07653842,0.10174935,0.09560744,0.17807291,0.18220331,0.047232028,0.039439026,0.2060697,1.0,0.99277204
0.17691618,0.18169652,0.13392681,0.091472,0.113233395,0.39612374,0.35267013,0.19639243,0.3263033,0.29195803,1.0,0.73105985
0.28658044,0.22802,0.19566803,0.11846822,0.17072311,0.31580344,0.21826325,0.15942663,0.40953106,0.6731528,1.0,0.82791185
0.04799139,0.028042939,0.026771871,0.021548443,0.03530215,0.041913092,0.034384318,0.08499939,0.5598083,1.0,0.5023821,0.25590193
0.010398972,0.004540148,0.004805943,0.004769895,0.008512704,0.012789895,0.019010542,0.17662942,1.0,0.8187132,0.16149163,0.05960384
0.0075441296,0.0036296821,0.003906995,0.00783095,0.018158266,0.012891464,0.009162542,0.13172224,1.0,0.980911,0.15769623,0.031355537
0.0037639793,0.0033305637,0.0028218324,0.009749408,0.05924147,0.034743335,0.0053110286,0.02867972,0.39918208,1.0,0.36620006,0.038130388
0.03403145,0.0071117934,0.0068003996,0.03802161,0.18371336,0.20971105,0.055103485,0.022112055,0.16887882,0.831425,1.0,0.25773993
0.31954852,0.026796937,0.008966339,0.040976193,0.15147339,0.21155629,0.17063217,0.04119137,0.0314578,0.15358968,0.68378353,1.0
0.7281724,0.07000663,0.0073668174,0.014986802,0.06953458,0.069653824,0.10653903,0.06575893,0.00962573,0.011668482,0.15941334,1.0
1.0,0.13584565,0.0051362235,0.0066935304,0.07406846,0.08745078,0.069614366,0.13796715,0.023547012,0.015515613,0.05375098,0.7518174
1.0,0.15155578,0.0069494434,0.0088554,0.067406826,0.14177753,0.15566252,0.36883166,0.070503324,0.06570522,0.056453843,0.6475354
0.7225889,0.10176622,0.008416382,0.013783971,0.056307912,0.12696348,0.1822463,0.2838845,0.10010342,0.11283521,0.24003434,1.0
0.19288313,0.016358253,0.009803737,0.01837397,0.10290261,0.112162344,0.08749765,0.050556354,0.053613592,0.09971003,0.6941588,1.0
0.07625897,0.009759074,0.006285473,0.03298548,0.11852837,0.09035887,0.053288225,0.03232945,0.044767164,0.17813173,1.0,0.8091576
0.043141376,0.012533154,0.010637612,0.05839578,0.14629023,0.07652214,0.04727146,0.046733804,0.06566835,0.204535,1.0,0.64728457
0.13278185,0.01391715,0.01474654,0.04594016,0.113936685,0.09367684,0.0858559,0.05290523,0.064600445,0.13295029,0.8905374,1.0
0.24480847,0.011671068,0.010360885,0.017474273,0.02061135,0.060380768,0.12794524,0.045161214,0.030160308,0.052367482,0.48460865,1.0
0.42624334,0.025773851,0.006383271,0.012890933,0.008961771,0.031407405,0.1632632,0.0900003,0.021316469,0.025376325,0.24473375,1.0
0.35960662,0.021055285,0.006175936,0.012703404,0.013047355,0.05160571,0.1932301,0.0854151,0.03260474,0.037736967,0.26467848,1.0
0.15283129,0.009040708,0.012061198,0.019647883,0.060607262,0.11300893,0.14837998,0.05403851,0.034395017,0.081851624,0.6563009,1.0
0.0814465,0.023407193,0.034658395,0.034849923,0.16518895,0.17236447,0.09607054,0.056436718,0.04415384,0.13092265,1.0,0.94334656
0.08217553,0.16472639,0.16402166,0.084077075,0.36329833,0.24356674,0.06946172,0.06715377,0.09171587,0.40075693,1.0,0.45949483
0.026072228,0.10121983,0.09784536,0.06864152,0.3758246,0.31378672,0.04147577,0.05588169,0.13900088,0.7044702,1.0,0.17776038
0.13560887,0.029520378,0.011026593,0.02219303,0.16010462,0.28327757,0.093457386,0.028396163,0.060478855,0.2938974,1.0,0.7556208
0.3366722,0.020257967,0.004770133,0.0062791314,0.02255307,0.034498196,0.04189217,0.014148876,0.015423899,0.028292017,0.40232876,1.0
0.32372215,0.012778115,0.0018381425,0.0017973603,0.0022380394,0.0036275669,0.014474615,0.007433103,0.00536971,0.019672109,0.38694948,1.0
0.24692878,0.011752315,0.0035399073,0.0013986902,0.00089642085,0.0032949178,0.009085536,0.0040035928,0.009578938,0.10137417,0.6925406,1.0
0.24452125,0.046990212,0.02298006,0.011418185,0.0075461506,0.0093293665,0.014205356,0.049414344,0.19718386,0.61993444,1.0,0.73705107
0.03312545,0.047976173,0.045500394,0.027139243,0.031221678,0.04909774,0.14165156,0.4825952,1.0,0.7407057,0.25387567,0.10041842
0.40224582,0.4268767,0.5067941,0.3066905,0.2576214,0.66984075,0.86601424,0.6130447,0.9014102,1.0,0.9947863,0.96767414
0.24205214,0.4346327,0.74082446,0.32788274,0.1847373,0.37226406,0.45854008,0.35824096,1.0,0.9697073,0.41151807,0.17491718
0.41476125,0.67238635,1.0,0.4958208,0.26402438,0.39280015,0.52045065,0.49629393,0.88679355,0.7667129,0.40785763,0.26442152
0.5668649,0.901501,1.0,0.6293505,0.30236223,0.23627834,0.53908795,0.6098764,0.6042298,0.59117216,0.7880232,0.5527976
0.16778027,0.07756377,0.18160859,0.39555907,0.19787613,0.035813604,0.18559946,0.33828762,0.1244537,0.14548941,0.8452585,1.0
0.57771945,0.10582074,0.024952916,0.06963901,0.08879807,0.03258867,0.020250347,0.048547,0.109673776,0.0975606,0.28891096,1.0
1.0,0.4712264,0.110061586,0.030185139,0.035591915,0.040992696,0.028647712,0.030549442,0.09520232,0.15932398,0.21667682,0.75994635
0.96735555,1.0,0.56129485,0.4549667,0.3374154,0.23674253,0.16070352,0.27714244,0.19613418,0.17077288,0.34465903,0.6662193
0.13747528,0.10830145,0.25619265,0.6172392,0.8931272,1.0,0.7263308,0.7805409,0.3593246,0.123660296,0.12685177,0.18242733
0.08194772,0.074066274,0.1308635,0.102783956,0.15594476,0.54268646,1.0,0.79532206,0.24877207,0.063132234,0.050756503,0.07215395
0.03005038,0.04090725,0.09201585,0.2562106,0.72908187,1.0,0.5048029,0.11955687,0.03228969,0.014000085,0.016317578,0.024363235
0.0085655,0.02114827,0.15104607,0.6990796,1.0,0.39436394,0.06598495,0.008935013,0.003232051,0.005262846,0.015978709,0.015625553
0.012689748,0.030787662,0.2951539,1.0,0.45207596,0.078085266,0.029592106,0.009285563,0.004088155,0.021064863,0.052194633,0.024143895
0.048046768,0.034313966,0.15438662,1.0,0.93779975,0.27639338,0.07100033,0.016052933,0.007309854,0.029095756,0.10438491,0.09283826
0.032254223,0.017765738,0.06384356,0.48099563,1.0,0.50978875,0.16324146,0.07338981,0.018564565,0.011093059,0.03134215,0.049738135
0.024863956,0.024762344,0.05987021,0.2569676,0.77179414,0.7745364,0.7506975,1.0,0.594475,0.17239963,0.061692026,0.04729929
0.011267778,0.008743167,0.0081903115,0.018685441,0.029796708,0.025233911,0.08659275,0.37501633,1.0,0.77170557,0.20646358,0.0487015
0.012616489,0.009221504,0.00695678,0.01849944,0.025793437,0.017653195,0.04860154,0.16223654,0.64107513,1.0,0.37528577,0.061436012
0.029677011,0.036943942,0.022212792,0.014206563,0.027800743,0.16490312,0.5904177,1.0,0.8384215,0.41144478,0.17867681,0.07633985
0.20062439,0.079630986,0.019599896,0.043036986,0.3671802,0.88878596,1.0,0.85123235,0.32051292,0.11543859,0.13751918,0.2182306
0.26361278,0.019079152,0.007724047,0.16649881,1.0,0.64902085,0.11555745,0.09312129,0.1221253,0.03969912,0.16401368,0.786185
0.34042555,0.017221356,0.007298234,0.17154695,0.9695845,0.40886045,0.03014417,0.111095086,0.161,0.030748682,0.207442,1.0
0.7497688,0.21696183,0.044638827,0.06579908,0.6562151,1.0,0.2785069,0.1322888,0.16792522,0.23382193,0.09544205,0.407221
0.3907258,0.2797393,0.13304886,0.12960856,0.17187619,0.44643727,0.3407633,0.66437274,1.0,0.49195868,0.08518855,0.12190473
0.010576503,0.011989843,0.020707844,0.098444045,0.05807597,0.010834051,0.023659762,0.25606465,1.0,0.50345093,0.03793356,0.008444495
0.020864587,0.051227733,0.08030248,0.09863304,0.039557632,0.053467344,0.36438167,0.8629018,1.0,0.3353667,0.024906531,0.0137747405
0.19326016,0.16894074,0.07431874,0.027261138,0.09927967,0.4297476,1.0,0.9228752,0.20891498,0.02733543,0.029331598,0.1395378
0.54065025,0.13712017,0.067026086,0.20017488,0.4551536,0.750721,0.67463595,0.37586224,0.101624995,0.12674621,0.61125994,1.0
0.078367166,0.013968317,0.13826439,0.2818535,0.11064575,0.061278693,0.19965452,0.23087971,0.046263695,0.41999343,1.0,0.37912476
0.24479628,0.023712987,0.07963326,0.33262637,0.3514347,0.12644112,0.15339778,0.24608636,0.05335893,0.23671776,1.0,0.98002434
0.6176628,0.21404749,0.076760076,0.10242898,0.32202396,0.3291859,0.23438524,0.21717218,0.08156227,0.036090836,0.31624672,1.0
0.4667469,0.41830888,0.33817813,0.17832145,0.13308682,0.26895404,0.49057877,1.0,0.7022012,0.14133239,0.08795224,0.3508543
0.025932165,0.027079236,0.087812565,0.25660732,0.117864266,0.011075449,0.04668884,0.3826153,1.0,0.4042935,0.022426423,0.015652418
0.085902475,0.14457548,0.31808478,0.33132696,0.1000107,0.0617138,0.22974211,0.73575324,1.0,0.29715124,0.04205636,0.06274854
1.0,0.916586,0.35386333,0.078666165,0.121094145,0.4667896,0.70037436,0.6409771,0.2945029,0.07722856,0.06662663,0.26336426
1.0,0.4262069,0.031739146,0.021650374,0.22917056,0.3195283,0.13021965,0.037858117,0.104125716,0.10075236,0.055925664,0.42115298
1.0,0.21898954,0.050402377,0.071049675,0.60926443,0.3896724,0.030073531,0.034682754,0.26818368,0.17181256,0.098461755,0.80906224
1.0,0.34847677,0.16649358,0.20581684,0.63444173,0.68322414,0.263002,0.082730606,0.10836114,0.047327187,0.04019266,0.40338778
1.0,0.78283316,0.28972924,0.3297078,0.78372234,0.9728894,0.9026486,0.38224062,0.13779679,0.06228993,0.056946374,0.2641629
0.6398631,0.4517128,0.18536766,0.16415027,0.2747191,0.5937995,1.0,0.6851211,0.30946708,0.20214908,0.12692554,0.21720932
0.43616638,0.12548563,0.06995719,0.06380711,0.08191859,0.14597766,0.14356366,0.21136492,0.22712134,0.34006187,1.0,0.99586767
0.15588306,0.020546582,0.009850283,0.013516121,0.032333728,0.053086378,0.037900977,0.032456335,0.037945732,0.17391829,1.0,0.9610286
0.17145398,0.10139845,0.047992587,0.053378537,0.07691003,0.10291452,0.10409021,0.07576668,0.10147889,0.2710152,1.0,0.7997681
0.6934237,0.3335675,0.07417253,0.06212905,0.05953269,0.11489307,0.13472137,0.073927924,0.09625535,0.11182257,0.38593063,1.0
0.36481157,0.7353868,0.2725738,0.1041189,0.09740421,0.16084366,0.17679925,0.1801514,0.21616274,0.6892112,1.0,0.5954993
0.075300165,0.2982105,0.1639415,0.051471226,0.08309344,0.14874406,0.12554671,0.12273772,0.1383196,0.71169525,1.0,0.25274736
0.12229487,0.07644638,0.06176916,0.031576063,0.10928073,0.2768751,0.1828821,0.056139912,0.051020276,0.2646457,1.0,0.73103184
0.18571396,0.0431768,0.025660763,0.032370247,0.05189714,0.10836532,0.11797164,0.02778825,0.017613124,0.060598012,0.66549116,1.0
0.25470632,0.031831358,0.032678615,0.026137881,0.03246902,0.025986904,0.05533562,0.019843625,0.011156928,0.026670046,0.47107798,1.0
0.2743191,0.031143133,0.047929995,0.031180609,0.030639805,0.034277264,0.07845712,0.02385724,0.010730225,0.019657057,0.4027453,1.0
0.32506713,0.037218474,0.056905802,0.052097235,0.05345553,0.04259467,0.11967354,0.043239668,0.017083459,0.017898275,0.34333786,1.0
0.27502564,0.038934767,0.106478125,0.11242575,0.13080718,0.20080951,0.23507376,0.054222476,0.024869498,0.055550065,0.55138093,1.0
0.059691366,0.036384933,0.14327635,0.1438375,0.31468406,1.0,0.36709982,0.058470923,0.053549495,0.22030605,0.7843898,0.45079884
0.03622189,0.025367655,0.08390278,0.089815386,0.21127486,1.0,0.5101408,0.065307796,0.055260003,0.17134935,0.55963767,0.3168258
0.16130102,0.03191828,0.05584917,0.05588719,0.061664175,0.56966937,1.0,0.2085653,0.046285875,0.055321913,0.26774704,0.49223346
0.79130286,0.31175473,0.067065984,0.040318005,0.039093528,0.3835611,1.0,0.27999228,0.046325717,0.033953406,0.07838144,0.5047514
1.0,0.52397156,0.06006836,0.008348178,0.012335568,0.11436125,0.1911622,0.04652373,0.01650716,0.011467706,0.023546532,0.2999451
1.0,0.83185405,0.32277647,0.13293086,0.019956918,0.023030238,0.029415919,0.019237239,0.018234579,0.016003164,0.057086673,0.35875255
0.07884433,0.19071095,0.8016418,1.0,0.21225043,0.06827517,0.062744334,0.0409436,0.025925519,0.04327258,0.03895238,0.02436908
0.08817769,0.04019984,0.32677767,1.0,0.49169162,0.14150275,0.075069584,0.06757187,0.07503451,0.10366246,0.09805383,0.0790413
0.43338135,0.11812201,0.8736893,1.0,0.28585252,0.11587196,0.048182778,0.07980214,0.12595408,0.14607996,0.1521731,0.3045434
0.21279216,0.072306104,0.8541643,1.0,0.08567571,0.047693133,0.026741808,0.02896971,0.035896093,0.063904054,0.08268314,0.11411016
0.041402575,0.08390469,1.0,0.9360089,0.054674707,0.031252723,0.027265854,0.012467055,0.022697154,0.08588625,0.07285983,0.029126456
0.016183054,0.14777341,1.0,0.39278048,0.032552,0.02234291,0.026325582,0.0054926407,0.023362001,0.10033882,0.034486566,0.0069926325
0.1421934,0.7399395,1.0,0.2609707,0.056149404,0.060910664,0.031220537,0.028169533,0.095993005,0.105287895,0.019608442,0.009057363
0.65686285,1.0,0.46156007,0.19178136,0.16067806,0.086163744,0.03691967,0.14367539,0.13782588,0.024706839,0.014046311,0.11586652
1.0,0.4483182,0.27230307,0.28140867,0.18149766,0.06551712,0.130589,0.190914,0.04678351,0.009031268,0.032074638,0.5508488
1.0,0.59233123,0.1934704,0.13988703,0.08777745,0.038650002,0.08380693,0.10998568,0.031512618,0.012692676,0.02450832,0.34497347
0.8384981,1.0,0.29987022,0.062980354,0.040812183,0.024050858,0.02519752,0.04777965,0.042699363,0.021011971,0.019115418,0.12313047
0.36080053,1.0,0.824442,0.123800665,0.046575975,0.03977178,0.018807705,0.035858136,0.041964356,0.031042194,0.021677516,0.10684225
0.29845425,1.0,0.84808195,0.17788228,0.054946065,0.051358365,0.020269562,0.044199858,0.053111576,0.040824894,0.033502106,0.11235923
1.0,0.9237888,0.30514592,0.14427952,0.053914394,0.03294885,0.021852296,0.045353163,0.034474533,0.023829341,0.029463371,0.29661468
1.0,0.2551667,0.14466792,0.12515132,0.03589249,0.012546202,0.017055424,0.02266591,0.008659585,0.013878103,0.20708655,0.9434093
0.3887992,0.09626836,0.19168994,0.20372264,0.03178905,0.0134969605,0.016316867,0.011001327,0.0076889535,0.01592812,0.30176786,1.0
0.9495443,0.60453266,0.51048577,0.40359536,0.22510074,0.18368752,0.12883508,0.056225646,0.09214453,0.09395129,0.26430357,1.0
0.3857256,1.0,0.4904223,0.19494556,0.32562128,0.75402784,0.5052405,0.089241676,0.08571044,0.100147024,0.04877148,0.07253197
0.36347884,0.7937196,0.3367544,0.106168255,0.21110456,1.0,0.7771622,0.16714059,0.1934455,0.17582113,0.15172154,0.101876825
0.16999337,0.20223212,0.25245553,0.25686198,0.44072324,1.0,0.54272383,0.18401667,0.38679928,0.5465941,0.5048118,0.1940947
0.49703676,1.0,0.96145946,0.63446397,0.7023147,0.9930625,0.5012194,0.23746896,0.44024888,0.7334481,0.72305846,0.38839298
1.0,0.46711588,0.16361073,0.10252114,0.073415115,0.16154878,0.30438977,0.13183823,0.098146096,0.21460892,0.3596903,0.92709714
0.7225844,0.6955656,0.23246211,0.059718683,0.08297296,0.22211143,0.7214149,0.39711663,0.13385308,0.52362716,0.970788,1.0
0.58266026,1.0,0.20167978,0.033549502,0.0714128,0.171806,0.68221235,0.33339822,0.16870351,0.6182331,0.46038404,0.31320286
1.0,0.94985926,0.09968263,0.033901602,0.08699943,0.23728634,0.6453421,0.17732976,0.1988915,0.6197276,0.23465148,0.3989791
0.93090826,0.50997794,0.09544859,0.05080848,0.15667948,0.3715373,0.58997625,0.12674388,0.26271334,1.0,0.8893648,0.834659
0.17102663,0.061191287,0.041440785,0.036469694,0.07815343,0.16182755,0.1146996,0.05214653,0.12257637,0.39221764,1.0,0.7230631
0.81982726,0.18746386,0.019513408,0.026396148,0.045713905,0.09659904,0.09518225,0.06616703,0.05136514,0.073684,0.3444569,1.0
1.0,0.2765784,0.021967527,0.016902752,0.04213323,0.07825033,0.10948492,0.0713723,0.043719165,0.037352968,0.034200855,0.43879032
1.0,0.75866,0.15979652,0.057096433,0.15306564,0.23614721,0.26320565,0.23887335,0.18376154,0.096021384,0.040823583,0.2389233
0.41468212,1.0,0.38412,0.1519201,0.31978622,0.6069646,0.4482234,0.55470407,0.9310944,0.5611552,0.090406075,0.10696554
0.09269658,0.2933369,0.22047548,0.17512718,0.19322978,0.36219934,0.31794408,0.26483226,0.7644434,1.0,0.21430185,0.054596975
0.10975809,0.16685948,0.24527761,0.42166898,0.29700878,0.47840935,0.37719062,0.3180162,0.46017888,0.9141849,1.0,0.15227447
0.08055516,0.09700469,0.18628885,0.30727324,0.24096453,0.388388,0.3660097,0.2281631,0.13940726,0.4263573,1.0,0.13406643
0.08878075,0.13640596,0.36893183,0.29759368,0.22367121,0.33638132,0.5415043,0.28114605,0.20740715,1.0,0.9500877,0.098134905
0.1358235,0.410125,0.44659844,0.17828487,0.1765462,0.27005178,0.44395417,0.32145315,0.5023878,1.0,0.37263364,0.057867784
0.66115177,1.0,0.36436617,0.19123556,0.3632117,0.42776865,0.47429276,0.57402277,0.8008978,0.34977666,0.11587062,0.1528456
0.9695534,1.0,0.22590162,0.13119867,0.18934503,0.23971833,0.20804092,0.26855525,0.32657006,0.086184375,0.049495656,0.18065599
0.3164996,1.0,0.4960088,0.08963928,0.039272908,0.04195782,0.049377814,0.08026381,0.07783751,0.032125805,0.01819548,0.034728516
0.053931497,0.65870875,1.0,0.19505395,0.036591012,0.014289934,0.029158393,0.050183814,0.043209538,0.03183786,0.018494599,0.010034788
0.017529398,0.33789206,1.0,0.34009317,0.023977773,0.011207442,0.022345226,0.03313209,0.017964326,0.015084507,0.012242817,0.0065106926
0.059138503,0.46985084,1.0,0.56713104,0.061954964,0.017581942,0.0182924,0.03236689,0.016071469,0.012624237,0.016023753,0.013506993
0.11876966,0.27797598,0.3510558,1.0,0.62233454,0.0685424,0.05943166,0.07256843,0.04587418,0.05836,0.05057118,0.042096853
0.044808652,0.099305995,0.27827746,1.0,0.47643182,0.08591704,0.07883869,0.08101415,0.06518154,0.091308616,0.08262282,0.04139919
0.061714772,0.14832251,0.6257917,1.0,0.7417183,0.7490417,0.5445068,0.2045751,0.108554974,0.167893,0.15062907,0.058223475
0.005299281,0.0038131913,0.016724654,0.050810732,0.38804677,1.0,0.4471767,0.03769728,0.009668372,0.011759154,0.01175782,0.011006576
0.0049997456,0.0028905214,0.0051458767,0.02309907,0.29594177,1.0,0.7224146,0.32998154,0.14904763,0.025058016,0.011314272,0.012492143
0.004209342,0.0026116373,0.0047942563,0.011897216,0.0672485,0.24068788,0.39221475,0.7040377,1.0,0.3648433,0.04233348,0.009399271
0.0022859112,0.003043306,0.002574346,0.0065483605,0.010388244,0.010384595,0.04196837,0.19850543,0.7415284,1.0,0.41271213,0.023562077
0.0029926687,0.0048203506,0.0029331231,0.0031485676,0.014979282,0.017558564,0.019993726,0.031181054,0.12782085,1.0,0.9137448,0.052979425
0.013473541,0.012777716,0.004372338,0.009204122,0.025841773,0.034498025,0.08720291,0.25831255,0.5312771,1.0,0.7541975,0.061516225
0.0112369275,0.010135658,0.008035285,0.041374464,0.27654117,0.76273465,0.95292526,1.0,0.63336086,0.17176332,0.10746067,0.030148443
0.009652702,0.027603576,0.04772571,0.32757008,1.0,0.95229685,0.40919614,0.11616357,0.030057397,0.023599979,0.02191616,0.0121689085
0.03288758,0.09402494,0.35724565,1.0,0.6674606,0.19254555,0.035634384,0.024291405,0.028912637,0.04564502,0.027829504,0.009307086
0.105295524,0.50450444,1.0,0.535146,0.06054377,0.03429997,0.020971311,0.01254073,0.015778517,0.016847726,0.012394295,0.016601743
0.5641782,1.0,0.5732675,0.09863905,0.012986673,0.01808866,0.012644089,0.0063129296,0.009111146,0.019956639,0.05074325,0.18716174
1.0,0.6262998,0.16343985,0.022137538,0.012930248,0.023571627,0.022320138,0.03549425,0.09896451,0.29023167,0.60952675,0.96634656
0.20425712,0.064025044,0.03894361,0.03618379,0.043887705,0.10461922,0.13998309,0.22212304,0.44206166,0.8386436,1.0,0.6076683
0.1864929,0.2876398,0.17549425,0.1721427,0.28922057,0.7611237,0.862406,1.0,0.55874944,0.44230378,0.5256758,0.17624767
0.18498342,0.22665152,0.13999115,0.12657331,0.27417067,1.0,0.6848841,0.69167614,0.2920086,0.19128677,0.2875362,0.10668481
0.09642419,0.14717202,0.10180677,0.10933576,0.19315688,1.0,0.5981977,0.44597706,0.23122276,0.20424709,0.2142239,0.0503443
0.21634778,0.20246027,0.14303423,0.094173096,0.1757127,1.0,0.621872,0.36577258,0.25838926,0.39635578,0.3837089,0.11130199
0.6004917,1.0,0.5377155,0.18995884,0.2547867,0.7874868,0.54380876,0.49487916,0.56934464,0.72078085,0.67208344,0.21921693
0.4528528,1.0,0.46631667,0.26445997,0.34505084,0.37596768,0.57163376,0.5784646,0.6776128,0.92113495,0.5765661,0.23953256
0.33530074,0.5096853,0.42631343,0.295372,0.28386292,0.26961437,0.34633848,0.6002964,0.90337425,1.0,0.8233045,0.1877458
0.34952733,0.5056762,0.65337926,0.28094894,0.2800361,0.4107487,0.6466984,1.0,0.56885433,0.6135363,0.60858727,0.14987962
0.392107,0.671748,0.32070428,0.15030116,0.1775517,0.45148322,0.8484971,1.0,0.28138673,0.59354776,0.6235736,0.17738962
0.24013515,0.594627,0.43951637,0.18105078,0.23252527,0.56209624,0.75836277,1.0,0.3681524,0.83109105,0.844549,0.13139147
0.1062209,0.5179166,0.8724997,0.38415417,0.35871515,0.8815447,0.57659864,0.82621545,0.53632855,1.0,0.64024466,0.13027316
0.14704196,0.32940918,0.29231563,0.20604093,0.26472762,1.0,0.6520944,0.8304206,0.41184673,0.57542527,0.36883453,0.13891512
0.102069035,0.23827536,0.28510594,0.2529465,0.26173413,1.0,0.50361615,0.47021505,0.4350999,0.27593505,0.24731131,0.056494612
0.12487665,0.50811553,0.71979105,0.5931205,0.4334389,1.0,0.5700776,0.58334553,0.6278377,0.41043553,0.23952736,0.07829545
0.19072342,0.55808485,0.40663105,0.33419544,0.41094416,0.6978058,0.627947,0.9162636,1.0,0.68880635,0.5974522,0.13829938
0.21833335,0.3363742,0.2660749,0.32808718,0.2542768,0.30885684,0.48179293,0.45118687,0.6472264,1.0,0.7904913,0.1908315
0.31099024,0.38756722,0.6242727,0.59288925,0.5730468,0.5000134,0.7523058,1.0,0.8846978,0.6262722,0.29355186,0.321007
0.02391699,0.036323283,0.1650295,0.23368216,0.48786873,1.0,0.8242394,0.20397662,0.1963166,0.16144523,0.032494813,0.02087739
0.006207271,0.021762881,0.06470845,0.09710231,0.18836638,0.7340476,1.0,0.42547098,0.1750256,0.07008224,0.011336404,0.0024097948
0.020412905,0.069063514,0.07060009,0.07208082,0.07341442,0.31858635,1.0,0.589271,0.26334295,0.09031387,0.032156415,0.018759698
0.21780886,0.39308554,0.29314828,0.12121111,0.032228015,0.0728047,0.50668806,0.9689198,1.0,0.2785296,0.10613623,0.22025025
0.29585707,0.19563822,0.07868548,0.032366745,0.006718579,0.005593855,0.034223694,0.5602134,1.0,0.19412659,0.02439731,0.12224613
0.36022812,0.08732826,0.019500114,0.01423806,0.0064868964,0.020544842,0.14609544,0.8831773,1.0,0.17734239,0.017529866,0.14885749
0.1641424,0.019287247,0.007311207,0.0119793005,0.010786498,0.058287703,0.28203237,1.0,0.5220678,0.09491635,0.021190094,0.13533826
0.01764795,0.012442906,0.006834117,0.009879716,0.029880488,0.22721164,0.807935,1.0,0.36104777,0.038169622,0.0099475775,0.01062024
0.017873853,0.008913504,0.005965598,0.04288215,0.39059693,1.0,0.70781755,0.17790675,0.049981385,0.017208481,0.0057453387,0.008165748
0.0116420975,0.0277804,0.12356493,0.44189352,1.0,0.7031742,0.11879397,0.026639922,0.025669714,0.00996568,0.0056606196,0.008743543
0.07717843,0.28869888,0.74772555,1.0,0.6711164,0.20312025,0.02038068,0.020051355,0.0281081,0.018129682,0.015652206,0.029401079
0.2593082,0.60860085,1.0,0.55347973,0.08204486,0.031370055,0.030506201,0.04369787,0.062976345,0.06285235,0.1687825,0.26015314
0.16646259,0.118300885,0.15491611,0.08785538,0.069445126,0.09305423,0.092902936,0.14981684,0.15011322,0.30768472,1.0,0.85330564
0.66991967,0.42162824,0.28668043,0.21722747,0.119233936,0.34830374,0.53625,1.0,0.633631,0.47276413,0.9794569,0.9886808
0.21062735,0.17724514,0.14624394,0.14229928,0.13052578,0.32219547,0.64306176,1.0,0.47010073,0.15638615,0.06234346,0.08834159
0.48524174,0.55892175,0.4374543,0.43886766,0.45737672,1.0,0.93808776,0.87434655,0.6836788,0.5598009,0.28195542,0.28126526
0.33384547,0.5512356,0.4027636,0.20684643,0.35794798,1.0,0.878188,0.77369285,0.616662,0.53922695,0.44270003,0.3183387
0.3181411,0.34332994,0.3201169,0.2709734,0.42875135,0.79924536,0.7199132,1.0,0.6755929,0.45216787,0.37872672,0.30039302
0.271089,0.23988433,0.32636854,0.46910632,0.48187348,0.45814744,0.54853386,1.0,0.6962315,0.73520225,0.47523704,0.2664854
0.2774314,0.5538197,0.6053391,0.7659342,0.6938561,0.21253061,0.25839227,0.67767256,0.64697385,1.0,0.46331748,0.32871923
0.114118256,0.36702478,0.45508954,0.40944603,0.36490953,0.09237835,0.17845865,1.0,0.6758647,0.17595477,0.071568646,0.12301039
0.31971365,0.6328264,0.64060843,0.33043885,0.22971813,0.17937542,0.41545072,1.0,0.58033216,0.19595131,0.09275978,0.15373068
0.8573939,1.0,0.6420332,0.3183034,0.28551736,0.35102835,0.58344656,0.5160977,0.309658,0.21009655,0.37747833,0.61097914
0.5082433,0.7327423,1.0,0.59630376,0.94720465,0.8631365,0.8690636,0.62823325,0.5740194,0.5125742,0.6529238,0.6243001
0.44536626,0.36231375,0.88433534,1.0,0.8594331,0.7095608,0.6910761,0.47264737,0.3446379,0.26805702,0.46239746,0.5888639
1.0,0.38973984,0.49718204,0.7427051,0.88874036,0.53276443,0.3037751,0.40472806,0.25685185,0.12343507,0.3007327,0.9168383
1.0,0.91711766,0.7465152,0.47181317,0.930407,0.8707006,0.35917294,0.25066337,0.16570854,0.15478013,0.094262555,0.49551076
0.33880198,0.7914317,1.0,0.47335425,0.65646845,0.9449166,0.64670926,0.42155775,0.214816,0.16894853,0.14107238,0.22134988
0.66081023,0.51576966,0.68472,0.8786942,0.9312537,0.9490964,0.85584104,1.0,0.5812101,0.48843375,0.46147758,0.38938186
0.8251467,0.6244183,0.73316556,0.73651403,0.6342581,0.6106366,0.60872364,1.0,0.67194337,0.70983464,0.6092081,0.67289186
0.4026483,0.6437676,0.8358898,0.6637368,0.54924434,0.60384125,0.90781593,1.0,0.4488952,0.4548496,0.33713984,0.5715777
0.6890605,0.814267,0.5158361,0.5807887,1.0,0.5735413,0.42198184,0.6144296,0.3705303,0.2988454,0.25600788,0.5204063
1.0,0.6732653,0.50062907,0.698654,0.7734711,0.4734938,0.49656695,0.6276697,0.4372373,0.28592694,0.30109897,0.6955976
0.6331329,0.19847104,0.28779247,1.0,0.74518925,0.23963219,0.56259346,0.43342796,0.16812561,0.13359147,0.18144871,0.61384004
0.42706886,0.15519047,0.20768343,0.92896837,1.0,0.1513239,0.20149039,0.28380883,0.12181961,0.11984878,0.13605712,0.43100283
0.41818723,0.23446217,0.34035155,1.0,0.7572529,0.16913755,0.23590054,0.5095955,0.30083838,0.38799682,0.24506989,0.4668227
0.48036966,0.37299728,0.6079775,1.0,0.5831035,0.63053894,0.35498133,0.5656605,0.6493932,0.7481101,0.6460941,0.67890733
0.5834917,0.5243745,0.47954583,0.60509515,0.6386918,1.0,0.8862969,0.8080024,0.779686,0.8334986,0.5273755,0.662236
0.65710795,0.58744127,0.6852106,0.52271235,0.6367636,0.577429,0.63245696,1.0,0.8380849,0.3814273,0.6160143,0.87499875
0.8335946,1.0,0.7931045,0.31700245,0.22770542,0.11742056,0.10151911,0.3935528,0.8231089,0.6224646,0.5339269,0.88528
0.7699305,0.9873332,0.7068311,0.46377155,0.2816134,0.22176498,0.16023561,0.35677987,0.6664247,1.0,0.54743445,0.48148623
0.8691793,0.60455984,0.49888098,0.8779328,0.39387712,0.39874002,0.3566925,0.57246214,1.0,0.9557947,0.55108607,0.53026164
0.28844118,0.18117945,0.11104613,0.27687013,0.3296149,0.1529762,0.115061834,0.16066384,0.5769298,1.0,0.5633667,0.24101159
0.043139935,0.04505796,0.04431245,0.1116791,0.4155744,0.26598036,0.15043022,0.21591409,0.48253062,1.0,0.6583681,0.1485057
0.19939955,0.2347666,0.26845995,0.27014834,0.37430462,0.7804111,1.0,0.92530805,0.49646118,0.41209704,0.25926223,0.14680012
1.0,0.89214694,0.8238343,0.73591256,0.74185514,0.755497,0.7534472,0.6748246,0.61769795,0.58567554,0.3873071,0.50777483
0.7289741,1.0,0.89741874,0.778585,0.51242286,0.3230819,0.34747076,0.3850025,0.47727805,0.46307585,0.23286602,0.24584635
0.61803484,0.9895512,1.0,0.79896,0.45035335,0.37667978,0.51654994,0.61018914,0.5328129,0.40472645,0.31384575,0.24157763
0.57212764,1.0,0.82204,0.3813486,0.26147723,0.41432214,0.44396815,0.6579137,0.62578404,0.5652019,0.36331445,0.38327208
0.40964565,0.91939056,0.85235596,0.41820922,0.2810789,0.5484087,0.41739532,0.80846554,0.926423,1.0,0.51867026,0.5446244
0.22092569,0.4095658,0.317597,0.2186915,0.19858247,0.430607,0.7632356,1.0,0.7356529,0.7279496,0.3265806,0.29867792
0.2879293,0.37371707,0.18054742,0.089636326,0.25991893,0.75254583,1.0,0.63105625,0.37737894,0.31034675,0.1719606,0.12488869
0.24450712,0.08313263,0.021394458,0.03646589,0.26229602,1.0,0.35264292,0.11097703,0.08826941,0.07225446,0.03651042,0.06388817
0.17910305,0.031154865,0.011321337,0.072919466,0.634848,1.0,0.16481821,0.03128259,0.05364105,0.06903326,0.024532862,0.10431906
0.14926015,0.02893148,0.03226102,0.19377197,1.0,0.90880287,0.20258082,0.17556594,0.18973425,0.17334844,0.06707116,0.18786298
0.03648555,0.014756132,0.015324264,0.044506382,0.13976312,0.15191942,0.10117989,0.19571964,0.5933641,1.0,0.5557362,0.13672072
0.011009538,0.0015437176,0.0015300696,0.0036416908,0.012531819,0.024281524,0.006757928,0.01680133,0.116425686,0.81037873,1.0,0.22650993
0.01320399,0.001555317,0.00328851,0.0053536845,0.014150119,0.024018403,0.027511103,0.10573564,0.28413215,1.0,0.9895338,0.23441227
0.024178362,0.036747724,0.054465365,0.082825765,0.2681899,0.484461,0.63915545,0.7436696,1.0,0.9855328,0.38920814,0.08686943
0.023661459,0.076877296,0.49609357,0.9449965,1.0,0.58803135,0.30328828,0.13506342,0.06503789,0.050375197,0.02686744,0.012037913
0.023521638,0.17533518,0.9634181,1.0,0.40933082,0.11492273,0.03040391,0.023233756,0.013110107,0.024768675,0.031848982,0.022518007
0.056037754,0.18180415,0.7692724,1.0,0.69748294,0.34505278,0.28218094,0.23899677,0.09320812,0.05408367,0.10114009,0.09215376
0.16637607,0.23515807,0.3321592,0.48376602,0.7744277,0.5798118,0.7252086,1.0,0.9470645,0.52510196,0.20182133,0.09574032
0.09568541,0.12007816,0.13468039,0.57609934,1.0,0.14649019,0.13644436,0.1814633,0.7417553,0.8814532,0.25508437,0.03714644
0.10192272,0.33581737,0.61940324,1.0,0.697829,0.1674746,0.29307726,0.28194794,0.34390843,0.24202386,0.07391984,0.03042506
0.355612,0.86159253,1.0,0.8167236,0.48694903,0.46991092,0.7336704,0.4934313,0.3058993,0.1014686,0.0943068,0.14827771
0.3935068,0.5095531,0.7234491,0.8071952,0.52337855,0.3850303,1.0,0.60113156,0.27883828,0.13146803,0.18207894,0.23304568
0.49455932,0.8540421,1.0,0.948921,0.9727443,0.6434013,0.841686,0.74214953,0.3826155,0.16891661,0.19088468,0.27762526
0.3228017,0.7382814,1.0,0.5732317,0.5395478,0.46077937,0.4883548,0.7229137,0.6559914,0.279414,0.13509254,0.14970168
0.1748984,0.24135211,0.44539982,0.36149254,0.27916953,0.16372333,0.22828524,0.6207132,1.0,0.6801564,0.41822392,0.33902612
0.34085968,0.42665043,0.60670966,0.6415379,0.501658,0.37316087,0.27523074,0.20017795,0.4217086,0.82521117,1.0,0.6346911
0.51271635,0.48799768,0.88461286,1.0,0.8502903,0.8462221,0.97303885,0.6841856,0.5057617,0.5204134,0.46842155,0.4145878
0.42172313,0.62818366,0.86514825,0.75077707,0.58172977,1.0,0.8093094,0.8596414,0.4852055,0.3010672,0.26087534,0.39813283
0.4443627,0.92170525,0.7958548,0.5000618,0.49725848,0.61470246,0.59977776,1.0,0.47213522,0.3264322,0.21487288,0.32096523
0.8542583,1.0,0.6689616,0.52723753,0.5464807,0.4255693,0.6162671,0.83194155,0.54091895,0.37923235,0.37810403,0.4635408
0.3042704,0.56451637,0.65605575,0.66548514,0.8528629,1.0,0.36006498,0.25380424,0.2556156,0.20212112,0.13489445,0.15546168
1.0,0.9213178,0.34596556,0.21844244,0.17502767,0.14379163,0.0968533,0.05847483,0.02935138,0.028677601,0.1188491,0.50934124
1.0,0.53486216,0.13262224,0.09222217,0.057655644,0.094578624,0.09037077,0.032937653,0.008889108,0.049975257,0.2740716,0.82175326
0.8201329,0.39203438,0.15113212,0.102777794,0.41402104,0.38858643,0.11828025,0.026506819,0.06511077,0.66232944,0.9003194,1.0
0.0138952285,0.061706707,0.02299552,0.051465902,0.602166,0.27982965,0.00937729,0.0035299114,0.115894035,1.0,0.39958048,0.029935239
0.0056125144,0.03067618,0.008740712,0.03223179,0.5130141,0.30767098,0.009847655,0.005765594,0.13005468,1.0,0.40021527,0.01697716
0.010004657,0.021925304,0.011223048,0.041520197,0.46844265,0.28442645,0.014979302,0.022324646,0.26934743,1.0,0.40751234,0.027646104
0.096972026,0.06554084,0.026833033,0.026456635,0.08744651,0.07817908,0.01857728,0.03232496,0.30495566,1.0,0.8658739,0.2764314
0.6508575,0.3492442,0.13768521,0.06788549,0.2539619,0.18061796,0.02496823,0.030933773,0.11187206,0.44028646,0.7541261,1.0
0.85038954,0.653737,0.5027557,0.464117,1.0,0.6595355,0.1125956,0.12321645,0.12342615,0.5227769,0.43874648,0.7726595
0.7733321,1.0,0.34540072,0.3900495,0.8019817,0.48939636,0.12358177,0.14900783,0.104037166,0.35627306,0.3761034,0.3506875
0.64556324,1.0,0.51846886,0.41148746,0.4908081,0.70827854,0.2441592,0.24053347,0.20937927,0.26662832,0.5697107,0.6516011
0.55143595,0.8358612,0.7608655,0.52791506,0.4777266,0.75791013,0.37345862,0.4974789,0.89896005,1.0,0.76017535,0.5509082
0.25915894,0.44055247,0.66467094,0.37462875,0.2644724,0.26637766,0.2150198,0.55818874,1.0,0.7942783,0.43639705,0.20586291
0.3392701,0.37064466,1.0,0.76048446,0.4281522,0.19226784,0.30403888,0.42589188,0.73809606,0.4754213,0.34984982,0.24884306
0.33360395,0.37157574,1.0,0.7721413,0.4059033,0.15231512,0.2649315,0.30599636,0.43272665,0.41534483,0.2590444,0.24877614
0.7912696,0.44282356,0.8917305,0.8420175,0.42216703,0.32689685,0.33863583,0.6176728,0.5693807,0.47418842,0.669198,1.0
0.7345341,0.33718985,0.41368243,0.5510034,0.5284565,0.3729878,0.36038452,0.45491627,0.42409858,0.49331388,1.0,0.84591496
0.71523494,0.43618333,0.34773052,0.6304862,0.64904785,0.5560227,0.49448025,0.47573918,0.38169047,0.44904634,1.0,0.780733
0.766364,0.47009113,0.5186681,0.7275802,0.5249133,0.6523819,0.8068607,0.7863815,0.5367696,0.58253974,1.0,0.97428083
0.19013189,0.34334013,1.0,0.78745914,0.2116947,0.2154923,0.28257585,0.27032408,0.24942067,0.29055366,0.19623291,0.18283692
0.1635157,0.21513695,0.9879482,1.0,0.3011677,0.16402507,0.20914727,0.16773778,0.14624582,0.11595043,0.06717228,0.11358166
0.23422843,0.19657113,0.9135753,1.0,0.58110917,0.26485813,0.29678854,0.34748647,0.20160322,0.12122933,0.092493705,0.13855115
0.13861993,0.24548016,1.0,0.57378405,0.29817545,0.31041694,0.42826927,0.49985433,0.25116405,0.16963786,0.12893997,0.11744955
0.5028513,0.625661,1.0,0.7730326,0.5431919,0.7450686,0.88324666,0.65984833,0.44073647,0.26973224,0.19279143,0.22060055
0.575643,0.73517245,0.66084796,0.56318265,0.5155903,0.43435475,0.23097543,0.14852728,0.2067026,0.5875101,1.0,0.7886822
0.21285175,0.09232313,0.08767664,0.11605768,0.08176334,0.086772464,0.05159418,0.051896557,0.26934895,0.8566716,1.0,0.5332593
0.15641682,0.0810351,0.109481096,0.12980714,0.18436748,0.15541309,0.08976477,0.11086863,0.38942057,0.94407517,1.0,0.5137295
0.20483762,0.25812912,0.15054175,0.16500893,0.3622466,0.2304196,0.11220617,0.14321847,0.44521543,1.0,0.8744734,0.35444093
0.5062444,0.5025812,0.35287052,0.31872308,0.47781575,0.34844393,0.3208066,0.3801508,0.5944529,1.0,0.7433379,0.37893
0.24044082,0.2721168,0.26830018,0.1677597,0.20259306,0.20485023,0.20744437,0.43870664,0.76388806,1.0,0.7324148,0.6510406
0.8777309,0.7503223,0.5986478,0.39898705,0.23696701,0.16200416,0.18238588,0.3111207,0.47267094,0.4848969,0.3937481,1.0
0.6278642,0.8178229,1.0,0.82440615,0.41257086,0.42880884,0.6207503,0.4544487,0.18216498,0.06648862,0.08095181,0.37101573
0.114273906,0.29173604,0.57278085,0.7661816,0.74840355,0.6227424,0.79542345,1.0,0.53041273,0.17872666,0.074039705,0.04070397
0.0131222,0.028926283,0.1071046,0.2951138,0.6394012,1.0,0.5141624,0.26036105,0.19027628,0.12988369,0.15460004,0.091711156
0.016637951,0.005416987,0.02974471,0.047275826,0.11440884,0.8106987,1.0,0.09049295,0.016625114,0.026647046,0.138625,0.1910113
0.0071988064,0.0039501865,0.016685136,0.013778278,0.061912153,1.0,0.7076899,0.058739495,0.037061173,0.02170722,0.14008848,0.094926395
0.0030350804,0.0027061165,0.007292897,0.014196508,0.21241131,1.0,0.37392512,0.09299067,0.08586492,0.047612246,0.1354625,0.049192887
0.0027104828,0.001917525,0.0064597605,0.028457249,0.6701975,1.0,0.13820267,0.25286996,0.17437747,0.1012718,0.12636445,0.024264798
0.001650962,0.0034637419,0.0052407044,0.040062737,1.0,0.8112307,0.06455193,0.19309308,0.08536225,0.16113333,0.11439885,0.0087919235
0.0009795306,0.003591072,0.0062977117,0.07766688,1.0,0.5956048,0.027879018,0.05372869,0.04088815,0.33102104,0.2186963,0.0060384823
0.0015855957,0.007895292,0.12396914,0.47709686,1.0,0.3826233,0.07399542,0.049667623,0.19853689,0.60990036,0.24029803,0.0049681915
0.0057512033,0.13571195,1.0,0.7249698,0.2763735,0.14197256,0.12736697,0.21109052,0.2433716,0.21793705,0.046609208,0.002388757
0.18483225,0.49534628,1.0,0.18710226,0.07753911,0.14580087,0.11262413,0.1689662,0.04113061,0.013714062,0.004027876,0.029717647
0.9623647,0.44879484,0.22685447,0.08279329,1.0,0.993408,0.14537978,0.0552077,0.048648465,0.034497526,0.046005197,0.6901619
0.24489257,0.0122255795,0.008916373,0.17123476,1.0,0.3460635,0.017924014,0.008535346,0.016666612,0.011644607,0.12296284,0.6740463
0.14566617,0.0063812314,0.009131139,0.2883829,1.0,0.17612442,0.008277597,0.005493083,0.008744381,0.007997796,0.1561249,0.62574047
0.0539368,0.0042480286,0.0110252965,0.47811854,1.0,0.086761095,0.0043346058,0.004830409,0.006996221,0.010521334,0.20096473,0.46347308
0.017723775,0.0044410294,0.043830976,1.0,0.99233055,0.041456364,0.0041917604,0.009101169,0.0077678473,0.047424823,0.6719084,0.49048793
0.005336509,0.005993683,0.14300908,0.80945355,0.2605602,0.012965873,0.0052186684,0.00898168,0.009846542,0.23692189,1.0,0.24673054
0.004760024,0.03942474,0.34168398,0.39324346,0.057504304,0.012677181,0.015814042,0.0063146455,0.10206217,1.0,0.95457304,0.07298194
0.004523388,0.11903162,0.34418133,0.063559435,0.0425479,0.026378155,0.03359058,0.0056758383,0.26845092,1.0,0.22582184,0.009085741
0.026347827,0.4604212,0.47829336,0.08061078,0.10101318,0.1622673,0.06392348,0.032107886,0.7346344,1.0,0.057950236,0.010037383
0.13998233,0.8330316,0.24271256,0.107689105,0.24014616,0.57615405,0.06386138,0.12435438,1.0,0.37333596,0.022014568,0.015003336
0.46493286,0.5582696,0.0736209,0.13304208,1.0,0.67872226,0.039089862,0.2266411,0.5292758,0.08210426,0.017222133,0.033705425
0.4053599,0.10939883,0.023441793,0.26394826,1.0,0.17459773,0.024684642,0.111809894,0.05077585,0.012316597,0.010132714,0.08703526
0.5514047,0.040493876,0.044530164,0.8161139,1.0,0.072360635,0.07835057,0.110238135,0.014919761,0.015255538,0.020240191,0.4187848
0.3172977,0.018338049,0.084831305,1.0,0.35157788,0.035849053,0.11009311,0.07093808,0.01072889,0.020813119,0.036295403,0.5800661
0.16237889,0.016246246,0.16460033,1.0,0.18609902,0.039652374,0.09817276,0.031242417,0.008861764,0.020618934,0.08662903,0.6407794
0.12279945,0.019266678,0.26946756,0.92066956,0.11487055,0.070705906,0.13121606,0.02180914,0.018729942,0.030762093,0.26806554,1.0
0.03888225,0.030444091,0.13860671,0.2108938,0.08011272,0.21069159,0.107234046,0.010454911,0.015634978,0.13419186,1.0,0.7333219
0.01453158,0.08311282,0.056954216,0.040799454,0.22730227,0.23865409,0.033083193,0.012697772,0.021775855,0.45069745,1.0,0.20098788
0.0970283,0.32246745,0.05700784,0.169486,0.95993197,0.29555297,0.02535438,0.034167405,0.094391435,1.0,0.75986487,0.06063319
0.2510303,0.30977434,0.05375368,0.43965074,1.0,0.11585337,0.03392644,0.024530226,0.12866366,0.3156035,0.07942597,0.069051296
0.411273,0.23966563,0.17932631,0.7282475,1.0,0.33500183,0.085314676,0.038913943,0.15140122,0.24068324,0.37430567,0.42723024
0.20594616,0.15026116,0.14666583,0.40478587,0.7615767,0.47899613,0.08233732,0.049075015,0.14087443,0.4440881,1.0,0.6403888
0.57659084,0.25912032,0.2695674,0.37786335,0.46230754,0.1674268,0.05439486,0.049483646,0.15883239,0.42732334,0.8934539,1.0
0.6432795,0.24772216,0.25113535,0.28287438,0.58134866,0.3830376,0.10775091,0.09047583,0.20543805,0.85350925,1.0,0.9720685
0.22796637,0.18020603,0.545703,0.43924844,1.0,0.6455211,0.09085959,0.12538017,0.511243,0.6783805,0.7942465,0.50776696
0.12566845,0.14311033,0.4802632,0.70253855,0.749723,0.4691735,0.053095333,0.04846559,0.4851464,1.0,0.418372,0.12939997
0.090106465,0.37782955,0.7771331,0.65579945,1.0,0.378028,0.11389603,0.2426686,0.12293421,0.64951,0.82010657,0.41989562
0.08812188,0.1885192,1.0,0.2709748,0.38001332,0.49606735,0.10802273,0.5039245,0.12970698,0.051406793,0.2165004,0.6157251
0.3269548,0.07153881,0.9811296,0.48702112,0.15671735,0.5075554,0.11230707,0.79186517,0.47501191,0.02527858,0.10302377,1.0
0.29686546,0.08344734,0.8977084,0.48396233,0.13034302,0.34398323,0.100265026,0.67364234,0.4325965,0.022484895,0.16010642,1.0
0.14296284,0.35066822,1.0,0.47169554,0.57642055,0.38132793,0.18060707,0.46289405,0.16490068,0.34972116,0.7951207,0.99098617
0.09152709,0.27316943,0.48727223,0.6332135,0.62913364,0.17609264,0.087155,0.107493915,0.37826216,1.0,0.6819553,0.21930633
0.14363913,0.40320098,0.72541946,0.4797565,1.0,0.23958911,0.042324346,0.1372179,0.57865214,0.46633077,0.17498563,0.21800846
0.66317433,1.0,0.6659865,0.81860113,0.82759374,0.38454416,0.20176256,0.098005496,0.21257658,0.82274884,0.87687653,0.22012833
0.24449909,0.5485733,0.3615556,0.31767333,0.47322097,0.22289838,0.14111263,0.22477807,0.16397962,0.58491105,1.0,0.3899496
0.22667624,0.20527445,0.26613775,0.2816403,0.38254583,0.180392,0.07287528,0.3410963,0.8590595,1.0,0.35514385,0.3891282
0.06759022,0.06814755,0.07874105,0.17929526,0.2298436,0.042831942,0.02515388,0.0670006,0.4346763,1.0,0.14184022,0.046147343
0.14827664,0.1327454,0.28925627,0.5287851,0.3288497,0.11073097,0.08116015,0.3228046,1.0,0.9045906,0.25175104,0.1362584
0.18971716,0.2296429,0.41122636,0.48764023,0.31691593,0.20251714,0.111091316,0.24776223,0.790773,1.0,0.5625549,0.18203466
0.29630497,0.3690893,0.7889189,0.4151754,0.76738256,0.32200298,0.10332285,0.10261012,0.7535536,1.0,0.50759053,0.9566167
0.19066627,0.31836575,0.41016543,0.18457413,0.45191514,0.12580013,0.07128609,0.06952449,0.20918007,0.09235248,0.29613623,1.0
0.7108535,0.40773943,0.70200574,0.4262865,0.42660183,0.40422273,0.11648645,0.09697964,0.46681026,0.7456865,0.4803231,1.0
0.48465586,0.24410401,0.46120456,0.33931813,0.32540005,0.349664,0.08770786,0.16624822,0.5841786,1.0,0.59818643,0.77026397
0.11956688,0.14238541,0.06824666,0.12231567,0.27926,0.082643434,0.023237193,0.037589308,0.4592615,1.0,0.13355733,0.12128494
0.061003473,0.09170649,0.024348943,0.08827949,0.18652745,0.031879384,0.014546457,0.014403534,0.39784673,1.0,0.07919955,0.011592389
0.11597285,0.08897169,0.08823491,0.1708005,0.15755196,0.05210958,0.03400702,0.08825075,0.63780797,1.0,0.18064247,0.14525712
0.579675,0.2621386,0.38897726,0.65715826,0.29746023,0.34390867,0.11541841,0.16122396,0.42412373,1.0,0.5972994,0.4792152
0.85534877,0.1993452,0.38422996,0.62946886,0.14680189,0.3857223,0.06909374,0.024623696,0.22394718,1.0,0.2596629,0.20091802
0.89870405,0.46080384,0.21280552,0.5696412,0.16683367,0.3008741,0.13913916,0.015475701,0.12362371,1.0,0.50597423,0.11762456
0.27029154,0.38113979,0.07444192,0.31058714,0.15028895,0.0882099,0.12022764,0.018115329,0.053542737,0.8759435,1.0,0.08920988
0.40202639,0.35198545,0.11932883,0.37412837,0.34224886,0.09161375,0.10157775,0.05218104,0.4178874,0.87689316,1.0,0.20567518
0.344934,0.31106615,0.10601888,0.34164065,0.4591863,0.082639866,0.047359943,0.040186893,0.6834375,1.0,0.14064471,0.066071674
0.39414427,0.33413553,0.2274808,0.4439136,0.40231466,0.12891917,0.09479386,0.14937416,0.73792773,1.0,0.38372976,0.2655284
0.7353071,0.5500878,0.83891004,0.5625936,0.5012212,0.33636752,0.15598951,0.13384879,0.5364053,1.0,0.8337273,0.86442834
0.33294404,0.3404573,0.73777395,0.20715031,0.3730854,0.1744144,0.06815428,0.06254203,0.3466945,0.28859472,0.25219944,1.0
0.53013706,0.32673448,0.6084486,0.42318863,0.45020062,0.7667605,0.34459352,0.10185049,0.5497661,0.9551346,0.36703646,1.0
0.22879748,0.16257866,0.18260796,0.5420633,0.32897162,0.780049,0.580389,0.22228885,0.50732493,1.0,0.2618819,0.09424381
0.099031664,0.13950174,0.3263986,1.0,0.8980477,0.67452776,0.4959468,0.33390474,0.5562275,0.7176102,0.32051417,0.11006193
0.21040669,0.30173352,0.6491839,0.61000335,0.64068663,0.44515082,0.16304143,0.17374231,0.6227417,1.0,0.541896,0.26868212
0.32176536,0.21963389,0.5558755,0.4585557,0.3024026,0.1717073,0.121725805,0.15545139,0.60519487,1.0,0.67930514,0.77949536
0.46952644,0.3278832,0.56010807,0.57379544,0.45301685,0.35380268,0.19365023,0.2333379,0.46394095,1.0,0.5293878,0.98234075
0.41281462,0.22413254,0.19926246,0.3186876,0.3658637,0.18905924,0.11517749,0.13655655,0.46366715,1.0,0.33066806,0.45040172
0.4423101,0.26519206,0.19272126,0.22602439,0.28396854,0.2154217,0.1064412,0.13922615,0.5637326,1.0,0.54103845,0.5975991
0.42711616,0.5091564,0.3024518,0.49132913,0.581175,0.30291387,0.27498293,0.3297807,0.5697654,1.0,0.83257043,0.60312164
0.54073006,0.880482,0.36159122,0.5254893,1.0,0.42802867,0.2283518,0.21869333,0.3311155,0.605535,0.47157377,0.47948754
0.17918442,0.23480225,0.111524284,0.25568837,0.6822334,0.287083,0.11042769,0.23018308,0.685046,1.0,0.5290977,0.21926202
0.03211155,0.023193832,0.022272252,0.04541699,0.14546104,0.11345908,0.029329272,0.0460974,0.30197185,1.0,0.8458471,0.1540701
0.01494696,0.017264023,0.015709233,0.011947575,0.069653094,0.10173712,0.02341659,0.009294712,0.048582498,0.49449286,1.0,0.20556137
0.02649633,0.14056373,0.110272795,0.02841951,0.25247994,0.3732546,0.056564108,0.013139737,0.024967484,0.4529009,1.0,0.17177312
0.028845783,0.29239804,0.31665316,0.057020847,0.3746493,1.0,0.21066645,0.017563703,0.02506995,0.32765532,0.6791446,0.1380454
0.033620078,0.08886495,0.20385763,0.07416733,0.1531123,1.0,0.57825375,0.03153313,0.035604443,0.11570999,0.5335242,0.3356557
0.21230581,0.042199068,0.16662493,0.15816921,0.09562195,0.6229204,0.82430303,0.11802521,0.110982195,0.12514512,0.5850838,1.0
0.36819205,0.030297838,0.045539208,0.06374278,0.055430446,0.12904006,0.24391001,0.09123671,0.06018877,0.08655607,0.2769795,1.0
0.35343778,0.020525606,0.0122745875,0.0119830705,0.04604614,0.12549292,0.09577585,0.039054178,0.025208546,0.043117497,0.3110909,1.0
0.21242589,0.010548129,0.007031571,0.0072353603,0.047972433,0.12601641,0.08520812,0.0236922,0.01960016,0.04376376,0.4809302,1.0
0.16954546,0.010126708,0.013018252,0.008531949,0.06737266,0.12889479,0.08514876,0.025855938,0.021080365,0.053022616,0.62308186,1.0
0.1329584,0.02403633,0.013791459,0.017035116,0.1254069,0.194472,0.08679698,0.03701972,0.032184534,0.10216191,0.9085796,1.0
0.26182312,0.020022418,0.013308638,0.009450072,0.06108162,0.11788555,0.04835704,0.027225453,0.028132213,0.04636115,0.51493543,1.0
0.36984527,0.031143436,0.012542374,0.007981572,0.041347302,0.08777327,0.037503906,0.029905101,0.034895938,0.051539294,0.41414076,1.0
0.38720208,0.06925553,0.026866285,0.0401465,0.09476836,0.08829751,0.04481434,0.08421046,0.25124744,0.59136623,1.0,0.87807304
0.060802896,0.06692249,0.035974495,0.04901235,0.08761602,0.14739004,0.3077197,0.5976024,1.0,0.9771857,0.43259436,0.08768114
0.111932226,0.15184668,0.18910745,0.17269403,0.5703364,0.8773733,1.0,0.57718986,0.5358118,0.6838414,0.3672034,0.25911283
0.09930946,0.18591844,0.18632072,0.14786845,0.41096213,0.74406415,1.0,0.6764515,0.32778585,0.47301674,0.22664957,0.11315402
0.07849236,0.11129887,0.07624274,0.0518512,0.10797953,0.23350982,0.64528906,1.0,0.61859035,0.17256665,0.06877717,0.052135017
0.04293767,0.06561301,0.11462621,0.056515206,0.063438974,0.12953857,0.28834394,0.9560565,1.0,0.16217814,0.051424682,0.034034263
0.061967693,0.14935265,0.19645572,0.08461689,0.38110444,0.581366,0.38076127,0.49323875,1.0,0.98313576,0.7451577,0.116889715
0.09505787,0.5577212,0.5772706,0.11234937,0.46520787,0.55008113,0.08000668,0.06970228,0.10682135,0.65302265,1.0,0.13423142
0.06687167,0.89308983,1.0,0.1151951,0.13927794,0.19991925,0.0151814995,0.03838946,0.033686377,0.28806788,0.56521463,0.07133004
0.036248915,0.49880353,1.0,0.090045676,0.025084777,0.052509513,0.00845757,0.016231956,0.022908002,0.09204385,0.2663696,0.057685412
0.04471148,0.7585904,1.0,0.06268519,0.022124011,0.04317591,0.006181676,0.012869436,0.017176492,0.08382111,0.20352198,0.034866273
0.19911052,1.0,0.91049147,0.033630524,0.03264302,0.05166706,0.00694669,0.029439362,0.03408825,0.1954494,0.42918688,0.12814896
0.3458528,0.4922738,0.5119625,0.036308624,0.03724219,0.0804537,0.017069977,0.07487117,0.07108696,0.4087262,1.0,0.39940786
0.05339041,0.059069134,0.088737674,0.028304318,0.03773276,0.12378441,0.06291166,0.03590944,0.06729199,0.20563851,1.0,0.2976751
0.08624799,0.028617479,0.060209334,0.051249556,0.0640991,0.22483961,0.30699423,0.07208329,0.12660375,0.21381031,1.0,0.6407121
0.2962293,0.050901473,0.06101205,0.07734434,0.055306,0.15174317,0.62306935,0.19862442,0.11896286,0.21270818,0.36843258,1.0
0.4361242,0.05252804,0.03627717,0.0885845,0.056030333,0.14892876,0.6967239,0.2785751,0.109027445,0.31417948,0.27908823,1.0
0.26852712,0.026679873,0.016257826,0.044582944,0.040664554,0.110645965,0.4289363,0.13479531,0.12353313,0.18009807,0.36182255,1.0
0.19604191,0.025367219,0.015418124,0.021536205,0.032745037,0.12548913,0.26288724,0.087026305,0.1080215,0.08974217,0.48799518,1.0
0.11618776,0.036672734,0.03241228,0.016042769,0.039489467,0.17854378,0.19144836,0.07316852,0.09495175,0.12562917,0.9254376,1.0
0.053279813,0.018874818,0.026701164,0.015363803,0.03577167,0.11291132,0.062652126,0.024608003,0.041876566,0.15246508,1.0,0.65286046
0.025801418,0.013567509,0.031179866,0.022872116,0.034633886,0.05613123,0.023197412,0.017058162,0.030846842,0.19880112,1.0,0.37221256
0.019212289,0.011743422,0.030289631,0.019711563,0.024540072,0.054030098,0.0245731,0.019304648,0.048188813,0.179156,1.0,0.39352933
0.13985796,0.02018179,0.027250672,0.02902751,0.020639777,0.05674014,0.07550209,0.038493466,0.08050002,0.10486768,1.0,0.9793839
0.4461883,0.034925997,0.0138800945,0.034545887,0.017343195,0.030447377,0.17469482,0.13849041,0.07380821,0.06131659,0.33925995,1.0
0.6920528,0.053446375,0.01212915,0.032295074,0.02096858,0.04089469,0.42624432,0.3794288,0.101723224,0.09169413,0.13941237,1.0
0.71370864,0.061017595,0.023363108,0.050436478,0.031324208,0.062425617,0.45220593,0.35989118,0.093061514,0.0672418,0.15366022,1.0
0.41118518,0.058891393,0.30334994,0.40361768,0.06434997,0.084101416,0.20644163,0.13811845,0.07003417,0.070697926,0.4512267,1.0
0.17132235,0.03905465,0.7223629,1.0,0.13808364,0.08373942,0.090111814,0.074624695,0.101247214,0.15102568,0.8130679,0.9987382
0.38672942,0.048252378,0.1566903,0.3145014,0.1620234,0.09190208,0.10609667,0.13093899,0.12558043,0.12303151,0.43936712,1.0
0.39263472,0.09190458,0.05319631,0.21530135,0.14649403,0.12679209,0.17558543,0.19527334,0.13193138,0.108461455,0.3221297,1.0
0.3720373,0.3627273,0.1618925,0.20332414,0.6978564,1.0,0.25739145,0.123601146,0.10059038,0.19305392,0.15275733,0.2770922
0.04963167,0.14770623,0.18047723,0.100792944,0.4332965,1.0,0.4516716,0.04830818,0.062972896,0.106595464,0.046577435,0.03381978
0.013079135,0.06116003,0.15040892,0.08039807,0.15965584,1.0,0.83927774,0.052683223,0.08185599,0.11151355,0.019326644,0.019816486
0.0043305885,0.024947435,0.03601594,0.024878139,0.07691896,1.0,0.5594638,0.0223997,0.10942662,0.08557198,0.0047256267,0.006454333
0.004282451,0.012767186,0.007621512,0.016176226,0.18957804,1.0,0.21786876,0.026534861,0.16936642,0.05718006,0.0032345334,0.005050091
0.006525366,0.008875737,0.009793239,0.050501496,0.7142151,1.0,0.07376107,0.22265868,0.33935127,0.03405911,0.005708069,0.004927067
0.009481172,0.0058163414,0.01696631,0.15134445,1.0,0.3086144,0.04661039,0.5859663,0.3124201,0.012485292,0.008545076,0.0030765296
0.010026713,0.0093647195,0.030367421,0.1748374,1.0,0.25212815,0.05760021,0.7272335,0.44563156,0.026231298,0.015117657,0.0059049656
0.016143994,0.03608848,0.03987875,0.13688634,0.682012,0.6750274,0.08372568,0.40298116,1.0,0.14541368,0.0253735,0.017127719
0.013364962,0.047424,0.03048248,0.102007896,0.2985336,0.95588607,0.29111204,0.11483374,1.0,0.2747708,0.016227365,0.017064728
0.015799068,0.062629156,0.03638263,0.070932485,0.14686388,1.0,0.5148751,0.10149127,0.8853377,0.271536,0.014877394,0.01511099
0.13971029,0.17438093,0.06092352,0.066132694,0.16010316,0.67436117,0.3484409,0.23575316,1.0,0.33672482,0.058634974,0.048725784
1.0,0.49504024,0.11006851,0.087227546,0.22014792,0.30671036,0.21926035,0.47311068,0.7752713,0.50811446,0.2235085,0.39983082
0.81369776,0.17129286,0.05239827,0.035980146,0.062070858,0.053653166,0.1372422,0.16574013,0.116915636,0.09164004,0.22241762,1.0
0.38023144,0.027024027,0.014400308,0.009534173,0.023763537,0.029003859,0.10307475,0.056448072,0.04666627,0.037672035,0.29732457,1.0
0.25824434,0.079550445,0.117500134,0.04308064,0.028059449,0.05975265,0.13618514,0.116042085,0.10681344,0.09134871,0.47249946,1.0
0.15828271,0.53366745,0.7410309,0.21799009,0.078056104,0.16404183,0.5428685,0.69623965,0.49595672,0.31677365,0.89306515,1.0
0.117208205,0.90085673,1.0,0.26803324,0.11605317,0.20355086,0.8562183,0.705237,0.42506522,0.29924655,0.6584084,0.59662926
0.2064392,0.9083628,1.0,0.37735912,0.32814246,0.38296583,0.82181346,0.49906284,0.30719936,0.24217848,0.47682038,0.6128555
0.7170235,0.75549364,0.5707273,0.5906178,1.0,0.68242556,0.48078796,0.29948953,0.3189222,0.32667547,0.39573085,0.8112461
0.7389437,0.22233166,0.16870862,0.5736465,1.0,0.3644229,0.19167553,0.12024949,0.22224364,0.2763941,0.38090077,0.8485609
0.35452366,0.06680039,0.112464875,0.63161856,0.93145025,0.24838872,0.15017995,0.11367505,0.2883141,0.24537024,0.7182584,1.0
0.055409245,0.027769305,0.06343862,0.1986687,0.4603697,0.23834698,0.11838534,0.2208391,0.5313695,0.23404549,1.0,0.6804945
0.027714387,0.01918786,0.0422247,0.03185549,0.08355559,0.13973951,0.101470225,0.120462485,0.1998327,0.14080654,1.0,0.5299748
0.1329774,0.08203982,0.09908132,0.05067501,0.01796762,0.077053025,0.10662007,0.05683424,0.052130036,0.08053421,0.85934496,1.0
0.29500344,0.06320013,0.026984107,0.014070434,0.0049580485,0.016733395,0.075106345,0.05288691,0.021632418,0.030677568,0.24397303,1.0
0.53711784,0.054383397,0.010636798,0.0065809023,0.0077559925,0.01158454,0.10688284,0.30236647,0.13379876,0.0861935,0.19391644,1.0
0.24383323,0.061704382,0.0066428175,0.00534459,0.00815728,0.030718239,0.4656374,1.0,0.2714323,0.06541062,0.038216434,0.1254305
0.17267883,0.024274684,0.0029882845,0.0038611838,0.018212529,0.2676797,1.0,0.6377786,0.08308299,0.027973648,0.07022432,0.20678756
0.052365784,0.0067297425,0.0028624092,0.004424526,0.10909886,1.0,0.7883388,0.12837791,0.037337683,0.038830772,0.19650412,0.22471352
0.0063784863,0.0027563833,0.0045193885,0.005347364,0.13623777,1.0,0.2592691,0.020898066,0.026337063,0.038582977,0.15354654,0.05796003
0.04346553,0.0054849936,0.013672724,0.017192231,0.077542216,1.0,0.9170394,0.1356869,0.025979,0.029193427,0.14616987,0.17999922
0.21393308,0.009298147,0.005703924,0.020298693,0.017520592,0.18439311,1.0,0.5049748,0.022858836,0.0155516025,0.04553497,0.37302607
0.4857196,0.029551012,0.0035280925,0.021802116,0.024801923,0.043724965,0.8122132,1.0,0.06614047,0.017742438,0.03821586,0.47949153
0.5196077,0.047755994,0.004895335,0.019857002,0.033274688,0.06652213,0.63920856,1.0,0.100294605,0.021258235,0.03380229,0.29494932
0.24898055,0.021115605,0.009168665,0.01856302,0.04268271,0.34744564,1.0,0.4644495,0.038363315,0.033365715,0.09210257,0.35277632
0.038491085,0.012994406,0.016718991,0.015538372,0.26102677,1.0,0.61704373,0.08742055,0.027707467,0.08831718,0.22360046,0.21305329
0.01171406,0.020496292,0.015622691,0.031742986,0.75517935,1.0,0.11683872,0.037604347,0.035198543,0.17240323,0.22078907,0.053264268
0.01949498,0.011128457,0.015174458,0.019898612,0.36920252,1.0,0.35371953,0.06061634,0.025906198,0.086227186,0.14838967,0.073833756
0.2117758,0.13125052,0.07557612,0.08469114,0.21869548,0.7313762,1.0,0.4872294,0.15119691,0.06353802,0.0935654,0.18858616
0.34317765,0.3192177,0.43701828,1.0,0.738718,0.3591642,0.5330977,0.6825278,0.3803397,0.16572466,0.13706438,0.16795552
0.08741149,0.04479508,0.1763162,1.0,0.74346423,0.2512382,0.09395492,0.08284135,0.093138814,0.116891675,0.13542865,0.095448725
0.104166746,0.16878454,0.54865485,1.0,0.54600567,0.14774963,0.06709329,0.035529673,0.09559861,0.10419839,0.08328878,0.113830216
1.0,0.7445041,0.43079752,0.22439435,0.073976845,0.027878512,0.04405872,0.08974583,0.13490853,0.07263439,0.13184577,0.4769541
1.0,0.3068072,0.1063874,0.05495837,0.027720757,0.028515337,0.037778895,0.092043556,0.092023015,0.10461566,0.20563747,0.64882874
0.9751107,1.0,0.9687074,0.73241824,0.43188468,0.31369895,0.2722358,0.37996435,0.34329078,0.5675673,0.6583543,0.6152134
0.1655812,0.18042085,0.246966,0.37272543,0.7158957,1.0,0.7457979,0.38978595,0.16412933,0.1503094,0.16706467,0.1759836
0.052986763,0.024937226,0.014288406,0.033918384,0.19659367,0.5490518,0.9248295,1.0,0.96971005,0.8142895,0.3806238,0.09068596
0.16996402,0.005547229,0.001050478,0.00084952987,0.0020182522,0.0089471005,0.03195319,0.078573376,0.18880567,0.44068378,1.0,0.8992451
0.5098237,0.021040557,0.0001700924,6.420397e-05,0.00021054558,0.0007820387,0.0014801566,0.001153366,0.0033811755,0.030510826,0.27971822,1.0
1.0,0.05832761,0.00020277369,3.2889166e-05,4.911083e-05,0.000105362284,0.00019542215,0.00030399708,0.00017686457,0.0013413106,0.03649091,0.74274474
1.0,0.058889672,0.00015642178,2.0246536e-05,3.315456e-05,0.00014011619,0.0032674375,0.005587482,0.0007781674,0.00063281093,0.011974043,0.57749027
1.0,0.041671705,0.00010469588,5.1929273e-05,5.9725742e-05,0.000827824,0.018330814,0.020668592,0.0023587595,0.0020504605,0.04266521,0.96073747
0.40016288,0.011782252,7.880593e-05,5.605538e-05,9.526837e-05,0.0022955227,0.017014481,0.008837624,0.0018548665,0.007742924,0.21093306,1.0
0.111518145,0.0037423167,0.00015070544,9.2311246e-05,0.00018776684,0.0026530542,0.008173884,0.003449578,0.005551276,0.12964724,0.99901766,1.0
0.009498064,0.00068850035,0.00016259946,0.00035478146,0.000941766,0.002758106,0.0025443286,0.0012344053,0.01347551,0.47740257,1.0,0.16204315
0.01402619,0.0011403821,0.00036938893,0.00058982614,0.0013882987,0.0055093504,0.0042480747,0.0015657281,0.014922907,0.56845236,1.0,0.083704405
0.012437715,0.0012249994,0.000337629,0.000497643,0.0006705861,0.0027600073,0.0030793305,0.003468396,0.008587378,0.35595673,1.0,0.1544698
0.012677713,0.0012555938,0.0002764485,0.0005279151,0.00031456116,0.0010098348,0.002584007,0.005151071,0.007019174,0.12728012,1.0,0.43877286
0.03839697,0.0010540958,0.00092513073,0.0009826291,0.00042104567,0.00037365817,0.0018172663,0.005916534,0.012065303,0.047625642,1.0,0.9127176
0.060683023,0.0012602798,0.0018520183,0.00088446133,0.0005076026,0.00031497775,0.0010918335,0.0031322578,0.005141958,0.015429445,0.60663676,1.0
0.12311294,0.0019784048,0.0007784503,0.00033462953,0.0002899863,0.00026150013,0.0012142496,0.0012861901,0.0013177639,0.0071473233,0.3647666,1.0
0.26715675,0.003481128,0.00019380818,2.7722668e-05,7.878106e-05,0.000106049745,0.00053996756,0.00040506542,0.0005296359,0.0029296712,0.1509354,1.0
0.30368283,0.0038655265,5.744184e-05,1.1630047e-05,4.3924047e-05,5.8204063e-05,0.00023768135,0.0002230954,0.00051068014,0.0025615755,0.12853976,1.0
0.17851274,0.0022268458,2.0359857e-05,7.689601e-06,8.031479e-05,0.00028261126,0.00059575343,0.00041747492,0.0017591218,0.023416745,0.41256276,1.0
0.043294884,0.00074441545,2.782356e-05,8.286437e-06,0.00014407745,0.00083107204,0.0014481985,0.00063569535,0.0067594065,0.21858923,1.0,0.565194
0.004874629,0.00044153255,2.8045119e-05,1.0589864e-05,0.00011385447,0.0002893485,0.00039223034,0.0002917263,0.012270873,0.52136564,1.0,0.10440705
0.004666193,0.00031031744,1.7573935e-05,7.960559e-06,3.9907893e-05,7.469905e-05,6.482196e-05,0.00022793336,0.0054789907,0.28402874,1.0,0.22137986
0.10959854,0.0038867774,7.873441e-05,2.4847399e-05,5.6942412e-05,0.00012067993,0.00020150676,0.00034583453,0.0029952636,0.0919247,1.0,0.873585
0.3281902,0.00958475,0.00032995248,4.751841e-05,0.00012375714,0.0005181052,0.0014556295,0.0032294348,0.0019693025,0.007958523,0.19004801,1.0
0.51443434,0.014459821,0.00022881964,5.3959913e-05,9.786846e-05,0.00096302823,0.0088763,0.0132179465,0.0035653901,0.0032614206,0.088590115,1.0
0.8592818,0.02913225,6.8892536e-05,2.0050604e-05,2.055066e-05,0.0004182237,0.008416712,0.009674275,0.0018432912,0.0014211002,0.045717888,1.0
0.61034125,0.0170592,3.9470797e-05,8.539438e-06,1.4314158e-05,0.00015907233,0.00154678,0.0016456246,0.00039202062,0.0016117191,0.08124595,1.0
0.23168549,0.0038366518,5.7785837e-05,5.872554e-05,0.00017596543,0.0018828689,0.004251029,0.0012139528,0.0004055362,0.0038876347,0.237759,1.0
0.09781587,0.0018465273,0.00011063564,9.312823e-05,0.00030126874,0.0034845232,0.008487643,0.0024512752,0.0012125453,0.011523675,0.5166219,1.0
0.039876916,0.00090955675,3.5442958e-05,1.3572358e-05,7.5582306e-05,0.000738896,0.0017333846,0.0009654335,0.005053145,0.04075228,1.0,0.9476856
0.071609356,0.0026831327,7.349841e-05,2.317164e-05,8.020687e-05,0.0010926282,0.0022613297,0.0011071255,0.0047987276,0.038591716,0.90949774,1.0
0.08700517,0.0024940728,7.456058e-05,3.550169e-05,3.1506323e-05,0.00027043407,0.00066979724,0.0012565908,0.00418429,0.019964343,0.6366427,1.0
0.37426022,0.014182608,7.539051e-05,1.3844134e-05,2.213811e-05,2.3706532e-05,5.5345296e-05,0.0007137059,0.0017005388,0.0079352455,0.28602543,1.0
1.0,0.04831191,0.00015624543,1.7612454e-05,1.5078063e-05,1.6833501e-05,8.318457e-05,0.00024617347,0.00022238499,0.0012405786,0.05188883,0.8837061
1.0,0.0401351,9.818291e-05,1.6031901e-05,7.566339e-06,2.2856644e-05,0.00023182992,0.000326667,0.00015087487,0.0005235339,0.027734365,0.8576754
0.68386245,0.017168244,4.4089138e-05,1.556782e-05,4.2675492e-06,3.299731e-05,0.00038777204,0.00036110287,0.0001988019,0.0006032166,0.054553643,1.0
0.38348523,0.0069389995,4.335546e-05,1.5686432e-05,7.787818e-05,0.0004857722,0.00071300025,0.00049859437,0.00038320906,0.004568668,0.15023239,1.0
0.1649357,0.0033169733,0.0003848437,0.00047885985,0.0012522603,0.00571566,0.005530617,0.001581161,0.0032415527,0.099564716,0.7512358,1.0
0.022393668,0.009407594,0.0017537846,0.0033533075,0.004265614,0.009656731,0.016855298,0.009051232,0.018365849,0.42535037,1.0,0.20093596
0.017710522,0.013118563,0.0013858135,0.0021420924,0.0026164765,0.0052411766,0.012638608,0.010459761,0.029384386,0.47763145,1.0,0.14897661
0.22383718,0.008314137,0.00022152746,0.00016197085,0.00072554307,0.0010537477,0.0019908801,0.0032604963,0.007287457,0.11737253,0.7730574,1.0
0.6962753,0.030208658,0.00031908439,0.000142447,0.00011834268,0.00011705016,0.0002798396,0.0008367376,0.0015093918,0.006172955,0.1392687,1.0
1.0,0.04419844,0.00037575484,0.00016620847,4.5197405e-05,5.6478922e-05,0.00022728424,0.00044409558,0.00050205895,0.0014314136,0.026002266,0.81033754
0.7584426,0.023553232,7.441973e-05,2.9541248e-05,2.214778e-05,8.5855645e-05,0.00048887864,0.00031230343,0.00017235249,0.0010876379,0.06397845,1.0
0.2755544,0.004949946,2.9057877e-05,7.710537e-06,1.194671e-05,0.00018983026,0.00079011795,0.00019145645,9.432229e-05,0.0031255903,0.21011858,1.0
0.09221845,0.00076140516,1.4587604e-05,6.8234094e-06,1.13930855e-05,0.00033983085,0.00084238575,0.00010819256,0.00016441326,0.0067672934,0.42255834,1.0
0.08436769,0.0007650362,2.0128145e-05,1.1354353e-05,8.227828e-06,0.0002078915,0.00053681387,0.00012719144,0.00031643696,0.0064073293,0.43038318,1.0
0.17271057,0.001821263,1.6580576e-05,1.7738263e-05,1.3672107e-05,0.00011404852,0.0005626399,0.00015371609,0.00031115336,0.0029365073,0.25217184,1.0
0.27383402,0.0033913304,7.1877796e-05,1.8906314e-05,1.4101094e-05,4.4383174e-05,0.00034011854,0.00012125466,0.0001824392,0.00123254,0.14812356,1.0
0.3828235,0.01745135,0.0018323441,0.00021359723,2.744807e-05,4.9425435e-05,0.0003137476,0.00014222502,9.058727e-05,0.0019914203,0.16501775,1.0
0.60766697,0.09759075,0.01508123,0.0017035136,0.00014614873,0.00012745621,0.00034241905,0.00028975366,0.00017307284,0.006380335,0.22089681,1.0
0.20189767,0.043955904,0.021053392,0.0050753425,0.0014452705,0.0020698071,0.0053805113,0.0053749336,0.004172747,0.01849615,0.33769456,1.0
0.20104213,0.004616809,0.00085863366,0.00037040142,0.00023552708,0.00052364805,0.0017084648,0.0030858316,0.0028870513,0.008627392,0.31352532,1.0
0.2661059,0.014151378,0.0031369682,0.0010847064,0.00044529955,0.0013649564,0.002829099,0.003751666,0.003469964,0.030779092,0.4263819,1.0
0.25223216,0.01184178,0.003893831,0.002238226,0.0027010553,0.0037893353,0.0048740357,0.004412462,0.0041910065,0.02910447,0.3031464,1.0
0.14273813,0.04155451,0.052935034,0.0727426,0.09974242,0.13017522,0.110273086,0.066367656,0.0780281,0.09434985,0.52480984,1.0
0.2621013,0.10491931,0.14884941,0.16614568,0.21066497,0.24918963,0.25722724,0.1876244,0.19598506,0.22828187,0.60705334,1.0
0.69864225,0.5069655,0.5738646,0.42727762,0.5848449,0.5890322,0.6653032,0.6513866,0.40093377,0.549112,1.0,0.8354132
0.86962605,0.65409213,0.6979283,0.5115173,0.70762825,0.9377687,0.96556437,0.8743228,0.6233331,0.8144062,1.0,0.6468685
0.69015104,0.59729445,0.60204744,0.49430814,0.4654698,0.6566217,1.0,0.7255604,0.5626703,0.50655925,0.36490732,0.31668568
0.3239272,0.7309065,0.55517894,0.5357372,0.38269767,0.3441799,1.0,0.9193174,0.7871546,0.41373703,0.24880117,0.19379994
0.12213198,0.18474329,0.34213182,0.5847194,0.5315949,0.46613383,0.3173135,0.5278432,0.70929974,1.0,0.8052154,0.2905246
0.08336146,0.01929478,0.09080172,0.12635368,0.12129863,0.3740441,0.29021055,0.07590004,0.061452374,0.26118842,1.0,0.86336434
0.21712193,0.005959831,0.012275932,0.0157603,0.009034188,0.10680253,0.22188953,0.026555484,0.0028868546,0.019492615,0.3462961,1.0
0.3052866,0.007538734,0.00432185,0.00947526,0.0041712155,0.023434184,0.09123658,0.017541908,0.0013242322,0.008155088,0.1922318,1.0
0.20356421,0.031438783,0.035799235,0.056156095,0.051616516,0.06404707,0.068392746,0.016202822,0.024684016,0.11329703,0.60042703,1.0
0.28874665,0.63711214,0.6278364,0.49044928,0.37546375,0.17148982,0.12641299,0.14937335,0.23983818,0.52449965,1.0,0.6573591
0.16429783,0.5774571,1.0,0.21218698,0.053928733,0.037560444,0.0444612,0.04512162,0.09282486,0.15819418,0.18840328,0.20758745
0.053456116,0.2542225,1.0,0.4414317,0.09934394,0.040957674,0.021193862,0.014881458,0.047630414,0.09743511,0.058293324,0.049014807
0.32809556,0.6675668,0.93545705,1.0,0.6632918,0.31870848,0.16415355,0.13305518,0.13035482,0.1410431,0.11906294,0.14482342
0.33525732,0.3132521,0.43737546,0.6600812,1.0,0.88484275,0.6481012,0.2722756,0.14963642,0.29267237,0.47362265,0.54553694
1.0,0.15356064,0.023772866,0.038409486,0.10115179,0.20779197,0.38496092,0.34226483,0.08340584,0.044783264,0.18472004,0.76839536
1.0,0.16416165,0.0056412066,0.0029457766,0.0031675599,0.008880608,0.060243774,0.1823004,0.08309045,0.021648673,0.10415105,0.6455427
0.9700263,0.20237416,0.014210889,0.004684687,0.0036239165,0.003959929,0.0109756505,0.10531517,0.09235255,0.06827887,0.30609056,1.0
0.47535685,0.16175935,0.050310574,0.045111407,0.08280726,0.18317275,0.39161825,0.56964576,0.77105075,0.8744069,1.0,0.5607614
0.0638885,0.021239873,0.030695442,0.13326533,0.37781775,0.6472592,0.4639505,0.33873102,1.0,0.2742072,0.0615467,0.103071466
0.031480566,0.015857203,0.017686628,0.19602679,1.0,0.6955924,0.20610005,0.20700894,0.49968907,0.11813446,0.05065278,0.0576252
0.07564463,0.030623673,0.023870304,0.10897156,0.9995342,1.0,0.14715041,0.0823177,0.09710449,0.053950664,0.18782961,0.17895252
0.28851575,0.07832234,0.04261604,0.04632147,0.38882607,1.0,0.43694028,0.081604846,0.02667885,0.037633915,0.29496375,0.84026235
0.47241086,0.06691278,0.025195824,0.019062886,0.045606285,0.26499927,0.58545434,0.25185165,0.0355355,0.01932061,0.15540285,1.0
0.67455834,0.06747604,0.04555682,0.022154676,0.026257068,0.08898501,0.9036159,1.0,0.15647751,0.04250378,0.08856647,0.7550938
0.23282488,0.02942285,0.024792876,0.022302248,0.075388156,0.32840914,1.0,0.7972213,0.20660096,0.052445304,0.031963266,0.21064183
0.049022593,0.021239469,0.017436203,0.036420222,0.19669245,0.9696244,1.0,0.3798615,0.14143084,0.03535204,0.024502262,0.054748703
0.036786016,0.022392908,0.031182004,0.18174358,0.6107166,1.0,0.3707624,0.22369204,0.100639865,0.033937518,0.017871052,0.029338544
0.028940978,0.0195795,0.07828647,0.901209,1.0,0.28167874,0.19183448,0.25721213,0.12738055,0.032769624,0.014040542,0.02113165
0.009444633,0.008492287,0.036847953,0.6137918,1.0,0.16260038,0.037014518,0.07778263,0.049053114,0.0097984085,0.010382106,0.014242882
0.013886372,0.006678214,0.017445488,0.22737664,1.0,0.7463194,0.14735082,0.04062382,0.04777357,0.014017311,0.0051451167,0.019415906
0.0146635035,0.0066989926,0.005411523,0.029839348,0.3124147,1.0,0.34992382,0.019832468,0.012561413,0.008349119,0.0030075472,0.014757049
0.01285194,0.0060218703,0.005268677,0.01818051,0.1188381,1.0,0.49206433,0.021007003,0.006388943,0.003854485,0.0026581609,0.012968352
0.0054507535,0.003265916,0.0047247284,0.014699746,0.21425076,1.0,0.30597454,0.01743457,0.005437506,0.0034380578,0.0028763814,0.01203676
0.004324446,0.0021057779,0.0038383917,0.025977185,0.4813996,1.0,0.1494677,0.028136969,0.0063938196,0.003561295,0.00449521,0.009780675
0.005510885,0.0023164083,0.0063643996,0.13840677,1.0,0.7549909,0.07106138,0.03168548,0.013373599,0.005127815,0.008067487,0.011191078
0.0067555928,0.0035331063,0.0460857,0.5132636,1.0,0.2546857,0.028112927,0.043000795,0.02656129,0.0072963187,0.015677309,0.018321335
0.0037802737,0.0069877105,0.23357305,1.0,0.39348787,0.049508333,0.021877825,0.072234735,0.029930862,0.014067398,0.022089725,0.013753594
0.001995834,0.01287445,0.43214113,1.0,0.16214427,0.013103354,0.02061317,0.05116387,0.020225944,0.019247662,0.02130614,0.008741505
0.002137059,0.016319588,0.50666183,1.0,0.136957,0.012268398,0.018012363,0.036410026,0.017398987,0.0168458,0.018495975,0.012676417
0.0024460864,0.014595647,0.47729805,1.0,0.14420222,0.012567871,0.016188893,0.028461458,0.01522797,0.012454322,0.009990169,0.011585008
0.0020333584,0.024450963,0.510523,1.0,0.1646739,0.009723671,0.011174268,0.023118002,0.010614693,0.008055889,0.006705034,0.007741073
0.0043983464,0.0678219,0.75523466,1.0,0.187049,0.01089487,0.008785387,0.019019585,0.0077471845,0.005459169,0.0092485,0.005533182
0.020621127,0.21779154,1.0,0.6252725,0.1179947,0.028789578,0.031019852,0.023804655,0.013401474,0.010719523,0.014707483,0.00958131
0.29533187,1.0,0.5395226,0.23278746,0.14606556,0.09348837,0.08267946,0.06521287,0.036108166,0.019242508,0.01182355,0.028179454
0.31194124,0.9024568,1.0,0.63993555,0.267862,0.09173317,0.119023584,0.20240681,0.17842877,0.4270295,0.17523555,0.11677107
0.100538895,0.15056184,0.4547524,0.31407508,0.046727758,0.021123355,0.056290034,0.09124509,0.19143139,1.0,0.30474198,0.119971834
0.024360582,0.03030836,0.17960143,0.13121854,0.010597888,0.01081477,0.024020698,0.028730055,0.13287526,1.0,0.39269045,0.04436712
0.00925036,0.0179678,0.12418778,0.07771689,0.0068236273,0.01271231,0.021524109,0.012825308,0.11296424,1.0,0.38228422,0.015465112
0.012007348,0.01738218,0.11102448,0.06425104,0.0075325673,0.023630012,0.025243817,0.008530778,0.12893689,1.0,0.39525697,0.034344222
0.013030631,0.04579743,0.11724928,0.032093503,0.0069521843,0.03855732,0.039160624,0.014186725,0.36254597,1.0,0.20161831,0.027861884
0.03587873,0.12626606,0.098641016,0.009332671,0.0058482806,0.028972376,0.027102923,0.06309456,0.7166289,1.0,0.06493707,0.0112427175
0.8170671,0.6301168,0.115936354,0.021521231,0.033900797,0.042045124,0.21348076,0.65013874,1.0,0.56659544,0.05654568,0.2201131
0.64882684,0.16477297,0.014388482,0.029817378,0.02822371,0.029721685,0.7531037,1.0,0.11239964,0.041406475,0.030907378,0.3018045
0.25561973,0.0887863,0.010438579,0.01669745,0.01669785,0.014546021,0.3875003,1.0,0.478086,0.04851534,0.016273178,0.094338976
0.22527908,0.16361697,0.019942587,0.0046844925,0.0077654524,0.006668143,0.049403593,0.6024168,1.0,0.083337314,0.009614943,0.038159337
0.1766165,0.09144763,0.024863884,0.0050202725,0.0044924556,0.0047056642,0.01139857,0.31622186,1.0,0.11485054,0.020490296,0.10173202
0.5600446,0.070863776,0.010526872,0.009400504,0.008817526,0.010300492,0.012719002,0.1938718,0.48579025,0.1519959,0.36178663,1.0
0.21259615,0.034403443,0.0063282773,0.0108282985,0.011342094,0.018654153,0.018765775,0.04949403,0.17651844,0.55360293,1.0,0.7698139
0.03192389,0.011962273,0.0063517396,0.016471228,0.01966331,0.011792628,0.019597396,0.1536977,0.70487535,1.0,0.3888689,0.10211834
0.06501332,0.064811155,0.01919282,0.033806548,0.031327084,0.039158802,0.055817477,0.30325925,1.0,0.83749396,0.12700295,0.032652203
0.26342395,0.25807387,0.11295159,0.12966865,0.11987272,0.13779423,0.27012187,0.52535886,0.8703369,1.0,0.38187444,0.16633894
0.46514097,0.14197645,0.10390101,0.103640884,0.082700565,0.09390043,0.2094248,0.649363,1.0,0.61128265,0.16422513,0.41051528
1.0,0.30919436,0.07352008,0.12094751,0.06925023,0.049179662,0.12797761,0.21507011,0.27051696,0.26663876,0.11624006,0.64447063
0.54515976,0.08612092,0.020413974,0.06705009,0.024876738,0.027686886,0.08674849,0.027579006,0.016086789,0.039566513,0.26298958,1.0
0.193999,0.012246537,0.011056276,0.026062723,0.00853967,0.026760824,0.07648529,0.01478336,0.015730625,0.02715037,0.32948104,1.0
0.13939144,0.0058801123,0.0073912144,0.013396439,0.0033583178,0.027009973,0.10134515,0.021279996,0.020316035,0.02695266,0.30296433,1.0
0.13155507,0.0109135695,0.020660661,0.026877543,0.005471897,0.03824155,0.12750798,0.024573619,0.018594299,0.023367368,0.3025966,1.0
0.13193817,0.0919039,0.6726569,0.45247865,0.030769724,0.08399973,0.16371673,0.032844607,0.024407871,0.039782368,0.50235677,1.0
0.015946265,0.053643197,1.0,0.64721245,0.042110104,0.03243919,0.021199455,0.007035393,0.011234575,0.016041169,0.17355178,0.15153596
0.042036783,0.064180695,1.0,0.55694807,0.18714413,0.09913083,0.05411461,0.02008903,0.03359529,0.03104232,0.3894518,0.4650467
0.13193955,0.05167653,0.75244576,0.5335433,0.41115996,0.31167582,0.30552235,0.10177532,0.13488166,0.06577227,0.5308758,1.0
0.09055915,0.05080902,0.68181497,0.8952977,0.3416491,0.46823275,1.0,0.2903584,0.30905885,0.14088076,0.22387744,0.51708406
0.018325025,0.022437626,0.24868806,0.4318148,0.12739195,0.26945594,1.0,0.19296442,0.09459551,0.06430032,0.027146062,0.06062881
0.013281721,0.032815408,0.27065867,0.22880743,0.0985951,0.3119724,1.0,0.16730122,0.06076215,0.036637284,0.037748575,0.03229343
0.047808938,0.25865385,1.0,0.23984887,0.1507228,0.52208245,0.6523918,0.16339163,0.19500017,0.08000869,0.21175504,0.06074014
0.037429873,0.37705928,1.0,0.097034484,0.059549455,0.16414379,0.03900162,0.08417462,0.1453114,0.07271694,0.23455408,0.033165045
0.034454435,0.2649384,1.0,0.17502943,0.04680237,0.0946586,0.02770455,0.053419016,0.099620715,0.04193027,0.1649966,0.035825476
0.06805969,0.1152144,1.0,0.55974317,0.114134386,0.07233306,0.07839901,0.07065038,0.102325775,0.041651618,0.06742773,0.06444506
0.677638,0.18193515,0.679537,1.0,0.71346927,0.103806056,0.21782596,0.61263704,0.3663105,0.25913695,0.11012247,0.2220886
0.94215125,0.27868038,0.28119048,0.9666394,0.9752643,0.18291019,0.32559812,1.0,0.8390707,0.42343357,0.29507792,0.2912863
0.224577,0.13817492,0.24644265,1.0,0.54480237,0.18078169,0.29746142,0.39627612,0.6244933,0.56279784,0.60055465,0.23304483
0.39139098,0.49063516,1.0,0.7740329,0.31294405,0.29313654,0.46007228,0.5767872,0.7482946,0.8124461,0.5886382,0.2890106
0.2811229,0.6746426,1.0,0.4526175,0.17775854,0.20719193,0.29272324,0.29236683,0.19587816,0.15084976,0.09512404,0.14069591
0.14970471,0.64623636,1.0,0.27502677,0.11550211,0.1965254,0.3343611,0.21600388,0.20888424,0.12957175,0.09766437,0.11376804
0.25041875,0.8305729,1.0,0.33304116,0.11503997,0.21003625,0.5284538,0.35179946,0.20142627,0.13321082,0.13392958,0.12267864
0.29106203,0.86276263,1.0,0.35091397,0.121305525,0.12884466,0.3282579,0.42400798,0.1346013,0.096027315,0.109948054,0.12478707
0.115827054,0.4086029,1.0,0.4294773,0.09829728,0.10247981,0.2885249,0.38629556,0.16609627,0.18082534,0.22075662,0.12760615
0.072098486,0.20697603,1.0,0.48164752,0.105257966,0.14407852,0.23690931,0.20580347,0.19500399,0.11495501,0.115734175,0.054747023
0.0665111,0.25697064,1.0,0.34446168,0.19356696,0.23839663,0.348096,0.26026648,0.26373684,0.07387518,0.11306609,0.070763044
0.13647872,0.2536186,1.0,0.32991016,0.16545705,0.098086916,0.14517915,0.15496847,0.2146402,0.11193371,0.21733552,0.14490652
0.059030812,0.13491514,1.0,0.381713,0.08029278,0.058489576,0.09718459,0.07538337,0.10847178,0.08258947,0.18868889,0.12329916
0.06541346,0.16977958,1.0,0.60413784,0.13953558,0.10590269,0.1681299,0.24710864,0.19737457,0.1334855,0.2525534,0.16220865
0.134659,0.17951137,1.0,0.7046829,0.26819015,0.19185619,0.2589689,0.59555954,0.2527469,0.2520476,0.37522352,0.24840146
0.16169414,0.19460447,1.0,0.41591373,0.19886401,0.19375347,0.19125214,0.38946906,0.13972019,0.13221644,0.15198831,0.11379787
0.26024708,0.23700719,1.0,0.48300916,0.171789,0.21870112,0.20242037,0.18275647,0.13314483,0.10603927,0.15910812,0.121036895
0.239281,0.19901656,1.0,0.62094134,0.19563794,0.33819807,0.21164136,0.12028499,0.12586522,0.10355822,0.2660221,0.19836654
0.1007404,0.13467875,1.0,0.485161,0.12207505,0.21453866,0.17534968,0.19351096,0.15858498,0.06834399,0.09027786,0.09207447
0.1286411,0.1705258,1.0,0.4909153,0.1832709,0.40787575,0.45238644,0.2881072,0.27669603,0.1507345,0.12309813,0.14090082
0.13489619,0.24488845,1.0,0.38513917,0.23363648,0.33080572,0.3427763,0.5011354,0.3127599,0.24730629,0.32652053,0.19253083
0.14649314,0.27508077,1.0,0.44687042,0.3586015,0.28503427,0.33752692,0.6318182,0.37671727,0.36236846,0.9042459,0.23265114
0.17085181,0.34764603,1.0,0.6155654,0.33916503,0.39870661,0.34655893,0.5660617,0.53794473,0.35363287,0.54574376,0.16862853
0.14800078,0.40184036,1.0,0.3746455,0.20997563,0.30829653,0.33660024,0.33022073,0.5570113,0.27518305,0.15346855,0.09931091
0.16455922,0.3343932,1.0,0.6993416,0.5568384,0.5583555,0.7243444,0.41163725,0.6769629,0.51465935,0.25899968,0.14786759
0.19397156,0.15716,0.49168763,0.6791752,1.0,0.7361564,0.5288864,0.26914376,0.9809617,0.7729315,0.18483078,0.20487821
0.19286242,0.06671321,0.34118813,0.43291992,0.995647,0.8626758,0.3162232,0.13787861,1.0,0.87758297,0.11709284,0.18275693
0.27845865,0.08271628,0.3205404,0.27569717,0.7162316,1.0,0.2159722,0.11220837,0.64459413,0.6850043,0.07483115,0.1341967
0.36177304,0.110112876,0.12736969,0.13731489,0.39246458,1.0,0.18806732,0.110486776,0.3132929,0.49404463,0.07159728,0.09568597
0.44729644,0.1573898,0.09971471,0.1418748,0.20718618,1.0,0.2784247,0.10663527,0.16077465,0.32436746,0.08182008,0.07799454
0.5725335,0.3135472,0.12697999,0.36571404,0.22609018,1.0,0.5149809,0.15404095,0.13618897,0.3049318,0.10332103,0.07356222
0.42519486,0.2909198,0.12214561,0.5333223,0.23867638,1.0,0.70400554,0.17009851,0.12301871,0.2652115,0.12287728,0.06668434
0.37536442,0.22717464,0.14814933,0.625451,0.40611696,1.0,0.66229284,0.09763806,0.10440707,0.3325663,0.12502867,0.07280265
0.38558927,0.28015736,0.16487993,1.0,0.5743373,0.7799045,0.81396514,0.13127886,0.11146775,0.37016308,0.16095439,0.10519791
0.27950954,0.29563543,0.13465261,1.0,0.8594312,0.6442532,0.68860567,0.11135763,0.099526085,0.40938157,0.19650055,0.066596545
0.13150883,0.18087861,0.07847196,0.7591419,1.0,0.2923779,0.2946205,0.05902143,0.078310184,0.2190957,0.09848924,0.024850804
0.20929444,0.27064103,0.18888825,0.94702095,1.0,0.33250126,0.30809304,0.094850354,0.32294363,0.9512225,0.24312267,0.03610155
0.19286999,0.50185543,0.5036665,0.9615915,0.96966034,0.28888962,0.10902968,0.16217074,0.56970865,1.0,0.19577593,0.04089314
0.14271964,0.51864856,0.8085032,0.96756655,1.0,0.47857556,0.15301855,0.12092214,0.528897,0.8625855,0.2393319,0.07498795
0.15533258,0.41084707,0.7007587,1.0,0.8174233,0.41428655,0.11996427,0.06707682,0.19902453,0.29910198,0.121853806,0.072170876
0.023692153,0.07520559,0.36304492,1.0,0.85847217,0.09125295,0.017843066,0.015750108,0.06850726,0.09959044,0.028605966,0.0125983525
0.0011405958,0.003490706,0.063854985,0.43512052,1.0,0.1390676,0.0023573646,0.0016574367,0.0049644466,0.0076111816,0.006780688,0.004056619
0.0011726838,0.0011933448,0.0128656,0.26833797,1.0,0.21677305,0.004563986,0.00068305276,0.0011192112,0.001496188,0.0025818723,0.0024974276
0.0017899979,0.0007376294,0.004319879,0.2132695,1.0,0.30947357,0.007274977,0.00039335326,0.0008840088,0.00085630536,0.0005272785,0.0015597835
0.0047575347,0.004935892,0.029440422,0.290537,1.0,0.54574054,0.01912837,0.002306578,0.003134455,0.0048320824,0.002459733,0.0043047885
0.034277327,0.03652883,0.10388698,0.23154046,1.0,0.3854673,0.019154685,0.010856296,0.022300374,0.03778621,0.036148705,0.036265146
0.47505003,0.33301446,0.39601848,0.6926782,1.0,0.6077014,0.112302266,0.09465951,0.29961532,0.62056696,0.4336849,0.38311705
0.69666445,0.6465335,0.36418152,0.5253345,0.8787793,1.0,0.42976213,0.22645342,0.42920262,0.8783801,0.7460687,0.3943605
0.17390732,0.20250058,0.33094352,0.30380437,0.29186776,0.5426849,0.5840432,0.6932953,0.7210557,1.0,0.73296076,0.23656449
0.049494505,0.05355008,0.14179315,0.10092924,0.106465,0.20364636,0.33123013,0.77653736,0.9831902,1.0,0.3391044,0.07439159
0.048291177,0.14944841,0.12507604,0.051107977,0.05569139,0.20051543,0.4205207,1.0,0.71223444,0.6721904,0.1749657,0.042004764
0.32869467,0.7024189,0.30815467,0.057471097,0.07849888,0.20761143,0.6554576,1.0,0.6646016,0.40606666,0.1853383,0.1001773
1.0,0.96718556,0.6691988,0.2134446,0.49683976,0.8678379,0.45216864,0.32844326,0.23647441,0.13243759,0.0899169,0.40646285
0.8976713,0.95653486,0.93548644,0.4677994,0.7330948,1.0,0.36411557,0.16499904,0.10785228,0.08008717,0.051365722,0.3923101
0.12433624,0.40619394,1.0,0.42925143,0.1370146,0.105767444,0.12355425,0.26175964,0.15282182,0.036150288,0.018692404,0.031090638
0.033810705,0.10295898,1.0,0.53895926,0.036709916,0.027550038,0.030712267,0.47934622,0.49775043,0.03874671,0.01783066,0.056738935
0.03570635,0.048035286,0.2962404,0.23152064,0.017327199,0.022433272,0.11024604,0.96765363,1.0,0.058496214,0.042713985,0.116574526
0.016287183,0.012956127,0.026981525,0.029744614,0.01452272,0.08170323,0.38765776,1.0,0.6508512,0.044500913,0.019473884,0.042067375
0.033470146,0.023149,0.035197824,0.058968738,0.086777486,0.38409182,1.0,0.5608783,0.22920616,0.026620183,0.0072437227,0.009962086
0.12870207,0.12646931,0.39708367,0.5374879,0.61628693,0.66780126,1.0,0.5090523,0.14251456,0.029637,0.024102647,0.047782034
0.3278373,0.41730806,1.0,0.5793352,0.31132522,0.22361255,0.17932095,0.30102795,0.17179522,0.034332365,0.0363962,0.14786856
0.39689943,0.5220179,1.0,0.664802,0.1973558,0.22683069,0.24185961,0.5569104,0.320366,0.04156265,0.0760007,0.26647818
0.2582993,0.28726032,1.0,0.5233627,0.113409,0.21157464,0.1849644,0.50201494,0.2784388,0.031733453,0.04457452,0.1602533
0.16169605,0.27729547,0.8649739,0.39611912,0.10633639,0.14839129,0.21498644,1.0,0.7919522,0.059091628,0.043687075,0.12547012
0.15347779,0.3046037,0.38287976,0.20985895,0.05550413,0.044938516,0.15175281,1.0,0.7557021,0.06483914,0.041815687,0.11419596
0.29741704,0.31904095,0.37600815,0.2358349,0.0992416,0.107453115,0.29288974,1.0,0.5242927,0.06678417,0.029558888,0.14552878
0.36937556,0.35245946,0.9495429,0.42012867,0.20379968,0.41185048,0.6244384,1.0,0.3423414,0.07479533,0.06092462,0.15359311
0.2562975,0.26152697,1.0,0.33787847,0.14141673,0.1861145,0.17362985,0.32952055,0.11725181,0.034990907,0.022623885,0.08357818
0.36098588,0.29063758,1.0,0.37305325,0.18194683,0.113894165,0.116469994,0.2865493,0.1866417,0.041098747,0.027711855,0.1207794
0.3417967,0.36501214,1.0,0.5623457,0.31019816,0.15425812,0.23744825,0.5440759,0.42963615,0.06964329,0.049727753,0.11197066
0.17613198,0.2057273,1.0,0.55967313,0.16863611,0.1385542,0.1974683,0.5793434,0.24509804,0.028885601,0.024305237,0.091388844
0.11853975,0.1290548,1.0,0.48052624,0.08294618,0.084541194,0.19735624,0.6023904,0.15579104,0.012178701,0.019180963,0.11249637
0.24829808,0.21365242,1.0,0.44733545,0.25425702,0.2185257,0.22359508,0.5999922,0.15875621,0.02310958,0.03837124,0.16876273
0.45535138,0.35200205,1.0,0.428312,0.29850084,0.40332127,0.322819,0.92657644,0.329089,0.04940512,0.08294679,0.2483242
0.120961696,0.17636725,0.5260226,0.1738976,0.07331016,0.13044047,0.24925873,1.0,0.43347985,0.030159032,0.03801256,0.07372842
0.108662345,0.15667695,0.29949465,0.19701198,0.08053966,0.14027297,0.28343344,1.0,0.43207076,0.03757888,0.035870686,0.053238943
0.19287372,0.28737202,0.4970112,0.3744054,0.16146314,0.31069028,0.43571046,1.0,0.48301607,0.09323406,0.074466474,0.14180467
0.5174902,0.6966756,0.74914896,0.6773235,0.46336967,0.62823427,0.5201096,1.0,0.6478014,0.21445595,0.26658547,0.3423269
0.47992647,0.61002296,1.0,0.89762276,0.38615668,0.5272227,0.5919832,0.9806661,0.91339964,0.29903948,0.39604756,0.2682476
0.47546598,0.80504006,1.0,0.443457,0.16644372,0.17986882,0.25757253,0.46850568,0.3918441,0.13272603,0.1386787,0.17389137
0.72373503,1.0,0.16703641,0.009442082,0.0011391033,0.0013648622,0.0022147882,0.004760916,0.005059561,0.0029810562,0.008098547,0.09109609
1.0,0.46001437,0.015862372,0.00031889923,8.989191e-05,8.047333e-05,0.00021606022,0.0005946558,0.0003620315,0.0003511459,0.0048012272,0.17601305
1.0,0.24781764,0.0049547344,0.00012058908,0.000119522774,9.728099e-05,0.00031316723,0.0004908517,0.0005085389,0.0024814962,0.023991112,0.3264863
0.9558136,0.1241529,0.0026003278,0.0007103071,0.00057000393,0.00028715216,0.00081804785,0.005790438,0.05252319,0.11963311,0.28380004,1.0
0.23892574,0.01803074,0.002805298,0.013893027,0.007803878,0.00080365094,0.002021155,0.07933659,0.8527593,1.0,0.5912336,0.83460647
0.012511335,0.0034672404,0.0017123864,0.008355848,0.005597134,0.0015488757,0.0024170573,0.033896092,0.3540793,1.0,0.9697786,0.1705498
0.021873577,0.0035297894,0.0008608851,0.00069805083,0.0007659592,0.0018258218,0.00419701,0.016564649,0.08796707,0.5856463,1.0,0.22447972
0.07502181,0.023807077,0.003329972,0.0019216023,0.0016129056,0.0055077425,0.017774008,0.08191383,0.31179264,0.6972122,1.0,0.282525
0.8023398,0.45271516,0.22489257,0.10940355,0.056735262,0.06250781,0.12745216,0.1856486,0.48901644,0.81439024,1.0,0.7532735
0.90443045,0.48153418,0.079453036,0.03598417,0.02261854,0.02226623,0.04300069,0.16370393,0.36187404,0.49749807,1.0,0.97730345
1.0,0.35259572,0.024444664,0.008537827,0.005849772,0.006049755,0.011400078,0.047373112,0.14506607,0.2730234,0.35204428,0.5508851
1.0,0.48202446,0.08641852,0.034531567,0.026128845,0.022052798,0.045447826,0.13007954,0.40504146,0.41659564,0.7900212,0.9353883
0.83491445,0.19992884,0.037784774,0.023089137,0.023061411,0.025571203,0.02458084,0.05193843,0.17819211,0.45864588,0.65235347,1.0
0.8530291,0.23487616,0.062801965,0.06788474,0.10305886,0.13251212,0.24217373,0.21078157,0.2782467,0.7503108,0.607996,1.0
0.37886485,0.26138437,0.15193003,0.16484173,0.32247156,0.44385982,0.9615236,0.6197959,0.48724452,1.0,0.48735252,0.34934166
0.22677031,0.13957001,0.13588421,0.13171351,0.15792209,0.29132867,1.0,0.8291256,0.7104156,0.63192797,0.6738994,0.6460987
0.14920655,0.0988159,0.06733786,0.09432855,0.06375406,0.15266015,0.574052,0.8154623,1.0,0.80968696,0.34714466,0.27873954
0.20851701,0.11951389,0.07082626,0.11798121,0.10938405,0.14916857,0.32484564,0.44118547,0.76523215,1.0,0.41410154,0.25898558
0.6101927,0.49214634,0.35970104,0.52546227,0.95842993,1.0,0.28176305,0.2749437,0.50783026,0.8221195,0.45135736,0.36945418
0.022377266,0.035608757,0.050001927,0.07763686,0.30707029,1.0,0.2463621,0.0390693,0.05777281,0.06696389,0.130537,0.04118437
0.0050516566,0.004827347,0.009312227,0.006043465,0.08597214,1.0,0.4406831,0.011273645,0.005190506,0.02427324,0.22659059,0.10687875
0.0063374513,0.0022814474,0.0053425264,0.004813974,0.09591546,1.0,0.4903113,0.013433353,0.033003233,0.17762317,0.55660856,0.18842945
0.006651364,0.0027124623,0.007490775,0.019568436,0.33983836,1.0,0.28967887,0.052001745,0.3579978,0.7226152,0.6954786,0.1444114
0.011169965,0.010707602,0.012639342,0.08114123,0.50037044,0.3929809,0.09916983,0.236152,1.0,0.5576864,0.113960885,0.036501497
0.029271733,0.031943362,0.023329051,0.039501484,0.08996096,0.5244221,1.0,0.52035326,0.3973461,0.09868022,0.051835075,0.046664212
0.011205405,0.012060226,0.0065746703,0.011671784,0.049518324,0.46373364,1.0,0.2643268,0.034858413,0.009619581,0.0073990584,0.007823356
0.0075135245,0.0076643573,0.004013652,0.004924985,0.02022641,0.24946155,1.0,0.8354895,0.18663865,0.015732627,0.0044614333,0.003791172
0.0050024916,0.003521455,0.003676072,0.007388092,0.0048535373,0.04029998,0.27004337,1.0,0.87539595,0.10174302,0.00558845,0.0039225663
0.0041598403,0.004777581,0.011170858,0.030228816,0.010388528,0.018813498,0.037248865,0.57841,1.0,0.15827337,0.012228809,0.006236188
0.04923354,0.06584977,0.08117099,0.12926187,0.15910327,0.5689753,1.0,0.9547727,0.76372415,0.15274689,0.08204373,0.053854033
0.043708563,0.040404405,0.14774314,0.52912396,0.61692005,0.78204787,1.0,0.51137626,0.09113573,0.09054347,0.23068272,0.07527868
0.017784318,0.015919609,0.14960529,0.36997065,0.17304079,0.14420126,0.57044584,0.7172338,0.05816648,0.24164253,1.0,0.18519291
0.018345358,0.008035735,0.045464683,0.115819,0.04028903,0.059381563,0.24823678,0.42183033,0.05508785,0.13936234,1.0,0.31774855
0.21031633,0.05596277,0.040828258,0.115193605,0.098821625,0.105793394,0.15173636,0.33066303,0.13595766,0.093176894,0.9805593,1.0
0.4176631,0.18791188,0.18182248,0.49590865,0.48803604,0.2787912,0.31464264,0.23257184,0.35884434,0.6903626,0.738195,1.0
0.26346546,0.14269365,0.06564113,0.2322143,0.2992185,0.21508402,0.72705483,1.0,0.6759212,0.7026644,0.3760837,0.26719168
0.50859064,0.25731072,0.017613012,0.03640678,0.035989683,0.055146854,0.2937014,1.0,0.7599838,0.13891415,0.041589223,0.09401001
1.0,0.21254759,0.011321404,0.018053731,0.027325325,0.039221913,0.17332919,0.8057815,0.27018017,0.047972575,0.025738444,0.22585058
1.0,0.1152096,0.0091813775,0.01766862,0.020791689,0.045639202,0.27564454,0.6341291,0.080712855,0.017944269,0.083092794,0.6459936
0.3656653,0.04056183,0.018814001,0.040874153,0.08130087,0.18269458,0.36650366,0.1973839,0.048933215,0.09206678,0.44028535,1.0
0.16703334,0.06561013,0.13189265,0.21925178,0.7927166,0.69530845,0.36292037,0.15667158,0.1476611,0.7405619,1.0,0.7012657
0.11835343,0.1643581,0.19613789,0.21232456,0.84369504,0.6457319,0.16607277,0.23311254,0.18427032,1.0,0.8874544,0.16270456
0.14110865,0.11452568,0.099147566,0.080365,0.2175265,0.4214421,0.19398603,0.2160165,0.21657346,0.66581476,1.0,0.31316468
0.31494525,0.10423392,0.14867093,0.14577068,0.12341715,0.5952309,1.0,0.484353,0.3532688,0.5171422,0.7274006,0.62143534
0.47825715,0.02584938,0.01410705,0.026246222,0.007846079,0.024654724,0.14300747,0.055156145,0.014488372,0.029425373,0.25756112,1.0
0.3630475,0.012340157,0.009157798,0.01769506,0.003693817,0.012888849,0.037382673,0.00888336,0.0063970326,0.010946651,0.1905091,1.0
0.21876341,0.017331315,0.024939438,0.029450294,0.024679113,0.11661592,0.0833458,0.021998938,0.017937535,0.022638878,0.40156513,1.0
0.040451106,0.02563607,0.05337481,0.05460281,0.48410887,1.0,0.19916363,0.046058632,0.033898722,0.09291563,0.6389972,0.41277558
0.021877294,0.029495664,0.049662556,0.091835186,0.7400743,1.0,0.08285801,0.018622123,0.013534721,0.08371605,0.21343552,0.03430137
0.020770175,0.034476217,0.054913003,0.116160676,0.50717163,1.0,0.2901982,0.03205838,0.015654534,0.06377581,0.26140165,0.080117546
0.020584578,0.012062549,0.025777731,0.047719922,0.15777923,0.6553549,1.0,0.12384115,0.010022616,0.017839616,0.18215257,0.19219008
0.037987255,0.0025146385,0.0075120553,0.019064734,0.014629458,0.16749302,1.0,0.20842919,0.004288852,0.003351729,0.05711525,0.22411087
0.0924853,0.004459998,0.011644954,0.02592104,0.009967944,0.15941852,1.0,0.19144978,0.008239836,0.0079273535,0.18202308,0.63253236
0.10083852,0.009378547,0.03103674,0.030095391,0.023670832,0.28044313,0.488254,0.079111554,0.030370658,0.055923093,0.7571476,1.0
0.027245842,0.008406189,0.03067126,0.018297244,0.0409619,0.41398394,0.21257834,0.05373169,0.079491675,0.10899211,1.0,0.48155582
0.04891816,0.014677584,0.042654272,0.03165194,0.039916925,0.5084405,0.41172495,0.04491157,0.07508565,0.077673554,1.0,0.79775316
0.21195391,0.015807645,0.014494202,0.020015366,0.008564422,0.11043517,0.14217071,0.015112238,0.011753467,0.015307958,0.42477062,1.0
0.2955761,0.01718553,0.0073347776,0.023370668,0.005624958,0.009804255,0.026725993,0.007927692,0.005194902,0.009203908,0.17944416,1.0
0.36732602,0.049302798,0.030134337,0.04791331,0.023731727,0.016731601,0.02857102,0.027803915,0.03750115,0.064180024,0.29034916,1.0
0.5641838,0.5252099,0.71185476,0.69430935,0.4913374,0.44124264,0.34890193,0.33206305,0.27840075,0.29646102,0.5954784,1.0
0.6357081,0.7344983,1.0,0.5359299,0.4054537,0.7395255,0.35871604,0.2802836,0.20509245,0.2561505,0.47763354,0.5990978
0.08841464,0.11015529,0.111176565,0.07804619,0.12440768,0.47365734,1.0,0.65051764,0.12706655,0.12913369,0.21077143,0.13871033
0.10902896,0.115095146,0.11561435,0.10013018,0.099547185,0.2147145,1.0,0.8860825,0.23794916,0.13918833,0.10038684,0.10512964
0.88236374,0.7994628,0.58532774,0.70194465,0.80726415,0.5877727,1.0,0.9294223,0.56561136,0.60945463,0.5099846,0.5120339
1.0,0.68168014,0.5081878,0.56193805,0.6039147,0.53904396,0.8229406,0.85429406,0.6035076,0.2200661,0.23940991,0.5877631
0.6654315,0.45086768,0.3619335,0.27537873,0.19233166,0.259082,0.31861085,1.0,0.6077398,0.20955157,0.25967073,0.7383498
0.49622527,0.42090032,0.29664484,0.18728994,0.11961171,0.21623701,0.4534764,1.0,0.343539,0.18392955,0.3216267,0.7378741
0.5795796,0.40214208,0.29392076,0.27423793,0.15495351,0.6197573,1.0,0.6218328,0.16022342,0.14842023,0.23822771,0.4256878
1.0,0.56082785,0.62131745,0.35445285,0.3110008,0.8609853,0.98523813,0.35243762,0.3992625,0.30947345,0.29551908,0.9988055
0.591065,0.6023028,0.48714665,0.14364609,0.3050331,0.29371825,0.48160455,0.35969442,0.49140987,0.24238956,0.34455717,1.0
0.9919379,0.73919666,0.6164976,0.31664982,0.54942864,0.8098303,0.5129612,0.35081998,0.69340646,0.751534,0.4909509,1.0
1.0,0.6589299,0.4117537,0.30296022,0.3310215,0.5458617,0.4268693,0.50143445,0.3762946,0.3981776,0.5602847,0.86643547
1.0,0.29961008,0.33918855,0.5359051,0.2026362,0.13059843,0.13785034,0.4151973,0.5543062,0.15935162,0.25070956,0.7813279
0.8930455,0.18734083,0.40890968,0.60603654,0.15270293,0.09522727,0.10582313,0.36111897,0.461856,0.11423426,0.17239997,1.0
0.56016517,0.25644463,0.30060336,0.35073575,0.1774169,0.145119,0.24176946,0.33720648,0.22131048,0.20356017,0.37379134,1.0
1.0,0.55983883,0.27967474,0.4366111,0.37320557,0.5052485,0.5300091,0.23208106,0.46045154,0.6787715,0.5255059,0.8251882
0.42245162,0.13517246,0.14269678,0.14625958,0.27305052,0.26213104,0.2762773,0.23393507,1.0,0.66197795,0.22808331,0.45025846
0.16879249,0.12381238,0.11716388,0.1013963,0.14756112,0.1796808,0.2524791,0.24695067,0.8348907,1.0,0.32712367,0.2083905
0.1264698,0.12719917,0.10687056,0.0702011,0.046053335,0.06725633,0.17941639,0.55191207,1.0,0.46795404,0.19516583,0.12084671
0.03033703,0.019676713,0.032148372,0.038868804,0.017699033,0.034501992,0.23833703,1.0,0.89433706,0.14507489,0.04113,0.028534126
0.01599436,0.007990561,0.059353348,0.056220938,0.014992377,0.04481783,0.2685709,1.0,0.47246093,0.053321395,0.024885777,0.014894362
0.07058813,0.049568955,0.110144265,0.08461348,0.037632033,0.07528098,0.45656502,1.0,0.26658612,0.05480404,0.04319405,0.082446374
0.9829043,0.13939698,0.052159414,0.041978016,0.15923336,0.6890043,1.0,0.49384233,0.095142536,0.050886124,0.08742822,0.9458087
1.0,0.21353187,0.008181239,0.007387451,0.12340139,0.87829864,0.5754776,0.05475365,0.02230284,0.036847983,0.042501017,0.56201625
0.40295044,0.19744122,0.009509367,0.0032195887,0.051287558,0.80682486,1.0,0.11902103,0.02254633,0.03023235,0.05119143,0.16772196
0.051362436,0.05498283,0.006788183,0.009146855,0.06792078,0.64623594,1.0,0.15209697,0.020158842,0.020456528,0.032648843,0.036912866
0.018912397,0.023135476,0.012979409,0.056258306,0.354433,0.8009624,1.0,0.24667816,0.031196266,0.01716313,0.01383964,0.015556934
0.025906999,0.01691187,0.025828922,0.24536152,1.0,0.40418115,0.32718697,0.10936554,0.036024835,0.033734776,0.040399358,0.046479646
0.3016888,0.049211018,0.10363282,0.9119675,0.9076712,0.15712506,0.10118157,0.092670485,0.09775835,0.36432293,0.96293056,1.0
0.75105906,0.1874395,0.050479554,0.12774459,0.26721567,0.13977104,0.067904286,0.023199815,0.0143239945,0.032910727,0.26593462,1.0
0.8371092,0.3925274,0.1823012,0.10208533,0.28791082,0.5948655,0.9328628,1.0,0.3954826,0.070024624,0.1411273,0.7797371
0.017228995,0.024910258,0.03785301,0.04410185,0.018634643,0.08111612,0.19906408,0.8282031,1.0,0.13585876,0.012811636,0.014874049
0.0019671042,0.0018007678,0.007968926,0.02115837,0.0036326188,0.013670063,0.045579907,0.64188856,1.0,0.10506487,0.004732006,0.0028097946
0.001783897,0.002977663,0.009477499,0.0069495346,0.0053845197,0.046810947,0.3448107,1.0,0.52354133,0.035528097,0.003262164,0.0031451462
0.0044870395,0.006830544,0.008911271,0.0057966714,0.0669985,0.4271934,1.0,0.8088798,0.14798082,0.011416228,0.0039120708,0.0040195533
0.0076884213,0.0061529833,0.0067262207,0.043969627,0.48185483,1.0,0.5275721,0.13309495,0.044425163,0.017129745,0.007292985,0.0047659343
0.008807252,0.008609024,0.0055018747,0.094796285,1.0,0.8667144,0.119700596,0.045684945,0.023734286,0.011801081,0.01432711,0.01065062
0.014478188,0.01899458,0.008084183,0.039039135,0.4490782,1.0,0.71394473,0.20374107,0.028728763,0.00696268,0.013575008,0.018099776
0.01255053,0.017961966,0.008920808,0.008506072,0.05830993,0.3105077,1.0,0.978282,0.2824944,0.020429553,0.008176719,0.009178218
0.008163883,0.0082641505,0.0051339697,0.004892233,0.0071781254,0.032350563,0.24544843,1.0,0.6990057,0.047851067,0.0063469247,0.004589358
0.009809936,0.014303777,0.012394321,0.009435486,0.0107507,0.031177731,0.06752975,0.9212989,1.0,0.063705556,0.006349099,0.00594341
0.025266018,0.016176796,0.013812598,0.013471813,0.014149178,0.039630443,0.2306224,1.0,0.4462726,0.024691802,0.007543494,0.017010946
0.12220981,0.05885579,0.11298111,0.108178735,0.16163069,0.6413198,1.0,0.83270824,0.41983524,0.33880737,0.066366784,0.07283995
0.19824271,0.13184908,0.29649064,0.14494321,0.29539487,1.0,0.915549,0.5632854,0.3793596,0.31002533,0.09662083,0.18124777
0.29609543,0.20068523,0.39554322,0.15621845,0.69676685,0.8602513,0.7723883,0.5425591,1.0,0.4011203,0.22163282,0.57221687
0.19996527,0.054039083,0.09205453,0.09643462,0.53387135,0.37135607,0.2627218,0.3125292,1.0,0.21313618,0.14420444,0.6949464
0.14958291,0.026739862,0.02702894,0.12355313,0.49978864,0.11791488,0.058132954,0.1508599,0.4236445,0.080163196,0.258211,1.0
0.3278679,0.020592786,0.022799399,0.09182202,0.6215187,0.28333682,0.044251926,0.06658729,0.1931197,0.067061275,0.20275812,1.0
0.57593834,0.023943849,0.027344152,0.04601896,0.90847725,1.0,0.06002619,0.061460182,0.18908826,0.083208546,0.03469066,0.6281848
0.3182054,0.016669393,0.024323994,0.030831387,0.6462012,1.0,0.051656205,0.03125185,0.07060195,0.05341048,0.00869347,0.19132425
0.21919933,0.01620365,0.046189763,0.08752657,0.9863792,1.0,0.041464265,0.016540213,0.0793992,0.05550158,0.020551797,0.21263906
0.09566949,0.09220557,0.16035438,0.18425158,1.0,0.51382047,0.029935123,0.022089813,0.0558273,0.03689376,0.0546403,0.22588156
0.2632738,1.0,0.5483171,0.13626817,0.20039311,0.12274056,0.05050789,0.053514242,0.07135526,0.04179816,0.05361173,0.25429878
0.12664203,0.8681619,1.0,0.29101244,0.06943762,0.052020255,0.025683567,0.033006914,0.09607696,0.09991663,0.020587016,0.080010355
0.0422924,0.55195314,1.0,0.20001704,0.015249151,0.0114833005,0.008851662,0.011332554,0.054084864,0.14195697,0.018021073,0.023795411
0.035717342,0.61919284,1.0,0.14843369,0.012438298,0.008521602,0.0071278997,0.011779702,0.09816239,0.25029653,0.021809809,0.01193024
0.1647259,1.0,0.74492115,0.08283196,0.013231616,0.0130560985,0.0072007338,0.043965966,0.3211634,0.27406546,0.015307951,0.01399874
0.62435,1.0,0.22884354,0.020283854,0.0122221215,0.012271908,0.019321766,0.21162002,0.4170783,0.09184352,0.013101584,0.084879026
1.0,0.45707622,0.036455832,0.015989477,0.023813797,0.011578898,0.07137224,0.32645583,0.14122763,0.017073657,0.028979108,0.29885778
1.0,0.17371292,0.021905957,0.03531737,0.044775087,0.01855916,0.11636531,0.2560555,0.045615535,0.028427018,0.04976783,0.5191223
1.0,0.64156485,0.081242196,0.028585127,0.041498017,0.01779537,0.053013735,0.21982442,0.14859717,0.028313074,0.03706763,0.23869629
0.5114601,1.0,0.17772251,0.012688992,0.021240482,0.011629912,0.008921377,0.07710911,0.207424,0.024244225,0.008084439,0.042626645
0.38050213,1.0,0.23023258,0.0076968153,0.008870707,0.0054216688,0.00343873,0.04515944,0.1877223,0.026361667,0.0026060748,0.01638295
0.52519727,1.0,0.17939231,0.005299275,0.004177645,0.003618661,0.0036446166,0.065080196,0.15548863,0.017822219,0.0024018525,0.03809627
1.0,0.7402061,0.06190398,0.0026619309,0.0064321095,0.0036652826,0.012653294,0.11675799,0.07467575,0.0049124677,0.008484514,0.18554941
1.0,0.2508607,0.014170262,0.0030671088,0.006632827,0.006757518,0.03474453,0.09261851,0.021483228,0.0055477787,0.036097176,0.5072521
1.0,0.13776077,0.01492729,0.005142924,0.009884454,0.012653001,0.05877537,0.091046244,0.020185834,0.008709016,0.06729221,0.7270646
0.97031397,1.0,0.24200419,0.026376482,0.008761874,0.008329826,0.030637588,0.10920741,0.05957012,0.008027154,0.02417156,0.24137913
0.3239219,1.0,0.4104704,0.035566784,0.0022232826,0.002469544,0.0021471768,0.012497202,0.018277757,0.0046515632,0.0019876666,0.020939065
0.544318,1.0,0.38938728,0.06395984,0.0074579255,0.009071619,0.004004205,0.0056709573,0.006000176,0.0040946575,0.005780126,0.046792716
1.0,0.4224413,0.051521074,0.03199635,0.04010326,0.06795169,0.07315314,0.06898172,0.023128504,0.028250322,0.18450136,0.62998766
0.21524894,0.025187068,0.031806357,0.062792145,0.102730244,0.21801798,0.09960736,0.06217776,0.024794511,0.08485057,0.7286294,1.0
0.061411742,0.007294644,0.008506054,0.023874367,0.038719304,0.10566168,0.031445727,0.01268894,0.015265546,0.23264353,1.0,0.4463226
0.020494983,0.0026933025,0.0018341268,0.0028098,0.024537392,0.058750637,0.008379726,0.012066282,0.024045834,0.47990075,1.0,0.1692757
0.0045714783,0.0031445497,0.0028633869,0.0012752096,0.02935981,0.06179636,0.00949773,0.049025543,0.044334788,0.51824737,1.0,0.1062
0.02340275,0.0054524704,0.004384063,0.0016843692,0.02371821,0.13164297,0.08136473,0.09108913,0.104330406,0.35210708,1.0,0.29130214
0.11089213,0.011657717,0.010042263,0.008452476,0.05296973,0.4883137,0.4227797,0.13767515,0.18796904,0.15854613,1.0,0.8386459
0.30641994,0.027677879,0.020074293,0.032102488,0.098750025,0.50167257,1.0,0.3817586,0.20834051,0.09156928,0.44087708,0.87180835
0.5186857,0.036402583,0.022710672,0.044120044,0.064241156,0.2795423,0.789587,0.48415494,0.14540015,0.06634864,0.2090624,1.0
0.27839038,0.027632695,0.011619011,0.016339783,0.06327419,0.32152733,0.49828273,0.23694897,0.05136709,0.08071934,0.57962894,1.0
0.04379666,0.00976267,0.0073115528,0.02879433,0.15504706,0.34802976,0.23369724,0.062495023,0.03704184,0.31707433,1.0,0.5102555
0.009342391,0.0070458953,0.0057554166,0.025287231,0.12150141,0.18095356,0.06485594,0.033677097,0.049910687,0.56033653,1.0,0.18306173
0.0639559,0.008466684,0.0053464044,0.007367006,0.095808126,0.3671408,0.196979,0.026098203,0.045986347,0.3525983,1.0,0.5246217
0.5930154,0.098048635,0.007358137,0.00504481,0.03065054,0.19741546,0.23544885,0.049658008,0.017889164,0.04641421,0.35808587,1.0
0.8583921,0.15464623,0.0068255067,0.003291549,0.004080295,0.019142672,0.048344705,0.030560002,0.01741266,0.047221307,0.23864232,1.0
0.494082,0.153906,0.018653134,0.012434671,0.024641953,0.03346147,0.044675764,0.11637741,0.25351432,0.507305,0.93273556,1.0
0.08394985,0.12040101,0.05229774,0.06631268,0.25071323,0.42182675,0.5447956,0.6632866,1.0,0.91850775,0.811139,0.2899446
0.089390226,0.084618464,0.050791465,0.18844074,0.6150814,0.6340525,0.31856665,0.118016966,0.5225469,1.0,0.62409323,0.12978102
0.017286295,0.015894834,0.023553634,0.055410378,0.055533737,0.027911406,0.019582894,0.03747336,0.3965201,1.0,0.41929677,0.045928936
0.035153903,0.03696415,0.038874105,0.058037147,0.082733154,0.047657453,0.019091502,0.081508495,0.66680586,1.0,0.3020405,0.054832563
0.17543997,0.30370113,0.21495974,0.1306468,0.40195426,1.0,0.89023083,0.31411812,0.596217,0.7149938,0.24072641,0.17473853
0.11055618,0.13558741,0.0965142,0.102846235,0.17943181,0.7063701,1.0,0.29839548,0.1371574,0.58967227,0.65720236,0.19621105
0.065098986,0.014465246,0.018380716,0.062041402,0.11255531,0.06847999,0.09944036,0.050375972,0.06546864,0.43910527,1.0,0.39645863
0.057574145,0.005146185,0.011630644,0.031115066,0.07678464,0.021022888,0.016383884,0.0077034966,0.027017348,0.19784239,1.0,0.6949152
0.07870432,0.0044143675,0.01156853,0.024536442,0.061412457,0.05103303,0.048589997,0.0084216,0.035067577,0.15099719,1.0,0.89332366
0.0644081,0.00572099,0.014139083,0.030159632,0.08179066,0.1383948,0.082549214,0.010525617,0.041994188,0.16287889,1.0,0.81639475
0.029890345,0.004613822,0.012211028,0.046995018,0.12211787,0.2213582,0.09092574,0.010780019,0.036003735,0.20697637,1.0,0.5914759
0.03192063,0.004206253,0.00860649,0.04363592,0.12665847,0.24560618,0.104267836,0.011935546,0.045959804,0.22696462,1.0,0.5850244
0.18427868,0.018123787,0.01093844,0.03427129,0.124609135,0.22761688,0.259677,0.05673675,0.12627758,0.20083305,0.8416539,1.0
0.7973815,0.15249823,0.01613116,0.024153931,0.060848758,0.08062902,0.26508248,0.18383572,0.15354677,0.124904215,0.21670704,1.0
1.0,0.38309094,0.028410237,0.014911274,0.033417005,0.038806617,0.059322868,0.12408433,0.10633495,0.057647686,0.033905312,0.308564
1.0,0.484542,0.033695143,0.01161284,0.02329982,0.041054815,0.027492495,0.05754935,0.05383319,0.034814883,0.01484024,0.18282364
1.0,0.4594143,0.0330498,0.005955125,0.010909018,0.02465801,0.029098185,0.025879828,0.017203642,0.020458082,0.07087384,0.40993738
0.44096956,0.26756784,0.024143795,0.004118359,0.0062884386,0.020898236,0.027039435,0.01073849,0.012283841,0.047667116,0.48508486,1.0
0.25140682,0.06783362,0.00874358,0.0015313358,0.0061930805,0.021853153,0.024144873,0.009129001,0.01329101,0.10200973,0.77709717,1.0
0.07033189,0.014275186,0.0012848785,0.0013712506,0.011126803,0.03861968,0.01723004,0.010398354,0.024712607,0.27730456,1.0,0.53897303
0.028143784,0.0054256343,0.0019426247,0.0044370936,0.027032228,0.059603997,0.015462196,0.009414898,0.045183565,0.48031697,1.0,0.23787759
0.032271404,0.013579067,0.0058982447,0.014374842,0.048667274,0.14274022,0.07072743,0.026964085,0.06127001,0.45099428,1.0,0.3171309
0.14613302,0.029666122,0.022568805,0.043314718,0.21559899,0.3085421,0.20149444,0.09722934,0.052750025,0.1902562,1.0,0.99716336
0.16625391,0.009108959,0.016224544,0.053360958,0.19419748,0.123956926,0.083164014,0.040484924,0.022079399,0.032226067,0.5252611,1.0
0.19652162,0.0057167355,0.009106542,0.042762455,0.11675854,0.059234396,0.060954463,0.012529412,0.01079528,0.029164407,0.5019092,1.0
0.24624904,0.014637586,0.00702301,0.028868083,0.08379932,0.06329912,0.04882046,0.013330558,0.018601732,0.08108687,0.5909699,1.0
0.22916858,0.042368874,0.019178772,0.035476316,0.138606,0.1552307,0.0846783,0.11361201,0.26549453,0.5766659,1.0,0.7639525
0.04090662,0.045757413,0.0679393,0.20048453,0.6245826,0.8378666,0.51206607,0.7817565,1.0,0.6404012,0.42444667,0.18190973
0.012638614,0.04571165,0.18519233,0.5497476,1.0,0.62179345,0.16000022,0.05906871,0.018776618,0.014016979,0.032568444,0.022702713
0.036289748,0.38175917,0.9343722,0.8441347,1.0,0.62763584,0.38980147,0.09458277,0.017261676,0.02391101,0.032701246,0.024894701
0.054907717,0.42886463,1.0,0.60366577,0.3496138,0.14938967,0.1028765,0.04573254,0.014966413,0.02694884,0.060124855,0.06312708
0.09255995,0.059686024,0.18104841,0.6480246,1.0,0.41363725,0.10729652,0.034659095,0.02958551,0.019260973,0.0774691,0.15289074
