0.047575608,0.17477684,0.16546364,0.066066466,0.20247564,0.50333154,1.0,0.5552322,0.057912976,0.013626423,0.025964215,0.036534674
0.028277894,0.09914544,0.1577928,0.048196904,0.18760271,0.33374783,1.0,0.89233434,0.090174176,0.01613032,0.016616309,0.030926354
0.029199822,0.030702459,0.14557625,0.06750049,0.19239956,0.27038217,0.42262256,1.0,0.18366277,0.019877505,0.01570934,0.031616244
0.026147835,0.021390235,0.16430442,0.11168728,0.14296609,0.304014,0.3884739,1.0,0.32356465,0.035718452,0.013576874,0.041675206
0.1831879,0.050333466,0.23748657,0.70405,0.39715433,0.31413686,0.36796865,1.0,0.9702524,0.28531575,0.04256053,0.08926701
0.17152034,0.049486335,0.1638031,0.6982494,0.42005107,0.11001591,0.11459095,0.3829832,1.0,0.39380985,0.046807494,0.051810138
0.07748008,0.084791645,0.3246058,0.3593105,0.23845005,0.18552595,0.417586,1.0,0.7086651,0.19543292,0.042464748,0.06773152
0.02284691,0.122965425,0.12354744,0.050451953,0.12738165,0.21008256,1.0,0.7523177,0.07021042,0.014617105,0.017007375,0.017472737
0.032680288,0.088515855,0.016795345,0.04249319,0.06450189,0.32912362,1.0,0.2755002,0.015207258,0.005442003,0.005187687,0.0021553969
0.036330443,0.073793456,0.007927278,0.040535968,0.05632385,0.52364314,1.0,0.12333228,0.0056096413,0.003752799,0.004402386,0.002044736
0.015112789,0.060747873,0.027084833,0.04399825,0.11780586,0.40602848,1.0,0.40334955,0.096613884,0.0137648685,0.0065210164,0.004828313
0.020159122,0.028117731,0.04251625,0.06417051,0.11572442,0.15634695,0.31854835,0.76122105,1.0,0.2945743,0.03232148,0.012086313
0.019375687,0.006850805,0.0051427037,0.051197644,0.03159175,0.012519665,0.025095891,0.17147046,1.0,0.5337404,0.04085195,0.0043633757
0.015067386,0.0048825736,0.00822607,0.04988425,0.027755724,0.012806768,0.044393577,0.29169452,1.0,0.4268194,0.030424027,0.0058647604
0.014904696,0.012825855,0.019350953,0.042475305,0.055177975,0.15639533,0.5157726,1.0,0.84039617,0.15111066,0.016207835,0.015566252
0.031009383,0.02605731,0.008290556,0.0455523,0.14979702,0.8252374,1.0,0.32352042,0.12185995,0.013135057,0.00795275,0.011257147
0.04752683,0.009344247,0.0066640666,0.058486134,0.44002432,1.0,0.34580237,0.026589131,0.0054046656,0.0031025673,0.0029904866,0.030690178
0.05787585,0.015689136,0.017899456,0.0946138,0.7237477,1.0,0.27671766,0.0830195,0.016529236,0.0055077802,0.0063519115,0.047103062
0.03329048,0.037204243,0.0483898,0.075791806,0.1916905,0.62744236,1.0,0.8844533,0.41736257,0.11380013,0.034282416,0.024550578
0.021252256,0.035401773,0.035173077,0.05770706,0.058447927,0.10107061,0.30408788,0.648605,1.0,0.9675436,0.33460456,0.05496345
0.012385934,0.044685412,0.01652767,0.009342033,0.033829544,0.02880916,0.013904475,0.033432763,0.2664509,1.0,0.56810147,0.06738221
0.023164714,0.041689552,0.02137809,0.025439043,0.029205801,0.024925325,0.089521445,0.34672913,0.82757545,1.0,0.39460322,0.05147219
0.014930221,0.016271645,0.030755322,0.027138349,0.04470092,0.2869096,0.81487316,1.0,0.63141,0.22049025,0.04595064,0.016446665
0.032383166,0.014987031,0.009584719,0.021967087,0.202988,1.0,0.8529685,0.21642959,0.03550128,0.006385849,0.0027291796,0.008792263
0.036109272,0.0066773854,0.0063778795,0.03406347,0.44217733,1.0,0.20105611,0.011821196,0.0025893787,0.0015680424,0.0011058403,0.016902033
0.02060411,0.01516671,0.004794237,0.016541388,0.2911361,1.0,0.497539,0.065162696,0.006384552,0.004594773,0.0036396326,0.007973109
0.013273815,0.036163263,0.016642539,0.010341836,0.080003574,0.6494418,1.0,0.39162746,0.10020542,0.030565817,0.014832205,0.0069294325
0.05794484,0.09035307,0.06500136,0.103895105,0.1259708,0.41073227,0.8951028,0.9722901,1.0,0.9857403,0.3668485,0.07089813
0.018323869,0.05810758,0.015890528,0.019811943,0.036135696,0.037171815,0.010860344,0.028057562,0.24738178,1.0,0.5466792,0.06095605
0.041926026,0.062353034,0.015374401,0.014807132,0.0133709535,0.011920873,0.03799764,0.19342725,0.7166065,1.0,0.3633838,0.04589785
0.04055981,0.053985212,0.0475864,0.02569857,0.02284394,0.16590114,0.69252294,1.0,0.65506136,0.27079484,0.062490437,0.03335602
0.040518,0.061358593,0.019701835,0.011422412,0.113289624,0.73859715,1.0,0.32516995,0.038577188,0.006793034,0.0046610637,0.006486848
0.054151583,0.02977493,0.0037289131,0.011345324,0.18267302,1.0,0.6164401,0.051546343,0.007012547,0.002587888,0.0019648452,0.0049928077
0.049441222,0.05355433,0.025759341,0.016291153,0.1790704,0.9639296,1.0,0.39221314,0.13839729,0.031880803,0.013629941,0.01083515
0.034746222,0.042919744,0.035863105,0.025213877,0.031317133,0.13269937,0.24358079,0.47922936,1.0,0.79421425,0.23953833,0.036184054
0.011577016,0.02523999,0.004653241,0.0026046159,0.0038078206,0.0045295786,0.0031350425,0.03135915,0.32167396,1.0,0.48390257,0.050556388
0.008322278,0.019397806,0.0036833608,0.002742457,0.0032840201,0.004280529,0.010538829,0.0837858,0.49702808,1.0,0.42397323,0.045898117
0.011252737,0.012871061,0.018190563,0.013665163,0.004392909,0.017220102,0.1515727,0.64848363,1.0,0.57680917,0.15467781,0.024130922
0.004277983,0.036229122,0.056806255,0.011410282,0.011152305,0.1127876,0.7040551,1.0,0.23775883,0.038063973,0.020636076,0.009497082
0.006769643,0.07356775,0.058454923,0.00782521,0.021359771,0.21084721,1.0,0.980287,0.22560936,0.088002324,0.032083258,0.012491513
0.10612648,0.042408325,0.03487284,0.014816914,0.017094852,0.072514474,0.25803068,0.5761314,0.8210609,1.0,0.84943277,0.397043
0.28954402,0.04151671,0.0056098253,0.00747578,0.0059908144,0.008243011,0.012322879,0.01735095,0.075529896,0.3430025,1.0,0.929178
0.32453343,0.07793408,0.018904159,0.016672235,0.009616334,0.015927274,0.015209468,0.008840783,0.009336465,0.13627854,0.80097026,1.0
0.21398155,0.1035201,0.060574807,0.025027758,0.01873266,0.05017725,0.048756763,0.018415084,0.043647002,0.23112635,0.8366247,1.0
0.1527652,0.061984215,0.04564668,0.04193522,0.052186515,0.073716685,0.09580948,0.11375073,0.1698903,0.4467836,1.0,0.6366483
0.28020513,0.03647738,0.12790331,0.061293565,0.026753629,0.030567212,0.032871086,0.05369444,0.048918735,0.16544583,0.87052447,1.0
0.35184878,0.043693658,0.0948771,0.08165252,0.010861205,0.01165491,0.022664746,0.030321993,0.015765637,0.058603674,0.53891367,1.0
0.39333948,0.043275636,0.09116091,0.11734526,0.020780953,0.022273295,0.038143538,0.043443874,0.02503927,0.041659456,0.39583257,1.0
0.349314,0.046718296,0.14395083,0.16646512,0.04112401,0.05773552,0.087654226,0.06906615,0.044852674,0.08346192,0.39994535,1.0
0.5699707,0.110411964,0.15754002,0.17699167,0.060364347,0.091199026,0.17772391,0.1504501,0.07960191,0.1856057,0.3024436,1.0
1.0,0.21126653,0.2120263,0.09682978,0.056622494,0.066469915,0.20051245,0.32149017,0.08212003,0.11253441,0.13104613,0.8310457
1.0,0.2234104,0.17149939,0.038832918,0.030538185,0.053882014,0.16399902,0.2615059,0.087410495,0.04292041,0.04997555,0.5406675
1.0,0.19096607,0.122286715,0.024465801,0.02001125,0.030151512,0.11198899,0.17275348,0.047741394,0.025137626,0.050427727,0.58395666
0.98373735,0.121554196,0.050268296,0.015390478,0.014221268,0.022892103,0.14740215,0.17295587,0.030341253,0.027105765,0.13807295,1.0
0.47735208,0.04920855,0.00517167,0.003996593,0.0052360506,0.018983789,0.092341945,0.05361609,0.013867383,0.03383873,0.35381287,1.0
0.16079246,0.013978263,0.0056672473,0.0048833303,0.01843313,0.052949402,0.055399623,0.020210411,0.03390316,0.23505399,1.0,0.879658
0.022973763,0.010734281,0.008637828,0.009483267,0.0633315,0.09440508,0.025705993,0.02193817,0.06897456,0.49616915,1.0,0.30314556
0.6246636,0.18859527,0.042478077,0.027386393,0.072465606,0.08498672,0.15955925,0.16688408,0.11078446,0.38961762,0.90260774,1.0
1.0,0.8024013,0.1379092,0.013786814,0.010130503,0.0131520545,0.059658132,0.12827046,0.0913339,0.052434422,0.07349413,0.2880681
0.46381864,1.0,0.2760586,0.016078515,0.0060560247,0.0064581875,0.010983856,0.045561165,0.07635243,0.027193822,0.02030282,0.03847136
0.26065546,1.0,0.4266674,0.03774276,0.011092428,0.012090238,0.022886908,0.07112708,0.06875013,0.046156883,0.029817428,0.020674368
0.6421101,1.0,0.31319553,0.07915511,0.031318534,0.057120606,0.1355863,0.26085487,0.21894011,0.16322337,0.08530875,0.11060438
0.7289402,0.6694291,0.26642808,0.17796418,0.07992955,0.18195231,1.0,0.96393186,0.3119426,0.1967995,0.12474748,0.2980058
0.05809173,0.033106443,0.081659965,0.14786282,0.029258924,0.17903452,1.0,0.46016097,0.065335624,0.04637583,0.045896478,0.12526374
0.02860895,0.036255635,0.2630751,0.36429268,0.09107945,0.3300727,1.0,0.22216305,0.080968246,0.06707491,0.106061615,0.21413468
0.05015646,0.0916351,1.0,0.6390459,0.11919843,0.23258342,0.31907544,0.041800424,0.12968324,0.10369417,0.40130395,0.41375136
0.05997725,0.09088222,1.0,0.782661,0.257463,0.26814103,0.24597938,0.048436943,0.10825735,0.06340377,0.32482773,0.28616938
0.10096158,0.058527112,0.30937985,1.0,0.55438274,0.25726238,0.36252058,0.15958111,0.059256162,0.08368164,0.06670343,0.16752078
0.14177483,0.038959336,0.08658225,1.0,0.85351133,0.12070069,0.3186601,0.33053625,0.04599847,0.056860708,0.030464841,0.13677707
0.38178387,0.06403704,0.059452813,0.7111431,1.0,0.15640727,0.48349074,0.6683386,0.1069956,0.09474062,0.09094434,0.43009692
0.46322262,0.049871013,0.036219124,0.16737428,0.24150549,0.2575206,0.61635184,0.4058916,0.11057286,0.16083935,0.29466444,1.0
0.25882584,0.029998505,0.022094514,0.042253803,0.10072347,0.22012219,0.43981433,0.14057769,0.066695526,0.16093065,0.55370134,1.0
0.21201938,0.013710244,0.022972872,0.063035525,0.143203,0.17008948,0.3182721,0.09075032,0.046748824,0.14395362,0.6299306,1.0
0.44121635,0.059750218,0.026705429,0.08902649,0.14802462,0.112759836,0.19076526,0.103496894,0.04842052,0.16755646,0.3728478,1.0
1.0,0.20139745,0.030335939,0.04894076,0.060996618,0.031933542,0.08607923,0.16479033,0.051142443,0.06044367,0.09010433,0.6697367
1.0,0.5005647,0.05878292,0.02101526,0.016000887,0.008623631,0.023883427,0.09171426,0.051151212,0.019471161,0.028951019,0.24978223
1.0,0.7620212,0.10285963,0.032649178,0.013728132,0.008935481,0.025203535,0.05816875,0.0429818,0.015760385,0.02767437,0.13554004
1.0,0.48535222,0.08919258,0.043677,0.03928089,0.039999798,0.056783948,0.053693566,0.03796645,0.018483954,0.053460147,0.37152404
0.67441577,0.122186534,0.046244144,0.04551531,0.06922717,0.12965202,0.22201498,0.105428144,0.050866235,0.04296434,0.24626328,1.0
0.25857097,0.067667395,0.051654562,0.031741716,0.059164923,0.15115076,0.25477007,0.07791914,0.026564075,0.046074755,0.4572676,1.0
0.5838452,0.13263567,0.10478485,0.055472013,0.036685377,0.07294078,0.3073451,0.2315802,0.046083316,0.046143856,0.2789561,1.0
1.0,0.79200155,0.27567902,0.10943745,0.06941721,0.13853028,0.4532362,0.30763736,0.0898869,0.051113337,0.06417705,0.29549074
0.88728595,1.0,0.21493118,0.032387134,0.03004483,0.08450031,0.13156879,0.0442919,0.029226048,0.030208485,0.07437174,0.20427689
1.0,0.6542579,0.14501251,0.020590097,0.019686958,0.04865689,0.083330795,0.065524794,0.14932638,0.33175486,0.614437,0.8765024
0.16784531,0.08171344,0.07548224,0.07630995,0.10827208,0.22402424,0.34969518,0.42016616,0.63411355,1.0,0.9584796,0.420065
0.20313405,0.34159002,0.5532994,0.7358834,0.82563496,1.0,0.8723676,0.44869736,0.318868,0.48232597,0.51244724,0.26441774
0.46069574,0.43465787,0.40523714,0.48206964,0.3302507,0.29496035,0.38395667,0.34329492,0.6049849,1.0,0.96977466,0.6375967
0.35346675,0.3054429,0.2661783,0.44598883,0.31409594,0.22501707,0.25736976,0.31398025,0.49566838,1.0,0.9481873,0.49126786
0.6585812,1.0,0.7249761,0.43571004,0.37201416,0.54156464,0.57337916,0.6459646,0.5018791,0.42035243,0.38952118,0.44870758
0.51679736,0.7081454,0.71645886,0.3304816,0.40440187,0.61338776,0.78824985,0.88903713,1.0,0.54763496,0.37097907,0.39485496
0.40159953,0.40247437,0.52956915,0.48914433,0.5008793,0.514387,0.5507988,0.68609565,1.0,0.6060615,0.4291289,0.3840019
0.45451313,0.4779657,1.0,0.6613042,0.3513986,0.25567627,0.31280112,0.2912095,0.627729,0.9273338,0.6157746,0.5478038
0.37305495,0.34126258,1.0,0.6547709,0.25368914,0.0959595,0.09162793,0.05869104,0.20802999,0.6780451,0.6721171,0.6903348
0.58486617,0.41878483,0.60496646,0.45869982,0.33316454,0.11690339,0.10442826,0.14209165,0.21632442,0.2953441,0.72662055,1.0
0.5510627,0.62504804,0.95100206,0.71506727,0.35727942,0.10690443,0.15989265,0.33306178,0.73259676,1.0,0.86887926,0.6623184
0.19345623,0.14475732,0.08912818,0.24927989,0.35054675,0.051053055,0.04452102,0.0811156,0.5684232,1.0,0.30446827,0.18382661
0.5252839,0.3372323,0.42786622,0.5743125,0.30497733,0.08714001,0.16599752,0.34122038,0.98445994,1.0,0.31202114,0.34934637
0.9591455,0.7594775,1.0,0.660933,0.53867143,0.7152139,0.5244037,0.44606072,0.44158635,0.24980265,0.23504548,0.5075281
0.46256182,0.16550425,0.17683816,0.22336435,1.0,0.6409444,0.0982804,0.029978288,0.040887106,0.030001001,0.06277852,0.54337186
0.5826334,0.16577531,0.11389631,0.26869243,1.0,0.39649692,0.057036575,0.03500923,0.049967524,0.03742702,0.10862179,0.766534
1.0,0.81924903,0.27501234,0.12438084,0.32028666,0.31103513,0.15539066,0.1448179,0.09345088,0.061443985,0.048721377,0.32245943
0.6806511,1.0,0.67004067,0.2823646,0.07082657,0.09739721,0.13520905,0.394781,0.5805028,0.16926205,0.04509353,0.096644156
0.046784293,0.062054504,0.16211766,0.2068977,0.040116984,0.00944103,0.043112643,0.48687813,1.0,0.2771212,0.051637743,0.028331501
0.09475288,0.031132339,0.048590228,0.08046854,0.07572985,0.051456127,0.2824272,1.0,0.99666804,0.25182143,0.084697045,0.09656151
0.17528477,0.15470682,0.15690912,0.18436024,0.2661663,0.3030995,0.6947609,1.0,0.6930504,0.20835285,0.1947782,0.28626063
0.977296,0.59493285,0.5882252,0.5157965,0.69421184,0.66097593,0.48857757,0.4126592,0.557265,0.3360271,0.39081913,1.0
0.40002984,0.33674237,0.5368936,0.7536281,0.75841033,0.5230864,0.38793144,0.29155886,0.35560063,0.47564343,0.81265634,1.0
0.3406233,0.17317565,0.43212977,1.0,0.7428214,0.34774667,0.19033377,0.23547387,0.3931901,0.5607801,0.702444,0.7213382
0.3562698,0.1750684,0.3780039,1.0,0.6954558,0.26367772,0.05239131,0.13022849,0.25072733,0.25150326,0.13789248,0.31203955
0.33452317,0.2137364,0.3541289,1.0,0.7778069,0.46091446,0.10037979,0.07624011,0.16428997,0.22564684,0.1830156,0.37822488
0.8836204,0.5337506,0.27847973,0.43970987,0.8120862,1.0,0.23496687,0.12963721,0.25412595,0.32017523,0.31822202,0.43630958
1.0,0.5974557,0.15209486,0.17200159,0.38522512,0.57167834,0.31049407,0.23850699,0.49808094,0.29468444,0.24075536,0.40257457
1.0,0.6950877,0.34933987,0.41170007,0.32808447,0.39222357,0.72511417,0.68498236,0.944176,0.44236082,0.36128867,0.5734565
0.9374659,0.5212355,0.49377027,0.3516835,0.17699596,0.31616795,1.0,0.8468205,0.75311273,0.36158898,0.47365296,0.6470486
1.0,0.42411244,0.4366497,0.27586305,0.14389811,0.25295088,0.618465,0.44997245,0.38698334,0.19343475,0.4244972,0.89546895
0.5916114,0.20920803,0.25109482,0.2934605,0.32921028,0.38434657,0.46567512,0.51267844,0.69533265,0.26598442,0.49842182,1.0
0.23538668,0.25178465,0.32082316,0.38014823,0.44751608,0.65331596,0.55592465,0.65778697,1.0,0.4827593,0.48073176,0.48225808
0.72232234,0.6917058,0.60488623,0.6922147,0.62441874,0.86023253,0.8053246,0.9525696,1.0,0.5796266,0.6329392,0.7677374
0.7221915,1.0,0.74930483,0.45576262,0.59214485,0.8220495,0.69299686,0.67771775,0.95403445,0.5771718,0.6363279,0.7613604
0.4000844,0.6122591,0.40713215,0.35392654,0.62251467,1.0,0.8402146,0.37480006,0.7632128,0.7435802,0.49868768,0.5254705
0.58480644,0.5390313,0.46639732,0.43156266,0.5306314,0.89161664,1.0,0.50887734,0.6013066,0.57692254,0.22598001,0.32629728
0.30635795,0.3242851,0.40160638,0.5599536,0.9898636,1.0,0.5921897,0.4941622,0.5489915,0.4213546,0.20899437,0.25088212
0.12651213,0.08461462,0.10253339,0.27918297,0.8456429,1.0,0.35317332,0.20823526,0.13366853,0.14325736,0.08586208,0.10599978
0.060644176,0.053338446,0.058678973,0.163199,0.6650155,1.0,0.4413014,0.18408698,0.08843715,0.05832317,0.04644539,0.042720284
0.09123963,0.09012658,0.10645204,0.15957868,0.57647526,1.0,0.46688944,0.17283557,0.10189566,0.07161397,0.064868554,0.06831861
0.083301805,0.07966479,0.10518659,0.15541993,0.43667632,1.0,0.9057644,0.36511603,0.10236249,0.09654139,0.112479776,0.09500142
0.068339355,0.062099777,0.07825803,0.121257365,0.2103542,0.43650037,0.7461916,1.0,0.5698365,0.19461264,0.10406147,0.10849329
0.09327357,0.108799174,0.42097324,0.2789619,0.13247477,0.13386714,0.2491544,1.0,0.83949286,0.25848112,0.15533996,0.23844625
0.07156086,0.23818196,1.0,0.27600694,0.09582163,0.121827506,0.36064804,0.5664486,0.29929274,0.12684219,0.1559656,0.24933241
0.058752246,0.42049447,1.0,0.14726962,0.065500185,0.058698405,0.19756287,0.24406408,0.12882866,0.07539871,0.18296565,0.20778176
0.30281833,1.0,0.7439271,0.11431996,0.08790228,0.12940031,0.24417596,0.13585979,0.084251024,0.36383212,0.9127955,0.3437
0.6848036,1.0,0.28817663,0.09837368,0.18938926,0.7227527,0.49840885,0.11400985,0.11877258,0.90736103,0.994407,0.22800875
0.26461825,0.17911075,0.1126594,0.11204895,0.30788836,1.0,0.39626285,0.08839041,0.1797354,0.23480688,0.17930256,0.08750362
0.18806075,0.1532552,0.12134452,0.33696514,0.7411484,1.0,0.2756063,0.08138495,0.25182647,0.25852472,0.24553202,0.12405862
0.23084758,0.5929293,0.62448925,0.67436516,1.0,0.6887753,0.22196037,0.14306164,0.407953,0.9513476,0.9350208,0.26239076
0.23259313,0.67030716,0.96472305,0.8961258,0.65735704,1.0,0.3755714,0.13091406,0.41273063,0.9322772,0.92550373,0.42239255
0.29061568,0.39786145,0.4544265,0.4777988,0.6426329,1.0,0.40468526,0.12118769,0.12279636,0.24254638,0.1886354,0.23139231
0.21012075,0.40869227,0.8816941,1.0,0.37894607,0.22567068,0.11299585,0.046213523,0.036235992,0.093910135,0.101699315,0.0778267
0.028310664,0.061188072,0.34449503,1.0,0.63667864,0.08852741,0.013341086,0.008221075,0.009617005,0.050602995,0.064428985,0.017535264
0.006124155,0.006047631,0.039302807,0.58709157,1.0,0.33295766,0.011285753,0.001475855,0.0019915868,0.006035823,0.012379098,0.0122333225
0.003525562,0.002232961,0.0067372797,0.16110912,1.0,0.7099565,0.03548219,0.0010672405,0.0012443146,0.000924788,0.0025613105,0.007733237
0.0014444488,0.0029205743,0.005999231,0.04738455,0.8528709,1.0,0.06523038,0.0024630923,0.0011007284,0.0010892474,0.0011501369,0.0018794006
0.01760321,0.02101978,0.035491366,0.10806456,1.0,0.9115939,0.08022646,0.009023245,0.0037068522,0.007032086,0.010698535,0.015420346
0.7031941,0.43827313,0.2611827,0.49638954,1.0,0.89905816,0.1230347,0.02074619,0.034290705,0.057516865,0.15071364,0.54813385
1.0,0.57701665,0.34066817,0.8110646,0.71765864,0.47347936,0.1880357,0.09312191,0.08501101,0.111658104,0.24496864,0.84150374
1.0,0.70525366,0.46600127,0.53560907,0.3442787,0.3876768,0.2203777,0.25678268,0.20231819,0.19421692,0.43654034,0.68314433
0.94545037,0.9620182,0.6967676,0.6779069,0.37439278,0.40549213,0.4083324,0.42743298,0.32785875,0.48962238,1.0,0.996563
0.3206567,0.5948054,0.41991574,0.28468126,0.31841493,0.42019033,0.30790696,0.6449833,1.0,0.6338911,0.44337308,0.28970808
0.3194923,1.0,0.31544802,0.14857413,0.15031974,0.20203206,0.08002472,0.1665316,0.2483735,0.15101218,0.10109434,0.08607966
0.45196208,1.0,0.2603524,0.113296054,0.12441227,0.14299153,0.056305666,0.06500668,0.08727387,0.078308254,0.12014083,0.15159385
0.5347148,0.6644801,0.45616037,0.57157016,0.24081938,0.17454393,0.14211778,0.08783592,0.07072775,0.37606823,1.0,0.8397395
0.5612852,0.11443027,0.082363956,0.15149523,0.21774866,0.18355498,0.09815064,0.037370298,0.022702908,0.06758518,0.4287945,1.0
0.9808876,0.24154072,0.055126116,0.049631927,0.2228671,0.39821494,0.28087267,0.09498214,0.051300053,0.045756444,0.2105941,1.0
0.9166498,0.47147453,0.10498083,0.080797404,0.27932167,0.8029286,1.0,0.5233963,0.34987012,0.21548389,0.1954623,0.641354
0.8221952,0.4544276,0.18656357,0.16601387,0.49805984,1.0,0.8624832,0.36792308,0.46505088,0.41073588,0.27707052,0.5967243
0.92445296,0.6063638,0.42438433,0.3962404,0.664619,1.0,0.78277695,0.36956933,0.44379693,0.49741104,0.19193938,0.57111746
0.44832948,0.25854066,0.11709526,0.14672998,0.44195315,1.0,0.93744594,0.39811206,0.2317031,0.3174489,0.086629935,0.23710898
0.14363945,0.073153354,0.027357385,0.012413077,0.049768176,0.38247344,1.0,0.40858492,0.07738529,0.110139355,0.0327322,0.065737925
0.12215821,0.04132497,0.030793684,0.008634381,0.019212049,0.16045226,1.0,0.9517355,0.12330698,0.054159686,0.0338127,0.08193622
0.09440838,0.046036407,0.031497974,0.013653433,0.024512911,0.06447023,0.504946,1.0,0.15244374,0.02516332,0.056048278,0.18501124
0.184159,0.11450534,0.046255134,0.03386014,0.07142131,0.20673908,0.6324079,1.0,0.22012296,0.08006741,0.2300228,0.6267657
0.32546306,0.17208603,0.12493384,0.22025803,0.55875105,1.0,0.9691214,0.5283907,0.43346983,0.43912405,0.33930808,0.69838816
0.14140399,0.088782266,0.2366293,0.7854573,0.59359044,0.48493397,0.4550517,0.46389154,0.86134404,1.0,0.49342275,0.25477338
0.09184093,0.07917472,0.43000242,1.0,0.27846444,0.18011516,0.45238057,0.54631686,0.74237317,0.8237678,0.3985813,0.109332226
0.1263631,0.14196724,0.37496567,0.78874534,0.29758707,0.19060743,0.5219935,1.0,0.9149224,0.8376525,0.436359,0.23125176
0.320848,0.21051201,0.20134354,0.26522055,0.4534813,0.30435467,0.20993267,0.75416774,1.0,0.89431417,0.53082424,0.5435291
0.39491603,0.23115985,0.08317183,0.0663143,0.18666844,0.37616503,0.24461696,0.37897307,0.57917917,1.0,0.40898094,0.23314846
0.3209978,0.89607155,0.33991063,0.06329715,0.1073598,0.4034288,0.79007304,0.8176977,0.7557468,1.0,0.8413227,0.18119542
0.2437353,0.88542795,0.34171572,0.058959324,0.11685514,0.4127642,1.0,0.7737914,0.5102279,0.4367325,0.6766908,0.17286831
0.5759057,0.409397,0.08941931,0.06916953,0.23476595,0.6828363,0.8813384,1.0,0.44614038,0.4024324,0.29645398,0.16641554
0.43863934,0.1784091,0.056436893,0.2995057,0.70194024,0.5750271,1.0,0.961849,0.43742254,0.22020975,0.15585324,0.29202875
0.057618637,0.11808405,0.113081865,1.0,0.55775994,0.28981727,0.29172048,0.30955803,0.11340793,0.10124383,0.6777611,0.2530678
0.02321662,0.0436027,0.0721559,0.5390103,0.1584506,0.124261536,0.082924,0.18666181,0.031618696,0.12792897,1.0,0.22563823
0.008809017,0.0138240475,0.028414797,0.16767517,0.03878465,0.039958674,0.038425367,0.101080745,0.014397813,0.15521936,1.0,0.1798843
0.0058254967,0.008760401,0.018279294,0.058973603,0.012420967,0.012385726,0.043252017,0.077738635,0.011643895,0.19302882,1.0,0.14130588
0.014392178,0.01948713,0.03441105,0.0407497,0.023527969,0.10637243,0.24243516,0.096163236,0.031655334,0.3579767,1.0,0.123981915
0.037956513,0.13767679,0.1279601,0.08439785,0.12931189,1.0,0.8523266,0.07849476,0.13334289,0.38782325,0.38159433,0.09075501
0.038499214,0.18811232,0.09986856,0.13241848,0.17589772,1.0,0.30883914,0.027926851,0.12457859,0.07768318,0.048665855,0.057339028
0.038479455,0.15288344,0.09066159,0.15862472,0.18057133,1.0,0.30189696,0.03808812,0.11238638,0.051949248,0.050618343,0.114583515
0.034312207,0.095312774,0.114545576,0.071222514,0.07607471,1.0,0.8226894,0.041042253,0.149652,0.19669251,0.045015022,0.1420657
0.022211488,0.040660635,0.07512055,0.03232964,0.031001614,0.51825386,1.0,0.11895325,0.3120784,0.54726946,0.06737295,0.054634854
0.022326348,0.039574817,0.06776548,0.039473705,0.033635944,0.1780508,1.0,0.22918752,0.26776016,0.5523138,0.088957585,0.023442408
0.20709588,0.18942633,0.13255383,0.07319481,0.10835142,0.2605332,1.0,0.26058564,0.0763897,0.2206149,0.10352919,0.11480715
0.6751491,0.19137393,0.09052526,0.10950214,0.122405134,0.20796329,0.22540863,0.09798403,0.12004074,0.17896253,0.417452,1.0
0.35066137,0.06194118,0.033328116,0.04170002,0.033765804,0.15261434,0.347531,0.15523987,0.17806602,0.23324138,0.45376006,1.0
0.76002425,0.52439845,0.48632875,0.678375,0.611787,0.4243997,0.57098216,0.6230718,0.524645,0.51186025,0.52448964,1.0
0.072861195,0.096942656,0.13831928,0.39190567,1.0,0.7994608,0.1623863,0.079548955,0.116872914,0.11705621,0.055736683,0.06682833
0.024295837,0.011602415,0.006894698,0.04283155,0.35864654,1.0,0.8505285,0.15903799,0.0387187,0.053329095,0.025188683,0.024982018
0.020202253,0.010048562,0.00493754,0.005184091,0.023318702,0.25032085,1.0,0.3894499,0.026395211,0.028674055,0.019398447,0.009247509
0.01162277,0.00711722,0.0025848963,0.0028790515,0.022501014,0.24274695,1.0,0.42702335,0.02352416,0.012398983,0.01695981,0.004632634
0.0061871316,0.007063132,0.014865725,0.05587395,0.2846163,0.9683338,1.0,0.21237278,0.019073283,0.01295347,0.015976122,0.0049581192
0.0073922174,0.0143009545,0.13736853,0.43470237,0.7918243,1.0,0.41358763,0.1359784,0.09275356,0.04295657,0.030777324,0.008849884
0.011932233,0.01255837,0.113781795,0.18301788,0.14389068,0.14843655,0.7184792,1.0,0.50567484,0.24176662,0.09624556,0.013872562
0.016854838,0.0219013,0.16504191,0.22232555,0.090416595,0.11498652,1.0,0.92989117,0.2885382,0.33584157,0.2227292,0.02334355
0.013999431,0.023970006,0.14819524,0.23478183,0.081275135,0.17426115,1.0,0.86507255,0.1375535,0.31565246,0.44573137,0.053614028
0.004085872,0.0068214308,0.038203873,0.1670713,0.057029665,0.17036088,0.43147552,1.0,0.10793751,0.08321298,0.33843064,0.06368673
0.0033690324,0.005591014,0.031077772,0.15363911,0.06536803,0.22711381,0.35090894,1.0,0.0947974,0.072336085,0.34831414,0.058953702
0.008198825,0.020496173,0.09953076,0.1833585,0.16199523,0.48712727,1.0,0.9952499,0.1779791,0.58155066,0.55642766,0.052443303
0.009957963,0.037724353,0.062975,0.06750265,0.15268582,0.94997996,0.8484463,0.17024614,0.71360505,1.0,0.12954898,0.016036185
0.005438741,0.018950487,0.017000224,0.03563641,0.09155809,0.5845235,0.18364063,0.052994322,1.0,0.632275,0.019788772,0.0074783415
0.004308136,0.013135153,0.015664557,0.028145192,0.05931876,0.2921155,0.07527598,0.047254622,1.0,0.64898837,0.027010335,0.006871549
0.00481526,0.011722518,0.023717716,0.033722986,0.057746924,0.2057465,0.15267915,0.034025464,0.7365158,1.0,0.07274622,0.0079120165
0.006218806,0.0100797415,0.05630973,0.08383897,0.09393444,0.16431667,0.37626058,0.1406987,0.3449862,1.0,0.21586153,0.012485013
0.010851481,0.025896195,0.08911619,0.07933109,0.08808674,0.2779947,1.0,0.42282572,0.12808737,0.4220434,0.19172032,0.015281168
0.054024093,0.10598824,0.08161077,0.02907157,0.07529612,0.3776726,1.0,0.3593277,0.119222686,0.22424057,0.047446717,0.020373106
0.8364152,0.72055733,0.24865605,0.1647722,0.29594508,0.5439402,1.0,0.6994953,0.44316423,0.36587623,0.25873148,0.27233878
0.7996278,0.4236582,0.11805686,0.1437284,0.27955097,0.28899512,0.2728247,0.31683955,0.37038133,0.75748795,1.0,0.39548707
0.07341576,0.11660561,0.08039624,0.063151255,0.07191584,0.083331026,0.10338163,0.08738927,0.1997583,0.46656334,1.0,0.12364671
0.023680435,0.018463891,0.023422617,0.04544843,0.12227404,0.18635859,0.17097357,0.10455636,0.17188862,0.31498873,1.0,0.19260728
0.1105546,0.03063579,0.024273705,0.05604931,0.22501042,0.742697,0.6843723,0.37720153,0.33170006,0.31668434,1.0,0.51272416
0.5501349,0.12884325,0.076053925,0.15040326,0.29385924,0.6579279,0.5140149,0.45114544,1.0,0.83712065,0.37531292,0.7653753
0.83627325,0.22161303,0.08231392,0.22094975,0.22156423,0.1554481,0.12274132,0.09641846,0.5382231,0.9984835,0.2559522,1.0
0.8353256,0.15475158,0.06775896,0.15430723,0.09449967,0.045250855,0.06522906,0.08606548,0.32488886,0.4206998,0.1731324,1.0
0.97277874,0.09094627,0.045243237,0.080889456,0.050658796,0.05022118,0.073743,0.13804159,0.16669427,0.09023585,0.13437143,1.0
0.67771125,0.097302176,0.038836826,0.09473279,0.14555681,0.19095737,0.1411047,0.101445474,0.079531305,0.07516532,0.24998583,1.0
0.23803997,0.05663492,0.040086333,0.1356069,0.14785564,0.0895734,0.04725234,0.04242446,0.08403351,0.08322232,0.43862635,1.0
0.2343332,0.07097356,0.075258836,0.21606362,0.15049991,0.05218275,0.03374149,0.03315567,0.0804016,0.119450435,0.57566446,1.0
0.26904646,0.06141844,0.037148945,0.100168794,0.21301119,0.22351435,0.059169773,0.019835066,0.068258986,0.12612242,0.53193897,1.0
0.12771244,0.02435498,0.010205346,0.04055932,0.19209406,0.27695736,0.0438117,0.009889631,0.025885634,0.051606473,0.37633914,1.0
0.09171383,0.01287008,0.009128478,0.02691963,0.20175421,0.3318874,0.062350348,0.01887644,0.035782043,0.047652934,0.41509268,1.0
0.09242372,0.030708179,0.04293584,0.20773482,0.664388,0.5210907,0.1514927,0.24639705,0.2561706,0.2470734,0.97368026,1.0
0.044970106,0.06731296,0.16379307,0.3431772,0.35313922,0.13438894,0.20591263,0.88738024,1.0,0.6818033,0.63051796,0.16283427
0.06133093,0.12284515,0.08115844,0.048540708,0.06573551,0.08183066,0.12728721,0.78273785,1.0,0.36546612,0.13368694,0.045157403
0.25377586,0.282676,0.124813214,0.07804926,0.11933894,0.07822041,0.3478996,1.0,0.6601938,0.25646043,0.15268554,0.10285016
0.10330896,0.059772182,0.03707679,0.07661665,0.044526245,0.0637474,1.0,0.86165047,0.14661753,0.1917484,0.07867949,0.111018546
0.021815168,0.0055542043,0.016138555,0.059899084,0.02223035,0.07419989,1.0,0.7374816,0.12168606,0.10855105,0.035041753,0.08201868
0.051643565,0.01554761,0.03153325,0.14632964,0.085987434,0.15948513,1.0,0.8187599,0.35306773,0.2238259,0.07411582,0.11862477
0.07943358,0.019250251,0.02509627,0.17860979,0.13292424,0.1727542,1.0,0.89806736,0.31831405,0.29037976,0.105232455,0.110715054
0.08640297,0.018846586,0.032815587,0.22228652,0.09496744,0.13575006,1.0,0.60264915,0.20607749,0.24987906,0.07868959,0.1973278
0.10394083,0.017027143,0.053489637,0.29096216,0.06385773,0.14102224,1.0,0.3021463,0.15620652,0.25521618,0.10454216,0.42471424
0.12836759,0.016905826,0.05200516,0.3027671,0.066597715,0.12968841,1.0,0.28609097,0.12438245,0.22119854,0.11827938,0.47579944
0.14521207,0.015330829,0.043530706,0.31239545,0.09104311,0.12274216,1.0,0.36288708,0.12309652,0.2502141,0.14025493,0.41092598
0.16431376,0.019964116,0.04171441,0.35370222,0.12601422,0.11310168,1.0,0.47131985,0.10260971,0.28111532,0.20052001,0.35439226
0.18707569,0.030225456,0.05190847,0.46308294,0.16530377,0.10011395,1.0,0.49210703,0.07758862,0.2107197,0.26225224,0.40161538
0.23920739,0.03066673,0.0741642,0.5634078,0.1451872,0.104195595,1.0,0.36219698,0.041608427,0.11392135,0.1510384,0.68720245
0.18488048,0.024121337,0.092891976,0.50021666,0.087205455,0.120717235,1.0,0.23659399,0.032664478,0.09493117,0.15002523,0.80563945
0.12763815,0.020574763,0.12892513,0.41541988,0.061976366,0.18618438,0.915898,0.13293172,0.032961823,0.08445411,0.27236477,1.0
0.09485843,0.021837099,0.11764384,0.2635174,0.040630545,0.18175022,0.6269934,0.070766754,0.039398786,0.048464097,0.29833868,1.0
0.15457883,0.03956478,0.13024981,0.44691092,0.0977426,0.15142322,0.64039755,0.13441968,0.059976317,0.0743824,0.216662,1.0
0.2986836,0.071341336,0.16442567,1.0,0.4350644,0.23616761,0.6870206,0.33472762,0.082398064,0.17841862,0.20615686,0.7404913
0.29701465,0.078912,0.17929152,1.0,0.92337203,0.52516943,0.508442,0.3658812,0.08981911,0.24551463,0.3068007,0.26150823
0.24247895,0.06756018,0.13715461,0.6464307,1.0,0.5175623,0.41518128,0.31964356,0.08724458,0.15755332,0.17801273,0.12296093
0.33481163,0.08022076,0.16365092,1.0,0.7830048,0.3962766,0.73351514,0.4419127,0.079928085,0.18903045,0.22360972,0.47866696
0.28401327,0.06899019,0.18141338,0.8171134,0.21634188,0.16258667,0.7998929,0.2706855,0.05029906,0.13561213,0.20454669,1.0
0.1630236,0.049928296,0.17798947,0.39708787,0.053073764,0.16210376,0.53974617,0.08659269,0.037741426,0.047249682,0.22673655,1.0
0.11885212,0.047657426,0.25588486,0.39633802,0.051455043,0.29875222,0.699628,0.07312231,0.045165025,0.037617274,0.35519546,1.0
0.27278575,0.066007264,0.21726666,0.77825624,0.23025233,0.20725468,0.73745567,0.16162162,0.039512154,0.06420252,0.23683046,1.0
0.6697259,0.2244772,0.24462554,0.9365825,1.0,0.48203915,0.5616011,0.66302806,0.60311276,0.18591301,0.24265744,0.85549825
0.12759328,0.12010281,0.13436021,0.14864878,0.33199635,0.61740845,0.3302055,0.6305773,1.0,0.21455847,0.07091728,0.06944923
0.048585366,0.13213459,0.22894639,0.15224041,0.19884315,0.74646187,0.5751626,0.5691444,1.0,0.4199598,0.07406767,0.06248951
0.1319543,0.181335,0.619344,1.0,0.60607445,0.25679675,0.4032078,0.2445726,0.20216642,0.29483083,0.20953053,0.24759468
0.18795425,0.13419816,0.23630808,0.8801867,1.0,0.24350819,0.27755046,0.10283394,0.10253858,0.11989262,0.13189122,0.37186137
0.03427147,0.047442164,0.34389612,1.0,0.386386,0.07001976,0.0674616,0.032664828,0.035557434,0.037816405,0.05486947,0.0690318
0.0070902435,0.01391663,0.31808767,1.0,0.27178848,0.022924023,0.018604418,0.01640839,0.013777274,0.028218044,0.057373427,0.02032592
0.012407283,0.013467592,0.29929006,1.0,0.29718113,0.025853897,0.02036332,0.016767114,0.023589812,0.051583022,0.09026188,0.022359913
0.023837583,0.11543166,0.7117668,1.0,0.25022644,0.045489382,0.030264936,0.037886865,0.123978324,0.3014948,0.18585101,0.03638936
0.09488923,0.63325757,1.0,0.4853399,0.13859041,0.10230347,0.07244612,0.1905231,0.90638155,0.82790345,0.18383339,0.06860054
0.15082024,0.45369607,0.14318426,0.06464245,0.08974426,0.07166673,0.048871126,0.29319412,1.0,0.31536016,0.07736606,0.05325413
0.10491962,0.439873,0.3011053,0.074649386,0.083987296,0.091850206,0.06839305,0.22733834,1.0,0.743093,0.12331359,0.07579049
0.056472443,0.14641345,0.55104,0.39063653,0.12588435,0.096599855,0.09522876,0.11113102,0.44943488,1.0,0.47834378,0.17128932
0.023322169,0.045899734,0.5516848,1.0,0.20687759,0.07598205,0.08980115,0.07100539,0.15465307,0.44498155,0.37673083,0.105046466
0.035107296,0.028596168,0.3053682,1.0,0.34016186,0.06449601,0.051891834,0.061961163,0.103472374,0.1162243,0.08784476,0.05465098
0.2284587,0.168698,0.570744,1.0,0.40335763,0.23334803,0.18722308,0.31563434,0.35320133,0.31489623,0.27402508,0.22533125
0.8839926,0.5353258,0.76099044,0.60350627,0.32194954,0.4566889,0.62719715,1.0,0.72893775,0.66811526,0.6710276,0.525279
0.4439114,0.17638795,0.13980134,0.103500284,0.074409515,0.4146461,0.8404889,0.5321806,0.7173167,1.0,0.44207948,0.5183075
0.10249705,0.092175625,0.13561328,0.066125266,0.08697154,0.90709394,0.76179636,0.21126698,1.0,0.7281731,0.9962334,0.7128663
0.06893613,0.07976593,0.13402092,0.071829446,0.04732937,0.54182285,0.53683925,0.13003542,0.40272653,0.1902977,1.0,0.81106114
0.32831338,0.057286214,0.06973131,0.13868536,0.057609648,0.24490997,1.0,0.23632814,0.114933185,0.14526853,0.33624554,0.8684378
0.37406376,0.084341355,0.2369628,0.6934536,0.15936384,0.2336265,1.0,0.2610776,0.025178619,0.04706109,0.09117916,0.6774345
0.06357368,0.16151947,0.41921675,1.0,0.18014684,0.09659939,0.32759076,0.0763799,0.024541432,0.02742157,0.033314135,0.117718
0.016014988,0.06964501,0.24677734,1.0,0.15727122,0.033014514,0.109227,0.024784245,0.00865244,0.012341034,0.0065639643,0.0212312
0.0073740287,0.02189762,0.24689707,1.0,0.13423847,0.023578353,0.057606295,0.009001738,0.0042772945,0.0059871017,0.0051594563,0.012469407
0.036988422,0.03146569,0.38878244,1.0,0.1778919,0.061459217,0.084290326,0.016663635,0.01268786,0.017285446,0.019980144,0.055345215
0.14649497,0.12141194,0.29956782,1.0,0.92641187,0.37423202,0.1209488,0.07133889,0.050710898,0.043725535,0.031839594,0.08863277
0.109459914,0.22567992,0.59026384,0.7218418,1.0,0.7764609,0.19027556,0.09930768,0.12795578,0.11664713,0.071134605,0.055414326
0.07339148,0.09583011,0.34356493,0.62578917,0.8449589,1.0,0.7011098,0.4382183,0.3479269,0.2544867,0.17412126,0.08431642
0.032959603,0.050988875,0.060783487,0.10158511,0.19774827,0.37822238,0.3331334,0.47457343,1.0,0.23724404,0.06369283,0.037482858
0.030755768,0.01716982,0.02191558,0.042288322,0.08310324,0.07903466,0.081896506,0.44687477,1.0,0.16007036,0.031607408,0.030480577
0.18878199,0.032638483,0.09893498,0.24698375,0.16090514,0.13598323,0.5455248,0.6975458,1.0,0.46363783,0.21678405,0.56100094
0.18591559,0.07433037,0.41314372,0.40344074,0.06942406,0.24011536,0.5755065,0.15124372,0.18284269,0.22493912,0.2926349,1.0
0.104012474,0.1629336,1.0,0.49718451,0.09301032,0.42398018,0.3825261,0.09638598,0.1911396,0.074926645,0.37268385,0.51216507
0.3483341,0.32395336,1.0,0.74933505,0.19519566,0.39405918,0.5821658,0.31556606,0.36169565,0.23411855,0.50384593,0.9430641
0.62534183,1.0,0.6924426,0.48463434,0.25506315,0.29054165,0.46455154,0.43748456,0.7739566,0.56213623,0.3046678,0.6725966
0.94631326,1.0,0.44203287,0.20738111,0.13406606,0.15570109,0.1322928,0.101859756,0.26555505,0.22013478,0.14836468,0.4639832
0.7232692,0.13040853,0.09584478,0.061578624,0.031512484,0.041628193,0.058589,0.029093847,0.035800654,0.032598715,0.24795476,1.0
0.6813389,0.11409425,0.0626279,0.05254011,0.027446954,0.03686358,0.06796605,0.026526345,0.03235642,0.041878864,0.30624995,1.0
1.0,0.55369043,0.3425405,0.39680836,0.24209645,0.3286257,0.40505147,0.22193442,0.17982607,0.08609494,0.29640064,0.9072428
0.16314456,0.15336077,0.37693667,1.0,0.41557688,0.60936284,0.90543944,0.44212264,0.31897917,0.09811393,0.20972322,0.37463492
0.1077039,0.09565931,0.28860363,1.0,0.31021902,0.33012018,0.38746324,0.14140394,0.16311885,0.07467302,0.15353227,0.37529284
0.34417406,0.15825623,0.35392746,1.0,0.49054936,0.465407,0.34638664,0.268167,0.38158995,0.23206457,0.2063843,0.6325
0.37296757,0.2649875,0.4710452,1.0,0.4495192,0.4806218,0.4329213,0.40505943,0.7656865,0.6645858,0.49327826,0.5760962
0.40197384,0.19820629,0.17256255,0.3432803,0.38640764,0.6839403,1.0,0.59826314,0.51172954,0.59926075,0.42423528,0.4166149
0.20764658,0.042505275,0.022724735,0.22897781,0.32105622,0.54990774,1.0,0.72665095,0.20376438,0.05854213,0.10794293,0.16796662
0.06315135,0.0104904305,0.058561847,1.0,0.6785018,0.14036119,0.2359759,0.22783844,0.08831639,0.046749663,0.2833176,0.1967164
0.0030123326,0.001187836,0.078552835,1.0,0.40463597,0.007536454,0.00819927,0.025375094,0.0099264635,0.037030585,0.29118544,0.10078761
0.0035266965,0.001469196,0.05684238,1.0,0.61572933,0.012087705,0.02554894,0.09722331,0.035989273,0.047169276,0.33502015,0.17929882
0.0039539267,0.007735504,0.17567827,1.0,0.47321662,0.01207267,0.14452161,0.43061852,0.08431931,0.3086044,0.83275545,0.2138084
0.000831959,0.025361817,0.3374076,0.31724682,0.03558746,0.010453994,0.1455792,0.17976356,0.09680267,1.0,0.6472377,0.0380853
0.001120039,0.04218711,0.21648964,0.05315657,0.0016271302,0.012622074,0.05813108,0.018654237,0.2142404,1.0,0.1967582,0.0030850042
0.014029804,0.14080119,0.15434743,0.014443261,0.0020299428,0.012625861,0.025610829,0.090933755,1.0,0.9534451,0.061893,0.0019941016
0.0589468,0.13934983,0.027504396,0.0032145192,0.002811261,0.004199081,0.009184489,0.2871525,1.0,0.19459131,0.005687153,0.004854852
0.28870767,0.17136653,0.018406412,0.010745683,0.013912117,0.045700625,0.24015339,0.8548886,1.0,0.08388772,0.059707616,0.14536828
0.29263386,0.08276899,0.05186685,0.04639189,0.189809,0.51458156,0.8212036,1.0,0.3826011,0.36070287,0.7171025,0.59194154
0.011405046,0.030990345,0.020620637,0.034168523,0.3318722,0.2438885,0.23740667,1.0,0.18934432,0.5394726,0.34095886,0.05619311
0.010089871,0.022133438,0.0063057616,0.040438265,0.25655434,0.068517685,0.24276379,0.81763417,0.32505926,1.0,0.20361187,0.007564877
0.012820071,0.008148216,0.007966405,0.06749749,0.06076449,0.011985512,0.07390719,0.17721073,1.0,0.7428538,0.05148234,0.004037957
0.013423368,0.0025144792,0.013604991,0.07648706,0.01697995,0.005020479,0.019371713,0.11048467,1.0,0.35721317,0.0120728,0.006209556
0.027304452,0.011140547,0.09951904,0.15056276,0.017704641,0.01360169,0.022042457,0.32705602,1.0,0.21898492,0.02087969,0.033411212
0.059910428,0.37417254,0.72691876,0.23826227,0.08996152,0.10924174,0.2913774,1.0,0.7074601,0.10408081,0.1401304,0.19285706
0.3415125,1.0,0.45556873,0.070698604,0.115528785,0.30309734,0.8115858,0.37293482,0.13459007,0.14424801,0.24171835,0.12104211
1.0,0.42807934,0.06959409,0.046838082,0.1361284,0.57891697,0.4667253,0.18520509,0.189704,0.289158,0.15991871,0.3017549
0.7108341,0.061143473,0.017521169,0.025402004,0.13949057,0.22516668,0.14034055,0.13511914,0.18828346,0.13483597,0.14067721,1.0
0.29914108,0.012907097,0.005317668,0.01138338,0.06417153,0.044502184,0.075598076,0.058181815,0.10301773,0.029900828,0.11619087,1.0
0.16783051,0.005709048,0.0049814703,0.014265505,0.05591218,0.031067615,0.083328836,0.05897639,0.09216896,0.019207306,0.1879967,1.0
0.11061318,0.004796828,0.0051202206,0.028399458,0.082705654,0.042471107,0.114914164,0.08681718,0.12929745,0.023379913,0.2508678,1.0
0.0772953,0.008106309,0.01806461,0.10689498,0.1261521,0.121097416,0.22624119,0.3435465,0.21583986,0.052774895,0.60282886,1.0
0.042430174,0.03444398,0.22368333,0.3279612,0.12485847,0.21703467,0.789137,0.8493683,0.21435916,0.32622138,1.0,0.47588164
0.03004741,0.079283744,0.33997008,0.1488686,0.05434371,0.29283544,1.0,0.29052946,0.10214675,0.3977849,0.27400106,0.078105964
0.030169297,0.15971386,0.3365829,0.062792994,0.04513581,0.68086183,1.0,0.12976553,0.17513059,0.33591262,0.06515404,0.036490846
0.044735946,0.09617488,0.25788227,0.16005221,0.040578518,0.49094522,1.0,0.2477848,0.10585317,0.21939519,0.1341941,0.03830941
0.11269576,0.098401874,0.39509842,0.5999781,0.13700025,0.22734958,1.0,0.80011714,0.11817498,0.28481314,0.60760874,0.112065695
0.110180676,0.30999923,0.5964018,0.27005354,0.1255548,0.51317835,1.0,0.47228953,0.25985652,0.29416707,0.33721417,0.102221616
0.11632417,0.89231926,0.53027695,0.0506046,0.158669,1.0,0.5570437,0.14437743,0.3481305,0.21445072,0.1422112,0.04191516
0.18875986,0.94774616,0.2668034,0.037824888,0.49019155,1.0,0.24531415,0.2255364,0.5150526,0.14816467,0.07274077,0.031602103
0.091788515,0.40209267,0.11727422,0.028819766,0.3517168,0.7529806,0.112581335,0.4008753,1.0,0.10652178,0.03029446,0.027816514
0.028300352,0.14729522,0.06600944,0.019125279,0.1251132,0.5535505,0.10498622,0.39663434,1.0,0.12080893,0.017470628,0.027047344
0.10939258,0.388035,0.16371341,0.06709939,0.1673016,0.9950843,0.42285636,0.322217,1.0,0.32039824,0.090904444,0.11334578
0.29806855,0.7559154,0.28630075,0.29104584,0.3113312,1.0,0.858299,0.35346815,0.7521478,0.6830674,0.36436996,0.36290094
0.36620587,0.493388,0.5732722,0.6701714,0.4785557,0.92099386,0.8172512,0.7489704,1.0,0.8849892,0.6683924,0.55600435
0.35836098,0.32607675,0.5130889,0.5418494,0.3153681,0.64936227,0.5335061,0.57043195,1.0,0.67643726,0.7564898,0.98150027
0.18466614,0.117084034,0.13338043,0.13529335,0.15968862,0.29929635,0.30373642,0.17275137,0.2950076,0.33313355,0.46186763,1.0
0.2845688,0.08779969,0.11151739,0.12317401,0.17724144,0.34193417,0.3082649,0.19084035,0.40904853,0.43740156,0.4324412,1.0
0.3164027,0.27190104,0.2914394,0.31549317,0.28215015,0.6319299,0.5399065,0.59092057,1.0,0.72006375,0.52442956,0.64157695
0.3111776,0.36298475,0.70005846,1.0,0.47821236,0.46047118,0.55383676,0.50445926,0.43726042,0.35749948,0.4476051,0.466834
0.12022439,0.23455097,0.600424,0.5661594,0.22596946,0.2891509,0.46552235,0.51510084,1.0,0.70181805,0.16500062,0.09461011
0.15227503,0.06094532,0.07703422,0.118605874,0.14768562,0.16155563,0.25585324,0.8970594,1.0,0.21428737,0.056958765,0.14345434
0.29452845,0.07199471,0.08502916,0.2692764,0.19154377,0.34268826,0.76267034,0.78820574,0.636113,0.17947115,0.23673226,1.0
0.108928844,0.048191294,0.051930096,0.098570675,0.04022292,0.32380557,0.59640133,0.0715703,0.19219156,0.11363738,0.42855346,1.0
0.094322085,0.05501724,0.05267989,0.035936154,0.0543479,0.76314753,0.61228853,0.076025814,0.34026733,0.1309595,1.0,0.9971132
0.0919248,0.073312335,0.11469509,0.030943438,0.2256125,1.0,0.23039009,0.22220837,0.34173834,0.18891239,0.94920224,0.30588496
0.08404944,0.13883914,0.16430844,0.048259526,0.5630168,1.0,0.09736795,0.6978071,0.34374893,0.43434423,0.8349439,0.09836926
0.07620383,0.10969485,0.17728704,0.15881205,0.39509186,0.5280089,0.27886236,0.8706367,0.4207084,0.46720162,1.0,0.30185914
0.20625658,0.07716116,0.13785906,0.36282983,0.3639884,0.1363947,0.7838453,1.0,0.22642207,0.16291286,0.5137608,0.42573187
0.14402641,0.09575301,0.081342936,0.19320971,0.3707827,0.1043191,0.56987,1.0,0.2550093,0.0681314,0.031028796,0.07748487
0.17596185,0.72025675,0.9809544,0.42943862,0.46274567,0.43846253,0.673187,1.0,0.96092975,0.5202756,0.15863776,0.11254883
0.36123636,0.81323826,1.0,0.35910615,0.16077895,0.28300512,0.4957487,0.3127636,0.18621205,0.17981943,0.16866128,0.24401
0.41648176,0.24596295,0.15564269,0.10123244,0.10702908,0.34758037,0.65538204,0.27562585,0.12971792,0.11436077,0.5888209,1.0
0.16838944,0.029398955,0.04348817,0.025904853,0.07371073,0.3253246,0.40927058,0.07418907,0.060128417,0.11190144,0.79912114,1.0
0.38239038,0.053627227,0.027358856,0.026402645,0.05576207,0.1675526,0.41850165,0.1848628,0.038742926,0.058086827,0.41409698,1.0
1.0,0.4919981,0.110213235,0.058025517,0.0687714,0.091034666,0.39205757,0.5531059,0.19099393,0.080297604,0.14552474,0.57129365
0.39030758,1.0,0.43667972,0.057985816,0.060614407,0.058785617,0.09504183,0.14682175,0.21657796,0.08148646,0.04130728,0.07121655
0.10732166,1.0,0.8674014,0.092190415,0.06446925,0.036588375,0.029769091,0.0337392,0.11673433,0.10348045,0.035672147,0.015121272
0.102767296,0.8271907,1.0,0.20509675,0.06320254,0.054557722,0.029313698,0.028134624,0.05580436,0.067325026,0.029635772,0.02860454
0.37927347,0.8711943,1.0,0.38314667,0.117444426,0.21615961,0.13386197,0.08103953,0.070410445,0.06830155,0.108925655,0.2390278
0.49754816,0.40107822,0.33886948,0.22562985,0.39765754,0.7831832,0.38024604,0.4167401,0.32179084,0.27627924,0.70962065,1.0
0.66854393,0.30848747,0.26232877,0.19914626,0.40285218,0.73771065,0.52413845,0.8595221,0.6279088,0.37471658,0.5477318,1.0
0.16358382,0.02772584,0.036407642,0.12629646,0.17953356,0.079216704,0.05137322,0.09383984,0.07465982,0.12700067,0.7499736,1.0
0.18133305,0.029855685,0.024074644,0.09248341,0.20209107,0.12360446,0.05218717,0.061105084,0.05021419,0.063252725,0.613112,1.0
0.41544977,0.18950595,0.12357057,0.094620146,0.24936034,0.53268623,0.7643983,0.6311808,0.24760902,0.10096591,0.4692563,1.0
0.08676899,0.10599879,0.14529689,0.10340081,0.08510916,0.16394803,0.69469583,1.0,0.595209,0.31057084,0.20833202,0.13183284
0.10162869,0.07747773,0.12574601,0.14000498,0.11640975,0.10657915,0.28754926,0.5836055,1.0,0.999529,0.4418801,0.19661808
0.09818696,0.11504509,0.10332195,0.09380702,0.09664199,0.13520098,0.33510837,0.6641998,1.0,0.72947794,0.22171865,0.110744864
0.09609277,0.10737517,0.115322,0.12735903,0.14936513,0.42020392,1.0,0.51780427,0.260052,0.18547927,0.2357386,0.11528856
0.09705525,0.16217545,0.17080875,0.19459729,0.16062692,0.2796293,0.7082574,1.0,0.989194,0.55626315,0.31680772,0.13508053
0.18632136,0.16612421,0.0695135,0.07241499,0.06818925,0.08142531,0.13925184,0.3199337,0.8350881,1.0,0.63538426,0.31191385
1.0,0.7633312,0.28463355,0.085038535,0.06015133,0.0702062,0.12329034,0.20829093,0.3712043,0.73368037,0.8974819,0.8420948
0.88789624,1.0,0.3470312,0.063695356,0.02999445,0.042864114,0.11266397,0.22048272,0.17804569,0.09797808,0.15537935,0.23050888
1.0,0.8883098,0.4804684,0.1557033,0.09692541,0.19358027,0.6174526,0.79466015,0.85283524,0.4531131,0.5779338,0.6964259
0.1476001,0.08581231,0.12820879,0.22863188,0.2244399,0.17717382,0.3804595,0.49999285,0.70408386,0.6953399,1.0,0.41207603
0.09882099,0.044504013,0.07137893,0.22909492,0.2026281,0.1141745,0.088265225,0.1780314,0.13709982,0.37441167,1.0,0.38755605
0.25921422,0.33789685,0.36450323,0.21579687,0.24982989,0.50614125,0.8714768,1.0,0.63619614,0.39023274,0.51969355,0.43536416
0.08786487,0.15091568,0.3505848,0.23820116,0.07225432,0.16112374,0.48190427,1.0,0.9269691,0.54267377,0.37880403,0.20551236
0.23769855,0.038738213,0.098757565,0.13609535,0.04876716,0.11383313,0.30771363,0.3800005,0.62185043,0.679704,1.0,0.96271956
0.22731568,0.040512808,0.07603249,0.06665707,0.078796856,0.48519427,0.7624983,0.28178194,0.30455908,0.49448857,0.92362297,1.0
0.03396361,0.056696806,0.101574115,0.057900436,0.04898079,0.18297023,0.3956891,0.69102263,1.0,0.79040605,0.38745528,0.13129392
0.13097557,0.15476386,0.11823671,0.029459095,0.029506998,0.17710766,0.7366725,1.0,0.6748906,0.4101303,0.14957024,0.09131679
0.41042766,0.09262342,0.035103172,0.020978281,0.09837639,0.2774083,0.39810452,0.27973512,0.37677133,0.40719843,0.32920438,1.0
0.32932073,0.046621576,0.022826241,0.012902438,0.029705884,0.036597826,0.04197562,0.051298857,0.10874363,0.07591092,0.2776788,1.0
0.42683923,0.23967701,0.29197067,0.101871625,0.028205406,0.061905805,0.18807526,0.20537916,0.14268236,0.14221406,0.4405614,1.0
0.3818081,0.08788781,0.10712744,0.055922743,0.01948256,0.031152442,0.11214859,0.10913778,0.07068963,0.11371097,0.39670992,1.0
0.67982125,0.13746409,0.07375398,0.059461515,0.0464542,0.08000356,0.33925337,0.2798326,0.07113325,0.11661213,0.30401704,1.0
1.0,0.35021338,0.18762334,0.1333959,0.11552085,0.14654472,0.601602,0.8051387,0.49237233,0.4286791,0.59987545,0.8736239
0.28744844,0.19332008,0.12850638,0.044406716,0.05170528,0.375488,0.93385476,1.0,0.5003846,0.17183863,0.14687242,0.23609015
0.33984566,0.13228841,0.054513354,0.02691897,0.22473884,0.9762395,1.0,0.3797937,0.12214696,0.083630264,0.05833145,0.20177044
0.93058145,0.43154564,0.14758842,0.088993594,0.47498068,1.0,0.6442182,0.29011804,0.16041146,0.14225598,0.11650758,0.49736565
0.19732375,0.20169683,0.13245337,0.049671926,0.0808942,0.2746643,1.0,0.841628,0.21337365,0.11156994,0.14183144,0.15871117
0.798115,0.28606373,0.12567827,0.06833756,0.07902441,0.29948044,0.781136,0.7853544,0.27468944,0.29537523,0.68253756,1.0
0.9550625,0.40094033,0.14872445,0.078077585,0.025197377,0.050064776,0.08497565,0.12564568,0.071310505,0.17380704,0.60371566,1.0
0.57059515,1.0,0.71352655,0.20658763,0.052722517,0.09877227,0.14889966,0.15957744,0.18771747,0.12273333,0.25055823,0.3901659
0.73727256,0.4352154,0.31227124,0.14493862,0.2028507,0.44775715,0.45143193,0.39704943,0.40758127,0.4228464,0.5410973,1.0
0.7965657,0.47154123,0.2745375,0.19304554,0.26042673,0.28095493,0.17828454,0.36087734,0.31343898,0.3918669,0.51575214,1.0
0.6465202,0.44045243,0.4377496,0.26173526,0.3629472,0.33226466,0.29927874,0.7369346,0.68046975,0.46376386,0.6180065,1.0
0.25601918,0.22316988,0.34350207,0.5533819,0.6192569,0.6702512,1.0,0.872909,0.6998551,0.40810245,0.34444344,0.3524408
0.28045055,0.25333014,0.34752578,0.3599125,0.4943365,1.0,0.9484259,0.47393194,0.6341984,0.7838507,0.6820296,0.62767977
0.06933374,0.028157204,0.03003465,0.026197582,0.065217696,0.16908333,0.08878582,0.036226355,0.12866473,0.5250945,1.0,0.4982297
0.013032217,0.006038203,0.008336564,0.02317108,0.09935061,0.15748401,0.03748963,0.018237,0.06721397,0.6114499,1.0,0.23821415
0.010791616,0.012253763,0.020961175,0.028365485,0.13112842,0.17388934,0.040825926,0.01351675,0.0437349,0.5186249,1.0,0.23686425
0.18401952,0.06472708,0.031191919,0.030422574,0.07633198,0.07577258,0.052397154,0.01221206,0.02369761,0.24724609,1.0,0.80877906
1.0,0.29935053,0.024737995,0.012777019,0.021981074,0.023610026,0.019657563,0.012301651,0.010742059,0.038524125,0.26781586,0.93324053
1.0,0.7910044,0.093657345,0.006493427,0.008030382,0.0112033365,0.008151936,0.011949863,0.010045899,0.006046678,0.023799894,0.19566414
1.0,0.9455324,0.119357266,0.0058197347,0.011709478,0.008349575,0.009653506,0.020800479,0.011571002,0.0041152663,0.017252343,0.14165029
1.0,0.35631996,0.044793673,0.009587165,0.023518624,0.051851276,0.11888507,0.054094646,0.010330033,0.02419139,0.17641158,0.80877554
0.2524144,0.028211303,0.0073402645,0.012662053,0.04343154,0.20471728,0.24898143,0.041103814,0.014706237,0.09753231,0.7649158,1.0
0.2649018,0.05272675,0.034265336,0.01583317,0.040454946,0.2572443,0.28762242,0.05023818,0.019769866,0.11584174,0.7987176,1.0
1.0,0.76542825,0.18821813,0.011934536,0.018222647,0.08669641,0.113014564,0.04193588,0.0145289935,0.027583795,0.14568944,0.5122643
0.9355207,1.0,0.27824092,0.022002293,0.0056169713,0.011976565,0.0059242477,0.00859581,0.0107927,0.011065319,0.038112335,0.21546105
0.76001984,0.59897786,0.3298519,0.076676846,0.016001761,0.023988293,0.013578578,0.010197163,0.012415525,0.038678743,0.38976312,1.0
0.13121668,0.009681637,0.01440066,0.013343945,0.022141367,0.04841857,0.0370644,0.017940324,0.038868766,0.27954605,1.0,0.8352634
0.07958908,0.026836393,0.021908816,0.049298156,0.116213635,0.073898666,0.037782915,0.05611395,0.16799526,1.0,0.94435656,0.20013174
0.009063485,0.008756391,0.008090617,0.028722107,0.06941572,0.031000646,0.020806137,0.04306249,0.23287983,1.0,0.8062568,0.10665154
0.005254364,0.0050802613,0.00733966,0.015635675,0.025110388,0.011893829,0.010305137,0.030466033,0.261255,1.0,0.60302055,0.044816814
0.023247756,0.008117688,0.014217417,0.022336489,0.026060611,0.020927718,0.016922163,0.04223659,0.246374,1.0,0.7447817,0.08277363
0.0649958,0.016047144,0.034752186,0.023139408,0.03412392,0.05044794,0.029648116,0.053813856,0.08953283,0.44558877,1.0,0.5100568
0.17389238,0.04137869,0.057636093,0.028792158,0.045829996,0.066153586,0.047821563,0.07684699,0.035259318,0.10205207,0.7620216,1.0
0.38061798,0.09657754,0.06159802,0.030262688,0.047223195,0.09123047,0.074362375,0.097723596,0.061704427,0.03675036,0.29621744,1.0
0.6672298,0.12025934,0.048776496,0.018214008,0.030191243,0.073954396,0.06508367,0.07525069,0.06530312,0.028379334,0.14396478,1.0
0.48288366,0.04519549,0.011192912,0.0071857423,0.012352913,0.032042418,0.04133787,0.04004259,0.030235758,0.017744355,0.19255462,1.0
0.5957674,0.053650208,0.005021718,0.0032259265,0.008585059,0.043697193,0.0404158,0.027463714,0.015441422,0.016355567,0.19034408,1.0
0.7841898,0.06351901,0.0030597385,0.0028254173,0.01300024,0.08689678,0.07874792,0.04746055,0.03084535,0.030295897,0.14019085,1.0
1.0,0.117476836,0.006263967,0.0068225563,0.016715176,0.118012995,0.1254899,0.08148275,0.08214136,0.05352717,0.09812786,0.84984416
1.0,0.15290366,0.008999211,0.0075663687,0.010894249,0.07735796,0.11654358,0.08505307,0.09788637,0.06316593,0.049700543,0.56399435
1.0,0.16937478,0.009803796,0.007660121,0.009811448,0.061964426,0.09809142,0.08495466,0.08775678,0.050850462,0.045709185,0.5051077
1.0,0.2118217,0.009216844,0.005892444,0.0079491725,0.049829125,0.075682975,0.06410712,0.065375544,0.03436519,0.030983562,0.43420768
1.0,0.1525173,0.0067379447,0.0040303646,0.00719962,0.05660927,0.07723911,0.0513361,0.038204744,0.017942915,0.061428096,0.6920291
0.97325903,0.10347555,0.0038855036,0.0038965708,0.008128939,0.06737359,0.08079245,0.049538683,0.02381183,0.0078313975,0.105956204,1.0
0.6478166,0.06526226,0.010987941,0.011597265,0.010589675,0.05868457,0.067832775,0.05199151,0.020708555,0.011014071,0.18494517,1.0
0.31742683,0.034390815,0.112569354,0.1580123,0.025753478,0.07131276,0.14309229,0.07850569,0.027838826,0.029003005,0.36494496,1.0
0.25281495,0.049770404,0.45105135,0.8218933,0.1402426,0.29797798,0.6403342,0.14239086,0.07088122,0.045418292,0.42572725,1.0
0.34978685,0.09959339,0.42641923,1.0,0.21788526,0.21976271,0.7518886,0.38516748,0.065283924,0.050346784,0.17621389,0.6391682
0.96088237,0.28129733,0.30811638,0.7208108,0.24709924,0.10068599,0.6578335,1.0,0.14929193,0.07535573,0.07133069,0.62586147
1.0,0.37169856,0.13847959,0.118427664,0.09882135,0.055120084,0.20987089,0.8312154,0.20906831,0.03633795,0.030428424,0.2402271
1.0,0.3662645,0.0460792,0.037732236,0.05925333,0.040011693,0.09109307,0.61591476,0.23190351,0.016424231,0.017459068,0.1401402
1.0,0.21435109,0.021218617,0.016601475,0.03145502,0.03014638,0.12382724,0.5812623,0.15485103,0.018204687,0.02578091,0.25041786
1.0,0.10718206,0.016407069,0.023548402,0.024939304,0.060673606,0.50748354,0.73188686,0.10535435,0.051178142,0.06707926,0.7194211
0.37810364,0.045168784,0.022881778,0.030079134,0.037250828,0.15936738,0.87359136,0.39752063,0.07056428,0.09820016,0.20645885,1.0
0.14753303,0.027959587,0.04237301,0.045603354,0.060636416,0.39008525,1.0,0.1547708,0.09192041,0.08649616,0.53416485,0.9866123
0.26183757,0.0283805,0.020692931,0.042011578,0.04564581,0.19304062,1.0,0.33734277,0.05046911,0.084821634,0.18860206,0.63272005
0.7787803,0.067784294,0.026403267,0.047875043,0.05978641,0.105159625,1.0,0.7830749,0.062457014,0.11860034,0.07031417,0.7158848
0.94084734,0.15192345,0.056899413,0.06939532,0.09993976,0.05255257,0.46037942,1.0,0.1809421,0.05154687,0.046885144,0.42002255
0.6489081,0.17667092,0.08777147,0.09265078,0.12882438,0.037234437,0.19096054,1.0,0.30240592,0.039177313,0.030884394,0.12591375
0.5311746,0.09023936,0.060584668,0.100405395,0.12565973,0.037717227,0.4384852,1.0,0.1739654,0.086279295,0.052379396,0.2853291
0.48638618,0.17355083,0.122410975,0.26241457,0.09669945,0.09164463,1.0,0.6720041,0.053336136,0.11296302,0.11627779,0.7576728
0.15695438,0.42269924,1.0,0.54417104,0.08155945,0.11702654,0.6221789,0.28108123,0.024027616,0.08301162,0.43693706,0.54731154
0.022697745,0.3823423,1.0,0.24213167,0.038496323,0.04233628,0.041865245,0.017185446,0.0152656995,0.1230129,0.29775703,0.080316804
0.022656588,0.40094012,1.0,0.57778436,0.20839748,0.13201123,0.08084936,0.09355842,0.063781574,0.135499,0.20105979,0.032742623
0.06453266,0.16568151,0.63332224,1.0,0.8706188,0.8064442,0.23427866,0.45744863,0.2665682,0.048556004,0.055127747,0.033093553
0.14861442,0.38593796,0.19956124,0.19004372,0.74979895,1.0,0.15530026,0.2866627,0.23789133,0.044408146,0.020190869,0.031963356
0.23816122,0.84878933,1.0,0.7437553,0.43172878,0.22520588,0.15424187,0.26978016,0.15563342,0.14069685,0.19894843,0.1214966
0.06796782,0.05999123,0.2730873,1.0,0.47961035,0.08955751,0.14819877,0.24923281,0.09704398,0.117581226,0.16591227,0.09764502
0.05154967,0.12144308,0.5231673,1.0,0.39948606,0.0939173,0.14353544,0.18057282,0.056521114,0.084166765,0.082423404,0.04654172
0.0821985,0.5322269,1.0,0.6247014,0.35942775,0.15727901,0.17483333,0.14381412,0.051861785,0.07089867,0.06124933,0.026639637
0.08353108,0.5224303,1.0,0.49107355,0.1718795,0.086190805,0.082172334,0.08927355,0.051619206,0.08363264,0.051269826,0.023060603
0.016907426,0.039435,0.40732384,1.0,0.335232,0.10431417,0.07244494,0.09357827,0.05132282,0.04343382,0.05141652,0.029456217
0.035998188,0.013032223,0.045753375,0.17962997,0.48595133,1.0,0.8385488,0.2501039,0.07550612,0.035611965,0.031693168,0.029237583
0.026475184,0.00925292,0.012305717,0.04072127,0.11148796,0.5117303,1.0,0.46805048,0.067623936,0.020253818,0.020793963,0.025793308
0.012173491,0.008812592,0.0104439715,0.010767648,0.023826716,0.10259422,0.65835404,1.0,0.13659725,0.009466926,0.013534214,0.021668632
0.003887157,0.0048315637,0.005928741,0.0036522953,0.0070189945,0.030467829,0.39771336,1.0,0.17817555,0.005797921,0.0054127453,0.0092240805
0.0027192512,0.0040858835,0.004285994,0.0073405327,0.025462842,0.1993845,1.0,0.77381444,0.12593421,0.010729001,0.0051736822,0.0043131784
0.0018989197,0.0028969303,0.007149107,0.039850697,0.20816532,0.6687271,1.0,0.21009132,0.016986536,0.005463432,0.002917233,0.0018839721
0.0020814566,0.013441046,0.1812551,0.74363285,1.0,0.92480093,0.36552802,0.034920745,0.008070252,0.0059479685,0.008922972,0.004358801
0.0024825924,0.04743873,0.5632648,1.0,0.2605521,0.052276514,0.018252144,0.0044667,0.0074306866,0.011920143,0.011425087,0.004606798
0.004828713,0.042319812,0.45105025,1.0,0.27316934,0.030222343,0.007712556,0.009246841,0.011287032,0.01175793,0.008526438,0.0037961982
0.0019856866,0.0141437035,0.28400096,1.0,0.39086664,0.033661187,0.0067203734,0.017736614,0.017348906,0.01036583,0.0047185617,0.002250622
0.0029298507,0.031184157,0.43926436,1.0,0.22898278,0.02167411,0.008823344,0.035596345,0.054919068,0.016271615,0.006771744,0.002895414
0.014533596,0.10381433,0.7864425,1.0,0.16436966,0.023681365,0.042249586,0.11836034,0.15583484,0.054024998,0.026835028,0.011004056
0.081945375,0.56111133,1.0,0.4132719,0.059157845,0.06170996,0.1483339,0.33228266,0.38668755,0.11408879,0.058716003,0.027676532
0.26070327,0.9129297,0.7481778,0.35707408,0.13282765,0.21164761,0.4728503,1.0,0.68374276,0.29031897,0.22242914,0.09097735
0.95158863,0.7481139,0.9971412,1.0,0.44403556,0.286628,0.9882314,0.907987,0.38762048,0.38173744,0.45223114,0.37839568
1.0,0.44577354,0.27343747,0.51810676,0.17700031,0.11019312,0.48942184,0.31404048,0.0858605,0.20780176,0.37766334,0.6054912
0.6279936,0.2887449,0.12408018,0.30554995,0.15673806,0.118131705,0.22458145,0.15250693,0.08080363,0.28043783,1.0,0.88536847
0.18849339,0.0737444,0.05109132,0.21929787,0.35226384,0.15659185,0.09360843,0.08749269,0.102176085,0.28806874,1.0,0.5958825
0.119008206,0.06321511,0.11940307,0.6390858,0.9414319,0.45663553,0.19007073,0.2223994,0.33180633,0.67600113,1.0,0.40934235
0.0816281,0.08880636,0.35007688,1.0,0.70385736,0.48112094,0.41941094,0.39287457,0.6632008,0.9897447,0.7176108,0.20888042
0.106672354,0.30206355,0.61354065,0.6786851,0.75765663,0.76262426,1.0,0.7874091,0.89128447,0.78740984,0.49780047,0.10895291
0.17647138,0.233021,0.1656478,0.23223895,0.97212166,0.55482584,0.47058338,1.0,0.6358646,0.19038334,0.12483151,0.07552026
0.21499991,0.14692822,0.07440454,0.21384934,0.7904106,0.25188383,0.29752848,1.0,0.32300264,0.103344716,0.11821881,0.080723464
0.28054753,0.76383257,0.8216894,0.42992413,0.9379958,0.530847,0.28535467,0.74341077,1.0,0.65590554,0.3216887,0.12920792
0.032222137,0.12864606,0.5956681,1.0,0.54674023,0.17859885,0.14966579,0.13371317,0.1980508,0.37658834,0.2415351,0.070967235
0.015179127,0.0101609435,0.15679342,1.0,0.6691463,0.091786824,0.0912055,0.09733889,0.06852319,0.09114556,0.09183818,0.05035542
0.010032333,0.018563299,0.3123407,1.0,0.39184928,0.0650897,0.06583276,0.064005174,0.054743778,0.06645264,0.088868365,0.0382192
0.03217734,0.25974965,1.0,0.93172807,0.15314487,0.08179097,0.083075136,0.0762134,0.13628319,0.1366623,0.10188735,0.028005244
0.30428696,1.0,0.99177706,0.35800275,0.110708475,0.10600115,0.10149416,0.24492139,0.34181386,0.17503025,0.08880623,0.08242746
1.0,0.6681299,0.24733824,0.08215266,0.2501606,0.30163103,0.48491994,0.7264241,0.4212464,0.1688411,0.22672154,0.6439517
1.0,0.7908332,0.523534,0.4481786,0.48502886,0.45027357,0.65563464,0.69764,0.45600444,0.2775512,0.35788134,0.72930944
0.08121639,0.2538621,0.55962294,1.0,0.6734582,0.27964437,0.09550069,0.09086356,0.090899,0.0986259,0.09291266,0.043312293
0.004532895,0.012002767,0.060447052,0.31059536,1.0,0.48458907,0.032276638,0.01220172,0.010702004,0.014538114,0.012542487,0.010256195
0.0023677954,0.0012875232,0.007623088,0.14597493,1.0,0.5120975,0.020757316,0.0030013705,0.0037783708,0.003627713,0.003040484,0.0048288894
0.0039998544,0.03473922,0.18794248,0.69078237,1.0,0.30034232,0.016306246,0.0034626848,0.0047356435,0.0075990492,0.009019048,0.005578405
0.07549634,0.48869514,1.0,0.8915244,0.31599298,0.056252133,0.0074109207,0.008004069,0.028459819,0.03563921,0.014904519,0.00726723
0.41983587,1.0,0.59026104,0.13611425,0.030141355,0.016457357,0.00820137,0.03901652,0.06468448,0.024473108,0.0051022414,0.04262512
1.0,0.7160085,0.07788177,0.01622963,0.031620055,0.022339733,0.026540188,0.122736044,0.056317274,0.0073220623,0.008826761,0.15691403
0.52694243,1.0,0.3901188,0.07091059,0.023180064,0.015775034,0.020465653,0.0767663,0.04417037,0.014197041,0.01001681,0.06665289
0.13374,1.0,0.96908367,0.14956605,0.01925674,0.011500558,0.013228962,0.020206997,0.013633861,0.0151268495,0.008574259,0.00984113
0.14818667,0.77887976,1.0,0.4188193,0.12371584,0.031249195,0.01242313,0.006334113,0.0074678315,0.017108675,0.029844558,0.045151692
0.19842003,0.3318016,0.46582717,1.0,0.6429717,0.13595296,0.034980707,0.017465247,0.027588345,0.05874812,0.108600274,0.19644658
0.2202164,0.674905,1.0,0.8371364,0.33247423,0.15812017,0.11444448,0.046585016,0.05885927,0.21566322,0.24289528,0.15931576
0.2807169,1.0,0.7177029,0.16300645,0.09799703,0.10366807,0.07425333,0.054818958,0.03713667,0.28125563,0.3270903,0.1433395
0.36981252,1.0,0.70996803,0.37552783,0.12198955,0.09935262,0.111189485,0.16029237,0.16483693,0.57032096,0.74008524,0.65136564
0.093676805,0.09746232,0.10461418,0.07908872,0.069901414,0.043118365,0.08625091,0.18806629,0.25189078,0.8879437,1.0,0.27356625
0.18150985,0.05751833,0.02335145,0.020415356,0.028352434,0.025233109,0.03500991,0.07786136,0.12818354,0.5684834,1.0,0.37507898
0.21058513,0.07079331,0.02345996,0.015013577,0.018215004,0.018014634,0.040240414,0.1624868,0.5222286,1.0,0.88167167,0.41415405
0.07625332,0.01855279,0.014631423,0.021813491,0.053750668,0.053066075,0.040112533,0.25153708,1.0,0.6412708,0.6970809,0.35746515
0.068592474,0.0029103726,0.0010216677,0.003643849,0.029223097,0.0833014,0.040584538,0.024495844,0.13890219,0.5162112,1.0,0.5748813
0.14504525,0.0033316587,0.00036642936,0.0007069165,0.008714064,0.06599014,0.07231005,0.0057434645,0.017101709,0.19110261,1.0,0.9927327
0.20908624,0.0042284154,0.00031186102,0.00026917498,0.0005300285,0.01914446,0.054930635,0.00470611,0.0010341353,0.03284509,0.57560897,1.0
0.26274386,0.0078229,0.0017895565,0.00045377342,0.00092732225,0.011796262,0.040072862,0.004825194,0.00067984214,0.018994356,0.43704775,1.0
0.59992886,0.08044108,0.004701556,0.0007348647,0.0023743543,0.0066417987,0.02203116,0.012024202,0.0013732739,0.010717635,0.21687347,1.0
1.0,0.24094239,0.010222281,0.0025881266,0.0017512903,0.0036270802,0.0073520155,0.024133082,0.0045608343,0.0016019297,0.034065615,0.51755077
1.0,0.41357052,0.017761124,0.0054382924,0.0024931086,0.0058396715,0.005161888,0.033077523,0.01021108,0.0010351101,0.007878777,0.23530938
1.0,0.5730858,0.027047124,0.004994941,0.0015266,0.0041687186,0.004258098,0.035448212,0.014006051,0.0009000197,0.004208079,0.15961768
1.0,0.6534465,0.045737114,0.00256307,0.0009492744,0.0013039542,0.0028082614,0.025083099,0.013033398,0.00073884253,0.0056476034,0.14334643
1.0,0.29538792,0.018509585,0.0015301968,0.0013203091,0.0024774172,0.012762823,0.027563807,0.0049939593,0.0014932634,0.040608104,0.45180476
0.6992471,0.06911847,0.0021724245,0.0009741603,0.0015356642,0.009576344,0.035557333,0.018537903,0.0014015682,0.0048729987,0.16973102,1.0
0.39248607,0.019281529,0.000909108,0.001197309,0.0048580766,0.013131212,0.038007893,0.010743635,0.0019668045,0.0068411473,0.2683521,1.0
0.4751379,0.028585792,0.0016564345,0.0014571287,0.008656018,0.022244107,0.03070924,0.01274379,0.003062001,0.005110625,0.21677156,1.0
1.0,0.16846144,0.014325634,0.003795229,0.0058011813,0.027290672,0.028945446,0.030256227,0.0076756263,0.0044603627,0.11751539,0.9449981
1.0,0.6880693,0.07829483,0.00616235,0.0063991076,0.019348888,0.024914835,0.044156097,0.06100972,0.023656247,0.027421022,0.27431908
0.460948,1.0,0.23138589,0.010484542,0.0031336627,0.0063310307,0.017996134,0.020352175,0.10305114,0.08104216,0.027964791,0.047183186
0.5981383,1.0,0.45996162,0.059461832,0.012334713,0.0061972365,0.011496377,0.009790972,0.0505308,0.05669553,0.07412663,0.18989263
0.7393532,0.4567413,0.37915543,0.12534413,0.036757924,0.022223106,0.011415091,0.0110177,0.026905429,0.06528632,0.16483997,1.0
0.48442152,0.09679658,0.040550657,0.01598409,0.009211003,0.0063912706,0.0029086368,0.0023062993,0.014819929,0.12151421,0.54908156,1.0
0.15777235,0.020977402,0.00797621,0.0021881324,0.0015562724,0.002429279,0.0012972272,0.00039390905,0.0067785312,0.17894556,1.0,0.98601985
0.12408767,0.003419979,0.00035522922,0.00028908593,0.001160349,0.0020773967,0.0024784657,0.0003714052,0.002790672,0.14198321,1.0,0.9898465
0.37692818,0.0296928,0.0007596374,0.00020154049,0.0009900185,0.0016134988,0.004539555,0.0026283683,0.001847425,0.040654313,0.44598952,1.0
0.7856183,0.0799842,0.0012313373,0.00017307015,0.00034126997,0.0010199454,0.005651278,0.00666147,0.0005075905,0.007490341,0.1260952,1.0
0.60173464,0.05058164,0.003423417,0.0013628558,0.0007064906,0.0014099772,0.005829398,0.0037995668,0.00081169873,0.008951157,0.2070785,1.0
0.3880467,0.02964085,0.0064239623,0.0054664817,0.0027408295,0.007987468,0.01329172,0.0021636486,0.0022679511,0.01221893,0.3533096,1.0
0.1328141,0.008504313,0.012676605,0.00803535,0.0077201203,0.050378826,0.036619056,0.002976751,0.006526128,0.047931727,0.70671785,1.0
0.041188214,0.0028912597,0.016673556,0.007086813,0.016052432,0.11186553,0.04689039,0.0022065148,0.0052724467,0.0856246,1.0,0.85676724
0.023219345,0.011525329,0.05095895,0.012544775,0.025007315,0.14978807,0.07613689,0.0020167916,0.00238371,0.09024737,1.0,0.6457719
0.103501625,0.015830468,0.06583094,0.021677103,0.02229519,0.12890778,0.16300707,0.010966701,0.001368798,0.05120064,0.8038148,1.0
0.28951406,0.008074562,0.0076271915,0.008991938,0.007233368,0.035001025,0.14923987,0.035472233,0.00078591524,0.0070608878,0.23332812,1.0
0.77941155,0.032261748,0.00089610164,0.0042507052,0.002966525,0.009925066,0.10693737,0.077853054,0.0022304398,0.0018477143,0.069225706,1.0
1.0,0.061158463,0.0005512634,0.0015543035,0.0017453053,0.0021727937,0.042994093,0.07554162,0.003824105,0.00070386974,0.01768057,0.6337407
1.0,0.069032095,0.000504025,0.001234702,0.0017257887,0.0009187386,0.025960324,0.066605575,0.0043617547,0.0004472916,0.009306309,0.48013452
1.0,0.083327815,0.0009257279,0.0009652137,0.0015499594,0.00067940605,0.022988763,0.067989975,0.0061082947,0.00035228662,0.007191556,0.41311538
1.0,0.1857677,0.0027623624,0.00048822048,0.0017768696,0.00051905937,0.010354381,0.06512275,0.015041125,0.00039343387,0.0034089813,0.22574748
1.0,0.37175083,0.0070760143,0.0005177999,0.0025155598,0.0008547069,0.0058890693,0.07927212,0.03316508,0.00062500313,0.0023584894,0.10694962
1.0,0.29217687,0.005618588,0.0011267576,0.0031190005,0.0011807057,0.01746002,0.092928454,0.026823483,0.00058498164,0.0072021587,0.2070732
1.0,0.10222836,0.0021615517,0.0034673703,0.0037000768,0.008557862,0.08299219,0.090559885,0.00817451,0.0033831836,0.09664948,0.8797744
0.31586766,0.012373944,0.002192212,0.0034171224,0.0042713503,0.057830367,0.12692288,0.029549317,0.0026551965,0.0388427,0.46980584,1.0
0.117258124,0.0060292804,0.002480342,0.0029060687,0.009124991,0.10680028,0.101385966,0.010355269,0.004166349,0.119416304,1.0,0.92813957
0.47467497,0.06976554,0.0059521557,0.0025799961,0.0046628127,0.03334436,0.0820588,0.040395007,0.006800968,0.05067166,0.44782484,1.0
1.0,0.29819345,0.012538112,0.0014676391,0.00404561,0.0040688063,0.026908832,0.07231053,0.014538655,0.004224987,0.041595615,0.40848613
1.0,0.34501168,0.010122779,0.0010915528,0.004971661,0.0017384237,0.008169831,0.05695522,0.013093381,0.00052148086,0.0074949325,0.22681364
1.0,0.22555342,0.008059556,0.0014568524,0.0046274723,0.0022477624,0.016919393,0.053102683,0.007292793,0.0010858166,0.031824324,0.48140585
0.835311,0.07618325,0.0022685786,0.0012948861,0.0017596296,0.0031869253,0.032468818,0.0386913,0.00200846,0.0028701017,0.1281398,1.0
0.5893317,0.037975095,0.00033159202,0.0009922336,0.0010907871,0.0037892275,0.024487674,0.01284132,0.000397507,0.0030357516,0.17836863,1.0
0.60063547,0.03900495,0.0007745764,0.00088001456,0.0011803093,0.004081275,0.020826224,0.012070416,0.00040097584,0.0033860903,0.17156503,1.0
0.67247397,0.05273595,0.0010287329,0.00092904735,0.0015840706,0.005040169,0.021528536,0.015791928,0.00054816116,0.0044655236,0.13958852,1.0
0.39931446,0.024212975,0.0008729265,0.0006361004,0.0030511909,0.0067426786,0.020521106,0.006703314,0.00031544865,0.007353063,0.2599015,1.0
0.30053428,0.009264521,0.0003644358,0.00040548068,0.0026638343,0.0064964425,0.017846027,0.0027440314,0.0010513609,0.014221705,0.39092776,1.0
0.18525647,0.005083422,0.00045303875,0.00045223613,0.0022890118,0.0069406466,0.011075939,0.001017359,0.002269101,0.06507305,0.69952685,1.0
0.30308428,0.045806497,0.0060170004,0.00072910433,0.0012928153,0.004171989,0.0065945806,0.002164372,0.0029261073,0.07052932,0.6077192,1.0
1.0,0.56282276,0.088064305,0.0037383377,0.002417414,0.0028401648,0.0041828007,0.006253854,0.0069579585,0.017793477,0.14434795,0.5920667
0.4916023,1.0,0.23333989,0.006139546,0.0012672568,0.0018785548,0.00048505998,0.003054046,0.011567823,0.0021267736,0.003434675,0.057500985
0.41255584,1.0,0.25513998,0.007102133,0.0009910669,0.0017735643,0.00051479955,0.004625178,0.012965807,0.00215136,0.0020982986,0.03908619
1.0,0.69396216,0.11965737,0.0045485552,0.0019334616,0.0031876282,0.008128182,0.012853859,0.008478937,0.009798477,0.093451425,0.45780668
0.3639006,0.073824614,0.009762563,0.0016825757,0.00420379,0.010608067,0.016677832,0.0048949635,0.0045203245,0.08157012,0.6049127,1.0
0.12885702,0.0028555763,0.00087088486,0.0014815928,0.007226847,0.014090846,0.01648172,0.001420802,0.0052943234,0.14083493,0.9761163,1.0
0.26759532,0.008867456,0.00073963864,0.0009996078,0.004523376,0.00895827,0.026202494,0.0056750975,0.0028348814,0.053625673,0.54710853,1.0
0.78901327,0.10992519,0.008431791,0.004230948,0.0079311365,0.009710871,0.04444938,0.042676844,0.0067032096,0.014908671,0.19766243,1.0
1.0,0.9846452,0.2239594,0.021084849,0.026891984,0.017431045,0.016404487,0.061082736,0.044091724,0.008611302,0.019925216,0.24711034
0.1960225,1.0,0.66344726,0.07161469,0.009565986,0.008539467,0.0027063629,0.005935271,0.029750152,0.024903215,0.0029157659,0.008709668
0.11771935,1.0,0.8770695,0.08710489,0.004431105,0.0035640711,0.0019145118,0.0016037493,0.02538632,0.029518496,0.0017278449,0.004641758
0.39144343,1.0,0.4348401,0.035743468,0.003320011,0.0029006181,0.0016895005,0.009285788,0.020742102,0.009416319,0.0039857836,0.042670377
1.0,0.6679038,0.09684585,0.008282911,0.006448787,0.0046365648,0.013115444,0.03819681,0.012965932,0.0017812862,0.022402,0.30175486
0.98864716,0.250346,0.016059585,0.0064013684,0.016317533,0.02687223,0.061686013,0.0624639,0.009202132,0.020230869,0.22575906,1.0
0.18880667,0.032975387,0.00949703,0.01462875,0.042415444,0.09883072,0.06062585,0.019615434,0.017397316,0.17950599,1.0,0.7748668
0.47237772,0.19363646,0.061236702,0.035094664,0.06763691,0.1375687,0.08401826,0.09601906,0.09353356,0.2405004,1.0,0.92149955
0.5771734,1.0,0.5308858,0.11012533,0.089273974,0.08080306,0.07018939,0.2757698,0.24611305,0.11707577,0.14297658,0.24148884
0.08938474,0.5173687,1.0,0.300377,0.065611586,0.0722541,0.060307246,0.14065899,0.13103001,0.08837025,0.046961006,0.041625604
0.035455804,0.28360727,1.0,0.35890505,0.06918386,0.11904487,0.095938176,0.0996199,0.16070566,0.14045885,0.043918394,0.0371691
0.25754097,0.7457992,0.8585258,0.31079444,0.29914045,0.3935912,0.3785833,0.65209246,1.0,0.42136756,0.11099556,0.09212202
0.29274037,0.1843397,0.15465821,0.31181392,0.2227068,0.29767472,1.0,0.98306197,0.459584,0.18021442,0.16227141,0.41449434
0.17410839,0.09399814,0.33356974,0.27649027,0.074959986,0.68255126,1.0,0.3270696,0.104334794,0.06355159,0.32738623,0.5825178
0.18097371,0.11834619,0.42725345,0.26550767,0.07407984,0.8515218,1.0,0.32002982,0.14560185,0.06417113,0.40372333,0.5494569
0.3087499,0.15323755,0.168969,0.2720721,0.18012704,0.22997503,0.87294394,1.0,0.22898747,0.077592656,0.20446843,0.58588004
0.7825503,0.8333269,0.21432987,0.19037339,0.23086502,0.14362086,0.35169655,1.0,0.459446,0.07865231,0.07818832,0.19332418
1.0,0.9601468,0.18983653,0.041314077,0.037280805,0.04935786,0.022047821,0.045749795,0.05874011,0.014336016,0.035954762,0.21534483
1.0,0.64650154,0.09981615,0.010222771,0.009183387,0.015720787,0.019281551,0.019139655,0.047261726,0.116398595,0.32102206,0.6788377
0.25668797,0.18327929,0.06980278,0.03143519,0.045373484,0.12610988,0.23604609,0.37014127,0.62643766,0.92338896,1.0,0.56046706
0.055220403,0.07647094,0.10126112,0.21378538,0.4696276,0.85655963,1.0,0.76887494,0.48916674,0.34027123,0.19913481,0.07984398
0.18000458,0.3415053,0.3973391,0.5675929,0.83992046,1.0,0.70642763,0.42057198,0.15756437,0.038904056,0.06374996,0.1545564
0.35411012,0.56518924,0.48862025,0.3608243,0.16698626,0.6106377,0.9353738,1.0,0.36172566,0.13984978,0.20558713,0.5535656
0.29381007,0.4496956,0.511921,0.35584682,0.296215,0.6686295,1.0,0.8198048,0.38982847,0.19608155,0.24483821,0.51741004
0.69744056,0.57772315,0.58971876,0.64658237,1.0,0.9116881,0.6211913,0.5733834,0.6394766,0.548915,0.4352876,0.7247224
1.0,0.4917789,0.5189858,0.4244506,0.30993384,0.30018395,0.3150636,0.29493427,0.2962614,0.23591024,0.16451915,0.55566496
0.49160713,0.863485,1.0,0.3972554,0.19448198,0.25886708,0.35646477,0.4453727,0.44826183,0.27706328,0.21635099,0.30298364
0.18776253,0.75897133,1.0,0.48050573,0.15479133,0.079285234,0.10059488,0.13993841,0.19492684,0.1302403,0.091366604,0.103836715
0.2157884,0.7143077,1.0,0.89580774,0.8268529,0.14916925,0.08046154,0.13731068,0.24414663,0.20546347,0.08597236,0.117150016
0.19574626,0.15121667,0.28064442,1.0,0.92072207,0.16688702,0.04829615,0.07943772,0.13071361,0.1281198,0.05674197,0.106680304
0.18119892,0.4684511,1.0,0.9431499,0.22361165,0.05663571,0.020874113,0.021878378,0.019510724,0.019359112,0.03993823,0.072755404
0.46591872,1.0,0.964652,0.3385336,0.041708317,0.025556238,0.020779867,0.033476494,0.07218841,0.13007852,0.20192938,0.25804892
0.46297294,0.8151347,0.47707486,0.13088512,0.048167914,0.064152166,0.17852536,0.46642834,0.8075369,1.0,0.9545118,0.5313671
0.15241416,0.29178005,0.29304245,0.24402927,0.15516615,0.24618118,0.7587077,1.0,0.7589942,0.3491965,0.4087735,0.2515732
0.56968725,1.0,0.86514086,0.7441487,0.45485452,0.42414734,0.6708639,0.6589484,0.64545834,0.25067517,0.33219182,0.44648975
0.33453295,0.9354263,1.0,0.39476871,0.26372436,0.15399826,0.15431765,0.24700339,0.2206134,0.08783292,0.10558289,0.2386287
0.18058345,0.67684054,1.0,0.23776706,0.22278857,0.13093767,0.12427615,0.16247962,0.16328949,0.10213174,0.0913349,0.17776358
0.4289233,0.8365808,1.0,0.5334678,0.4424404,0.29771793,0.34213948,0.55858356,0.6072858,0.36696735,0.42681128,0.64814895
0.36424088,0.75112724,1.0,0.55218244,0.44648167,0.4410759,0.44915032,0.69686663,0.6288324,0.29235816,0.3724589,0.5439686
0.30123422,0.8206733,1.0,0.56538004,0.35473055,0.28384373,0.43552077,0.8372328,0.7265828,0.3666469,0.32942653,0.27069712
0.31929338,0.8235005,1.0,0.43705526,0.36308002,0.260998,0.5226858,0.7720651,0.5623067,0.3822527,0.28249663,0.20382386
0.23264194,0.9425854,1.0,0.37835404,0.4165883,0.3093602,0.28961667,0.3380384,0.30634484,0.3269834,0.22293742,0.23999791
0.023524225,0.06669316,0.35799727,1.0,0.7000645,0.13195221,0.029687688,0.023054237,0.023119822,0.047962833,0.078818016,0.04416077
0.0056991805,0.010931581,0.15758692,1.0,0.95994335,0.14678486,0.014052499,0.008131889,0.0070619257,0.023106163,0.034332957,0.018517967
0.01130269,0.011222314,0.04130202,0.4432161,1.0,0.5176822,0.124151476,0.02047974,0.008449754,0.01207683,0.014851027,0.012245015
0.017896112,0.03129789,0.04682674,0.12287442,0.5384537,1.0,0.64609176,0.22822814,0.081234455,0.026935019,0.016111856,0.008516379
0.11748649,0.38992673,0.48482734,0.24970208,0.26411897,0.8109859,1.0,0.84462357,0.82578063,0.6665369,0.32883856,0.09772684
0.119442046,0.406213,0.27565998,0.070982896,0.03518711,0.043052696,0.053975135,0.09419209,0.28140146,1.0,0.82195544,0.20242211
0.060801677,0.113643244,0.07588901,0.02697918,0.038063582,0.054687396,0.08800464,0.19720995,0.533982,1.0,0.6547336,0.18394405
0.24153718,0.622637,0.27870366,0.11854028,0.29384822,0.96249306,1.0,0.71424747,0.6966168,0.50411016,0.28910083,0.13973626
0.10178278,0.13022092,0.050351728,0.0652775,0.6606147,1.0,0.21237063,0.081355594,0.15204902,0.06408477,0.048847552,0.10792279
0.05959068,0.032472506,0.025621694,0.15909006,1.0,0.6953082,0.11469227,0.17913187,0.34274903,0.070201315,0.08057533,0.23048124
0.2132393,0.067057036,0.0929486,0.28260314,1.0,0.421339,0.32568106,0.6639599,0.7807531,0.55396533,0.27762532,0.53739893
0.16117305,0.15157512,0.1816512,0.1605515,0.25906017,0.30804634,0.36572486,0.6216496,0.47691935,1.0,0.53601646,0.19783588
0.15400787,0.2304912,0.19782688,0.15009587,0.23996282,0.31742674,0.65032303,0.7025689,0.63644665,1.0,0.763863,0.1893285
0.15669109,0.23844047,0.19326185,0.25252175,0.44743058,0.67452484,0.9397987,0.8733013,0.5433196,0.85545915,1.0,0.22848783
0.16133335,0.23278894,0.2293984,0.5704772,0.7786596,0.46861964,0.43827954,0.6486238,0.77562493,1.0,0.5852644,0.28224155
0.300156,0.26332697,0.33514935,0.6850569,1.0,0.36209452,0.3037514,0.3799974,0.760895,0.6413726,0.72994745,0.64564574
0.1719035,0.16318381,0.20140347,0.5176733,1.0,0.17634755,0.11116082,0.0971598,0.22610961,0.15629591,0.63002884,0.9978975
0.24797778,0.18253285,0.28630778,0.4255108,0.8480697,0.16707924,0.08823607,0.09247325,0.24548449,0.26515645,0.49673364,1.0
0.47720066,0.29529017,0.45180476,0.48036018,0.54177594,0.22083321,0.15929809,0.18711305,0.3688173,0.6936302,0.8783823,1.0
0.2607644,0.18936154,0.21966918,0.3813241,0.38094932,0.14256054,0.07867791,0.104462095,0.27506536,1.0,0.70289564,0.6182605
0.099580064,0.10178945,0.11769209,0.33049268,0.3598632,0.1112903,0.02860717,0.0644499,0.27441442,1.0,0.4253796,0.14838496
0.21585332,0.2900441,0.43525895,0.9139714,0.61886436,0.23794235,0.1600188,0.2714721,0.79943514,1.0,0.32700327,0.13678852
0.3696104,0.37342334,0.30551848,0.5221908,0.92220634,1.0,0.32072848,0.173748,0.50994885,0.57079196,0.25396103,0.2484152
0.20147647,0.074438296,0.1753236,0.24179114,1.0,0.8822619,0.11121858,0.057105232,0.3304922,0.29005975,0.20328599,0.1827842
0.25085717,0.15543477,0.2506973,0.2424945,0.8740551,1.0,0.2726108,0.15850063,0.30148974,0.3494244,0.35624495,0.23890488
0.7348197,0.35451493,0.49240476,0.4520261,0.7134913,0.7337226,0.37893263,0.43018475,0.49350363,0.8126617,1.0,0.93057525
0.34952566,0.19979814,0.35281414,0.6108775,1.0,0.5451274,0.24360865,0.3145107,0.30179274,0.67968935,0.89615494,0.77844054
0.3666565,0.30198997,0.5249812,0.7748062,0.8054428,0.67473423,0.20925093,0.27106908,0.2772585,0.5546224,1.0,0.7977471
0.34339294,0.37879556,0.5340014,0.5733864,0.35024124,0.24128321,0.18642543,0.15403141,0.3082555,0.971876,1.0,0.3090481
0.1806622,0.3586108,0.44343594,0.4453107,0.34486216,0.20725782,0.16160667,0.17582838,0.49753642,1.0,0.8032629,0.22016346
0.16280839,0.37130517,0.49014035,0.514313,0.6297005,0.34151256,0.2127721,0.27751958,0.5390697,1.0,0.90557754,0.33203852
0.24937227,0.3297674,0.38856533,0.57373995,1.0,0.63750154,0.34380317,0.29521483,0.32874218,0.4873784,0.6833156,0.59967875
0.23888373,0.1270021,0.24072383,0.46814463,1.0,0.57345486,0.39071476,0.26351008,0.32099348,0.53199464,0.48586318,0.5263964
0.44373667,0.17814721,0.34879598,0.5356842,1.0,0.60852796,0.61555886,0.5616791,0.7921623,0.8004156,0.5276016,0.8498321
0.36221838,0.17111129,0.30877724,0.57067496,0.69191533,0.5793084,0.39506164,0.42579505,0.6280302,0.49615377,0.64117074,1.0
0.39642158,0.2612465,0.33510846,0.8968988,1.0,0.87731206,0.45082393,0.36196274,0.47085008,0.6818186,0.9977852,0.8170409
0.21941929,0.15465717,0.22769877,0.5500787,0.6444168,0.3903154,0.27096584,0.19221272,0.4390262,0.5434007,1.0,0.8211744
0.280728,0.18833533,0.3179001,0.54085445,0.697686,0.45299932,0.34838542,0.23148166,0.5218433,0.7812504,1.0,0.7855485
0.5403906,0.2208841,0.23674671,0.59083605,0.8519382,0.513473,0.23864667,0.26237696,0.32874787,0.7416256,0.90011203,1.0
0.4508411,0.24817501,0.2794979,0.64653677,1.0,0.770437,0.39132887,0.31891897,0.26848504,0.4713411,0.5577626,0.8014992
0.22108996,0.14650136,0.17316486,0.24265312,0.49525806,1.0,0.76504713,0.21276852,0.17602994,0.4971552,0.40128186,0.37019813
0.17862491,0.119783096,0.107795715,0.16118896,0.27028137,0.7993543,1.0,0.24892204,0.19114928,0.48751643,0.24590518,0.18921214
0.17252389,0.11359539,0.10242384,0.21038269,0.21048535,0.51342964,1.0,0.2892557,0.13148183,0.40695593,0.30743304,0.2702656
0.24603264,0.087574,0.07526865,0.15398088,0.18235208,0.52270275,1.0,0.3644022,0.10398042,0.2278175,0.2788322,0.42685136
0.093490355,0.08290372,0.06780428,0.13677453,0.21498421,0.33590522,1.0,0.6412798,0.17270839,0.26757833,0.20256591,0.14529349
0.15502429,0.18210083,0.15824956,0.2511996,0.40254617,0.6248456,1.0,0.50129265,0.3055742,0.4749722,0.24515155,0.15757975
0.28532404,0.31454664,0.201936,0.25025198,0.32935113,0.8415528,1.0,0.55001825,0.39034712,0.3775649,0.2669461,0.21272087
0.26321954,0.3298665,0.13765973,0.1840728,0.24123845,0.7134242,1.0,0.56448007,0.46192306,0.31688243,0.30549124,0.21508636
0.22144115,0.2831589,0.12307481,0.17013532,0.2851848,0.775507,1.0,0.49610704,0.9026786,0.81535465,0.6214713,0.25757104
0.1384065,0.0983801,0.05660125,0.080328904,0.18625763,0.4800469,0.50452775,0.25340402,0.5407986,1.0,0.6184858,0.12091844
0.17080168,0.09133736,0.08756495,0.09667865,0.36774632,1.0,0.43769684,0.20142248,0.23202887,0.5253195,0.30780125,0.13900137
0.17409223,0.11163888,0.115177944,0.113684036,0.49513096,1.0,0.20828584,0.20952184,0.22180554,0.16001587,0.09868544,0.18344876
0.2240929,0.3763083,0.25349367,0.28340086,0.6537795,1.0,0.21238028,0.3007087,0.3413362,0.22949192,0.1158079,0.16528842
0.32829332,0.3879075,0.29044673,0.5107672,0.9474017,1.0,0.24892591,0.2609963,0.35466483,0.31986162,0.17569374,0.18485175
0.53486234,1.0,0.6906842,0.57513076,0.43410242,0.4418535,0.29103896,0.31524986,0.78916925,0.73580736,0.38636127,0.24377424
0.29451942,1.0,0.37486532,0.3127049,0.34335318,0.20065692,0.101327226,0.103433624,0.23679544,0.34008574,0.16690063,0.060121067
0.26865116,1.0,0.34546798,0.48294806,0.62771505,0.41076025,0.1773721,0.12745655,0.19680914,0.26390937,0.16123194,0.08855295
0.15255871,1.0,0.5331749,0.18371953,0.23877619,0.2376983,0.10380647,0.05917014,0.10392638,0.061085865,0.04188581,0.036925044
0.054627825,0.62910706,1.0,0.78634095,0.28702804,0.071872145,0.081729695,0.052197717,0.075927384,0.11485544,0.060209293,0.016802147
0.005359375,0.030039808,0.19787544,1.0,0.75883484,0.07596106,0.02227773,0.010288582,0.012603129,0.028277244,0.016573003,0.008123977
0.0018465746,0.0056442777,0.063563816,1.0,0.9407975,0.0807379,0.014573975,0.0053264806,0.0034525734,0.0033623115,0.00323975,0.003946645
0.004531428,0.011760505,0.054961026,0.9137558,1.0,0.16354437,0.04254628,0.017273422,0.004215629,0.006681132,0.004890033,0.0036656433
0.32254663,0.21172863,0.19365728,0.7839321,1.0,0.4886167,0.19461566,0.07151814,0.03850155,0.05704179,0.20136078,0.40031555
0.7443231,0.28591123,0.122741126,0.21844639,0.21149638,0.05604244,0.0341206,0.040636815,0.07410936,0.1899746,0.53519195,1.0
0.9439668,0.6673471,0.36162615,0.37555006,0.25515035,0.16870776,0.22121389,0.3448947,0.5813401,0.883797,0.89638275,1.0
0.4557093,0.23568103,0.21736014,0.1413967,0.110713094,0.20160195,0.28009108,0.29502252,0.36776477,0.9298745,1.0,0.69893634
0.3284253,0.30713058,0.3665641,0.19233161,0.10941499,0.19941229,0.26750186,0.28542903,0.30757657,0.6421444,1.0,0.5543953
0.44134066,0.53137046,1.0,0.7664957,0.34856164,0.19261736,0.1578494,0.3144534,0.30444103,0.43703768,0.4812849,0.41951525
0.6730807,0.6319512,0.6850354,0.814029,0.4216445,0.19416049,0.14573897,0.6008434,1.0,0.8519197,0.60588646,0.88960594
0.13086352,0.11654327,0.08216559,0.2244158,0.4504438,0.16780421,0.037274726,0.13046518,0.38077703,1.0,0.528779,0.20393232
0.014267688,0.03460665,0.017233076,0.050265484,0.39133617,0.16316266,0.009008058,0.019704439,0.08212491,1.0,0.50167644,0.024463037
0.012314873,0.048625786,0.027492419,0.028135587,0.45398661,0.40272874,0.017161438,0.018715715,0.04243303,1.0,0.9258557,0.042843677
0.0089392075,0.09489134,0.12609272,0.02272058,0.39030555,0.49413484,0.019452339,0.013985609,0.020204639,0.66994333,1.0,0.054542344
0.01779469,0.265274,0.47626692,0.07270831,0.26643908,0.37455702,0.026868135,0.017346427,0.019216865,0.4541096,1.0,0.10551243
0.08656367,0.20596926,0.4722768,0.37690547,0.19468912,0.16722977,0.054445982,0.02396503,0.024382029,0.265537,1.0,0.5394725
0.504112,0.16448198,0.34471056,0.9250923,0.6746795,0.14297262,0.108390406,0.08684465,0.033951048,0.12373919,0.7010319,1.0
0.43545064,0.2765887,0.098979585,0.3361335,1.0,0.41728148,0.04834562,0.09949874,0.080825165,0.03987147,0.17612672,0.20771044
0.40100628,0.98743045,0.19717611,0.15850322,0.9645301,1.0,0.05287749,0.12301958,0.34903315,0.07554138,0.12505549,0.117196254
0.5974922,1.0,0.18320675,0.10801608,0.63214207,0.5923246,0.0370164,0.15017587,0.3252664,0.088462524,0.0945227,0.08846077
1.0,0.5982998,0.10494969,0.15189488,0.81688184,0.33307067,0.029927814,0.14110313,0.120850325,0.05200543,0.07156494,0.17762798
1.0,0.19195747,0.08326655,0.31693015,0.5308248,0.087060414,0.044035062,0.09369248,0.020627627,0.041301295,0.07553609,0.472809
0.66340095,0.067518204,0.15643632,0.58124375,0.29768988,0.03089555,0.067746155,0.05045124,0.009285311,0.018889675,0.1878768,1.0
0.13048996,0.034211937,0.28484574,0.38847494,0.05237821,0.045681786,0.061439972,0.009372534,0.00790686,0.018784842,0.45500353,1.0
0.11749297,0.070989385,0.43639094,0.3283818,0.06185252,0.114911266,0.07992502,0.0100138895,0.010080848,0.047810826,0.73937106,1.0
0.543154,0.09506186,0.26635107,0.3286562,0.14531064,0.0984035,0.10270137,0.042991392,0.013315392,0.034258433,0.35377374,1.0
1.0,0.22881512,0.24991931,0.3515714,0.3566233,0.2624845,0.24093626,0.09649394,0.04765995,0.07016394,0.19177477,0.88269573
0.82424,0.45118538,0.22165442,0.27720678,0.40825027,0.6772819,1.0,0.49566275,0.16223225,0.19494963,0.34047213,0.6781879
0.086966604,0.12668028,0.10183759,0.04292882,0.09010109,0.17128149,0.7926011,1.0,0.14728613,0.08626418,0.06737498,0.054619472
0.01436524,0.028281456,0.0655401,0.037148885,0.041764528,0.09946224,0.44712156,1.0,0.19542964,0.023912251,0.021052295,0.017097125
0.01938854,0.01678034,0.054379106,0.044291165,0.04020683,0.11720436,0.3768343,1.0,0.24746297,0.014535333,0.011838359,0.015211465
0.046213694,0.026133223,0.03906961,0.044384543,0.108117126,0.6408708,1.0,0.7365328,0.105277926,0.01413331,0.019115997,0.030607577
0.09358244,0.041951623,0.038516287,0.08536946,0.44991386,1.0,0.48722968,0.15578018,0.06244138,0.023720054,0.035312355,0.09370734
0.17250928,0.07658274,0.19309606,0.7948233,1.0,0.49388015,0.18794198,0.24629891,0.11178469,0.06360471,0.11526072,0.20273016
0.07763815,0.042576075,0.29443392,1.0,0.3719272,0.13563816,0.12140664,0.21545991,0.052980658,0.034257803,0.07067219,0.09218639
0.11073934,0.048683964,0.23476443,0.9134692,1.0,0.66710013,0.23718369,0.20133382,0.06737794,0.04614742,0.10556057,0.18248463
0.106294855,0.011284771,0.01609643,0.06257371,0.61960024,1.0,0.28941536,0.07010859,0.06285408,0.035559166,0.016007863,0.12486904
0.35161626,0.017994506,0.018908296,0.060035232,0.941235,1.0,0.3104361,0.13607009,0.2210223,0.10138964,0.05369231,0.5465101
0.7338403,0.034045544,0.03138371,0.06001388,0.7538301,0.46924368,0.0875112,0.06747834,0.17985883,0.09426388,0.11599677,1.0
1.0,0.09127355,0.055308722,0.062388927,0.4503058,0.78042036,0.11281576,0.02451576,0.08765069,0.09524773,0.11283682,0.73235124
0.5276914,0.11641677,0.042608436,0.037515666,0.2163111,1.0,0.22254914,0.019348351,0.056726888,0.063485816,0.04094274,0.15901223
0.23529108,0.11748381,0.04742369,0.03924877,0.23557916,1.0,0.30735794,0.033668578,0.06357296,0.043568257,0.025581047,0.047070634
0.13192627,0.1541629,0.12898114,0.22133358,0.47711042,0.9463876,1.0,0.25999367,0.07267761,0.05308042,0.028747186,0.0568234
0.040383734,0.037832726,0.030042417,0.09626928,0.18458135,0.4148627,1.0,0.22185732,0.01724201,0.015048085,0.0076894187,0.017183714
0.02971671,0.016773134,0.011678706,0.0340524,0.09628453,0.75159127,1.0,0.09288131,0.011859934,0.0120806405,0.0044886214,0.020118155
0.014750786,0.010916069,0.0071496465,0.01333292,0.13102154,1.0,0.72463024,0.06693155,0.016478563,0.011432372,0.004227656,0.014311391
0.010646928,0.006806272,0.0035532515,0.016927406,0.35660908,1.0,0.27261433,0.028466681,0.018493136,0.01153462,0.0061950875,0.012022266
0.018794877,0.009459459,0.004559552,0.087080926,1.0,0.9986797,0.11462502,0.018397843,0.050971135,0.025144393,0.012666734,0.021537188
0.019519018,0.008437036,0.0066385926,0.101217404,0.8363977,1.0,0.13433132,0.022719523,0.045025714,0.019640047,0.008966992,0.014889732
0.024536246,0.014239672,0.0075051514,0.018616905,0.22128193,1.0,0.5382794,0.060970213,0.018679755,0.009245748,0.007753554,0.010482314
0.012485381,0.01276388,0.010221856,0.008258407,0.062070064,0.37002015,1.0,0.5355711,0.04595315,0.007887992,0.0077741044,0.006791204
0.0051620807,0.0071490747,0.0029877597,0.0041021835,0.10528914,0.67424524,1.0,0.36857995,0.04118243,0.0076465188,0.009430258,0.011030135
0.009121401,0.016336698,0.009778806,0.008411593,0.25407416,1.0,0.59270847,0.115795836,0.029747393,0.024357159,0.049120706,0.036465682
0.04060119,0.09859835,0.045248657,0.03876862,0.7144409,1.0,0.18852589,0.044848002,0.048207387,0.1613791,0.3131439,0.083033994
0.09030521,0.16767865,0.035118107,0.034308635,0.6564724,1.0,0.16539213,0.05348071,0.048202712,0.12688182,0.3785948,0.15502836
0.11682575,0.16319533,0.04702576,0.0112144295,0.22787705,1.0,0.45253405,0.06366695,0.02327436,0.0206695,0.14473143,0.31419924
0.06012321,0.04470522,0.03154381,0.00928628,0.030655457,0.47479588,1.0,0.25779024,0.023082566,0.010264654,0.051040564,0.15888911
0.0136003,0.01042279,0.011282839,0.0037690226,0.0041635833,0.102493666,1.0,0.69504905,0.042563666,0.0048621995,0.00828227,0.017566547
0.0016180836,0.0039008013,0.0050765597,0.0011466478,0.011305287,0.1756401,1.0,0.691914,0.043824926,0.0014437363,0.0008907361,0.0010268027
0.0054892795,0.0034305858,0.0012996624,0.004573194,0.17824717,1.0,0.9572001,0.3264415,0.031129135,0.0021407893,0.0024996123,0.0027258105
0.0084616495,0.009103556,0.0024677042,0.011951222,0.43481386,1.0,0.16734064,0.009642744,0.0055308174,0.0033965858,0.005135281,0.0066493256
0.010422687,0.016963594,0.0050571943,0.03077575,0.6624164,1.0,0.09791904,0.01323381,0.0049650786,0.005590028,0.0120729515,0.013358699
0.0112889055,0.014377893,0.0034736407,0.019108362,0.2977062,1.0,0.98882306,0.22237803,0.018413676,0.0056108106,0.012773594,0.011903826
0.0028446575,0.006927481,0.0012916443,0.0005222885,0.005423302,0.12468277,1.0,0.70716226,0.058186013,0.0014266006,0.0008730647,0.0013459232
0.0009216127,0.0038368998,0.0014331895,0.00017534175,0.0013687895,0.07435857,1.0,0.9302479,0.06414042,0.0010436003,0.00060826325,0.0004931494
0.0041635204,0.006596807,0.0026301432,0.00090262486,0.01139415,0.19386837,1.0,0.66420645,0.042949475,0.002191277,0.0011432667,0.002464485
0.05791665,0.05587393,0.02354269,0.026209705,0.3311315,1.0,0.8030842,0.25367245,0.03195662,0.010971357,0.015813008,0.07105949
0.16102715,0.12465088,0.07995945,0.26338246,1.0,0.6665806,0.12710035,0.022593103,0.023413962,0.018999139,0.309662,0.94681966
0.26598266,0.3443941,0.22539021,0.3663253,0.6429392,0.20654461,0.07971954,0.031466857,0.024663238,0.01780309,0.3817135,1.0
0.57088786,1.0,0.48548025,0.49707282,0.5392602,0.5032738,0.73542535,0.26012912,0.038921636,0.036345236,0.123750634,0.33731803
0.2150201,0.3610345,0.2005017,0.48260307,0.46751598,0.35542488,1.0,0.6860893,0.10160879,0.044441506,0.044692397,0.127789
0.092331715,0.09591218,0.11185914,0.31592146,0.58191496,0.8850947,0.8842163,1.0,0.21233672,0.05319822,0.04637929,0.104138665
0.039304815,0.042310424,0.033170562,0.08509795,0.42560995,1.0,0.49641338,0.19515651,0.03379657,0.012857975,0.01363715,0.03202297
0.31914353,0.3272884,0.25739986,0.4822485,1.0,0.9996402,0.6536,0.31348705,0.09598336,0.087976485,0.10921115,0.20875034
0.4265467,0.38209966,0.15293756,0.20946816,0.2712435,0.5037307,1.0,0.42348042,0.07744794,0.11608561,0.19393942,0.314204
0.42320037,0.49790263,0.2932648,0.53508216,0.89106405,1.0,0.64368683,0.58320457,0.220461,0.3038385,0.2993619,0.28705433
0.8461715,0.7875051,0.42718053,0.73317605,1.0,0.9554063,0.6811414,0.45997718,0.35918146,0.5061155,0.43642145,0.42941356
1.0,0.6976301,0.2719199,0.32623342,0.33522353,0.46541327,0.40320775,0.2729877,0.17640159,0.21088064,0.35044146,0.74939835
0.3782828,0.3850342,0.39621434,0.7891483,1.0,0.5312869,0.15594807,0.06983525,0.071486935,0.102876514,0.40762228,0.658848
0.7766374,0.86481696,0.75085056,0.75709397,0.9986812,1.0,0.97715217,0.45379966,0.0795382,0.08343061,0.3819936,0.68280566
0.20002104,0.4027498,0.5280487,0.18014617,0.08775478,0.17047262,0.8168743,1.0,0.11547404,0.01475189,0.04284786,0.096882164
0.033529248,0.16474514,0.56351995,0.07338437,0.006632544,0.03218583,0.513047,1.0,0.118459955,0.0041991905,0.0040982435,0.01275928
0.011836286,0.20615709,0.6677675,0.07562707,0.048565608,0.2700538,1.0,0.9374326,0.081188284,0.0017568115,0.0014356062,0.005118455
0.0151647,0.111331694,0.27453545,0.061058294,0.2245987,0.93630415,1.0,0.6145638,0.08748116,0.003847719,0.0013670722,0.0042410847
0.013799339,0.012560118,0.02293046,0.030981215,0.17085557,1.0,0.80771816,0.12984812,0.022651117,0.0036876877,0.0022926037,0.0073552704
0.022045473,0.02438725,0.055413656,0.01848061,0.047818795,0.43038276,1.0,0.43513906,0.044524487,0.007734615,0.0108728055,0.019170351
0.054024145,0.05352169,0.073656775,0.04775928,0.04637212,0.09263607,0.6248203,1.0,0.20618895,0.071515195,0.076293305,0.07128745
0.2142279,0.34057155,0.3650524,0.19287646,0.22095542,0.4842119,1.0,0.90799284,0.16944072,0.14292288,0.23045042,0.32021728
0.1880384,0.32687113,0.36084548,0.18502444,0.2842335,0.55776256,1.0,0.4514875,0.087526605,0.06539996,0.13414408,0.30163106
0.48323983,0.7387825,1.0,0.55472016,0.6630956,0.6510881,0.68226755,0.49101827,0.25197408,0.23786063,0.38843542,0.6555562
0.23505287,0.3894455,0.65730155,0.3959519,0.4006204,0.6019356,1.0,0.58339226,0.25866732,0.21630879,0.2301312,0.26983488
0.42017427,0.45784032,0.57473564,0.4531762,0.47415784,0.595224,1.0,0.6643341,0.3610311,0.35582954,0.37600943,0.40601718
0.86193126,0.93786114,1.0,0.7324356,0.63905776,0.7527677,0.8508781,0.61007816,0.4764248,0.55821484,0.67199355,0.76418793
0.56290066,0.62624663,0.6787545,0.74033844,0.70824665,1.0,0.9229037,0.57995754,0.4490646,0.55758405,0.5714141,0.5995714
0.11251663,0.10078651,0.19060753,0.5915857,0.41803384,0.301438,0.47933352,0.766882,1.0,0.9784434,0.67514896,0.31860152
0.010387747,0.012685525,0.031927273,0.24896903,0.14831239,0.35958716,1.0,0.77186984,0.23452975,0.109478064,0.06594925,0.016085252
0.0067072283,0.0063537927,0.03026869,0.21960478,0.148814,0.73480207,1.0,0.23914081,0.03958778,0.01757949,0.011451399,0.004506633
0.0059586666,0.0050516394,0.064596005,0.25732437,0.1375052,1.0,0.7506761,0.11072807,0.02691206,0.015763199,0.0061477,0.003577311
0.007546825,0.0067810914,0.07435138,0.3543102,0.12785368,1.0,0.7365225,0.09820458,0.036480516,0.016222289,0.009215651,0.005116999
0.00704196,0.010347534,0.040256176,0.2049618,0.10900774,0.9968359,1.0,0.10426928,0.034527697,0.016108263,0.015311585,0.0094075035
0.0053008925,0.012305048,0.02628504,0.06864011,0.05373104,0.61957365,1.0,0.12639248,0.019348867,0.013805424,0.019931944,0.008739111
0.0061202454,0.01897223,0.0108699305,0.02893014,0.034413043,0.35984078,1.0,0.19300273,0.015190868,0.010376653,0.01876416,0.0056560957
0.008296467,0.013739564,0.0061264085,0.027730374,0.033283744,0.49638563,1.0,0.13871187,0.01370676,0.01326004,0.026869494,0.012196452
0.015808549,0.01544201,0.01534389,0.046582904,0.08658856,0.95645195,1.0,0.09394612,0.016038844,0.019703511,0.03865602,0.019788178
0.02069275,0.03754278,0.062882066,0.061724376,0.2794479,1.0,0.5121019,0.1227604,0.030442074,0.044625998,0.06919684,0.022676181
0.061078697,0.1483666,0.18232936,0.09547666,0.80592287,1.0,0.22156988,0.18760404,0.09812269,0.13474913,0.20672207,0.10756196
0.17964043,0.14368671,0.11587038,0.060164727,0.5219854,1.0,0.22861905,0.22129683,0.121327825,0.095085405,0.16956863,0.20030604
0.45659712,0.35606003,0.13409548,0.064279445,0.2630059,1.0,0.832348,0.6063224,0.17687415,0.12006015,0.18302885,0.35318744
0.27018353,0.23192632,0.0980118,0.038707595,0.04572797,0.16800272,0.83667505,1.0,0.14617123,0.049279254,0.05252206,0.16403529
0.3704692,0.13774797,0.07777251,0.02768693,0.026901685,0.09890995,0.89913577,1.0,0.09836888,0.026385635,0.099586554,0.39789286
0.18586555,0.07480843,0.03141509,0.012748647,0.022645868,0.15419814,1.0,0.5050191,0.040434074,0.017397687,0.16651149,0.52957875
0.10075995,0.081691414,0.020862201,0.015131075,0.05652933,0.4841197,1.0,0.26141503,0.049479287,0.03239867,0.20830286,0.27919465
0.187684,0.12571497,0.043855768,0.026607418,0.17123543,1.0,0.7388862,0.22431356,0.0914061,0.073803656,0.23128697,0.24347696
0.6727656,0.43263865,0.17548665,0.09760238,0.60154593,0.97046196,0.41948205,0.42926046,0.35471484,0.17537084,0.35704115,1.0
0.8089241,0.38587052,0.21667679,0.14220792,0.6355358,0.40763593,0.38812035,0.7939395,0.84956425,0.26149952,0.31229174,1.0
0.76045126,0.2982504,0.11065615,0.052787144,0.12485707,0.20804863,0.63825357,1.0,0.392554,0.14992173,0.11559735,0.30801845
0.23794676,0.10908937,0.07902097,0.044591084,0.07259697,0.19681694,0.77705246,1.0,0.26380718,0.0672718,0.032666482,0.0706027
0.064908795,0.056185484,0.074522905,0.07028728,0.15543684,0.4302379,1.0,0.9543089,0.363395,0.107246906,0.03937941,0.03389856
0.012887155,0.019679716,0.02611007,0.01717889,0.02299502,0.063459925,0.4563699,1.0,0.18648799,0.025831692,0.018534862,0.016435241
0.0037486176,0.012492165,0.0060309046,0.0020088868,0.017742973,0.2799414,1.0,0.8916704,0.095603436,0.00574638,0.003956337,0.00314128
0.006652271,0.007645765,0.002625304,0.0011906432,0.03130303,0.4635868,1.0,0.43129736,0.041928276,0.0054850327,0.0055822134,0.0076849135
0.046324957,0.035623647,0.009239481,0.013165382,0.24603495,1.0,0.7751486,0.21470076,0.14496101,0.03817145,0.03821123,0.08303373
0.123823136,0.14003871,0.025931105,0.0905994,1.0,0.87707233,0.1745357,0.25237948,0.3106144,0.11632691,0.11000681,0.17583525
0.108811766,0.24590033,0.086716406,0.09492383,1.0,0.8824569,0.11731287,0.15418538,0.12361889,0.13487475,0.14223523,0.08917987
0.15854594,0.43612298,0.34230468,0.1270622,0.27669477,1.0,0.47397852,0.054890163,0.09989012,0.09371421,0.15764484,0.11939977
0.2137328,1.0,0.42283064,0.18483017,0.040840253,0.4458011,0.58069694,0.0473,0.044610173,0.031951193,0.086143225,0.107696906
0.13253045,1.0,0.3334022,0.07017765,0.024452807,0.19797018,0.76200765,0.19446938,0.029733814,0.023609921,0.061015047,0.07904122
0.041456457,0.23867486,0.07448808,0.012664806,0.03065045,0.37917757,1.0,0.22161856,0.013448187,0.011705635,0.023838898,0.020644655
0.031737104,0.049514133,0.010678614,0.021698026,0.16972795,1.0,0.9175115,0.08408096,0.011463381,0.01819474,0.006803533,0.004383158
0.026608951,0.024706028,0.016371451,0.18909423,0.80206937,1.0,0.5823752,0.07905122,0.041284796,0.05473086,0.01443121,0.012071137
0.010562153,0.014220273,0.038430024,0.6016646,1.0,0.17721097,0.15028085,0.06575792,0.047097854,0.058196735,0.043695718,0.031968735
0.0074982955,0.005387403,0.030406823,0.42374697,1.0,0.46130142,0.10793712,0.03600786,0.020791288,0.03806943,0.029955825,0.031764414
0.010054602,0.009214621,0.006761877,0.06958509,0.47876066,1.0,0.9606965,0.4986352,0.10096364,0.024893785,0.012056966,0.010135416
0.005837194,0.005896159,0.0028658404,0.0026165738,0.026694179,0.15841042,0.3881338,1.0,0.44740257,0.025355246,0.0046849228,0.002057974
0.0015129664,0.0021366705,0.0011028191,0.00079203025,0.0030621178,0.012238695,0.13521113,1.0,0.47495517,0.01562583,0.0014894386,0.00062725594
0.000775387,0.00088668836,0.00086630706,0.0026949726,0.03008067,0.1951931,0.80365133,1.0,0.20980375,0.01473539,0.005690817,0.0018158337
0.0013787111,0.0016319037,0.0031922925,0.025069341,0.32763934,1.0,0.99564314,0.32832855,0.04830172,0.0123308245,0.0099028405,0.0029568025
0.006538155,0.011594721,0.020492487,0.12843339,0.9562831,1.0,0.2627129,0.07738156,0.058351845,0.018918365,0.026676135,0.008993094
0.028547324,0.05092868,0.07718441,0.1987546,1.0,0.49666938,0.14625175,0.21287915,0.09728491,0.03887268,0.08691631,0.028389199
0.020640804,0.06044437,0.07805451,0.07988999,0.3754939,1.0,0.68344563,0.2702674,0.06303118,0.02587959,0.08893872,0.052161485
0.015976062,0.06582022,0.03772637,0.023633469,0.06384159,0.4030002,1.0,0.34008726,0.027519379,0.01041694,0.03961117,0.051396824
0.025738327,0.09072995,0.061523594,0.014831054,0.03782634,0.11194474,1.0,0.6122224,0.031141078,0.008006072,0.020792563,0.056524117
0.015110623,0.059991587,0.04823127,0.019203294,0.059454363,0.26027834,1.0,0.514077,0.033683356,0.008085047,0.024870861,0.044716056
0.009963847,0.025158685,0.032185115,0.109357595,0.47302103,1.0,0.83086944,0.20385803,0.030693162,0.023289768,0.036411867,0.028940612
0.007982332,0.021848934,0.18438648,0.89051074,1.0,0.6817897,0.24321377,0.10932141,0.052443426,0.061591286,0.027096063,0.007855056
0.0060699508,0.0142698055,0.29520398,1.0,0.2759933,0.15060645,0.069051184,0.050139114,0.048922826,0.030001072,0.0111278705,0.0052379626
0.004683352,0.008248717,0.2502288,1.0,0.31704095,0.12732424,0.03789376,0.037089616,0.02347849,0.009798499,0.005868274,0.0029285452
0.0023695533,0.00921338,0.29091272,1.0,0.28540993,0.10732387,0.024695486,0.03135175,0.012068489,0.0047099153,0.008925633,0.0020559726
0.004371444,0.07868133,0.6858217,1.0,0.19616458,0.1099683,0.019843377,0.021934152,0.007023685,0.009646786,0.015408532,0.002093633
0.038734887,0.4519315,1.0,0.3998121,0.068291746,0.046753664,0.010766963,0.004132386,0.0031062488,0.008387786,0.006593826,0.0018276945
0.1489744,1.0,0.7966534,0.07850035,0.0075954767,0.0062851505,0.0057922495,0.0020867002,0.0025659348,0.0028036083,0.001382909,0.0035853612
0.28802565,1.0,0.53638476,0.059393372,0.005166676,0.012232566,0.015868478,0.007959389,0.0057553877,0.0021473,0.00196459,0.010623081
0.8772517,1.0,0.2189266,0.09924169,0.052452683,0.1819611,0.25209177,0.09150932,0.04895413,0.011290459,0.021431535,0.10384205
1.0,0.47722146,0.16765438,0.41711882,0.30568606,0.30054024,0.48059398,0.2364845,0.16712692,0.1921313,0.4205742,0.8816478
0.20179811,0.18060412,0.25489825,0.4327856,0.34894255,0.69302815,1.0,0.43425366,0.3276148,0.5911534,0.81631964,0.5466025
0.03853672,0.15886807,0.24565294,0.44329318,0.3122627,0.49542895,1.0,0.32117915,0.098006554,0.06833406,0.06242471,0.020209095
0.040200286,0.16819376,0.18354627,0.35566247,0.3334567,0.4997659,1.0,0.23643163,0.055958867,0.019578373,0.018353287,0.010812927
0.049554575,0.19674544,0.18060079,0.20399305,0.14201966,0.4820923,1.0,0.298211,0.06066313,0.02493898,0.028122006,0.023679161
0.12253969,0.4788256,0.8823329,1.0,0.3398615,0.5881803,0.75533193,0.56171966,0.21626103,0.07406034,0.09395168,0.056189757
0.052404862,0.18193045,0.4161879,1.0,0.46727657,0.267745,0.5113503,0.49511635,0.30145356,0.06839977,0.051321886,0.037203453
0.067217074,0.23335357,0.5310209,0.90895957,0.5820501,0.808572,1.0,0.9766867,0.79112244,0.11457554,0.08396063,0.08858023
0.07452583,0.20842262,0.4135556,1.0,0.5163247,0.61918557,0.90529364,0.8733599,0.80726784,0.14859162,0.10828626,0.10860888
0.085098796,0.15357685,0.34325328,0.6917703,0.90958846,1.0,0.7966846,0.3131591,0.3182306,0.19108154,0.11758011,0.09438887
0.11533815,0.23462817,0.28709584,0.32932937,0.91134655,1.0,0.8694898,0.43473464,0.46330357,0.43989035,0.23113717,0.14118303
0.20989327,0.48297966,0.6577066,0.5294012,0.7347961,0.8079149,1.0,0.7190878,0.96803325,0.7731667,0.38316557,0.17819227
0.12320963,0.25771815,0.9423244,0.7191904,0.549465,0.720886,1.0,0.86332774,0.52067864,0.4124353,0.259143,0.13308822
0.102159075,0.19068131,0.8175012,1.0,0.8665241,0.8557397,0.72286886,0.67347455,0.36193043,0.37796345,0.35913542,0.12568963
0.06953508,0.11858183,0.25460848,0.5139365,0.82473886,1.0,0.47898328,0.29909357,0.1654249,0.2956584,0.30677968,0.10172735
0.12706381,0.1171869,0.17185147,0.30549565,0.56836015,1.0,0.5044775,0.2243556,0.13894035,0.12785585,0.15235655,0.1568081
0.26684374,0.34854886,0.5996529,0.5767268,0.5715789,1.0,0.68032634,0.2715104,0.1330622,0.14530492,0.12528329,0.12915699
0.039051514,0.06981898,0.28475448,1.0,0.47525373,0.1134341,0.12550627,0.08459437,0.033895124,0.054449953,0.035529662,0.014941902
0.0052383556,0.010959794,0.07960588,1.0,0.5994837,0.06051432,0.03629483,0.022523677,0.017359797,0.016671559,0.011074028,0.006408592
0.004064443,0.0092202965,0.045197003,0.76958174,1.0,0.3327578,0.07150344,0.019699905,0.010749931,0.009433386,0.0051818625,0.005930411
0.008980849,0.022139024,0.06111684,0.40119308,1.0,0.6850039,0.17008874,0.035768755,0.017333629,0.01876326,0.011020143,0.0066090347
0.11669752,0.20608823,0.44535846,1.0,0.7038424,0.3644902,0.32771483,0.13064033,0.09553062,0.07437232,0.056594476,0.06574015
0.31612685,0.2514744,0.30083916,1.0,0.85124385,0.35460708,0.38715494,0.21835898,0.15268667,0.15183572,0.15665893,0.26245937
0.490745,0.62260824,0.82418925,0.7833837,0.67679024,0.6420935,0.60060906,0.47307178,0.6397608,1.0,0.7988857,0.48484182
0.5866998,1.0,0.8654094,0.65053767,0.4804359,0.4979104,0.55681896,0.45814908,0.4398005,0.7976686,0.8834567,0.762169
0.435745,0.35342765,0.83849525,1.0,0.64006096,0.29291975,0.23621154,0.32851556,0.42385256,0.37432888,0.5364171,0.7337505
0.46460614,0.5294696,1.0,0.818284,0.53736913,0.29306,0.14397632,0.2857952,0.3252625,0.45969808,0.40467918,0.5158537
0.48701826,0.57652336,1.0,0.95801955,0.7715836,0.4808272,0.19955482,0.22300236,0.24729413,0.3625207,0.28436586,0.3531918
0.30843756,0.33269274,0.57867116,1.0,0.98469555,0.63242376,0.30844727,0.27638543,0.26021558,0.18824095,0.17701171,0.17629874
0.605061,0.6945537,0.5498745,0.85194665,1.0,0.70400816,0.8630808,0.8716429,0.5698987,0.20883481,0.35301873,0.6579955
0.44995046,1.0,0.8334668,0.31709757,0.30075964,0.24640173,0.68546724,0.70553225,0.29954183,0.07034856,0.1465136,0.34224096
0.06625932,0.22033897,1.0,0.52138144,0.061938643,0.054161448,0.16209008,0.7206443,0.34219578,0.029375048,0.068898425,0.11244059
0.05349328,0.07547418,1.0,0.56632006,0.044936467,0.049973074,0.045063205,0.5295873,0.27744907,0.022681253,0.085041136,0.18734594
0.084476,0.25586644,1.0,0.33612603,0.08930465,0.080035426,0.109553024,0.44293544,0.13786352,0.030308593,0.1064293,0.22516814
1.0,0.7988765,0.71557623,0.3175193,0.32151693,0.2845121,0.25383735,0.31796578,0.12268846,0.07840113,0.09599302,0.4109081
1.0,0.27260822,0.15876105,0.30814677,0.68290085,0.29387963,0.057202928,0.07999228,0.106619745,0.05671686,0.12747048,0.97203076
0.7183303,0.33597073,0.16045167,0.35818705,0.97598267,0.2504809,0.066700175,0.073359914,0.108304255,0.03737862,0.1936149,1.0
0.93919057,1.0,0.7496055,0.20392406,0.3431251,0.1909037,0.20206091,0.25159073,0.06962866,0.034501098,0.07576581,0.38871828
0.14996363,0.42350513,1.0,0.20399965,0.079727374,0.041148447,0.15442061,0.6414018,0.20737727,0.10472476,0.12833618,0.0835434
0.06058442,0.049437255,0.34342822,0.168779,0.047447905,0.033975612,0.21400253,1.0,0.44401783,0.16995949,0.18563412,0.05862529
0.106457606,0.038702797,0.112803966,0.1533071,0.049698103,0.07750421,0.30117717,1.0,0.6306675,0.14766474,0.1071155,0.096432306
0.43926734,0.26695395,0.3211169,0.32003498,0.28114638,0.37099597,0.53509545,0.9689932,1.0,0.42583787,0.20185383,0.41967985
0.21237747,0.15425767,0.26161972,0.145776,0.09496465,0.099447325,0.2995425,1.0,0.30271402,0.098105624,0.06398339,0.11104905
0.040560868,0.028069869,0.053811777,0.025255457,0.015067004,0.04855314,0.22018272,1.0,0.4439761,0.03724659,0.013321617,0.023313474
0.012790134,0.009096642,0.015336533,0.007984903,0.0066395416,0.018074105,0.07822376,1.0,0.92608833,0.06852247,0.0042602574,0.008524005
0.0041779433,0.0022750366,0.0043625613,0.0032505742,0.0020417827,0.0016813754,0.02248624,0.62957156,1.0,0.08673598,0.0014718518,0.002487085
0.0029306817,0.0014700933,0.003252535,0.0024874713,0.0015719269,0.002068835,0.045489326,0.8416438,1.0,0.07123951,0.0011521548,0.0010060063
0.0039376575,0.00291276,0.004381853,0.0025317972,0.004254679,0.04141273,0.32517463,1.0,0.4911181,0.027633972,0.0009969985,0.0017312805
0.01107815,0.008214544,0.008254244,0.0107833315,0.12542439,0.61214715,1.0,0.6342129,0.082840785,0.005565946,0.002137626,0.0050323107
0.021921454,0.0073943157,0.0043536103,0.013597829,0.29054272,1.0,0.35643572,0.058855478,0.011284989,0.0026394099,0.0023922229,0.00948138
0.033740114,0.02217579,0.012061088,0.015176092,0.2321871,1.0,0.70589733,0.21374778,0.036514856,0.00542952,0.005827342,0.013413309
0.025673494,0.03195855,0.023172915,0.017527325,0.0570797,0.26489392,0.69943464,1.0,0.44335976,0.05169513,0.012697489,0.019933239
0.0456615,0.034061242,0.04678237,0.07131514,0.04354254,0.022412052,0.08944965,0.46447465,1.0,0.1939739,0.016705813,0.026112191
0.09083952,0.055807147,0.08614334,0.10311099,0.08271003,0.050084013,0.027969493,0.17522612,1.0,0.31701252,0.024366159,0.034922242
0.051267736,0.025687905,0.047046375,0.036354374,0.020300906,0.03803832,0.24053527,0.84294915,1.0,0.19665344,0.01882798,0.026566578
0.010802761,0.013048523,0.015352702,0.0049670655,0.0037792306,0.086076334,0.686659,1.0,0.26174897,0.023838231,0.01308321,0.009893116
0.012986219,0.008339271,0.0046086307,0.000929026,0.005113322,0.22610693,1.0,0.59383166,0.05997916,0.011212423,0.0069803274,0.010730755
0.08858193,0.022436902,0.012335368,0.0028622432,0.012537525,0.41451183,1.0,0.21870703,0.033132914,0.027476024,0.014238313,0.055165146
0.08348204,0.03569611,0.019531902,0.0037977179,0.0053475215,0.090754546,0.58605283,1.0,0.3281577,0.038438994,0.020488162,0.040163763
0.011562715,0.010809576,0.008253414,0.001598121,0.0014613582,0.005149186,0.11422475,1.0,0.9032007,0.06269835,0.0061173574,0.011688517
0.0012825337,0.0020338043,0.0016298146,0.000641505,0.00046346016,0.0007641757,0.0120721795,0.40943256,1.0,0.13023786,0.0025592265,0.0026386671
0.0001786708,0.00027987963,0.00033010743,0.00058046175,0.00017313432,0.0004115929,0.004582903,0.29731277,1.0,0.15214068,0.00158671,0.0003613142
0.00034898095,0.00030185134,0.00058529404,0.00061137014,0.00025830965,0.0029877846,0.07702587,0.72901577,1.0,0.098824695,0.0012712127,0.00041040962
0.0010173959,0.0011895682,0.0006727001,0.00034430568,0.0051977867,0.08890612,0.5956234,1.0,0.3381196,0.018872641,0.0004923902,0.00032715785
0.0012207152,0.0016628529,0.0005274407,0.0015043946,0.051649034,0.48650622,1.0,0.47024015,0.035253137,0.0024344018,0.0003545289,0.00038125127
0.0019438786,0.0011742437,0.0008731964,0.0063138064,0.19843963,1.0,0.620699,0.1750443,0.01889859,0.003172818,0.000742437,0.0015453593
0.0035742216,0.0041416483,0.005780414,0.012438796,0.17255506,0.7098893,1.0,0.60522497,0.40162742,0.16490722,0.01408634,0.0060126698
0.0011291616,0.0010788324,0.0013126615,0.001690279,0.0058955844,0.012919225,0.039752945,0.070303835,0.71159846,1.0,0.15005909,0.005580627
0.0004735692,0.00040342362,0.0004678236,0.0010084359,0.0029213754,0.003031559,0.003358024,0.020364592,0.4972521,1.0,0.13130338,0.0024944826
0.0011132465,0.00027643098,0.00073948194,0.0020648276,0.0020314308,0.001717385,0.016679289,0.22454901,1.0,0.69049305,0.049708378,0.0011069474
0.002356662,0.00064829766,0.0018107739,0.0018441863,0.0010496461,0.009377146,0.22502013,1.0,0.8613266,0.14629805,0.005206918,0.0021581324
0.0019615472,0.0010106618,0.0011547441,0.00040006862,0.0021644947,0.061549045,0.7316003,1.0,0.17411318,0.008422035,0.00082516356,0.0032368908
0.0015214315,0.0013984297,0.00097571913,0.0003279038,0.004582028,0.13785975,1.0,0.56925774,0.041784342,0.003471467,0.0012820533,0.003534643
0.0015705399,0.003078276,0.0031027591,0.0011005822,0.005567992,0.10027795,0.9951956,1.0,0.11155105,0.012845522,0.001780579,0.0021347646
0.0044109565,0.0033431454,0.00700102,0.0069595794,0.0072331782,0.0500817,0.4641291,1.0,0.98742646,0.29936177,0.014291365,0.0022478874
0.001251061,0.0008181901,0.0009585697,0.0016110108,0.002705962,0.009385311,0.018430898,0.09545725,1.0,0.62854934,0.026701465,0.00046756276
0.0008991291,0.0005218061,0.0004457914,0.0005120313,0.0009637011,0.005650378,0.019531762,0.18783553,1.0,0.4793611,0.019840172,0.0005554638
0.0008079234,0.00075150427,0.0009316663,0.00046310577,0.0009924064,0.036502663,0.40968725,1.0,0.67417836,0.10818781,0.004158211,0.0006480546
0.00045925478,0.0011884762,0.00086846313,0.00030198036,0.001856415,0.11507563,1.0,0.8737763,0.10344881,0.0053074253,0.0008078383,0.00094569963
0.0009128978,0.0008823513,0.00036446517,0.00042295342,0.003917854,0.17378168,1.0,0.40460628,0.018107401,0.0035269468,0.0028076116,0.0029536397
0.0019823578,0.0008307884,0.0009225969,0.0010826568,0.009192542,0.16304873,1.0,0.85102284,0.10304375,0.0124324,0.010780062,0.011725289
0.0011977324,0.0005866363,0.0012420726,0.0008588736,0.003504767,0.021424918,0.26524824,1.0,0.47354272,0.03424193,0.0047498024,0.00488809
0.0011059474,0.00041354034,0.0005845529,0.000605294,0.0016280508,0.010903931,0.059173044,0.36637288,1.0,0.27710658,0.008559948,0.0010681478
0.0009535355,0.0002558571,0.00015314332,0.00035109924,0.00044860056,0.0025940083,0.010204279,0.1346188,1.0,0.408307,0.009199579,0.00052132225
0.0005125434,0.00019657369,0.00016750247,0.00023249678,0.0006683922,0.007084587,0.0607944,0.4901021,1.0,0.21895958,0.0041790092,0.00041495933
0.0004918716,0.00043947672,0.00034847148,0.0005677429,0.019768374,0.2843918,0.9388355,1.0,0.5269408,0.052794293,0.0020210145,0.00082701637
0.00057248643,0.00047712136,0.00010035291,0.00041459128,0.04990243,0.7397353,1.0,0.17154583,0.026054826,0.002675721,0.0010293548,0.0005804701
0.00062633044,0.0005218597,0.000109168686,0.0005001194,0.06266781,0.9315498,1.0,0.09736458,0.017367883,0.0015883787,0.0009962439,0.00090166536
0.00027741253,0.00031517338,0.00023376258,0.00046857444,0.027089432,0.3973021,1.0,0.43392918,0.03822595,0.0013965913,0.0006931725,0.00057097804
0.0005033771,0.0006242064,0.0012659369,0.0010633073,0.0058157346,0.07738176,0.6680715,1.0,0.12076294,0.0020568478,0.0012223141,0.0012403615
0.0038153552,0.0017413821,0.00336848,0.0028533228,0.0042265067,0.044426914,0.3767313,1.0,0.3707376,0.076458685,0.029944325,0.013045026
0.3105481,0.14032267,0.02554905,0.0069450354,0.012920875,0.35759103,0.8105418,0.4976144,1.0,0.954487,0.5842124,0.4303689
0.4144382,0.36197785,0.077029444,0.010498745,0.010815164,0.34382597,0.70360595,0.80563265,1.0,0.28503382,0.15566202,0.23611104
0.025329148,0.0640916,0.036364015,0.008604008,0.006638899,0.2554636,0.7366393,0.9726572,1.0,0.12610139,0.009656776,0.008155936
0.0037399163,0.006945546,0.009096872,0.0038964534,0.0051096743,0.15917227,0.74436927,1.0,0.9474437,0.12139191,0.0067919176,0.0042293794
0.015582483,0.008977283,0.005343643,0.0052720034,0.012410501,0.08773777,0.5001823,1.0,0.9736971,0.106749505,0.006657751,0.0093078045
0.025388673,0.020711266,0.012482608,0.0133447815,0.032166295,0.15372844,0.24712211,0.93228173,1.0,0.08778425,0.0075157057,0.02090862
0.06830938,0.034133896,0.015975902,0.015921704,0.034442514,0.09072268,0.124982096,1.0,0.8226171,0.05721947,0.04300133,0.07651375
0.31625748,0.21084931,0.16432433,0.19843651,0.22711243,0.266896,0.35243747,0.80236673,1.0,0.9821271,0.97621095,0.30017138
0.5884243,0.5708402,0.39451846,0.31282455,0.27214378,0.37911305,0.32315052,0.29268426,0.6968117,1.0,0.7484374,0.5157296
0.49818283,0.83304906,1.0,0.74448025,0.3990955,0.43796647,0.33010784,0.2974827,0.33156115,0.55313,0.35175014,0.36175445
0.24321386,0.5474361,1.0,0.6023833,0.2618808,0.18266901,0.15922263,0.17584892,0.17701256,0.22106951,0.26877025,0.34187016
0.5400721,0.5992384,1.0,0.53020734,0.35122758,0.3900386,0.30506516,0.13523516,0.091308914,0.20302105,0.42910108,0.5806642
1.0,0.8928558,0.8379366,0.4014862,0.32990393,0.5353727,0.8229022,0.6692264,0.23708908,0.16048269,0.3873591,0.46762204
0.62432545,1.0,0.30948064,0.17115931,0.0812243,0.10289277,0.22226715,0.6329029,0.7855496,0.16369778,0.10208491,0.13784689
0.17025638,0.29431903,0.09908525,0.124433115,0.024330974,0.03427398,0.054665033,0.28649384,1.0,0.1981441,0.029679501,0.033861537
0.105878234,0.10308878,0.0761367,0.1176614,0.02038837,0.051870372,0.08245879,0.52817357,1.0,0.14658177,0.02090129,0.045364447
0.13118824,0.3562642,0.24396397,0.10682376,0.036726475,0.1294209,0.5712837,1.0,0.47259614,0.06674839,0.024748567,0.0452055
0.1551594,0.26017642,0.18387018,0.15570495,0.15429465,0.48996666,1.0,0.47924867,0.09027176,0.045008607,0.030215666,0.050290015
0.5521748,1.0,0.6085067,0.49915576,0.5542424,0.9580616,0.6833149,0.3661749,0.1552147,0.09722226,0.07023919,0.15863779
0.40424553,1.0,0.8360632,0.5668029,0.18114601,0.124917656,0.16050267,0.4698731,0.92499906,0.30543017,0.043180197,0.082730524
0.060546745,0.08331776,0.10666983,0.09050821,0.019919217,0.008525277,0.0918214,0.72563124,1.0,0.20194697,0.014203017,0.017180642
0.0083851535,0.0053333365,0.002913062,0.003631377,0.0038087775,0.019080836,0.20420294,0.99887174,1.0,0.13862084,0.01022303,0.007560395
0.0019846673,0.0010326091,0.0019149176,0.0023204964,0.0030083782,0.0161893,0.10953558,0.42516857,1.0,0.2739526,0.011296082,0.0026476092
0.0048470353,0.0065624653,0.005362311,0.0024534725,0.0041376944,0.019941092,0.33094376,1.0,0.5908218,0.10241141,0.0077286777,0.003122439
0.19921122,0.16978084,0.035981923,0.012495338,0.029549167,0.30446193,1.0,0.806424,0.19597834,0.13116658,0.14740947,0.14169358
0.5292719,0.49469826,0.12097794,0.057944365,0.28784028,1.0,0.5775776,0.19094686,0.14122866,0.12306582,0.20151366,0.35314536
0.23161009,0.14934337,0.0885111,0.056494936,0.6472143,1.0,0.1618624,0.09681986,0.05307344,0.027909476,0.0357955,0.22102834
0.079985134,0.03007221,0.036513787,0.06277587,0.61421925,1.0,0.27856594,0.1373084,0.046810195,0.015078908,0.017964393,0.07599269
0.03383784,0.06693695,0.07355389,0.07037885,0.25922206,0.6395724,1.0,0.44466758,0.090112396,0.035052918,0.08076599,0.069782205
0.03015766,0.024789492,0.02814234,0.013865829,0.0414047,0.33611512,1.0,0.44340053,0.04393272,0.023595443,0.13088712,0.17317747
0.15809372,0.017176181,0.033233657,0.020283133,0.078704916,0.44543672,1.0,0.899924,0.13408601,0.021004373,0.20695744,0.67555255
0.2365078,0.037988245,0.07962255,0.040364128,0.057319697,0.09642072,0.3220871,1.0,0.34393615,0.030210359,0.07895204,0.66825414
0.19828448,0.1734866,0.24752901,0.16751015,0.28562474,0.46803787,0.67589813,1.0,0.92822737,0.14618917,0.14450213,0.37523368
0.121472225,0.11384455,0.14013794,0.09843661,0.12716821,0.25966474,0.43747187,0.78365123,1.0,0.15544513,0.05724683,0.15593792
0.12244663,0.07796003,0.08503547,0.05778561,0.08388776,0.21362014,0.21749511,0.61787134,1.0,0.122474894,0.039399005,0.13288012
0.05078745,0.051906828,0.056305528,0.044289414,0.10919648,0.29024637,0.23966514,0.65009695,1.0,0.10733559,0.02227744,0.03666733
0.07652725,0.101959005,0.08916186,0.05174915,0.15348049,0.30976796,0.19931749,0.6145289,1.0,0.13872248,0.05023098,0.066126086
0.30762643,0.22520117,0.25388917,0.2883233,0.51813155,0.7317973,0.69554406,1.0,0.97177655,0.41985315,0.19814183,0.23457344
0.016950233,0.00613057,0.013297012,0.12286503,0.54326314,1.0,0.62298006,0.14543515,0.033282,0.022825334,0.0075328923,0.010551059
0.0052588275,0.0010456837,0.0037945963,0.13107195,0.91875714,1.0,0.24362275,0.030467607,0.0033174448,0.004009446,0.0031785755,0.012390213
0.006439202,0.00066457206,0.0021140613,0.10706117,1.0,0.8242517,0.06602243,0.005582354,0.001651409,0.0018772829,0.0034432523,0.018286131
0.004305003,0.0008938186,0.0012844538,0.0445463,0.6090466,1.0,0.25686118,0.032800138,0.011775284,0.002839266,0.0020898797,0.007559931
0.00075626204,0.00073343323,0.0010854489,0.010055338,0.16210002,0.60781235,0.74466056,1.0,0.33225426,0.019475,0.0013842654,0.0010818797
0.00018241671,0.00017621998,0.0003464899,0.00032462183,0.003666378,0.02294908,0.3667389,1.0,0.20014808,0.005071763,0.0005875332,0.00055953104
0.0001083486,0.00013367785,0.00029787442,0.002384804,0.03099175,0.2565468,1.0,0.81215805,0.06898004,0.001333477,0.00048011442,0.0003937516
0.0001408874,0.00033796922,0.0016875314,0.019645851,0.21070652,0.8698656,1.0,0.24544108,0.014711746,0.0007281192,0.00054064556,0.0002923028
0.0008159123,0.0015910428,0.007773348,0.056201253,0.48845586,1.0,0.48492023,0.045918204,0.0059513967,0.0013176297,0.000586772,0.0009132096
0.10151478,0.1377221,0.28966576,0.77392393,1.0,0.9179282,0.75091046,0.31446573,0.11361394,0.026545908,0.024766209,0.0784817
0.12511784,0.10967518,0.08174455,0.09602557,0.25150818,0.4908035,1.0,0.8058576,0.16688769,0.03885412,0.075913526,0.1418543
0.112705946,0.053624336,0.06912178,0.10445107,0.49026155,1.0,0.88650733,0.6254021,0.44351932,0.14177926,0.121298864,0.2033799
0.51410055,0.21969111,0.22470798,0.4231531,0.5586446,1.0,0.7529005,0.6553644,0.47017005,0.31650946,0.3103839,0.7109734
0.4371209,0.13106081,0.115658835,0.27899596,0.57589704,1.0,0.9031325,0.71877414,0.82543164,0.8729327,0.998513,0.9627324
0.5647819,0.19505185,0.1795025,0.19481198,0.19836214,0.38174012,0.37358898,0.27411312,0.361696,0.51592696,0.82791144,1.0
0.82575357,0.79590017,0.9542786,0.8964408,0.519016,0.6807737,0.8044997,1.0,0.63739175,0.5393541,0.6804984,0.97283053
0.045133624,0.07860344,0.10460547,0.14810501,0.13444,0.14306846,0.24685185,1.0,0.62334484,0.07656794,0.081277594,0.113935426
0.06880556,0.04896388,0.036014643,0.100626305,0.21616217,0.2552608,0.4324411,1.0,0.7819378,0.08892803,0.17526455,0.31099978
0.046233807,0.038471572,0.026522845,0.0790472,0.104091026,0.15641966,0.42111513,1.0,0.3601925,0.2771217,0.48498464,0.1813727
0.028911604,0.015810585,0.019131739,0.028196806,0.036164302,0.043757234,0.15372075,0.37698603,0.2587952,1.0,0.7217227,0.07925267
0.08935383,0.022661353,0.026248595,0.070928596,0.089681946,0.07447938,0.085048825,0.11718733,0.28677043,1.0,0.47926217,0.17570093
0.40144876,0.09534596,0.085223444,0.2055203,0.20438148,0.21358159,0.24197066,0.23012628,0.34974042,0.5436528,0.43855733,1.0
0.872014,0.38129458,0.18145551,0.2602271,0.42769238,0.5079372,0.49557918,0.43142724,0.41298428,0.42786086,0.48663706,1.0
1.0,0.5642345,0.25233468,0.27881628,0.38739914,0.50122917,0.42945766,0.39098135,0.24192595,0.27311334,0.39153826,0.74941695
1.0,0.89364946,0.47529092,0.48305252,0.65898114,0.6424208,0.43202785,0.50798595,0.37217116,0.3388575,0.5952666,0.6528789
0.5303026,0.6505582,0.57071227,0.92009807,1.0,0.5796369,0.46989304,0.4958561,0.3856667,0.57844967,0.5048613,0.397311
0.520832,0.60013306,0.5180569,1.0,0.81869584,0.49330196,0.5179732,0.7286112,0.4342375,0.73144466,0.5128154,0.5655072
0.70789367,0.52334344,0.35658625,0.9836211,0.9059269,0.6102871,0.5416471,1.0,0.56540036,0.7183438,0.4705567,0.514613
0.61127305,0.19362473,0.1327845,0.4962342,0.43286645,0.48566803,0.47425768,1.0,0.5823668,0.36817288,0.2720393,0.50677985
0.33097097,0.11616757,0.05784286,0.20244682,0.2590863,0.33888072,0.41029528,1.0,0.5554155,0.34449124,0.4406661,0.37774825
0.23197293,0.09265369,0.16695273,0.3368763,0.27286416,0.39867344,0.5280229,1.0,0.61154425,0.4928506,0.55116695,0.28360704
0.24938466,0.14185639,0.50389445,0.8944813,0.8076937,0.46179232,0.45507306,1.0,0.6726976,0.91334015,0.871164,0.28363425
0.17192067,0.19427593,0.8535902,0.8730908,1.0,0.6065725,0.26368022,0.5792068,0.4235156,0.42879674,0.4321647,0.24833825
0.05203395,0.19028294,1.0,0.46887553,0.3035481,0.20784898,0.08877569,0.19445877,0.122829795,0.07767137,0.07735745,0.07716109
0.081752285,0.2627791,1.0,0.63824,0.20794666,0.08942197,0.09723773,0.26566735,0.14856185,0.08833351,0.088666156,0.09275447
0.43852454,0.5071121,0.62046605,1.0,0.51837504,0.121315196,0.23936427,0.8986448,0.5616003,0.51190484,0.48492372,0.35362983
0.36440063,0.28129816,0.32770687,0.5784607,0.4110518,0.21924883,0.42034575,1.0,0.81148213,0.78962624,0.5490839,0.3213453
0.28166112,0.15242678,0.16742216,0.20574197,0.27627623,0.5112631,0.6071643,1.0,0.7287662,0.9230037,0.6053223,0.25556433
0.25930312,0.10676226,0.124381706,0.18164203,0.2706,0.5334908,0.6179998,1.0,0.61954916,0.28959656,0.31844,0.21195172
0.22135322,0.05541177,0.06155743,0.108089894,0.23591483,0.3733499,0.53601706,1.0,0.47280484,0.15941644,0.2114733,0.25974298
0.21245438,0.057567,0.040011186,0.08487152,0.16168013,0.2526184,0.3351533,1.0,0.50700873,0.32859495,0.23148102,0.27568537
0.17878498,0.07589796,0.07278601,0.11268075,0.09702128,0.20351946,0.37424946,1.0,0.5397635,0.51688457,0.29360688,0.27192566
0.31231642,0.13436124,0.09558615,0.18289033,0.13551523,0.26019973,0.36142552,1.0,0.78091854,0.6914096,0.40973604,0.4979631
0.6877065,0.16939417,0.066123806,0.26223862,0.25386572,0.25087225,0.36128008,1.0,0.77955043,0.5156836,0.75288504,0.87335014
0.28688005,0.08658843,0.040175218,0.20203157,0.25143427,0.2513481,0.41742152,1.0,0.70064616,0.5629309,0.7431474,0.7861544
0.28363368,0.089001715,0.041068856,0.08487542,0.08764789,0.11384874,0.27295706,1.0,0.86494154,0.75906694,0.6028489,0.5024504
0.17565948,0.06535354,0.044037182,0.049089856,0.06283842,0.061163068,0.14628115,0.6468704,0.6041069,1.0,0.67008156,0.21840651
0.13651976,0.070384786,0.048992813,0.040582538,0.07718177,0.08396364,0.14164835,0.50895417,0.37804008,0.87390745,1.0,0.36468437
0.71122885,0.26707557,0.052113302,0.037558626,0.061963547,0.10009263,0.12487325,0.3326303,0.25162217,0.40098685,0.69531626,1.0
1.0,0.8656615,0.48915726,0.102674484,0.11188756,0.14010572,0.123135775,0.32831034,0.4236473,0.41110238,0.3776408,0.50065464
0.14161527,0.4130496,1.0,0.3159211,0.039619505,0.039834145,0.05141502,0.124045916,0.14762297,0.1495831,0.09438033,0.06589555
0.03975396,0.10618121,0.88411814,1.0,0.075107984,0.016972335,0.01984165,0.072588205,0.057601843,0.16833831,0.20117307,0.03661172
0.010601092,0.01800423,0.43245742,1.0,0.084477246,0.004556899,0.0048534037,0.013993798,0.012876527,0.048762396,0.08647758,0.010557568
0.006235362,0.048257295,0.7986562,1.0,0.0709297,0.0036911988,0.0046344628,0.00608238,0.006868786,0.014626374,0.02347714,0.004567575
0.013108433,0.19560859,1.0,0.43910828,0.024997132,0.008150042,0.0065465057,0.006762446,0.019196965,0.019330787,0.009224546,0.0061812513
0.26874927,1.0,0.97264045,0.19359405,0.12690593,0.0802295,0.028334448,0.10074594,0.2093909,0.13104154,0.038220275,0.022262169
0.78554535,1.0,0.83302283,0.9813143,0.77717686,0.13895169,0.19835274,0.5896334,0.21052738,0.12829755,0.2618449,0.25617176
0.5240117,0.45538953,1.0,0.98470145,0.75811046,0.4515677,0.33317032,0.4545659,0.10712165,0.20318842,0.5919763,0.4239806
0.41702703,0.545637,0.45097247,0.54444593,0.8877465,1.0,0.55069363,0.28993455,0.14743435,0.31785262,0.6220247,0.43383744
0.39005914,0.45309892,0.4934045,1.0,0.72168434,0.18601447,0.14262602,0.099837944,0.0843636,0.12645508,0.4318265,0.38251913
0.39272872,0.61034834,0.34758896,0.9244212,1.0,0.456442,0.38053307,0.11787845,0.04252414,0.095356956,0.34419253,0.28390285
0.18248156,0.5436897,0.14856434,0.181257,0.62195456,1.0,0.8449328,0.6583466,0.04502226,0.023378363,0.0675414,0.058181986
0.009357661,0.03786964,0.031412404,0.02452236,0.10989828,0.21613836,0.5942388,1.0,0.11833397,0.004887347,0.0056326063,0.007190498
0.0050568464,0.00448067,0.018297732,0.041310225,0.027529158,0.056162246,0.46266913,1.0,0.28511432,0.020465035,0.0034217131,0.0068136547
0.00685499,0.005488513,0.021827979,0.056557685,0.015908742,0.027482565,0.31355247,1.0,0.5044236,0.045596845,0.0052554044,0.009769711
0.008994084,0.016489504,0.01749049,0.022531502,0.0138046695,0.026374701,0.25256827,1.0,0.36047336,0.026193107,0.016533049,0.01574813
0.06363198,0.0608568,0.026082154,0.040020175,0.032771867,0.07234216,0.27191886,1.0,0.34707382,0.039847992,0.0383054,0.041853987
0.24189268,0.16088401,0.13645542,0.17725351,0.15527938,0.17152925,0.37083188,1.0,0.3742637,0.3255594,0.3922804,0.38026416
0.14968613,0.51371974,0.730109,0.43638977,0.412295,0.45849288,0.25837606,0.30893806,0.50290775,0.8596277,1.0,0.570274
0.2672482,1.0,0.89896065,0.3373064,0.31820214,0.39966527,0.169272,0.25005236,0.32196403,0.5302108,0.6956157,0.53287154
0.1607548,0.16900459,0.42259073,0.8221711,1.0,0.49183986,0.20513888,0.26338142,0.26860696,0.38760024,0.3560103,0.20197064
0.2000914,0.11934126,0.29332048,0.5878282,1.0,0.61302626,0.23075724,0.4639063,0.62446,0.5818438,0.3784579,0.16993122
0.4754243,0.32540104,0.2502677,0.4025236,0.8192738,1.0,0.37942955,0.5378528,0.70867974,0.82294005,0.9051477,0.3999495
0.6203578,0.42827618,0.1584597,0.14382456,0.45823848,0.77541596,0.38295892,0.3985578,0.59362036,0.5390028,1.0,0.46344104
0.5141633,0.54290086,0.3621419,0.1881684,0.32647285,0.33244073,0.2741467,0.5111967,0.89290786,0.9175757,1.0,0.3445036
0.1349503,0.41718805,1.0,0.4073887,0.16006619,0.25490832,0.47287786,0.39219084,0.5940437,0.44397652,0.3123238,0.11128749
0.07695188,0.3668499,1.0,0.35981616,0.30948418,0.5584424,0.6574137,0.26596513,0.41645184,0.24740945,0.14747852,0.06692763
0.10723974,0.27969414,0.6526414,0.19687961,0.3169965,0.7877022,1.0,0.4381557,0.32358944,0.15001927,0.094795495,0.060848854
0.023105677,0.07255733,0.15253894,0.054142307,0.117645726,0.32167327,1.0,0.7839746,0.14495818,0.04090961,0.046836138,0.022752842
0.008295381,0.05147918,0.20505297,0.066297255,0.05080795,0.08599994,0.37737912,1.0,0.17540616,0.019845368,0.02150933,0.0129912915
0.032715935,0.2012997,0.32667032,0.08667637,0.022695692,0.05528142,0.48148325,1.0,0.14318685,0.022930698,0.01753202,0.015020393
0.14381707,0.42803985,0.29383534,0.0352131,0.023054024,0.12537137,0.8308009,1.0,0.10047056,0.030955113,0.021379154,0.03958922
0.10067821,0.13415566,0.06450377,0.014877013,0.11551667,0.73315436,1.0,0.5122559,0.11968264,0.040404245,0.029022614,0.029891122
0.023436487,0.02568981,0.01464495,0.021020807,0.27065486,1.0,0.42945275,0.09265797,0.052354537,0.021356143,0.018131139,0.005767172
0.047867827,0.043006532,0.018283712,0.02970271,0.2321159,1.0,0.68162173,0.20989898,0.031663198,0.013846513,0.011857673,0.008661414
0.025285764,0.04234265,0.029211449,0.019223958,0.051185764,0.25465393,1.0,0.9361829,0.12580672,0.022833852,0.029237323,0.012520014
0.015642783,0.03674354,0.034748998,0.04065576,0.057352323,0.03931727,0.27583042,1.0,0.32961667,0.07143312,0.080439664,0.021691434
0.0034578452,0.016615856,0.019671148,0.045794662,0.06422246,0.046431128,0.41243038,1.0,0.32394308,0.07037726,0.05574562,0.01040472
0.003903214,0.01968628,0.013056284,0.014952967,0.023515608,0.04076674,0.6322068,1.0,0.15635976,0.024982873,0.0159571,0.003768715
0.013894064,0.02994964,0.02799799,0.032347187,0.040844347,0.04485087,0.78849864,1.0,0.12878987,0.021694073,0.02173825,0.0065755537
0.055533715,0.08027003,0.12861751,0.11611171,0.11039335,0.07142629,1.0,0.9976929,0.097500674,0.059994668,0.07991058,0.020737626
0.20643371,0.17101413,0.20081224,0.13482963,0.112250976,0.109366484,1.0,0.72874665,0.08738649,0.09205732,0.09976381,0.05434549
0.50887275,0.3332129,0.23849334,0.124707885,0.092837214,0.124457575,1.0,0.6332757,0.09922749,0.08673225,0.07419517,0.11079206
0.66186434,0.7627271,0.49322993,0.10646816,0.07495907,0.11667692,0.85531676,1.0,0.15997072,0.08215677,0.08763728,0.15022105
0.3005716,0.97635835,0.57303363,0.1041226,0.08439924,0.10383024,0.37215996,1.0,0.18869029,0.05720321,0.10642397,0.1482163
0.25778446,1.0,0.6057406,0.137081,0.10425304,0.19915909,0.17194179,0.7434946,0.24866933,0.053240053,0.124512084,0.3534331
0.3648665,0.5447359,0.7084078,0.5125301,0.27740014,0.35488915,0.21063058,0.7282121,0.2915794,0.10123313,0.31467322,1.0
0.15668476,0.13549854,0.2767846,0.37704587,0.24133334,0.18975176,0.22955872,0.7217408,0.19016188,0.13109066,0.4326059,1.0
0.050888907,0.039883316,0.07669285,0.058341607,0.085824564,0.11332186,0.15600811,1.0,0.3304591,0.15016444,0.14914107,0.33310118
0.029196277,0.035425585,0.10166414,0.041902967,0.09852936,0.12972681,0.12739544,1.0,0.38588595,0.1690068,0.077179745,0.15821512
0.08167141,0.19377536,0.5519927,0.105780765,0.29506227,0.34404817,0.300901,1.0,0.30059925,0.34048444,0.2415271,0.44204092
0.10988688,0.599918,1.0,0.11343432,0.37234458,0.26161522,0.49318498,0.6512655,0.17295817,0.27893087,0.46634072,0.6087615
0.08640747,1.0,0.92062485,0.09085474,0.41369036,0.17575578,0.6129889,0.5003177,0.14221537,0.14726458,0.2977175,0.23213153
0.08533758,1.0,0.6248453,0.07677988,0.30276373,0.14573805,0.55784315,0.38605407,0.12112475,0.11363444,0.22970855,0.08703236
0.18422678,0.8022486,0.6380295,0.17111221,0.2684165,0.31429797,0.68312436,1.0,0.44453382,0.43051288,0.89746326,0.3516692
0.14953516,0.07327652,0.1817491,0.14082903,0.10115766,0.17479376,0.39414617,1.0,0.43721458,0.2555437,0.2597185,0.22307363
0.22847046,0.057462275,0.123076156,0.16961709,0.1397093,0.29783246,0.49555844,1.0,0.95623064,0.520055,0.23592094,0.23165213
0.020550849,0.0067442125,0.009047102,0.014487569,0.013248475,0.023635376,0.052409206,0.6432728,1.0,0.12635006,0.022888705,0.017476758
0.007783669,0.0027722232,0.0034905083,0.0041708075,0.0044876374,0.0071779103,0.10386543,1.0,0.7567193,0.041687574,0.0038211867,0.006510849
0.0008871344,0.0009260307,0.0019540268,0.0014951682,0.0019126001,0.015433372,0.35243168,1.0,0.22635172,0.007662914,0.0015704213,0.0023849837
0.00066632597,0.0021499095,0.0014232257,0.0009754539,0.005029626,0.107606135,1.0,0.98501563,0.07592937,0.001759743,0.0012901156,0.0011707076
0.0011309015,0.0043801516,0.001247842,0.00053033157,0.011470146,0.2978572,1.0,0.34099025,0.016070222,0.00067553314,0.00095255807,0.00060611096
0.0028920472,0.009338411,0.0023477064,0.00059658795,0.016364567,0.41994077,1.0,0.17520241,0.004388082,0.0008882916,0.0014889184,0.001271177
0.005593342,0.018438509,0.009661243,0.006506571,0.018204594,0.24321023,1.0,0.5280144,0.02626563,0.011243154,0.011514782,0.0041831173
0.006038559,0.010460251,0.022547385,0.076879956,0.03313982,0.056258045,0.6325461,1.0,0.11810929,0.03328929,0.029197054,0.00501126
0.0033352491,0.01004124,0.015837964,0.03447917,0.014340533,0.05276794,0.7967678,1.0,0.09293421,0.008959455,0.0063318056,0.0018995478
0.005406856,0.022322247,0.012693937,0.007698434,0.006480702,0.048670962,0.8908232,1.0,0.07319728,0.004631983,0.003296392,0.0023352895
0.017191947,0.03339938,0.012967946,0.0023929982,0.0035353922,0.053222664,0.99000716,1.0,0.057751242,0.0044501806,0.005063667,0.009801746
0.022928705,0.011119544,0.0046196776,0.0010849872,0.0035950472,0.11574038,1.0,0.69832295,0.054506037,0.0037792611,0.006364741,0.017485747
0.009244369,0.0034545364,0.0018470128,0.0011107372,0.0051663434,0.2303923,1.0,0.25236276,0.020444833,0.0038277626,0.009324595,0.008760942
0.00318092,0.006282448,0.003069376,0.0021713248,0.0051873215,0.16972409,1.0,0.3442276,0.00976655,0.00314134,0.009835204,0.0037949802
0.0016017187,0.0030115673,0.0018444118,0.0018557819,0.007282223,0.15356019,1.0,0.38756412,0.015062272,0.0026176642,0.004037006,0.0020503968
0.0007400136,0.0015593838,0.0018132711,0.0018099193,0.007021237,0.14178015,1.0,0.8264274,0.09593702,0.004897576,0.0039219544,0.0012056332
0.00082012074,0.0009836487,0.0016615205,0.0011808333,0.0022977581,0.015090835,0.25534257,1.0,0.36867568,0.012161196,0.0025646852,0.0015347053
0.00039393632,0.00081105373,0.0011193301,0.00076120713,0.0010265694,0.0019533727,0.07547812,1.0,0.6161442,0.01657672,0.0021314935,0.0010201384
0.00019462452,0.00068951497,0.0008057944,0.0004782243,0.0011404236,0.0032295412,0.113614835,1.0,0.4760303,0.011024885,0.002145923,0.00071724824
0.00029606218,0.0009311917,0.0006974692,0.0005387333,0.0010690753,0.008999114,0.30346486,1.0,0.22271302,0.004085412,0.0013334237,0.0006234319
0.0006597505,0.0013944223,0.001056716,0.000585538,0.0015731911,0.021267943,0.5498217,1.0,0.115218736,0.0016592463,0.0009986069,0.0005650038
0.0013806048,0.0021845393,0.0025705541,0.0038711308,0.049984425,0.08858427,0.5077684,1.0,0.12537678,0.006486443,0.0027781609,0.0015692334
0.0039998614,0.0074576368,0.0085113775,0.015013611,0.15525667,0.15722124,0.2750805,1.0,0.32962105,0.017472325,0.005861623,0.003989623
0.007475882,0.011638241,0.020050908,0.015434378,0.052361973,0.04215403,0.23828337,1.0,0.41177037,0.03221107,0.0079551255,0.0047150487
0.1109392,0.08016421,0.072362185,0.04312911,0.055661876,0.07459502,0.3632174,1.0,0.38258886,0.054711234,0.021560365,0.057112984
0.39080912,0.3733822,0.15658009,0.09894269,0.112632304,0.18049368,1.0,0.5841559,0.0726142,0.037826013,0.060281605,0.25960916
0.10252804,0.39490044,0.10829056,0.055273578,0.10022342,0.13668123,1.0,0.35174027,0.03665222,0.028374672,0.06367858,0.08179712
0.031511575,0.18032052,0.046700556,0.016628947,0.04805748,0.07373969,1.0,0.80213624,0.05204574,0.018040419,0.064578176,0.030543044
0.009323366,0.027222687,0.018977271,0.0047378945,0.025756279,0.027157845,0.5289218,1.0,0.071314186,0.0065429443,0.048066083,0.0494085
0.009456796,0.0041002384,0.014405583,0.0036408294,0.010794031,0.016009288,0.2379234,1.0,0.122875646,0.0030133112,0.029587539,0.092424415
0.010085473,0.0014349793,0.00924491,0.0029583175,0.002531033,0.0075478205,0.18041196,1.0,0.15346205,0.0021491575,0.0135789085,0.07592053
0.012155099,0.0030712383,0.0123019945,0.0038561805,0.0023036322,0.0063721747,0.21106856,1.0,0.15209273,0.003562694,0.030042438,0.10153803
0.01710775,0.014605966,0.028304916,0.007471682,0.006330202,0.010598297,0.40595067,1.0,0.08929068,0.010423976,0.1870064,0.2636395
0.022623334,0.035871234,0.050776698,0.008800038,0.013864384,0.022771372,0.6768634,1.0,0.061358552,0.028873103,0.6062402,0.5241791
0.027162569,0.057325803,0.043548346,0.008759854,0.020024119,0.084967226,1.0,0.76497424,0.04829286,0.07207201,0.95041966,0.5154866
0.03884639,0.06379227,0.023956938,0.014947517,0.033519153,0.31584567,1.0,0.37052947,0.06390217,0.13992195,0.4901344,0.15568565
0.05219258,0.085714795,0.13043743,0.17378587,0.31141025,1.0,0.9524133,0.8018344,0.33137527,0.25135654,0.3184124,0.15848795
0.050155874,0.0756272,0.16161306,0.1720078,0.13534251,0.18304323,0.41834095,1.0,0.26516113,0.06315192,0.18949401,0.1606702
0.03461842,0.06611702,0.11663666,0.10654487,0.06587721,0.1011594,0.49867532,1.0,0.18563142,0.06498462,0.1534533,0.14019406
0.038041193,0.072381094,0.06990077,0.047375087,0.052463356,0.15484567,0.5911559,1.0,0.20737734,0.055859834,0.22503135,0.2654387
0.05956092,0.135805,0.075478904,0.05520253,0.065937035,0.15220344,0.72442085,1.0,0.20819426,0.083224475,0.43461624,0.4905894
0.015610367,0.040323067,0.020972472,0.013030662,0.021457542,0.053431947,0.42035526,1.0,0.1683172,0.028112968,0.15423752,0.16408241
0.0046316055,0.010183101,0.008450162,0.004379472,0.009684423,0.015776101,0.2593514,1.0,0.16959287,0.010261558,0.045864303,0.04643437
0.0036624111,0.006640166,0.006701183,0.003130914,0.005353051,0.010500877,0.20975406,1.0,0.20253688,0.008708815,0.01905185,0.023087783
0.0069465223,0.010285018,0.00957436,0.0049835467,0.0072093653,0.026492264,0.32505557,1.0,0.24459255,0.015496998,0.017125461,0.029413398
0.022808671,0.019810408,0.018483384,0.00988607,0.013759612,0.0572894,0.4435321,1.0,0.31950143,0.030720051,0.040326014,0.060504504
0.03834141,0.023864409,0.019955734,0.012403525,0.018806811,0.056784708,0.53799856,1.0,0.20248978,0.028842354,0.0755705,0.11654729
0.041059997,0.025848806,0.032728545,0.023713382,0.029179335,0.10665255,0.64150447,1.0,0.12602611,0.02636278,0.13302112,0.17202064
0.036265433,0.031282146,0.04975093,0.033973802,0.03642931,0.25034407,1.0,0.78597176,0.14822558,0.02736276,0.20192786,0.2282199
0.017809339,0.025651792,0.036845926,0.018486097,0.026437953,0.2017523,0.8053894,1.0,0.36087155,0.028299859,0.10077324,0.11769911
0.0118729435,0.012664733,0.020281974,0.010912573,0.015915897,0.06078051,0.40838668,1.0,0.33602706,0.027110696,0.02721957,0.041913103
0.1668036,0.30025136,0.20616153,0.06371885,0.094790615,0.14038546,0.40470964,1.0,0.36050636,0.21601304,0.20954955,0.101384304
0.5485112,1.0,0.64207476,0.15255296,0.17367806,0.258465,0.36659855,0.6871992,0.29673803,0.32963076,0.34044695,0.21229203
0.59538615,1.0,0.8120189,0.5615419,0.44454125,0.5804364,0.65231156,0.85734564,0.49440756,0.74997425,0.73447037,0.38259718
1.0,0.97535783,0.5648715,0.6624527,0.7316792,0.5502699,0.33885378,0.3011769,0.39588332,0.49477,0.53562707,0.6539871
0.95809066,1.0,0.672088,0.43391994,0.38854778,0.40210003,0.2687614,0.23074605,0.30216938,0.36672482,0.30627853,0.3948629
0.8857099,1.0,0.955797,0.45427263,0.50264394,0.4673553,0.33702403,0.2397975,0.26053807,0.60973734,0.59923965,0.479078
0.5061138,0.7096203,1.0,0.84783083,0.69136804,0.79748,0.509433,0.18498679,0.1103882,0.30912367,0.5066619,0.3573883
0.21211845,0.20576812,0.23142299,0.34669796,0.68314457,1.0,0.3925804,0.23424545,0.06507639,0.103844985,0.29399562,0.34271225
0.3482806,0.37761512,0.16901012,0.25011906,0.8228096,1.0,0.4654932,0.6285916,0.12697841,0.08949479,0.21824555,0.2408305
0.5830351,1.0,0.79553646,0.9485632,0.73844165,0.50760806,0.40483168,0.8319461,0.25343087,0.19133921,0.2666673,0.26284665
0.5039863,0.6159817,0.4752176,0.25629416,0.12250451,0.17915177,0.21407588,0.258483,0.21663412,0.6257603,1.0,0.64336324
0.18262619,0.15691666,0.10254351,0.065391675,0.07125511,0.08353222,0.09126339,0.17140666,0.25806206,0.88200104,1.0,0.41065675
0.5571665,0.509429,0.22955392,0.25594723,0.4812419,0.5031479,0.28492054,0.37388837,0.37375474,0.63433886,1.0,0.92116505
0.38826746,0.51074326,0.274864,0.26910582,0.6413758,1.0,0.41269958,0.38532248,0.3867812,0.4922472,0.56326675,0.3818755
0.15282963,0.120645076,0.08553759,0.14990087,0.5079773,1.0,0.34672064,0.28944027,0.3413665,0.26290476,0.280926,0.23240261
0.186571,0.15504341,0.075169936,0.104692616,0.3564905,1.0,0.29067498,0.10762351,0.14878462,0.08730514,0.0737618,0.12369414
0.7605774,0.53746027,0.16217954,0.11512929,0.21335526,1.0,0.63921785,0.094146535,0.081922434,0.123180516,0.12903233,0.36089745
0.27294806,0.1281545,0.039910454,0.018802315,0.06059634,0.35564256,1.0,0.36985478,0.0739154,0.15215595,0.08473147,0.22091973
0.051511828,0.04820313,0.03214702,0.013873867,0.038775627,0.16638982,1.0,0.7025433,0.08271308,0.14022358,0.12604307,0.09934391
0.080323085,0.11376695,0.23635374,0.08110542,0.020224664,0.15157059,0.87544763,1.0,0.084697165,0.0338734,0.15240839,0.26560926
0.05072662,0.13119891,1.0,0.74890476,0.08707164,0.07410265,0.31771037,0.69522995,0.13418755,0.009653276,0.03084408,0.08506993
0.05153196,0.107063785,0.9809213,1.0,0.21922627,0.10639657,0.12330867,0.557657,0.3601077,0.022009289,0.010312135,0.046291977
0.15305309,0.15740418,0.51153785,0.60119116,0.18171017,0.22936559,0.24337387,1.0,0.74464965,0.038858566,0.019035457,0.16360435
0.08411814,0.11010773,0.33353546,0.22486961,0.08637081,0.28747216,0.24150439,1.0,0.6375241,0.04314705,0.026321959,0.121470645
0.07074166,0.10138936,0.27398401,0.13164276,0.06973686,0.18534917,0.20339441,1.0,0.60927886,0.08392083,0.037186597,0.09602492
0.0470585,0.0843061,0.2954622,0.072002515,0.05904666,0.10603566,0.2628974,1.0,0.2873718,0.07546104,0.049851857,0.11059863
0.06239976,0.17289917,0.46200296,0.07475257,0.08872233,0.100691035,0.41237938,1.0,0.12542702,0.061327487,0.10467003,0.18682204
0.06067088,0.2795455,0.5801007,0.077491194,0.13004212,0.1150496,0.5094205,1.0,0.116064906,0.06595749,0.19935486,0.24418043
0.055630412,0.16514745,0.51382875,0.124205224,0.09621613,0.1214698,0.34829986,1.0,0.22854866,0.15656067,0.14232273,0.17263938
0.12074733,0.1015476,0.31513,0.14435413,0.07918958,0.17797704,0.3571026,1.0,0.33539495,0.24416889,0.12620917,0.25519663
0.19424029,0.14573622,0.23664327,0.09559514,0.051996693,0.19228086,0.64862007,1.0,0.29182455,0.16871238,0.15788354,0.48144162
0.027865084,0.022354612,0.033435374,0.0111965295,0.01249382,0.04754811,0.62214214,1.0,0.14177847,0.025046956,0.02155797,0.06822254
0.0026766455,0.003841932,0.0064890888,0.0024311214,0.0029642053,0.019239556,0.50921816,1.0,0.10990233,0.0074787135,0.003372796,0.004468806
0.0018008882,0.0033014435,0.010280723,0.004340772,0.001971541,0.014478912,0.42372575,1.0,0.1479002,0.010948301,0.0030921665,0.0037201012
0.0038762763,0.00559154,0.0154232625,0.016851505,0.0041545853,0.0242456,0.5182235,1.0,0.13023578,0.013249099,0.0039827297,0.0046163662
0.003970129,0.014225278,0.031835463,0.0280501,0.014716971,0.044015586,0.68897086,1.0,0.089728,0.0064629284,0.004923267,0.0056694197
0.013797138,0.058462046,0.0714155,0.018391907,0.024448447,0.05088136,0.5150012,1.0,0.1240038,0.006969536,0.005743274,0.007937384
0.042572275,0.10473461,0.076082826,0.015291365,0.024191288,0.061253343,0.4860605,1.0,0.14049041,0.012296661,0.013820493,0.022241002
0.046414234,0.055756684,0.09262785,0.03588403,0.043442454,0.057046514,0.30244833,1.0,0.23235619,0.022578422,0.01906466,0.03563644
0.031339608,0.16307229,0.53582853,0.14259851,0.05201895,0.029969117,0.21465896,1.0,0.3066154,0.024062442,0.018899426,0.023499474
0.099848256,0.23516063,0.9641175,0.24035922,0.028071377,0.014382548,0.14651336,1.0,0.34433296,0.04831384,0.05272718,0.060627934
0.10710742,0.16367717,0.3700383,0.07475305,0.017866252,0.013027779,0.3181998,1.0,0.199789,0.054897785,0.112727895,0.1253583
0.057256047,0.17820464,0.3364368,0.040131006,0.01152652,0.015680553,0.4226839,1.0,0.15559168,0.040991772,0.13447468,0.13619785
0.0456432,0.11421756,0.23951723,0.031100208,0.013420288,0.020456761,0.5464498,1.0,0.122375414,0.03506251,0.19168575,0.22557817
0.031837225,0.09569633,0.16763572,0.02223925,0.015296535,0.022123829,0.5751352,1.0,0.12755135,0.042627852,0.27001017,0.23802508
0.031563476,0.062071178,0.13808659,0.022516716,0.016286116,0.02001119,0.404553,1.0,0.15776873,0.03911377,0.19873162,0.2562279
0.055639204,0.05529785,0.13459183,0.026171029,0.01868785,0.024634806,0.28909352,1.0,0.25362438,0.04827996,0.1742528,0.36430892
0.06959378,0.054772597,0.114600174,0.040933616,0.017228007,0.023524266,0.19212814,1.0,0.43062073,0.09496954,0.2788869,0.30786657
0.060570657,0.04546973,0.09261209,0.041459043,0.012052398,0.01819201,0.12569828,1.0,0.3890559,0.10762779,0.19473222,0.19343844
0.052447326,0.049071223,0.11685776,0.05258332,0.01676638,0.026519861,0.13515079,1.0,0.43457356,0.080186315,0.17062758,0.17219494
0.058569703,0.08327056,0.1841911,0.043127365,0.026656913,0.027391516,0.22727768,1.0,0.27213994,0.049637582,0.13367848,0.13689426
0.04392681,0.068268515,0.15945916,0.048294615,0.029705316,0.024960065,0.20581925,1.0,0.25455737,0.059631653,0.10044095,0.078397475
0.043965086,0.08417627,0.16749269,0.058541153,0.023132363,0.023582196,0.22560918,1.0,0.25490284,0.06498612,0.09639501,0.07258339
0.040838107,0.09568622,0.20223783,0.051442023,0.018255692,0.022934785,0.23507838,1.0,0.20561369,0.056496285,0.06746694,0.04942955
0.025535895,0.06512889,0.17123245,0.054361723,0.014303467,0.019702053,0.19986023,1.0,0.23099414,0.06804983,0.043534018,0.038329225
0.017859338,0.04047705,0.17956495,0.060971808,0.012123163,0.019906206,0.15935208,1.0,0.2829249,0.05678828,0.040491633,0.025424866
0.021902421,0.03726674,0.19811434,0.06341794,0.009895915,0.0128469085,0.1422827,1.0,0.290409,0.058918606,0.030163737,0.025360635
0.014886053,0.049065292,0.20929448,0.07019986,0.008846483,0.01796426,0.1692899,1.0,0.3160546,0.04745,0.020560795,0.019719424
0.0269702,0.13265522,0.30731943,0.07533968,0.010284602,0.021525886,0.21413499,1.0,0.22231163,0.036731318,0.023401864,0.021931047
0.06522136,0.3737598,0.48685023,0.08437458,0.0126310205,0.020537397,0.28730226,1.0,0.22800188,0.044411093,0.04934227,0.031450924
0.070933364,0.3589288,0.4538663,0.06575798,0.013313035,0.03241357,0.45373628,1.0,0.1824195,0.052265707,0.048321176,0.031759977
0.16326644,0.65509164,0.4616213,0.04538713,0.021995444,0.053058323,0.8984022,1.0,0.18741402,0.10667897,0.049203746,0.077975884
0.109061375,0.6710461,0.41640228,0.02722822,0.020938821,0.06208952,1.0,0.8056068,0.1122149,0.060711302,0.030304272,0.041747477
0.05488612,0.45938027,0.46733934,0.038207963,0.015228751,0.04444594,0.7791067,1.0,0.1354528,0.014736201,0.027790945,0.020420562
0.018636953,0.13587593,0.30422258,0.04603229,0.010071847,0.013456363,0.30243242,1.0,0.16577712,0.014613235,0.015017443,0.0065185134
0.023213465,0.32827213,0.36263356,0.03544855,0.015241138,0.029187309,0.6033032,1.0,0.10696534,0.033019748,0.01460427,0.008299699
0.041587494,0.60975987,0.42636958,0.02627029,0.019765792,0.061716516,1.0,0.72264326,0.043814603,0.025209842,0.018354725,0.013070234
0.043382436,0.6877916,0.5249784,0.031875603,0.024523264,0.05421865,1.0,0.8370536,0.06249078,0.028854525,0.030794501,0.014919829
0.048676126,0.6734857,0.61392397,0.042122297,0.02232997,0.045916688,0.98973346,1.0,0.09636495,0.041309576,0.021681378,0.015301833
0.10133121,0.96325845,0.63001955,0.046051778,0.02387308,0.05520338,1.0,0.971565,0.139317,0.06177063,0.042455267,0.023917884
0.0646055,0.6850476,0.7073671,0.08402035,0.01834471,0.04135795,0.6686912,1.0,0.19396572,0.039149106,0.03428915,0.020161467
0.015538028,0.15695286,0.4564936,0.08533994,0.010924964,0.016668173,0.24097216,1.0,0.20618378,0.018944835,0.020656664,0.014807524
0.020487625,0.19840579,0.57256675,0.11070534,0.012752118,0.014161826,0.23779905,1.0,0.20406656,0.028603282,0.024611792,0.019881142
0.038566746,0.23518656,0.7535005,0.15555798,0.01573976,0.011538111,0.16957031,1.0,0.23468879,0.043268204,0.024565559,0.022784345
0.050339606,0.30369264,0.76483476,0.17397334,0.01907944,0.013995038,0.16214038,1.0,0.32800734,0.06555146,0.026744599,0.02683227
0.06889917,0.80115527,0.8803124,0.12585595,0.032075185,0.035813723,0.6080299,1.0,0.28160432,0.09979872,0.04907797,0.043509163
0.04257724,0.7519034,0.888839,0.0659038,0.020516895,0.03279802,0.80169785,1.0,0.13601005,0.042217467,0.053898763,0.0339917
0.02560598,0.40654382,0.81275576,0.13127607,0.014435629,0.018976124,0.35739398,1.0,0.22011554,0.03075347,0.031133542,0.022395575
0.026555944,0.34213743,0.74315226,0.12814747,0.011795926,0.015303331,0.3055729,1.0,0.19523008,0.034798086,0.019628515,0.014294023
0.029810727,0.5194472,0.62404805,0.07986721,0.016908823,0.037909027,0.8036382,1.0,0.099723876,0.03346538,0.025808869,0.009939996
0.032094695,0.45696536,0.7895466,0.16121942,0.018209437,0.03595455,0.6455355,1.0,0.2084807,0.04590147,0.031820565,0.014255791
0.039552648,0.7118604,1.0,0.13793401,0.020582955,0.029629475,0.4958808,0.91177684,0.20778386,0.0737412,0.032193597,0.018575247
0.040454768,0.41226023,0.95063657,0.11503681,0.014977753,0.017339645,0.37686673,1.0,0.19256091,0.050820395,0.030273173,0.018609762
0.055379428,0.390236,0.9806849,0.09853275,0.018159997,0.0142848985,0.35834518,1.0,0.16316043,0.04955531,0.029392786,0.03524201
0.043594334,0.27314287,0.77857864,0.16810852,0.017618623,0.015615742,0.2529609,1.0,0.25479543,0.030533465,0.02036118,0.030862246
0.08053249,0.64887774,0.9526746,0.19543993,0.024995133,0.026109766,0.38020292,1.0,0.32901862,0.049193937,0.030335655,0.03885401
0.033016726,0.4132149,1.0,0.18378416,0.016202245,0.016246965,0.29446307,0.90967584,0.20502764,0.036174532,0.023582656,0.018183868
0.021477977,0.17803696,0.90168107,0.14962332,0.012203302,0.0061132433,0.15274586,1.0,0.2002667,0.031940237,0.025379352,0.009142465
0.043685902,0.16984755,1.0,0.21768957,0.02104972,0.008357962,0.15945332,0.9917885,0.23903622,0.040912997,0.031689327,0.026302475
0.03655749,0.17571594,0.82024896,0.5097554,0.037878886,0.01710472,0.09786832,1.0,0.953161,0.08663164,0.035503156,0.03664591
0.03406102,0.11272017,0.61099637,0.46930468,0.02452965,0.010896376,0.05131573,0.94860715,1.0,0.07496878,0.043127242,0.021414706
0.05786291,0.22102208,0.9379494,0.30901295,0.02178376,0.011534398,0.1781888,1.0,0.46056533,0.06813765,0.062415153,0.03060165
0.13109867,0.9656725,0.8945168,0.12871338,0.03735579,0.07258005,0.7094543,1.0,0.16743927,0.08327266,0.064548925,0.079054035
0.12822449,1.0,0.24077822,0.029510213,0.025522783,0.113404095,0.6685381,0.17418177,0.034418624,0.043941304,0.018032731,0.06212067
0.16998604,1.0,0.16027331,0.023426222,0.02785822,0.15113765,0.808644,0.1323988,0.035459362,0.044105694,0.015477164,0.06425714
0.15062168,1.0,0.2904465,0.029961986,0.02476805,0.15056145,0.9593731,0.23465583,0.029703826,0.04791786,0.021709787,0.07991008
0.09316964,0.9989489,0.7601029,0.10363455,0.018952014,0.08598051,1.0,0.740106,0.12628724,0.04450613,0.036290824,0.11048792
0.035373237,0.38074586,0.8337021,0.15309915,0.01824756,0.019530252,0.31744847,1.0,0.22491077,0.04936059,0.028802462,0.030482303
0.03307093,0.29208001,0.8017379,0.10130077,0.03662357,0.011967491,0.36951298,1.0,0.11548482,0.07730391,0.049456473,0.017910454
0.115800515,0.91047233,0.8008352,0.10626353,0.061989654,0.056515686,0.8227152,1.0,0.08616931,0.14954986,0.063018516,0.042891707
0.29319885,1.0,0.21578637,0.03906982,0.028841475,0.13604505,0.49049225,0.16172472,0.04412995,0.06321647,0.028157923,0.049261846
0.7899851,1.0,0.085457265,0.029801566,0.034794472,0.26373377,0.49203643,0.043881837,0.046816386,0.035269015,0.03282536,0.1370195
1.0,0.24648845,0.050916247,0.015597975,0.050165158,0.15034941,0.18477874,0.025114771,0.018063836,0.009518498,0.027042571,0.6923561
0.62287265,0.026704134,0.01607899,0.007287141,0.058857474,0.04018507,0.017845124,0.0054465695,0.0034848214,0.0025717309,0.050319772,1.0
0.23911214,0.004145172,0.0041326312,0.009363575,0.051334992,0.015599757,0.004061724,0.0037532207,0.0032819933,0.0022908703,0.13832691,1.0
0.09278841,0.002103179,0.0024380945,0.023685656,0.048946515,0.0057383873,0.001825532,0.002923172,0.0025911317,0.009087525,0.43015847,1.0
0.02860372,0.0015952061,0.00393848,0.056654878,0.056217387,0.003317961,0.0020148628,0.0026568847,0.0021686165,0.034504376,1.0,0.9506083
0.009170897,0.0011080212,0.0046463013,0.039888576,0.022047205,0.001979367,0.0012531469,0.0018259876,0.0023851192,0.07859752,1.0,0.4623069
0.0022812122,0.0011017787,0.0057718195,0.019792877,0.004529988,0.0011806395,0.0007501102,0.0009197296,0.0030450732,0.18953364,1.0,0.16043879
0.0009650667,0.0012702845,0.0059694503,0.011773758,0.0022631711,0.0006113154,0.00055461214,0.0007147855,0.008086591,0.45479006,1.0,0.07118847
0.0007485819,0.0032306986,0.016173016,0.010242382,0.0014879525,0.00046853992,0.00040098914,0.00070571684,0.049213372,1.0,0.8173937,0.02429485
0.0008258542,0.011356562,0.030492717,0.006829053,0.0008353882,0.0004512519,0.00040148429,0.007581857,0.26057705,1.0,0.26229897,0.0034108555
0.010964486,0.053784627,0.028665304,0.002864615,0.00078991277,0.00082606595,0.0016250231,0.12968351,1.0,0.6885591,0.048833817,0.00093792664
0.05490671,0.07759361,0.0083713485,0.0007601318,0.0010912725,0.0008694651,0.016578497,0.53839964,1.0,0.11816094,0.004549242,0.003853362
0.13072471,0.04834452,0.0022257066,0.0010072009,0.002952918,0.002278947,0.11821502,1.0,0.52727795,0.019813018,0.004100563,0.02800099
0.20325409,0.022452686,0.0010744466,0.0021321538,0.0033105353,0.027867913,0.58867687,1.0,0.16134174,0.007960441,0.012143203,0.15240681
0.09574929,0.005744332,0.0016890622,0.002174603,0.013257684,0.24174747,1.0,0.3412054,0.015545084,0.016064135,0.1022926,0.283799
0.040583238,0.009346103,0.006178625,0.015761524,0.2779999,1.0,0.77312416,0.09915067,0.025104297,0.119923,0.40211195,0.27811816
0.11332278,0.05569173,0.020833468,0.17712948,1.0,0.7925946,0.25503075,0.050453495,0.1517941,0.48698145,0.26814407,0.11999176
0.14157353,0.10078912,0.11258325,0.71829736,1.0,0.21448268,0.2282871,0.14518924,0.7130913,0.7760678,0.16601007,0.0844971
0.022455094,0.13187027,0.9017846,1.0,0.21186307,0.056622088,0.15636665,0.71649677,0.9973242,0.26832286,0.08108938,0.045839127
0.040843155,0.5438369,1.0,0.20162623,0.009768542,0.0271451,0.26506877,0.58282655,0.19555911,0.034063745,0.024355754,0.022834446
0.21914895,1.0,0.546066,0.038116604,0.016826443,0.19194314,0.46370918,0.22559007,0.034147423,0.028093072,0.04007466,0.021054722
0.6296515,0.7981965,0.15518805,0.054666933,0.37010857,1.0,0.56076646,0.061835904,0.015375606,0.030297073,0.06912778,0.17179407
0.17630984,0.06267577,0.10450024,0.52789867,1.0,0.63121444,0.12223361,0.03412563,0.029736387,0.117497064,0.45179316,0.51173896
0.043630827,0.23230402,0.7086675,1.0,0.4274045,0.072842345,0.01957692,0.06869555,0.32349208,0.8004458,0.86101377,0.3130279
0.11114879,0.41374335,0.6058451,0.31663978,0.12710366,0.055775136,0.06393312,0.40116477,1.0,0.8773012,0.2626147,0.047271162
0.30695197,0.21740505,0.18050395,0.27634713,0.40895167,0.16457355,0.23724146,1.0,0.9459163,0.28048444,0.09693232,0.10390886
1.0,0.38596642,0.90609837,0.80369437,0.5508643,0.23246124,0.30822876,0.82930094,0.43997636,0.3008486,0.2709376,0.604573
1.0,0.82642496,0.6322222,0.2039236,0.19042283,0.13342017,0.12580612,0.35090694,0.31067404,0.14671156,0.19024411,0.8270649
0.28326187,1.0,0.5395884,0.12763971,0.16899659,0.19545995,0.16285224,0.23526129,0.23703392,0.2135378,0.24396671,0.3013572
0.24901639,1.0,0.94571817,0.2181846,0.23548909,0.37742475,0.21991786,0.26307082,0.35787466,0.37579784,0.2907337,0.24330898
0.3401977,0.83472294,0.8348271,1.0,0.63011223,0.2908364,0.37469357,0.45581058,0.5313631,0.37335786,0.23153648,0.3259802
0.32276788,0.34014004,0.64861625,1.0,0.6672863,0.43534052,0.28039274,0.27313703,0.25495124,0.32458773,0.32999313,0.36776626
0.33055267,0.21448894,0.353631,0.6534167,0.76493484,1.0,0.6717137,0.52766293,0.21507503,0.52690065,0.68480086,0.59762996
0.12257418,0.09512317,0.11685053,0.28340805,0.28483865,0.9452707,1.0,0.4024863,0.115128696,0.31529644,0.7046567,0.46977246
0.053526513,0.11446344,0.19935855,0.09551296,0.18503863,0.5746772,1.0,0.5176989,0.09762199,0.16822001,0.31041533,0.19116548
0.06937178,0.23917644,0.62399906,0.19544733,0.32395998,0.29111716,0.6689722,1.0,0.15348727,0.09739826,0.12143407,0.08328501
0.28783736,0.547043,1.0,0.27740166,0.1460611,0.10237648,0.35541478,0.6447007,0.09148173,0.033349782,0.06623485,0.16532569
0.4529859,0.50188124,0.49512205,0.108636536,0.041776832,0.29539934,1.0,0.70221126,0.13035785,0.11720264,0.15540913,0.31366622
0.05828825,0.038011104,0.03105418,0.016426703,0.048626203,0.63723105,1.0,0.22923133,0.110793084,0.09485967,0.05908411,0.08410467
0.01596517,0.01955627,0.027508793,0.016124986,0.02986264,0.36153683,1.0,0.2592198,0.027954213,0.021009922,0.020502264,0.019889897
0.019142948,0.023259489,0.027471203,0.012288021,0.017470224,0.18607214,1.0,0.7897605,0.09925596,0.038239144,0.039595053,0.021452187
0.009133704,0.014759784,0.021794358,0.012479379,0.014703659,0.06287082,0.3234478,1.0,0.26484954,0.027919725,0.02341446,0.02327322
0.011637881,0.010893783,0.013593446,0.010619384,0.021014772,0.029463913,0.13768336,1.0,0.49200052,0.02310873,0.011882777,0.019030416
0.0054472843,0.0088980105,0.013824869,0.00741359,0.007505131,0.01721639,0.13731924,1.0,0.44621667,0.016634919,0.0079886345,0.007663249
0.002044426,0.0043937946,0.0061977077,0.0041715694,0.004173805,0.020348987,0.38592696,1.0,0.16758761,0.0038272024,0.005053609,0.0056396527
0.0017636577,0.0034301938,0.0023394506,0.0022960952,0.005260534,0.124988,1.0,0.8975798,0.05526017,0.0031092423,0.005481708,0.004661204
0.0028495581,0.0069701564,0.002815933,0.0025786257,0.005608713,0.19831286,1.0,0.37232003,0.01807581,0.0077809063,0.006174154,0.0027320713
0.008620267,0.052146655,0.024549942,0.018462734,0.018094225,0.21674055,1.0,0.21678746,0.0160122,0.015852116,0.016990308,0.0055602035
0.01887395,0.14658877,0.08348044,0.04347997,0.06519533,0.18068601,1.0,0.3154543,0.016625168,0.012089717,0.01702393,0.0066605452
0.018257637,0.1575466,0.2267625,0.05383317,0.13182,0.23509277,0.78800005,1.0,0.14306462,0.012001405,0.012401727,0.01049092
0.010243893,0.047481734,0.19118212,0.057304222,0.044097587,0.13682014,0.18678759,1.0,0.50907046,0.018662993,0.005349623,0.0125585925
0.01574683,0.026653498,0.09307739,0.04246177,0.008443168,0.045533698,0.16302277,1.0,0.83728886,0.037481036,0.0032967567,0.020305086
0.011066647,0.007419507,0.026489412,0.016953258,0.023737965,0.10391731,0.43517408,1.0,0.72938865,0.07192801,0.0052530994,0.017348027
0.007228509,0.015363582,0.033630084,0.025733454,0.1150795,0.37980342,1.0,0.94969654,0.646614,0.17867956,0.01751475,0.015277578
0.020398445,0.051316552,0.05211391,0.05325428,0.20011036,0.536729,1.0,0.9275327,0.28136033,0.045643773,0.032958973,0.028150847
0.05647332,0.19249398,0.22987285,0.18086532,0.6218355,1.0,0.6577809,0.7422326,0.6045695,0.09706065,0.062376264,0.06160882
0.11864687,0.31119302,0.5228308,0.24500374,0.22638763,0.2774604,0.528251,1.0,0.58121663,0.18286791,0.11156425,0.13361987
0.22463177,0.30546233,0.4385971,0.26009262,0.17389946,0.18319765,0.41888422,0.94950336,1.0,0.41268298,0.28545934,0.29390535
0.2642825,0.2850375,0.33470482,0.3599447,0.20026195,0.16293757,0.41428223,1.0,0.9130468,0.51831645,0.30229083,0.3519678
0.3232043,0.26328427,0.37871465,0.5063501,0.32719725,0.21465957,0.5814502,1.0,0.8862395,0.6901162,0.49831167,0.5031992
0.17476438,0.16469648,0.2278525,0.24210292,0.21519276,0.21034735,0.62377965,0.9258164,1.0,0.71136737,0.40491828,0.32941034
0.3652984,0.08529015,0.051435277,0.07747793,0.07032161,0.09393426,0.21654525,0.32593963,1.0,0.53412956,0.12192607,0.112444334
0.19170873,0.056958683,0.01927415,0.025558349,0.019194283,0.03499321,0.0668169,0.10814349,0.87639487,1.0,0.106112115,0.038815018
0.061053872,0.031163612,0.008715002,0.01172745,0.010084894,0.00970607,0.019279847,0.11214338,1.0,0.98274785,0.066861644,0.012434203
0.03912025,0.016262481,0.006722903,0.009534162,0.016366722,0.06252561,0.07878119,0.21166982,1.0,0.63494456,0.041412454,0.012090921
0.019104626,0.014038658,0.0065428982,0.008378696,0.039176363,0.6394227,1.0,0.25682437,0.3198386,0.14541513,0.024546355,0.014786643
0.009774808,0.016874462,0.0030728425,0.0059363972,0.0438743,0.76393807,1.0,0.08898395,0.009930758,0.028253322,0.03970124,0.007731315
0.01792607,0.01273804,0.0024996765,0.00844787,0.026401833,0.48900944,1.0,0.14002025,0.007800059,0.0541447,0.14124587,0.03454452
0.07461466,0.015784897,0.005143663,0.0047181235,0.008477094,0.17291662,1.0,0.6077548,0.06956534,0.04212454,0.32908824,0.25649077
0.3121154,0.050199937,0.011123759,0.0074363137,0.005209682,0.034590553,0.41111127,1.0,0.3628236,0.044226225,0.24939172,0.58548373
0.6733491,0.083380744,0.012905779,0.022802649,0.008224855,0.015800335,0.062236153,0.57697576,1.0,0.18214712,0.09146786,0.4539029
0.29399806,0.03874969,0.019794585,0.032230195,0.010551654,0.018452998,0.04353554,0.49591315,1.0,0.14974967,0.03703184,0.1105089
0.1452156,0.0486058,0.031948783,0.016921112,0.021353193,0.04805087,0.1785496,0.90074843,1.0,0.3159641,0.18257134,0.169431
0.4729253,0.39405286,0.27326778,0.10323587,0.09598745,0.2425179,0.6020005,0.91795087,1.0,0.5611159,0.33120817,0.39096227
0.24833272,0.32468536,0.39752498,0.29295132,0.14826186,0.8896991,1.0,0.19089824,0.13819145,0.10261306,0.07082301,0.082808785
0.18927807,0.12804021,0.07927152,0.10851207,0.07959173,1.0,0.7015016,0.029775586,0.028304797,0.030669954,0.027339121,0.015371029
0.3465102,0.63977903,0.27282605,0.052070234,0.10816053,1.0,0.9203448,0.16835131,0.052018948,0.054367743,0.049871348,0.03284435
0.08379281,0.75322723,1.0,0.102137014,0.029077431,0.12566647,0.59362066,0.4234902,0.037764773,0.016222714,0.015324977,0.01555909
0.017083786,0.26874706,1.0,0.20432785,0.01565535,0.029062422,0.17093493,0.55279493,0.14305967,0.010549815,0.0054087196,0.00778463
0.016383415,0.07088451,0.43871564,0.21029116,0.027360432,0.073704235,0.18770275,1.0,0.5251885,0.041948978,0.00826777,0.011795069
0.00909356,0.021652063,0.18084168,0.15310584,0.040590867,0.15606868,0.46942398,1.0,0.5727104,0.106439434,0.017997235,0.015775993
0.0030637474,0.0068047843,0.037417524,0.018346297,0.01278272,0.036218617,0.27740648,1.0,0.43928027,0.045435585,0.0053466824,0.004239289
0.000944168,0.0040815165,0.0054088053,0.001684917,0.00370806,0.030392734,0.55994666,1.0,0.16771069,0.022774749,0.002043937,0.00069997204
0.0011789191,0.0057831686,0.0045963614,0.0017355838,0.0047653555,0.10719362,1.0,0.705639,0.05317469,0.017544063,0.0031944066,0.00070043385
0.0037691318,0.020685965,0.013678153,0.0026027104,0.008737523,0.11489068,0.75631744,1.0,0.25502452,0.050188813,0.014809798,0.0050898376
0.0032406054,0.014089342,0.013037465,0.002274799,0.004695164,0.026480712,0.43867344,1.0,0.21843377,0.030189246,0.029131759,0.009431261
0.004486801,0.014952984,0.014189042,0.0045336387,0.009069321,0.039737117,0.7183236,1.0,0.09291332,0.014414714,0.035828155,0.012604051
