0.10169945,0.4292124,0.9720355,0.4469766,0.22667624,0.5145866,0.25992927,0.29727805,0.65626687,1.0,0.2924392,0.08622121
0.046657763,0.461704,1.0,0.47110263,0.14491875,0.4507121,0.1962279,0.13854982,0.41818067,0.79296243,0.23600043,0.03909619
0.078146845,0.6585307,1.0,0.65711343,0.21414486,0.824947,0.34023076,0.14787531,0.6981568,0.72240293,0.31996998,0.042646047
0.0471445,0.15349713,0.31846434,0.16108042,0.098759025,0.48002315,0.19790302,0.05001661,0.29577267,1.0,0.4441519,0.04799095
0.11955376,0.21908128,0.24425755,0.123849005,0.13926734,0.3914676,0.18753344,0.090240225,0.7220791,1.0,0.27655217,0.1112765
0.18706056,0.37571633,0.35241395,0.16078721,0.1519079,0.1920511,0.16135937,0.1767186,1.0,0.9589133,0.22255434,0.17383353
0.22573633,0.408097,0.37506136,0.22346096,0.22273986,0.25862783,0.2872334,0.33920988,1.0,0.9995083,0.31796247,0.23553574
0.69216096,0.7752348,0.6762059,0.5287319,0.5468713,0.56790257,0.54447794,0.54825664,0.95489866,1.0,0.5830825,0.646872
0.7072971,0.6686973,0.6184946,0.52938956,0.5138966,0.49675646,0.41387698,0.46859783,0.8129268,1.0,0.8873381,0.75693077
0.94754314,0.8844325,0.8353772,0.7439641,0.6960423,0.644189,0.69636345,0.79826486,0.8737129,0.98628664,1.0,0.97876406
0.6357022,0.7938954,0.9070057,0.53481865,0.5247059,0.56548226,1.0,0.6337258,0.43307275,0.34297916,0.36438328,0.499039
0.092946514,0.2972637,1.0,0.41993746,0.122797295,0.12960467,0.19879462,0.11318867,0.11926287,0.13986765,0.0803455,0.074709706
0.063350044,0.18929058,1.0,0.9429349,0.6691161,0.5306164,0.19312133,0.06959932,0.056039974,0.08560422,0.07637131,0.079931155
0.023932725,0.028264886,0.06267664,0.09394303,0.25285554,0.7151013,1.0,0.4196858,0.04598442,0.009912147,0.0127588,0.022286838
0.0074620424,0.012919678,0.021003747,0.014851144,0.031110998,0.23020531,0.85531855,1.0,0.19232295,0.02465849,0.015913982,0.006668367
0.0068483762,0.009096742,0.016634122,0.015739646,0.02375073,0.07805293,0.3617496,1.0,0.28530252,0.058277395,0.11319652,0.038536552
0.03422582,0.029906591,0.040462393,0.03399915,0.08434481,0.19330312,0.32065448,0.8497349,0.31167582,0.17281981,1.0,0.40641063
0.050333362,0.049306206,0.056911685,0.05563801,0.101057045,0.2199656,0.8811843,0.94231796,0.22683409,0.39604503,1.0,0.27894112
0.065237865,0.06927543,0.0659179,0.06185841,0.07278802,0.14952712,0.9020737,1.0,0.2766195,0.25866413,0.23552655,0.08774203
0.3848924,0.29695088,0.24524264,0.23507488,0.27533174,0.5270032,0.9796237,1.0,0.65455705,0.38882166,0.40732107,0.40886745
0.85236955,0.5338159,0.36030564,0.3342387,0.41581947,0.5190577,0.7517981,0.4537387,0.28704205,0.39770505,1.0,0.98427963
1.0,0.30396876,0.048204064,0.012613942,0.019698136,0.064079516,0.12182982,0.10562866,0.038023688,0.07608674,0.24992864,0.47920215
1.0,0.96049905,0.15393159,0.006019735,0.0036167558,0.01635322,0.043403514,0.06867315,0.04752548,0.020772595,0.051147256,0.22000334
0.27874234,1.0,0.7034003,0.05358746,0.00090293126,0.001317677,0.0032158212,0.011865755,0.026647076,0.011738933,0.0026883527,0.024794707
0.014606665,0.33486807,1.0,0.2071786,0.002892806,0.0002757037,0.0003392357,0.0004660563,0.0032532818,0.0046624886,0.0010587751,0.0005359764
0.0017332074,0.09057462,1.0,0.45017123,0.0073257727,0.00014385546,0.00022496592,0.00017504337,0.00027107212,0.0026633686,0.001430055,0.00020972655
0.0028706503,0.13248922,1.0,0.34528378,0.0048373253,0.00010787809,0.00033908078,0.00021742577,0.0005364243,0.0046284623,0.0016068898,0.00022306023
0.008928387,0.29791382,1.0,0.17794798,0.0020487907,0.00026797713,0.0011556222,0.0005695999,0.0019911183,0.0099152755,0.0021921522,0.0004510633
0.030660205,0.44214395,1.0,0.1864589,0.006608745,0.0012297787,0.0025772853,0.0013841699,0.004657032,0.016642,0.0058240723,0.008408299
0.3302547,0.68567735,1.0,0.26184857,0.04218649,0.011648062,0.010493988,0.038918488,0.109381184,0.17780615,0.28373334,0.36215174
0.06966421,0.17088155,1.0,0.32665294,0.024978666,0.020967694,0.057591494,0.20796636,0.4573876,0.53261954,0.35348782,0.20394865
0.016760424,0.09919976,1.0,0.47047663,0.015809234,0.011863107,0.019654721,0.033736132,0.042833537,0.03158214,0.011380127,0.014998333
0.022491109,0.10202132,1.0,0.45342565,0.01092877,0.0040470324,0.003986878,0.0050229128,0.006836141,0.010933035,0.012376124,0.01773732
0.03261466,0.13736524,1.0,0.40877914,0.016216831,0.0075709466,0.008042302,0.009940876,0.0131907305,0.017734108,0.018953424,0.025902264
0.08361344,0.2881448,1.0,0.31305665,0.05413822,0.034341652,0.037140172,0.039031923,0.039843347,0.04248562,0.045570597,0.0631135
0.36518925,0.49764663,1.0,0.52460706,0.21880542,0.20225427,0.2295546,0.2060896,0.19984552,0.21962398,0.27632362,0.3593487
0.421306,0.33928266,0.7994138,0.3988484,0.31294137,0.5008132,0.9147967,1.0,0.56471264,0.47764328,0.4708942,0.5760846
0.2066127,0.4943242,1.0,0.45489237,0.25109524,0.28709263,0.48332468,0.48450524,0.15167007,0.131045,0.17093515,0.14596842
0.04224728,0.39986232,1.0,0.34537458,0.052351315,0.026846414,0.018192021,0.01157401,0.012322641,0.029579753,0.009135565,0.0077881375
0.00854233,0.2406223,1.0,0.2263938,0.007715956,0.003318388,0.0018956923,0.0016500459,0.009271318,0.041355886,0.0066708545,0.0018309928
0.0025302763,0.16748823,1.0,0.23730852,0.003765395,0.000781499,0.0007295953,0.00064468366,0.008614428,0.07330237,0.019749679,0.0011584375
0.0014064495,0.110443704,1.0,0.5329238,0.019790437,0.0007250086,0.00062200485,0.00045881394,0.013146149,0.2814181,0.21501932,0.0070491936
0.0013249432,0.026614573,0.48240203,1.0,0.13127819,0.002341683,0.00068181567,0.0007275843,0.012528471,0.4661742,0.7931148,0.06495917
0.0012620249,0.009959009,0.25211146,1.0,0.18962651,0.0028294637,0.00065154355,0.0010023486,0.0030805618,0.14864284,0.6816756,0.10750493
0.018669507,0.24109519,1.0,0.96130323,0.10197996,0.0021792606,0.0010156112,0.0019741436,0.046470147,0.3818356,0.57162917,0.060938224
0.1422373,0.92285097,1.0,0.22885616,0.011532612,0.0012044279,0.001409424,0.01128861,0.1563593,0.33460674,0.121006556,0.009980503
0.2571641,1.0,0.3686001,0.17313638,0.11880898,0.070810735,0.03827867,0.03263343,0.14259923,0.11217383,0.034902405,0.022074496
0.06528793,0.14869227,0.12774299,0.21485272,0.3612344,0.56919265,0.7904736,1.0,0.90753263,0.40964666,0.106810085,0.05343543
0.028406773,0.007060255,0.0073423986,0.0108047975,0.036987647,0.09744361,0.18427819,0.42470104,0.8957125,1.0,0.560733,0.17724068
0.63692755,0.060164828,0.0025801347,0.0020869353,0.008439171,0.03071966,0.045912586,0.060802568,0.19572204,0.44865534,0.59876657,1.0
1.0,0.12431602,0.0031048665,0.0010060028,0.0010365457,0.0043616295,0.013400771,0.01672039,0.008427181,0.0377779,0.15546632,0.9403399
1.0,0.18385407,0.008939533,0.0033417523,0.0021107339,0.0046889633,0.011842234,0.020241622,0.014830259,0.10763067,0.31031775,0.8734665
0.25224182,0.04905377,0.028735047,0.022360077,0.034273997,0.1044143,0.96746564,1.0,0.5493336,0.2892656,0.19161928,0.20604272
0.013137452,0.010153953,0.004576414,0.003588662,0.010852143,0.07779994,0.80145365,1.0,0.34099582,0.0997145,0.05063752,0.014272548
0.0025545566,0.009453544,0.013727769,0.003074627,0.0063302154,0.057719544,0.74405456,1.0,0.1800095,0.034955453,0.02313904,0.00895885
0.0017250166,0.0039224867,0.019296879,0.011893666,0.0027283393,0.010656538,0.19546303,1.0,0.62644154,0.043683667,0.003593962,0.0036953283
0.0024514769,0.00063609844,0.0073668025,0.023584135,0.0034640962,0.001196436,0.01869558,0.44790742,1.0,0.1610774,0.0025642766,0.0016762865
0.0019448331,0.00063681294,0.009518726,0.027930055,0.0035700088,0.00089336664,0.02049263,0.36493328,1.0,0.17932445,0.0022433335,0.0012172759
0.0019723482,0.012659826,0.040460534,0.0240633,0.0023257022,0.015979625,0.26449132,1.0,0.774604,0.08842622,0.0016552527,0.0019982578
0.010074799,0.05465404,0.032796573,0.0043782443,0.0059950277,0.21723953,1.0,0.6410431,0.09910074,0.011519325,0.0011617584,0.0012910184
0.018307589,0.047091387,0.0042924783,0.00039575063,0.014393252,0.49403167,1.0,0.12172443,0.017102875,0.001937695,0.0007457174,0.00048514624
0.0117053455,0.047097236,0.012346012,0.0007477027,0.0101686865,0.34007078,1.0,0.22358523,0.00896903,0.0011465015,0.0013291884,0.0006753367
0.003879857,0.048151206,0.060177874,0.014272605,0.0039455076,0.097797,0.875471,1.0,0.23171881,0.016317386,0.0027719382,0.002143174
0.0033622768,0.007247723,0.04277125,0.051954474,0.0068197465,0.0058529056,0.12500393,0.7721508,1.0,0.16240321,0.0035297207,0.0019794675
0.005442094,0.001379587,0.0067040944,0.046118077,0.015575225,0.0011502968,0.0077709984,0.16248426,1.0,0.35425803,0.0068847886,0.0010651652
0.0047626644,0.0016941318,0.007220999,0.036504585,0.012800095,0.0020341561,0.020031055,0.28594023,1.0,0.30759406,0.0067474223,0.0017170488
0.005865776,0.014737001,0.025951581,0.020569775,0.006789545,0.074921325,0.4227781,1.0,0.78593385,0.10754492,0.0067245997,0.0052068178
0.034046557,0.043088768,0.013225629,0.007900408,0.042670377,0.5977261,1.0,0.39772794,0.08441446,0.050825883,0.016164389,0.0039931536
0.04670834,0.022651754,0.0038764286,0.009846803,0.15638173,1.0,0.46129334,0.03446226,0.050757673,0.24191038,0.0369108,0.005278206
0.03190213,0.022610145,0.0037344056,0.011786546,0.16995218,1.0,0.4328252,0.04980079,0.046630263,0.25962573,0.060328934,0.004356215
0.019669013,0.040685363,0.0107121095,0.025475968,0.18750766,1.0,0.7445793,0.12228994,0.036147144,0.07242425,0.06147225,0.007581308
0.08339836,0.045816135,0.03504621,0.046547707,0.19044115,0.78154653,1.0,0.7604856,0.38394845,0.037090722,0.056001935,0.12098178
0.5500505,0.08184907,0.035124402,0.029003007,0.029291248,0.06341135,0.19000024,0.7249794,1.0,0.24737382,0.042759527,0.35133952
0.50049543,0.12697566,0.024610916,0.025321556,0.028170697,0.027784476,0.06301691,0.26500034,1.0,0.4274142,0.03543608,0.13738982
0.28443718,0.03954729,0.01178204,0.009989378,0.012350765,0.12442081,0.4702503,1.0,0.73278326,0.13305204,0.019203158,0.17439425
0.028366968,0.0059291953,0.0045800917,0.0033778283,0.024444109,0.3793165,1.0,0.52007025,0.07608717,0.0059262025,0.0041815895,0.031069065
0.0126304105,0.0069065453,0.002774159,0.006160179,0.10574642,1.0,0.85306996,0.10091088,0.009739968,0.0021390982,0.0018034418,0.0033530702
0.011921651,0.010417229,0.0028317808,0.0061213435,0.09962713,1.0,0.8707211,0.0898316,0.007688548,0.0034598482,0.0039540185,0.0029147798
0.0061430377,0.0097299535,0.007079828,0.009322805,0.03328624,0.35640305,1.0,0.54816735,0.07870838,0.010113839,0.0066313334,0.0042220736
0.009873596,0.010305119,0.038499363,0.14492589,0.060607444,0.0799861,0.44943818,1.0,0.65815085,0.14638335,0.015709512,0.008900961
0.026433844,0.046704616,0.07615936,0.44391495,0.3954891,0.066236615,0.057588317,0.34061652,1.0,0.9918316,0.15025036,0.016667508
0.02679682,0.051794738,0.030246442,0.097653724,0.23719625,0.057112094,0.08759072,0.26480338,0.72269773,1.0,0.13583486,0.012337195
0.0047365115,0.011055837,0.013988706,0.009720123,0.009676914,0.052057166,0.40222815,1.0,0.8907588,0.24109466,0.009522533,0.002075975
0.00890925,0.015691241,0.007268583,0.0026840784,0.022204665,0.38683534,1.0,0.7221505,0.33923614,0.06524697,0.004237543,0.0021692323
0.024023483,0.032335185,0.006202312,0.0017883375,0.0511671,0.89753455,1.0,0.099365845,0.016338432,0.0045416052,0.0017480135,0.0019652261
0.023694886,0.17593525,0.30531397,0.069778405,0.03177398,0.5503795,1.0,0.29739097,0.03294671,0.0022560253,0.00079619157,0.0011171175
0.007967457,0.17688686,0.7427346,0.24724747,0.020938272,0.106239304,0.60225856,1.0,0.4146657,0.03446186,0.0023099978,0.0023152018
0.0028124193,0.014604493,0.12835112,0.09857973,0.013181164,0.0048289145,0.043530785,0.45113274,1.0,0.23704438,0.0070828823,0.0023603975
0.0030083067,0.0015091856,0.004540432,0.015686909,0.005541653,0.0022030228,0.030294182,0.34856117,1.0,0.27179292,0.008725909,0.0020334986
0.0044130627,0.0012564523,0.002998193,0.0057093473,0.0039270506,0.023591822,0.18450305,1.0,0.9948784,0.1480072,0.0074624224,0.0071931547
0.006247864,0.007979796,0.021075452,0.047686774,0.15045832,0.5330123,1.0,0.9743669,0.32111973,0.049191408,0.015960671,0.014516748
0.04557697,0.088416025,0.17055093,0.2655743,0.51986974,1.0,0.6912321,0.2731873,0.15623179,0.0403594,0.022667099,0.030051166
0.30402413,0.49858052,0.57639664,0.38287765,0.32263422,0.38748854,0.5979781,1.0,0.22531104,0.1853606,0.31216392,0.38712278
0.06359714,0.054538243,0.052602276,0.05765024,0.06354364,0.088257834,0.32540312,1.0,0.45668474,0.12076083,0.113963105,0.11041377
0.049109768,0.044075128,0.054044373,0.058627866,0.06498181,0.075828776,0.35934332,1.0,0.948816,0.23527819,0.07431291,0.05778282
0.09823916,0.10889331,0.11100887,0.11878842,0.12563656,0.18514788,0.40105352,0.96700805,1.0,0.43395567,0.12125353,0.09974806
0.012409767,0.020086857,0.02555816,0.08180682,0.27355292,0.75773203,1.0,0.6342342,0.30051965,0.091897964,0.027672376,0.01006941
0.0036238062,0.011514271,0.0053212172,0.00963033,0.03773361,0.33449644,1.0,0.43905434,0.111011446,0.035869528,0.009133056,0.0029101109
0.0016150533,0.006341024,0.00938814,0.0027869707,0.007328079,0.18069568,1.0,0.7695512,0.09577031,0.009696135,0.002530375,0.0020337088
0.0020481853,0.005499511,0.04091462,0.021479651,0.0031298795,0.043634467,0.40808716,1.0,0.26725245,0.01167109,0.0033753444,0.006443109
0.0057709143,0.0036115346,0.082118504,0.13070601,0.009000723,0.006772629,0.060003772,0.86824924,1.0,0.055986915,0.0033421174,0.009189774
0.0060734013,0.0037827569,0.10112419,0.21569145,0.016608797,0.01217109,0.021453168,0.5016425,1.0,0.065155976,0.0026385863,0.0054924814
0.018056778,0.08970742,0.35762537,0.2530209,0.021983966,0.06765725,0.34736556,1.0,0.7199858,0.035912834,0.00645424,0.011642507
0.17935382,0.27613035,0.15504998,0.04312732,0.03108949,0.5458319,1.0,0.43884793,0.075098224,0.007295123,0.005370131,0.011704542
0.26733774,0.19638897,0.012853642,0.009752643,0.042100597,1.0,0.95312893,0.065378666,0.0052603823,0.006464609,0.0035812927,0.012092152
0.044303346,0.050338246,0.0057648406,0.0021870255,0.009728413,0.39693144,1.0,0.1840421,0.008191767,0.0030199157,0.0019907248,0.0026669183
0.0106588155,0.019623922,0.0056273774,0.0022552824,0.0061641335,0.21734926,1.0,0.4037471,0.05071244,0.012214416,0.0036142573,0.0054349913
0.035810154,0.042412877,0.013280314,0.009805449,0.031652186,0.26515934,1.0,0.9873765,0.3475725,0.11608268,0.019610569,0.029425737
0.07570075,0.043729737,0.0294438,0.022667577,0.02911015,0.10979836,0.57970834,1.0,0.98056453,0.46028432,0.056223568,0.05261681
0.09219273,0.024767887,0.023786169,0.016540602,0.015531709,0.06704384,0.20391208,0.77816606,1.0,0.17173742,0.017943073,0.03711857
0.043198153,0.027836248,0.020196965,0.013371466,0.05308963,0.5125205,1.0,0.7213831,0.3514208,0.034500137,0.0069178315,0.017903551
0.013213047,0.01443142,0.006420982,0.005821077,0.085336655,0.95614326,1.0,0.11418131,0.02274476,0.004016845,0.0032061439,0.0038698802
0.0077647828,0.0072806235,0.0028259202,0.0032767626,0.050491057,0.76030326,1.0,0.12234835,0.007953199,0.0025965525,0.0027410048,0.0029586984
0.005433532,0.0073552,0.005791672,0.0042088707,0.018561952,0.30575335,1.0,0.651501,0.094225526,0.006129452,0.0041696113,0.0041651973
0.012664327,0.012145576,0.011710488,0.010446731,0.0106017245,0.02992004,0.263158,1.0,0.6484034,0.07012346,0.011537247,0.011765786
0.013520218,0.01085212,0.011269442,0.024253648,0.016115434,0.010520189,0.03559539,0.2961341,1.0,0.36317417,0.019223146,0.013809042
0.010688024,0.010805682,0.021831358,0.040126093,0.022470431,0.07162827,0.39355537,1.0,0.76087326,0.1404456,0.012709616,0.010666479
0.0033583508,0.0049144425,0.018784827,0.048614923,0.08805761,0.3839143,1.0,0.83638453,0.16482556,0.012080283,0.0033386187,0.0029458639
0.0054124775,0.01213826,0.120096266,0.34028438,0.39933446,0.79891866,1.0,0.4119263,0.04242011,0.007146766,0.004617775,0.0037718825
0.010557586,0.0571393,0.8314079,1.0,0.28949583,0.22778739,0.17416754,0.06209665,0.02239699,0.015389793,0.012255877,0.0047466788
0.008452787,0.04228789,0.6630717,1.0,0.19601244,0.04793337,0.058553692,0.04536519,0.012109264,0.009424426,0.011838067,0.0053630807
0.0066213594,0.040294092,0.20818953,1.0,0.91614425,0.17280312,0.054406296,0.031281654,0.008363597,0.005626774,0.009825551,0.010379859
0.009153866,0.03338104,0.13669287,0.2606722,1.0,0.61854815,0.089764036,0.02960852,0.0051654535,0.0035759562,0.0042615174,0.012391906
0.016258879,0.011929492,0.14052638,0.10693939,0.74555486,1.0,0.12681015,0.038329877,0.0051696054,0.003829241,0.0036474247,0.012071357
0.024760198,0.062648095,0.19453849,0.26645318,1.0,0.72495705,0.108324766,0.042038716,0.01002756,0.0075955633,0.0127699,0.028041732
0.109522335,0.32023585,0.64138263,1.0,0.82807815,0.19931656,0.08343714,0.055268314,0.026049336,0.03890451,0.043887332,0.049093466
0.71063864,0.97905785,1.0,0.6452589,0.27826336,0.1318233,0.105724156,0.115839496,0.09266049,0.12607245,0.12462364,0.20571332
0.89619124,1.0,0.57851005,0.29311252,0.27779937,0.23786476,0.15262488,0.22518033,0.26196018,0.25710136,0.2710831,0.30173507
0.38216096,1.0,0.77475345,0.15686017,0.06442249,0.0543298,0.032174088,0.039958633,0.09182352,0.109368294,0.048103727,0.06881001
0.053880695,0.3224475,1.0,0.5826334,0.0861392,0.034749955,0.018517368,0.014779041,0.02562511,0.10001111,0.06396946,0.00855586
0.009810886,0.0478183,0.66851133,1.0,0.15408728,0.056743674,0.02650622,0.027107362,0.005276537,0.046848457,0.07829138,0.005555893
0.09014926,0.31043297,1.0,0.95992774,0.16520706,0.066460006,0.05415898,0.04124293,0.022091005,0.053763416,0.06470085,0.016890341
1.0,0.89822984,0.5854997,0.14871025,0.039669473,0.028100627,0.039240174,0.06490306,0.047523912,0.024633002,0.033663098,0.32815558
1.0,0.29145783,0.064120516,0.017220149,0.015299532,0.010408992,0.032682076,0.06675359,0.018669471,0.004967649,0.037461128,0.47904712
0.70707476,1.0,0.6538448,0.17628673,0.064865485,0.07152651,0.08531921,0.051453855,0.031459805,0.013221346,0.02100875,0.19359247
0.06674211,0.33266184,0.7572406,1.0,0.36770672,0.071915306,0.11367491,0.025092375,0.0079162605,0.015597682,0.03643639,0.016424809
0.022265363,0.12442566,0.49156868,1.0,0.3370199,0.03096178,0.021135688,0.010273604,0.005996873,0.031687703,0.07377241,0.027206546
0.54565644,1.0,0.8886594,0.4081936,0.061188925,0.00786156,0.013281642,0.016335381,0.013549359,0.038070522,0.041483767,0.11497126
1.0,0.9906525,0.39518294,0.15385668,0.01931666,0.0040305606,0.00978935,0.022351282,0.018595383,0.015037574,0.010822571,0.21620795
0.5928741,0.81793445,1.0,0.78008366,0.29723814,0.054491717,0.01283971,0.021519365,0.048731294,0.09836367,0.12684469,0.21373664
0.5604398,0.26314467,0.5523147,0.7722553,1.0,0.49977672,0.055764727,0.017548854,0.0249528,0.07495371,0.20809153,0.60624576
0.23752937,0.038123492,0.013241017,0.05268048,0.38904628,1.0,0.26879898,0.0088418275,0.004288557,0.008790819,0.020086935,0.14982684
0.049205232,0.02915609,0.005231625,0.007138381,0.09712713,1.0,0.72200096,0.024283888,0.00219415,0.0022541825,0.0017313259,0.0074473675
0.03655916,0.036633525,0.00701899,0.012441071,0.08090537,0.9770375,1.0,0.040762175,0.0017506015,0.0038957957,0.0017246383,0.0020130104
0.061330102,0.058597945,0.045441657,0.100982174,0.29773498,1.0,0.63351774,0.031936098,0.01185936,0.018949654,0.005183254,0.013504456
0.42945477,0.48194632,0.3999766,0.38711226,0.68073106,1.0,0.6108603,0.11872651,0.13042516,0.15803048,0.12806697,0.2305407
0.4111244,0.35284936,0.45687264,0.5040561,0.6107121,1.0,0.53312117,0.20860201,0.46924087,0.80074626,0.53122336,0.5004777
1.0,0.5356769,0.21490201,0.20706597,0.26462394,0.46068487,0.4479885,0.13582875,0.24747144,0.3486223,0.29604515,0.5237341
1.0,0.56589305,0.17081638,0.09806381,0.0754325,0.084233165,0.062348265,0.070165224,0.08152167,0.06332982,0.14866368,0.66707194
1.0,0.20681253,0.0706326,0.080625884,0.07891878,0.048945397,0.050408177,0.15806106,0.086828716,0.04695043,0.1245683,0.7371401
1.0,0.082876675,0.014434248,0.02501679,0.023099959,0.013125732,0.031394288,0.08965177,0.027156807,0.019517537,0.045530062,0.65403515
1.0,0.12502408,0.011216731,0.008451881,0.0034276536,0.0025396552,0.022458173,0.054309994,0.00838342,0.0075550573,0.015197292,0.3993587
1.0,0.23939025,0.008786416,0.0036532932,0.00218475,0.0014613799,0.012659747,0.040970307,0.006661113,0.0024912818,0.0051156334,0.17673755
1.0,0.387408,0.016344104,0.002201932,0.0018626752,0.0015237891,0.0052530384,0.03887418,0.030814799,0.007242492,0.0040877806,0.13420707
0.7849352,1.0,0.12910132,0.0071359905,0.0036070247,0.0027755213,0.0094553055,0.08586539,0.1774256,0.032084513,0.00581283,0.064761296
0.28242522,1.0,0.20959006,0.007924203,0.004490956,0.0026602817,0.0076703546,0.057044342,0.17705138,0.03401377,0.0051776497,0.016585033
1.0,0.8574362,0.08311233,0.0040770224,0.00270112,0.002733771,0.028303847,0.1750692,0.14754747,0.01489777,0.012538236,0.22700074
1.0,0.18410718,0.018030632,0.0033997963,0.0021258486,0.00435772,0.061872046,0.12609047,0.027551847,0.0036806848,0.072094075,0.93292093
0.4177703,0.023687381,0.0060128304,0.0034945593,0.002230033,0.010001751,0.07842931,0.033809613,0.005624484,0.005423308,0.12658337,1.0
1.0,0.13448825,0.011197716,0.006455969,0.0038632622,0.012802645,0.093111545,0.04662253,0.01956748,0.010073206,0.0961338,0.9671274
1.0,0.6056686,0.087502964,0.03063933,0.02243865,0.012547999,0.03008911,0.059720814,0.060746998,0.024995971,0.02951619,0.28553382
0.27829462,1.0,0.32050115,0.028725075,0.021009875,0.009169019,0.012254683,0.044524387,0.07830997,0.039674204,0.013190495,0.045044363
0.2426409,1.0,0.33506837,0.010773064,0.0020610488,0.0023703575,0.005473115,0.048525553,0.2833627,0.11779277,0.007043253,0.02206847
1.0,0.9253445,0.11994581,0.007266387,0.0023068795,0.0033380217,0.033144895,0.21321222,0.39252228,0.09471827,0.017017437,0.20348132
1.0,0.28211927,0.025713978,0.008507679,0.0035078672,0.0076586353,0.10703937,0.18720129,0.07406868,0.016755102,0.08608847,0.76030535
0.39197993,0.03859209,0.012955505,0.010748207,0.0054191453,0.015391117,0.1045177,0.043196406,0.008186373,0.013493557,0.1993932,1.0
1.0,0.2470754,0.029874105,0.013189771,0.00965796,0.014246311,0.06622442,0.07934165,0.029723242,0.017546147,0.14503147,0.9258463
1.0,0.95148957,0.13442291,0.013693189,0.011234982,0.01017211,0.02426194,0.13736673,0.13279064,0.019124566,0.029847268,0.21898887
0.32065588,1.0,0.22952074,0.014161174,0.006541296,0.008618934,0.011128422,0.037589215,0.11034354,0.019909704,0.011210245,0.030084858
0.27268147,1.0,0.23193833,0.021376934,0.011212687,0.019159121,0.023480486,0.03825603,0.11374577,0.02348924,0.01962394,0.0377304
0.61373585,1.0,0.24723588,0.08760646,0.07594399,0.13181941,0.15163,0.28332502,0.19820255,0.048248485,0.15063609,0.22684108
1.0,0.43231407,0.13341013,0.066391155,0.08209606,0.120540865,0.1293974,0.33045715,0.14967772,0.046558447,0.17926678,0.55724216
1.0,0.14798553,0.02420496,0.014752127,0.024035139,0.0406007,0.10766379,0.1936748,0.088959105,0.034897804,0.11502394,0.7539224
1.0,0.28383827,0.026168443,0.010962363,0.018477296,0.04278151,0.13102472,0.2142207,0.08707849,0.044507526,0.1309037,0.61506385
1.0,0.64532036,0.08006759,0.024213906,0.026960101,0.024082338,0.06111854,0.11929193,0.05698887,0.038221195,0.07709592,0.17483741
1.0,0.8078723,0.101076454,0.026955592,0.027401451,0.01954823,0.028571483,0.059475243,0.07081825,0.035578206,0.03630878,0.13506931
1.0,0.5622822,0.069794364,0.030678866,0.032286644,0.03022046,0.041171204,0.0808192,0.086966105,0.050967257,0.05053626,0.240945
1.0,0.36170137,0.031091373,0.010840026,0.015780732,0.018656243,0.03088757,0.046853993,0.03792622,0.022910612,0.057262395,0.3618546
0.71672225,0.20485258,0.026224202,0.010425271,0.018157586,0.052350126,0.07730371,0.031665657,0.029668763,0.08080531,0.46983865,1.0
0.5362415,0.28560373,0.1425744,0.0809938,0.07359648,0.46552387,0.8198852,0.2533161,0.18688768,0.20933366,0.9528717,1.0
0.0951816,0.042256683,0.032065853,0.021901703,0.025728177,0.36528745,1.0,0.23419006,0.048891377,0.018671088,0.12066726,0.18294033
0.18821011,0.069175005,0.01574938,0.021025287,0.043183267,0.25577176,1.0,0.4325761,0.12768354,0.020838387,0.052693088,0.19223958
0.41052103,0.5203567,0.1805604,0.040954087,0.16564861,0.42352805,0.4952604,0.68725735,1.0,0.5647364,0.062749386,0.1298855
0.03999443,0.15404074,0.2047029,0.058224212,0.03724062,0.19071177,0.2985392,0.09916307,0.37808764,1.0,0.28040388,0.0112489285
0.010749201,0.03638241,0.16126117,0.078444,0.014009586,0.066367894,0.30753395,0.09370903,0.11272783,1.0,0.48196542,0.012104259
0.17645489,0.25183523,0.20835018,0.08518986,0.2073032,0.38073826,0.36014697,0.2923533,0.5526855,1.0,0.30872726,0.04960927
0.87159085,0.30459872,0.08319169,0.32249323,0.54203117,0.40803805,0.6989552,1.0,0.5424916,0.2341399,0.08061669,0.7591432
0.77889943,0.1796147,0.0577926,0.30012774,0.46992818,0.25484973,0.67306674,1.0,0.47104132,0.11323697,0.07058739,0.80901396
0.24465159,0.2724575,0.268134,0.17226838,0.30383605,0.41218278,0.2665487,0.5316956,1.0,0.69232917,0.15032575,0.088116504
0.024008023,0.10996521,0.6405254,0.9428578,0.12020265,0.16312252,0.33082873,0.29448113,0.48537543,1.0,0.613911,0.03940367
0.016885115,0.117644705,0.7452216,1.0,0.08761951,0.0073984796,0.06998916,0.12106323,0.016356349,0.120553434,0.28810495,0.028228922
0.09674526,0.4058351,1.0,0.65136534,0.06783669,0.011388617,0.032510746,0.0458576,0.017793505,0.08416231,0.13671601,0.047107354
0.6153743,0.7102456,0.69401336,0.29454345,0.092218846,0.08221444,0.12909912,0.18547587,0.26329336,0.609828,1.0,0.9860662
0.82182246,1.0,0.8977708,0.22717015,0.12271275,0.09411268,0.2600706,0.7723959,0.9543274,0.98873997,0.82452166,0.7531694
0.46501473,0.4301769,0.55346525,0.4408382,0.38758412,0.17296912,0.08986765,0.18742642,0.36693472,0.76653796,1.0,0.788376
0.9662664,0.31691045,0.1859428,0.29697844,0.5804312,0.90712667,0.80524004,0.430812,0.17925026,0.24466681,0.56803703,1.0
0.119105026,0.09087379,0.05132337,0.024195429,0.047575668,0.1831824,0.37193346,0.5688965,1.0,0.5375263,0.07949603,0.04610648
0.003191859,0.0049675223,0.00870834,0.012292608,0.018689534,0.022517731,0.042326182,0.19404851,1.0,0.80781704,0.13250731,0.0059840875
0.03403789,0.038077887,0.040329948,0.043643862,0.06271028,0.06544511,0.06551147,0.25453576,1.0,0.9066128,0.20062968,0.023834137
1.0,0.39559352,0.14530924,0.05870117,0.041315723,0.02874926,0.021494582,0.07597348,0.15863611,0.08743656,0.048816063,0.3468147
1.0,0.79530793,0.35023347,0.07919806,0.009199154,0.008808877,0.013956944,0.05475562,0.11904365,0.13376471,0.047262616,0.2739742
0.16506353,0.5738475,1.0,0.5671769,0.085894756,0.010636561,0.005485437,0.013924695,0.057848666,0.18849766,0.14503236,0.030456906
0.011267016,0.054785877,0.54643834,1.0,0.19648041,0.0076901107,0.00233814,0.0031439508,0.012766819,0.12986347,0.29165623,0.029565554
0.14964576,0.45950532,1.0,0.81965446,0.13562346,0.007305255,0.004562729,0.012652147,0.057689898,0.24552502,0.30722046,0.052102484
1.0,0.5252215,0.30770713,0.06560687,0.00813997,0.0038175276,0.01858997,0.038514353,0.040297735,0.05669162,0.05710404,0.48928872
1.0,0.26771048,0.053112578,0.009405311,0.0032242073,0.002783293,0.016088683,0.026063982,0.00799054,0.0039191786,0.03151536,0.52777135
0.9903698,1.0,0.6718992,0.1744779,0.021817092,0.008187647,0.018199237,0.02673087,0.01735899,0.023395648,0.028670495,0.3255163
0.11651233,0.52719676,1.0,0.36965376,0.06929521,0.02137392,0.025852598,0.030114364,0.011348443,0.0312688,0.032464147,0.046335023
0.52345294,1.0,0.767042,0.23873775,0.11876215,0.088973545,0.055700663,0.06561821,0.063681215,0.10240653,0.24221617,0.35388482
0.60371184,0.681018,0.60849124,0.287112,0.12890273,0.1254263,0.16561218,0.21269421,0.2662445,0.3926365,0.7055479,1.0
0.8822321,0.99441236,1.0,0.6435255,0.5138694,0.4599291,0.43219665,0.39721006,0.337109,0.3838704,0.59779453,0.9583421
0.7218659,0.7673796,0.6609556,0.6298346,0.6061766,0.754046,0.88441944,0.82222545,0.27941716,0.33655426,0.73998654,1.0
1.0,0.5126383,0.14900617,0.14115866,0.2103377,0.26463518,0.47898066,0.3596795,0.088284574,0.07976763,0.28698212,0.84774876
1.0,0.38436937,0.03204885,0.016138665,0.042778075,0.026437588,0.054520912,0.064195156,0.020287426,0.010096074,0.031939752,0.2706677
1.0,0.38442865,0.037710067,0.006284083,0.014385999,0.007409905,0.008964844,0.023179125,0.010799782,0.0041565453,0.008211996,0.19739452
1.0,0.83156216,0.051849432,0.0058319154,0.013204687,0.01294772,0.0075373873,0.014589671,0.009866089,0.003842433,0.0076666963,0.13877524
0.6554146,1.0,0.07368962,0.013007956,0.029324813,0.031942002,0.015215428,0.01609214,0.014670247,0.006267465,0.01766241,0.07388832
1.0,0.51420116,0.05492967,0.014669993,0.024035929,0.023954073,0.032874983,0.022691075,0.02064485,0.01418128,0.040356826,0.5221634
0.613466,0.033556297,0.011203355,0.01980478,0.0077516907,0.00358579,0.014252666,0.015236376,0.016444018,0.010009922,0.10988645,1.0
0.87612045,0.1487867,0.012197766,0.01189952,0.0068862415,0.0036988917,0.014523434,0.011786235,0.0069334153,0.0037331623,0.08930666,1.0
1.0,0.63589036,0.12432553,0.006233207,0.008586064,0.009804034,0.0094195,0.007151094,0.008393965,0.0048902086,0.027766882,0.44631037
0.31616274,1.0,0.47716877,0.021669064,0.006564707,0.011616738,0.0075603877,0.0075980444,0.020948786,0.017591817,0.008418597,0.0756721
0.5836338,1.0,0.74367356,0.08314074,0.020814188,0.028008152,0.041251604,0.050106384,0.06908712,0.098840766,0.10019851,0.18113612
1.0,0.5524613,0.16373715,0.07111114,0.06946945,0.06688532,0.08675576,0.1769656,0.38174856,0.43362367,0.24154574,0.2989208
1.0,0.76907504,0.39196646,0.18990622,0.25936744,0.30529302,0.47713193,0.528491,0.6936035,0.3899596,0.3154508,0.47331345
0.96756244,0.6276247,0.5765954,0.43670723,0.5939387,0.66552955,0.96466714,1.0,0.79799384,0.35333893,0.40694156,0.58745676
0.5779064,0.6098129,0.57793295,0.6381898,0.5437611,0.71112216,1.0,0.6716072,0.73867464,0.7330524,0.6579028,0.6709676
0.51833737,0.5406711,0.52355164,0.49224687,0.41818345,0.61108005,1.0,0.77381843,0.93332404,0.73594266,0.59911233,0.55434257
0.16262357,0.15097818,0.14414805,0.12943912,0.13354754,0.26366612,0.5415869,1.0,0.92179465,0.2617282,0.16986546,0.1691024
0.041712403,0.033328254,0.03805376,0.03390283,0.022705268,0.03910892,0.26589265,1.0,0.96055794,0.17524892,0.026645202,0.04031855
0.18336958,0.07948198,0.05938269,0.03823391,0.035212986,0.12386742,0.6746014,1.0,0.43405026,0.31429732,0.23745711,0.26873153
1.0,0.3311443,0.015177489,0.003085935,0.004272514,0.006584443,0.03885394,0.055884656,0.014981201,0.027092673,0.06518359,0.40354228
1.0,0.34897122,0.012750287,0.00082276954,0.0009784779,0.0012389297,0.010995722,0.025176391,0.0040499894,0.002054549,0.0063122655,0.1779434
1.0,0.3318844,0.016661163,0.0016466391,0.001711143,0.0017088186,0.0069004796,0.03441471,0.009148534,0.0017184288,0.0033082757,0.13571477
1.0,0.4620842,0.022597235,0.0024341824,0.0028661953,0.0032707015,0.010217953,0.08434948,0.037580974,0.0027274503,0.004440084,0.0958075
1.0,0.66658556,0.035570204,0.0065488648,0.013058708,0.0071360264,0.016215656,0.09596286,0.058106292,0.005007754,0.014529865,0.087556764
1.0,0.50672317,0.051850807,0.016783575,0.05933247,0.030463831,0.031777736,0.07104203,0.042620707,0.01759544,0.05200014,0.30545217
0.97046995,0.6370312,0.3334454,0.11853224,0.21623106,0.15493478,0.12669685,0.34963495,0.44194978,0.21131618,0.23381233,1.0
0.23643199,0.47918254,0.7066816,0.55993485,0.19962008,0.11365236,0.3623004,0.9049579,1.0,0.38545892,0.512965,0.40908256
0.27589688,0.36150184,0.3800639,0.4126311,0.26666373,0.29257688,0.7958145,0.6181886,0.47042572,0.29925042,0.9758044,1.0
0.59754056,0.57800126,0.42807588,0.34578624,0.46212047,0.7091916,1.0,0.60027635,0.5577494,0.64998513,0.645399,0.7841725
0.9992601,0.68182486,0.30179256,0.2753343,0.3940208,0.45168117,0.66747403,1.0,0.75743335,0.4029765,0.60160774,0.8351993
0.7749239,0.780176,0.2369983,0.21045937,0.18425816,0.21228714,0.93787324,1.0,0.42904228,0.22956468,0.30607992,0.48838198
0.22756799,0.2784804,0.22067085,0.15004666,0.15403028,0.24710244,1.0,0.83319366,0.38703263,0.21155804,0.2630435,0.24442141
0.3843278,0.33826733,0.27233604,0.13835038,0.14324059,0.39476246,1.0,0.7819526,0.47408557,0.31361344,0.46999726,0.42206222
0.698707,0.7801853,0.51847327,0.3202984,0.2765957,0.70958036,1.0,0.77032393,0.62589765,0.420876,0.7733856,0.77552223
0.907655,1.0,0.77163184,0.53387123,0.42765623,0.51618546,0.9375855,0.6467145,0.5581924,0.5392632,0.7348639,0.90852666
0.78860223,0.6936321,0.6388061,0.4578533,0.3694983,0.40629554,0.88943297,0.70502806,0.4274094,0.7093497,1.0,0.82551455
0.48026225,0.26438934,0.23733628,0.16870067,0.16975878,0.23126048,0.65952855,0.56782424,0.44520295,0.6172449,1.0,0.94861525
0.48359522,0.4293185,0.46223843,0.50709194,0.57888824,0.6108343,0.7845525,0.6240748,0.5710608,0.52104837,0.99371564,1.0
0.22262584,0.2540724,0.29175457,0.31390864,0.32874745,0.34506074,0.46474102,0.38219336,0.26783213,0.27920106,1.0,0.5462657
0.059877377,0.05016615,0.050280236,0.05605305,0.05309444,0.0627507,0.15929414,0.145814,0.06550271,0.19761384,1.0,0.37573913
0.17198312,0.09241041,0.046052225,0.03731472,0.0337014,0.045540426,0.1382259,0.09237807,0.05212367,0.27929693,1.0,0.56989264
0.6778323,0.54449147,0.26968312,0.2695158,0.41351455,0.50790524,0.88380736,0.5225823,0.39906207,0.73395956,1.0,0.94410014
0.39179254,0.42381728,0.24285111,0.26986152,0.4043016,0.47779745,1.0,0.7789083,0.7075901,0.4365832,0.39143926,0.40845785
0.6128167,0.48078182,0.35969412,0.45693612,0.52714056,0.59740317,1.0,0.66105914,0.559692,0.6075231,0.67365575,0.69931245
0.7076177,0.6228216,0.68836,0.74026597,0.6786593,0.7092381,1.0,0.6526096,0.5575567,0.6181146,0.8025708,0.78578424
0.91807103,0.7856073,0.7098427,0.8007037,0.82039267,0.78152156,1.0,0.7176984,0.6559876,0.6797397,0.8615401,0.96834517
0.40778133,0.85964626,1.0,0.753755,0.4000714,0.27790928,0.39370888,0.3348732,0.31100473,0.30071765,0.23546262,0.22378418
0.41209534,0.6574097,0.6551603,0.4737033,0.2642431,0.809362,1.0,0.36649165,0.30520627,0.40724683,0.5850423,0.45346576
0.11346467,0.11486485,0.11864766,0.066253334,0.053180326,0.36995956,1.0,0.32215178,0.097293206,0.09414711,0.26838958,0.42628828
0.2775586,0.071918726,0.05863501,0.052007437,0.05582316,0.15670273,1.0,0.6006407,0.133131,0.05528399,0.10141711,0.43952224
0.6217249,0.53520554,0.11931859,0.06630261,0.15157813,0.27955762,0.5915734,1.0,0.66892964,0.14363497,0.059650227,0.2539835
0.3301765,1.0,0.96454114,0.1843913,0.13224019,0.66943604,0.8040971,0.4021008,0.9326672,0.5871543,0.1156975,0.111977324
0.05420361,0.22941278,1.0,0.47610423,0.045513712,0.21172212,0.7570095,0.32334936,0.14673968,0.41508022,0.2792976,0.039092135
0.065290205,0.14896408,0.6173565,1.0,0.13689175,0.069134675,0.59229136,0.71070397,0.12865178,0.3582337,0.69820523,0.10373675
0.03746889,0.10194224,0.21739127,1.0,0.24469578,0.062166773,0.16874002,0.6065543,0.15072294,0.2205739,0.90882325,0.2270481
0.022513326,0.042911097,0.16952677,0.8453767,0.21184278,0.06361982,0.1702943,0.6038216,0.15891379,0.2576929,1.0,0.20924243
0.037836187,0.057307474,0.510402,1.0,0.11555894,0.048866145,0.4043964,0.4825492,0.105962664,0.35975868,0.90867245,0.13739263
0.06784521,0.20114549,0.92689395,1.0,0.11517489,0.13733894,0.6141562,0.23806958,0.071206175,0.37076673,0.36748216,0.07901458
0.110293455,0.7461756,1.0,0.41976547,0.11500201,0.39890546,0.47590363,0.11399748,0.17362885,0.24566408,0.18585584,0.09363482
0.36860865,1.0,0.4342125,0.19849433,0.1598627,0.396043,0.18806708,0.17813686,0.26457146,0.13758269,0.15689781,0.12936719
1.0,0.9193007,0.387925,0.2754664,0.24317676,0.23960996,0.22289005,0.41256958,0.3362857,0.28368795,0.3888541,0.24786107
1.0,0.3541596,0.21612172,0.25453898,0.18096046,0.10500732,0.21676877,0.37020737,0.19410518,0.63085455,0.6269561,0.6659991
0.42212933,0.122558616,0.1071759,0.10790546,0.09512982,0.08056465,0.14491105,0.14024378,0.11942869,0.43539935,0.78011566,1.0
0.38154492,0.17076479,0.17593196,0.16696802,0.18639687,0.1840491,0.21336834,0.16338132,0.17399418,0.33945698,0.8365431,1.0
0.8587877,0.634975,0.5775063,0.6370185,0.64766973,0.75653,0.7937297,0.65747255,0.59437674,0.6849937,0.87449694,1.0
0.78165853,0.30101722,0.16616285,0.15872608,0.1778081,0.22760525,0.3298741,0.45466298,0.5058135,0.34662718,0.71285665,1.0
0.97137505,0.83308804,0.54046077,0.41646874,0.39385146,0.52203465,0.88445497,0.90175176,0.8495669,1.0,0.9568061,0.940474
0.102572106,0.17389941,0.076978356,0.04826307,0.09364957,0.2624183,0.6423119,0.85299695,1.0,0.389044,0.09443754,0.13414831
0.011384622,0.017137384,0.008676178,0.004808059,0.010513149,0.030407934,0.11166213,0.41503465,1.0,0.5216339,0.054182753,0.012632387
0.00902417,0.017553154,0.008476911,0.0033543485,0.0061327033,0.0051258137,0.019326584,0.15982097,0.85639036,1.0,0.17909567,0.012605051
0.014599802,0.056193735,0.09010117,0.013608863,0.012935951,0.019490281,0.007271499,0.026074113,0.28577253,1.0,0.9497822,0.14178476
0.0100511545,0.05995417,0.18485047,0.026662912,0.007889689,0.019961957,0.007944465,0.01714779,0.06022829,0.42760608,1.0,0.16318344
0.0165027,0.2113372,0.26319242,0.030753685,0.013527436,0.01562402,0.008477407,0.07156684,0.19008726,1.0,0.8514611,0.10169977
0.04742266,0.2820066,0.13200186,0.016533017,0.016652161,0.016523875,0.055133775,0.3195048,0.7362512,1.0,0.23490036,0.045243125
0.056765337,0.06265886,0.02692697,0.009104726,0.010049995,0.022417266,0.19852366,0.79636425,1.0,0.31507862,0.09641791,0.07875551
0.09888785,0.04177118,0.03380433,0.017742692,0.019222084,0.14923662,0.65167654,1.0,0.34874892,0.12801616,0.15841274,0.14673965
0.08790331,0.07833605,0.048802916,0.04860475,0.13492179,0.71278584,1.0,0.33874518,0.17158392,0.08303824,0.10487455,0.1210235
0.11411612,0.15187635,0.13057794,0.24591187,0.624123,1.0,0.9524159,0.25119343,0.10030418,0.07238255,0.11370533,0.16113774
0.5625722,0.7433749,0.7998606,0.77976024,0.8424746,0.43930915,1.0,0.98347414,0.900489,0.7015844,0.7657023,0.6040115
0.25467798,0.33183104,0.2335909,0.12712447,0.09151462,0.09921916,0.3710919,0.85132545,1.0,0.3790108,0.4190315,0.28392646
0.20135301,0.23531133,0.15364891,0.095618516,0.090368085,0.16184261,0.38652593,0.58838224,1.0,0.47310835,0.27782777,0.2182359
0.38480097,0.4811753,0.45579883,0.26673594,0.20950079,0.36053216,0.9414939,0.89131975,1.0,0.62653536,0.3642463,0.34017977
0.30580103,0.4771479,0.5577619,0.5981224,0.47388032,0.4733342,1.0,0.62248975,0.27513704,0.19249727,0.21608819,0.26924786
0.02096568,0.027204338,0.040236335,0.1381707,0.48258582,1.0,0.6693348,0.15955633,0.037664838,0.015048166,0.016765444,0.014203634
0.006826814,0.016832719,0.015584854,0.021329703,0.12116853,0.41938815,1.0,0.71953624,0.10886799,0.010947556,0.024765305,0.011713864
0.0024352982,0.013791113,0.026933832,0.0052333707,0.03193063,0.075882226,0.6343694,1.0,0.13520865,0.00663584,0.019726636,0.016811183
0.0014358067,0.007849562,0.03540108,0.007971099,0.01140629,0.017840458,0.26918036,1.0,0.22380367,0.007374734,0.008280444,0.012761004
0.0017936679,0.0035166957,0.04789665,0.046868667,0.0030103058,0.00480117,0.08220652,1.0,0.72704685,0.03181767,0.0018454381,0.0041757594
0.0029986878,0.010840079,0.14562967,0.1364555,0.0042834533,0.0022278393,0.04860347,0.9666414,1.0,0.051728602,0.0015086744,0.003703456
0.004884809,0.10775215,0.34122983,0.103651114,0.0031944,0.021939613,0.30586076,1.0,0.4109202,0.018540382,0.0015311905,0.003136169
0.03116189,0.2952471,0.24251798,0.021053132,0.0055243373,0.1624781,1.0,0.6149364,0.065151,0.0035839917,0.002066294,0.0022515352
0.030128531,0.14396423,0.028786648,0.001901309,0.005148117,0.26915082,1.0,0.17195612,0.011738751,0.0017049658,0.0013671129,0.0010385267
0.010779895,0.052079342,0.017759101,0.0021200592,0.0038994674,0.15569721,1.0,0.5316938,0.03142941,0.0024346446,0.0018391743,0.0016873163
0.0045543243,0.014029624,0.028063644,0.006487598,0.0025153072,0.029345127,0.5273935,1.0,0.1600548,0.005230915,0.0023558105,0.0070779016
0.016045943,0.00401175,0.021080814,0.009647268,0.0014255941,0.013300122,0.22927412,1.0,0.3295645,0.009373062,0.0021062647,0.023132863
0.022018163,0.009275731,0.034592696,0.014705013,0.007175121,0.05473564,0.37742144,1.0,0.2656592,0.011587003,0.0026497121,0.027274394
0.009458277,0.039107975,0.109088786,0.12813327,0.2280827,0.632241,1.0,0.6317384,0.15916991,0.006218243,0.0028804727,0.00773515
0.017245414,0.05386062,0.14850618,0.2639563,0.33364633,0.606952,0.70170444,1.0,0.26462248,0.012367137,0.0058183167,0.009588689
0.030238941,0.03648489,0.04511821,0.04323501,0.024995018,0.04378007,0.30157343,1.0,0.27036017,0.023551673,0.020703591,0.028686557
0.12826768,0.11948468,0.10409319,0.09521183,0.13050215,0.19806106,0.4743165,1.0,0.31405187,0.12619339,0.12131581,0.13216011
0.05127164,0.063538074,0.10007444,0.21452904,0.64825344,1.0,0.89559823,0.65769655,0.21137896,0.074646026,0.050648782,0.04977678
0.004607047,0.00731996,0.012931901,0.11406243,0.16683692,0.7368967,1.0,0.33458006,0.057616733,0.006014663,0.0028394198,0.0023810675
0.003998428,0.0045326436,0.021502417,0.14704065,0.10214278,0.58856755,1.0,0.36038816,0.07463699,0.009460281,0.001169294,0.0008860961
0.013699209,0.004927902,0.08431794,0.22783913,0.20507307,1.0,0.7095918,0.22627689,0.07120573,0.020232804,0.0022417593,0.0031279149
0.036891144,0.0066120564,0.08593378,0.12659013,0.28658137,1.0,0.19231899,0.1096422,0.018442692,0.014794315,0.0023076097,0.0078093284
0.053175587,0.009981401,0.06814298,0.11958925,0.25857025,1.0,0.20730527,0.09127274,0.017378544,0.017177075,0.0022803897,0.008791241
0.054338127,0.013918772,0.049993023,0.13168687,0.18906626,1.0,0.302174,0.06587866,0.016828798,0.013614631,0.0025534465,0.006441518
0.06492943,0.022191301,0.031701926,0.14085309,0.13649458,1.0,0.4032195,0.061833367,0.021001672,0.01238858,0.0027897286,0.0048097842
0.077714,0.02631444,0.031327445,0.13974118,0.13997075,1.0,0.40495747,0.06436542,0.022843344,0.017380169,0.003571878,0.0055445675
0.0673454,0.016444985,0.044343967,0.117377974,0.19481388,1.0,0.30147573,0.056451928,0.015474727,0.013467103,0.0022847261,0.007572426
0.052142806,0.008549275,0.06534244,0.095333114,0.33855066,1.0,0.17704926,0.04292939,0.008525683,0.007625171,0.0012911455,0.011587108
0.044018302,0.009453543,0.12270332,0.08906359,0.6666477,1.0,0.10616543,0.04066073,0.007577499,0.0055503333,0.0018077523,0.025777064
0.057524137,0.014572396,0.18445875,0.107876234,0.88572276,1.0,0.1069671,0.06656808,0.013908362,0.009310784,0.0029751123,0.045346554
0.065168485,0.013308414,0.095100105,0.08430219,0.44500068,1.0,0.18915787,0.0631248,0.013014985,0.010466262,0.0025095884,0.023794794
0.075876795,0.031483706,0.021958502,0.066581786,0.14803715,1.0,0.44708684,0.05199032,0.01588478,0.009244818,0.0026162232,0.0071909805
0.06702457,0.047424354,0.008920708,0.06317761,0.08653991,1.0,0.7140837,0.047590233,0.014633914,0.008938949,0.0036019539,0.00301644
0.05594249,0.029669672,0.02750515,0.07750672,0.14696662,1.0,0.51465386,0.04102821,0.01036005,0.007351492,0.0023320396,0.0055291825
0.049387563,0.018653072,0.1369207,0.109017946,0.5914165,1.0,0.22421741,0.050849095,0.014886015,0.009929787,0.0031473073,0.026604133
0.035171546,0.037304673,0.22619674,0.12002099,1.0,0.59454477,0.15719146,0.068911865,0.017118275,0.0067018834,0.0056050867,0.059068304
0.085891254,0.03895843,0.18730144,0.11869014,1.0,0.9526728,0.27304178,0.13889344,0.017230283,0.009062293,0.005956702,0.07564163
0.12241974,0.05854943,0.038633067,0.061598647,0.2587854,1.0,0.46645832,0.08423252,0.014892097,0.013452534,0.005074013,0.023129025
0.109144405,0.15827566,0.01345226,0.052768722,0.091618456,0.9967832,1.0,0.07793351,0.014011905,0.015144287,0.011380007,0.0057780338
0.087527335,0.17834385,0.024251511,0.07503776,0.2438379,0.9326777,1.0,0.13313454,0.019225633,0.012751394,0.0124612395,0.005900265
0.14585908,0.21022342,0.12569565,0.37586617,0.9591844,0.8782312,1.0,0.2383701,0.05949554,0.04369405,0.04146478,0.042634796
0.08856196,0.13933037,0.532949,1.0,0.6272138,0.3243666,0.12646322,0.07851211,0.054196283,0.069867074,0.080644466,0.07385053
0.017646898,0.024539568,0.07225402,0.10121205,0.27364534,0.904389,1.0,0.24240421,0.029274736,0.020402683,0.011432241,0.012426772
0.0025810255,0.004839058,0.0035115615,0.0038401415,0.058102537,0.48027724,1.0,0.3100174,0.016663192,0.004476053,0.001934944,0.001594953
0.0012334625,0.0070853704,0.009463321,0.002743526,0.011641978,0.18375349,0.9176027,1.0,0.1996252,0.00836782,0.0012053874,0.0010567884
0.0013806503,0.0017409604,0.0086800605,0.005864449,0.00072963577,0.009430835,0.13206194,1.0,0.6811872,0.033976074,0.00059498986,0.001511468
0.0027200184,0.0009168795,0.0060250573,0.0074096136,0.0068645934,0.033862326,0.1776978,1.0,0.7811859,0.04481218,0.00092431024,0.0026324124
0.00448879,0.0040324056,0.010575016,0.0163531,0.043017697,0.25523648,0.62890846,1.0,0.42716143,0.03144939,0.0025843326,0.004362921
0.01473807,0.016923137,0.027796952,0.06773746,0.15835246,1.0,0.99552363,0.6529764,0.19188835,0.032851774,0.010779822,0.010929413
0.054375008,0.07953537,0.23508716,0.50542474,0.33933794,0.5219821,0.5330785,1.0,0.28705204,0.054160967,0.04685213,0.048662573
0.027215477,0.03389375,0.07949763,0.19552676,0.38936007,0.9550398,1.0,0.8838595,0.20175363,0.03751706,0.023052486,0.02751752
0.0039904425,0.005106403,0.007994697,0.024214055,0.1183129,0.23649777,0.6655778,1.0,0.49309304,0.13203289,0.021882258,0.0057489164
0.021574596,0.0044751493,0.008052612,0.025426256,0.06452877,0.058316678,0.18578543,0.64215595,1.0,0.9082473,0.5381385,0.18271498
0.2761292,0.0116424635,0.0052885013,0.013995261,0.02209666,0.011658722,0.011201984,0.07848248,0.32451504,0.64845735,0.84038526,1.0
0.38117594,0.016306868,0.002190001,0.006508233,0.0063629565,0.006502945,0.0065348353,0.029014451,0.10418993,0.2558398,0.4195936,1.0
0.10064922,0.007263144,0.002592236,0.009108285,0.03350121,0.082043886,0.17915666,0.46674818,0.9296548,1.0,0.61212826,0.36649272
0.008470357,0.004173879,0.009541641,0.08782231,0.5627467,0.67321557,0.64389336,0.79367787,1.0,0.50450057,0.103207216,0.022747763
0.008791827,0.008064147,0.018315963,0.12913957,0.9427045,1.0,0.49013132,0.18626915,0.04086253,0.018658318,0.013441188,0.011824708
0.024122583,0.032660935,0.06491597,0.082238086,0.27687168,0.77576584,1.0,0.8149274,0.4988797,0.34031177,0.15498084,0.07184414
0.6903445,0.115022175,0.031212159,0.022851303,0.013708589,0.034637816,0.104583435,0.21677701,0.39869455,0.5458713,0.6622322,1.0
1.0,0.15353931,0.0066159954,0.0034137657,0.001543443,0.00089951773,0.0019554566,0.0061132433,0.032658644,0.07774049,0.17477982,0.74664956
1.0,0.17386907,0.0048672487,0.0018573706,0.001221143,0.0009800044,0.0017838142,0.0041206894,0.0040291115,0.0052376506,0.02164764,0.51153666
1.0,0.21171205,0.026936375,0.024843557,0.08147855,0.19213739,0.27072054,0.22251296,0.10595667,0.07217863,0.07836664,0.89854753
0.24623533,0.042463977,0.02164119,0.04013327,0.36403644,1.0,0.91610056,0.4342988,0.15587753,0.11202822,0.077289425,0.13530964
0.03910847,0.014226569,0.005722831,0.00919735,0.14281128,1.0,0.7949891,0.16162214,0.07103948,0.04434581,0.011122449,0.014891341
0.023055177,0.043259174,0.021916937,0.0074937386,0.058512554,0.6642972,1.0,0.2741929,0.03320392,0.016484968,0.0059027374,0.0057205795
0.009241258,0.04490227,0.113998584,0.055671535,0.011912057,0.13130958,0.6982585,1.0,0.31251425,0.01581263,0.001893263,0.0032239521
0.003957192,0.010360073,0.10490879,0.08503035,0.0046109008,0.0081446115,0.10180373,1.0,0.75076675,0.030189442,0.0009489549,0.0038505252
0.0033622826,0.013751797,0.060586285,0.034585293,0.0032425325,0.045950767,0.4403994,1.0,0.39840135,0.016054656,0.0013548498,0.0036872064
0.017350433,0.02654305,0.019269098,0.004918636,0.052420832,0.45228276,1.0,0.5090636,0.052720495,0.008565753,0.0018941556,0.0047056214
0.04653382,0.014379879,0.0026021376,0.011792059,0.35338265,1.0,0.4980138,0.07635073,0.038540058,0.05556907,0.0038185597,0.018455539
0.08884534,0.009936801,0.0051399022,0.031667143,0.7679423,1.0,0.080059506,0.015706444,0.057645116,0.07686806,0.004974027,0.03943153
0.08028092,0.023601599,0.0038577244,0.026962768,0.52184427,1.0,0.20025413,0.013125027,0.0088811405,0.0120281335,0.0017791368,0.014659362
0.04419181,0.034517318,0.008993071,0.023300856,0.2900109,1.0,0.60282546,0.098631546,0.025076907,0.010346127,0.0052421605,0.0068574203
0.04733543,0.04653373,0.045399837,0.046043374,0.09770708,0.57658964,1.0,0.6804791,0.6012994,0.20529294,0.03900515,0.038826205
0.021896644,0.014282466,0.014874,0.05914929,0.05152364,0.022378122,0.047061715,0.15924056,1.0,0.64989805,0.036872838,0.013434571
0.013312649,0.012438446,0.023709014,0.0809869,0.061360467,0.053214572,0.19453569,0.6181253,1.0,0.39571446,0.025348263,0.008579387
0.009182259,0.009903012,0.022762211,0.04654357,0.145235,0.68098986,1.0,0.8222058,0.3133619,0.048109427,0.010899399,0.008724671
0.007742987,0.0049303463,0.009108657,0.03531975,0.49093008,1.0,0.42110953,0.09075652,0.022001732,0.008355253,0.0053728726,0.007283349
0.012063029,0.005287499,0.010424456,0.045674592,0.45809877,1.0,0.37213737,0.04386577,0.006333367,0.0048703435,0.0045048725,0.006371191
0.009334235,0.009946861,0.0102652395,0.028765911,0.07166567,0.55396795,1.0,0.5739221,0.15169205,0.034376346,0.008377186,0.005237943
0.0021896441,0.0026708809,0.00410634,0.006513209,0.007435789,0.032929122,0.16577762,0.61552644,1.0,0.43353322,0.04254326,0.0023799862
0.0012550192,0.0010004188,0.0017286144,0.004242333,0.0029260276,0.0017674903,0.013470775,0.17400502,1.0,0.99432147,0.12391466,0.0034568799
0.0037107412,0.0033708233,0.0074839788,0.008081526,0.0049910527,0.009205694,0.034425132,0.13198727,0.7894785,1.0,0.14841582,0.005968718
0.05356686,0.05406667,0.082150705,0.15189731,0.43441162,0.5430873,0.71458316,0.93752664,1.0,0.5163738,0.09492725,0.02833672
0.03623051,0.031707715,0.044736445,0.41608673,1.0,0.3178231,0.116586894,0.06743909,0.07017645,0.049668856,0.018508188,0.04065549
0.17876655,0.068221875,0.04705224,0.28901026,0.98415077,1.0,0.5397365,0.18421973,0.05870834,0.065857016,0.044675026,0.08361127
0.07250383,0.05437404,0.029002557,0.033408016,0.10548706,0.5275314,1.0,0.6149084,0.21853879,0.06733191,0.106198095,0.0531299
0.011584564,0.010570124,0.020958614,0.024409251,0.014435107,0.05218817,0.25560266,0.57865345,1.0,0.37405685,0.07651166,0.029047748
0.00706429,0.0031427185,0.0059280335,0.013191853,0.012975777,0.011081301,0.043024126,0.27847773,1.0,0.5024091,0.07421272,0.011722863
0.007373502,0.004589544,0.0061891833,0.017134564,0.025133219,0.032190554,0.12615494,0.3162959,1.0,0.44172,0.10120565,0.021936312
0.043938775,0.07285832,0.15167034,0.26138255,0.29738963,0.31029215,0.46490934,0.37632278,1.0,0.39622653,0.06503029,0.0423109
0.22755815,0.22101055,0.2610217,0.29988396,0.34904313,0.36353824,0.6001996,0.68043715,1.0,0.85360277,0.40264112,0.24222754
1.0,0.37065703,0.089286976,0.056121185,0.063468605,0.097138114,0.30960783,0.3954004,0.3055557,0.21508339,0.13887964,0.38761857
1.0,0.6422248,0.11771651,0.01776469,0.016643934,0.021532089,0.12254485,0.30436912,0.15099628,0.0377315,0.025351098,0.24541324
0.39223444,1.0,0.75674057,0.19059682,0.028027961,0.01705626,0.033748936,0.10722259,0.09679917,0.025062218,0.008207239,0.04693278
0.093491144,0.36136603,0.995168,1.0,0.6023175,0.44347262,0.15123811,0.030422902,0.025304997,0.021737454,0.022338921,0.073421285
0.03768893,0.015123894,0.050422113,0.15993632,0.4802515,1.0,0.33764163,0.024414856,0.0045971004,0.0029399958,0.0045696604,0.031136824
0.034320187,0.007425934,0.0049936348,0.012244116,0.29719308,1.0,0.24441546,0.012258827,0.0018531278,0.0012460671,0.00088988006,0.008988606
0.09258297,0.013644987,0.0009401732,0.004560795,0.29836524,1.0,0.13782917,0.0025383583,0.000678328,0.0011733087,0.0012906231,0.017250847
0.32154086,0.08996993,0.0013278842,0.003008843,0.23940451,1.0,0.13892959,0.0011879309,0.00031269758,0.0006846146,0.00093895,0.033793554
0.5738724,0.3117425,0.0060247537,0.0016923815,0.12750323,1.0,0.34624252,0.006379356,0.0002217865,0.00042480728,0.00023844757,0.03172662
0.20216943,0.14582703,0.0034271474,0.0006150471,0.052209105,1.0,0.7248179,0.018157633,0.00021986593,0.00040823015,0.00021318079,0.0075103035
0.03244418,0.017720537,0.00042639097,0.00090103585,0.07180308,1.0,0.5978542,0.014481087,0.0005729337,0.0014751392,0.00033174467,0.0018647446
0.031468052,0.006290629,0.0003252976,0.0031590029,0.21780935,1.0,0.23633406,0.004958957,0.0090836305,0.02056553,0.001354157,0.0057316483
0.0393745,0.004892348,0.0025316123,0.018217843,0.5154602,1.0,0.092572615,0.0039840015,0.060320504,0.1339199,0.008298065,0.013888485
0.048136137,0.012696436,0.027999308,0.16027252,1.0,0.86675894,0.111640766,0.021344036,0.07896054,0.15386643,0.011060425,0.0226642
0.05938304,0.030220877,0.04488283,0.19635932,1.0,0.92895424,0.23459975,0.028571391,0.018589444,0.019693451,0.00406743,0.016527692
0.06780458,0.040340174,0.004508597,0.019964417,0.20386098,1.0,0.72325486,0.05119809,0.0050983974,0.006362118,0.002539922,0.0069408817
0.019119527,0.02970983,0.0042753164,0.006045354,0.02467163,0.4496057,1.0,0.15849958,0.0048190225,0.004672368,0.004251186,0.0030853131
0.011257931,0.018765915,0.0051076957,0.008005641,0.028748212,0.43869308,1.0,0.15788725,0.004166799,0.004449619,0.0049871113,0.0030708727
0.025718467,0.011193855,0.0045504523,0.019555487,0.25551453,1.0,0.5876641,0.051051974,0.0031991894,0.0032558374,0.0014392554,0.004671933
0.018376904,0.0037036554,0.004058276,0.016887546,0.4676053,1.0,0.13228379,0.0053325747,0.008924381,0.014301652,0.0010671009,0.0050617536
0.013924541,0.009543563,0.0137406355,0.021938968,0.31428447,1.0,0.32079425,0.025511013,0.02323977,0.028783064,0.004928409,0.0046786964
0.018444441,0.028994048,0.03912387,0.039898083,0.1356923,0.99550325,1.0,0.14853905,0.053911343,0.025735585,0.013140537,0.010760939
0.063108735,0.08688038,0.106451236,0.10536361,0.16035122,0.71481496,1.0,0.5028999,0.15795588,0.09851821,0.07703477,0.06927476
0.0539425,0.03275298,0.051492654,0.079868086,0.2629688,1.0,0.74171835,0.18832614,0.062864475,0.050212823,0.06880067,0.09114122
0.072309315,0.08794275,0.33294058,0.33980408,0.5286208,1.0,0.5625756,0.07186735,0.21323356,0.5443099,0.46205923,0.2879694
0.09621117,0.2095323,0.2973452,0.11739482,0.04809641,0.024826987,0.052019592,0.5328288,1.0,0.61592454,0.16958548,0.048355885
0.17620833,0.065522626,0.02350645,0.004826026,0.004456104,0.002965847,0.17484567,1.0,0.45934513,0.06911118,0.007184918,0.040416628
0.22918332,0.024087144,0.00069908815,0.0021057636,0.0045695766,0.0023207983,0.24754801,1.0,0.11346327,0.0038616983,0.004459421,0.064337015
0.21536806,0.024193712,0.0007367843,0.0019125162,0.0040589944,0.0019779864,0.22085541,1.0,0.11509009,0.004416142,0.005684537,0.054752506
0.189611,0.016366221,0.0006289244,0.0025542576,0.0033345178,0.0044946587,0.34231794,1.0,0.09354928,0.0022302053,0.0032749781,0.07370758
0.18332314,0.007961327,0.00092935504,0.0054450072,0.0040134853,0.01971539,0.8325444,1.0,0.03679329,0.0011358786,0.004212443,0.14221069
0.11681469,0.028891094,0.003927995,0.0030423685,0.0023156165,0.025412869,0.90458024,1.0,0.069811806,0.0036955646,0.0034402,0.08967878
0.15944217,0.3872422,0.18580753,0.024496073,0.0034403228,0.01701993,0.5571876,1.0,0.35402086,0.09050689,0.009640506,0.033068776
0.06880254,0.46615723,1.0,0.76409626,0.07949668,0.0038180675,0.032723427,0.10001658,0.20511255,0.27438468,0.09550403,0.010742594
0.0021071099,0.016103486,0.27739248,1.0,0.28027767,0.0078736795,0.002811651,0.004297872,0.0037301714,0.028613333,0.03874556,0.009931434
0.0050916905,0.0028648307,0.13279398,1.0,0.66894984,0.08071059,0.007932974,0.0064681913,0.0021800946,0.0020313743,0.012499157,0.017928101
0.055815216,0.032585394,0.075473115,0.38820636,1.0,0.76325023,0.2729483,0.04646682,0.010178671,0.008014521,0.007994014,0.02895812
0.06300892,0.0871343,0.03590857,0.048323546,0.12957539,0.59259117,1.0,0.6625099,0.2036211,0.03675055,0.00991484,0.009994794
0.019690776,0.029430363,0.03470983,0.04746035,0.05384608,0.048115067,0.22788756,0.67582005,1.0,0.86185044,0.24883674,0.026918419
0.022713378,0.0061643524,0.005985174,0.015857501,0.03835963,0.037252586,0.01761544,0.047407147,0.27068058,0.82106006,1.0,0.3129988
0.056837413,0.0015103491,0.0013775483,0.0021474364,0.0064446363,0.02586198,0.020232186,0.0054579997,0.01298743,0.12486471,1.0,0.88491726
0.06429516,0.0021987755,0.0018380246,0.0037058836,0.009751322,0.030923452,0.028663656,0.024652341,0.05639484,0.16883281,1.0,0.94778633
0.06782615,0.06933394,0.10933177,0.12817404,0.23666517,0.36556688,0.44195476,0.5886104,0.750083,0.8669289,1.0,0.47134453
1.0,0.8517927,0.6627779,0.37388527,0.37434602,0.43018305,0.3753484,0.26624992,0.18687247,0.11863193,0.26492587,0.8154035
0.5098036,0.2566117,0.13277107,0.049183432,0.02594704,0.017261527,0.014044387,0.006795837,0.0065038903,0.024550926,0.34318134,1.0
0.6363014,0.8219485,1.0,0.9049257,0.4869245,0.09182134,0.026900347,0.015402172,0.037434127,0.10621647,0.3008468,0.6353332
0.08537842,0.13223454,0.29401302,0.6159,1.0,0.57310456,0.119407006,0.025349284,0.010917743,0.032186534,0.0948832,0.1328273
0.05990302,0.053879302,0.040076464,0.10912002,0.52319795,0.83493006,1.0,0.8523649,0.10877043,0.006838515,0.018671645,0.05701778
0.005389595,0.012336606,0.010245985,0.0031817693,0.013173599,0.06725583,0.41914982,1.0,0.28677833,0.028651578,0.005015507,0.0026184933
0.003701793,0.0032394496,0.0046705212,0.0055240556,0.01040823,0.032249864,0.29291102,1.0,0.58455485,0.12295046,0.013092355,0.0029145018
0.04725223,0.039353453,0.06154337,0.076963745,0.11159092,0.20271754,0.5704973,1.0,0.96860313,0.34391016,0.048033286,0.036025234
0.07605363,0.036092132,0.04774226,0.030547228,0.031109873,0.04054124,0.23381716,1.0,0.2836551,0.10677741,0.26800767,0.25050145
1.0,0.51041245,0.162455,0.052956343,0.038594246,0.05815256,0.22442754,0.6731002,0.25113353,0.11379222,0.41603106,0.882513
0.37994105,1.0,0.5702552,0.083619215,0.034357946,0.029495398,0.031645417,0.0470395,0.0444563,0.014710272,0.01999709,0.07449146
0.14380942,1.0,0.81354654,0.105716795,0.028888933,0.02352422,0.017087802,0.03251115,0.032885358,0.010601177,0.0067938883,0.012639624
0.51199085,1.0,0.82003605,0.11782867,0.052109048,0.056146424,0.07114442,0.117590204,0.102971524,0.08438462,0.15401179,0.40002495
0.7706994,0.27866054,0.15549402,0.05638408,0.052628517,0.093566366,0.37014946,0.27125666,0.1518196,0.1380992,0.23464182,1.0
0.35764426,0.07754247,0.05418639,0.02716299,0.014291647,0.24920192,1.0,0.4987648,0.06164152,0.033708528,0.20614026,0.6059979
0.14734213,0.02173803,0.098098576,0.12422678,0.04719894,0.47994545,1.0,0.41509604,0.04818252,0.032378126,0.41082782,0.5592643
0.46383,0.134797,0.049779907,0.16005154,0.26652914,0.21086344,0.54729825,1.0,0.34226024,0.024010135,0.115498476,0.3685842
0.26942134,0.3235627,0.037416607,0.028655326,0.23614395,0.280593,0.084742785,0.66529787,1.0,0.08988469,0.0064126663,0.03550863
0.09278978,0.30322328,0.041845456,0.009703249,0.124833345,0.30428502,0.02467996,0.25158185,1.0,0.12553082,0.005179631,0.0063528963
0.3074352,0.42980346,0.042255268,0.04322322,0.30786234,0.369685,0.07770807,0.6241658,1.0,0.09273987,0.009457503,0.04156819
0.53997594,0.21435133,0.117701404,0.2709793,0.35062975,0.1904176,0.5467903,1.0,0.3649571,0.02192362,0.08971209,0.38646525
0.2291933,0.048313692,0.5820005,0.56401,0.07786472,0.38921607,1.0,0.32798296,0.038590137,0.025174337,0.3989141,0.8304488
0.96728337,0.41436404,0.27453047,0.36241475,0.076974034,0.19683813,1.0,0.90062857,0.17126964,0.017248789,0.15123037,0.66297144
0.77226204,1.0,0.12985086,0.041788556,0.022982273,0.018480811,0.19013712,0.42734295,0.18171395,0.017471418,0.015472175,0.12455541
0.29210585,1.0,0.25392368,0.02064076,0.0052657435,0.0054323506,0.010025873,0.03466931,0.084133476,0.041190222,0.011061564,0.018794801
0.2983386,1.0,0.36546257,0.024811022,0.006635919,0.0081740515,0.012108305,0.022314494,0.16870482,0.1384657,0.110543504,0.15608788
0.3633993,0.4787335,0.17922327,0.016280558,0.0084758345,0.010488952,0.012034044,0.019789781,0.051028736,0.18406038,1.0,0.86912626
0.40713567,0.21793726,0.05358703,0.012132097,0.006661981,0.0151121365,0.016977768,0.024385076,0.041946843,0.20535691,1.0,0.797181
1.0,0.868392,0.2288998,0.029192757,0.004979836,0.009177293,0.010749696,0.023487907,0.03984703,0.026169764,0.14596382,0.46800032
0.4548239,1.0,0.4317713,0.03450045,0.0056883055,0.0073934128,0.0048520863,0.010488188,0.025853883,0.015175392,0.0097499555,0.0576706
1.0,0.82095885,0.3147082,0.06056163,0.011565674,0.009388077,0.008626967,0.010748594,0.020933975,0.025370693,0.06330109,0.29348856
1.0,0.41234735,0.08166912,0.032209754,0.014259543,0.00969423,0.0122521445,0.015869187,0.022901095,0.073402934,0.33258823,0.8755158
0.42844242,0.22729321,0.1064119,0.07484312,0.06096381,0.061473817,0.055974197,0.061656665,0.07596695,0.29194754,0.8807745,1.0
0.9401843,1.0,0.44429743,0.29944396,0.3033155,0.36059272,0.38760087,0.4754016,0.48267823,0.44076905,0.45596796,0.7289118
0.41200113,1.0,0.68334466,0.24735442,0.21777189,0.18757793,0.1325351,0.2457104,0.2806643,0.21643965,0.18733236,0.18511121
0.033634283,0.12228431,0.3337138,0.54087394,1.0,0.51427805,0.069649436,0.022846194,0.014383675,0.018547526,0.075108,0.11351601
0.0118212905,0.01114044,0.025979271,0.106418386,0.83063215,1.0,0.15976088,0.0052811555,0.0015050462,0.0022687581,0.024039872,0.04660743
0.010165561,0.003594947,0.0006625847,0.010028489,0.34005976,1.0,0.23868988,0.0068022213,0.0009168547,0.0011179701,0.0026803361,0.0068758414
0.008033057,0.0061143977,0.0009757917,0.0026186665,0.10221466,1.0,0.77824515,0.049300786,0.0011935611,0.001350192,0.0014211928,0.0016240511
0.0030498873,0.004133237,0.0009844033,0.0019193987,0.042682614,0.81271255,1.0,0.07108299,0.000942817,0.001243328,0.0013562514,0.000553334
0.003936186,0.0030344515,0.0013460822,0.01339166,0.23155376,1.0,0.6148104,0.036353845,0.0009446684,0.0013227303,0.00089086633,0.0015569886
0.006875722,0.0033671684,0.005057581,0.11645149,1.0,0.86467814,0.16556112,0.010990602,0.0027159832,0.001890311,0.0032199675,0.011879259
0.013256573,0.0043485984,0.007894549,0.14840841,1.0,0.47086626,0.02330371,0.002865777,0.0027313856,0.0018744936,0.005027235,0.027382534
0.033537574,0.010533166,0.006189396,0.06072792,0.7882666,1.0,0.1369045,0.00439086,0.0019001547,0.0022698706,0.0051135635,0.024220161
0.55158484,0.3041806,0.0615628,0.06505684,0.5645325,1.0,0.31052983,0.08012536,0.070866205,0.08027809,0.10794658,0.2459438
1.0,0.5100813,0.09440344,0.123431765,0.22219731,0.13921455,0.1252655,0.12332065,0.17293294,0.15994813,0.13908648,0.3797724
1.0,0.72602737,0.21271715,0.17513542,0.28278562,0.22453086,0.3820347,0.3773852,0.36081508,0.21672866,0.25179094,0.38507682
0.8365433,0.6194437,0.41393083,0.26796892,0.2783874,0.4725193,1.0,0.44828945,0.25901568,0.22500739,0.33020696,0.35112748
0.1061689,0.06619686,0.09728789,0.29718468,1.0,0.92911065,0.2614847,0.10151903,0.08832397,0.05088668,0.04165026,0.076603934
0.026193962,0.005952035,0.012363134,0.1668602,1.0,0.6482429,0.058800675,0.021931367,0.032254413,0.013429125,0.008141925,0.03967999
0.023808645,0.004263053,0.0058630747,0.13470615,1.0,0.40537226,0.022886613,0.009601859,0.0439803,0.012248143,0.0056150085,0.04703427
0.033013433,0.009637672,0.012697068,0.14124185,1.0,0.43396223,0.03752964,0.014844884,0.07375533,0.03215869,0.0101219,0.04526105
0.07646381,0.022173688,0.029317904,0.16764346,1.0,0.74979335,0.19473027,0.0608991,0.044816803,0.0473469,0.019708969,0.041583817
0.06491011,0.04473834,0.0151506085,0.052584697,0.31856313,0.85536355,1.0,0.12570742,0.01368479,0.016693383,0.021900695,0.02693439
0.028613932,0.028268376,0.005189612,0.010434728,0.041317888,0.54989517,1.0,0.10776858,0.0054776357,0.004431375,0.008630035,0.007286734
0.085804306,0.028705215,0.008197175,0.030321905,0.28442174,1.0,0.78854114,0.07629245,0.007846957,0.004506627,0.00543801,0.042225625
0.0953752,0.0145925265,0.024243208,0.2765956,1.0,0.76969194,0.18118845,0.028665287,0.008764263,0.004208714,0.03783461,0.17710684
0.019438675,0.006888261,0.035256084,0.5875633,1.0,0.13433237,0.020304205,0.0061361273,0.0044480157,0.0030829376,0.07570792,0.15638189
0.023917696,0.0046196026,0.013418816,0.27016467,1.0,0.4939476,0.041785374,0.00810095,0.0026828195,0.0033044259,0.023687894,0.07520887
0.037164193,0.01863055,0.009317164,0.04980834,0.50066775,1.0,0.57896143,0.16797824,0.07663093,0.093585424,0.06706551,0.03881318
0.019188758,0.022358382,0.0044538802,0.009167425,0.023316728,0.2555094,1.0,0.3412901,0.06629916,0.09161096,0.08308659,0.016166555
0.05641552,0.037744857,0.0033299732,0.007691472,0.024960458,0.37980324,1.0,0.21236107,0.019473936,0.040747833,0.0316852,0.011976096
0.37954226,0.08535332,0.013788097,0.036188718,0.4068382,1.0,0.6404945,0.07310628,0.028827712,0.046811968,0.029946167,0.2718267
0.26660293,0.021953331,0.018331677,0.12357174,0.75989,0.3705468,0.038282394,0.014274484,0.034511548,0.01492498,0.19559734,1.0
0.17319933,0.01273868,0.010040777,0.086576186,0.47553718,0.14090037,0.01669558,0.013963518,0.025636213,0.010469179,0.21150473,1.0
0.45388305,0.121482894,0.024569489,0.06004684,0.5655738,1.0,0.2804297,0.05405768,0.048755676,0.042024955,0.119917944,0.68433696
0.29107687,0.24828917,0.021782912,0.019048642,0.14595073,1.0,0.6769822,0.05220842,0.020458966,0.045949724,0.038410146,0.05917192
0.3315934,0.40769428,0.029402362,0.017812654,0.0596143,0.6234602,1.0,0.07829944,0.01330792,0.047022082,0.05126577,0.04386972
1.0,0.32119617,0.03129878,0.031990435,0.2242391,0.60487634,0.45927066,0.05009361,0.03268476,0.051422577,0.17227882,0.899156
0.24215479,0.018621227,0.012568483,0.033466946,0.10277196,0.07639702,0.02808807,0.030148104,0.025793027,0.0236593,0.50834596,1.0
0.3176249,0.059246335,0.020722223,0.04576116,0.17423616,0.35888568,0.1598687,0.04577432,0.020807685,0.030121312,0.69769037,1.0
0.24732177,0.12251544,0.0123074325,0.023021076,0.106917955,0.91392696,1.0,0.07476114,0.00493211,0.009628025,0.05312078,0.13539396
0.0366291,0.048490856,0.035769105,0.08595257,0.25795126,1.0,0.96794087,0.07024688,0.003775186,0.0069521596,0.008850313,0.007211408
0.032417532,0.065173075,0.14340334,0.2697827,0.6165951,1.0,0.5150907,0.046482265,0.0063822395,0.0073182243,0.012571479,0.029695164
0.569076,0.6145973,0.6153253,0.5357101,0.70761234,1.0,0.874921,0.28112465,0.11555534,0.12592626,0.24120107,0.526393
0.31152692,0.1397137,0.06244508,0.084764555,0.22392948,0.3499151,0.5665736,0.52519447,0.4326503,1.0,0.9676885,0.38774112
0.64156824,0.18344079,0.054339457,0.02978273,0.08786015,0.31087145,0.58568573,0.22337826,0.1959728,0.6572831,1.0,0.78975713
1.0,0.9818956,0.30499423,0.09525759,0.1318208,0.23156191,0.19289568,0.041269265,0.026965698,0.0559609,0.22873914,0.5229128
0.24507761,1.0,0.9656361,0.21433988,0.07535444,0.048784006,0.02901537,0.019105064,0.02916066,0.024061777,0.017573092,0.051755752
0.1979814,1.0,0.60792834,0.062972106,0.013057932,0.0073208227,0.0064294757,0.0082785655,0.010412696,0.00616537,0.0060520214,0.017914085
0.22783396,0.8635421,1.0,0.16582729,0.0151297385,0.0069101914,0.009638558,0.009143018,0.005014598,0.003615537,0.012140913,0.039846312
0.056577574,0.1942543,1.0,0.5825281,0.039308608,0.039340097,0.016985111,0.0050074197,0.0021149544,0.0104376,0.042190354,0.03670098
0.10565816,0.09857297,0.42863753,1.0,0.17963532,0.062246382,0.04454997,0.028910352,0.0126948375,0.01439688,0.050717503,0.0675145
0.34817874,1.0,0.74625003,0.9347908,0.53827983,0.03996341,0.044442844,0.06631708,0.095009506,0.049639236,0.026557751,0.082518294
0.10443675,1.0,0.78848594,0.28599823,0.43055323,0.043821715,0.013120642,0.015557044,0.07352626,0.051105365,0.015787683,0.015397102
0.23678444,1.0,0.83201134,0.6283776,0.75826436,0.16259906,0.023551099,0.038124513,0.122448795,0.06275016,0.019403396,0.03444511
0.1277928,0.22319883,0.35399115,1.0,0.92046076,0.22216065,0.04238368,0.040087584,0.044071063,0.021110445,0.013588438,0.038866363
0.029202178,0.0669726,0.22634673,1.0,0.72540224,0.15568867,0.02593866,0.017246846,0.012662892,0.010406242,0.01207061,0.024076553
0.0213417,0.03490822,0.14243151,0.6395652,1.0,0.22066396,0.020709213,0.015705386,0.012731254,0.012486046,0.013482425,0.01967243
0.028060356,0.074887514,0.47816995,1.0,0.7960428,0.2066067,0.031461492,0.01583258,0.020890329,0.02222922,0.015805464,0.012812017
0.04162133,0.13931789,0.6347187,1.0,0.97574174,0.22816928,0.029007155,0.018768592,0.040588815,0.044489387,0.029065387,0.020065984
0.09409144,0.13573165,0.24870563,0.329558,1.0,0.36187476,0.06362803,0.06601391,0.078809805,0.076047555,0.07391207,0.08569377
0.17318822,0.25343403,0.57443863,0.8560964,1.0,0.3362308,0.28884566,0.16450724,0.1586805,0.17550354,0.19665821,0.18947597
0.08237367,0.157217,0.50566185,1.0,0.5531243,0.1454543,0.103369124,0.07476479,0.07443097,0.065449215,0.089611575,0.084482096
0.110760115,0.2571627,0.8546947,1.0,0.31055537,0.10633063,0.08879724,0.099206,0.09797101,0.11093507,0.12122365,0.10207831
0.10225175,0.23909208,0.44387144,1.0,0.5569912,0.086054586,0.071090154,0.086147204,0.061958082,0.09485845,0.09779451,0.080485515
0.052007757,0.07724988,0.40815997,1.0,0.3147668,0.04981948,0.04469832,0.07797124,0.060265254,0.07837832,0.061398834,0.0458391
0.12747468,0.15435405,0.7404767,1.0,0.34234142,0.11252516,0.084460475,0.0996615,0.107540265,0.11815457,0.11124471,0.120182596
0.44822767,0.4772844,0.888107,1.0,0.9297574,0.5068853,0.29885617,0.24013384,0.20244634,0.20497091,0.23004657,0.341148
0.61303943,0.7054592,0.96748424,1.0,0.9205219,0.5169051,0.64722884,0.5396467,0.5173268,0.5309827,0.5388582,0.6058108
0.20891993,0.085612506,0.07315704,0.0678706,0.06564551,0.057540063,0.106772535,0.14407605,0.31506485,0.7317001,1.0,0.71734476
1.0,0.5324127,0.07226541,0.0056998846,0.0025588127,0.0017178704,0.0031701454,0.0044351844,0.013016952,0.082205325,0.34650952,0.78232116
0.5163227,1.0,0.39276782,0.01872735,0.00092447264,0.0006526876,0.000653749,0.00047350535,0.0011436036,0.00538377,0.032957673,0.1424305
0.11493248,0.75123173,1.0,0.08292072,0.0009977476,0.00053156517,0.000514292,0.00030453346,0.0007262154,0.0011626553,0.0017943876,0.009866883
0.058832634,0.57545775,1.0,0.09005578,0.00086413714,0.0004534944,0.0004118087,0.00033444146,0.00058630505,0.0009037794,0.00117455,0.008014351
0.236933,0.77010006,1.0,0.08636294,0.0011692637,0.0011092799,0.0010791525,0.0012007302,0.0015133535,0.00383665,0.020341171,0.07071719
0.09503669,0.61889976,1.0,0.071755946,0.0013911823,0.0013782996,0.0012767024,0.0025120603,0.0051021385,0.013691735,0.038736857,0.05457766
0.054151278,0.8152396,1.0,0.069537126,0.0025364263,0.0013798112,0.0018441384,0.0038240529,0.0045779822,0.006612927,0.01882216,0.014000571
0.04181753,0.5589191,1.0,0.089513145,0.005754542,0.0032283785,0.0037225347,0.003668534,0.002884072,0.00358337,0.006573242,0.0063859695
0.09376488,0.45752108,1.0,0.16573805,0.018213727,0.017237037,0.03769035,0.04665425,0.025428444,0.019130694,0.026578756,0.04133899
0.7603969,0.95404476,1.0,0.29714835,0.08976313,0.16852325,0.47375128,0.48365742,0.26513022,0.19618787,0.44342318,0.5790929
0.2968627,0.5298651,1.0,0.31668133,0.09523695,0.07422114,0.13121049,0.10916688,0.13363133,0.28189382,0.45020783,0.646859
0.44500494,0.7863837,1.0,0.9987178,0.87249166,0.2828243,0.22555655,0.20809983,0.21273395,0.36072934,0.38846588,0.77604747
0.19128956,0.2482607,0.15458372,0.38988164,1.0,0.5169509,0.23514643,0.11881057,0.112259135,0.11122374,0.11415922,0.3016352
0.11506828,0.0833802,0.06919472,0.09910829,0.8450878,1.0,0.15740767,0.035297986,0.036591586,0.029665427,0.046363503,0.1323346
0.09812377,0.042811677,0.04277171,0.024443755,0.28914216,1.0,0.23466821,0.01559328,0.013356924,0.010763182,0.019872898,0.03948424
0.079563044,0.050417516,0.029814051,0.019386943,0.13691762,1.0,0.37721932,0.030331561,0.033215076,0.014647152,0.02004477,0.031415824
0.07537062,0.05978965,0.05351783,0.045286153,0.273903,1.0,0.35215238,0.09836918,0.102762274,0.027244216,0.029432707,0.03368644
0.16455416,0.15819915,0.1096432,0.16154027,0.78373736,1.0,0.5241013,0.18954039,0.1722092,0.044286292,0.06558055,0.08948907
0.17698263,0.22767825,0.09915699,0.08843355,0.35982025,0.74702144,1.0,0.33562624,0.07019423,0.06203575,0.060860913,0.10329598
0.11227872,0.082470156,0.0458658,0.03931158,0.07131944,0.17525098,0.7203636,1.0,0.297256,0.052248925,0.038803697,0.10806362
0.08480613,0.053771313,0.034837857,0.031748142,0.027462052,0.042958103,0.1868759,0.9244941,1.0,0.12743466,0.027346715,0.08737063
0.04249991,0.031267654,0.023614405,0.020415295,0.0115392655,0.020181166,0.030615684,0.2782466,1.0,0.21460834,0.03719318,0.052945733
0.023825776,0.018576896,0.023666909,0.013462147,0.0074293464,0.012256705,0.08693134,0.629433,1.0,0.17216593,0.03237337,0.032058574
0.011261115,0.013963222,0.019393722,0.008235231,0.010269775,0.04609664,0.45392093,1.0,0.37460658,0.042614758,0.012570469,0.010201468
0.005815752,0.011252909,0.00743696,0.004012935,0.011860275,0.18218331,1.0,0.60785824,0.0766055,0.008600621,0.004037493,0.004176684
0.0071063424,0.011584977,0.005132655,0.0029479717,0.008981055,0.21575804,1.0,0.36666328,0.03483931,0.0044999197,0.0030711538,0.004403995
0.0073695392,0.009685608,0.008519027,0.0048664305,0.0079557225,0.08728637,0.6807039,1.0,0.22343524,0.013847855,0.005514756,0.008663526
0.01476445,0.009642321,0.00938054,0.009386823,0.003482494,0.0066313827,0.10710051,0.85886484,1.0,0.2344087,0.050105687,0.02796824
0.008978587,0.003958738,0.0071712704,0.015340654,0.0033405314,0.0024678146,0.013616381,0.15917106,1.0,0.9993577,0.24725804,0.042105053
0.0036730573,0.012592043,0.068363726,0.035958383,0.0037007243,0.0026040282,0.026957244,0.36083433,1.0,0.6322669,0.12208324,0.01513327
0.012302369,0.32746875,0.49057773,0.057849087,0.0037632608,0.019772273,0.40809515,1.0,0.4882049,0.09229774,0.013062862,0.004699907
0.035539154,0.7182576,0.44766983,0.013163259,0.0025940302,0.08180977,1.0,0.5592922,0.032996126,0.0038239455,0.0048564025,0.002768625
0.020156354,0.32081994,0.14116006,0.0046814545,0.0030794728,0.09350435,1.0,0.46118006,0.023013705,0.0024740163,0.0029633895,0.0011138353
0.006385865,0.09009299,0.110487305,0.025241686,0.006540158,0.04652463,0.64100385,1.0,0.28167215,0.0126116425,0.0015915282,0.0012590319
0.008129688,0.015279387,0.048954908,0.038744636,0.005982142,0.011595863,0.10533963,0.9501357,1.0,0.100634634,0.0029429612,0.0029816173
0.013504097,0.010963484,0.009225379,0.020592721,0.013833968,0.042714033,0.27221546,0.89824295,1.0,0.21238981,0.016763635,0.0071485685
0.022161951,0.030221744,0.053021267,0.082589,0.19299453,0.3032833,1.0,0.99424773,0.538937,0.26001817,0.058654543,0.022435829
0.1496576,0.41413838,0.68683666,0.6869343,0.85734504,1.0,0.70811224,0.8777864,0.79320616,0.23487295,0.06843878,0.07169164
0.061679337,0.15695433,0.16075383,0.041249454,0.022362532,0.029119736,0.3366848,1.0,0.50232816,0.14462122,0.052405704,0.05182711
0.054260768,0.15689921,0.14936574,0.03761048,0.032195613,0.046244122,0.38168252,1.0,0.39737558,0.107024305,0.081215136,0.072680406
0.46487588,0.41520008,0.4208599,0.26890993,0.3055154,0.37518942,0.7187157,0.9156975,1.0,0.82199806,0.7078406,0.52804697
0.4044384,0.3416492,0.3312948,0.17766912,0.23852016,0.3815739,0.7923519,1.0,0.6740161,0.3762283,0.36233726,0.36576545
0.31187195,0.2968367,0.35901353,0.45444462,0.41750228,0.8996884,1.0,0.90220296,0.4951685,0.19597909,0.20213738,0.29011014
0.1909276,0.2746105,0.1343316,0.12154627,0.19770813,0.55031145,1.0,0.69400364,0.10867646,0.018952942,0.019245327,0.0415231
0.055257965,0.09264028,0.09179971,0.04792488,0.03471752,0.12866522,0.4996782,1.0,0.50491333,0.04128177,0.008414303,0.017555531
0.013311408,0.010694971,0.029622503,0.043963246,0.020832613,0.011006347,0.082922384,0.52098536,1.0,0.2314753,0.012986786,0.009303428
0.011220927,0.01186829,0.008147452,0.056476362,0.10708787,0.027660158,0.008983172,0.14706565,1.0,0.8373527,0.25884426,0.029427286
0.006527659,0.011198622,0.008513508,0.021482361,0.09296587,0.05746948,0.006515119,0.02205836,0.24101673,1.0,0.91526335,0.11083168
0.0038828033,0.0031583966,0.005136604,0.0043298025,0.013353806,0.016142087,0.0047794813,0.024086995,0.3810512,1.0,0.4382053,0.05982448
0.0046468764,0.0029410252,0.008201384,0.008223351,0.012550199,0.006724034,0.008930965,0.18056619,1.0,0.69428295,0.09190882,0.0063547823
0.004775355,0.0026569671,0.0050011785,0.008909433,0.0053877477,0.0030770716,0.00917549,0.2557045,1.0,0.3049796,0.03945731,0.0040032044
0.0047795703,0.003587909,0.0041002203,0.006523909,0.006761769,0.0036613832,0.01138572,0.094952114,0.8686589,1.0,0.16468115,0.0114859715
0.0031684323,0.003173153,0.0032051413,0.0044487347,0.0066933506,0.005680536,0.012397916,0.041290216,0.36765826,1.0,0.49742326,0.044608045
0.018456804,0.012621789,0.013783066,0.01922965,0.022485286,0.025611384,0.03962435,0.13715422,0.31761396,0.7034749,1.0,0.14233099
0.02692046,0.024942659,0.03928361,0.089797825,0.15457723,0.28423417,0.5079331,0.7747102,1.0,0.57345355,0.128994,0.032902855
0.065475225,0.10105929,0.1838969,0.34526482,0.57990795,0.83203197,1.0,0.9084394,0.9294756,0.69520634,0.14941113,0.059796706
0.2258741,0.26253968,0.35649407,0.3720848,0.37882248,0.3130824,0.25977775,0.54817796,1.0,0.7669967,0.5063836,0.2520053
0.49871638,0.5509052,0.51288575,0.45206696,0.46057054,0.4086716,0.3961824,0.5182233,1.0,0.9068605,0.8295215,0.6425163
0.11261825,0.15344183,0.30134767,0.7648415,1.0,0.6863215,0.2611511,0.12384316,0.18597363,0.13183555,0.116339706,0.1315058
0.038073424,0.01617083,0.037807327,0.16592653,0.6696896,1.0,0.31769347,0.026652833,0.008838518,0.0057178303,0.007316804,0.03183027
0.035871677,0.013981612,0.0047997395,0.022490751,0.21204442,0.9928217,1.0,0.112618096,0.0029722776,0.0015431405,0.001935952,0.012171582
0.0051798453,0.004262665,0.0012975233,0.0010770403,0.011900301,0.276928,1.0,0.31283408,0.010150197,0.0006977916,0.00058439566,0.0010481146
0.000743013,0.0018520075,0.002500283,0.0007976604,0.00187954,0.080823846,0.9349251,1.0,0.14382306,0.0050359964,0.0010920082,0.00089291635
0.0018564308,0.0012700415,0.002839746,0.0032013801,0.0014865394,0.009167789,0.24329442,1.0,0.7839515,0.12567873,0.0063625947,0.002344049
0.0023168148,0.0010728571,0.000909481,0.003099022,0.0017144554,0.0024727832,0.016893888,0.21981713,1.0,0.38161245,0.010788261,0.0016322191
0.0035481704,0.0026816067,0.0019757147,0.0039801314,0.003019447,0.0047752634,0.047919337,0.401701,1.0,0.3107531,0.009487136,0.0019032214
0.0049106725,0.0058744336,0.004130894,0.005102358,0.010607671,0.14079832,0.65489954,1.0,0.6058593,0.086159386,0.0066812476,0.0030276517
0.0019611623,0.004243403,0.001479207,0.0009503924,0.009686052,0.34027216,1.0,0.23835719,0.029509075,0.00816974,0.002537469,0.00083796727
0.0014961489,0.005969905,0.0033802602,0.0008738955,0.006154359,0.22376993,1.0,0.48767892,0.030441016,0.0024397813,0.0011671851,0.0005770009
0.001107768,0.004568545,0.010331119,0.0034005465,0.003561115,0.054232493,0.5234468,1.0,0.29123375,0.013161671,0.0028796843,0.0017665417
0.0016571758,0.0022633874,0.00968011,0.008136666,0.0046846624,0.021299556,0.13537426,1.0,0.7766976,0.057174347,0.0057804687,0.0032229922
0.0038837434,0.009472954,0.024181746,0.06294228,0.13346912,0.32958487,0.5775346,1.0,0.51271474,0.071690045,0.009434422,0.0039732642
0.0765137,0.19593582,0.39087465,0.59590554,0.8408232,1.0,0.78044015,0.69222146,0.21180631,0.04042322,0.038078893,0.046549592
0.1307197,0.25373986,0.32006985,0.20590839,0.17155044,0.17414095,0.5199341,1.0,0.31208116,0.09610715,0.1064384,0.12840162
0.06577052,0.12101701,0.11624665,0.11037029,0.173495,0.4255061,1.0,0.7750482,0.37537363,0.13957626,0.07649608,0.06222292
0.066489734,0.12774786,0.16258633,0.15848817,0.14249417,0.38789365,1.0,0.84998953,0.28389442,0.10998578,0.08156219,0.07061941
0.13828942,0.17614545,0.28152788,0.29083046,0.31476697,0.69677067,1.0,0.7263746,0.34386593,0.1801916,0.118712984,0.14785637
0.9215017,1.0,0.2932835,0.08019678,0.12046067,0.16244507,0.1552896,0.32451862,0.5550584,0.39585713,0.12677824,0.27022478
0.2245359,0.48823887,0.4416565,0.06441221,0.043626044,0.068711005,0.06678185,0.06491218,0.38908845,1.0,0.16017504,0.043545254
0.027358424,0.09599017,0.26516914,0.06988993,0.030613324,0.025726948,0.04686033,0.023038154,0.14987159,1.0,0.53374314,0.07152149
0.20669669,0.03345903,0.113746546,0.0878311,0.2072995,0.17723644,0.045874164,0.036828116,0.06244889,0.66400653,1.0,0.5423622
0.79394954,0.14375181,0.016193455,0.03575582,0.37391266,1.0,0.22874792,0.01844253,0.03172393,0.09613614,0.2399328,0.5647057
0.65266407,0.17576657,0.0076310635,0.01562728,0.19718735,1.0,0.2840819,0.011178212,0.01742272,0.04538083,0.019388994,0.13003917
0.66233987,0.11008729,0.08610022,0.34822652,0.90337515,1.0,0.17294876,0.08378252,0.112860434,0.11548572,0.36283135,0.7251397
0.21583715,0.39171842,0.75735027,0.94340664,0.69724655,0.2945153,0.18859504,0.26831716,0.392574,0.7283677,1.0,0.63691187
1.0,0.65591925,0.36729738,0.14849873,0.26998827,0.240212,0.10642139,0.29699758,0.45503947,0.36132753,0.15740661,0.35467547
1.0,0.12249007,0.008488443,0.016695168,0.07423834,0.026524222,0.009484982,0.058404457,0.03264482,0.0058116848,0.03418266,0.6228695
1.0,0.3467797,0.06974579,0.0114139775,0.029975843,0.027187502,0.006777051,0.00946051,0.006514257,0.0030666813,0.033175334,0.5434871
0.39446637,0.98476744,1.0,0.11945163,0.0270807,0.09287254,0.057221465,0.00747268,0.017881198,0.03957227,0.017010579,0.12143588
0.040371373,0.42126003,1.0,0.14333875,0.009211427,0.036544472,0.065115795,0.00665517,0.013237502,0.045214742,0.0074127973,0.011482323
0.42215124,1.0,0.6880435,0.06616626,0.021325296,0.052932736,0.042938348,0.014247639,0.02532406,0.025509108,0.008257386,0.04308878
1.0,0.5006475,0.057381947,0.009914805,0.026467374,0.019491518,0.007526224,0.023251388,0.016617697,0.007557184,0.0092579955,0.17828117
1.0,0.4221048,0.063731305,0.0104668,0.017444622,0.008149449,0.0058408016,0.02446645,0.01572734,0.0054726996,0.009462271,0.22477716
0.42927352,1.0,0.5235794,0.05875412,0.01139177,0.0120659415,0.0062854122,0.0116440235,0.026752442,0.01555986,0.0050871703,0.051176935
0.145357,0.9156389,1.0,0.15072685,0.0149328485,0.015955035,0.0095300805,0.005187109,0.017735675,0.027010432,0.007541494,0.024657479
0.52733856,1.0,0.813125,0.15117681,0.0518138,0.05053908,0.019229434,0.027802562,0.024661798,0.049517058,0.10741423,0.20975766
0.9614176,0.5887264,0.53710556,0.3954238,0.3278346,0.22068724,0.07887143,0.07208469,0.121363886,0.4293187,1.0,0.9640821
0.08200783,0.09387678,0.097620346,0.23047635,0.6255209,1.0,0.80502576,0.2754047,0.043371625,0.016497374,0.027303284,0.046304688
0.009783863,0.015543463,0.012234767,0.023956632,0.13911094,0.42568296,0.85978496,1.0,0.28449038,0.015267535,0.00217683,0.0041197035
0.0019519642,0.002706059,0.0058119544,0.0046014143,0.011678232,0.052179173,0.24604897,1.0,0.47934622,0.021344997,0.0010722303,0.0024422046
0.0035993604,0.008886231,0.024404328,0.032365378,0.040997818,0.09895919,0.31438908,1.0,0.55975294,0.043926675,0.005424759,0.00517436
0.17762437,0.18810529,0.24148606,0.20948641,0.16165723,0.3230548,0.48709178,1.0,0.5179039,0.14656325,0.05576027,0.1497814
0.87770325,0.19877517,0.05545714,0.024847778,0.014160227,0.017878756,0.15757485,0.65542114,0.20270233,0.020776354,0.1406748,1.0
1.0,0.3269309,0.022581045,0.009678958,0.009281676,0.009428106,0.046906196,0.1620153,0.038855474,0.0058938186,0.02448823,0.3599624
1.0,0.46548,0.03906205,0.008532208,0.014341797,0.015821328,0.034845047,0.10846337,0.042764936,0.01252054,0.033612385,0.23320813
0.80034125,0.41705266,0.07369468,0.017909208,0.022557676,0.033277363,0.09137245,0.18214554,0.1897595,0.37082702,0.7837637,1.0
0.2607418,0.07864851,0.048321743,0.030797245,0.020421868,0.036929067,0.15967762,0.43912727,0.6720503,1.0,0.9068862,0.7142434
0.45905378,0.16858988,0.1484646,0.14331697,0.118221834,0.12543805,0.2652518,0.7562846,1.0,0.89891887,0.45765775,0.593476
0.72885674,0.47517127,0.42630824,0.38154045,0.42937768,0.6039416,0.5041422,0.75155485,0.74448675,0.5076785,0.66941917,1.0
0.56888556,0.33664194,0.2118534,0.14609915,0.35834244,0.63416374,0.33617428,0.49054936,0.5384552,0.50631464,0.90228426,1.0
1.0,0.7644504,0.1740934,0.07208744,0.25614372,0.34556052,0.1509753,0.08400284,0.077978365,0.09984099,0.24435724,0.54603136
0.4385506,1.0,0.4159116,0.09901814,0.11842641,0.14953908,0.10773818,0.04437724,0.032679703,0.024287699,0.03301348,0.085338846
0.13064387,0.6261873,1.0,0.3881485,0.064024314,0.06429777,0.07493971,0.030392734,0.020538185,0.032734133,0.02445809,0.024173282
0.023913527,0.09350519,0.9300562,1.0,0.08445738,0.0141624175,0.06553807,0.036392976,0.0055133724,0.037535053,0.044549875,0.008367012
0.023402844,0.23783356,1.0,0.70062053,0.05397021,0.011641587,0.061565243,0.029929094,0.01312499,0.05303828,0.04445428,0.0069714813
0.41809082,1.0,0.9657446,0.21494555,0.016936658,0.010964771,0.025561178,0.03154676,0.04751047,0.041388422,0.014444939,0.038663883
1.0,0.6157863,0.10511754,0.019100932,0.0065072454,0.00424217,0.007850891,0.06486633,0.037153073,0.005660543,0.005374748,0.12827098
1.0,0.9729713,0.2940394,0.03146108,0.010457589,0.010958863,0.012704027,0.068444274,0.069229946,0.02695077,0.012778569,0.12001401
0.1600523,0.83136684,1.0,0.17159808,0.010843063,0.008430332,0.010626976,0.0141138835,0.048041552,0.09754112,0.020353427,0.013745837
0.017667016,0.2204655,1.0,0.46013638,0.02621271,0.0031533057,0.010963507,0.0055460474,0.014963339,0.14772424,0.06577497,0.0048784683
0.018633824,0.22896676,1.0,0.46496934,0.029161831,0.00407513,0.011243332,0.006210719,0.04751411,0.21371415,0.07004199,0.005913292
0.28112578,1.0,0.6473608,0.07216831,0.0070112394,0.0047179074,0.007879042,0.031962086,0.1614709,0.11336072,0.013008694,0.030892853
0.64300394,1.0,0.1725286,0.0076884166,0.0028294667,0.002415321,0.00841593,0.090495795,0.12271564,0.017158115,0.0040505915,0.046203885
1.0,0.8925601,0.1383855,0.04865895,0.010248633,0.00173278,0.005513995,0.09378319,0.05321329,0.0019005163,0.0014420889,0.055232815
1.0,0.6542318,0.070159465,0.066534676,0.058775794,0.021932883,0.0058779637,0.065134265,0.036104877,0.0014982645,0.0010315166,0.055710513
1.0,0.71510243,0.030166328,0.019843005,0.05416283,0.064890385,0.018074783,0.07131657,0.051397886,0.003988116,0.0016085808,0.05163408
0.7470449,1.0,0.065790445,0.0085364655,0.011061934,0.031319756,0.011096783,0.0548558,0.08256076,0.011133066,0.004613051,0.025441129
0.36130974,1.0,0.09782444,0.0033669907,0.0074676787,0.0067667314,0.0025891094,0.019099085,0.06610704,0.010708857,0.0031009817,0.0063967025
0.43184286,1.0,0.09308747,0.0022482905,0.009570212,0.009639286,0.003702815,0.015303525,0.04029518,0.005384775,0.0010218929,0.0125133665
1.0,0.6978305,0.038660783,0.0026280067,0.009849601,0.010173842,0.008123837,0.037909355,0.022904264,0.002095903,0.006212051,0.17670979
1.0,0.13572541,0.0056114974,0.0054119322,0.0052622794,0.004935781,0.024240691,0.03460098,0.0050959396,0.001791672,0.0515955,0.80452627
0.7281981,0.043212395,0.0036924062,0.007435365,0.007552853,0.0041638035,0.022862693,0.022422303,0.0021576704,0.0016385365,0.08639647,1.0
1.0,0.3146043,0.027811764,0.005965698,0.01253232,0.010636263,0.011112231,0.023447625,0.013829304,0.0030442025,0.052245077,0.5621906
0.665969,1.0,0.12079742,0.00672359,0.021994995,0.03428893,0.0059652166,0.026354622,0.059178505,0.0061954567,0.0063961428,0.08633316
1.0,0.8538689,0.0981556,0.007765614,0.021147573,0.028489094,0.016603002,0.062330987,0.05301642,0.004526417,0.010034432,0.17015383
1.0,0.20853382,0.021859597,0.005318748,0.007546498,0.005935223,0.044045493,0.07394119,0.012140666,0.002418227,0.035172593,0.62460834
1.0,0.09285203,0.010977029,0.0057401564,0.005382636,0.0048654363,0.0519066,0.07362082,0.00618919,0.0049628676,0.051126882,0.8827489
0.713489,0.12738591,0.024113389,0.016038582,0.01982138,0.021558449,0.047629897,0.07862445,0.043293156,0.107814044,0.30505443,1.0
0.34906828,0.10617426,0.052264515,0.052489586,0.051456645,0.042717524,0.0718554,0.094948016,0.102795966,0.4592871,0.9313613,1.0
0.34372437,0.23119651,0.24672377,0.28265926,0.19819234,0.12993607,0.15668379,0.40486476,1.0,0.5882169,0.31633693,0.37121183
0.21435237,0.24856447,0.3741253,0.43088832,0.3596974,0.2949263,0.43701714,0.89695454,1.0,0.39054024,0.14939885,0.17815284
0.26482698,0.21844669,0.5047097,0.41788825,0.29397938,0.24138662,0.29907027,0.82848734,1.0,0.34356573,0.2060489,0.27749717
1.0,0.5278596,0.25890607,0.1312365,0.055872142,0.031430636,0.038120836,0.11006785,0.1533708,0.06947855,0.07475027,0.45487115
1.0,0.3221979,0.046897132,0.018333314,0.010780977,0.006282236,0.0061286422,0.011974398,0.015841182,0.011657528,0.016692977,0.24414565
1.0,0.22093432,0.008586404,0.0030248351,0.0026042664,0.0014274523,0.002937431,0.012580448,0.0044379164,0.002468762,0.0047886637,0.20157062
1.0,0.31345302,0.004869861,0.0006232693,0.0005125609,0.00027708858,0.001763272,0.01685426,0.0056442837,0.0005391997,0.0014894254,0.1280866
1.0,0.43442744,0.008003253,0.00044276103,0.00036200907,0.00023474333,0.0012174355,0.01780224,0.008569844,0.00035092412,0.00067597994,0.08483594
1.0,0.7235016,0.019242855,0.00054267317,0.00044550886,0.00025321782,0.00066132477,0.016532162,0.014766767,0.00061003625,0.0004681644,0.05063826
1.0,0.9252746,0.02836909,0.00071125786,0.00037307426,0.00025018145,0.00048988767,0.016261889,0.019513976,0.0007960627,0.00032785174,0.03626521
1.0,0.63447034,0.015634494,0.0005103495,0.00025972768,0.00020256448,0.0010438864,0.01838363,0.01190477,0.0003916585,0.00060659624,0.0624726
1.0,0.27652884,0.0040171435,0.00033353575,0.00022310675,0.00022548964,0.0029512562,0.02011995,0.005198287,0.00016077577,0.0017774899,0.15773314
1.0,0.12737884,0.0015615409,0.0003361221,0.00032864558,0.0006191246,0.017155234,0.034157347,0.0033957534,0.00038999086,0.007715582,0.3774682
1.0,0.07045377,0.0024569111,0.00078801013,0.0006184579,0.002472247,0.08545988,0.11247642,0.005504435,0.0006182579,0.0198356,0.70735383
1.0,0.21073425,0.010546436,0.001398387,0.0012732855,0.0028423886,0.08425471,0.17277594,0.02339066,0.0010965543,0.012570553,0.44883668
1.0,0.94053805,0.11298463,0.0036522676,0.0025620684,0.003850267,0.022989288,0.10622479,0.06846927,0.006705621,0.0069653844,0.1944553
0.37302586,1.0,0.20277233,0.005665368,0.002021451,0.0048714923,0.0031341757,0.0106752785,0.03797837,0.00825349,0.0039368398,0.029980954
0.88864064,1.0,0.10688435,0.005313462,0.0021136443,0.0041504167,0.008056146,0.02507395,0.025084326,0.0060335607,0.009048066,0.10262743
1.0,0.3843213,0.03849597,0.0071871737,0.005222559,0.011404074,0.066528566,0.05719546,0.012171782,0.0075306906,0.113539435,0.8449715
0.5636298,0.060603708,0.010117223,0.005273602,0.0038993668,0.014406108,0.0911173,0.03380449,0.004599503,0.0056510083,0.14033796,1.0
1.0,0.27795073,0.016825002,0.0037769997,0.003386933,0.008110584,0.04920875,0.04520116,0.011266004,0.004791982,0.05974358,0.62717104
1.0,0.8341019,0.057450905,0.0036020896,0.002257565,0.0033890253,0.0072871638,0.024595767,0.016999697,0.0038099738,0.009129854,0.14235668
1.0,0.7462496,0.07360803,0.006053923,0.0039075273,0.005358241,0.011171413,0.013218714,0.013354765,0.020324418,0.060115963,0.23320219
1.0,0.32779333,0.06280911,0.021692717,0.05409806,0.03792237,0.036959138,0.040733837,0.14727917,0.5437602,0.7784213,0.7213894
0.97056985,1.0,0.33989325,0.030419858,0.019082068,0.029273404,0.10058503,0.26002496,0.51684344,0.3976091,0.27913904,0.5342506
0.31775066,0.93817973,1.0,0.14037883,0.0046750144,0.0041982224,0.017040098,0.08283833,0.41524565,0.59608924,0.09570272,0.09472478
0.020687705,0.2293546,1.0,0.36956388,0.008920593,0.000667646,0.00087476283,0.0054406617,0.08571907,0.4067063,0.12350504,0.00467204
0.0019415873,0.08517179,1.0,0.5525579,0.012680531,0.00037272632,0.00059713045,0.0014836262,0.038711768,0.34999022,0.14320908,0.002297679
0.014607198,0.21824163,1.0,0.35059723,0.0072534704,0.00040416198,0.0010818783,0.019650422,0.24040283,0.49995947,0.09281922,0.0031766524
0.14351358,0.54623073,1.0,0.26794484,0.007657389,0.001732987,0.005521302,0.124292634,0.81486875,0.6779481,0.08569519,0.06134888
0.51058835,0.51004624,0.5043891,0.34477466,0.031615116,0.015687637,0.04931267,0.3896988,1.0,0.99738383,0.9845537,0.7391789
0.16449419,0.4418546,0.58418673,0.22579485,0.04478729,0.041099515,0.063885495,0.19680296,0.71748495,1.0,0.35222328,0.18170546
0.33300883,0.70078635,1.0,0.37254864,0.14283429,0.10374053,0.078812376,0.14700472,0.42966262,0.6436518,0.2774133,0.28094137
0.16215561,0.2493459,1.0,0.51671576,0.052662093,0.02970861,0.037786864,0.073348865,0.106243916,0.113509335,0.1569796,0.17858429
0.064139694,0.13308337,1.0,0.5351124,0.037730142,0.013965021,0.017500693,0.034811344,0.05144189,0.06058096,0.1079845,0.09887333
0.20823622,0.21191409,1.0,0.6444993,0.10999662,0.079600155,0.117165625,0.12506202,0.061458483,0.16991873,0.3797022,0.38109183
0.06709788,0.0856587,0.2109903,0.27751756,0.5605254,1.0,0.7969243,0.21750048,0.034200016,0.044872887,0.07071717,0.07178349
0.002338189,0.0062705795,0.0087118205,0.014604721,0.09096431,0.4722747,1.0,0.32575193,0.014965576,0.0027251793,0.0025524634,0.0016520971
0.001337848,0.0045597446,0.0025971062,0.004922409,0.031453457,0.29748374,1.0,0.3214102,0.012359424,0.0012198495,0.0007384753,0.00059745956
0.010210884,0.026107829,0.05056124,0.10099041,0.2633876,0.8034025,1.0,0.21255185,0.020715842,0.008339305,0.0042310804,0.0040820525
0.7816986,0.7674897,0.6641936,0.5927945,0.82297766,1.0,0.6200408,0.6823138,0.4971715,0.14745893,0.04893062,0.20439006
1.0,0.5504029,0.14023562,0.025436137,0.019124273,0.017389117,0.10799956,0.70206743,0.34162858,0.056410436,0.016425515,0.20753115
0.4000774,1.0,0.8601035,0.20208575,0.024928642,0.017301312,0.046457294,0.18440431,0.2621703,0.14594753,0.023802964,0.04832923
0.040705733,0.29841062,1.0,0.5277116,0.12426564,0.04312428,0.020207468,0.016498663,0.03560206,0.08110087,0.035460394,0.009821526
0.025575792,0.14039956,1.0,0.94884604,0.67572767,0.1840176,0.08770828,0.069328584,0.017772028,0.034344785,0.056832545,0.029506857
0.011155402,0.06659605,0.5837335,1.0,0.34318852,0.08208136,0.048001457,0.050783552,0.010820209,0.02718927,0.04053444,0.012285869
0.20497574,0.7976617,1.0,0.36127162,0.04020672,0.009386681,0.013499157,0.015926918,0.024865465,0.043024063,0.019708266,0.022331897
1.0,0.59689337,0.16196446,0.016129766,0.0045537455,0.0034632755,0.0046129203,0.016953895,0.013106857,0.0061074337,0.0086430805,0.25767916
1.0,0.25745,0.018329907,0.002152681,0.0023240624,0.0015173886,0.0026620456,0.011095201,0.004072588,0.0009147679,0.007409867,0.29611996
1.0,0.90906703,0.35494423,0.04763185,0.004979975,0.004338942,0.0033137917,0.010099727,0.014476583,0.011027667,0.0075306147,0.20870246
0.12487033,0.5250509,1.0,0.52299005,0.05507271,0.0061425865,0.0052911225,0.0051492103,0.0114821615,0.037316605,0.027859716,0.015436101
0.018948546,0.0777427,0.6196597,1.0,0.13053115,0.0043866076,0.006320684,0.0088146925,0.0042550834,0.032862183,0.059705302,0.010557576
0.15156822,0.473547,1.0,0.76213604,0.11561981,0.020738892,0.017276688,0.016858429,0.037340593,0.08301221,0.065973036,0.05832662
0.82009625,1.0,0.8504871,0.19951293,0.07641698,0.0662275,0.040014274,0.04933981,0.10324914,0.0975827,0.16642684,0.66918737
1.0,0.7234002,0.669523,0.4128061,0.5261541,0.70669985,0.72809404,0.4517221,0.14658274,0.0867436,0.2651863,0.8742428
0.050427336,0.06742552,0.060409732,0.065729156,0.15908359,0.4088402,0.9271833,1.0,0.23447552,0.026089167,0.017591888,0.03163445
0.011178587,0.011864321,0.016912805,0.012636623,0.021647204,0.08905692,0.34619412,1.0,0.4688523,0.028264148,0.0055017527,0.009727824
0.009233898,0.009761898,0.024271352,0.018485041,0.02031639,0.06567022,0.23917222,1.0,0.625697,0.049012017,0.007788086,0.015467208
0.07948175,0.07256159,0.07304283,0.05580131,0.093639776,0.30853024,0.7409808,1.0,0.2644688,0.035115145,0.035120092,0.07155768
0.7657446,0.18316483,0.05739236,0.03344716,0.030718133,0.104047805,0.1348235,0.24854769,0.10606804,0.04797569,0.2936815,1.0
1.0,0.35937923,0.035768244,0.0090752905,0.008481846,0.0061417245,0.015370175,0.042516384,0.014875732,0.007857808,0.056374017,0.4290997
1.0,0.966428,0.10634587,0.008997064,0.0092684105,0.0069710384,0.009637067,0.027774645,0.016347324,0.0029655905,0.010126783,0.101203404
0.73223484,1.0,0.119350605,0.008725237,0.0064925584,0.006172756,0.009020139,0.014298459,0.012840037,0.0027513285,0.0044458625,0.049446642
1.0,0.9814151,0.12677589,0.015579164,0.009900873,0.007854214,0.008611068,0.023196299,0.020740472,0.01366427,0.035460014,0.20220523
0.73398834,0.4725327,0.12840597,0.03042266,0.018322483,0.013988777,0.01914183,0.04584617,0.08167912,0.25910792,0.6501744,1.0
0.355949,0.13764828,0.08284928,0.042046458,0.040024344,0.041146114,0.057714067,0.118643194,0.23181143,0.46822008,0.6983375,1.0
1.0,0.49747142,0.6326844,0.7839744,0.5055655,0.22791386,0.20653047,0.25287145,0.22805849,0.2005594,0.2556608,0.6106612
0.05133148,0.11827739,0.3338963,0.8916435,1.0,0.4065173,0.094470546,0.024037348,0.026061548,0.013621999,0.014678593,0.018004548
0.0090691745,0.020733496,0.05324307,0.25752193,0.8773573,1.0,0.2637405,0.029496392,0.01601507,0.010139601,0.0061075273,0.0070232362
0.006175113,0.009906,0.008192944,0.045866583,0.34875384,0.953009,1.0,0.3651689,0.04506871,0.007547895,0.0036415106,0.00443458
0.0021285992,0.006458128,0.0063010817,0.012406744,0.084637195,0.18087721,0.9676627,1.0,0.115993164,0.0037639574,0.0014283012,0.0015688747
0.0024996758,0.0046162354,0.008243701,0.02678532,0.12441564,0.380826,1.0,0.80521816,0.10861689,0.0034720525,0.0013657201,0.0016722856
0.013434315,0.06927963,0.20363209,0.33159846,0.568152,1.0,0.79972726,0.18964805,0.034772627,0.0060596573,0.0039910013,0.0054246187
0.12813233,0.9136598,1.0,0.41880524,0.29722935,0.47246394,0.33815035,0.29565424,0.06491278,0.016531179,0.014726425,0.021093741
0.11836305,0.905521,1.0,0.3412453,0.15315662,0.29047644,0.30878204,0.2085878,0.033048753,0.028371967,0.015957441,0.01648234
0.05972642,0.26636794,0.78119904,1.0,0.3396924,0.15128489,0.26294872,0.20937617,0.027658861,0.02938907,0.041322738,0.021410665
0.039098624,0.1571096,0.18984295,1.0,0.46885693,0.07010078,0.0695975,0.16898036,0.045749508,0.010797637,0.04941846,0.025190648
0.115463465,0.3336303,0.38449386,1.0,0.4769859,0.073425405,0.045583572,0.18348941,0.07844918,0.02325028,0.0730828,0.03808056
1.0,0.6110251,0.10904616,0.0626552,0.033653207,0.02452414,0.020313414,0.05863435,0.029021025,0.009054076,0.025601625,0.24625582
1.0,0.13797346,0.010287272,0.0030642052,0.0023549215,0.0016515702,0.008192078,0.013108628,0.0037544947,0.0012006152,0.03786022,0.6837819
1.0,0.04975211,0.002659525,0.004438985,0.0013511983,0.00044570913,0.003642086,0.0032435637,0.00056888,0.00048638214,0.031984027,0.81998175
1.0,0.14836334,0.01440544,0.005908628,0.0019274215,0.00041926882,0.0021574062,0.005495017,0.0015632729,0.00040557625,0.009504511,0.42696965
1.0,0.49374998,0.036014363,0.024450375,0.014743772,0.0046521137,0.0019090428,0.006127821,0.0041215764,0.00091543974,0.0025947415,0.1391941
0.91859955,1.0,0.047183774,0.018507157,0.031812977,0.02319177,0.004091402,0.0045884,0.005602558,0.0010128838,0.0011292675,0.03411001
1.0,0.9865524,0.050583888,0.004740928,0.009314966,0.013020625,0.0039616628,0.0077389986,0.0058031953,0.0014964993,0.0022124918,0.0717385
1.0,0.2650612,0.012724737,0.002857047,0.005018678,0.0028624972,0.007125379,0.014935537,0.004624223,0.0014515939,0.02691745,0.48045957
0.6515028,0.028820114,0.0027891942,0.0021042288,0.0075419787,0.0044456096,0.018084906,0.013197507,0.0015513491,0.0011675725,0.08562674,1.0
0.881078,0.06425969,0.0020872788,0.0043029073,0.017331738,0.0107758045,0.027344074,0.036361184,0.0051410883,0.001674378,0.08415135,1.0
1.0,0.32304096,0.007779778,0.0027157685,0.007099543,0.0039716605,0.007997088,0.03449576,0.012224198,0.0008243961,0.00785823,0.24154682
1.0,0.8346383,0.029425088,0.0050640274,0.00662914,0.0056542945,0.0022234395,0.023458617,0.020078562,0.0014532629,0.0021285752,0.06232657
1.0,0.800627,0.038290136,0.005149971,0.012084201,0.008383504,0.004183702,0.027663143,0.022405878,0.0036148576,0.0047610234,0.10137988
1.0,0.18600741,0.012046802,0.008731546,0.013081971,0.010710983,0.025758978,0.031491276,0.0074795294,0.0036488378,0.049778327,0.6691994
0.55346656,0.027832536,0.0034546982,0.004379289,0.0064209457,0.009055355,0.04386241,0.024388663,0.00369506,0.003111352,0.097339846,1.0
1.0,0.1750523,0.016879508,0.004953132,0.0044722836,0.0046425215,0.03694265,0.05023039,0.018537043,0.0046177753,0.057556935,0.8089845
1.0,0.7592681,0.08942427,0.006093933,0.005172625,0.005116848,0.010970064,0.051638797,0.06367523,0.018245867,0.013534481,0.26236486
0.55498385,1.0,0.16939682,0.008442614,0.0063671027,0.007851133,0.0048528966,0.026569555,0.0765872,0.033479977,0.026884126,0.1267532
0.88439375,1.0,0.24580726,0.038547445,0.039214455,0.041725677,0.0280536,0.06614572,0.1707376,0.46383977,0.7017831,0.6987242
0.5321216,0.30925784,0.4254739,0.35760304,0.22901843,0.13907811,0.14542545,0.4006518,0.87223357,1.0,0.7316418,0.8178384
1.0,0.58910453,0.5730509,0.5448416,0.44551146,0.4804022,0.3054557,0.54782534,0.5498235,0.3142604,0.39536193,0.76395947
1.0,0.3649767,0.031019147,0.011436914,0.011883716,0.014322747,0.012639857,0.025400763,0.01868034,0.018453969,0.05720481,0.34807435
1.0,0.90017635,0.05928461,0.0016250084,0.0015420754,0.0008815684,0.0031808796,0.017199583,0.006467474,0.0018309585,0.0072017265,0.09890682
0.48886395,1.0,0.08941924,0.00063726894,0.00033985195,0.00024231894,0.0008630168,0.00463016,0.0034005314,0.00068844226,0.0006212241,0.012139634
0.25192785,1.0,0.15681036,0.0012885142,0.00014416239,0.00018385734,0.0003793193,0.0015937921,0.0044693192,0.0011154185,0.00036569472,0.003410666
0.16590165,1.0,0.23207298,0.002711663,0.00021976183,0.00027453998,0.00044876235,0.0030650795,0.011335685,0.0025629431,0.000785557,0.004078467
0.6671475,1.0,0.13916661,0.0020674325,0.00031596096,0.00042280083,0.0024550892,0.00890244,0.017543428,0.009556812,0.00395266,0.08542028
1.0,0.29399723,0.022078918,0.0009494243,0.0003310728,0.00052988774,0.009906329,0.016934218,0.010137219,0.028926164,0.017996628,0.41339004
1.0,0.36109933,0.026654838,0.00152865,0.00080412906,0.00087204325,0.008610835,0.020381715,0.013057868,0.03703001,0.027042242,0.36291933
0.5154239,1.0,0.15980622,0.0028147823,0.00097312866,0.002403641,0.0018401799,0.0060143815,0.008544101,0.014196743,0.024075812,0.051491164
0.25940573,1.0,0.22850269,0.004382465,0.00084898795,0.0034415026,0.0015257548,0.0015647878,0.0065095345,0.008132577,0.022477401,0.023425644
0.4538803,1.0,0.20988575,0.0089609455,0.002463628,0.0051376014,0.0046651717,0.0064307405,0.013281104,0.032727033,0.12301589,0.123109296
0.18820974,0.6039146,0.18145078,0.013406244,0.013105225,0.01651122,0.027088732,0.03403184,0.035022225,0.12492917,1.0,0.96282566
0.23238389,0.3090295,0.119747765,0.025031095,0.033509903,0.048270565,0.030377673,0.022445858,0.04465447,0.1627505,0.7917655,1.0
0.901733,1.0,0.22363889,0.10346107,0.22398967,0.66402537,0.7301143,0.30851358,0.20370747,0.434106,0.9740708,0.76148224
0.28164673,0.21927741,0.13632192,0.064266965,0.08535406,0.33684087,0.90704906,1.0,0.4324549,0.24626598,0.24275725,0.17950904
0.057148896,0.06848244,0.061764304,0.03908847,0.021826934,0.024238883,0.09691835,0.44556135,1.0,0.8001122,0.24283224,0.06225091
0.015507312,0.01564334,0.009556726,0.011024597,0.011147001,0.0075952574,0.014659184,0.10160671,0.794356,1.0,0.23424512,0.03489657
0.020593524,0.015825378,0.010412068,0.019066423,0.018150816,0.011776655,0.03111358,0.31621477,1.0,0.81179726,0.20116656,0.045983568
0.6083206,0.35747835,0.12917162,0.10165012,0.08592478,0.095961474,0.2524743,0.86311835,1.0,0.35734615,0.396421,0.4577265
1.0,0.42337137,0.13003303,0.054110564,0.017182672,0.044220317,0.6729292,0.8084466,0.08840121,0.036520213,0.12355361,0.6391862
0.2112698,0.07422794,0.025636517,0.011456863,0.004123994,0.026157187,0.7798699,1.0,0.07140568,0.011857301,0.016890075,0.1741561
0.123600185,0.02345387,0.003495943,0.005199629,0.009955786,0.018757898,0.61511064,1.0,0.11680385,0.007357542,0.006988939,0.07913985
0.22983377,0.10695628,0.011596492,0.009178034,0.047141697,0.020152684,0.14910033,1.0,0.42269593,0.01146494,0.0064522554,0.033771977
0.3774843,0.18817016,0.035446137,0.02507476,0.0998067,0.030274848,0.055962857,1.0,0.54094267,0.015757222,0.00563872,0.032235857
0.66481847,0.14802217,0.033885013,0.06338752,0.14861883,0.028121877,0.14280759,1.0,0.24744202,0.007736242,0.0077424785,0.114998944
0.67925644,0.08733537,0.016524412,0.066671096,0.12344868,0.06502153,0.39342314,1.0,0.102559544,0.004309593,0.008677303,0.2360784
0.56378317,0.04461448,0.023728112,0.08956449,0.08245704,0.14340861,0.9241091,1.0,0.09325184,0.01078642,0.055231348,0.52625465
0.2625465,0.09910871,0.089755684,0.12343291,0.16513798,0.25880575,0.9375355,1.0,0.34861246,0.13255568,0.21635634,0.4591612
0.17779595,0.18231355,0.17429028,0.18364833,0.31068924,0.3848365,0.60723907,1.0,0.4291551,0.20634104,0.18239872,0.17070803
0.1313468,0.10606315,0.16971493,0.19603087,0.30713943,0.84093285,1.0,0.9612015,0.25019512,0.09202755,0.110608414,0.13422821
0.14374168,0.09124577,0.179886,0.19002154,0.36531198,0.79797435,1.0,0.8805122,0.5158904,0.09804168,0.081172034,0.14817618
0.21419851,0.14053316,0.16831909,0.22842658,0.3192685,0.74766284,0.97698694,1.0,0.7471997,0.11582937,0.092665285,0.14814952
1.0,0.5740548,0.21648058,0.24054351,0.36376524,0.56247544,0.82226485,0.728157,0.51222533,0.14048311,0.42386737,0.67187744
1.0,0.4523596,0.115087174,0.13512082,0.26584825,0.34052953,0.39752203,0.25377133,0.11533157,0.06710495,0.31408563,0.60339946
1.0,0.51054287,0.14412546,0.1941989,0.33453375,0.49864474,0.5355494,0.43125483,0.3399406,0.3061991,0.41307262,0.8314385
0.52934986,0.23781385,0.11127208,0.08952156,0.15707254,0.3479059,0.5829619,0.31869504,0.33312353,0.30299893,0.30006668,1.0
0.45191646,0.23541294,0.31282246,0.15148175,0.1528019,0.4403603,0.9917959,0.39605218,0.4056472,0.33108512,0.83795303,1.0
0.55129886,0.49280155,0.64450645,0.28851175,0.22634463,0.41224316,0.78779894,0.33718362,0.34445816,0.4006905,1.0,0.6656448
0.750058,0.9342214,1.0,0.37519264,0.26934472,0.3308949,0.5148036,0.45417455,0.4983427,0.37582222,0.45437807,0.8003582
0.36330807,0.68366396,0.9596656,0.24287088,0.13845332,0.173554,0.3986372,0.8615005,1.0,0.3366569,0.26204878,0.49832046
0.6853929,0.71402144,0.60448605,0.29359984,0.27075192,0.28017795,0.54454243,0.80678225,0.97538453,0.3445168,0.5644711,1.0
0.8358779,1.0,0.385873,0.26967433,0.27994406,0.3577408,0.65645707,0.53065115,0.40203464,0.23808916,0.43593365,0.8898415
1.0,0.73151094,0.38038433,0.19725135,0.20911977,0.26690388,0.52780414,0.55121493,0.566099,0.28355032,0.30358362,0.8934448
1.0,0.4650357,0.1974645,0.11792893,0.11313085,0.12506536,0.36642915,0.67284983,0.5143478,0.14692838,0.15974283,0.80034024
0.66199553,0.5058336,0.28486487,0.20167187,0.1394805,0.22695032,0.48755062,0.7104358,0.61095107,0.19669008,0.3362724,1.0
0.4585288,0.51740986,0.80523777,0.2960761,0.18584983,0.2986146,0.68260384,0.86398184,0.74995965,0.3377523,0.64696383,1.0
0.26132116,0.73655915,1.0,0.33713642,0.19345966,0.26694727,0.42791,0.32536113,0.28168997,0.19393879,0.3799188,0.29447085
0.66624767,1.0,0.5721123,0.26022056,0.16157527,0.20820835,0.27146566,0.29310706,0.3647855,0.36661327,0.55902326,0.6434812
1.0,0.8943662,0.5227361,0.34729898,0.2309923,0.23314671,0.35627133,0.3156497,0.3322176,0.34168905,0.47347692,0.7322445
0.8340465,0.8876778,1.0,0.5230276,0.3593787,0.41064227,0.6739384,0.47375154,0.26569906,0.2657405,0.39733297,0.63446844
0.734216,1.0,0.8156097,0.3592615,0.21017969,0.25853932,0.50306094,0.39720792,0.3052425,0.3156958,0.4687134,0.6698914
0.99101865,1.0,0.69237435,0.712328,0.7148445,0.7447095,0.87936366,0.8107522,0.82179165,0.63853914,0.70404583,0.8977204
0.8023818,0.7790899,0.6583856,0.69044954,0.7788155,0.8499245,1.0,0.908406,0.8653197,0.8058327,0.73875713,0.779335
1.0,0.89312154,0.92325485,0.80882025,0.7280975,0.67995006,0.82209754,0.6340459,0.57942003,0.63268954,0.66506636,0.9230463
1.0,0.98706776,0.867728,0.6288126,0.41051793,0.3230962,0.3509292,0.35775766,0.35030067,0.42266336,0.62816674,0.89846355
1.0,0.9675574,0.92265946,0.7075714,0.7209336,0.8253909,0.5336155,0.38967484,0.3891436,0.3216511,0.3602977,0.62511635
0.904361,0.5692551,0.24831763,0.3178237,0.6532956,1.0,0.59999347,0.16650645,0.06501147,0.076562926,0.04533713,0.16825585
0.5266681,0.49777612,0.10205409,0.0815896,0.32104146,1.0,0.53958076,0.05011762,0.017291445,0.041498803,0.017530175,0.046803553
0.5039328,0.48858505,0.075546354,0.04853174,0.16209406,1.0,0.62292016,0.04324484,0.009787042,0.023430813,0.011489199,0.03680813
0.40759048,0.8578347,0.21760204,0.0269846,0.05723004,0.6287831,1.0,0.18834026,0.016333407,0.018645417,0.018474026,0.029171627
0.15031569,0.9377472,1.0,0.09638272,0.028899658,0.17977615,0.83317155,0.615505,0.06415401,0.01947004,0.028594114,0.03210522
0.039808337,0.3312935,1.0,0.13238387,0.014634028,0.024100197,0.13974927,0.29275784,0.04513586,0.010188512,0.013406392,0.020822953
0.021623153,0.2401581,1.0,0.15376915,0.009348516,0.01077363,0.066518456,0.21811359,0.039117955,0.005148282,0.005939262,0.011787889
0.03570622,0.26574835,1.0,0.13712583,0.012669974,0.013789874,0.11346875,0.33642772,0.047297772,0.0052785547,0.010741807,0.01890269
0.07019754,0.43484977,1.0,0.102369286,0.016059633,0.030913118,0.43482098,0.6686777,0.054405414,0.0074206097,0.02098344,0.02608999
0.051819738,0.26334625,0.26585633,0.02160876,0.00883551,0.10445186,1.0,0.53632903,0.016773237,0.008714791,0.021898832,0.01748506
0.04333404,0.11927619,0.032651134,0.0072319573,0.0076599256,0.21770824,1.0,0.20954822,0.0055066147,0.015863182,0.027866703,0.015625544
0.036548972,0.1374455,0.081352904,0.010378719,0.0077888095,0.1864335,1.0,0.33703446,0.016521314,0.0126769105,0.027900677,0.016014103
0.028929707,0.124088295,0.30291376,0.08622754,0.008610979,0.05852376,0.81960124,1.0,0.1574971,0.011129579,0.012852564,0.020968135
0.060864087,0.08269389,0.4930814,0.44906816,0.03147841,0.033882037,0.22924976,1.0,0.70391065,0.040973853,0.01164721,0.059092376
0.096511275,0.09934794,0.45062396,0.5428456,0.048099745,0.04236485,0.089790806,0.9099595,1.0,0.067225374,0.019827846,0.08864235
0.04681901,0.12971102,0.28957927,0.09824614,0.015985614,0.036872655,0.4160189,1.0,0.27282748,0.019829702,0.022796284,0.03594665
0.11626447,0.20876612,0.15752451,0.025442451,0.022958478,0.17564207,1.0,0.94359314,0.07994448,0.07372925,0.05779639,0.031045469
0.7565034,0.3876238,0.068661086,0.03492785,0.12898289,0.8131173,1.0,0.41513002,0.2029109,0.8108559,0.21440971,0.14472651
0.41231194,0.4789212,0.23485869,0.0565253,0.06665834,0.38462117,1.0,0.8160682,0.17795105,0.42546514,0.24695815,0.1775031
0.06402892,0.088506594,0.17826399,0.11607758,0.023994394,0.032454006,0.37928724,1.0,0.3851329,0.04148676,0.03623191,0.06038034
0.15629299,0.041625656,0.1526295,0.46191096,0.11649064,0.019656243,0.15724662,0.8584165,1.0,0.16235256,0.019265736,0.061022893
0.27731624,0.07757343,0.16768052,0.77606076,0.22441688,0.027125906,0.05559405,0.30058143,1.0,0.26119035,0.024093702,0.06803781
0.16325058,0.122421116,0.21669543,0.29195923,0.063819624,0.079905234,0.5424715,1.0,0.48012504,0.07336261,0.025499756,0.07635138
0.21358928,0.14095433,0.09496769,0.047740858,0.07291056,0.25614932,1.0,0.98522836,0.22553942,0.089045815,0.041291457,0.10880418
0.71711516,0.18633066,0.09444832,0.08156766,0.40521976,0.6155238,0.53276974,0.3653395,1.0,0.5411086,0.11636549,0.57219344
0.27870387,0.22383755,0.18827377,0.09926241,0.08577613,0.29739302,1.0,0.8541597,0.29963204,0.16895235,0.08825775,0.18415426
0.16378246,0.0968459,0.18252787,0.33437473,0.11874455,0.07620502,0.70669186,1.0,0.48227978,0.097558096,0.03557259,0.08717432
0.3704639,0.113826804,0.15520701,0.9501752,0.46660605,0.053682424,0.26025575,0.52726406,1.0,0.3568964,0.06334189,0.09940162
0.22537358,0.089821704,0.11915106,0.4591218,0.24053785,0.04954205,0.16155992,0.75253,1.0,0.24780406,0.06134822,0.10384705
0.14932916,0.11636136,0.16533077,0.13681242,0.10870027,0.13341674,0.37903795,1.0,0.7721442,0.12721631,0.11213298,0.22339769
0.5584077,0.68817186,0.78347385,0.48681575,0.6370982,0.57689065,0.6371488,1.0,0.66710514,0.17006218,0.34182164,0.9158256
0.23605713,0.22069424,0.160194,0.17210157,0.15510388,0.14069036,0.30613717,1.0,0.89692926,0.1794306,0.0893182,0.22558968
0.16842878,0.14685427,0.0857741,0.19486113,0.24619152,0.07772471,0.058944065,0.4149684,1.0,0.65407526,0.11907345,0.08028053
0.08571038,0.11546706,0.055580657,0.1054662,0.5110994,0.4277851,0.053442255,0.0804541,0.33943683,1.0,0.5715561,0.059215613
0.085633434,0.07583836,0.0550912,0.03315638,0.7214033,0.94697434,0.061166443,0.037544623,0.06530811,0.887437,1.0,0.10102496
0.08029986,0.07078222,0.035594124,0.07512574,0.48213196,0.33261272,0.020359103,0.04976117,0.37725893,1.0,0.43256724,0.09698926
0.052737895,0.034938715,0.051124662,0.08471129,0.11605263,0.033884868,0.04051518,0.29974958,1.0,0.63415545,0.08634276,0.07318741
0.08251519,0.15527381,0.1291331,0.057754792,0.031980485,0.06313265,0.3033596,0.67096037,1.0,0.40405062,0.2708878,0.14279078
0.15342304,0.44520044,0.10210821,0.022640625,0.030965623,0.2848317,1.0,0.24027781,0.08743237,0.34845945,0.52802974,0.09363372
0.050778106,0.23365805,0.28282326,0.04979028,0.02107601,0.26078492,1.0,0.32649058,0.043531694,0.03662813,0.08745426,0.0403205
0.10969847,0.4886405,1.0,0.2012441,0.03237675,0.22082026,0.70249265,0.50947297,0.17548496,0.04255958,0.034756806,0.07364404
0.15857206,0.5776505,1.0,0.2328892,0.030631091,0.05844722,0.20306957,0.5247057,0.300974,0.10085628,0.035765737,0.06428662
0.048241705,0.31544313,0.28489122,0.09019511,0.026437093,0.121946685,0.6542518,1.0,0.29744694,0.094119,0.056143936,0.034477662
0.42567226,0.818964,0.7320551,0.14356886,0.05141073,0.19313309,0.77631724,1.0,0.58233184,0.25937217,0.17648357,0.2881731
0.46163303,1.0,0.5147316,0.13473,0.035872277,0.009501705,0.01372319,0.1163325,0.1251777,0.019958729,0.013700119,0.06596248
0.572273,0.969804,0.43816108,0.13007762,0.051314402,0.012806236,0.07242179,1.0,0.71836776,0.027853655,0.009581889,0.06546278
0.26566467,0.1022889,0.030535355,0.015841963,0.015969396,0.00485202,0.14126861,1.0,0.45363393,0.016566018,0.006061385,0.08873273
0.61963314,0.05497523,0.01495318,0.020099606,0.029100811,0.0070167016,0.34980252,1.0,0.14759159,0.01881608,0.015432179,0.28446898
1.0,0.11684026,0.012155038,0.028715365,0.074388854,0.012720973,0.24589851,0.79544497,0.0867973,0.014563627,0.0145917265,0.29638094
1.0,0.21108525,0.017793031,0.02665761,0.12342068,0.02387178,0.08218966,0.5653281,0.116965495,0.00414854,0.0051152096,0.13669436
1.0,0.31613356,0.02496549,0.02821644,0.16427228,0.033509113,0.04939514,0.51735836,0.16978851,0.004728018,0.0048377304,0.0846996
1.0,0.3556243,0.017302882,0.027425809,0.18982103,0.038115527,0.030111307,0.3929687,0.15122688,0.004755487,0.0034843967,0.07134763
1.0,0.31782353,0.015057018,0.028484536,0.18668668,0.034563147,0.02530511,0.3094893,0.11354718,0.0031000718,0.0030197024,0.08512012
1.0,0.17018402,0.011857392,0.03772904,0.1205633,0.016864657,0.05705181,0.23446788,0.04585185,0.002121949,0.006801881,0.25364256
1.0,0.054197844,0.009436429,0.04499558,0.0448404,0.008319322,0.14332478,0.1763789,0.01098958,0.004092684,0.031375285,0.8593743
0.7109353,0.021480687,0.0049313838,0.020482577,0.013586295,0.007992936,0.15198298,0.12033494,0.005813247,0.0050114403,0.0433662,1.0
1.0,0.10374593,0.006433842,0.029540963,0.09362689,0.01753771,0.093684815,0.21233445,0.03628544,0.0051187067,0.020793114,0.612317
1.0,0.44717115,0.021337863,0.038948372,0.31702283,0.1399317,0.03344258,0.3210258,0.20221126,0.0096979365,0.004310971,0.13263318
0.6528873,1.0,0.061523914,0.023101205,0.44843143,0.51171327,0.029585123,0.28224564,0.52026427,0.032395493,0.0036292393,0.023972668
0.5991478,1.0,0.061336964,0.021404488,0.43154556,0.50704044,0.030314256,0.28677633,0.5187519,0.03189369,0.0030101417,0.02419187
1.0,0.44388703,0.023953376,0.056140974,0.3474985,0.16464022,0.078322,0.33560532,0.18290642,0.008406715,0.0136285825,0.2837311
0.67569774,0.057150472,0.0067621972,0.040481444,0.06956296,0.022485942,0.18150386,0.16026822,0.017036026,0.003196657,0.08491475,1.0
0.3406017,0.009386331,0.00415796,0.026598314,0.01688947,0.018808054,0.2106349,0.101455785,0.0043927804,0.001865268,0.10250319,1.0
1.0,0.0931814,0.009418073,0.1108495,0.27209285,0.050856043,0.26505992,0.4625705,0.079027876,0.004733178,0.05973096,0.91463816
1.0,0.43194076,0.02089817,0.107236624,0.8741273,0.38491085,0.08765584,0.91034603,0.7270582,0.028258357,0.03041615,0.1992179
0.34644216,0.43115604,0.022513568,0.027040374,0.6446998,0.55250585,0.026294757,0.6521997,1.0,0.04530641,0.024311233,0.022831518
0.75750905,0.50432825,0.023458388,0.102335945,0.91264015,0.52485406,0.12293541,1.0,0.8973386,0.03702394,0.019871853,0.13320553
0.86781573,0.15598984,0.043590643,0.27581364,0.49771586,0.17219944,0.600442,0.7885269,0.17818089,0.024025396,0.18649419,1.0
0.13068862,0.011795925,0.0576749,0.10325299,0.042797014,0.1614463,0.3997839,0.09411743,0.010416838,0.021350883,0.50848055,1.0
0.19504885,0.012753818,0.061164007,0.16391811,0.06504636,0.16544445,0.78069437,0.4855847,0.035599194,0.015751533,0.4791604,1.0
0.12947549,0.044562787,0.013068339,0.04848591,0.06417381,0.030111678,0.43738368,1.0,0.15128043,0.009901877,0.023403767,0.12914069
0.14531499,0.4032392,0.09693241,0.012232111,0.062037516,0.10489229,0.3801003,1.0,0.39942718,0.055284802,0.008643341,0.02823685
0.4727007,1.0,0.23712449,0.008923599,0.03310868,0.10961915,0.09599506,0.12784864,0.21278064,0.06842616,0.023803331,0.10072782
0.7976042,1.0,0.27461767,0.028131997,0.030383939,0.04023098,0.060254265,0.24544184,0.14219922,0.17058916,0.16709074,0.3371123
0.10670148,0.36610985,0.14394273,0.03375436,0.029326359,0.027517794,0.23836848,1.0,0.9536611,0.7617643,0.32063136,0.12543842
0.08940693,0.13824083,0.09916254,0.033350907,0.027573336,0.036164813,0.39265984,1.0,0.61424524,0.18391834,0.10341152,0.12514797
0.49514115,1.0,0.7126952,0.12538047,0.009923771,0.009065271,0.02361107,0.07969542,0.10522372,0.04931276,0.027929474,0.11250388
0.14173633,0.6913134,1.0,0.16576427,0.005033364,0.002758269,0.002934615,0.012529561,0.061684303,0.101093374,0.017439088,0.020048523
0.02775153,0.3223347,1.0,0.2562727,0.0068870755,0.0026193394,0.006859715,0.0061922874,0.061126307,0.3859498,0.16066955,0.00749684
0.012700317,0.06976891,0.7388483,0.58890945,0.020899355,0.005045448,0.015054372,0.010034791,0.06640632,1.0,0.79349244,0.02337311
0.03134162,0.062014226,0.21315971,0.1589947,0.028617894,0.015495266,0.009600669,0.058987234,0.4371652,1.0,0.35053682,0.013019479
0.2928756,0.14576279,0.075540766,0.1273303,0.24089833,0.081255764,0.11628761,0.4236479,1.0,0.82612675,0.096045285,0.16424212
0.9243617,0.13036908,0.05826151,0.48528126,0.49877664,0.12054423,0.6328511,0.9285304,0.37527078,0.0930217,0.0713081,1.0
0.31915128,0.16750625,0.09339125,0.14231026,0.24058214,0.16526645,0.15567462,0.6285988,1.0,0.35856026,0.07289948,0.20070288
0.0531674,0.10337684,0.37539297,0.48846602,0.09268042,0.098559365,0.07541299,0.33107606,1.0,0.8298928,0.34507903,0.031098586
0.06559536,0.31744677,1.0,0.76619524,0.052413117,0.007038638,0.027663754,0.058723245,0.048461657,0.13847269,0.17666894,0.026464753
0.14320989,0.5442456,1.0,0.36680382,0.027637968,0.0067145717,0.009508676,0.015280718,0.009636349,0.013763367,0.037462246,0.043107983
0.5882414,0.90457916,1.0,0.34675968,0.061353616,0.03871882,0.0380488,0.080786265,0.14796326,0.18596403,0.18796693,0.49360347
1.0,0.3516592,0.1771755,0.12008398,0.056710076,0.018151835,0.02333738,0.056239437,0.079174444,0.063501514,0.07711074,0.48346674
1.0,0.17995508,0.07277914,0.032190684,0.0374647,0.01557528,0.019448765,0.028976738,0.018320054,0.014172463,0.01906502,0.3581507
1.0,0.4586663,0.07745739,0.027950905,0.023223681,0.015470242,0.021023706,0.017546045,0.01837472,0.013895155,0.00947857,0.16573027
1.0,0.9796922,0.11320581,0.031569943,0.0144231655,0.010679337,0.018977098,0.014868014,0.014054311,0.009550962,0.008848277,0.07527536
1.0,0.7617189,0.0811636,0.019326746,0.01337649,0.009001677,0.011487542,0.017105564,0.011991401,0.008818324,0.0163071,0.1621227
1.0,0.40367904,0.07265412,0.030703876,0.021924745,0.015098515,0.018453587,0.0263863,0.019937368,0.034956515,0.23331957,0.68582565
0.26938727,0.06081372,0.02644501,0.016705984,0.0106409555,0.029501209,0.04354216,0.019472914,0.028784007,0.11967902,0.7835532,1.0
0.74336636,0.47547877,0.53729135,0.6782034,0.4485884,0.20010388,0.10892299,0.08796036,0.11399182,0.22527298,0.526999,1.0
0.26553038,0.13199982,0.1179759,0.37658134,1.0,0.7499419,0.11279694,0.019808635,0.020135578,0.04256432,0.14396039,0.3387782
0.31470147,0.10595129,0.021047803,0.05568772,0.66693765,1.0,0.1459496,0.011621243,0.0075875097,0.0052997754,0.026572509,0.16718972
0.5286124,0.1080403,0.08414957,0.118250616,0.74529254,1.0,0.14787748,0.009479017,0.009404804,0.00949252,0.06007376,0.4554556
0.74913174,0.65479714,0.68830794,0.68310785,0.7234594,0.36172828,0.08050541,0.038529467,0.05116852,0.09674,0.3125404,1.0
0.8039791,1.0,0.20518467,0.05555327,0.021590928,0.010202282,0.007482812,0.025541352,0.0315652,0.021369524,0.022877857,0.08313338
0.68145466,1.0,0.31759417,0.056055065,0.011648489,0.017554598,0.016802596,0.015733587,0.017833525,0.012074919,0.0054278397,0.05659746
0.19220881,0.64048946,1.0,0.5436834,0.09839813,0.041577097,0.039306704,0.01602923,0.016840737,0.03222353,0.026653443,0.021686215
0.18414654,0.41026866,0.9912423,1.0,0.4319025,0.13576214,0.054397214,0.026747275,0.014881249,0.042797662,0.087474324,0.091629684
0.715983,1.0,0.6650237,0.43028367,0.52795273,0.34037063,0.20411426,0.14426707,0.18844485,0.44170648,0.84361374,0.92879766
0.87421435,0.8479271,0.86570895,0.6513247,0.57558036,0.4874897,0.3260612,0.3973016,0.7873679,0.76856476,0.849817,1.0
0.51211256,0.6209748,0.5829676,0.5322084,0.5196144,0.5236317,0.5329984,0.8256299,1.0,0.50778997,0.39189565,0.4264639
0.2529329,0.38281944,0.35189927,0.3007528,0.27219898,0.25145683,0.40534398,0.8508374,1.0,0.29043758,0.1586415,0.22101165
1.0,0.8790672,0.28400147,0.17700292,0.13889338,0.092937216,0.1243801,0.18637274,0.14482814,0.11800942,0.15840946,0.39642957
1.0,0.3674134,0.04713563,0.018425379,0.01368933,0.012704703,0.012251036,0.015852796,0.02483185,0.0323669,0.025151426,0.27444685
1.0,0.30576304,0.013490291,0.0020829367,0.0018150579,0.0019346672,0.005158766,0.01658313,0.01318158,0.008037522,0.008394277,0.19067554
1.0,0.69879216,0.023494925,0.0017225946,0.0018097067,0.0010954668,0.002529805,0.015530449,0.010721653,0.0016001067,0.0023175792,0.075352244
0.66676956,1.0,0.06208654,0.0021146727,0.001293647,0.0009771126,0.0012522346,0.007322169,0.0130718835,0.0033307325,0.0022166774,0.020226615
0.66853946,1.0,0.07260963,0.0024123616,0.0016800072,0.0010733235,0.0017606128,0.025940923,0.033384293,0.0038955386,0.0018862995,0.023049619
1.0,0.46597642,0.022789482,0.0023084197,0.0014766337,0.000922392,0.011853487,0.089430384,0.041912228,0.001777518,0.0032619373,0.1516117
1.0,0.13213672,0.007216048,0.0022943027,0.0010195791,0.0013030571,0.052402634,0.12580825,0.0150899235,0.0010070344,0.022001943,0.5349842
1.0,0.057813164,0.0063628196,0.0040404433,0.0024614811,0.004908279,0.13265215,0.17527679,0.012709776,0.0036661054,0.05954426,0.9967902
1.0,0.33147764,0.059350535,0.009726202,0.0061488883,0.007193626,0.05907522,0.102565944,0.028395949,0.0071768737,0.026043339,0.4254338
0.49721974,1.0,0.43576455,0.026451511,0.004191849,0.006929643,0.0074687637,0.020922799,0.0353981,0.013413059,0.017171813,0.086995125
0.20102865,1.0,0.6681683,0.042217594,0.0032443183,0.004135993,0.006008445,0.013977848,0.036628097,0.021940272,0.014998611,0.03393861
0.478551,1.0,0.4256382,0.03884167,0.009092398,0.0063329707,0.008632484,0.030358024,0.0602763,0.022507353,0.022274164,0.068670064
1.0,0.71273,0.16019636,0.031946313,0.016762989,0.008862239,0.027061833,0.063236825,0.049584895,0.020198282,0.05740679,0.46031347
0.7699766,0.12251688,0.03550693,0.016620744,0.011206065,0.010620539,0.04471555,0.045366004,0.017042464,0.020772794,0.12764697,1.0
1.0,0.6847804,0.15697524,0.025976606,0.014179581,0.012690199,0.027373679,0.039687652,0.017730406,0.011125676,0.059564322,0.5065929
0.45038974,1.0,0.2637845,0.021377422,0.0059250114,0.005249388,0.003910849,0.0072995424,0.011704138,0.0060912943,0.009189251,0.049468786
0.5833482,1.0,0.22679733,0.015400848,0.0040367953,0.0026446977,0.0018335069,0.0025373409,0.006272433,0.008278039,0.015686769,0.07703571
0.6860015,1.0,0.3084917,0.034870476,0.01012757,0.00724549,0.00512207,0.007433809,0.025005454,0.12276433,0.2501476,0.30583194
0.33215255,0.76808226,0.598794,0.28661418,0.225743,0.252405,0.09506989,0.06275047,0.11951787,0.5241111,1.0,0.66426665
0.07243949,0.15591113,0.32559478,0.62443227,1.0,0.69412607,0.1632459,0.048342958,0.03399083,0.036418837,0.03584061,0.05415088
0.019136226,0.030964533,0.05276688,0.17750426,0.6065222,1.0,0.55079854,0.068150036,0.01693163,0.017845193,0.009546985,0.009268601
0.02259014,0.07624142,0.02087783,0.03864507,0.105465084,0.54141176,1.0,0.17921305,0.01213626,0.007864917,0.008398399,0.0037593916
0.06376632,0.09932989,0.019166842,0.029941112,0.132654,0.56396866,1.0,0.18086295,0.014307834,0.008834383,0.011579779,0.02061816
0.1541128,0.13272396,0.15087241,0.27586374,0.75499094,1.0,0.50096023,0.05901027,0.01843537,0.015789866,0.052114785,0.14656202
0.35692784,1.0,0.5723128,0.26033518,0.46286714,0.21171097,0.044729486,0.0151175475,0.013062011,0.011636045,0.07572361,0.13476644
0.32962072,1.0,0.30920967,0.017134478,0.014868451,0.012281505,0.0059890486,0.0037472171,0.0073208762,0.0036561901,0.009983067,0.032081593
0.16919708,1.0,0.92184144,0.10526444,0.010366694,0.009289926,0.009792156,0.003740753,0.0059678094,0.004267767,0.006771635,0.01834409
0.031519003,0.38034698,1.0,0.21981053,0.00979341,0.006099453,0.007406636,0.002056978,0.0016713652,0.0025686126,0.002377557,0.0039982223
0.122600146,0.5216251,1.0,0.26174805,0.0175204,0.008974805,0.010591658,0.006703507,0.008277965,0.010828744,0.021049932,0.049815267
0.63607645,1.0,0.6756212,0.26432773,0.09392236,0.06278164,0.07023906,0.14587007,0.42639643,0.6132855,0.66931534,0.54075456
0.06722125,0.07712176,0.07193818,0.109935075,0.0576148,0.032974325,0.044322714,0.2960071,1.0,0.703156,0.22147293,0.09093811
0.21447957,0.2408644,0.14529884,0.08729209,0.065729685,0.03993788,0.07942515,0.41091123,1.0,0.5533,0.14308923,0.13413236
0.14375426,0.63417876,1.0,0.35557133,0.07425842,0.047928132,0.09414469,0.04272611,0.076265246,0.08351136,0.043547157,0.049939197
0.02769711,0.25534707,1.0,0.31781545,0.040827557,0.021553053,0.045401648,0.00720322,0.00849527,0.02329131,0.0068295645,0.008386525
0.016160393,0.10573416,1.0,0.47012013,0.047041517,0.018675791,0.019482203,0.0070933863,0.011352262,0.030248776,0.014654308,0.004333137
0.013513891,0.077347524,1.0,0.5515966,0.03257832,0.012524913,0.011293907,0.0053316243,0.009125586,0.032651734,0.0173392,0.0033687972
0.011223894,0.20109323,1.0,0.2619517,0.01096702,0.0038848706,0.005510661,0.0032389099,0.005883241,0.021009246,0.007256775,0.0031988292
0.11703239,0.9538693,1.0,0.09464593,0.004928801,0.0029043474,0.002759122,0.0028426824,0.0073416634,0.009451177,0.0019743636,0.004343766
0.4006575,1.0,0.20895943,0.008624641,0.001430056,0.0017642238,0.0012755089,0.0019910885,0.004368468,0.0013346622,0.0007306037,0.011298534
0.54743934,1.0,0.0914521,0.0040272055,0.0016084515,0.0016290053,0.001081881,0.0019860875,0.0041155024,0.0008418303,0.00073401676,0.017417071
0.29374996,1.0,0.33316568,0.02040008,0.006201997,0.003130437,0.0035040549,0.0030566421,0.007702626,0.0049382453,0.0014380612,0.011878942
0.05714359,0.5377509,1.0,0.17230013,0.04281018,0.01993564,0.053458843,0.011448723,0.0068097347,0.019715374,0.0054398146,0.006108514
0.0583026,0.30256718,1.0,0.33807632,0.08349742,0.053280294,0.20523104,0.042389628,0.008092141,0.03310959,0.021198612,0.022898534
0.80903447,0.694258,0.9007628,0.49350718,0.23712093,0.3065522,0.67683643,0.30675143,0.17288102,0.35391784,0.7867934,1.0
0.38882744,0.36128178,0.21962664,0.12422479,0.11565347,0.16729493,0.17639071,0.17420489,0.20690699,0.56807035,1.0,0.7783421
0.64122564,0.6142204,0.36705622,0.22333997,0.1633284,0.14872642,0.1439804,0.24110556,0.6294336,1.0,0.62161255,0.4362651
0.85033876,1.0,0.74941427,0.49647138,0.39664558,0.35362014,0.34058005,0.362709,0.4462097,0.532303,0.62526536,0.68058044
0.76160556,1.0,0.8953975,0.7532223,0.7401095,0.7165969,0.6937691,0.71541345,0.7577897,0.7545446,0.7210445,0.71263885
0.8341636,1.0,0.88150734,0.7482952,0.7285977,0.7329981,0.7221002,0.77510035,0.7865377,0.75535095,0.7329295,0.70960486
0.40017787,0.4627214,0.31573963,0.28711298,0.3488581,0.42555645,0.61742026,1.0,0.6222503,0.34962896,0.28330323,0.26240525
1.0,0.7381476,0.18245345,0.082430914,0.07875202,0.08089011,0.11189083,0.10791093,0.07097772,0.05622983,0.082675636,0.25599805
0.70285475,1.0,0.1296953,0.0064178575,0.005855708,0.00594271,0.0108924825,0.010099547,0.005189203,0.0023623635,0.0036177477,0.040764324
0.6744327,1.0,0.16782132,0.009730168,0.0061142626,0.0034809585,0.008226042,0.026717411,0.008630318,0.0010114688,0.001966238,0.035933603
1.0,0.68029064,0.15217218,0.020011643,0.01646957,0.0042034434,0.050896257,0.20231296,0.029287497,0.0014219624,0.0042729713,0.16535959
1.0,0.30631295,0.0141327195,0.008077458,0.02700099,0.006442862,0.06374625,0.36678186,0.0963597,0.002511734,0.0035366006,0.18873632
1.0,0.97457075,0.052364565,0.0072373054,0.03328527,0.02224241,0.019328669,0.24869901,0.24068937,0.014996333,0.005992492,0.059155393
0.9965858,1.0,0.115383506,0.069417864,0.07237695,0.06359661,0.057221223,0.11700676,0.16959943,0.0647596,0.082127616,0.22720268
1.0,0.42111725,0.08957734,0.075416386,0.07151374,0.063252576,0.061534937,0.07367445,0.08477897,0.06447215,0.11983684,0.56105286
1.0,0.1384624,0.025362374,0.021073477,0.02113877,0.019438505,0.021041617,0.028485341,0.035308786,0.047790024,0.17427114,0.9937782
0.49386856,0.19458848,0.063097455,0.03410042,0.035211176,0.036086924,0.032033693,0.075009696,0.39260414,1.0,0.98600376,0.65229696
0.6320448,0.34364673,0.1552412,0.12157756,0.21313033,0.29798383,0.34490022,0.52776855,0.91914976,1.0,0.8147488,0.7651134
0.76125044,0.4693648,0.2036635,0.23819287,0.50448614,0.5994405,0.6587166,0.7527793,0.43845335,0.2602536,0.8196595,1.0
0.72436273,1.0,0.61395454,0.24079137,0.26795864,0.32469335,0.48249173,0.5180652,0.35146445,0.13078874,0.29734728,0.42295733
0.427798,1.0,0.40851805,0.09326541,0.057612516,0.066680655,0.2062307,0.82884866,0.44491404,0.0554372,0.07440583,0.19282266
0.4596792,0.4869432,0.14902273,0.05895194,0.046471313,0.054245383,0.45715338,1.0,0.28172368,0.03279973,0.055630002,0.30775523
1.0,0.12728567,0.028148802,0.06307616,0.06381952,0.047291964,0.7887189,0.9821247,0.09090102,0.023664942,0.062296603,0.7413418
1.0,0.33743274,0.02393687,0.035034735,0.14039446,0.06442861,0.20836782,0.63792175,0.20072438,0.017361347,0.03290218,0.2988934
0.7914077,1.0,0.08748209,0.04394942,0.28027952,0.28376183,0.06206573,0.44942865,0.6542471,0.04249242,0.0107730385,0.045565095
0.4649056,1.0,0.09551544,0.05739323,0.21779405,0.3085574,0.040796574,0.31572682,0.69333076,0.04711879,0.010863929,0.025646918
1.0,0.88445944,0.092636496,0.06521038,0.24792738,0.2219367,0.15975653,0.99293643,0.74134064,0.034848657,0.01617891,0.15007718
0.8012713,0.17053483,0.0474395,0.059170924,0.08846929,0.18587808,0.818823,1.0,0.22731343,0.061340895,0.073980056,0.6126345
0.13842417,0.017072227,0.01635957,0.030284476,0.057289187,0.5696918,1.0,0.16365245,0.04074964,0.065648176,0.15544008,0.506887
0.31793556,0.056515675,0.0199165,0.025279002,0.09927319,0.70387536,1.0,0.19610234,0.07127377,0.060394667,0.35269013,0.8902067
1.0,0.48366186,0.052382465,0.023969568,0.04174726,0.07306982,0.15782955,0.1918228,0.121010944,0.05501943,0.22644937,0.6024599
0.83711815,1.0,0.10181597,0.033521697,0.032195996,0.034983125,0.06511664,0.08949646,0.06787427,0.02145663,0.035791155,0.087233536
0.8861638,1.0,0.11897256,0.022530055,0.02349706,0.024879701,0.031198677,0.038493924,0.036897343,0.011539353,0.02444468,0.11263169
1.0,0.8848812,0.17615347,0.017749712,0.026634492,0.027431494,0.06547203,0.05566502,0.04052171,0.037321515,0.121313035,0.45090732
0.3736022,0.24042478,0.12143409,0.03229651,0.03845203,0.047200598,0.1649647,0.18986012,0.2506286,0.5558328,1.0,0.97771
0.30834976,0.14958082,0.12399402,0.05159549,0.049344312,0.075828046,0.20619687,0.33982167,0.62235117,1.0,0.8505402,0.5264141
0.47253338,0.3947808,0.35770902,0.29811534,0.34661612,0.35905063,0.5031232,0.48029238,0.67006725,1.0,0.8340669,0.5479997
0.36009994,0.3156178,0.4158568,0.5255385,0.4008478,0.32636023,0.58586323,0.688071,1.0,0.8930122,0.55036545,0.38446942
0.40233642,0.54367864,0.6266013,0.7665412,0.5540608,0.44784054,0.7452098,0.9033324,1.0,0.57699025,0.4974418,0.43602845
0.47240475,0.8319591,1.0,0.39525402,0.17084484,0.35997865,0.45040587,0.38811952,0.47506264,0.36797377,0.5297058,0.6725313
0.44192275,0.64482754,0.90043926,1.0,0.21834703,0.3695721,0.62197405,0.28292444,0.27149335,0.18635958,0.28219935,0.47172922
0.09755822,0.121942386,0.29893038,1.0,0.34665713,0.12993863,0.24999703,0.063131824,0.047183774,0.04917408,0.11968554,0.10812859
0.018834766,0.017922696,0.09001784,0.8245375,1.0,0.20095076,0.08822362,0.019655764,0.019006416,0.027028874,0.06617925,0.032775015
0.05075664,0.051605914,0.065444686,0.33787876,1.0,0.42635733,0.08063447,0.029847825,0.029110182,0.045303978,0.055141028,0.058951117
0.15508886,0.3902798,0.59829634,0.79306793,1.0,0.7453555,0.6127509,0.39086738,0.28596216,0.17595808,0.16015258,0.21087621
0.58554405,0.9275807,1.0,0.6700543,0.24845533,0.17638268,0.54444134,0.41183892,0.30546513,0.15453853,0.23145343,0.3064237
1.0,0.4597356,0.25373966,0.14052112,0.15694997,0.34390837,0.545532,0.24420622,0.16609842,0.14322294,0.22960122,0.87336016
1.0,0.27176794,0.221882,0.23540305,0.32644147,0.56826204,0.53379977,0.30848607,0.35260648,0.30763397,0.28795642,0.8237963
1.0,0.26375836,0.07478306,0.103973396,0.16979523,0.15680242,0.32288724,0.25371277,0.17571837,0.09441181,0.118257575,0.42778578
1.0,0.51744294,0.20563918,0.2629555,0.27506027,0.2726291,0.77973384,0.6508461,0.24138457,0.29140735,0.46909174,0.8508638
0.50140584,0.4870039,0.55563277,0.5918968,0.6002434,0.62683415,1.0,0.6861741,0.5330191,0.6500702,0.7250617,0.6310008
0.4010469,0.53451264,0.583669,0.56209135,0.6433041,0.64622253,1.0,0.59860414,0.55030423,0.5541675,0.6249229,0.52513665
0.15351522,0.40790382,0.41107675,0.294592,0.2671217,0.4687106,1.0,0.6803447,0.60649544,0.2096754,0.23251617,0.18886249
0.3976953,0.27996784,0.15701382,0.11450102,0.17183444,0.27876016,0.5942267,1.0,0.9890257,0.6426916,0.32064554,0.27760383
0.17316109,0.21227153,0.104796775,0.033628028,0.06903186,0.37700653,1.0,0.7109108,0.3479862,0.17834696,0.1178608,0.08120543
0.08004324,0.20310979,0.10885504,0.014386349,0.016255869,0.26084125,1.0,0.6532112,0.15040432,0.04944197,0.0883756,0.056625083
0.017973203,0.03572783,0.073851034,0.03421586,0.003979992,0.037530564,0.28865778,1.0,0.6211516,0.061724707,0.051208902,0.059785288
0.006980469,0.002712134,0.022599844,0.039086204,0.004458144,0.0034307525,0.04534174,0.53639734,1.0,0.18017492,0.035089627,0.026658215
0.006267782,0.0033242141,0.023241282,0.05133633,0.0074010678,0.0035666984,0.019176397,0.31119564,1.0,0.27123192,0.050740458,0.020304753
0.016151734,0.026751703,0.08377503,0.07934149,0.013942378,0.01740812,0.09040555,0.6012783,1.0,0.27690116,0.223191,0.11926687
0.07731089,0.050456353,0.064266995,0.05308164,0.029035943,0.058728814,0.12240682,0.19285338,0.2606396,0.14123516,0.9796333,1.0
0.09003293,0.04507551,0.028702525,0.027337616,0.026696099,0.04713823,0.097473174,0.080853134,0.095911,0.08750874,0.7694072,1.0
0.17524125,0.107093014,0.07760958,0.036738712,0.03271977,0.046926476,0.09182696,0.08933478,0.070614375,0.08152445,0.6016169,1.0
0.8669387,0.4432275,0.27315092,0.12290606,0.07696573,0.08222128,0.19150333,0.24497749,0.2788487,0.18904321,0.35740077,1.0
0.8030164,0.51923597,0.3424796,0.15643157,0.13087884,0.1825992,0.55781597,0.68318427,0.7667231,0.63324255,0.45374182,1.0
0.39677998,0.36186263,0.1885247,0.16658862,0.18977791,0.29578385,0.63013405,0.8550258,1.0,0.72575176,0.4908361,0.3691309
0.4460875,0.44591317,0.26103872,0.24580666,0.3929975,0.5072302,0.87170696,1.0,0.75926006,0.7805331,0.9726266,0.7270581
0.34658805,0.310676,0.20730737,0.27037096,0.45025486,0.38191432,0.6093907,0.63745326,0.5620588,1.0,0.7629072,0.65366995
0.5141977,0.6726996,0.472337,0.5444008,0.5807562,0.4767394,0.53382534,0.45502904,0.5504053,1.0,0.7692193,0.52474385
0.81231475,0.74649805,0.6854547,0.65186,0.7493784,0.70871985,0.580327,0.5220143,0.72003794,1.0,0.78651476,0.71246207
1.0,0.9743713,0.8584284,0.8822736,0.96559465,0.89447004,0.70509875,0.68637866,0.7734988,0.98994035,0.8243583,0.8821795
0.4966993,0.53884065,0.6171305,0.50596267,0.5105722,0.5329335,0.5512153,0.6307852,0.85256374,1.0,0.7131249,0.5673202
0.13888061,0.20864227,0.3481698,0.14537747,0.09247017,0.33438426,1.0,0.36382827,0.31152508,0.4416939,0.46154577,0.43867522
0.063514836,0.056069132,0.07872663,0.048511826,0.025577346,0.25895023,1.0,0.27518046,0.08159085,0.0659358,0.17471275,0.2898137
0.17473163,0.026607841,0.02409434,0.036889564,0.03296836,0.14843278,1.0,0.690407,0.08150609,0.034724433,0.08566433,0.30025557
0.28260574,0.08588235,0.010255472,0.020003289,0.054569505,0.05596768,0.41273993,1.0,0.18941294,0.023550263,0.026676143,0.11827448
0.41854674,0.4150054,0.030854719,0.012281146,0.108565986,0.16285433,0.3596023,1.0,0.73976684,0.05791755,0.019053614,0.05323074
0.22553705,0.5984785,0.13345172,0.012578545,0.06013087,0.1829232,0.182947,0.31119227,1.0,0.20676468,0.022981111,0.034320213
0.12071413,0.45142844,0.2205216,0.018161137,0.025283063,0.13436125,0.16560246,0.17424577,1.0,0.38825187,0.029405449,0.02453474
0.3295019,0.41788,0.122032024,0.047471177,0.06045806,0.07800012,0.20892519,0.5538851,1.0,0.35803372,0.037904754,0.07120759
0.4086984,0.3350731,0.138602,0.17577034,0.23124656,0.22366224,0.6965272,1.0,0.64792424,0.25186905,0.1396383,0.24257177
0.23665792,0.27337256,0.24651283,0.14832626,0.13883366,0.30045587,0.6463621,0.5371893,1.0,0.34431136,0.29668853,0.31092292
0.4636,0.65061563,0.79394096,0.25538245,0.13551423,0.3411498,0.98905337,1.0,0.81686985,0.5407746,0.6255764,0.57689124
0.8082671,0.8609127,0.6068014,0.3074911,0.3743171,0.50560915,1.0,0.8077516,0.64107627,0.58607787,0.62208503,0.63979363
1.0,0.9843468,0.38770705,0.3082686,0.41869423,0.5650186,0.28549173,0.17422111,0.2339556,0.21365122,0.32056165,0.64963144
0.7288335,1.0,0.39167702,0.27190137,0.31141165,0.5956635,0.5279002,0.61958146,0.4916711,0.19172394,0.22142315,0.43937898
0.06520591,0.09780469,0.056316677,0.03818188,0.038138315,0.06433066,0.18339805,0.81666964,1.0,0.15306206,0.05388433,0.062314004
0.011090791,0.015479528,0.0186501,0.022532832,0.022348367,0.011831963,0.03137784,0.2768949,1.0,0.33014232,0.022229124,0.011122
0.010619319,0.018790238,0.01740134,0.02084248,0.02645019,0.00914511,0.008660006,0.06396214,0.89753693,1.0,0.05989127,0.009156065
0.006366548,0.01298266,0.011286466,0.0095527,0.020603359,0.006211394,0.005416341,0.022855172,0.49621716,1.0,0.07044846,0.003901836
0.0070987837,0.012659515,0.005299282,0.011788822,0.07800368,0.02919444,0.0042621423,0.017684981,0.4340623,1.0,0.08975399,0.0047605904
0.005214203,0.010512503,0.0027860538,0.02113299,0.41010588,0.24927807,0.009873949,0.013392259,0.23348032,1.0,0.25671005,0.012045872
0.0052232384,0.0061694793,0.0029425924,0.01378591,0.3532762,0.24220438,0.009837307,0.012477763,0.0734651,1.0,0.6795719,0.028057804
0.0047269557,0.0059201843,0.002780977,0.0035521672,0.05853892,0.03968005,0.0036907224,0.008897946,0.072813615,1.0,0.5967054,0.01672481
0.0023111515,0.003900125,0.0017450056,0.0017980066,0.011930977,0.0069530243,0.001700728,0.0043231784,0.12911817,1.0,0.37463817,0.008505277
0.0014015486,0.0028629978,0.0010362467,0.001118401,0.005506315,0.0027251744,0.0019027261,0.013833827,0.3117305,1.0,0.23870486,0.0049223565
0.002055709,0.00420926,0.0013139759,0.00176226,0.007975036,0.0029106652,0.0044921553,0.046675313,0.6169616,1.0,0.16995627,0.005362318
0.008861884,0.010218147,0.0036636917,0.004351082,0.026377121,0.013083705,0.007351754,0.023586413,0.2123067,1.0,0.85498774,0.118639864
0.013021744,0.010357806,0.005327121,0.0014961065,0.008267667,0.0067986413,0.0021450294,0.0028802291,0.018697232,0.4619841,1.0,0.20982784
0.021993376,0.06837536,0.026529668,0.005403658,0.014680121,0.0127148805,0.0030112616,0.004054014,0.038152747,0.7097529,1.0,0.1767341
0.037464473,0.17724064,0.0348917,0.016028967,0.03637508,0.02988122,0.01346031,0.011096771,0.12411518,1.0,0.35748944,0.018640231
0.019934626,0.05928998,0.006496626,0.0098592015,0.027024832,0.017443947,0.010654548,0.009101819,0.2028625,1.0,0.1639996,0.0044688936
0.0027897032,0.004966377,0.0010972258,0.0040505645,0.013881251,0.003688421,0.0030443268,0.005350405,0.18307589,1.0,0.1557512,0.0028530527
0.0021401672,0.0017536695,0.0015853234,0.003055619,0.009430932,0.0037627178,0.0029026142,0.004712367,0.1299486,1.0,0.22407888,0.0056677163
0.006714573,0.0031608406,0.0038356553,0.010100162,0.019437248,0.0054523214,0.006438194,0.009984437,0.3007748,1.0,0.17843513,0.008027971
0.0075306115,0.0041157776,0.005127852,0.01638108,0.020936161,0.0042998274,0.0066609234,0.022173896,0.7212995,1.0,0.05315606,0.005526818
0.0033668347,0.0041757952,0.007512152,0.019132068,0.014060738,0.0070803883,0.012755756,0.090283886,1.0,0.9546924,0.052409727,0.0038567272
0.00269496,0.008271106,0.01283283,0.022576062,0.02357523,0.02602821,0.036287934,0.13332146,0.7897871,1.0,0.13804515,0.006571678
0.0018642789,0.0069415984,0.00887343,0.007316837,0.010474214,0.011355775,0.017960126,0.08694527,0.750663,1.0,0.12432108,0.005569217
0.002368007,0.0027704318,0.0023349836,0.002227434,0.0031369128,0.009359238,0.03589252,0.15706153,1.0,0.82384026,0.05963612,0.0028491493
0.010695388,0.02029707,0.045835983,0.10559801,0.23046826,0.47066194,0.58066124,0.74169546,1.0,0.95086116,0.12311948,0.008405897
0.05427087,0.11578617,0.2035752,0.28702262,0.40943864,0.5695577,0.35760292,0.12556498,0.58818424,1.0,0.14493656,0.03067242
0.07509916,0.08331258,0.07904433,0.05679148,0.036402587,0.036372416,0.045966506,0.08973644,0.8416776,1.0,0.1267271,0.062386807
0.048454344,0.050634835,0.048810273,0.044076797,0.039702713,0.036034297,0.045749187,0.10010528,1.0,0.7938423,0.07896514,0.045015287
0.22460712,0.25592607,0.2780363,0.2500454,0.23018621,0.22087441,0.26809254,0.31493014,0.9530421,1.0,0.30784953,0.23540306
0.6262238,0.7250239,0.86382985,0.7486594,0.6762129,0.7245978,0.81414616,0.74129814,0.76276636,1.0,0.7970861,0.63177145
0.4338873,0.5355701,0.7158968,0.8535964,1.0,0.9143037,0.66321826,0.5086116,0.5325522,0.717744,0.5612955,0.433606
0.014514262,0.0061188783,0.03301115,0.2547216,1.0,0.7859195,0.11478228,0.016887546,0.015059844,0.014132075,0.008148012,0.027616808
0.09765839,0.0040236404,0.0047727516,0.099299245,1.0,0.77779865,0.059095204,0.004591593,0.0029229277,0.0025231056,0.009724733,0.16786115
0.73764485,0.04724955,0.0023988292,0.043993197,0.78743774,1.0,0.09537674,0.0024676905,0.0030127922,0.0029683574,0.01682318,0.5484087
0.7274651,0.10899914,0.0023558596,0.0068430854,0.21049581,1.0,0.3269916,0.00932777,0.0018049822,0.0014125253,0.0040273666,0.23812537
0.263688,0.110854566,0.0021294034,0.0010778137,0.062115446,1.0,0.7702305,0.028012829,0.0010201522,0.0004977864,0.00056030514,0.03049659
0.07168409,0.068428785,0.0018011781,0.0005234096,0.043232907,0.99231285,1.0,0.03998394,0.000879767,0.0003245176,0.00026349002,0.0029239173
0.080546804,0.03818703,0.0010216582,0.0018583263,0.101129055,1.0,0.6217367,0.021700567,0.00048797022,0.00037638264,0.0004083384,0.00884617
0.37998265,0.03515475,0.0014134533,0.015901148,0.4008951,1.0,0.23669724,0.007062505,0.0009882391,0.0010160818,0.0053260075,0.18048635
0.9187513,0.04600856,0.0028504718,0.07011883,1.0,0.77796686,0.053671036,0.003501911,0.0020977845,0.0021037858,0.02255146,0.6989702
0.26737687,0.012117747,0.0020087347,0.07451304,1.0,0.72516435,0.03772912,0.0023224165,0.0017000783,0.0018210154,0.01583321,0.31315362
0.077677734,0.004656897,0.0024895272,0.07711687,1.0,0.94060624,0.0707046,0.0021602807,0.0016565808,0.002035495,0.0044716657,0.06013983
0.037753373,0.004514028,0.0113047045,0.23623246,1.0,0.60407245,0.058344573,0.0031796326,0.0026316405,0.0029546078,0.0025301138,0.018955488
0.023467673,0.010182933,0.076764345,0.84636223,1.0,0.23366153,0.039323833,0.008291482,0.005256684,0.0063342745,0.008486692,0.02179113
0.029635163,0.055238057,0.53379923,1.0,0.29611215,0.18927868,0.049709618,0.012972727,0.01033972,0.015406091,0.017379873,0.024588028
0.027128942,0.10283987,0.94625634,1.0,0.30265766,0.119868755,0.0268541,0.014368928,0.01493871,0.021282727,0.023210341,0.025409684
0.25532073,0.3054391,0.3907156,0.41137516,0.43101612,0.47627968,0.978199,1.0,0.554761,0.35285535,0.2737456,0.26473102
0.19272684,0.22530127,0.2350221,0.2089286,0.20570846,0.23609775,0.58869475,1.0,0.4979672,0.23151895,0.2004648,0.19776477
0.07550153,0.08814549,0.1077263,0.08798501,0.080689766,0.08776712,0.26790333,1.0,0.4260586,0.0879899,0.076609805,0.07709707
0.003141679,0.0033119891,0.039572246,0.030272854,0.0023541567,0.0023868831,0.06935741,1.0,0.694272,0.024906721,0.0024930611,0.0034598436
0.0024908183,0.0012607537,0.037310783,0.05232795,0.0026397,0.0013771083,0.03544793,0.86337584,1.0,0.05012309,0.00084727275,0.0028068167
0.0030537231,0.0011531177,0.044636175,0.07310258,0.0034250556,0.0013819761,0.020210845,0.66531676,1.0,0.05927503,0.00055732747,0.0030187196
0.0023205336,0.0033896326,0.08090899,0.07292906,0.0026546665,0.0018282557,0.06497331,1.0,0.8693829,0.03741435,0.00091406616,0.0033343912
0.00091909844,0.008923657,0.072784044,0.02421265,0.0009504426,0.0039963443,0.17970534,1.0,0.33234203,0.007982232,0.0008911533,0.0016031212
0.000802782,0.02229774,0.07240337,0.0073130275,0.0010410169,0.00782454,0.3729577,1.0,0.13569082,0.0030572456,0.0008109721,0.00092278357
0.00055485923,0.025009591,0.09261771,0.011855214,0.0008561369,0.0075417273,0.36610928,1.0,0.13446763,0.0026728597,0.00065281364,0.00063620595
0.0004089111,0.012595207,0.15345682,0.08354003,0.0024929733,0.0027789269,0.14749514,1.0,0.4457563,0.016121631,0.0007226123,0.0005024658
0.00069147116,0.004267341,0.15100718,0.30356178,0.025862178,0.0009931644,0.04411129,0.72849476,1.0,0.103471465,0.0016136422,0.00049676804
0.00078638806,0.0011906207,0.0621756,0.40790412,0.070268765,0.0009216663,0.009642386,0.20325291,1.0,0.25155404,0.0036954894,0.00035424967
0.0008626367,0.0021895857,0.082402,0.39014038,0.06333572,0.0010981577,0.007701778,0.23798652,1.0,0.2462366,0.004173079,0.00037538446
0.0019694266,0.062517636,0.5535935,0.5579448,0.037215713,0.0074129123,0.13377391,0.7665782,1.0,0.14249627,0.0032762995,0.00087360945
0.023234973,0.411493,0.76887274,0.20083325,0.008488153,0.11302953,0.9420791,1.0,0.23807131,0.030499298,0.0016792644,0.0013184436
0.042187855,0.3204668,0.0936918,0.0057165786,0.005696205,0.23981567,1.0,0.26513404,0.02922934,0.0051039057,0.000950587,0.00088579627
0.028212823,0.26833892,0.090076335,0.0029300367,0.0034803725,0.16954648,1.0,0.40760008,0.01802744,0.0020415252,0.0012540568,0.0007214086
0.008067005,0.18167177,0.24142379,0.02592096,0.0021036079,0.044420615,0.71084577,1.0,0.119234025,0.0044061225,0.0013480141,0.00079860294
0.0015000766,0.031684566,0.216728,0.13792057,0.009842616,0.0043523028,0.16355518,1.0,0.6493804,0.06002496,0.0016418614,0.0010970148
0.0017721843,0.0032726459,0.06354288,0.18050784,0.059593696,0.0025286595,0.019325694,0.3313942,1.0,0.3270009,0.008244982,0.001013498
0.0024199018,0.0014910329,0.013102282,0.16805457,0.10660406,0.0037633798,0.0049621933,0.095638625,1.0,0.5675984,0.015512449,0.00075605646
0.0027522258,0.010549641,0.070326336,0.16295123,0.05114563,0.005047634,0.035418358,0.42155468,1.0,0.28301522,0.008046328,0.0011846685
0.009105094,0.10344285,0.18691087,0.071817696,0.009347779,0.055047665,0.4884959,1.0,0.45358947,0.043446086,0.0027507446,0.002043172
0.028779317,0.13445169,0.05445356,0.0045699063,0.008701044,0.29294956,1.0,0.32671803,0.03869441,0.010181465,0.002025508,0.0010924949
0.026387526,0.091820076,0.019630693,0.0013827779,0.008787227,0.33799052,1.0,0.20344155,0.018048747,0.0040436024,0.0018536682,0.00088530284
0.010407204,0.07408415,0.093298376,0.02680299,0.0066111297,0.14259368,0.8884051,1.0,0.36088955,0.033790328,0.0037442702,0.002896895
0.0059364513,0.010015331,0.04260748,0.053208992,0.02634021,0.01163206,0.08303615,0.50958157,1.0,0.5604863,0.092694946,0.0075482395
0.0048706518,0.0033572055,0.0028525793,0.0137419505,0.032779343,0.024075728,0.004584552,0.04166627,0.3753268,1.0,0.63466233,0.05327284
0.003020968,0.0022459736,0.0023709447,0.0028759413,0.02025017,0.033463724,0.0058608884,0.028431183,0.16418916,0.9982962,1.0,0.09008974
0.0014959656,0.0019937432,0.003665667,0.003237016,0.010514499,0.029643534,0.09889226,0.30820706,0.69735706,1.0,0.35010168,0.025442101
0.006871961,0.0097614145,0.00875844,0.0066220677,0.06984378,0.46724266,0.9904544,1.0,0.8868966,0.49242026,0.09158155,0.0047994284
0.020610532,0.017320925,0.010504359,0.051362615,0.4288506,1.0,0.6969479,0.17958333,0.08812823,0.10439064,0.06772281,0.0100415675
0.021886667,0.018807754,0.13381922,0.7240658,1.0,0.3910554,0.08098449,0.08640209,0.16181092,0.36570066,0.20422661,0.02939809
0.019085912,0.06391348,0.5889428,1.0,0.23154873,0.056098513,0.100789465,0.18151297,0.08843646,0.114496276,0.052278526,0.02542081
0.018815521,0.05010505,0.17789511,0.20132619,0.108009614,0.19068033,0.63865405,1.0,0.5765605,0.09751637,0.025618767,0.024681045
0.0035191113,0.0067453454,0.021830928,0.010544607,0.0079719825,0.021892019,0.14820929,1.0,0.6222746,0.041383296,0.0061388933,0.0044586225
0.002872351,0.0030938068,0.0107335495,0.012736825,0.010268555,0.0068184463,0.05074392,0.68090415,1.0,0.37254652,0.02773643,0.004156163
0.0029228108,0.0026524265,0.003575759,0.010602367,0.026870018,0.006972743,0.010986367,0.1277608,0.588511,1.0,0.12258133,0.0069621676
0.0018328321,0.0021827186,0.0011620081,0.008367972,0.049450457,0.00876792,0.003265372,0.008253623,0.19040236,1.0,0.14463696,0.005164772
0.001729738,0.001936305,0.0010579487,0.007119531,0.03728091,0.0066553047,0.0022019956,0.009990005,0.29121378,1.0,0.11647016,0.0027894615
0.004279925,0.0032600947,0.0022931537,0.006827972,0.01546565,0.0047889687,0.009402087,0.14360718,1.0,0.90821713,0.062000036,0.0053405124
0.0071219592,0.010401779,0.0034133324,0.006168833,0.007142433,0.005565872,0.03023694,0.28593487,1.0,0.40681145,0.029004151,0.004970192
0.013940239,0.08113521,0.02648039,0.006870219,0.01355517,0.008848084,0.034783643,0.17003462,0.75097126,1.0,0.1359242,0.0067267045
0.008175624,0.06895101,0.031936936,0.0036147214,0.0076325582,0.008174826,0.04163728,0.23888473,1.0,0.9290668,0.17080608,0.010577458
0.006628538,0.009061616,0.008197714,0.0067837285,0.010797352,0.030992255,0.1342192,0.50298613,1.0,0.37190184,0.05397066,0.008140453
0.018574417,0.021687372,0.018767815,0.021118067,0.11162642,0.72345585,0.82458425,0.6987473,1.0,0.844258,0.10327092,0.019723592
0.03860171,0.02256068,0.0201407,0.025984386,0.14334135,0.87168175,1.0,0.6034757,0.5190079,0.36195028,0.10357045,0.06438025
0.03630847,0.020129934,0.01720231,0.0476793,0.43781096,1.0,0.41258946,0.16243544,0.12537885,0.08771418,0.03692509,0.03643878
0.08411236,0.012076381,0.009415993,0.04751165,0.46626058,1.0,0.30386272,0.07514489,0.0727876,0.029272476,0.010115973,0.07943791
0.75218683,0.040031634,0.012401976,0.039087974,0.7204658,1.0,0.18450835,0.08432585,0.24105315,0.09825877,0.017905908,0.4959109
1.0,0.090007626,0.00903049,0.014276741,0.30406857,0.78965735,0.07872483,0.009825951,0.06204048,0.051220287,0.0069135963,0.3040593
1.0,0.15716518,0.0068077845,0.011895923,0.15215617,0.788124,0.12273941,0.0038360863,0.010299212,0.020016758,0.0034116649,0.1566181
0.79820734,0.18498272,0.005512525,0.011629184,0.13952787,1.0,0.20731953,0.004794299,0.0052627437,0.015516306,0.003370261,0.08361891
0.33783433,0.07895467,0.005202454,0.01204617,0.16793416,1.0,0.17760415,0.0051741004,0.0049751345,0.017254505,0.0029181433,0.035565723
0.18568295,0.027960341,0.0051681288,0.02176088,0.40859294,1.0,0.11769396,0.0035808152,0.0055311294,0.013550627,0.0025223172,0.040334433
0.100327216,0.008091257,0.0072482177,0.11492256,1.0,0.79259795,0.052281033,0.0036300966,0.012104544,0.0092700515,0.003761201,0.06980943
0.018410344,0.002559006,0.014433751,0.37999722,1.0,0.20355472,0.0073255915,0.0060394416,0.014334471,0.0034218433,0.005579584,0.040029563
0.008358613,0.0025368833,0.017717123,0.5476657,1.0,0.12183521,0.004803406,0.017285747,0.021950217,0.0016355917,0.010425594,0.026236657
0.012589919,0.0032342712,0.009474113,0.3713706,1.0,0.189422,0.0071838372,0.015667612,0.023542672,0.002196306,0.011203384,0.033496458
0.014856362,0.003140501,0.005503697,0.24697639,1.0,0.27712765,0.008881773,0.006648052,0.020127216,0.0028628185,0.00686431,0.033873666
0.010841394,0.0068056937,0.019428937,0.4185466,1.0,0.16310567,0.007926921,0.0052634166,0.016521223,0.0027122304,0.008959961,0.035304092
0.009218366,0.036377907,0.14910838,0.9001541,1.0,0.17244275,0.01633811,0.0045085084,0.005278409,0.0030070725,0.011180345,0.027248165
0.09538484,0.32763833,0.79327077,1.0,0.37814814,0.14303418,0.018981857,0.009407196,0.010154902,0.013488731,0.022451695,0.037427038
0.5179338,0.97139263,1.0,0.37543562,0.21376114,0.08985702,0.031463124,0.029588852,0.035898916,0.068347335,0.17642756,0.33616528
0.5420923,0.5142791,0.39249223,0.4387686,0.55834776,0.32437944,0.21419406,0.18714614,0.29653004,0.5135922,0.8970212,1.0
0.5686187,0.40076748,0.45481995,0.6970656,1.0,0.51267475,0.34800547,0.441552,0.541649,0.5256401,0.57781184,0.6690378
0.46517786,0.3644073,0.65042025,1.0,0.3818489,0.2509786,0.21856377,0.58053696,0.7408671,0.4624346,0.24335845,0.31115955
0.38130388,0.7128727,1.0,0.8924779,0.3183849,0.098853216,0.11386154,0.26410374,0.33272633,0.19967557,0.08692799,0.11797531
0.06350402,0.29288173,1.0,0.6493134,0.23576605,0.06542659,0.081895225,0.04853645,0.04494823,0.036132816,0.019499771,0.01807707
0.021066695,0.117072485,1.0,0.60401535,0.117757306,0.043284032,0.08486421,0.027001325,0.012512841,0.01622242,0.007893361,0.0055217035
0.021759555,0.08396533,1.0,0.6445001,0.05784554,0.026459938,0.0742541,0.027208705,0.008998538,0.013272554,0.0077056373,0.0038415554
0.023088478,0.12217284,1.0,0.67826897,0.04812571,0.017774733,0.035121653,0.019583745,0.01007142,0.011624751,0.010362222,0.0048866137
0.00945644,0.1824914,1.0,0.46289676,0.03205816,0.009323551,0.012903624,0.007990461,0.0052394154,0.006334402,0.0052361647,0.0022496835
0.008280619,0.113108546,1.0,0.82582307,0.07176977,0.012403758,0.017377514,0.011961443,0.0071323644,0.012273455,0.0118279625,0.004547461
0.007770084,0.030441869,0.47943422,1.0,0.17680202,0.014779226,0.012931054,0.010093087,0.006410279,0.009154023,0.013699616,0.005997754
0.05390625,0.19507411,0.83262956,1.0,0.24550949,0.032168616,0.012386199,0.010122578,0.012953447,0.017563876,0.023390096,0.030767417
0.37438956,0.70457006,1.0,0.35951352,0.13105269,0.07024394,0.026298435,0.035415273,0.041091174,0.073897436,0.09460405,0.20993964
0.92780846,0.96765393,1.0,0.64934796,0.47162426,0.40729278,0.19680001,0.30931792,0.4513691,0.7100503,0.9558449,0.9383797
0.30110204,0.35762087,0.9640867,0.6438075,0.72351754,0.73435515,0.46063432,0.5804788,0.82933867,1.0,0.73438543,0.37539515
0.5497932,0.794418,1.0,0.8874839,0.63153726,0.5460734,0.44523245,0.2442612,0.14837056,0.18655734,0.23502462,0.38413772
0.7445704,1.0,0.9411976,0.6090181,0.32022682,0.27536184,0.4732008,0.48257318,0.35654536,0.21561538,0.19880535,0.463719
1.0,0.97925586,0.5895631,0.288776,0.17668895,0.15716149,0.23731369,0.6606791,0.8720517,0.4995894,0.25339803,0.37396285
0.10544123,0.6495527,1.0,0.13587615,0.019178402,0.020066988,0.020779522,0.05473019,0.28848287,0.5270766,0.06232687,0.020774864
0.010625119,0.28271738,1.0,0.31118315,0.015965803,0.0046524885,0.0072050113,0.0064184843,0.14045058,0.50930583,0.109092504,0.0053551733
0.0039951424,0.06683867,0.6294158,1.0,0.12609091,0.0032024828,0.005777729,0.007902283,0.03168236,0.25535476,0.28512985,0.030871166
0.00565311,0.0063424483,0.13882615,1.0,0.39917743,0.013188863,0.005294348,0.016899366,0.00968833,0.045269243,0.31585735,0.14435007
0.031978987,0.005239942,0.031826567,0.5518297,1.0,0.16667509,0.019580558,0.029824145,0.038954236,0.021982709,0.19837187,0.31681547
0.038727447,0.0029654214,0.0068581714,0.09205922,1.0,0.6629644,0.03676272,0.012377522,0.030779501,0.016738623,0.023425937,0.11472454
0.017779661,0.0045137727,0.0072786896,0.030628156,0.6789028,1.0,0.12949072,0.008201976,0.0116512645,0.025162503,0.014186325,0.023132093
0.014520562,0.019814791,0.015744535,0.022487076,0.2524839,1.0,0.5260321,0.046790387,0.008386936,0.048722155,0.0467979,0.009006284
0.017483661,0.035159204,0.024502106,0.028272744,0.17886318,0.90412813,1.0,0.180044,0.051074754,0.031431638,0.07028084,0.025770862
0.10160476,0.03632223,0.043279342,0.074945845,0.25359762,0.59578407,1.0,0.87434644,0.8440734,0.39416137,0.18408333,0.18440248
1.0,0.5608605,0.12466072,0.060731888,0.19889581,0.22993489,0.080731995,0.17252122,0.6056431,0.8540836,0.7025722,0.8892033
0.6976666,1.0,0.40586442,0.06236492,0.1148347,0.16775103,0.03196943,0.028181296,0.02735484,0.04293078,0.06773241,0.20853843
0.14195497,0.611783,1.0,0.14208347,0.06331737,0.07522644,0.023102455,0.022287743,0.026722621,0.026084067,0.031081673,0.0497542
0.03326305,0.3173519,1.0,0.14581302,0.025847029,0.019046742,0.0122946575,0.009619426,0.015307764,0.0136580765,0.015223724,0.021050176
0.07378362,0.7419311,1.0,0.095271766,0.019065054,0.009554573,0.009120963,0.0110076275,0.00939974,0.00930678,0.009742804,0.016485361
0.49684352,1.0,0.4440141,0.070428014,0.08312486,0.063985944,0.029611478,0.03945462,0.030464716,0.0382078,0.06680764,0.19063708
1.0,0.83046263,0.30988574,0.1610421,0.21810648,0.28094932,0.10947854,0.20601095,0.3876411,0.59462076,0.58725256,0.8490237
0.024212562,0.015736777,0.019577911,0.012200967,0.008619594,0.013205742,0.04408012,0.24544112,1.0,0.96644664,0.3414501,0.054753017
0.0042460035,0.0015364632,0.0018580846,0.002599573,0.0029482727,0.0015379114,0.0059847827,0.06650152,0.7214202,1.0,0.22247297,0.024873504
0.0019730267,0.0007778614,0.0009117412,0.0037911294,0.0064085037,0.0018646565,0.0017168215,0.027011234,0.61435705,1.0,0.11672066,0.00929539
0.0027299689,0.0012572698,0.0010137085,0.0036394424,0.011582302,0.0066620857,0.0019232192,0.007452577,0.24162187,1.0,0.31758755,0.009677021
0.0023466563,0.0030868691,0.0025962119,0.0036396317,0.011439656,0.0097736195,0.0017696767,0.002328845,0.048934527,1.0,0.9225768,0.032223616
0.0015803302,0.0034035828,0.004022355,0.0027463057,0.0067839865,0.008056905,0.0021815093,0.008899886,0.08591988,0.948871,1.0,0.041743036
0.0009639166,0.0011756804,0.0017004189,0.0012243065,0.0020517444,0.0029529545,0.007795172,0.13271305,0.64095294,1.0,0.35717088,0.013550525
0.0006318432,0.00047343285,0.0007688721,0.0019817231,0.00078507914,0.0012679385,0.012445233,0.35206467,1.0,0.39769796,0.058551736,0.0020955426
0.0010624236,0.0009238223,0.0009987095,0.0029057078,0.00250923,0.0037651344,0.020168738,0.36382145,1.0,0.24616893,0.026365593,0.001890329
0.0034058832,0.004279456,0.0037585173,0.00475847,0.040704336,0.040699508,0.025064882,0.18820442,1.0,0.7659534,0.15359357,0.012923458
0.006167526,0.0132540865,0.013855988,0.006289707,0.13938859,0.21194252,0.012710614,0.033249527,0.11906937,0.6184332,1.0,0.08033654
0.056395188,0.019263064,0.009808852,0.0107441535,0.07083185,0.102625206,0.01259525,0.034256883,0.124794945,0.5375761,1.0,0.18474062
0.157422,0.04057837,0.011967232,0.10825203,0.15523732,0.028690418,0.012925551,0.115044795,0.97016144,1.0,0.72730625,0.37561673
0.021063112,0.0069615636,0.0061223134,0.05210216,0.05321194,0.011640919,0.011396219,0.24575403,1.0,0.3001609,0.07512963,0.044967137
0.0015494839,0.0012457883,0.0027129431,0.008439401,0.0053927815,0.004347934,0.007644733,0.21305712,1.0,0.2904471,0.009450562,0.0014892305
0.0018111354,0.0010758863,0.0015182261,0.0030590824,0.011986293,0.00550081,0.003320317,0.05365948,0.7604634,1.0,0.1346321,0.0034676136
0.001887141,0.0011027,0.0010166229,0.0022861923,0.023267336,0.02319528,0.0029515028,0.005775789,0.16842243,1.0,0.5936241,0.024398603
0.0018044694,0.0015965223,0.001246374,0.0017115584,0.021506289,0.043184776,0.0053115236,0.0047611916,0.037869975,0.63938445,1.0,0.06281694
0.006291576,0.0050967424,0.0022700133,0.00899499,0.02765438,0.022512445,0.0072106714,0.027853215,0.32255918,1.0,0.5718051,0.030069217
0.015044627,0.0058630933,0.0025628791,0.017046502,0.018370543,0.006974432,0.022095226,0.20879787,1.0,0.6975137,0.09242771,0.0067951116
0.013660758,0.004634355,0.0027322473,0.01091393,0.012021707,0.018375378,0.084516406,0.46342605,1.0,0.45242903,0.12831011,0.00972619
0.13460387,0.05122064,0.02079666,0.0067519685,0.015217918,0.016627228,0.017793171,0.040767618,0.15386099,0.78195226,1.0,0.40037417
0.11890664,0.04684067,0.020393796,0.010821456,0.018283676,0.0124154,0.0076282127,0.015237086,0.17322499,1.0,0.75562024,0.29937893
0.022695173,0.013712368,0.02118087,0.03257227,0.023399549,0.010132566,0.014630673,0.060117908,0.3974476,1.0,0.2633802,0.04089678
0.07815764,0.12876461,0.20491564,0.18733291,0.1411239,0.1397163,0.24470185,0.4693499,0.9710499,1.0,0.28221962,0.096441075
0.6229871,0.45421192,0.16903812,0.13150655,0.88193804,1.0,0.370426,0.18777819,0.12561274,0.1334017,0.17691652,0.26828697
1.0,0.9720524,0.14067715,0.05598544,0.44383007,0.75174224,0.82159305,0.39380294,0.06748365,0.08327043,0.039053034,0.18933953
0.15731011,0.27819416,0.13770522,0.032094203,0.023697862,0.08272939,0.5486068,1.0,0.3430436,0.027890349,0.0150950365,0.029140307
0.0071423044,0.011714491,0.053118646,0.06115952,0.008624903,0.008796653,0.08019502,0.7113307,1.0,0.08704829,0.008131184,0.008511463
0.004097865,0.004681584,0.031208333,0.064309746,0.0096599925,0.004241572,0.0147584295,0.3743067,1.0,0.10549219,0.00787808,0.0041064867
0.011585489,0.077653125,0.23071422,0.09067475,0.017591856,0.020225199,0.2018027,1.0,0.8645093,0.075730994,0.031478673,0.033022605
0.010920908,0.12558275,0.2685588,0.0275918,0.012137959,0.02142109,0.37599418,1.0,0.14791746,0.012835039,0.032974236,0.038067378
0.0026454488,0.019761458,0.059117127,0.01016738,0.0047633913,0.016406646,0.30293855,1.0,0.1621753,0.0058911107,0.005187844,0.0067657493
0.0019975994,0.007718857,0.027041085,0.024787482,0.008552505,0.034494903,0.40119484,1.0,0.30793697,0.022913396,0.00293123,0.0030188404
0.0019420325,0.0044960696,0.03977527,0.09963954,0.017687803,0.023343487,0.22448196,1.0,0.86663437,0.116596594,0.008173807,0.0022805035
0.0013481274,0.0027727257,0.031268276,0.06787218,0.012925453,0.037026204,0.37588152,1.0,0.35400027,0.053226303,0.0047197146,0.0021407672
0.005719951,0.014319072,0.04615916,0.07092355,0.14364414,0.40648037,0.7761317,1.0,0.276859,0.01785865,0.008186965,0.010185201
0.16563985,0.3632382,0.5428863,0.5289189,0.5228615,0.59601784,0.6194077,1.0,0.4966029,0.09636257,0.06125894,0.09817799
0.65392923,0.64394224,0.49821737,0.21760385,0.14459386,0.14667816,0.43048605,1.0,0.84409356,0.22249998,0.18219404,0.43254155
0.1818932,0.16057508,0.22521977,0.09696848,0.10006962,0.13683426,0.2718056,0.8485262,1.0,0.23447293,0.25031582,0.33265957
0.06035987,0.08706823,0.109488346,0.07192795,0.07516406,0.113081224,0.27500546,1.0,0.7723702,0.15111679,0.10782144,0.099479616
0.45936608,0.30917856,0.17455569,0.268544,0.6249509,1.0,0.8675103,0.80225015,0.38826522,0.11100627,0.109205835,0.24680446
0.15165053,0.43506178,0.2743584,0.03137884,0.06718565,0.32059848,1.0,0.7883763,0.18959633,0.024491744,0.006193024,0.023952533
0.025776545,0.23272674,0.26550648,0.0149900755,0.007992248,0.06385416,0.77756506,1.0,0.11217889,0.012526854,0.0043783383,0.006016506
0.0034143578,0.03367466,0.05535157,0.0045981947,0.0024781022,0.009368959,0.3636578,1.0,0.10349819,0.005337804,0.0042229933,0.0042638485
0.003444113,0.004896266,0.010775208,0.004543976,0.0039936146,0.005940555,0.18806973,1.0,0.15372938,0.004457383,0.004583336,0.005147099
0.0034034052,0.0038265013,0.009461235,0.0068389936,0.0061334576,0.0068202685,0.17256819,1.0,0.16538179,0.0053705196,0.0044740387,0.004482978
0.0042350003,0.003959978,0.00775943,0.0055614086,0.0042363196,0.006791287,0.27524823,1.0,0.11931591,0.0070221103,0.005260249,0.006574195
0.0052297013,0.004480368,0.011319978,0.005726144,0.004686486,0.007934006,0.24688496,1.0,0.14947233,0.008515712,0.0067000864,0.0129483715
0.010510722,0.0075861327,0.016448654,0.0074871625,0.013890616,0.025850337,0.2709305,1.0,0.1735749,0.009775434,0.01556931,0.040720668
0.010453665,0.008658139,0.01972772,0.009978015,0.028845793,0.095945835,0.4451646,1.0,0.44509318,0.07532824,0.03437046,0.051542606
0.010168729,0.005877214,0.026760535,0.020058086,0.008581056,0.020578083,0.07285277,0.732778,1.0,0.15658866,0.021718385,0.033408735
0.020843495,0.0042976644,0.043400016,0.05225701,0.0037516817,0.012862514,0.039063737,0.87433594,1.0,0.054592647,0.00571118,0.03423766
0.0122984685,0.002993892,0.030605653,0.025508571,0.003096852,0.009936879,0.16677737,1.0,0.49936712,0.015848087,0.009394263,0.042865638
0.004040659,0.004758661,0.010901794,0.0047403793,0.0042952076,0.0272724,0.69612795,1.0,0.096613444,0.004813039,0.009861791,0.016958898
0.003965315,0.00790736,0.008071792,0.004900694,0.0070596617,0.051153645,1.0,0.73496056,0.023918409,0.0069355154,0.009231837,0.005965752
0.004883794,0.006758438,0.0063882587,0.005750425,0.009080976,0.12134907,1.0,0.4053019,0.02480133,0.0077125025,0.00802758,0.0054642977
0.006270904,0.009001915,0.01757849,0.019029206,0.021781946,0.20506825,1.0,0.59033453,0.2054256,0.020957608,0.007963317,0.0066611124
0.0039721066,0.0084602805,0.044709973,0.07129845,0.034050237,0.11552981,0.5845829,1.0,0.7629821,0.13883041,0.019089498,0.0053280722
0.0042673517,0.00504655,0.009080429,0.017104888,0.028532358,0.13681673,1.0,0.57900995,0.1254375,0.05429996,0.011212493,0.0036960589
0.01397628,0.013693601,0.015279334,0.06874298,0.12887242,0.18794316,1.0,0.8090936,0.0711795,0.01432398,0.012828886,0.014804751
0.016669458,0.02050404,0.07131164,0.63978225,1.0,0.30929103,0.12504354,0.099997275,0.01947174,0.0072428067,0.0473403,0.061767615
0.009109877,0.017378166,0.06351159,0.6951708,1.0,0.2564244,0.06485173,0.01542569,0.004230711,0.009336593,0.05700467,0.028363785
0.046096213,0.030450715,0.1628631,1.0,0.96964437,0.29692104,0.1204847,0.036984507,0.018433852,0.061301477,0.61115783,0.48597386
0.31437016,0.03864945,0.07830154,0.20381966,0.50566846,0.41612852,0.063456684,0.02776856,0.05031013,0.04372508,0.44522047,1.0
0.66286284,0.09814773,0.07165438,0.09579794,0.46384025,1.0,0.15351631,0.026874248,0.044124395,0.039846003,0.06961632,0.40916225
0.7084484,0.11167701,0.047427487,0.09041354,0.23826915,1.0,0.17811559,0.018290497,0.018760193,0.035367094,0.023273466,0.17252648
1.0,0.066913255,0.030983612,0.04030445,0.33705747,0.7170318,0.0853777,0.0167175,0.022142973,0.028672766,0.030634567,0.66606206
0.4891514,0.014669434,0.009897166,0.037464473,0.2611662,0.16095199,0.014812837,0.009597678,0.017044308,0.010368281,0.092711076,1.0
0.16592494,0.0057611126,0.010857659,0.14916675,0.38102406,0.08100916,0.010730214,0.014168505,0.01836335,0.0109538855,0.2614346,1.0
0.07751562,0.02273929,0.15480551,0.6694973,0.5907454,0.10073549,0.047586128,0.07044599,0.040315866,0.16839406,1.0,0.9132665
0.053984143,0.08464939,0.7687264,0.7696609,0.19465753,0.10681541,0.10277626,0.09143846,0.061033543,0.6169167,1.0,0.21167089
0.15268745,0.15407279,1.0,0.51115394,0.19932051,0.20353799,0.1390105,0.061345752,0.060990613,0.40677905,0.23735115,0.12703133
0.19521275,0.076994665,0.3044318,0.30171865,0.42516458,1.0,0.315073,0.059222363,0.04139661,0.10715145,0.12516141,0.21870321
0.21136329,0.10177832,0.21982974,0.25264585,0.39208168,1.0,0.36159152,0.109580114,0.10655318,0.15589304,0.2010715,0.35155508
0.898065,0.7368866,0.9203915,0.8304462,0.90305555,1.0,0.508151,0.51411825,0.64717907,0.58909136,0.5848722,0.89809096
1.0,0.8648405,0.716276,0.79187894,0.9310935,0.9840492,0.5297094,0.439979,0.7082302,0.76119184,0.88894737,0.78969306
0.5552569,0.50400877,0.7583867,0.7241146,0.9166634,0.5890034,0.3875514,0.48545003,0.5826201,1.0,0.9387553,0.64629894
0.46167773,0.4978743,0.79482985,0.84912175,0.9312257,0.6329983,0.4432776,0.5183081,0.66187805,1.0,0.60142344,0.5288167
0.6841792,0.7633347,0.78967285,0.94612235,1.0,0.87095416,0.6428986,0.5685703,0.747187,0.86843693,0.5666409,0.6131777
0.942873,0.9673166,0.923826,0.8691277,0.90383255,0.8756266,0.8076399,0.8483929,0.9158943,0.9210131,0.9667051,1.0
1.0,0.9566142,0.6155937,0.53689295,0.6025244,0.7096637,0.71750474,0.679284,0.59467924,0.63044935,0.76298845,0.8958894
