0.380373,0.91369194,1.0,0.27837613,0.04565791,0.031171203,0.048043866,0.07958966,0.18373363,0.230562,0.25118634,0.38296172
0.2222106,0.53869563,0.7006669,0.2400556,0.04146781,0.21978521,1.0,0.8416344,0.32156232,0.19804454,0.20553753,0.2182042
0.007570951,0.05201722,0.10617987,0.0557919,0.010982527,0.08121426,0.53828734,1.0,0.32777983,0.024363767,0.0051911934,0.004435342
0.0072862436,0.039496534,0.114264004,0.07461879,0.013390051,0.11679548,0.25339288,1.0,0.95259875,0.08472664,0.0019433302,0.0050762603
0.0046465048,0.02139034,0.05876737,0.10744196,0.017234877,0.064627066,0.07477266,0.29827803,1.0,0.17811917,0.0024451334,0.002248351
0.0029409637,0.026892925,0.21099414,0.52053094,0.046608575,0.008587533,0.021388939,0.22166295,1.0,0.2230158,0.003155307,0.0010017313
0.0031771655,0.037791494,0.59800804,0.9342763,0.046343897,0.0043166173,0.023596538,0.5046624,1.0,0.13644625,0.0020390518,0.0007002537
0.018533273,0.09585677,0.6321626,0.3914736,0.011892917,0.0046083108,0.15055467,1.0,0.54401344,0.03676356,0.0012798791,0.0012946405
0.0444926,0.33445835,0.6642675,0.052307725,0.0028586527,0.012440583,0.45891887,1.0,0.11822578,0.004365355,0.0013314333,0.0034627786
0.059575718,0.80148655,0.81229967,0.02478367,0.005037687,0.04185965,1.0,0.9802071,0.042552635,0.003263924,0.0022924712,0.0066125845
0.051292036,0.8947265,0.5571894,0.011645734,0.0047505796,0.058596905,1.0,0.6529637,0.019051518,0.0018958085,0.001440532,0.006253287
0.043745488,0.7540073,0.45868203,0.0114401225,0.005315275,0.088204116,1.0,0.5741953,0.01578176,0.0012510014,0.0013860886,0.006378004
0.13837378,0.49283436,0.37383077,0.034821317,0.08487573,0.33760637,1.0,0.57888645,0.035253935,0.0062621557,0.0040785833,0.03274239
0.83522666,0.4293255,0.27431047,0.14590997,0.94594455,1.0,0.46457723,0.43576223,0.09092724,0.024429167,0.011049994,0.21424696
0.113786414,0.058223482,0.15640253,0.5753019,1.0,0.3820094,0.12431394,0.17094603,0.036554396,0.008659513,0.0049342024,0.03935312
0.093577884,0.4089177,0.93649775,1.0,0.3424617,0.124447115,0.41085038,0.3660899,0.04111905,0.013961804,0.011880516,0.018467424
0.59076536,1.0,0.90824443,0.5553041,0.4526483,0.32328415,0.735027,0.58373266,0.15379107,0.099279836,0.10395373,0.25785485
0.5382258,0.9879702,0.90592575,0.7810081,1.0,0.5464176,0.40345022,0.3440618,0.16125332,0.102403305,0.105553426,0.2276433
0.069497034,0.14061657,0.25521737,0.20793915,0.7811942,1.0,0.25429633,0.04655387,0.024574455,0.013790136,0.013528031,0.028050784
0.015386082,0.013174414,0.076159544,0.06239516,0.6185985,1.0,0.14442147,0.003836517,0.0016373729,0.0012569949,0.0010229779,0.008235841
0.019411476,0.0059861685,0.020097602,0.04110847,0.7457285,1.0,0.07989863,0.0026001544,0.0018519505,0.0013181575,0.0011166134,0.0121486075
0.014842277,0.0076841307,0.0136323385,0.026834887,0.60032004,1.0,0.10930879,0.0024242806,0.001767671,0.0016452569,0.00071322586,0.007358666
0.013067525,0.032752838,0.03139398,0.026551269,0.4040834,1.0,0.15714921,0.0025055653,0.0018172772,0.0040331804,0.0006165803,0.003331914
0.036092684,0.107005626,0.08320495,0.047761746,0.33686775,1.0,0.18497227,0.0031282,0.0015218407,0.004185239,0.00060910714,0.005243679
0.10322728,0.23306994,0.17672342,0.076507814,0.2658129,1.0,0.24817483,0.0044895103,0.0007186215,0.0017531563,0.0003701239,0.012072627
0.18328859,0.39576614,0.29915583,0.13642225,0.24213436,1.0,0.26968014,0.00525738,0.00068754394,0.0010245782,0.00041648283,0.024848558
0.21551469,0.40518296,0.37868935,0.21623005,0.36481872,1.0,0.17220704,0.003860879,0.0010320125,0.0009603215,0.00076082867,0.0506474
0.26859525,0.3387029,0.3774412,0.2307846,0.42233428,1.0,0.112665296,0.0031798023,0.0016210364,0.0021504455,0.0012569228,0.07298917
0.55034155,0.51140445,0.43965748,0.16125992,0.23776866,1.0,0.23381618,0.0069413604,0.0017865215,0.004356185,0.0012165311,0.07120247
0.7860059,0.6764236,0.6416232,0.12558652,0.23143534,1.0,0.4963415,0.03925473,0.005516122,0.0070996596,0.002002179,0.0589331
0.9067993,0.7723777,0.9072048,0.42053875,0.486196,1.0,0.83977467,0.17384729,0.028629504,0.015442865,0.006602339,0.065005176
0.44966745,0.6397258,1.0,0.67915034,0.3271544,0.58557403,0.2606737,0.12709123,0.0737451,0.06366393,0.08738653,0.19516277
0.7374761,0.6856028,0.5977752,0.39939934,0.6048157,1.0,0.47289073,0.49393228,0.3502565,0.30002955,0.32106298,0.417302
0.26624563,0.30023357,0.2399989,0.1756826,0.44393185,1.0,0.42760694,0.28782815,0.19640715,0.16668472,0.15381822,0.15494342
0.47056064,0.48686677,0.48296145,0.50728947,0.6042521,1.0,0.60034,0.5277746,0.5427504,0.5397159,0.5132887,0.46371588
0.4478558,0.28744626,0.2728316,0.24568407,0.20464279,0.2928192,0.18344995,0.16842082,0.24571896,0.5494809,1.0,0.91768676
0.757816,0.79356885,0.7886334,0.49884495,0.40629724,0.26936856,0.2604346,0.26763195,0.47975954,0.6659946,0.8753186,1.0
0.22521633,0.6824482,1.0,0.3386014,0.18121572,0.13921764,0.16262148,0.12183582,0.22501545,0.18143031,0.13420215,0.15960374
0.24981585,0.82073516,1.0,0.31243566,0.1639423,0.18166849,0.27476996,0.35035133,0.46096018,0.24602547,0.16390571,0.12935074
0.44605958,1.0,0.9506008,0.37866092,0.23340596,0.35655248,0.6778484,0.91669625,0.89290273,0.55301994,0.46458963,0.3476051
0.27242228,0.34015203,0.66260076,1.0,0.6044009,0.18929785,0.40467352,0.74537617,0.21772861,0.17942888,0.6474379,0.7123432
0.7646181,0.1048128,0.17700931,0.4776135,0.72056687,0.4502258,0.13690996,0.20513617,0.03707256,0.028704328,0.36913842,1.0
1.0,0.16374771,0.02575763,0.018406384,0.26321226,0.6860858,0.11618191,0.0069778836,0.0052314876,0.008022877,0.022174899,0.28844902
1.0,0.24349605,0.038681094,0.0061423625,0.11842981,0.68483174,0.17489533,0.0038737163,0.0026725985,0.007874807,0.0032928388,0.11519203
1.0,0.287099,0.05804691,0.005365199,0.11582452,0.73477197,0.2050048,0.004640804,0.0018656842,0.0061172238,0.0022415954,0.09943289
1.0,0.25045514,0.058709215,0.005252728,0.15851049,0.7984243,0.18041252,0.0035360917,0.0012622965,0.0030448758,0.0041794893,0.1416711
1.0,0.18235298,0.03827737,0.0051346836,0.22537439,0.73278266,0.10055617,0.0014797279,0.0007371284,0.0013955228,0.006488917,0.23839255
1.0,0.16673888,0.029706113,0.0053843623,0.26517367,0.6431039,0.061117567,0.00080324773,0.00037889855,0.00065042265,0.0058660517,0.32414603
1.0,0.17086169,0.027493589,0.0074372846,0.33641738,0.64377457,0.045258585,0.00066015864,0.0002934505,0.00039080784,0.005556791,0.40409967
1.0,0.16308214,0.025405867,0.0069750044,0.3497896,0.71435755,0.05310019,0.0006254625,0.00025576257,0.00035267384,0.0042684027,0.3802324
1.0,0.14202604,0.018879497,0.004495625,0.27131557,0.76097256,0.08265568,0.0010467247,0.00039978002,0.0006067418,0.0021457912,0.27160355
1.0,0.13598518,0.011695511,0.0037222153,0.23094028,0.80478716,0.112555474,0.001663564,0.0004177092,0.00073146867,0.0014433083,0.20124224
1.0,0.14164309,0.0076147015,0.00678205,0.280567,0.94486815,0.16538715,0.004668312,0.0005870261,0.0007371789,0.0020813937,0.19059254
0.81879044,0.13016252,0.009602968,0.0348447,0.48508328,1.0,0.21355888,0.02667132,0.0019678597,0.001921951,0.003689149,0.18612863
0.17058006,0.05635939,0.010843642,0.030821426,0.2850704,1.0,0.42153257,0.033298478,0.0019381747,0.004133509,0.0019673777,0.026612643
0.086864136,0.03658865,0.0057201553,0.0018774926,0.101594105,1.0,0.54539657,0.014333771,0.0008136733,0.005255336,0.0015573543,0.0069308453
0.04967912,0.023739105,0.009664524,0.0018835162,0.11665778,1.0,0.47944483,0.011370716,0.00081478554,0.005144883,0.001309249,0.0045596077
0.045781955,0.02731493,0.017137539,0.002811041,0.14976396,1.0,0.38206622,0.007628194,0.00079264835,0.004310241,0.0009485903,0.0040985374
0.04635725,0.035112362,0.024888907,0.0035402582,0.1718332,1.0,0.3203475,0.005303242,0.00093491154,0.0041480456,0.0008369189,0.0048772413
0.038427837,0.035210263,0.028151117,0.0037721274,0.15904278,1.0,0.3394057,0.0058666477,0.0010156285,0.0047510853,0.0010021942,0.0039205733
0.028607994,0.03230532,0.027661692,0.003848034,0.17387453,1.0,0.31779084,0.0051525114,0.00085457176,0.0042117327,0.00078999763,0.002789897
0.028232157,0.031271324,0.026929608,0.004017055,0.17160054,1.0,0.32998446,0.005834255,0.00091286056,0.0037827094,0.00085975626,0.0029758776
0.028817909,0.029324783,0.029028114,0.005347631,0.13690716,1.0,0.4127484,0.010097478,0.0012563262,0.004273377,0.0010299848,0.0025380165
0.027792992,0.03420329,0.036168907,0.008937143,0.115431935,1.0,0.4427009,0.011727534,0.0013441521,0.0035252587,0.00082060375,0.0024328898
0.013615059,0.014527355,0.010870426,0.012513795,0.32030383,1.0,0.23957168,0.0057787877,0.0007202799,0.0011543105,0.0003147508,0.0025904407
0.008896419,0.0039406586,0.0018011044,0.015213557,0.5048359,1.0,0.12995218,0.0034575022,0.00050899514,0.00042352238,0.0002211338,0.0031722893
0.0072689913,0.0011812793,0.0006473406,0.014133738,0.5204837,1.0,0.11645514,0.002357454,0.000560402,0.00040345997,0.00023448814,0.0028440827
0.006777948,0.0014239188,0.00045465212,0.00936784,0.3896227,1.0,0.17116983,0.0035184794,0.00029436397,0.00029716283,0.00014132433,0.0017295554
0.009237065,0.0061046854,0.0013911391,0.0042673806,0.17419626,1.0,0.501015,0.020124521,0.00040165297,0.00041611757,0.00021467365,0.00076682144
0.00547589,0.007341049,0.0018031792,0.0010583093,0.040927455,0.7888924,1.0,0.073688716,0.00074955856,0.0005145043,0.00046755336,0.00028227654
0.0019133253,0.004309908,0.0010461214,0.00066958537,0.020952605,0.6272884,1.0,0.088435195,0.00058576005,0.00029756088,0.00033843616,0.00010630347
0.0021576944,0.0039717807,0.0028477672,0.0020846569,0.0483903,0.7844965,1.0,0.07347385,0.00049348606,0.00024480012,0.00023346637,0.00012198076
0.0024586313,0.003781639,0.008063116,0.03907966,0.2509516,1.0,0.7351578,0.051590815,0.0012344857,0.0008593295,0.0006508991,0.00054157036
0.011572513,0.023368148,0.11983111,0.55440587,0.8589737,1.0,0.5730937,0.09334981,0.03591582,0.040693305,0.027164927,0.01365751
0.04901667,0.033655856,0.058959216,0.06755411,0.20420437,1.0,0.6592082,0.057872076,0.018734079,0.04176969,0.014293435,0.015432418
0.17612886,0.031001007,0.017127533,0.007217939,0.1872498,1.0,0.43910256,0.027639655,0.0060372264,0.015137082,0.003141841,0.054978907
0.73640066,0.099387765,0.018919127,0.009952976,0.35643217,1.0,0.17861313,0.014973368,0.010789859,0.013199835,0.0051421793,0.3039836
1.0,0.19099192,0.037321456,0.0067407098,0.19107036,0.41316578,0.03514498,0.0016011607,0.005608307,0.006922105,0.004925658,0.36641467
1.0,0.30505416,0.05332011,0.005419831,0.07175083,0.34576523,0.091622025,0.0020816363,0.0019526064,0.004343816,0.0025442038,0.18852742
1.0,0.5100037,0.048984468,0.012919245,0.06432726,0.5978822,0.2815803,0.006416722,0.0013209581,0.007654617,0.0029761796,0.06872531
0.6846654,0.37184197,0.07146248,0.1768767,0.56157064,1.0,0.27832142,0.008659718,0.009748096,0.03125196,0.008274795,0.054932196
0.16848396,0.16856228,0.24515735,0.47830492,1.0,0.6564358,0.08911492,0.008340282,0.01909838,0.029486084,0.008989879,0.052434888
1.0,0.9813696,0.3574014,0.16731384,0.10835804,0.054906536,0.02971232,0.0097269025,0.007081411,0.008908508,0.035775498,0.28763825
1.0,0.32897282,0.02271919,0.010339895,0.015302362,0.014411202,0.005297932,0.0026217168,0.0021616085,0.0032009806,0.02355378,0.35626477
1.0,0.9695368,0.19665478,0.018476816,0.010433126,0.012797177,0.005532879,0.0028613422,0.0029449435,0.0028330376,0.018359024,0.24012244
0.33134544,1.0,0.47843942,0.04600665,0.008807585,0.010693265,0.0056372066,0.0020067256,0.0021552956,0.002272647,0.009000127,0.033039078
0.31250596,1.0,0.8447497,0.22969465,0.061673015,0.062210966,0.03211872,0.019359207,0.020777032,0.025942696,0.07262041,0.16213593
1.0,0.78812593,0.28229442,0.27823234,0.20930673,0.28341082,0.17417209,0.17924327,0.18678705,0.18774559,0.39531776,0.8127519
1.0,0.9040444,0.47875527,0.42801952,0.44265676,0.4913338,0.4292795,0.420937,0.37802097,0.33740157,0.31754968,0.37038848
0.965699,1.0,0.8182321,0.69502527,0.72158873,0.72210366,0.6927689,0.7360091,0.7146649,0.68099797,0.631262,0.68678546
0.92202646,1.0,0.83858764,0.6326802,0.6603435,0.7021894,0.7063328,0.6573946,0.6610209,0.66876656,0.7049068,0.77612627
0.61222154,1.0,0.7487002,0.2723214,0.2890149,0.58513,0.69622576,0.3303198,0.24562536,0.27002877,0.31296092,0.4333297
0.42915785,1.0,0.9299314,0.36235574,0.39317185,0.7945557,0.72931033,0.49081454,0.34894246,0.55529606,0.24908474,0.31531385
0.29182386,0.76743096,0.75126153,0.325573,0.5380877,1.0,0.6762794,0.4833257,0.43012935,0.4283221,0.2978229,0.2590581
0.22749247,0.27733827,0.33887973,0.13743547,0.1450473,0.7119243,1.0,0.2302369,0.16090135,0.21001388,0.81235075,0.9121786
0.30470252,0.06271535,0.09916606,0.22956458,0.136724,0.3007787,1.0,0.3538792,0.041848294,0.0481204,0.39242426,0.92035323
0.6829227,0.19177376,0.038537264,0.37397736,0.5196905,0.09025468,0.44252816,1.0,0.28916168,0.035235837,0.12018612,0.49956772
0.57150847,0.48947397,0.053869803,0.08167572,0.29030287,0.09460709,0.05613693,0.8497013,1.0,0.09376796,0.11636511,0.2490972
0.33963126,0.4831826,0.11478162,0.0065541975,0.030722214,0.06458304,0.010406969,0.21521923,1.0,0.19669516,0.08508195,0.21566194
0.38868773,0.5502686,0.16570401,0.006156592,0.012772356,0.06716725,0.010111521,0.10418838,1.0,0.2613864,0.0775654,0.25764188
0.47964075,0.6226087,0.1251441,0.006747524,0.04631666,0.087183036,0.012537699,0.2898232,1.0,0.1572975,0.075860515,0.22320381
0.8966529,0.5415656,0.044184234,0.03834663,0.19270428,0.0715806,0.08718578,1.0,0.81341624,0.056940936,0.071715735,0.28454152
1.0,0.14867388,0.012782253,0.18268695,0.28450102,0.026199225,0.32627597,0.9912621,0.19217458,0.01971017,0.06420581,0.5133249
1.0,0.059158195,0.015004437,0.30168298,0.23204485,0.015518768,0.53472316,0.7647438,0.040196855,0.017829439,0.06804041,0.76435524
1.0,0.12873305,0.013101691,0.16793777,0.14479423,0.010891486,0.3402379,0.88380593,0.12936208,0.011676187,0.044364218,0.52298295
0.8762237,0.5067102,0.054516714,0.028052803,0.062315274,0.013201601,0.09546459,1.0,0.7611055,0.062069543,0.022744952,0.23471227
0.46484882,0.68329805,0.16795456,0.010338358,0.010030007,0.010599885,0.013156544,0.3300123,1.0,0.18843895,0.012093828,0.10804877
0.57785606,1.0,0.2455464,0.040675584,0.012693392,0.0096302675,0.0048636384,0.08473678,0.54724395,0.15800524,0.014882449,0.088389434
0.7772121,1.0,0.20030853,0.020996505,0.009920801,0.0052141757,0.001748735,0.016120574,0.028067013,0.007724843,0.015054183,0.08931902
1.0,0.49172217,0.06276648,0.0069903573,0.013556934,0.00319504,0.0060516275,0.026791487,0.008931031,0.005686622,0.026352016,0.27446315
1.0,0.12320789,0.009864751,0.007980311,0.010168403,0.0022271443,0.024289919,0.03820324,0.0049119047,0.009718819,0.06960887,0.79083717
1.0,0.16785912,0.0058046714,0.0038190754,0.002974625,0.0014370646,0.018720405,0.02877093,0.002828991,0.0049309568,0.06545639,0.72461224
1.0,0.42416465,0.03310926,0.002522721,0.0019802756,0.00090208935,0.00582954,0.028130159,0.012506912,0.0029334873,0.03063966,0.33234268
0.5658564,1.0,0.19678508,0.0075872145,0.0012712552,0.0010252993,0.0012955877,0.016413,0.026763862,0.0033798942,0.008272036,0.06288459
0.24789022,1.0,0.37668186,0.013981853,0.001192816,0.0008645909,0.0004615254,0.0027161252,0.01355738,0.003126155,0.001972479,0.010160717
0.22124201,1.0,0.42542502,0.01632497,0.0013996178,0.00072627596,0.0005202944,0.0012354898,0.0088824835,0.002851484,0.0009693184,0.0063659833
0.31127244,1.0,0.33296022,0.012534994,0.0012331047,0.0008021499,0.0007615119,0.004002792,0.011346749,0.002254045,0.002366145,0.016096164
0.9059462,1.0,0.2043119,0.010264113,0.0015734105,0.0010862608,0.0053972485,0.030291095,0.021595927,0.0035269547,0.013572763,0.15004513
1.0,0.19473471,0.028396852,0.0054252264,0.003922869,0.0037422653,0.02796384,0.05473788,0.009710958,0.004548409,0.051464535,0.59661263
1.0,0.20703325,0.041270237,0.009226576,0.00533816,0.0045752875,0.027395137,0.053040113,0.008820069,0.004365421,0.047448356,0.60165274
1.0,0.8480511,0.19484037,0.020099333,0.004276738,0.0022784898,0.008889668,0.037843946,0.013201695,0.0033527864,0.016221866,0.23708688
0.23360269,1.0,0.7175454,0.09900852,0.006483367,0.0015008315,0.0016871623,0.005935526,0.007923047,0.003866034,0.0025931543,0.023115547
0.08696422,0.8101898,1.0,0.21519764,0.015100523,0.0016989678,0.0015610465,0.002276531,0.0035636716,0.0045828023,0.0021136065,0.0040901075
0.31800097,1.0,0.9089751,0.23896319,0.024783028,0.0064121,0.0076050633,0.010790955,0.02131295,0.052476868,0.04237458,0.07594285
0.38579634,1.0,0.7839466,0.14528626,0.019461188,0.013663502,0.02153143,0.04671502,0.096526004,0.462941,0.482803,0.21337463
0.38219917,0.87565637,1.0,0.17987509,0.030688854,0.018966252,0.03567577,0.067910716,0.14465402,0.5134687,0.5362117,0.24015655
0.33465958,1.0,0.84628284,0.11469892,0.026241982,0.016038818,0.047687117,0.067552134,0.1145586,0.24746437,0.24063751,0.2556708
0.31368724,1.0,0.86364424,0.1581512,0.036038406,0.018072067,0.037394635,0.06835659,0.14569157,0.25807515,0.20172496,0.2631756
0.32803878,1.0,0.7606053,0.16661364,0.056763373,0.025312368,0.021552427,0.06437871,0.201303,0.26860482,0.16933374,0.31961715
0.3097475,0.986584,0.817672,0.65108114,1.0,0.39806515,0.055213165,0.100481585,0.3244571,0.28139618,0.12461349,0.25884932
0.028272849,0.0713561,0.12869804,0.19588101,1.0,0.5921117,0.05865482,0.019015558,0.020624297,0.012239273,0.005185358,0.010602976
0.03826086,0.054563627,0.117567934,0.13229452,0.84446573,1.0,0.13084042,0.034084585,0.045776144,0.046139985,0.018027449,0.023141092
0.10027006,0.06820874,0.12683822,0.14057356,0.34557846,1.0,0.24499018,0.028138665,0.023339894,0.04666393,0.04460933,0.10383949
0.06329427,0.10448571,0.24078645,0.36733395,0.1877023,1.0,0.44270465,0.03177079,0.017240074,0.028094115,0.043710385,0.07013333
0.034701604,0.18410946,0.42193773,0.6500244,0.1760671,1.0,0.51277536,0.034697853,0.015547236,0.015447761,0.018671399,0.015984422
0.04570751,0.28617308,0.6599544,0.6393093,0.32249808,1.0,0.30365646,0.028982468,0.0062422953,0.0071155825,0.0054395045,0.016225714
0.06191231,0.297386,1.0,0.3532546,0.6452647,0.76701796,0.08545315,0.01855828,0.0032176394,0.0028600113,0.004348275,0.033658274
0.09780714,0.27790993,0.8658216,0.23047324,0.8127449,1.0,0.10303828,0.009902727,0.0039537977,0.00614275,0.004690105,0.048512224
0.07416615,0.21176095,0.33721906,0.13081916,0.2551223,1.0,0.46892768,0.028517462,0.0043174275,0.0190405,0.006081582,0.02013771
0.024835525,0.10005727,0.18552157,0.059288472,0.08321504,0.9037616,1.0,0.10200047,0.0038560382,0.012319019,0.0048055127,0.0025184467
0.024587924,0.07613633,0.12784556,0.10037406,0.18962035,0.81670684,1.0,0.17146836,0.00983645,0.0045185275,0.004284016,0.008823767
0.39834082,0.7739223,1.0,0.6932285,0.37038267,0.6749594,0.86885434,0.14476636,0.049426485,0.055620324,0.11380795,0.25825015
0.33856362,0.39861333,0.39276156,0.27363208,0.28568277,0.84772855,1.0,0.25659102,0.1939624,0.20459552,0.28600478,0.4198553
0.32963505,0.7268023,0.8468025,0.5715083,0.93549633,1.0,0.67020607,0.33081344,0.2702212,0.26185298,0.23046972,0.25017247
0.32094008,0.71469134,1.0,0.9218566,0.76838213,0.86423916,0.48516214,0.2792106,0.1926137,0.15869267,0.16418855,0.21284531
0.3525796,0.7843871,1.0,0.666808,0.2882328,0.3308166,0.19516647,0.20214874,0.13153042,0.095043786,0.11138381,0.17981458
0.34428853,1.0,0.9601647,0.31389487,0.1086528,0.11568258,0.057053406,0.0701699,0.06452866,0.08108685,0.10632501,0.15108639
0.4242554,1.0,0.7135754,0.22994772,0.09126915,0.10359877,0.08038604,0.12892348,0.1587904,0.15551102,0.15551415,0.23004554
1.0,0.5291626,0.27162558,0.14910552,0.16848339,0.12787701,0.08092463,0.089139506,0.09247662,0.07112921,0.25815123,0.8690236
1.0,0.70989525,0.18516214,0.046091065,0.06349353,0.085154645,0.1577582,0.29334992,0.10804385,0.012370097,0.077306084,0.46581697
0.52948856,0.5967365,0.24557316,0.07758,0.016573612,0.0342713,0.17181388,1.0,0.9351489,0.05875207,0.020343183,0.15279005
0.019228399,0.07775702,0.10350224,0.08035873,0.0056306017,0.006106465,0.03175949,0.5754763,1.0,0.07100294,0.0033346363,0.0054508084
0.013886986,0.09011848,0.29998285,0.10564481,0.00462433,0.009450131,0.21512453,1.0,0.5308551,0.026097685,0.002810292,0.002663551
0.015931165,0.18735157,0.33538982,0.056203622,0.003003366,0.045252264,0.7661303,1.0,0.13726538,0.0054230182,0.0012998454,0.0018044154
0.015598895,0.15720485,0.07064932,0.0043538045,0.0021153816,0.15792146,1.0,0.2766335,0.008454397,0.00068228075,0.0013455367,0.0011484522
0.010834351,0.0662775,0.01475289,0.0028255233,0.0032460906,0.25116977,1.0,0.13265751,0.0030573895,0.0011349478,0.0029149302,0.00061036134
0.0036986386,0.024586685,0.009261789,0.0034849627,0.004624679,0.22017413,1.0,0.19716845,0.0041658287,0.0018099515,0.008255179,0.001635815
0.0018746174,0.0153767755,0.0085582,0.003796138,0.011660256,0.2100843,1.0,0.33803046,0.01713283,0.008147837,0.034732968,0.0076091024
0.001447119,0.0063818335,0.0049745934,0.004469257,0.023134451,0.46451154,1.0,0.17691413,0.028590258,0.019180752,0.04833993,0.00750326
0.0013842976,0.0028182184,0.0016818497,0.002069557,0.053188257,0.7051025,1.0,0.118289925,0.005840408,0.0036314814,0.0033934072,0.00073165004
0.0027918832,0.002521985,0.0055341017,0.020209637,0.1323819,1.0,0.5593481,0.0641689,0.01776254,0.017360762,0.0031712337,0.0019673682
0.004792448,0.0029651343,0.010396777,0.04323473,0.44421673,1.0,0.34146163,0.040359247,0.031564213,0.017356375,0.0022258498,0.0045853998
0.0069435844,0.008283449,0.021505393,0.04888027,0.8618674,1.0,0.097007886,0.009965942,0.022817861,0.008874796,0.0008496045,0.0061131814
0.006505071,0.012451842,0.017046923,0.02580197,0.5736255,1.0,0.12358326,0.003636512,0.0056704106,0.0047496404,0.00032664256,0.0027582375
0.0049086236,0.0076561808,0.0071978034,0.008046407,0.2238518,1.0,0.3336712,0.010222059,0.0010355654,0.0022651074,0.00038596528,0.0007153713
0.004751933,0.00419985,0.002916483,0.0034771299,0.09586007,1.0,0.6437978,0.02263149,0.00040013067,0.0013645581,0.0004899418,0.00034035373
0.0073637962,0.005152965,0.0016181082,0.002877811,0.06639826,1.0,0.80790174,0.03221711,0.00034587726,0.0010024639,0.00044089925,0.00038406978
0.013293348,0.005090062,0.0015922427,0.0037533836,0.12669428,1.0,0.55196947,0.019280192,0.00041277218,0.0010061865,0.0003750685,0.001396168
0.021953853,0.003420452,0.001567144,0.006248443,0.26833892,1.0,0.23815264,0.0067422125,0.00066367805,0.0013825528,0.00047532935,0.004710746
0.0189427,0.0043486007,0.00151031,0.0071815434,0.2371812,1.0,0.34333906,0.017465401,0.0011272508,0.0024139786,0.0014502534,0.0042468854
0.009563964,0.009483064,0.0024239214,0.011406687,0.09026029,0.9399344,1.0,0.10373747,0.0029708752,0.0068852403,0.0121171605,0.002428501
0.0052411957,0.012124238,0.025808701,0.062030025,0.11917427,0.71480906,1.0,0.18871571,0.012650943,0.019678174,0.02829289,0.0039445027
0.055294607,0.28146642,0.6985395,0.4811825,0.3790559,0.98625475,1.0,0.40250534,0.078894824,0.06796664,0.05417413,0.024236828
0.645519,1.0,0.4233625,0.044581793,0.02951886,0.0408038,0.013625459,0.0070752962,0.002384328,0.0027127059,0.023050241,0.17989014
1.0,0.39875922,0.07854262,0.004878842,0.004611831,0.018724192,0.01302442,0.0028840115,0.001183863,0.0026370955,0.06878645,0.5716253
1.0,0.1650036,0.01830638,0.0019491526,0.002032956,0.007879646,0.007732484,0.0032226213,0.001338867,0.0026285131,0.06968751,0.71009135
1.0,0.514791,0.06194506,0.007398767,0.00228706,0.0071204817,0.004545278,0.0016297917,0.0010476763,0.0018972561,0.025383757,0.30265522
1.0,0.8158828,0.27845994,0.040815156,0.010806955,0.022113422,0.015277956,0.0046716165,0.005107242,0.013442941,0.056593716,0.41297945
0.7404762,0.54581034,0.3789192,0.074310094,0.03654343,0.039366838,0.028348502,0.018353242,0.03971215,0.12378974,0.39809906,1.0
0.29542178,0.40504205,0.46238226,0.15482765,0.118587874,0.38518932,0.5657426,0.59960055,1.0,0.86032087,0.32259727,0.36016804
0.55597967,0.49358082,0.5700137,0.2709703,0.15910825,0.40211523,0.55870444,0.58316624,0.9932781,1.0,0.5024675,0.6647455
0.9731713,0.71411544,0.51700026,0.20647071,0.104746304,0.18438748,0.26469463,0.2994853,0.41773847,0.5406805,0.55087423,1.0
0.96231043,0.41794214,0.19173476,0.06863735,0.03805556,0.05360603,0.34356716,0.46516937,0.15119396,0.24842255,0.31225434,1.0
0.6148241,0.11485003,0.0574626,0.064226076,0.03024936,0.05224905,0.5966958,0.4639399,0.09127966,0.22263071,0.14368661,1.0
0.8043618,0.09280432,0.02056735,0.038512453,0.034614474,0.040411986,0.49357992,0.40806818,0.053996578,0.065013774,0.069095805,1.0
1.0,0.47525254,0.061188508,0.026990885,0.1357937,0.16403043,0.1853238,0.6083913,0.63050234,0.12524669,0.03996515,0.44960693
0.15470761,0.4801356,0.13137329,0.005909484,0.07070976,0.29134345,0.048755467,0.1503999,1.0,0.31959268,0.0106025785,0.021387115
0.30502847,0.6151564,0.11734801,0.008360565,0.10673621,0.2883616,0.04956728,0.28299445,1.0,0.22808033,0.0076845237,0.029486991
1.0,0.43356705,0.041925754,0.065189965,0.1613853,0.09525607,0.18883361,0.63122004,0.39386597,0.033790726,0.023270203,0.399431
0.6120694,0.08167788,0.025069633,0.11487387,0.0515112,0.03976483,0.45083547,0.3011417,0.028634993,0.005210801,0.08811294,1.0
0.41521165,0.029046252,0.02504742,0.08102882,0.01083907,0.05290916,0.8947124,0.64298016,0.028854555,0.0034890096,0.098265946,1.0
0.25585702,0.06401553,0.005273957,0.009184723,0.0023436763,0.012969142,0.4944048,1.0,0.15881084,0.0027572333,0.011490655,0.18756661
0.33707553,0.46052617,0.047188178,0.0018182594,0.0011168489,0.0044548297,0.18641093,1.0,0.5314942,0.021427717,0.0013142729,0.030948313
0.26184395,1.0,0.17946565,0.0026568798,0.0006540741,0.0009534934,0.0036906828,0.087517686,0.25930434,0.036289766,0.00056500867,0.004802123
0.21153155,1.0,0.22937772,0.0046522785,0.0004760625,0.00061411614,0.0005747385,0.009171371,0.071095236,0.021390557,0.0005079865,0.0035955058
0.14771879,1.0,0.37095517,0.0130661,0.0008400596,0.0009717751,0.00070469605,0.0026778504,0.023461878,0.014252003,0.0009763917,0.0042999745
0.31419566,1.0,0.2824766,0.011357885,0.0016076785,0.002024495,0.0017832547,0.013265805,0.026768055,0.006339907,0.0018445341,0.015584927
1.0,0.9940474,0.079051286,0.0071203345,0.008789607,0.0071425345,0.006195558,0.078559905,0.057364553,0.0052015823,0.009794931,0.054822657
0.53862965,1.0,0.21005322,0.014661036,0.0034165536,0.0029245906,0.0024843842,0.043680646,0.053986754,0.008841799,0.0039793756,0.024523525
0.16944389,1.0,0.5164007,0.031334095,0.0020967468,0.002600431,0.001464393,0.015935298,0.1592727,0.11119411,0.004096684,0.005850839
0.07921651,1.0,0.7102744,0.03272319,0.004362435,0.022795994,0.011453204,0.026062485,0.6665576,0.76439273,0.026893498,0.0031919884
0.25917444,0.71015966,0.29285613,0.01910252,0.021386052,0.053511146,0.021334417,0.16481027,1.0,0.6612347,0.031296518,0.031233825
1.0,0.33828336,0.049043227,0.02892412,0.043060873,0.023702087,0.092032574,0.3475701,0.29634646,0.0726122,0.035929393,0.38106555
1.0,0.06559521,0.011734643,0.061698534,0.041033573,0.0060066823,0.12356823,0.20017211,0.020401362,0.007893586,0.025623443,0.7597157
1.0,0.12587458,0.009483077,0.062116068,0.07459579,0.014342965,0.07756437,0.19309522,0.039045334,0.0040304684,0.015293642,0.5634357
1.0,0.57764226,0.029326836,0.02946704,0.19317329,0.17468156,0.033689,0.2510914,0.20585775,0.011941802,0.009094568,0.15553504
0.5894547,1.0,0.086702086,0.019694494,0.35839984,0.6892812,0.041746024,0.14483485,0.3552517,0.032101866,0.015059526,0.040374868
0.6868386,0.8828728,0.13403209,0.07431452,0.7328315,1.0,0.09880215,0.281107,0.40309972,0.035746373,0.018874979,0.14157881
1.0,0.33747524,0.09321524,0.2537098,0.65864223,0.31469747,0.17428787,0.35483167,0.15505823,0.027418591,0.06746003,0.5044505
1.0,0.41614535,0.24025163,0.3409508,0.39586186,0.42333838,0.22238892,0.29517522,0.14818205,0.08426135,0.1445406,0.63310647
1.0,0.5228098,0.42781958,0.40810806,0.77324003,0.8260446,0.24368593,0.24014203,0.25762472,0.22058155,0.20099792,0.613184
1.0,0.84909964,0.8295555,0.7206301,0.6051758,0.57947046,0.48066953,0.47079787,0.42840716,0.36595768,0.38083786,0.6552505
1.0,0.6411904,0.56441027,0.39508283,0.3521807,0.36516425,0.3348451,0.3923696,0.47256356,0.44779426,0.423045,0.6855605
0.9200383,0.9980273,0.9585755,0.8437371,0.87883854,0.9841214,0.9599894,0.98440766,1.0,0.9161817,0.7986101,0.78437865
0.7222824,1.0,0.8631598,0.6364197,0.5622884,0.569004,0.61741203,0.7761505,0.848912,0.8208102,0.6796521,0.6309297
0.86073965,1.0,0.90064096,0.7126658,0.6439024,0.6749713,0.7981643,0.9866503,0.96472436,0.90196663,0.72461474,0.6814266
1.0,0.8580028,0.61090845,0.5485115,0.53046495,0.5528258,0.5975222,0.67802906,0.6385713,0.597206,0.5395896,0.60732645
1.0,0.7009635,0.4016882,0.32552698,0.31998405,0.37063527,0.34028047,0.3787498,0.42855287,0.45488137,0.41642424,0.535977
0.8312644,0.83332056,0.71009713,0.6016822,0.6542876,1.0,0.8146272,0.70048195,0.7582309,0.63904494,0.5897446,0.68678355
0.8052061,0.79148674,0.68167317,0.5926773,0.6105947,0.7997137,0.7221318,0.80354464,1.0,0.9976718,0.79127485,0.8164977
0.6914447,0.73710924,0.6762765,0.6944914,0.7825126,0.86555505,0.85061693,1.0,0.9330048,0.87455845,0.6570015,0.6098818
0.6358761,0.81919867,0.74800766,0.8130563,0.72276074,0.8276689,0.8342021,1.0,0.8859252,0.80962217,0.6176686,0.50760514
0.9820367,0.94389653,0.8463587,0.84161586,0.7745035,1.0,0.8691107,0.87796116,0.8180071,0.77920777,0.6933819,0.72057754
0.966677,1.0,0.98811376,0.7506737,0.4707581,0.6306869,0.7090816,0.71267676,0.62114894,0.5573294,0.5591943,0.72988623
0.6941245,0.88792527,1.0,0.6788895,0.4474735,0.46214554,0.5436228,0.60585934,0.45215288,0.35734254,0.35818434,0.4994016
0.6526996,1.0,0.990488,0.74824375,0.6736139,0.6063901,0.6548093,0.8192268,0.6995413,0.53375214,0.4750283,0.54390895
0.68533903,0.9328854,1.0,0.6287106,0.5250147,0.41322064,0.44197476,0.63588274,0.6882647,0.6477511,0.53503215,0.51184195
0.77173805,0.98679596,1.0,0.5083983,0.35532466,0.29828453,0.31054097,0.3807997,0.35284996,0.32198858,0.25729337,0.35399222
0.6336033,1.0,0.8057307,0.33920366,0.19184494,0.13424423,0.15030202,0.17985834,0.1489858,0.12943122,0.122907676,0.20930521
0.5778451,1.0,0.9261466,0.35494146,0.19999553,0.18299043,0.18335319,0.21470004,0.2399206,0.21051022,0.2313661,0.2783319
0.46693003,0.8856798,1.0,0.29487717,0.13743405,0.1394634,0.1648597,0.240003,0.32222816,0.2361576,0.23712614,0.3034745
0.578112,0.9400698,1.0,0.38684964,0.21288939,0.22484323,0.2773489,0.43448606,0.5213316,0.34516975,0.3799042,0.4676357
0.677305,0.9940235,1.0,0.56420004,0.36252567,0.38461617,0.41034865,0.6074076,0.71602625,0.65406555,0.90424967,0.7464674
0.4350375,0.49671495,0.4762516,0.34992647,0.48842672,0.5538056,0.8888623,1.0,0.5552435,0.4290204,0.54080296,0.49355152
0.14448464,0.16895363,0.12957865,0.11638958,0.28355405,0.44520694,0.5234656,1.0,0.4054277,0.12221393,0.13722266,0.15895666
0.097085305,0.16265881,0.08470057,0.06434694,0.11275614,0.3890119,0.44746286,1.0,0.77002716,0.087382756,0.071086586,0.08275619
0.108475156,0.16216373,0.082512535,0.060046393,0.11346162,0.39609343,0.38757876,1.0,0.6461209,0.07610714,0.05907921,0.076441795
0.2088268,0.28395602,0.17070284,0.14369078,0.21799445,0.44263312,0.54358435,1.0,0.43519682,0.16101238,0.16228497,0.16217567
0.7203284,0.8125332,0.76052445,0.84089184,0.84807074,0.7165422,0.8461286,1.0,0.67919534,0.53123665,0.500968,0.53795815
0.7907941,0.8694461,0.9136916,0.60788506,0.5767428,0.5902861,0.80781937,1.0,0.6520688,0.5421463,0.57854533,0.7216032
1.0,0.95169204,0.916564,0.5975279,0.5564966,0.73497635,0.8144292,0.9461228,0.77546173,0.6602438,0.67686224,0.75345343
0.98583055,1.0,0.9225055,0.7614031,0.7430287,0.7985346,0.7195683,0.79235,0.7713939,0.7556373,0.7665086,0.8354897
0.9915986,0.9741313,0.94165975,0.85547197,0.7739204,0.7590848,0.71842057,0.8489594,0.965142,1.0,0.92593956,0.93214494
0.5751805,0.58516484,0.5877602,0.639602,0.6510044,0.75766844,0.84837383,1.0,0.9309218,0.7816063,0.63531274,0.5520977
0.7546541,0.73467916,0.68936956,0.6309747,0.5615163,0.58476526,0.71027964,0.96031344,1.0,0.9857452,0.867858,0.7647546
0.61797476,0.4794143,0.44948822,0.38927665,0.29631212,0.27037412,0.25996384,0.3177008,0.38649794,0.57329863,1.0,0.9958238
0.6248266,0.5250972,0.3739258,0.1950659,0.111668386,0.09699481,0.15629396,0.21990784,0.22326905,0.491819,0.8954425,1.0
0.61122,1.0,0.5712953,0.29503223,0.27148166,0.28359842,0.5549847,0.5280292,0.42912754,0.45706555,0.46155143,0.5849205
0.1586359,0.215919,0.24975257,0.30177528,0.4303178,0.73902065,1.0,0.7757092,0.48196164,0.2847436,0.15909722,0.17803648
0.021067051,0.022056932,0.041697983,0.040532343,0.047071375,0.12563068,0.40274695,0.94864994,1.0,0.24701409,0.039841726,0.024329146
0.0046827784,0.0041390345,0.011788967,0.0073120017,0.0029951874,0.008559405,0.06246343,0.2980411,1.0,0.51755196,0.023723694,0.004363913
0.0048951674,0.009365947,0.016282657,0.009027162,0.0025157735,0.0017143802,0.0066138143,0.056798935,1.0,0.94288903,0.04122933,0.003790892
0.008933709,0.01499538,0.023953848,0.019760992,0.009026067,0.003087046,0.004723336,0.031865288,0.810816,1.0,0.04768105,0.010994134
0.013740975,0.020197922,0.035383023,0.027212214,0.018497735,0.004309622,0.0050794426,0.033449583,0.74608666,1.0,0.052550223,0.025970288
0.010473294,0.014502685,0.02732267,0.024128512,0.018878646,0.0035539342,0.013227632,0.16232967,1.0,0.780087,0.044160448,0.020764418
0.018698677,0.023621531,0.0574017,0.03821437,0.025768586,0.010245124,0.026678966,0.2700194,1.0,0.66468424,0.13821192,0.02851351
0.07178091,0.020760953,0.037376832,0.023578277,0.011218363,0.011359051,0.007930731,0.009152418,0.035836466,0.26280946,1.0,0.5798356
0.054108955,0.00982045,0.015869461,0.016348056,0.01178129,0.009351132,0.0064499355,0.0041111615,0.0035083026,0.05562669,1.0,0.92498946
0.031269055,0.0078122476,0.009605664,0.013308485,0.019403921,0.010918904,0.0077994494,0.003483896,0.0028404659,0.038063224,1.0,0.89756334
0.024725446,0.014922868,0.008201969,0.012204256,0.016378902,0.011963124,0.00770732,0.0056388774,0.006480405,0.17559387,1.0,0.43628502
0.05686821,0.026290061,0.015688842,0.018473083,0.01771222,0.011757058,0.011229385,0.0075352504,0.107569985,1.0,0.9010389,0.11808625
0.036768913,0.0134288855,0.019573813,0.016579224,0.022945635,0.0103525575,0.004462838,0.0077407304,0.35281053,1.0,0.21179469,0.018416552
0.051769998,0.022800867,0.046435684,0.030982668,0.033300836,0.016852189,0.0032596025,0.03179597,0.8578531,1.0,0.05152372,0.025931997
0.0428051,0.02536096,0.03407977,0.019395214,0.018066602,0.009657685,0.018863864,0.1346067,1.0,0.90701747,0.063230634,0.03493501
0.037717097,0.021322036,0.019035742,0.021819307,0.018446712,0.0153654,0.063781574,0.33927238,1.0,0.6247322,0.12579684,0.05460389
0.019697357,0.012954853,0.020028252,0.03596439,0.016661962,0.0064243292,0.013845512,0.08983805,1.0,0.6099471,0.07079973,0.026545145
0.012473958,0.005658221,0.0055988403,0.024808904,0.0118624745,0.0017107654,0.0054531833,0.11341167,1.0,0.948431,0.083878495,0.010500143
0.011416122,0.0035349084,0.0010391634,0.006765821,0.0033647162,0.00022897858,0.0017207797,0.11195756,1.0,0.7083436,0.038010083,0.004049176
0.028827166,0.012574643,0.0018838065,0.010330943,0.0042518657,0.00021418833,0.0008373093,0.08943987,1.0,0.5646508,0.016518561,0.0046498994
0.03748043,0.022503326,0.005720719,0.055097587,0.076811954,0.0066683237,0.0018567767,0.069841966,1.0,0.62137735,0.016531978,0.004510809
0.011778244,0.009967508,0.006602489,0.17721203,0.4449577,0.0727984,0.014054556,0.059764214,1.0,0.7715483,0.025064189,0.0021538013
0.0063583846,0.0047866926,0.003982917,0.10798758,0.2908213,0.074639976,0.05972715,0.17345582,1.0,0.6609712,0.044080388,0.0027416428
0.0074540814,0.0024112808,0.0030051775,0.014328707,0.011265607,0.012565896,0.055434197,0.19834073,1.0,0.467787,0.047891133,0.0047209687
0.007617513,0.002254201,0.002224855,0.008030591,0.0034853437,0.0023661875,0.008146064,0.07436218,1.0,0.8059841,0.055534475,0.0035116891
0.01063012,0.0032523097,0.003763321,0.013078122,0.004768955,0.0033792015,0.009540542,0.06862436,1.0,0.7588757,0.0544491,0.0045037577
0.009988706,0.0066021434,0.022334648,0.06116369,0.015486593,0.03245101,0.028611187,0.12150344,1.0,0.3801359,0.0120692,0.00393641
0.02035576,0.051947724,0.17484124,0.25884056,0.035926357,0.04775161,0.024944982,0.18738313,1.0,0.22296761,0.0060148463,0.011153207
0.03320403,0.08296987,0.124197386,0.1306124,0.01662734,0.0069761234,0.0040719523,0.18246955,1.0,0.21063037,0.013982538,0.024479335
0.022108704,0.030586042,0.022047482,0.041778427,0.007821742,0.0019174765,0.004767233,0.28001344,1.0,0.16250731,0.018423568,0.025105821
0.010242675,0.010909399,0.018227238,0.034826923,0.0050876094,0.0020256848,0.033748887,0.6321567,1.0,0.12180183,0.012735332,0.008940979
0.004082283,0.009352493,0.023763383,0.018371837,0.022735361,0.11826455,0.48654374,1.0,0.40889367,0.044889215,0.005429582,0.004534163
0.02632422,0.040488716,0.04752763,0.08092935,0.18755917,0.55874157,1.0,0.44720083,0.08440307,0.030597406,0.013778201,0.019555118
0.62071437,0.59019893,0.3835804,0.52506405,0.49497792,0.7712277,1.0,0.68610287,0.8997557,0.8310427,0.3782535,0.5189633
0.17388937,0.09039148,0.06677768,0.11519719,0.067434095,0.043700453,0.09108856,0.2265337,1.0,0.60583234,0.20600635,0.21992317
0.3419849,0.24083167,0.2073593,0.17318179,0.18127936,0.17936575,0.17844802,0.22021787,0.71114236,1.0,0.6885139,0.4717694
0.4522632,0.44806975,0.22436804,0.11504337,0.1562615,0.4868136,1.0,0.4928867,0.100782886,0.17459106,0.22237669,0.24704671
0.24571429,0.31230992,0.3309293,0.19286902,0.10955175,0.27285,0.9924266,1.0,0.41734943,0.10734331,0.0447591,0.058142964
0.053764615,0.09743427,0.2407727,0.32616037,0.48429862,0.13231175,0.27830812,0.6894917,1.0,0.95489866,0.15605082,0.010816398
0.0048832637,0.0093516335,0.00964924,0.052391153,0.3371889,0.09160071,0.014010773,0.03326386,0.3301229,1.0,0.19228141,0.0055216374
0.0035831977,0.005175992,0.005649405,0.06200488,0.12559646,0.016475571,0.009784146,0.03598986,0.6145319,1.0,0.078241065,0.0035559689
0.0023474323,0.0021123902,0.005307467,0.121497355,0.10602729,0.0048020296,0.007349817,0.044130474,1.0,0.9687365,0.041691955,0.0020404586
0.0018869209,0.0010680172,0.0049669608,0.13102059,0.09532912,0.0030169892,0.005053296,0.05215472,1.0,0.7360509,0.02205335,0.0018752712
0.0017060861,0.0012141548,0.0036946533,0.11587415,0.10788352,0.004356741,0.0039642085,0.046100516,1.0,0.8288651,0.026677633,0.0018046404
0.0012601463,0.0011091839,0.0017846588,0.07122545,0.09128524,0.0042508943,0.0023763902,0.0449347,1.0,0.944348,0.038523298,0.0013077615
0.0011279201,0.00090368884,0.0016819481,0.024510996,0.033511363,0.0018371432,0.0012728579,0.06358872,1.0,0.6757408,0.03335312,0.0014904682
0.0014456376,0.0011386935,0.002037175,0.0032299461,0.002934636,0.00048771725,0.0012127068,0.05622653,1.0,0.77118427,0.030012652,0.001057098
0.001441661,0.0011147122,0.001616686,0.0008891195,0.00071112026,0.0003746037,0.0011396344,0.045240007,1.0,0.8952173,0.032685153,0.0007126154
0.0011929675,0.00080485764,0.0012135112,0.0011433489,0.00080956164,0.00033574173,0.0011199446,0.050087117,1.0,0.8279195,0.028119173,0.00050804164
0.0009740816,0.00066797534,0.0013298041,0.002641713,0.0014919938,0.00024252322,0.001161888,0.06187549,1.0,0.6862149,0.019094586,0.00034381944
0.0010156814,0.0010551765,0.002872816,0.016898518,0.010990124,0.0010013122,0.002940439,0.08491672,1.0,0.64098555,0.023388738,0.0013631987
0.0020748852,0.0026279853,0.038088452,0.48103014,0.20126337,0.0069724675,0.013139001,0.11266972,0.9714312,1.0,0.089023046,0.006415873
0.001982393,0.008490991,0.16184144,1.0,0.2080794,0.0040933546,0.0048401416,0.1097813,0.9323153,0.43958506,0.026404174,0.0032077476
0.012724937,0.012868003,0.16602342,0.73073137,0.09534769,0.0027055729,0.0035572846,0.15104628,1.0,0.23772545,0.0050915037,0.0056457166
0.024518834,0.01261417,0.037260607,0.16652715,0.02812619,0.002550175,0.0035972286,0.16835174,1.0,0.19429064,0.0036025408,0.01052536
0.03713452,0.017900812,0.016693773,0.06635661,0.019309603,0.001902707,0.0026962885,0.1570376,1.0,0.22913146,0.0035454473,0.015745228
0.027563728,0.012715278,0.011806233,0.04318117,0.013881681,0.0010859678,0.0069424864,0.2498445,1.0,0.21370487,0.0033922622,0.010635799
0.009304969,0.0044784867,0.005710517,0.017511202,0.0047845403,0.000809654,0.013336349,0.3866183,1.0,0.13806279,0.0023769361,0.0031678248
0.0027242852,0.009778278,0.0060948064,0.0054340335,0.0011604707,0.0014371714,0.008632382,0.3671788,1.0,0.116046324,0.0018664123,0.0013390194
0.0012290619,0.004435951,0.0039615985,0.005810525,0.00086725515,0.0010469168,0.009216833,0.3558803,1.0,0.1338929,0.0014937833,0.00065261545
0.0007465275,0.001250979,0.0026070334,0.005362579,0.00068872975,0.0007750157,0.013411595,0.4835037,1.0,0.116701484,0.0012177243,0.00045694323
0.0006679191,0.001980818,0.0028694263,0.0031612315,0.00044226917,0.0015259008,0.060578994,0.80842996,1.0,0.11722612,0.0024568734,0.0005491413
0.00071594946,0.001587656,0.0033389924,0.0020202023,0.0010050128,0.006741742,0.2758308,1.0,0.3606662,0.04013577,0.0025257627,0.00096476736
0.0022019716,0.0049718414,0.017427372,0.011717354,0.0053010103,0.013781538,0.29785421,1.0,0.47493342,0.08384167,0.009264047,0.003261412
0.008819524,0.020346185,0.040210836,0.011917991,0.0022862705,0.0025676654,0.013932951,0.34414366,1.0,0.268601,0.013473771,0.016186202
0.044086285,0.12668025,0.11824451,0.0552012,0.013368562,0.007953243,0.0061914194,0.22868831,1.0,0.24302962,0.02625538,0.039038744
0.030633897,0.13465914,0.1229854,0.18218496,0.038500875,0.01332791,0.01094241,0.32965553,1.0,0.123281,0.013504188,0.018617967
0.040503122,0.23849155,0.15593444,0.18148549,0.02062878,0.010465181,0.018224966,0.47236332,1.0,0.07913988,0.0044586775,0.009666839
0.12771228,0.74212414,0.4814207,0.46942902,0.026529053,0.021483125,0.043432694,0.5725002,1.0,0.06890873,0.016553693,0.049877267
0.25800186,0.8591623,0.7880048,1.0,0.058807656,0.05453731,0.060786247,0.467492,0.8010306,0.050793692,0.03282663,0.15195063
0.22868182,0.42120332,0.5865506,1.0,0.07374528,0.052153092,0.05262901,0.3588651,0.6760638,0.055112094,0.04522276,0.11994866
0.3179538,0.39282686,0.7263341,1.0,0.12161137,0.07976271,0.09956084,0.36761293,0.56091243,0.08659946,0.110472195,0.1494154
0.26151514,0.48266727,1.0,0.93916863,0.077094354,0.051388267,0.08513476,0.45030728,0.43101013,0.08167185,0.102434054,0.121808425
0.11800133,0.31599507,1.0,0.63551986,0.037422545,0.029628616,0.073479734,0.6338828,0.39524817,0.07594478,0.061408173,0.059782926
0.057344276,0.2580031,1.0,0.30864257,0.027474009,0.026899664,0.17133664,0.8929959,0.2853311,0.10595312,0.050242163,0.04052432
0.05506059,0.32042295,0.6523716,0.087788366,0.022965385,0.08648503,0.8127133,1.0,0.16944692,0.12046894,0.051659472,0.03992573
0.09597388,0.22787365,0.16662078,0.02885162,0.07017799,0.45050192,1.0,0.43778378,0.11745552,0.0917636,0.047804207,0.034902222
0.2114802,0.25077263,0.1993947,0.24561794,0.47239202,1.0,0.78570056,0.37100056,0.23813453,0.15777296,0.08338949,0.10544623
0.19815402,0.31863993,0.46382764,0.655592,0.73719215,0.98460644,1.0,0.7373107,0.36776036,0.21138255,0.1261932,0.12604308
0.22241737,0.31431767,0.40237433,0.59914416,0.75207776,1.0,0.7654,0.66251034,0.5855958,0.30474383,0.15510738,0.13598296
0.31202123,0.47372493,0.66670805,0.66806984,0.47813898,0.6858586,0.7081461,0.92514056,1.0,0.46940643,0.3222329,0.275356
0.8385143,0.6566083,0.9529994,0.7558176,0.8968088,0.60627335,0.9277046,1.0,0.8417575,0.44126943,0.34299886,0.62774193
0.88521653,0.6312855,0.7058209,0.5295111,1.0,0.712809,0.73052776,0.97256154,0.92625004,0.5058093,0.3636853,0.67008567
0.54140705,0.46510026,0.64816993,0.43428662,0.2520681,0.42818624,1.0,0.80755377,0.68788624,0.6095133,0.6069946,0.6544226
0.5283096,0.4158881,0.5883498,0.4166521,0.25194952,0.40271327,1.0,0.6721724,0.90579265,0.6919689,0.5102618,0.5229318
0.21671353,0.21885298,0.30092263,0.3829183,0.26904902,0.49483082,0.5283912,0.55021137,1.0,0.8107978,0.40255535,0.23038141
0.4069608,0.5625588,0.7957531,0.39941308,0.51710755,1.0,0.8480887,0.76212704,0.7054411,0.7458285,0.7024063,0.4360651
0.7137904,0.6406013,0.61147493,0.2805392,0.36115888,0.67570364,0.89143944,0.7962108,0.71026266,0.5452569,0.84360546,1.0
0.75103587,0.5781588,0.60846895,0.2403426,0.21275489,0.47944155,1.0,0.76584584,0.7626085,0.5928293,0.7714046,0.931347
0.48193496,0.41303584,0.365027,0.18861558,0.13901137,0.37108132,0.6681867,0.57832885,1.0,0.54363185,0.47367567,0.5378262
0.55784684,0.8095364,0.6984671,0.35984877,0.30290666,0.71274257,0.6704092,0.6938731,1.0,0.6006303,0.40404359,0.46333
0.9101753,1.0,0.783492,0.3653115,0.46584624,0.9095489,0.71671754,0.5107801,0.4225613,0.37656724,0.4094957,0.5469657
0.9592345,1.0,0.5360332,0.2552242,0.31408095,0.67064774,0.50670886,0.5012116,0.6020428,0.38999534,0.356578,0.5981064
0.9767654,1.0,0.74595106,0.30371127,0.2632188,0.47032788,0.5410226,0.4517399,0.5124853,0.4418911,0.41172272,0.73229754
1.0,0.9872113,0.9856578,0.5610037,0.442908,0.49975407,0.50197756,0.5122281,0.62258697,0.66231245,0.7058778,0.9332479
0.83303463,1.0,0.9102117,0.48576823,0.26489833,0.3026916,0.22038627,0.22958538,0.3170336,0.35207856,0.4381009,0.66057503
0.68844134,1.0,0.7479419,0.3843112,0.3135835,0.3748729,0.3214713,0.3984627,0.43011567,0.35420457,0.38776553,0.52666914
0.8046966,1.0,0.8448298,0.41914985,0.31867477,0.3347619,0.39676145,0.6668098,0.7344308,0.5818396,0.6068134,0.7097891
0.8533598,1.0,0.92385054,0.6623916,0.6546159,0.68764526,0.6663372,0.8224364,0.8460497,0.81065184,0.8188579,0.8881373
0.76132363,1.0,0.91361094,0.5481651,0.57207215,0.6004094,0.49087664,0.6297318,0.7447317,0.773603,0.7833164,0.8342007
0.70842737,0.8313183,0.741548,0.5784198,0.6631829,0.72589153,0.7401037,0.954309,1.0,0.9256592,0.78612745,0.69539183
0.6995211,0.7248125,0.65415573,0.6441641,0.7349899,0.7950034,0.8310352,1.0,0.9606491,0.86506027,0.7140764,0.63863885
0.65659827,0.78415906,0.70915204,0.6635208,0.6259457,0.5852509,0.7181141,1.0,0.952084,0.8177455,0.5884728,0.49502555
0.68181556,1.0,0.95459294,0.3164831,0.18493313,0.12253584,0.18437237,0.3197717,0.5164023,0.64503753,0.39772862,0.28685287
0.31803727,0.4876864,0.5233145,0.13722569,0.072525434,0.03339643,0.04735352,0.095939964,0.2070021,0.5709019,1.0,0.4275229
0.4334751,0.49570188,0.2355694,0.06575739,0.019456469,0.014600304,0.017956816,0.017581321,0.028863724,0.12767972,0.67809856,1.0
0.89380765,0.53131896,0.35797808,0.035639253,0.00895329,0.0070555652,0.011788207,0.014919397,0.022380603,0.046497334,0.16931513,1.0
1.0,0.25909805,0.22607102,0.016965667,0.0033121835,0.0032062423,0.010817491,0.020384522,0.013224386,0.045054145,0.07092826,0.4473143
1.0,0.26571554,0.06772992,0.0106962025,0.002423103,0.0019020463,0.006557808,0.031056022,0.0435825,0.034407616,0.014635737,0.19887856
1.0,0.6876476,0.058566496,0.018724507,0.0034075351,0.0024927442,0.003976052,0.024233371,0.03921696,0.023965258,0.0111079365,0.07912045
0.44424602,1.0,0.14351776,0.018814284,0.0033587762,0.0024741779,0.0025414468,0.0052674823,0.009333519,0.012292162,0.015269019,0.022260921
0.17919336,1.0,0.36805394,0.020313086,0.004340348,0.0038880177,0.005363176,0.003908072,0.0046976763,0.012599468,0.01735741,0.012696206
0.08107736,1.0,0.72441274,0.06851684,0.019600144,0.013818793,0.0147271,0.010064771,0.0137173245,0.014614391,0.01162873,0.011030734
0.09156555,1.0,0.7976473,0.10514611,0.028761072,0.017498827,0.01497998,0.024441516,0.03530249,0.024020504,0.017910935,0.017857268
0.056779273,0.4277563,1.0,0.49655455,0.038764477,0.010885085,0.012838555,0.023792861,0.026165033,0.0135656195,0.016409902,0.019870644
0.020017622,0.056683235,0.50835025,1.0,0.09990998,0.005516887,0.006559607,0.010695968,0.012541401,0.010606607,0.011413007,0.009718902
0.029396692,0.07213657,0.21983749,1.0,0.23044674,0.008183936,0.0099045625,0.016936354,0.009856786,0.0060291053,0.009482228,0.006902696
0.029954247,0.10156314,0.15915166,1.0,0.29523575,0.010596145,0.006074924,0.0098443115,0.0062726038,0.0053030145,0.011452944,0.0062826807
0.016699042,0.05156646,0.25562215,1.0,0.15747632,0.007583877,0.005492147,0.0077179186,0.0070333127,0.00925013,0.022688447,0.008168562
0.012913566,0.062273458,0.72263384,1.0,0.067933306,0.0063361777,0.0069311513,0.00833564,0.006843188,0.010051707,0.018547527,0.007750319
0.21298705,0.42788327,1.0,0.60554355,0.041538898,0.02150627,0.031929526,0.06509447,0.12055993,0.11006947,0.1444871,0.1549279
0.8069073,1.0,0.6086521,0.1826188,0.07119099,0.112734735,0.115745865,0.16305287,0.24990018,0.27923146,0.5535937,0.8293756
0.119770296,1.0,0.35127658,0.054885674,0.046226576,0.0073162867,0.004571273,0.012146901,0.007991876,0.008193364,0.022439629,0.054939467
0.08069069,1.0,0.40371358,0.30336714,0.24465181,0.010097124,0.002401954,0.0113035245,0.0068508885,0.0026809156,0.005586549,0.009542095
0.017497402,0.13402003,0.08055249,0.77835834,1.0,0.07054309,0.0018944081,0.002732485,0.002524147,0.0012626738,0.0029251575,0.0032875778
0.0034973857,0.016099561,0.015312753,0.36766124,1.0,0.13741408,0.0015810425,0.0009736682,0.001955226,0.00095544744,0.002613962,0.005365916
0.0029355392,0.011127738,0.0274973,0.30388442,1.0,0.17664416,0.0022073176,0.000889066,0.0022654522,0.0021297163,0.00429548,0.010281414
0.006534341,0.028393611,0.12681642,0.60290533,1.0,0.17029832,0.0036171628,0.0010339767,0.0023455818,0.003833556,0.0076278695,0.014330449
0.015317411,0.026516981,0.071496055,0.4324102,1.0,0.116079606,0.014427814,0.012546233,0.013166093,0.01263125,0.012725439,0.013085716
0.036262803,0.048255514,0.06509983,0.48220837,1.0,0.14974268,0.050634746,0.050481968,0.055625323,0.05390673,0.04654435,0.033081938
0.39656454,0.51620144,0.3571938,0.3141998,0.39681405,0.3077061,0.38446638,0.5288851,0.8226378,1.0,0.7888799,0.3401758
0.7604765,1.0,0.52267784,0.3090155,0.29843011,0.31883037,0.3952964,0.41753274,0.50237143,0.57614535,0.6102742,0.353239
0.77787584,0.867252,0.36514452,0.41961992,0.8297913,1.0,0.4200343,0.31734136,0.27305093,0.37868887,0.61799127,0.62428683
1.0,0.21587475,0.070945054,0.072672434,0.24277826,0.50527555,0.2735436,0.08577482,0.056565642,0.10669894,0.28435838,0.7933368
1.0,0.31333983,0.04468656,0.01325094,0.017203202,0.055056456,0.057474483,0.044744123,0.03702752,0.022605907,0.040610284,0.3264913
1.0,0.86030567,0.23286393,0.13233913,0.018291706,0.0039369375,0.010548837,0.048462644,0.15899105,0.15092401,0.053152665,0.16473399
0.3515235,0.7403011,1.0,0.9817712,0.11968739,0.008562533,0.009827742,0.01906402,0.17094177,0.29594767,0.1687758,0.09146861
0.117560916,0.43906754,1.0,0.5365404,0.042411555,0.0062605985,0.006719104,0.019292122,0.18229493,0.20982845,0.06272625,0.035994582
0.4368502,1.0,0.86053103,0.27957025,0.07772892,0.05590728,0.08460546,0.13552785,0.46071738,0.3146409,0.10459457,0.12684187
0.6149991,1.0,0.87784266,0.39071962,0.15071638,0.10231397,0.146258,0.17019139,0.24722013,0.2125055,0.18876477,0.24145411
0.5351894,0.34339905,0.7080836,1.0,0.14162873,0.11072947,0.17686746,0.29911408,0.54760784,0.25232896,0.1439002,0.271017
1.0,0.43520278,0.3704543,0.5940989,0.16467485,0.14089593,0.30547076,0.1700175,0.37448782,0.23620722,0.21459456,0.32366854
1.0,0.57050914,0.32462934,0.30474642,0.24780549,0.3101858,0.6242277,0.7058521,0.48774707,0.3512934,0.5991246,0.7092701
0.84304196,0.87093765,0.999508,0.46805322,0.14499973,0.20681742,0.42560232,1.0,0.92034894,0.6035671,0.44107825,0.62949806
0.33362108,0.42171434,0.90124446,1.0,0.13255267,0.053757127,0.061389197,0.13036662,0.25711882,0.31438273,0.18134692,0.14203554
0.20482948,0.3813051,0.30528486,1.0,0.185844,0.036273308,0.02647348,0.034992237,0.049591493,0.058085747,0.10860971,0.035005443
0.12360769,0.24706288,0.4205406,1.0,0.12591933,0.04610884,0.027994715,0.03589934,0.040909994,0.073644064,0.1836693,0.028133243
0.05118346,0.09997908,1.0,0.9691527,0.069155194,0.070744015,0.032307733,0.03847132,0.060171165,0.16285264,0.19117543,0.01884507
0.024114972,0.121660694,1.0,0.47108105,0.06411304,0.05509916,0.032620132,0.025404511,0.034327604,0.14542003,0.07389148,0.011862766
0.024256645,0.2364941,1.0,0.21426725,0.059017625,0.035687406,0.028531678,0.01432621,0.023289265,0.10360046,0.030049426,0.011721605
0.04906018,0.22290893,1.0,0.1924404,0.02544364,0.01839778,0.02524997,0.012992973,0.017754775,0.042010333,0.015445372,0.023116779
0.0379397,0.11262773,1.0,0.34421322,0.015044425,0.012256162,0.02589059,0.011865819,0.010853517,0.016053956,0.008354888,0.0152392015
0.033295795,0.08452446,1.0,0.4373859,0.011871908,0.0064448062,0.033540733,0.011495472,0.0059076017,0.007189919,0.0047078575,0.009309347
0.03828591,0.059692718,1.0,0.5960739,0.012592172,0.0048491615,0.043490544,0.015553472,0.0029715742,0.0033766928,0.0035410658,0.008494213
0.02018291,0.047340807,1.0,0.7073146,0.016605837,0.0028104186,0.030294525,0.012435203,0.0018983632,0.0020183816,0.0019761834,0.003261825
0.010252661,0.04041672,1.0,0.8133482,0.022045448,0.0019916634,0.011911636,0.006131262,0.002059157,0.0031538757,0.0025382484,0.002026124
0.0076294234,0.06167809,1.0,0.5771845,0.017403556,0.005623288,0.00922676,0.0036449032,0.0020576257,0.003615057,0.002127195,0.001968164
0.0068687205,0.20927173,1.0,0.23522449,0.013247097,0.0073176753,0.00834612,0.0017156727,0.0019052904,0.0032511668,0.0009428767,0.0012027767
0.005040633,0.22994795,1.0,0.21089041,0.005678478,0.002388871,0.0030857604,0.00053012953,0.006414962,0.01132216,0.0007924437,0.0014262585
0.018336609,0.5497516,1.0,0.13561544,0.0035602802,0.0026143976,0.0021849344,0.001983932,0.067640945,0.06282926,0.0020432805,0.0027357205
0.042220026,1.0,0.7627439,0.025908977,0.0018233227,0.0052089253,0.0026217871,0.0047236555,0.1479441,0.103956476,0.002760642,0.0029296288
0.028911911,0.8738877,1.0,0.042516254,0.0012899571,0.00666986,0.005662617,0.0023121485,0.07123663,0.068345666,0.0021372226,0.004060413
0.01620815,0.38273406,1.0,0.101978935,0.0011289117,0.005681776,0.012562712,0.0011339798,0.0140851075,0.034633774,0.0029773712,0.007481246
0.021567764,0.24184048,1.0,0.1872596,0.0022123607,0.0052190116,0.017179815,0.0016667226,0.0042956686,0.024229772,0.0047777323,0.005932317
0.07597805,0.5273551,1.0,0.2219096,0.0031242243,0.0046756202,0.011107273,0.0021102235,0.01960143,0.03690731,0.0060858265,0.0070749945
0.1652131,1.0,0.888373,0.15458661,0.004135523,0.0025477519,0.002723088,0.006883616,0.06593623,0.08884608,0.011395373,0.016536614
1.0,0.80501443,0.18926,0.009336139,0.0011207472,0.0015951071,0.08660714,0.22185351,0.019495314,0.0058867494,0.02011329,0.24392687
1.0,0.40011802,0.035676684,0.0018406749,0.0009304568,0.0017762984,0.14676996,0.36668375,0.024328405,0.0014493574,0.0056935647,0.22167054
1.0,0.1875631,0.0068246955,0.0009172548,0.0014344007,0.001721496,0.14031425,0.38229585,0.030282056,0.0006804016,0.0031442235,0.23958932
1.0,0.42087096,0.010661672,0.00051578047,0.0019031527,0.000671595,0.020451484,0.16077505,0.059702415,0.0010608921,0.0013921234,0.10995135
1.0,0.63222337,0.018662125,0.0004951494,0.0017980495,0.00067197846,0.0025794986,0.08061271,0.074425146,0.0018027112,0.001449809,0.07284332
1.0,0.5106532,0.018718645,0.0008818697,0.001339712,0.0004553931,0.0019637346,0.049642302,0.050684407,0.0016383576,0.0039977296,0.15354246
1.0,0.558901,0.065213196,0.0058636107,0.0049188207,0.0023166172,0.003627902,0.034716927,0.032425955,0.0033272584,0.014172875,0.29189512
0.851686,1.0,0.059339583,0.008964192,0.010965274,0.010043261,0.0072080204,0.010274529,0.009120417,0.0068427944,0.007505647,0.039201662
1.0,0.7121163,0.022754377,0.002488569,0.0041027265,0.00297407,0.0018839341,0.004106206,0.003445378,0.002193865,0.0024414284,0.053088132
1.0,0.3922731,0.013411316,0.0043946207,0.0045522433,0.003940539,0.003891411,0.0051595555,0.0041170986,0.0033145798,0.0042200494,0.12507688
1.0,0.16432624,0.021818392,0.0076106405,0.005779361,0.004944259,0.0054245624,0.0069832443,0.0071619675,0.0072253803,0.02326719,0.49653888
0.6341298,0.12008542,0.01770352,0.004604554,0.0037233727,0.024152296,0.015615174,0.0077286116,0.022051413,0.112948194,0.33912408,1.0
0.28886586,0.037254732,0.01663165,0.005128745,0.0031002078,0.047839828,0.02653398,0.0023586722,0.0066545126,0.068276405,0.7034513,1.0
0.10023094,0.012397132,0.020459842,0.0051816865,0.0028540369,0.050539035,0.024693517,0.000914314,0.0032243913,0.063581906,1.0,0.8396698
0.031363685,0.0037143738,0.011920366,0.0030306359,0.0012342166,0.023145182,0.0135393925,0.0005560521,0.0030585034,0.0512727,1.0,0.83196354
0.09303919,0.0015418807,0.0009822026,0.0004447491,0.00014053896,0.0028571363,0.005363718,0.00044516954,0.0008068763,0.010768205,0.43800944,1.0
0.13027555,0.001610687,0.00028708024,0.00017916162,5.338821e-05,0.0007123387,0.0036936607,0.00045751067,0.00016466732,0.001995255,0.221129,1.0
0.1013401,0.0011900814,0.0002792314,0.00017995022,5.4271095e-05,0.0012040792,0.0036464091,0.00034551145,0.00010911547,0.005983035,0.34066772,1.0
0.047677353,0.0019915507,0.0011880806,0.00023646215,0.00064923614,0.0045159454,0.003885984,0.00030011038,0.003597776,0.12980384,1.0,0.8853438
0.0056953835,0.011281394,0.0044503226,0.0005594869,0.004698143,0.00483762,0.00086483674,0.00089632504,0.07300803,0.8291119,1.0,0.17211922
0.002737654,0.010175691,0.002220444,0.0014284847,0.007103069,0.001474373,7.3593e-05,0.0019619062,0.19648224,1.0,0.25627348,0.010314953
0.0029101206,0.0076747383,0.0013483868,0.0021189463,0.008355626,0.00095193635,8.2070226e-05,0.0026605288,0.25497717,1.0,0.13747634,0.0038992171
0.0028727048,0.009308538,0.0015353288,0.0018453088,0.007916689,0.0010958668,0.00023131668,0.005231559,0.26351306,1.0,0.15350464,0.0032825198
0.002710095,0.0075068804,0.0023332073,0.0022009553,0.0068555237,0.0011974408,0.0029005604,0.05509859,0.63210267,1.0,0.1297685,0.0032639205
0.0027508552,0.005603803,0.008243729,0.004941957,0.0064834435,0.002247931,0.011105591,0.14701116,1.0,0.7761075,0.07633777,0.005849248
0.004395303,0.010609324,0.022598675,0.01235997,0.013040786,0.00239202,0.003720414,0.021337561,0.45423794,1.0,0.11303345,0.0065128105
0.0059148087,0.014757366,0.026121885,0.014408963,0.016632855,0.002621138,0.001808807,0.0091950325,0.41183257,1.0,0.108385645,0.0037176376
0.006950752,0.014323475,0.036453247,0.021281624,0.02266814,0.0034264766,0.0024957524,0.012672211,0.48540518,1.0,0.08617092,0.0034452155
0.006756444,0.028887304,0.099439315,0.029662266,0.020602517,0.003544786,0.012223571,0.05798939,0.6997553,1.0,0.085159265,0.0064652036
0.0029591613,0.035995267,0.046487555,0.013555906,0.0024900613,0.0009506118,0.023287995,0.35509503,1.0,0.6906674,0.08900583,0.0069290516
0.002714047,0.031943362,0.020438733,0.014209042,0.0008899039,0.0005943503,0.012053412,0.44138774,1.0,0.23244475,0.02228301,0.002047776
0.005310873,0.053777564,0.030833486,0.026287563,0.0011873142,0.0008975319,0.010895548,0.5517314,1.0,0.07058579,0.0014814218,0.0013313812
0.008102417,0.12045562,0.06843707,0.03782647,0.002592065,0.0013816366,0.00813195,0.44066924,1.0,0.08174048,0.0010601789,0.0015274584
0.0067944955,0.17381611,0.13343285,0.04867052,0.0059107537,0.002184812,0.0061758547,0.2838141,1.0,0.15359344,0.0068322676,0.0016113577
0.0077068983,0.20911755,0.22451079,0.12698211,0.031164186,0.003142833,0.008016516,0.1993155,1.0,0.28590003,0.030111756,0.004305468
0.0071002655,0.20734346,0.29400715,0.4639948,0.25955904,0.014213464,0.015608334,0.16153005,1.0,0.31922588,0.030644158,0.00474562
0.0063736383,0.17537326,0.2674821,0.45071712,0.31544414,0.04785113,0.052600715,0.15094711,1.0,0.2738873,0.012783625,0.00224024
0.0175562,0.11504119,0.14126842,0.0808823,0.033001103,0.041613314,0.06102774,0.20518418,1.0,0.19802181,0.0062668775,0.0067971577
0.02568077,0.057392567,0.06223434,0.043447476,0.0032234802,0.0071700197,0.023586772,0.4361644,1.0,0.10689613,0.0040002596,0.01533883
0.013922916,0.021253414,0.052039005,0.0433019,0.0026114397,0.008156375,0.07561583,1.0,0.93354285,0.05378844,0.004063013,0.015669176
0.007934683,0.011824118,0.032262363,0.02341969,0.0020604709,0.009380487,0.07428118,1.0,0.70722234,0.025823435,0.0023209066,0.014912916
0.007931797,0.014973438,0.023940815,0.031717286,0.0030311584,0.005607172,0.028702244,0.66918325,1.0,0.10006548,0.00218194,0.0073075625
0.0073325294,0.012109471,0.019402333,0.032454897,0.008467658,0.0011355799,0.005795174,0.20337288,1.0,0.30764094,0.0053868103,0.0018210141
0.0043506,0.0070902877,0.01880066,0.022807777,0.01011686,0.00034813417,0.0009839713,0.0779617,1.0,0.49515656,0.009168029,0.0005993109
0.0021863622,0.0061956416,0.019391319,0.011500672,0.005110686,0.00019089214,0.0005485638,0.075982444,1.0,0.49838164,0.008930726,0.00032952905
0.0029617646,0.006329436,0.019615171,0.004873829,0.0019314882,0.00013753743,0.00042562594,0.06393554,1.0,0.52115405,0.00955624,0.00033706866
0.0039311517,0.016459769,0.038202647,0.0047344877,0.001091713,0.00024149312,0.00093777006,0.075055756,1.0,0.4924591,0.010021726,0.0005085343
0.0069706733,0.09823232,0.11905967,0.019315207,0.002165171,0.0013452293,0.005702643,0.17614686,1.0,0.31421205,0.0070419316,0.0011218368
0.017347576,0.104676954,0.14004557,0.046808645,0.0018178844,0.002200987,0.035398953,0.7145254,1.0,0.0968915,0.0014920114,0.0027352462
0.036198914,0.09561168,0.21122685,0.065455,0.0014281981,0.0015586865,0.07058216,1.0,0.52758926,0.020803496,0.0007002049,0.003256898
0.057697807,0.17794341,0.31720495,0.12437358,0.0028967892,0.0020364854,0.06915438,1.0,0.3889404,0.0059828092,0.0006720203,0.0026867453
0.050996006,0.24829234,0.36076438,0.2478296,0.013294032,0.014166071,0.060772914,1.0,0.6637295,0.018271146,0.0021441095,0.0035173423
0.029062523,0.2946769,0.3211609,0.33354,0.03257593,0.013996947,0.044862434,0.5760938,1.0,0.10567627,0.0032210231,0.003157145
0.024040585,0.14014135,0.18482262,0.29110697,0.10776933,0.005407389,0.015394064,0.13219365,1.0,0.3321043,0.0057283384,0.002947356
0.06301743,0.06467485,0.06952221,0.40625668,0.33769697,0.012948935,0.00915536,0.053789552,1.0,0.7767999,0.039663173,0.005875763
0.043856528,0.050371695,0.017946454,0.20344949,0.2513607,0.01825428,0.0044406652,0.028666653,0.4838497,1.0,0.15269683,0.006911428
0.060013518,0.111255445,0.20633481,0.22432601,0.06789216,0.01661412,0.06580706,0.35768238,1.0,0.86677253,0.1232953,0.013687414
0.6811632,0.8942526,0.85285455,0.39472428,0.14667438,0.30325314,0.54113585,1.0,0.98598385,0.21688843,0.034622964,0.21084279
0.7572893,0.5685194,0.1979424,0.21465187,0.63119733,0.34530088,0.1966007,0.09629815,0.0461163,0.027347848,0.30211964,1.0
0.27076945,0.17907533,0.07007439,0.15010428,0.41430533,0.0702627,0.0074013444,0.015753618,0.016216189,0.0075335307,0.26899529,1.0
1.0,0.5749024,0.11053349,0.04104619,0.27808976,0.25613338,0.07417181,0.011251387,0.007098116,0.0037625541,0.085208766,0.8617248
0.6096915,1.0,0.3566902,0.023353662,0.035191707,0.15637204,0.32327774,0.16312543,0.018987732,0.002509059,0.0043564853,0.11642202
0.13446896,0.7593625,1.0,0.2436363,0.015263569,0.036870696,0.3250141,0.7304875,0.3336654,0.06656193,0.011391649,0.008261184
0.051405605,0.34540838,1.0,0.49005976,0.057837218,0.021665512,0.13114864,0.96622574,0.8798717,0.572609,0.3094601,0.022095984
0.022694616,0.08348024,0.07323816,0.044734135,0.02928784,0.02821002,0.016140714,0.10133848,0.24652365,1.0,0.9096421,0.050958972
0.070332855,0.076261505,0.040886004,0.0456715,0.0897208,0.18552716,0.36517748,0.5918361,0.7825655,1.0,0.39947265,0.055447735
0.32615003,0.1908663,0.37607634,0.4384464,0.61651814,0.84701455,1.0,0.899864,0.60608256,0.7207059,0.42709664,0.37442395
0.11088063,0.13214524,0.5860019,0.29140013,0.12255218,0.091064304,0.06028257,0.024407886,0.12675507,1.0,0.37935537,0.103938736
0.13959941,0.112128794,0.6388852,0.81818837,0.18885753,0.014080941,0.0068769823,0.006187009,0.06764064,1.0,0.9886694,0.21340725
0.22906823,0.095841534,0.18126757,0.9370213,1.0,0.076288365,0.006043719,0.0028657708,0.007404332,0.17840096,0.8493809,0.8613032
0.17028509,0.1127579,0.079943664,0.43249407,1.0,0.10347668,0.008100232,0.0016948435,0.0012444301,0.00857413,0.19167952,0.57206154
0.19465092,0.30038032,0.44875532,1.0,0.8749812,0.08372981,0.022258317,0.009933503,0.008627963,0.057666782,0.24529348,0.36519238
0.19429384,0.54974216,1.0,0.74974257,0.1921119,0.03204988,0.051882822,0.03840702,0.052139476,0.13943306,0.15953755,0.10478954
0.41157892,0.9510504,1.0,0.61879796,0.32998985,0.06650482,0.09554598,0.13179532,0.17273235,0.17861396,0.2944975,0.40294805
0.45831123,0.7455995,1.0,0.78242946,0.35830018,0.056773435,0.017062591,0.021423267,0.031341743,0.05905998,0.32565758,0.6605406
0.06317676,0.1974164,0.53157806,1.0,0.99155617,0.2728875,0.016676312,0.0043834895,0.0045074034,0.005983936,0.020175597,0.052838106
0.004171982,0.015303913,0.051434103,0.23852304,1.0,0.6204234,0.040816683,0.002230389,0.0016470809,0.0018391669,0.0023922445,0.0032278355
0.0033692769,0.004510706,0.0035546047,0.031200092,0.6126126,1.0,0.14463009,0.0031513784,0.00072643015,0.0007297141,0.0007440605,0.0017679948
0.003126093,0.0054471986,0.0045572445,0.005612827,0.22516745,1.0,0.30123022,0.006503446,0.00044085484,0.00043298886,0.00046862336,0.0007928239
0.0041921707,0.0036367914,0.0035457695,0.00454993,0.2101265,1.0,0.32550183,0.0069720866,0.00064690196,0.0006010174,0.0004794119,0.00089528406
0.0051438073,0.0019501348,0.002510003,0.018380703,0.4589597,1.0,0.17601483,0.003794732,0.00052952825,0.0004717758,0.00041443025,0.0020398693
0.006021109,0.0019357583,0.005205047,0.05756733,0.95824134,1.0,0.06710456,0.0017110268,0.0010767494,0.000894733,0.0008066918,0.0053859246
0.0067091784,0.0026964713,0.0040216795,0.0530335,0.8777726,1.0,0.07929163,0.0023813352,0.0016226871,0.0014805299,0.0012732458,0.00527956
0.00599647,0.0020138463,0.0013559242,0.015618336,0.35319218,1.0,0.24102345,0.0067100883,0.00075775024,0.0008450859,0.0006431248,0.0019168111
0.009184113,0.008436189,0.0081609655,0.00497781,0.15582284,1.0,0.66563296,0.04257148,0.0041343165,0.0017067664,0.0015228561,0.0018970654
0.15912321,0.14805561,0.116391,0.016013311,0.13569987,0.8895392,1.0,0.15601261,0.050229836,0.030742262,0.013577173,0.03708449
0.63984424,0.40578187,0.21681313,0.033849,0.374829,1.0,0.40295342,0.119133346,0.0995714,0.0760118,0.04766647,0.36707145
0.8992614,0.4096274,0.09829548,0.037190914,0.5520722,0.52032185,0.07616639,0.03367623,0.047433235,0.04209573,0.054153997,1.0
0.99354583,0.24628602,0.032204032,0.020500658,0.43890095,0.39885107,0.020240445,0.003742402,0.021533065,0.012613171,0.03160773,1.0
1.0,0.28050703,0.06520969,0.005736919,0.16685325,0.3650004,0.039146062,0.001012089,0.005434842,0.007014532,0.008932374,0.40045702
1.0,0.63743544,0.11202958,0.006141739,0.04727778,0.3345678,0.13576369,0.003773186,0.0011475685,0.005127716,0.004527509,0.10823218
0.8051908,1.0,0.11439093,0.00854292,0.012263825,0.22440435,0.22441955,0.008915312,0.0004771391,0.0020072255,0.0024851593,0.03139647
1.0,0.9417388,0.23326318,0.014082344,0.10953015,0.45113847,0.1900256,0.0060319803,0.0009301853,0.0019485606,0.0091670165,0.22454974
1.0,0.8993594,0.36486977,0.048195977,0.3755285,0.44703093,0.06777408,0.004639971,0.011104369,0.00505422,0.076155044,0.9056935
0.59501755,0.6948196,0.776932,0.11430696,0.43239608,0.41065425,0.10410448,0.022009654,0.090704165,0.11422011,0.16594297,1.0
0.22805576,0.3622296,0.6009553,0.109829,0.2516537,1.0,0.6666717,0.15045871,0.067784384,0.19920304,0.11914581,0.145656
0.06835781,0.22218576,0.688024,0.1446791,0.23082514,0.72463953,1.0,0.5034998,0.10287527,0.084657565,0.071752176,0.026758945
0.078861825,0.2822271,1.0,0.16230363,0.17250016,0.5506869,0.8693614,0.75220644,0.30391762,0.073746584,0.027072437,0.059729334
0.29251558,0.31424397,0.33046216,0.25071117,0.57541144,1.0,0.5986387,0.52715504,0.15206249,0.10332328,0.117289916,0.34223706
0.9159949,1.0,0.6612899,0.3301363,0.36541584,0.7139299,0.6564732,0.67407066,0.33843333,0.31305897,0.38021183,0.5128847
0.61627805,1.0,0.47893316,0.092445396,0.04005266,0.0544552,0.06723064,0.053071376,0.036912758,0.08096491,0.17678656,0.19598135
0.4628584,1.0,0.7724718,0.12036048,0.028124005,0.015858894,0.012850761,0.013737019,0.018687809,0.07778013,0.17555235,0.17227562
0.28418556,0.74913543,1.0,0.20018794,0.048598394,0.018456098,0.011010644,0.014527465,0.037600465,0.1106546,0.16755694,0.13491596
0.21123514,0.74401903,1.0,0.2830516,0.06750726,0.067654505,0.18879339,0.2981619,0.19774774,0.19003111,0.17064922,0.09539422
0.03572871,0.1535399,0.23589937,0.14535533,0.028386507,0.052043952,0.2825827,0.9387984,1.0,0.24082683,0.032612287,0.011293087
0.009425894,0.05086553,0.1197584,0.117691495,0.028643059,0.008371062,0.05888883,0.32722238,1.0,0.7071215,0.07100835,0.0022751258
0.022928895,0.22306247,0.18368798,0.09938772,0.041718863,0.018225092,0.009804494,0.03405383,0.29586005,1.0,0.39336687,0.021157382
0.032308705,0.36488557,0.3387443,0.06847856,0.036802787,0.048247304,0.005592312,0.02890672,0.047872134,0.6758429,1.0,0.094312705
0.028571231,0.19177864,0.21750967,0.029073551,0.028947704,0.043914765,0.01967884,0.08266009,0.12680148,0.725906,1.0,0.102165624
0.09505237,0.58777606,0.685802,0.21106188,0.09120993,0.10893239,0.4328096,0.9151716,0.8744886,1.0,0.50068766,0.064917065
0.08090824,0.65440047,0.7223019,0.20538221,0.05443178,0.0870638,0.77072525,1.0,0.2878132,0.07085624,0.03934972,0.053794485
0.24321532,0.66140527,0.8535022,0.31124863,0.10287695,0.0973792,0.4807107,1.0,0.867134,0.7305743,0.29070374,0.1604659
0.11429049,0.19886288,0.26174086,0.11267966,0.078183495,0.12215724,0.07466782,0.122328304,0.23883802,0.69826645,1.0,0.28758135
0.118611716,0.10146757,0.16281873,0.07397828,0.0210424,0.11140829,0.14209287,0.023708472,0.013499654,0.14356601,1.0,0.9921546
0.123603925,0.071722575,0.07821302,0.05898177,0.0042304215,0.04309358,0.14696337,0.01655324,0.004163052,0.025039868,0.44922003,1.0
0.08626617,0.059527554,0.087683804,0.06661779,0.004576683,0.03971979,0.0965648,0.022654355,0.0886305,0.35027874,1.0,0.8537842
0.021619728,0.033987112,0.042114902,0.010876099,0.0035291023,0.014090956,0.02568457,0.113642626,0.58641994,1.0,0.6567892,0.17942603
0.011587412,0.014311611,0.014790561,0.008555424,0.005728328,0.023812553,0.09275617,0.33952028,1.0,0.81594324,0.24630311,0.03567959
0.075119235,0.071223505,0.082985766,0.07981856,0.07838269,0.09331352,0.10488407,0.13942939,0.2020244,0.54228806,1.0,0.19712381
0.17669877,0.19015355,0.20087883,0.19662066,0.19024028,0.2067872,0.21411292,0.27730167,0.3713721,0.62792635,1.0,0.34421757
0.27193263,0.46866083,0.5022854,0.25179058,0.19314241,0.26153463,0.32063374,0.33196285,0.36335024,0.7924334,1.0,0.4158453
0.3369918,0.77904403,1.0,0.27068195,0.1516013,0.260743,0.4024167,0.29285008,0.25200352,0.26907772,0.32935005,0.38303515
0.37029716,0.7767681,1.0,0.2651523,0.15523127,0.26097402,0.4186884,0.31169084,0.41061112,0.24574448,0.32593614,0.44566318
0.22483525,0.5542226,1.0,0.20997088,0.07654236,0.17301111,0.29006824,0.21936224,0.23588829,0.16951753,0.21375339,0.23780243
0.285476,0.6349355,1.0,0.19250847,0.08558583,0.21696714,0.3737023,0.20972797,0.25044623,0.22697425,0.21495631,0.2750993
0.32216492,1.0,0.8232689,0.18180697,0.0851463,0.13889432,0.1569877,0.11759748,0.24029446,0.28062046,0.20467454,0.19797337
0.36295253,1.0,0.9110596,0.23660019,0.11378353,0.14742762,0.16512997,0.14529772,0.22262773,0.41661,0.3385646,0.22067814
0.63182205,0.90950453,1.0,0.51866925,0.4165296,0.46227175,0.6274497,0.5069232,0.49738243,0.96750224,0.991649,0.6269809
0.762239,1.0,0.87049645,0.33130074,0.28188384,0.34927812,0.5931132,0.40963656,0.4554768,0.5888656,0.5851658,0.7538435
0.4966179,0.9627107,1.0,0.16989219,0.11096503,0.13092077,0.17654167,0.15611388,0.18453364,0.19874957,0.2468251,0.31853977
0.37753013,0.93707174,1.0,0.22676858,0.12405873,0.1400444,0.14328104,0.15689264,0.16133778,0.18099792,0.22751398,0.2121418
0.36049378,1.0,0.9255887,0.25512505,0.150449,0.16037737,0.1423972,0.16442402,0.18338983,0.19261646,0.20633128,0.21388057
0.484908,1.0,0.90990436,0.23513766,0.16739583,0.18765922,0.15741698,0.15318136,0.15198472,0.13886492,0.13851339,0.17990223
0.5913353,1.0,0.84104365,0.23430575,0.11492868,0.11747436,0.14031771,0.168386,0.186811,0.19987772,0.2082929,0.25480518
0.50704056,1.0,0.7712098,0.24160287,0.18430084,0.1831131,0.19236848,0.20397949,0.20162313,0.2022571,0.21421717,0.2341522
0.5112405,1.0,0.9473588,0.30948105,0.18197237,0.15527461,0.14579612,0.15268096,0.15382272,0.15981703,0.18180478,0.25440753
0.9495471,1.0,0.8385813,0.35373402,0.17654856,0.18128154,0.1563428,0.13448311,0.11371448,0.12404548,0.17266594,0.30638495
1.0,0.93236804,0.8219525,0.3389271,0.19051446,0.19167477,0.17281212,0.1817399,0.15451075,0.15797746,0.19604485,0.32405406
0.7468244,1.0,0.96996486,0.40187088,0.27027106,0.29119548,0.34443215,0.4479108,0.28072438,0.26558486,0.28272763,0.41452867
0.8593621,0.96838135,0.8063423,0.34012407,0.2813392,0.2943489,0.51893175,1.0,0.4030957,0.28735137,0.23064306,0.41747463
1.0,0.99490047,0.20092332,0.04077996,0.032699995,0.03170205,0.066196136,0.17231594,0.12274489,0.08727388,0.05735669,0.17764276
0.66771775,1.0,0.381999,0.028563088,0.016181601,0.01853364,0.023427082,0.051659644,0.05123427,0.035648596,0.054829773,0.1573309
0.2661039,0.98055845,1.0,0.065207735,0.017181272,0.017832661,0.018123668,0.02200042,0.02423826,0.02449531,0.050846316,0.1725148
0.17985417,0.83327353,1.0,0.097430736,0.02426012,0.022554656,0.022129942,0.024703817,0.022150487,0.023470715,0.035224434,0.10110337
0.4696892,0.8683442,1.0,0.24504611,0.092841715,0.090494335,0.11217661,0.15409967,0.16069463,0.16666116,0.19804598,0.26871642
0.575043,0.8731365,1.0,0.3868179,0.23027694,0.27976844,0.4008973,0.3401628,0.31396174,0.2975667,0.3850785,0.5158707
0.82370377,0.97389024,1.0,0.54240716,0.3839538,0.50171363,0.8217744,0.5876639,0.6416704,0.5060682,0.7096086,0.9577889
0.7725702,0.88186455,0.6317914,0.32488614,0.2612223,0.45569584,0.72918487,0.7239224,1.0,0.782232,0.8808308,0.79507405
0.7512575,1.0,0.80695474,0.44451836,0.4151049,0.6032667,0.67111576,0.72976416,0.76619416,0.64353096,0.66040653,0.67022765
0.912647,1.0,0.91004825,0.69991153,0.61939955,0.6873251,0.6017315,0.7842754,0.8544796,0.7350488,0.8527465,0.87227273
0.679122,0.69335586,0.6826428,0.71022123,0.776642,0.9010593,0.9075004,1.0,0.91219145,0.8269921,0.72153264,0.6368697
0.35971823,0.23898634,0.20610486,0.22720912,0.24116702,0.23655106,0.3858909,0.69512063,0.82152134,0.94342023,1.0,0.7057089
0.18777403,0.20351265,0.16145258,0.1681045,0.20331399,0.20681134,0.27490744,0.30950317,0.25258693,0.65556777,1.0,0.53230774
0.42257386,0.48101547,0.30242035,0.19934808,0.16589125,0.18144245,0.29068077,0.5401876,0.6106902,1.0,0.82170856,0.6222354
0.37305006,1.0,0.67533195,0.20740116,0.036979236,0.016507136,0.023323847,0.08017244,0.1899219,0.18135622,0.1793515,0.343852
0.40644524,1.0,0.6983305,0.078525126,0.0074867452,0.003446257,0.0076561873,0.014962876,0.022916753,0.07646489,0.38920966,0.7788076
0.45449302,1.0,0.63236225,0.0817203,0.0177599,0.0211055,0.021711688,0.047075476,0.0634594,0.16745165,0.6401224,0.91194284
0.923408,1.0,0.5976949,0.12460899,0.051404383,0.14073405,0.17707482,0.14095794,0.09440867,0.14732093,0.51147586,0.79582095
1.0,0.9365526,0.34905183,0.07104089,0.036984682,0.09526812,0.1214081,0.16219002,0.18007098,0.07011269,0.09491659,0.36200652
0.52523834,1.0,0.25946614,0.06373521,0.073071234,0.026941625,0.0137249995,0.028645992,0.17193952,0.15168104,0.016359793,0.09221657
0.36357328,1.0,0.24920875,0.11695761,0.13520087,0.018347781,0.0095699495,0.008747035,0.20803094,0.23311853,0.013877919,0.059923593
0.47287548,1.0,0.32922974,0.17904848,0.15395191,0.03897578,0.020160435,0.02745873,0.4451983,0.28182885,0.011080124,0.07042406
0.44819912,1.0,0.4957734,0.2119072,0.14991753,0.10506559,0.114636876,0.085671335,0.9253642,0.4166245,0.012605229,0.07194055
0.15013435,0.38097367,0.40322644,0.23074573,0.27346393,0.14377087,0.18945609,0.13337159,1.0,0.48915732,0.02578085,0.028996766
0.06725566,0.21078135,0.30745283,0.18437073,0.23056807,0.10338101,0.10293532,0.25986132,1.0,0.6308303,0.073648684,0.021056937
0.03042641,0.09084969,0.11040734,0.08792447,0.053795073,0.05305215,0.15253901,0.5422469,1.0,0.61117846,0.17640339,0.019255988
0.005998766,0.018478407,0.032989044,0.016147891,0.022032045,0.016963502,0.019689925,0.03816802,0.20991534,1.0,0.86172855,0.06186969
0.0061697285,0.0064145015,0.010919292,0.0063355635,0.004828297,0.0048521827,0.003788628,0.0073474883,0.03495263,0.34560528,1.0,0.17422026
0.008288201,0.0029526192,0.003662872,0.0025166303,0.002232851,0.003700922,0.0020037568,0.0035415327,0.016485719,0.14657779,1.0,0.3399319
0.014875777,0.0029411647,0.0032650665,0.0015120697,0.0010221043,0.002421168,0.0019995964,0.001189071,0.0047133267,0.08199349,1.0,0.5282581
0.039021824,0.0036742063,0.005530477,0.0042228526,0.0016657278,0.006498594,0.008758087,0.0015814169,0.0022369719,0.054410286,1.0,0.94045186
0.06353929,0.0054052053,0.009963018,0.007978951,0.0018445209,0.010617972,0.017382268,0.0016752429,0.0020011752,0.019562107,0.61899215,1.0
0.07762603,0.008061511,0.015852802,0.011061349,0.0022324803,0.014256012,0.013952406,0.0017076824,0.0027555292,0.040014923,0.56019694,1.0
0.052991044,0.010479096,0.0114837745,0.0072214515,0.002099905,0.017628329,0.012165459,0.0013667747,0.0022548428,0.046346735,0.9373889,1.0
0.029139925,0.010662786,0.0141155785,0.007158043,0.0021956014,0.018940974,0.013057909,0.00110589,0.0014135331,0.046688132,1.0,0.8354385
0.027196834,0.007785182,0.018228218,0.010786132,0.0027156917,0.026705258,0.022350943,0.0013104298,0.0016937358,0.04149874,1.0,0.8687512
0.032019887,0.004381023,0.010528741,0.011427968,0.006307652,0.061678506,0.065608405,0.0027120118,0.0034038697,0.036621526,1.0,0.967148
0.027151393,0.0021918404,0.0043769954,0.0047304044,0.01251933,0.23038173,0.27006802,0.008776724,0.007140123,0.042535342,1.0,0.8847013
0.016458042,0.0015233825,0.0028972114,0.0021098435,0.01434986,0.5277208,0.55512875,0.015971946,0.0069646663,0.071588084,1.0,0.6335329
0.011010198,0.0014921102,0.0026070226,0.0014460003,0.014759017,0.5372904,0.46604976,0.016726695,0.0058200913,0.109024055,1.0,0.42560607
0.01231069,0.003030533,0.0032750466,0.0016910372,0.009896546,0.27971897,0.18740351,0.030905142,0.009846563,0.0936082,1.0,0.44876027
0.043863304,0.005288104,0.0054193963,0.003288483,0.009096053,0.26187095,0.19295475,0.06763654,0.022687446,0.051978853,1.0,0.9863424
0.047469947,0.0038294569,0.0038163655,0.0031057862,0.008438857,0.2904957,0.23928495,0.03633612,0.016164914,0.052222643,0.94638216,1.0
0.02619155,0.0026829964,0.0026150139,0.0024019969,0.010689106,0.3091968,0.21085627,0.018958958,0.012999998,0.05104315,1.0,0.80927163
0.016055463,0.0023235022,0.0028852301,0.0029760106,0.01805848,0.42043567,0.22563118,0.011118429,0.007956887,0.05376872,1.0,0.6674058
0.012820831,0.0025154776,0.0042835604,0.0042259614,0.031099983,0.693348,0.34212756,0.01017998,0.0049492256,0.056184754,1.0,0.60509694
0.012018472,0.003198032,0.005790811,0.0051275315,0.046603452,1.0,0.46663353,0.009239852,0.0037411458,0.049552903,0.90899587,0.55268943
0.014861536,0.0035036607,0.006534616,0.004911027,0.041557968,1.0,0.54815453,0.00824341,0.003182091,0.043591056,0.9196629,0.6376596
0.020991236,0.006364913,0.009226216,0.008337563,0.029612213,0.63961744,0.4588641,0.00932438,0.0047635036,0.03995605,1.0,0.78827584
0.018947192,0.005936418,0.009925071,0.009431784,0.02013603,0.36427248,0.26954466,0.0064172535,0.004230375,0.04244711,1.0,0.7468333
0.012931176,0.003766971,0.0073677977,0.0081004035,0.016468408,0.23196664,0.14203835,0.0031160312,0.002573014,0.05088542,1.0,0.6094816
0.013028694,0.0042814002,0.006231297,0.0052025463,0.0087513635,0.160473,0.09416497,0.0018197023,0.0015329828,0.05261701,1.0,0.58961415
0.017217528,0.005311415,0.0073025962,0.004260135,0.005820161,0.13686831,0.08365544,0.0013483082,0.0006850184,0.046182178,1.0,0.6901458
0.015637083,0.005205633,0.008102884,0.005732068,0.0046196543,0.111096404,0.07049027,0.0011920758,0.00059211074,0.04460968,1.0,0.6694384
0.009707915,0.00502977,0.0112814875,0.011368307,0.0042437315,0.08292682,0.043998417,0.0006781474,0.00047593357,0.061696883,1.0,0.5042831
0.007419122,0.004621924,0.015735181,0.018683154,0.0037412604,0.061161958,0.027559124,0.00039091444,0.0003782299,0.06605726,1.0,0.45273644
0.00858929,0.005080695,0.020466326,0.027119074,0.003564373,0.05538282,0.026989236,0.00040561342,0.00041042155,0.056351572,1.0,0.49885997
0.00852818,0.0076900623,0.021061929,0.024112599,0.0032018896,0.04744881,0.022136701,0.00036252398,0.00047682595,0.061108667,1.0,0.47691485
0.0065082093,0.009615,0.027083993,0.024352904,0.0028559545,0.038135283,0.015650528,0.00028673426,0.00044478392,0.06950042,1.0,0.41884375
0.005739422,0.0132269375,0.028665798,0.025418827,0.0029284756,0.034404654,0.013139177,0.0003957193,0.0005457461,0.070134655,1.0,0.39490062
0.0075147822,0.015928654,0.027692826,0.022838566,0.0028594963,0.031896487,0.014206054,0.00051041314,0.00066178886,0.061992988,1.0,0.44080368
0.009416532,0.016414337,0.024082128,0.017003177,0.0025449567,0.030278683,0.01558813,0.0006370423,0.0006565378,0.053377096,1.0,0.5002045
0.008925062,0.027126066,0.028108094,0.016220286,0.0027353996,0.025733229,0.01291881,0.0013013608,0.0007012003,0.056817457,1.0,0.4705445
0.010536298,0.036241155,0.03202746,0.012910535,0.0027996667,0.02222437,0.010466792,0.0015553331,0.00078297616,0.06373533,1.0,0.4181062
0.011953424,0.03164251,0.03367889,0.00859269,0.002514856,0.0231999,0.010949679,0.001302072,0.0008622639,0.062025268,1.0,0.42795905
0.01124847,0.054726973,0.046988513,0.013909184,0.0037825585,0.02280578,0.011790891,0.0022080666,0.0009723604,0.0603789,1.0,0.4351916
0.011873445,0.084089644,0.0627829,0.021935137,0.00619465,0.02114569,0.010811584,0.002709492,0.0019379797,0.070593774,1.0,0.37451825
0.0130937975,0.098931685,0.054392535,0.022307985,0.008965833,0.019285778,0.00889997,0.0036708,0.0026072813,0.08530415,1.0,0.3122536
0.010458171,0.075395055,0.04908237,0.018387137,0.0068234247,0.01724464,0.0061355685,0.0021458028,0.0020459222,0.101868704,1.0,0.25700283
0.01025396,0.07609547,0.06479746,0.020182274,0.00580371,0.016990457,0.0046473006,0.0011507806,0.0020213793,0.114343144,1.0,0.2251091
0.011045877,0.06440345,0.051395234,0.023560936,0.0060793464,0.017657379,0.0046795523,0.0014133984,0.0024544434,0.11254761,1.0,0.22605503
0.010904013,0.04582385,0.04584129,0.034150008,0.006608036,0.0208432,0.005751336,0.0013517012,0.0021945313,0.10888825,1.0,0.23286502
0.0126977,0.047524713,0.056459136,0.05396306,0.008260097,0.024603121,0.0068580154,0.0018715059,0.0023026424,0.11207284,1.0,0.2254757
0.014240169,0.055845413,0.055818673,0.06566971,0.010154278,0.03283449,0.009569902,0.0022715996,0.0026408478,0.10989871,1.0,0.2340807
0.01147279,0.034787428,0.035925806,0.033268254,0.0103299115,0.064752,0.0214235,0.0020702868,0.0024202366,0.08900134,1.0,0.28862485
0.0076160952,0.017114775,0.018324083,0.008383179,0.014485402,0.2148152,0.083366156,0.0027500035,0.0022592333,0.08509141,1.0,0.29863334
0.005935822,0.011570357,0.013781778,0.0059714434,0.029905654,0.6352286,0.31598094,0.0074343635,0.0040898165,0.0903294,1.0,0.29321447
0.0053760316,0.009359351,0.015626255,0.004835072,0.031278655,0.69019526,0.3562148,0.01280006,0.0079504475,0.08460319,1.0,0.32538566
0.005165614,0.006399822,0.016813098,0.0045318394,0.016915645,0.28379992,0.115388714,0.024298342,0.008259881,0.08761995,1.0,0.34542567
0.0053876764,0.0031180407,0.014513743,0.003448545,0.007763247,0.12742771,0.052388906,0.013907223,0.0026681998,0.09834464,1.0,0.36341769
0.006761838,0.0023680278,0.012803734,0.0036465195,0.007184775,0.117040195,0.045868594,0.008300803,0.0016706038,0.09342102,1.0,0.413693
0.009146162,0.0033455533,0.021120746,0.0068183667,0.032805294,0.46533045,0.15335123,0.010205437,0.00185601,0.072987124,1.0,0.48658764
0.0159549,0.008743349,0.03721371,0.013617507,0.08530129,1.0,0.31602854,0.0052921837,0.0021244301,0.047426946,0.8596158,0.53150564
0.042179123,0.033634033,0.08780532,0.037885934,0.053675678,0.5564702,0.21786498,0.003454147,0.0028379445,0.039114747,1.0,0.804353
0.05587451,0.052832026,0.057816926,0.0295784,0.0071009784,0.043183018,0.036042787,0.00344403,0.0063016815,0.07305731,1.0,0.77842396
0.050874252,0.07076259,0.03196574,0.017468622,0.01354611,0.022468701,0.026234858,0.04131644,0.11424896,0.4166652,1.0,0.39201847
0.10491172,0.20473665,0.1262875,0.14044204,0.23807646,0.29185477,0.29191652,0.37537295,0.606807,1.0,0.6926639,0.18705358
1.0,0.80870485,0.45576394,0.48758665,0.49945912,0.5083332,0.35626304,0.42463148,0.43333563,0.5196268,0.6242574,0.9818836
0.348965,0.2596377,0.18501751,0.1660511,0.15120558,0.056377973,0.05101989,0.09840641,0.29949123,0.7809815,1.0,0.5861083
0.3094394,0.18677162,0.12771803,0.13980384,0.26023877,0.20506229,0.18824121,0.19900534,0.23095588,0.5719239,1.0,0.71145207
0.3437596,0.27342162,0.12560979,0.050578106,0.10906961,0.14182922,0.24673243,0.45883036,0.8101738,1.0,0.52618724,0.39600188
0.09747522,0.16192818,0.06407522,0.019602703,0.02001957,0.018953985,0.020488372,0.06797219,0.2764664,1.0,0.6572466,0.094388865
0.07357888,0.13516739,0.058664285,0.028716728,0.017717442,0.04114693,0.025023837,0.029853104,0.041680768,0.44480821,1.0,0.28324395
0.14655903,0.20470493,0.044376653,0.019073451,0.024356052,0.07145192,0.08787987,0.023558289,0.030635031,0.06768491,1.0,0.91398686
0.18704043,0.3404549,0.043379396,0.010159696,0.021906946,0.1273339,0.2986056,0.01760218,0.008637904,0.017332764,0.55242735,1.0
0.14909582,0.26470688,0.044421893,0.014167705,0.008208226,0.37351662,1.0,0.068558075,0.0024355664,0.014790707,0.5076459,0.73267734
0.09575125,0.148999,0.23002908,0.041343655,0.011408735,0.46756524,1.0,0.079555474,0.0037777475,0.081279546,0.86315477,0.4800691
0.017333554,0.075147636,0.25109127,0.02825917,0.012538641,0.093153656,0.06281406,0.0076671527,0.0055433894,0.2350028,1.0,0.16495275
0.0024633873,0.048991926,0.0954938,0.009934704,0.0111358855,0.030831803,0.0029878346,0.002837411,0.00582466,0.30060524,1.0,0.101325974
0.004399441,0.021553963,0.0479774,0.008113661,0.00835832,0.037774358,0.010279383,0.002460661,0.0053021433,0.23228359,1.0,0.19421408
0.05063123,0.01394349,0.03980208,0.024557956,0.0048757773,0.06200412,0.07034469,0.0039398624,0.0039821016,0.09710911,1.0,0.8392029
0.1382453,0.028318146,0.020544687,0.032402813,0.0023965377,0.024473595,0.083752334,0.008536212,0.0012302387,0.00918975,0.32263118,1.0
0.19169572,0.03884001,0.015540872,0.03108439,0.002677982,0.011441659,0.077793114,0.011728494,0.0007794052,0.0038044914,0.19021843,1.0
0.10987272,0.02123372,0.025900338,0.03269469,0.0024132582,0.027439926,0.080263756,0.0077077216,0.0026420401,0.015027826,0.4664855,1.0
0.023791691,0.0070551834,0.051969666,0.021832654,0.002872426,0.0525446,0.044846486,0.002870308,0.0075847628,0.07896605,1.0,0.68398046
0.0059997407,0.0072083934,0.046265386,0.008079391,0.0043296805,0.052811783,0.01712963,0.0026347642,0.008714488,0.1270744,1.0,0.34519646
0.029857084,0.007569861,0.04355184,0.015159865,0.004577673,0.094043836,0.09293134,0.0059405765,0.0055987104,0.092884846,1.0,0.68150824
0.14512156,0.020083914,0.02195408,0.020063631,0.0024124496,0.06301244,0.24834007,0.04994641,0.0014518243,0.014051897,0.4400187,1.0
0.44002986,0.116130196,0.06765475,0.01804723,0.004100282,0.053140797,0.5790784,0.2296487,0.0036982817,0.002429129,0.13539366,1.0
0.44420004,0.22035056,0.112088315,0.009257835,0.0058247293,0.15079291,0.97073483,0.27045485,0.0057328125,0.0072766384,0.13369285,1.0
0.17170943,0.14501558,0.06663898,0.0063762707,0.017697811,0.1521475,0.45547754,0.077965245,0.025564928,0.21918823,0.9817613,1.0
0.014817695,0.12066037,0.081319615,0.0049430393,0.032943353,0.058670662,0.01805249,0.0033963118,0.030769242,0.69302756,1.0,0.14033781
0.01938007,0.18613864,0.15598264,0.008117609,0.023097489,0.032716535,0.0040053204,0.002993942,0.027834853,0.70759785,1.0,0.10463108
0.0712088,0.17155832,0.11820391,0.008251102,0.005886411,0.031486068,0.022155926,0.0026142285,0.011363631,0.20579964,1.0,0.54512703
0.22003162,0.5511224,0.08519936,0.004996424,0.0011833102,0.017673222,0.055036623,0.0065605678,0.016036367,0.0447977,0.43618986,1.0
0.24393748,0.7326312,0.110506035,0.005041172,0.0038415461,0.04705764,0.095605254,0.0099969385,0.0250626,0.049419265,0.373931,1.0
0.08148265,0.25530043,0.1306302,0.008197172,0.12631638,0.45942226,0.09547653,0.007871522,0.025257334,0.2709222,1.0,0.45826575
0.014666877,0.11831108,0.16688767,0.009162126,0.19941199,1.0,0.31209928,0.019174706,0.015264531,0.26052883,0.71274924,0.114756204
0.0867424,0.119175136,0.087871216,0.01076466,0.07301209,0.8058946,1.0,0.12869789,0.01158243,0.07153828,0.3618985,0.2959492
0.57871604,0.2558373,0.14300974,0.0105101075,0.0066170683,0.2257636,1.0,0.31189635,0.011544687,0.031955216,0.21501197,0.8993242
0.5794711,0.21660829,0.14757487,0.008336831,0.003644165,0.012882553,0.12437563,0.12511975,0.056892645,0.23531568,0.63825566,1.0
0.220946,0.43531665,0.24457037,0.039451282,0.031166207,0.04210311,0.06351158,0.104511335,0.23903267,0.6655368,1.0,0.4434113
0.3400663,1.0,0.7674647,0.10632811,0.048654173,0.050066356,0.06001969,0.07886771,0.072724424,0.11322248,0.19301148,0.25165924
0.52115226,1.0,0.8057109,0.16527049,0.061299134,0.06577568,0.095805526,0.07966552,0.0783277,0.16635452,0.3543943,0.5015743
0.277448,0.55506134,0.5934677,0.12903486,0.033463527,0.031068314,0.05007773,0.076218806,0.21608871,0.67873657,1.0,0.55921954
0.42438957,0.13404213,0.09401341,0.0114533575,0.005057021,0.004769869,0.004983596,0.009525452,0.05925608,0.34944788,0.98063993,1.0
1.0,0.25669098,0.1535056,0.012582655,0.013729403,0.01662214,0.021436414,0.011617245,0.01357778,0.09249739,0.40424034,0.9615109
0.80051494,0.40709427,0.32085544,0.048415672,0.07512092,0.102696665,0.1387146,0.031635728,0.023403458,0.045845892,0.48011038,1.0
0.06758942,0.090785205,0.06419479,0.015389169,0.019241786,0.0738306,0.057200067,0.0070193363,0.0076200035,0.074347064,1.0,0.60308343
0.117211096,0.097977705,0.019033352,0.004845213,0.0036783712,0.036411148,0.069975995,0.00983822,0.005135787,0.044483196,0.7838401,1.0
0.26084438,0.23327775,0.07814736,0.00927568,0.012827807,0.04408305,0.36252642,0.26769382,0.022413809,0.012783507,0.20639561,1.0
0.53608435,0.20409341,0.12869853,0.01143648,0.008359753,0.03363985,0.6905884,1.0,0.079498984,0.026084727,0.1402514,0.9971473
0.4114325,0.055019394,0.038504604,0.00551019,0.0019973728,0.007022362,0.24133396,0.41214213,0.087087214,0.21568413,0.63560027,1.0
0.15376724,0.022135073,0.0074445806,0.0031929251,0.0015833688,0.0063118264,0.0464043,0.06912348,0.13226324,0.4279945,1.0,0.5687657
0.6375718,0.10877965,0.013549419,0.008390054,0.008026505,0.017095089,0.06497444,0.098994404,0.08427128,0.1474239,0.52050406,1.0
1.0,0.69818854,0.07246596,0.004203636,0.0034494265,0.0046247514,0.01974814,0.027629776,0.014210685,0.040118672,0.09857556,0.2083337
0.30251938,1.0,0.20299591,0.004614091,0.0023124288,0.0027314494,0.0051931418,0.008095812,0.0060275444,0.010752842,0.024929168,0.055814825
0.24999031,1.0,0.18879288,0.0034019565,0.002144611,0.0024233814,0.0022474823,0.002419748,0.0025156687,0.012115506,0.019744527,0.032009736
1.0,0.7956079,0.07428076,0.0028680232,0.002635825,0.0025531957,0.0019912855,0.0022860265,0.0024741865,0.007043065,0.0202461,0.18272457
1.0,0.13572402,0.005300491,0.0016357114,0.0016023234,0.0013982633,0.0013182103,0.0013705796,0.001369569,0.0034785122,0.02526188,0.46441117
1.0,0.104298264,0.0028642733,0.0013325498,0.0013465158,0.0014170766,0.0012194635,0.0011868541,0.0010631504,0.0031602336,0.01602174,0.4652012
1.0,0.34090933,0.010795421,0.0022544148,0.0024397478,0.0028115883,0.0021343783,0.0018616597,0.0017644203,0.003137755,0.0078057987,0.20724005
0.6683382,1.0,0.10470816,0.004338121,0.0039025848,0.004763343,0.0039651296,0.003816409,0.0037697712,0.0052379076,0.00709403,0.044676468
0.1945945,1.0,0.18881962,0.0031896965,0.0015719945,0.0020557507,0.0014374477,0.0016267591,0.002126694,0.002595279,0.004857614,0.0062461672
0.340548,1.0,0.15485692,0.0067516556,0.005848109,0.006772452,0.006101936,0.0056291413,0.005525167,0.0053536757,0.009107083,0.019800046
1.0,0.66991305,0.049520344,0.0060025128,0.0049002925,0.004991544,0.0051050466,0.0059997574,0.0064571686,0.0071408562,0.011797866,0.12956826
1.0,0.22124447,0.006958509,0.0033833052,0.0037601942,0.003742019,0.0040026596,0.004271318,0.0038556587,0.0038599244,0.0054254592,0.19508755
1.0,0.45787022,0.01921057,0.0031126782,0.0033689046,0.002802803,0.0033347502,0.004190821,0.0040879347,0.0041079717,0.0050939475,0.1383426
0.5189552,1.0,0.111881405,0.011142965,0.010716399,0.010485615,0.010181529,0.010725179,0.010707057,0.011262322,0.011872927,0.03627315
0.20424905,1.0,0.1883627,0.009373609,0.008425022,0.0085652415,0.007935675,0.008120601,0.007838803,0.007730498,0.008150887,0.01049797
0.61284435,1.0,0.14262445,0.0048524747,0.002649188,0.0023452074,0.0020522284,0.0021882975,0.0025520884,0.003919455,0.023143526,0.14313489
0.6713869,0.22165379,0.024305876,0.009622603,0.0037247252,0.003023885,0.0037087332,0.0029564335,0.002821701,0.009708361,0.25952187,1.0
0.30197835,0.02552788,0.0066800956,0.009620496,0.002727173,0.0019498785,0.003484331,0.0029994855,0.0035250566,0.011384785,0.27747518,1.0
1.0,0.19303827,0.009730849,0.008227573,0.0060521383,0.004301653,0.0050849025,0.005376077,0.005164195,0.007781617,0.08008847,0.60287756
1.0,0.6356399,0.024764396,0.0034812924,0.0043883347,0.0030224258,0.0021387371,0.0027692453,0.0027739073,0.0027506948,0.0047832574,0.12627646
0.9181758,1.0,0.042725146,0.006286037,0.009498762,0.009160384,0.006931892,0.0073737716,0.006922222,0.0064164978,0.005711119,0.039650157
1.0,0.55215484,0.019862128,0.004481552,0.005940667,0.0044489447,0.0038834545,0.005140563,0.0056773853,0.0058402205,0.0059501133,0.098626696
1.0,0.21049827,0.0109921405,0.0042274925,0.0051309625,0.002469226,0.0023244838,0.0027194335,0.0027000052,0.0027951752,0.0058765006,0.23998299
1.0,0.12431599,0.01174495,0.006041226,0.006634946,0.0041946834,0.00406722,0.004920384,0.010927484,0.026061054,0.066905655,0.5206744
1.0,0.20063086,0.060654573,0.04644665,0.04165666,0.04302068,0.053807005,0.08212085,0.18462622,0.3640576,0.56481713,0.98024464
0.7957471,1.0,0.60931915,0.5208766,0.438456,0.4071532,0.43936718,0.6072735,0.825055,0.9714387,0.80719155,0.5368143
0.6003996,0.73067105,0.5440985,0.14667703,0.06350472,0.10866018,0.16850208,0.20691216,0.29643697,0.47694868,0.940751,1.0
0.51504934,1.0,0.8328891,0.17803533,0.04215691,0.06287074,0.08093454,0.094653904,0.110442385,0.20394821,0.85976976,0.89660007
0.58539975,1.0,0.9838942,0.2720915,0.050513938,0.0650633,0.12755275,0.32049727,0.71011835,0.9016949,0.81506205,0.8338824
0.10108159,0.12535633,0.15132077,0.040324893,0.027480312,0.050713424,0.063441806,0.15914677,0.49992305,1.0,0.5260299,0.10715437
0.056331143,0.0992986,0.14061856,0.016003242,0.047157366,0.47280854,0.24406661,0.048468713,0.1347006,0.55995995,1.0,0.34174803
0.066793986,0.053711485,0.044385694,0.0087128645,0.042766295,0.76759875,0.51756364,0.017202783,0.024214286,0.08091072,1.0,0.9721847
0.019641496,0.043808915,0.017985806,0.002423561,0.0059380117,0.067612246,0.0650993,0.008630341,0.122192174,0.6567655,1.0,0.38483983
0.009401149,0.046733,0.025065666,0.012799896,0.0040414245,0.0039628963,0.011746878,0.118438475,0.77418,1.0,0.32379878,0.033494327
0.124340035,0.121628575,0.07820983,0.030275995,0.012931884,0.057817932,0.12244609,0.42581373,1.0,0.443485,0.03582561,0.026756406
1.0,0.48156333,0.14402123,0.02764664,0.09772222,0.4416006,0.41762093,0.54114807,0.3850703,0.06968945,0.015806656,0.25543112
0.29506138,0.20398839,0.105017625,0.036158342,0.02712881,0.12768531,0.28502893,1.0,0.71295965,0.050487947,0.005229714,0.07325906
0.015421019,0.051047947,0.069988444,0.058664158,0.0051401863,0.0033215773,0.034060244,0.5147438,1.0,0.113162965,0.003469366,0.003374549
0.03378041,0.19555894,0.42528522,0.1598802,0.0072858334,0.008781475,0.09929759,0.6795226,1.0,0.10549896,0.003005721,0.005679408
0.4149756,1.0,0.997521,0.17496634,0.06674558,0.12663668,0.39459762,0.8221002,0.33142808,0.0208594,0.028816517,0.10880219
0.7743941,0.7045586,0.29437867,0.96337056,1.0,0.31325856,0.15940958,0.09572377,0.065975204,0.0631866,0.5998694,0.78625226
0.088948555,0.048542496,0.08160356,0.6368757,1.0,0.22079629,0.018129643,0.00922721,0.0069801137,0.012887841,0.16990916,0.29657122
0.13266338,0.044915598,0.06008513,0.3676139,1.0,0.5331025,0.09454658,0.0292251,0.0052469918,0.0036652444,0.030966794,0.1665121
0.06879982,0.04302662,0.0229121,0.04960307,0.31614935,1.0,0.3946086,0.04426914,0.008271662,0.0032723201,0.0076326346,0.03079741
0.022452887,0.02259101,0.17026518,0.6507648,1.0,0.64509016,0.12293619,0.017252544,0.009607264,0.018517066,0.06894824,0.045881167
0.018237099,0.016267696,0.19843355,1.0,0.7735393,0.11866507,0.023526845,0.006559857,0.0032848,0.029062191,0.15359043,0.083745115
0.12094792,0.06188008,0.118807785,0.53393376,1.0,0.9605296,0.9090562,0.6469925,0.2250321,0.043986037,0.12666823,0.18823318
0.011267765,0.013340491,0.017752787,0.017830025,0.040905453,0.110390455,0.25067478,0.67789996,1.0,0.28461528,0.017418105,0.0076331627
0.0006185655,0.0027372045,0.0067571513,0.012039853,0.0040575094,0.0014547785,0.0116556,0.20554025,1.0,0.3739241,0.012397978,0.00040366017
0.00047523447,0.0016710521,0.0077140657,0.028893463,0.009414478,0.0022935679,0.03516865,0.37811136,1.0,0.26880965,0.0063790753,0.0002426539
0.00068487105,0.0027897048,0.011338675,0.03628541,0.020150254,0.09441194,0.54731965,1.0,0.80478156,0.13006024,0.0033883487,0.0003572908
0.0014866462,0.0053897733,0.0049153725,0.004658193,0.016443998,0.23184685,1.0,0.44465774,0.070342936,0.011685163,0.002817817,0.0016959582
0.0049838885,0.006761053,0.01249381,0.0073010675,0.009101344,0.048945263,0.40942836,1.0,0.44605595,0.031643324,0.003629548,0.0078191785
0.005315203,0.0091168415,0.014372478,0.0101949945,0.004953792,0.023023685,0.18688425,0.85134375,1.0,0.10751815,0.0022818113,0.0031359838
0.0020264722,0.010786745,0.02016714,0.007984652,0.017520554,0.08439646,0.42068318,1.0,0.66438687,0.07770611,0.0032003003,0.0006856307
0.0019747517,0.018404158,0.03139341,0.00985772,0.048949815,0.16683848,0.61252874,1.0,0.30336106,0.039251674,0.0056029917,0.001018021
0.056946736,0.43729272,0.4932241,0.26716164,0.6715483,0.3218876,0.71808255,0.6798609,0.6319358,0.9275284,1.0,0.30251953
0.06327882,0.07930621,0.13585016,0.02363064,0.053444423,0.05382508,0.0228614,0.017322343,0.016467102,0.14808783,1.0,0.7192434
0.14692074,0.01405717,0.023930311,0.0041302647,0.0021841652,0.01195711,0.010184266,0.0021858043,0.0013494047,0.036192942,0.6108419,1.0
0.17761856,0.013841974,0.004410152,0.0023096353,0.001641477,0.012256906,0.017603777,0.0027988222,0.009520819,0.064848416,0.45935693,1.0
0.058378123,0.011553494,0.0109311035,0.022681387,0.012371665,0.008964119,0.014831289,0.0971471,0.43280023,0.7253207,1.0,0.5290392
0.006294793,0.04047432,0.04931511,0.057131086,0.008995468,0.0015076338,0.020387324,0.4475758,1.0,0.32813445,0.1418775,0.027121745
0.009941496,0.060736272,0.061772674,0.038500194,0.017424116,0.0018335647,0.010638607,0.26098922,1.0,0.5111633,0.04424838,0.003511627
0.0033204001,0.013013179,0.013168745,0.012729886,0.05588673,0.013588639,0.0024666416,0.030457277,0.47059432,1.0,0.1695312,0.0038288108
0.00079917733,0.0035576364,0.0058076046,0.023992185,0.11789325,0.03629728,0.023181085,0.15524597,0.7699425,1.0,0.15287404,0.0031695964
0.0010552462,0.0050259,0.012571638,0.021193111,0.04867528,0.06331519,0.24880499,0.65302587,1.0,0.3524145,0.025124835,0.0021240949
0.004101289,0.009020325,0.017573074,0.015264921,0.045092285,0.26256844,0.9681233,1.0,0.55822814,0.16611828,0.022188988,0.0066454476
0.0135016665,0.007149043,0.007273751,0.0048042512,0.008126437,0.013905557,0.06493936,0.25105956,0.32154092,1.0,0.7653628,0.16991247
0.011990914,0.0010632541,0.0012342436,0.00030766515,0.0022347467,0.011195679,0.004650243,0.007179502,0.040023465,0.43767294,1.0,0.31572667
0.034878794,0.0014321223,0.001461979,0.00034263107,0.0028656938,0.06311098,0.055542223,0.0031487981,0.010135239,0.19467998,1.0,0.6514156
0.08133174,0.006996896,0.0018113387,0.0008743875,0.0047036535,0.15975557,0.19701558,0.0077547384,0.0022286498,0.045009296,0.6287999,1.0
0.056819346,0.019046072,0.013344835,0.0023472048,0.0052505434,0.08944639,0.115988955,0.006037844,0.008632663,0.15930091,1.0,0.8234966
0.008571794,0.016516875,0.025817815,0.009095685,0.029181143,0.027930822,0.009434944,0.011050054,0.18671444,0.94134414,1.0,0.19722591
0.006081763,0.010300813,0.018241772,0.019889012,0.03450539,0.004234623,0.0013235625,0.020098137,0.5239408,1.0,0.15773873,0.009197279
0.005434901,0.009261341,0.009187225,0.0098878,0.020584801,0.0021160594,0.0006072787,0.010266979,0.3736708,1.0,0.14860861,0.002753874
0.0024500117,0.006012282,0.0026891648,0.003941419,0.014235973,0.0022270721,0.0005923679,0.008565502,0.2561967,1.0,0.22580072,0.003914917
0.009665686,0.033073246,0.03987007,0.022483142,0.015234068,0.002208605,0.025376193,0.2642858,1.0,0.8992156,0.11498697,0.0038222081
0.01723203,0.06289111,0.10139241,0.02268143,0.0028442533,0.0072992155,0.25977942,1.0,0.6761801,0.14978047,0.0064627933,0.0013081729
0.014610891,0.06056231,0.1154251,0.00734376,0.00035180355,0.011674706,0.47469854,1.0,0.106278084,0.0057566226,0.0014289098,0.0011463367
0.014121733,0.039687894,0.07588844,0.00971307,0.00030252378,0.0062420936,0.30471623,1.0,0.20968646,0.0062124464,0.0007623757,0.00073352584
0.0113732815,0.03942649,0.06183615,0.038589057,0.0010147713,0.0022494446,0.11480478,1.0,0.6628704,0.030354401,0.0006107019,0.00034136328
0.0069715213,0.054856043,0.1815469,0.12895425,0.0026938336,0.0020170617,0.07583506,1.0,0.89121515,0.040860385,0.00045830983,0.00021636361
0.0052178274,0.11089207,0.52943844,0.16827387,0.0020846361,0.00970833,0.28375256,1.0,0.34169084,0.01140188,0.00024680828,0.0002166877
0.007116523,0.30946204,0.60654604,0.09260262,0.0016520233,0.044601876,0.89071006,1.0,0.09385578,0.0020930108,0.00054886786,0.00040506534
0.006440546,0.23832257,0.22292434,0.008490873,0.001122406,0.05315524,0.9495349,1.0,0.06426563,0.0011238294,0.000638022,0.0004874124
0.0014628707,0.06485006,0.1338655,0.016400047,0.0005478283,0.014517994,0.41736922,1.0,0.1953054,0.0056870007,0.00026624973,0.00031121005
0.0007912266,0.011606786,0.06976491,0.026393697,0.00059245224,0.0047193803,0.13228998,1.0,0.52957785,0.019773683,0.00025020167,0.0003301785
0.0013198602,0.030652046,0.071584016,0.01376389,0.0013380642,0.023134103,0.36482415,1.0,0.33334634,0.012254488,0.0007242094,0.0006988236
0.0027737385,0.061887186,0.060707502,0.0037870742,0.0021057879,0.10752997,1.0,0.68619317,0.04945424,0.0013458461,0.0012482393,0.0005407797
0.0019095829,0.042836577,0.069248706,0.018734943,0.0019627765,0.08312669,0.9263426,1.0,0.17793983,0.012266677,0.00096267636,0.00026210202
0.00046714806,0.01358654,0.09649155,0.090925075,0.003535929,0.010953296,0.18796687,1.0,0.8537559,0.07237135,0.0008684192,0.00013392403
0.00037073455,0.0065424535,0.043165416,0.07974433,0.004116285,0.0017519757,0.02680254,0.5674974,1.0,0.111844875,0.0016949954,9.366266e-05
0.0016367644,0.03690373,0.07925655,0.06900156,0.0050879396,0.013897447,0.20488141,1.0,0.89933133,0.12288668,0.0025650829,0.00021795878
0.009945065,0.11797091,0.12237191,0.026289906,0.006984516,0.030721761,0.40513027,1.0,0.5856953,0.24690802,0.0499758,0.0066593913
0.008946733,0.04392104,0.0393416,0.011229913,0.008070967,0.010927968,0.049338333,0.21393947,0.5259775,1.0,0.7366206,0.08640164
0.0029335138,0.004064283,0.0034992662,0.0009521468,0.002478458,0.0077213864,0.005804577,0.022211509,0.16431989,0.96580315,1.0,0.110808864
0.001762001,0.000633606,0.0005283411,0.00064749166,0.0026394292,0.008023665,0.010036869,0.05826788,0.35838535,1.0,0.8131228,0.0993748
0.018929556,0.015087999,0.02341022,0.062418353,0.4041075,1.0,0.7731684,0.3000738,0.39116228,0.49099824,0.3758479,0.08003132
0.013329927,0.0022341115,0.002614232,0.02203756,0.4003973,1.0,0.3831849,0.08219351,0.046033368,0.05590442,0.027995324,0.0095014125
0.060640335,0.00679937,0.0020191702,0.010091748,0.395667,1.0,0.16720362,0.014298273,0.0114777945,0.027564354,0.01783697,0.022234417
0.19310763,0.022426683,0.0048784283,0.004988409,0.24908496,1.0,0.28269997,0.008730118,0.002618421,0.016106386,0.015135146,0.0838603
0.109762646,0.018249067,0.0022121882,0.002053424,0.118114926,1.0,0.5270421,0.01597436,0.0011234337,0.0030342676,0.0062869205,0.052765988
0.014954183,0.009450666,0.0010108836,0.00056395854,0.066453345,1.0,0.8279469,0.03521562,0.00067735487,0.0027987356,0.0046083364,0.002868103
0.008120108,0.008445833,0.0009044049,0.00043962998,0.051453717,0.96462697,1.0,0.055341475,0.0008261044,0.002377315,0.0029873245,0.0008611468
0.008525442,0.006189845,0.00061403867,0.0010118756,0.08171071,1.0,0.7830403,0.040797114,0.000943027,0.0017099367,0.0013880361,0.00083041214
0.008039117,0.0024791579,0.00034205356,0.0027629347,0.18680218,1.0,0.3468164,0.010449082,0.00071260415,0.0008837763,0.0005010757,0.0010929224
0.0056399503,0.0013797466,0.00041269185,0.004504332,0.28393927,1.0,0.19908047,0.0060841236,0.00072803005,0.00042828586,0.0003987981,0.0010985173
0.0037697386,0.0009553763,0.00032090727,0.0042786505,0.27305108,1.0,0.22652113,0.0066315127,0.000664684,0.00019723774,0.0002599553,0.0007583618
0.0033508807,0.0012433841,0.00040097564,0.0027848787,0.18549718,1.0,0.35228854,0.010006162,0.0007178448,0.00025248193,0.0002372963,0.00054951594
0.0030472532,0.0018738601,0.00041257578,0.0012488943,0.09464988,1.0,0.6216727,0.021454172,0.00075419253,0.0002354635,0.00016570256,0.00032467436
0.0020841567,0.0014342215,0.0003653303,0.0010748804,0.09047813,1.0,0.64278466,0.021171484,0.0007796732,0.00021151059,0.000158802,0.00025924045
0.0019579346,0.0010018144,0.00043436693,0.0036569417,0.19465862,1.0,0.3920291,0.012317302,0.0006604306,0.00020258626,0.00018204088,0.00048044545
0.0031633892,0.0011424894,0.00047546596,0.015149919,0.5003133,1.0,0.15416053,0.005093834,0.0004267051,0.0003780228,0.0003896461,0.0016558396
0.005237943,0.00092202914,0.0005061862,0.032649245,0.78242534,1.0,0.07246745,0.0018054566,0.0006207451,0.0012485463,0.0015049042,0.0035789404
0.005764947,0.0011897575,0.00090559764,0.01730024,0.45203593,1.0,0.17711855,0.006552081,0.0014369001,0.0038520277,0.009625169,0.008242264
0.018267315,0.0048640305,0.002016363,0.0051226234,0.15101907,1.0,0.5411512,0.028582677,0.009010042,0.016885139,0.024029333,0.020368211
0.025831243,0.009572208,0.006743946,0.009641056,0.073411964,1.0,0.88388413,0.06335661,0.07055509,0.0790201,0.015090023,0.02406903
0.0098905135,0.0052243276,0.0053633177,0.007535457,0.13374984,1.0,0.6307919,0.048151724,0.12916556,0.26253903,0.040148944,0.0089841215
0.034208704,0.0063649667,0.006714238,0.014822304,0.36627418,1.0,0.3063262,0.03603683,0.07422589,0.24230182,0.056498487,0.035662353
0.08249433,0.019270679,0.014280441,0.040677544,0.75308174,1.0,0.12659888,0.042138442,0.059586797,0.1366626,0.07007963,0.08588626
0.07869358,0.034121573,0.009670593,0.015581968,0.27085596,1.0,0.51278335,0.04363903,0.030732535,0.03781609,0.040700927,0.04033582
0.042372756,0.0858713,0.010047596,0.0021815733,0.03811992,0.687411,1.0,0.097103566,0.009829184,0.013288259,0.03391139,0.024701042
0.09604851,0.22237949,0.021562649,0.001154599,0.03990926,0.755924,1.0,0.09100083,0.008165312,0.013401329,0.018336449,0.012584187
0.12755767,0.1254582,0.017023664,0.0022226793,0.11609495,1.0,0.58223766,0.025120186,0.0030990394,0.005931604,0.008118871,0.012976513
0.054253172,0.033693824,0.014924105,0.0022768558,0.11104332,1.0,0.673998,0.053781297,0.0073039774,0.0033784304,0.004683743,0.006727298
0.011448017,0.01635715,0.008325689,0.0028988097,0.028965807,0.5138529,1.0,0.39327267,0.09215153,0.015632682,0.0041764746,0.002185613
0.002349134,0.007209717,0.0074832276,0.0073316274,0.05639569,0.46655917,1.0,0.75552905,0.24581803,0.050620433,0.01143277,0.0027604552
0.025153004,0.033245794,0.027235825,0.05336655,0.32102925,0.96679735,1.0,0.9214467,0.43311575,0.16400324,0.06306047,0.027254857
0.108903825,0.11169006,0.09693323,0.092272826,0.11673543,0.66546047,1.0,0.6414159,0.18909706,0.12723994,0.11501035,0.09836556
0.14663367,0.19087167,0.25014842,0.27388972,0.29359263,0.58600986,1.0,0.746096,0.28371125,0.17058186,0.16473001,0.11906421
0.22770414,0.48640746,1.0,0.7164254,0.30008754,0.21602008,0.1015629,0.11053917,0.11435726,0.14427851,0.20129526,0.18775547
0.19848299,0.5047788,1.0,0.70089597,0.2601465,0.13393238,0.08637678,0.06537978,0.09734456,0.12170113,0.14122547,0.18563968
0.1659425,0.5158004,1.0,0.8013894,0.8830824,0.3250959,0.06643264,0.061839752,0.11263284,0.109801754,0.07763461,0.14605428
0.14777547,0.1629742,0.2980896,0.23760001,1.0,0.7529326,0.11462009,0.011835279,0.011222653,0.014656956,0.020124035,0.06988559
0.21649048,0.08013393,0.05432188,0.0525557,0.41533968,1.0,0.3680059,0.017154992,0.0021312712,0.0022177428,0.0047656847,0.07694178
0.13957013,0.089240514,0.022457834,0.01253899,0.10800132,1.0,0.7982385,0.04099833,0.0017416116,0.0018849407,0.0024396207,0.03548788
0.2980007,0.11047504,0.015104423,0.014992798,0.1845296,1.0,0.612769,0.029149644,0.0031386393,0.0027687298,0.004250289,0.056144137
0.6727601,0.08904278,0.0126829725,0.06486639,0.8533254,1.0,0.18539456,0.012322943,0.003053276,0.0021512664,0.014264382,0.3500508
0.2636384,0.03759334,0.017360644,0.11442124,1.0,0.8191184,0.15376934,0.022964703,0.003755676,0.0013091284,0.015809566,0.27768677
0.09395719,0.065166295,0.020327464,0.04517362,0.23185283,0.708615,1.0,0.29738945,0.02116531,0.0014053676,0.003401415,0.04383264
0.007340095,0.022774722,0.01658257,0.0076163826,0.029923959,0.20888734,1.0,0.5579427,0.04559669,0.001442254,0.0008232499,0.0018897398
0.004759141,0.0138410255,0.02179231,0.027748032,0.1245012,0.42437696,1.0,0.6690292,0.06513107,0.0026844786,0.002309189,0.004332265
0.050645985,0.11437267,0.12343621,0.08124191,0.5485256,1.0,0.6561037,0.7478152,0.14046553,0.09495113,0.18604271,0.16292103
0.4631582,0.26467332,0.04585331,0.02791079,0.04409252,0.0541003,0.07271629,0.09051579,0.062368523,0.24393913,0.8729587,1.0
1.0,0.3980138,0.031888906,0.005298927,0.005461552,0.009906509,0.03383294,0.02130705,0.0076914206,0.02129058,0.19778214,0.7869778
0.9858999,1.0,0.2529906,0.03131499,0.0053754216,0.0081461305,0.022837559,0.01198961,0.0034376066,0.005899058,0.05838458,0.3456052
0.22526197,0.81731516,1.0,0.26237625,0.038330726,0.023445651,0.02150728,0.024807595,0.04095143,0.090620734,0.13571809,0.11649146
0.5294933,0.6840781,1.0,0.4493744,0.14999066,0.09391731,0.06926563,0.072324775,0.0989522,0.37649098,0.7763168,0.80910677
0.7977841,0.5244905,0.44692603,0.2257893,0.2249004,0.17257017,0.0647981,0.17592706,0.21384671,0.463454,0.5540111,1.0
1.0,0.46539387,0.33130074,0.18799844,0.371678,0.26373154,0.11297827,0.31871217,0.63003355,0.47159934,0.29788312,0.6770478
0.9932419,0.33458805,0.13740437,0.06658432,0.043899346,0.04434074,0.034354627,0.039364032,0.06536828,0.054885324,0.2457309,1.0
1.0,0.4510186,0.096541,0.042792864,0.019145092,0.016863596,0.015966153,0.014115066,0.013545878,0.020056821,0.11406175,0.53114456
0.5157618,1.0,0.5930716,0.085086584,0.023988709,0.021711182,0.019519916,0.012515713,0.0101662325,0.013878135,0.02400594,0.11120547
0.045848474,0.6528387,1.0,0.17484875,0.019414391,0.01758436,0.021100845,0.010369053,0.008426897,0.0065988484,0.0057217996,0.016853787
0.13781254,0.8301701,1.0,0.1811944,0.032436516,0.026308484,0.025107285,0.014144011,0.007174481,0.0038916806,0.009569873,0.043764338
0.83272016,1.0,0.51616114,0.085316956,0.05049539,0.07852956,0.07061175,0.028794108,0.01662217,0.012023517,0.066267945,0.45037794
0.6576372,0.29875624,0.18672784,0.06699733,0.075233094,0.13196594,0.13549358,0.064647906,0.03567876,0.031398118,0.25682613,1.0
0.61753714,0.9427078,1.0,0.40888947,0.13081406,0.16624719,0.11913772,0.06023109,0.036827423,0.020682754,0.14904524,0.41747993
0.06021818,0.31957462,1.0,0.89931476,0.22733171,0.042418808,0.013335674,0.0057734787,0.0041370383,0.0032844369,0.0055080503,0.009529522
0.044185787,0.19245854,0.93768615,1.0,0.21295452,0.02926303,0.005582626,0.0042983065,0.0025387728,0.002292893,0.004447354,0.0072613023
0.26107332,0.9653983,1.0,0.5122298,0.14745669,0.045234106,0.024775187,0.03380988,0.035233445,0.029181926,0.049940694,0.0851304
0.6186763,1.0,0.72357535,0.3946368,0.16113299,0.13436468,0.08766709,0.14019361,0.25590202,0.18104582,0.14920622,0.27496117
0.75467074,1.0,0.7562864,0.43822855,0.14192884,0.08976546,0.08790365,0.18335952,0.24912365,0.15788141,0.14746027,0.25723132
0.5869051,1.0,0.865939,0.6295826,0.199869,0.11775761,0.121959604,0.2303369,0.23133048,0.112753786,0.11194448,0.18326296
0.45756766,1.0,0.91286796,0.51901114,0.13936327,0.09680067,0.10145441,0.18459094,0.23649433,0.13239223,0.08702588,0.17670335
0.50075436,1.0,0.8452682,0.42687875,0.15726262,0.12937835,0.14131908,0.22091685,0.24461374,0.18162732,0.14894328,0.22763449
0.827092,1.0,0.7721352,0.5242987,0.2845659,0.21370946,0.26039973,0.48899847,0.55257004,0.39365536,0.33566803,0.4277961
0.9397088,1.0,0.9052703,0.6986364,0.55939883,0.49349847,0.5296054,0.72671723,0.89112216,0.6793556,0.55127996,0.60881394
0.82729083,1.0,0.9163572,0.6716119,0.52966285,0.52248734,0.52824235,0.6966188,0.8346733,0.64830786,0.53215665,0.57051164
0.6911343,1.0,0.76711476,0.46598732,0.29154992,0.34891084,0.41672456,0.6813917,0.76536757,0.52200043,0.42678344,0.47020742
0.9307687,1.0,0.6926451,0.55641264,0.45870078,0.4535714,0.46049127,0.55782145,0.5867477,0.48396462,0.4572209,0.5800034
0.9231486,0.9993799,1.0,0.6128588,0.36046192,0.31621453,0.30156466,0.43639854,0.50658137,0.435794,0.4309314,0.5571431
0.29660282,0.69016176,1.0,0.351169,0.16720565,0.13954228,0.12915733,0.14478874,0.15549766,0.13926464,0.13601671,0.19109581
0.31425017,0.746828,1.0,0.28327584,0.14347856,0.121608526,0.13128541,0.17082213,0.18866889,0.17079295,0.19999522,0.26145467
0.5614879,0.7881826,1.0,0.4108467,0.28183472,0.3061971,0.2946601,0.3235844,0.31024316,0.2896277,0.43834284,0.6798693
0.64354223,1.0,0.85723495,0.43111905,0.32344422,0.34065524,0.37177128,0.5057076,0.5394774,0.508363,0.561635,0.5993907
0.696497,1.0,0.8006943,0.5180834,0.36822626,0.38788462,0.46848702,0.6220758,0.7164272,0.7302498,0.7718578,0.7192656
0.7927118,1.0,0.87762505,0.5910831,0.40428925,0.41776785,0.4733158,0.5655608,0.628707,0.6583985,0.6342881,0.7309281
0.694281,1.0,0.81826836,0.3750207,0.26677057,0.30424628,0.40277815,0.5721237,0.54583186,0.44364887,0.36525792,0.49105263
0.67746127,1.0,0.9374797,0.47037613,0.43315992,0.45453894,0.47871393,0.63202214,0.6591046,0.6204685,0.62364453,0.7416298
0.7781787,1.0,0.91030306,0.42109516,0.31266078,0.29168063,0.31176707,0.45925382,0.5009133,0.61553997,0.7363486,0.94668823
0.47767398,0.33615148,0.24166082,0.15159751,0.14673175,0.15092182,0.1724639,0.24289653,0.28618342,0.5658791,1.0,0.90974736
0.32753807,0.15500419,0.10804958,0.06679133,0.068670616,0.06880362,0.100768365,0.1174361,0.16252916,0.5684757,1.0,0.84938717
0.6505256,1.0,0.14441936,0.0905354,0.13747227,0.08208567,0.26445115,0.316072,0.40407753,0.5593261,0.2898716,0.3921414
0.39439505,1.0,0.15575992,0.033064827,0.069095396,0.044843327,0.12705064,0.20124078,0.1853666,0.30945837,0.09624085,0.0565031
0.27494553,1.0,0.44399586,0.07858424,0.08637491,0.24545331,0.18940444,0.3571004,0.33373675,0.4555326,0.25455612,0.123444796
0.14669915,0.55661917,0.7794495,0.30547976,0.13043521,0.77218366,0.46372992,0.27743867,0.7253384,0.55793923,1.0,0.47300422
0.106991544,0.23586343,0.55269957,0.33923063,0.08068576,0.58814335,0.40028957,0.36325192,0.7626908,0.38657236,1.0,0.3941028
0.43332237,1.0,0.36709937,0.102554016,0.07541733,0.27360764,0.3559915,0.3211891,0.19756238,0.17737928,0.3341517,0.13738288
0.74601024,1.0,0.41235808,0.15980227,0.0616001,0.1776645,0.44156578,0.2358971,0.19727664,0.14978164,0.2526261,0.21192181
1.0,0.4342844,0.54212373,0.49146426,0.07789684,0.43031415,0.3544729,0.2827419,0.34644252,0.14685205,0.15042584,0.5676191
0.8505549,0.3935063,0.8833592,0.7414962,0.13954686,0.88055664,0.63449806,0.76276135,0.59172654,0.19009686,0.2148133,1.0
0.62550193,0.49457753,0.84288764,0.67975235,0.1556602,0.5571635,0.4172983,0.9110617,0.8031313,0.20735194,0.2839149,1.0
0.81117755,0.14535594,0.48831162,0.6374899,0.093929924,0.44379008,0.20349464,0.44330725,0.47050196,0.0879098,0.12710133,1.0
0.90141326,0.1629045,0.6849653,0.74509823,0.14368549,0.73688006,0.3730815,0.49400523,0.51762056,0.12645629,0.13259675,1.0
0.90038234,0.71306735,0.95333284,0.9093545,0.5812953,0.99875355,0.7738895,1.0,0.9011421,0.47852296,0.45486048,0.9049426
0.94345224,0.8932354,0.85815877,0.63261306,0.3642614,0.39568996,0.41814965,0.66800123,0.82652336,1.0,0.9353501,0.9262895
0.30343917,0.14732172,0.15440093,0.12090784,0.079164915,0.06574167,0.043604426,0.04163932,0.08469618,0.40762997,1.0,0.9332027
0.4416019,0.31280905,0.33624482,0.14287563,0.10107917,0.090307765,0.08626705,0.15517655,0.19306698,0.60339487,1.0,0.9467268
0.30605245,0.9472934,1.0,0.2937951,0.28148592,0.42710164,0.4508274,0.5719639,0.48787937,0.32486376,0.15908672,0.25103262
0.02778232,0.06296621,0.0620738,0.031148491,0.058667276,0.10667393,0.17024793,0.4257037,1.0,0.8652764,0.18619347,0.019624783
0.0028581736,0.007100467,0.006558049,0.0028535137,0.0041188076,0.0060109524,0.011490846,0.05002462,0.47879547,1.0,0.2160291,0.005734574
0.001590662,0.0030771191,0.0038806302,0.001621261,0.0010557655,0.0015505874,0.0043163504,0.016744781,0.26135063,1.0,0.26878652,0.0068658707
0.004576398,0.0044884738,0.010546834,0.0064451196,0.0033017306,0.007054701,0.026778478,0.05491313,0.45981932,1.0,0.40565053,0.026942352
0.013540435,0.013817613,0.0357271,0.020080097,0.0065778582,0.014784319,0.039272364,0.0651226,0.43385038,1.0,0.39208472,0.04154778
0.0034656937,0.0035101983,0.010511754,0.007784176,0.0047440818,0.007573839,0.0059511852,0.009044483,0.24771313,1.0,0.19169897,0.0071869995
0.0027011326,0.0050307475,0.006285116,0.00537701,0.010044016,0.0075024487,0.0067740707,0.015011151,0.4058263,1.0,0.11918638,0.0034129473
0.005965736,0.007123436,0.00778972,0.011174577,0.014564471,0.0046455017,0.012852463,0.04172875,0.71234316,1.0,0.08191661,0.0076686437
0.012794071,0.007849956,0.0074579497,0.016485127,0.02062396,0.0058297296,0.013405142,0.08718274,0.6869299,1.0,0.24127991,0.024719466
0.015642732,0.010740048,0.008926386,0.023141371,0.03885125,0.005122545,0.005661568,0.03516648,0.35647476,1.0,0.29778007,0.015167362
0.011939454,0.0102749085,0.014847045,0.08238431,0.20056862,0.021125237,0.0055116843,0.022220654,0.5638593,1.0,0.12787552,0.009324772
0.00974682,0.0105756745,0.017263783,0.17615864,0.46521538,0.0551463,0.00697075,0.05015832,0.96411186,1.0,0.061432336,0.006904095
0.009472138,0.012439845,0.017242584,0.11253158,0.19246481,0.026382023,0.0077901394,0.06646785,1.0,0.8506956,0.05182865,0.0056259804
0.014637897,0.026688581,0.011304397,0.02273473,0.03515402,0.0067873867,0.005405328,0.022791361,0.53557813,1.0,0.10389133,0.0073019713
0.046782043,0.07910898,0.018302852,0.019739546,0.03365409,0.008541928,0.0121069895,0.04431604,0.5829092,1.0,0.124999605,0.029110933
0.089837335,0.12489957,0.069866635,0.043649703,0.050081663,0.0478907,0.13110095,0.35017076,1.0,0.6015014,0.11938078,0.07930439
0.14117165,0.24341518,0.38297808,0.43909296,0.3820038,0.39005056,0.6311053,0.92601323,1.0,0.5315383,0.2893246,0.26700237
0.10738529,0.14042999,0.17911369,0.62713903,1.0,0.4444967,0.21041743,0.18029343,0.16853715,0.16063918,0.24006532,0.21788985
0.071308576,0.057977125,0.1202581,0.69644326,1.0,0.22288412,0.11938115,0.088895135,0.069051675,0.07980907,0.25937897,0.24933082
0.17785202,0.23484664,0.32779956,0.42133918,1.0,0.9341423,0.6185704,0.27619448,0.12841365,0.2163013,0.54663825,0.49987558
0.09695182,0.43344074,1.0,0.4330433,0.29336295,0.51253694,0.70632124,0.76959735,0.6249904,0.30625522,0.39518797,0.19314638
0.02355597,0.20810314,0.48200125,0.2669516,0.21504113,0.054936957,0.059627347,0.1795551,0.6394331,1.0,0.35796574,0.04715564
0.009376438,0.045834742,0.06332863,0.024396423,0.040580906,0.022141574,0.01152049,0.04294303,0.18639413,1.0,0.68740314,0.08097481
0.03278347,0.024823925,0.026340298,0.010584309,0.018499123,0.06769475,0.22167309,0.5357096,0.7121582,1.0,0.6532824,0.1261549
0.042221177,0.03732194,0.047998592,0.06461832,0.1386369,0.36534047,0.7942797,1.0,0.653678,0.20258577,0.061241873,0.033444844
0.5123255,0.81705165,0.7988216,0.6151716,0.6689435,0.9517972,1.0,0.78821874,0.39868167,0.51286423,0.5491272,0.5132861
0.77560544,1.0,0.64587325,0.22499886,0.12526117,0.23432584,0.30826837,0.38469002,0.36519226,0.5385685,0.7079342,0.6658181
0.36327505,0.96030986,1.0,0.18873017,0.13551648,0.24141957,0.43161383,0.5087276,0.47708026,0.39186597,0.3283439,0.24220449
0.010964214,0.04576787,0.067147665,0.023761133,0.010502853,0.022697037,0.08875159,0.3939472,1.0,0.53377503,0.055911034,0.008821762
0.0075664925,0.016699778,0.03563352,0.018653303,0.005711234,0.0033273648,0.012792479,0.10647354,0.80070734,1.0,0.14362097,0.0045040543
0.017684314,0.037853263,0.05797717,0.027778458,0.0070248484,0.0017873404,0.0031587286,0.018151062,0.34570515,1.0,0.17451516,0.004991877
0.036991958,0.08517152,0.14985725,0.04728381,0.00941776,0.004080617,0.009699121,0.016699659,0.34091738,1.0,0.12728243,0.0106301075
0.020030519,0.105214335,0.24939679,0.046534304,0.012250945,0.0066950233,0.01421374,0.019998224,0.4142348,1.0,0.103813335,0.0136587415
0.0076118303,0.07242337,0.11842298,0.021569626,0.009516008,0.006020492,0.014547765,0.04125127,0.5727266,1.0,0.13272823,0.009888014
0.0056516007,0.018326335,0.017566653,0.0066031483,0.008896845,0.008877957,0.02704314,0.09671957,0.8024877,1.0,0.4286483,0.06025514
0.0074094348,0.004227624,0.004205208,0.0039698165,0.011403654,0.008884217,0.018298239,0.076564535,0.6250312,1.0,0.6462864,0.09330779
0.004914464,0.0020231332,0.0013371757,0.004432854,0.024500445,0.005864422,0.006160406,0.013528653,0.21858083,1.0,0.5626205,0.058083683
0.0009236019,0.0013714364,0.0018698751,0.015801882,0.0629645,0.0069503505,0.0009252412,0.0029053031,0.19486675,1.0,0.27366892,0.0091123935
0.0009886259,0.0033502923,0.00915051,0.1113724,0.25207016,0.014368692,0.001286567,0.0060744532,0.35169873,1.0,0.12141022,0.0014303533
0.002194507,0.0073248968,0.024653697,0.23200874,0.46223012,0.021828951,0.0012512056,0.008325696,0.44276494,1.0,0.08740075,0.0012194383
0.002706177,0.0068702577,0.030125286,0.13888231,0.3255936,0.018338798,0.0008573603,0.008639056,0.46930516,1.0,0.08001802,0.00096812146
0.0022273476,0.00547856,0.023579005,0.12460238,0.42305106,0.035205085,0.0011869109,0.009064854,0.47364247,1.0,0.084310815,0.0010360944
0.0012848439,0.0037952538,0.024237517,0.12709521,0.5228124,0.054362696,0.0017738687,0.008790443,0.44050065,1.0,0.09453859,0.0010768521
0.0035242145,0.0036382023,0.01960024,0.07967587,0.29099926,0.0333445,0.006648225,0.05485176,0.6583451,1.0,0.17346263,0.008848132
0.0043027517,0.0027233826,0.0070928303,0.03499703,0.08936841,0.012101723,0.0072363014,0.06758684,0.56707543,1.0,0.39213112,0.019806126
0.00072954455,0.00236682,0.004958159,0.048266914,0.17898175,0.019331593,0.001060965,0.0030702248,0.16501732,1.0,0.3301085,0.007011971
0.0010579389,0.005039468,0.010301811,0.05791378,0.19858122,0.020955577,0.0006690878,0.0020244282,0.1650059,1.0,0.26175576,0.0040463116
0.011779344,0.015205888,0.032795504,0.035343558,0.069109246,0.0067666406,0.0008021071,0.009492209,0.40512234,1.0,0.128133,0.0030693042
0.0574166,0.036033757,0.054455876,0.049933735,0.053737912,0.0036790243,0.0013880316,0.050139178,1.0,0.9361981,0.041763287,0.010365498
0.037839364,0.026756922,0.03148769,0.03189834,0.031579368,0.008267365,0.02906327,0.23030446,1.0,0.52416897,0.025074147,0.014508541
0.034065593,0.05417832,0.053447712,0.054765116,0.092281625,0.17332532,0.44002178,1.0,0.98056775,0.2927823,0.04808513,0.020253241
0.2674532,0.27404314,0.35167986,0.39446157,0.47104058,0.71612096,0.9127068,0.7153644,0.9254822,1.0,0.5172594,0.21621239
0.21339245,0.09532048,0.10778488,0.1264798,0.15879957,0.12221063,0.24872625,0.30085647,1.0,0.8718545,0.5437065,0.23996423
0.19095923,0.13771905,0.08739136,0.10895848,0.18052064,0.13775398,0.27985284,0.32504752,1.0,0.5385123,0.33107486,0.33207485
0.08115314,0.09299446,0.11180922,0.16497567,0.5026534,1.0,0.5647311,0.12898822,0.13700272,0.23860084,0.1342586,0.12289827
0.01803922,0.020269485,0.01692464,0.024691917,0.216796,0.8413869,1.0,0.4386554,0.0942405,0.027252015,0.016146349,0.021868173
0.0055743223,0.009990572,0.007162136,0.0051636016,0.04730352,0.2535208,0.5731785,1.0,0.7912189,0.0532011,0.0029850153,0.00397186
0.0004102539,0.0014620571,0.0015625834,0.0020980712,0.0009303146,0.003222547,0.024079105,0.50863725,1.0,0.074328244,0.0007085213,0.00024037067
0.00018142708,0.00042407657,0.0010958675,0.0015068555,0.00041545718,0.0008653807,0.014964339,0.637697,1.0,0.05399939,0.000334638,0.00013039022
0.00020271326,0.0004976138,0.002567316,0.0019008717,0.00031315096,0.0007366321,0.04065322,1.0,0.788081,0.020081408,0.00018389821,0.00013289883
0.00032634425,0.00090299756,0.0053136544,0.0023386532,0.00014844169,0.00062505703,0.06356534,1.0,0.51839113,0.008440244,0.00010309489,0.0001726446
0.0027775087,0.006279196,0.017469315,0.002907483,0.0004089647,0.0023535122,0.15213197,1.0,0.3098141,0.004642452,0.000285761,0.00092161854
0.01707483,0.07418354,0.10302589,0.006599939,0.0037293471,0.018195203,0.54671055,1.0,0.117555,0.0029490406,0.0010307864,0.0035104929
0.03922437,0.30363184,0.34308407,0.026381025,0.017632319,0.10171106,1.0,0.78971076,0.038850803,0.0042916313,0.0025633152,0.0064850464
0.047323707,0.36690772,0.33272952,0.06949917,0.110142924,0.28800762,1.0,0.6731352,0.07057043,0.013200313,0.007341828,0.0075666816
0.14092061,0.5162589,0.54931045,0.45163324,0.62129873,0.25274333,0.66093516,1.0,0.33321097,0.08197461,0.04863669,0.061966866
0.3188566,0.89077896,1.0,0.16242634,0.09210326,0.10173937,0.28310278,0.53023297,0.21414293,0.06990378,0.09077169,0.20196676
0.31346753,0.65787756,0.8635148,0.24121054,0.24848555,0.35447487,1.0,0.8624753,0.2737987,0.21399894,0.29450473,0.38865146
0.40755814,0.5063968,0.5329185,0.40288168,0.39320812,0.43230602,0.9570454,1.0,0.5046364,0.42036355,0.37891334,0.36410174
0.6954774,0.7439985,0.5943193,0.3365761,0.35309696,0.44284844,0.70870215,1.0,0.72535247,0.76191735,0.56514555,0.6229413
1.0,0.7469801,0.41692892,0.11344072,0.22298737,0.33768147,0.44427225,0.4360146,0.24143833,0.21169035,0.33316275,0.7065553
0.23655044,0.15839769,0.09269888,0.055651017,0.52919656,1.0,0.6211694,0.3311354,0.14985843,0.08824745,0.08242031,0.15383784
0.04502701,0.012946217,0.009162096,0.087482326,1.0,0.91289884,0.22587885,0.09087385,0.09496043,0.029063987,0.012329351,0.043397818
0.008769547,0.002420417,0.0072578075,0.24046335,1.0,0.25840026,0.0114707155,0.07214523,0.22807102,0.021902088,0.0050123516,0.025813052
0.0059056133,0.018580088,0.07064028,0.63668853,1.0,0.10280029,0.006584433,0.14573774,0.32091677,0.026113153,0.010837426,0.020514918
0.028555298,0.3278429,1.0,0.79992616,0.5470511,0.116670035,0.015078224,0.057805136,0.06254006,0.010370195,0.012494812,0.018032959
0.017761009,0.393235,1.0,0.2831618,0.041233156,0.014074372,0.0035099564,0.004433332,0.003758581,0.003026645,0.002466611,0.0035477506
0.11736493,0.7936179,1.0,0.18785752,0.014077982,0.0048081474,0.003243236,0.0030504777,0.0031887891,0.0030715521,0.003062916,0.012374245
0.46519423,1.0,0.7275179,0.13627845,0.019894436,0.008932111,0.008363649,0.010710131,0.014151427,0.019472167,0.0739007,0.22389206
0.4033909,0.39573878,0.262853,0.14511171,0.1055136,0.06557046,0.059722576,0.07693061,0.10408669,0.2755577,0.86027104,1.0
0.5832795,0.83477783,0.5061524,0.19096713,0.11733642,0.092747346,0.09742193,0.12845798,0.21554537,0.5123142,1.0,0.972404
0.3353967,0.16709481,0.14060704,0.07320322,0.06594592,0.051578272,0.054337062,0.06449959,0.123937584,0.2862873,0.7461957,1.0
0.25997716,0.06829409,0.05738252,0.117224194,0.11655134,0.04493783,0.07333114,0.20402463,0.56104606,0.8043809,1.0,0.8238225
0.123655215,0.10038359,0.123139836,0.22830077,0.18123704,0.1273573,0.37215114,0.9270677,1.0,0.48979637,0.21769835,0.18839894
0.17735049,0.20392358,0.21073212,0.24633601,0.19845383,0.22814903,0.7588744,1.0,0.4181734,0.23426303,0.21348023,0.186879
0.35542974,0.38533482,0.36499065,0.39330527,0.36632106,0.45744127,0.924968,1.0,0.7702797,0.60141957,0.48118836,0.36057606
0.5024161,0.5104433,0.47177228,0.50061256,0.55093545,0.6442149,0.8350217,1.0,0.8843067,0.72929883,0.5721791,0.49561754
0.91778123,1.0,0.8628762,0.7533171,0.7402274,0.68486404,0.6304867,0.7518871,0.78410095,0.81120896,0.7652645,0.8179906
0.49624065,0.9694928,1.0,0.3893762,0.36507475,0.41832617,0.3754461,0.35849693,0.29921585,0.27664584,0.315735,0.41306046
0.32942566,1.0,0.88197356,0.21334635,0.1959203,0.18257833,0.16656522,0.18861979,0.20864463,0.22180307,0.22632325,0.24375099
0.5537246,1.0,0.7826458,0.5166962,0.51251423,0.47159716,0.45506608,0.4168916,0.40805426,0.4481497,0.4110944,0.39764026
0.7803576,1.0,0.78163695,0.49073023,0.47243002,0.55137986,0.68446964,0.68431354,0.6100705,0.57102555,0.48203474,0.548807
0.7249637,1.0,0.7819956,0.39394194,0.5023746,0.56438,0.7868298,0.9275085,0.69188184,0.4628794,0.42395094,0.6160149
0.36197725,0.45296404,0.4699428,0.3572442,0.4479096,0.2786205,0.4094022,1.0,0.83610505,0.2530269,0.21177034,0.31687033
0.3522307,0.46918437,0.48949614,0.4199405,0.4128361,0.42311722,0.37597275,0.6648331,1.0,0.5073899,0.24421585,0.2706807
0.6321646,1.0,0.82717776,0.5805921,0.5345177,0.6822196,0.7341106,0.82228917,0.95062554,0.7860167,0.5236795,0.6270058
0.6037076,1.0,0.71985245,0.45772994,0.49229658,0.52843416,0.5029976,0.6970893,0.7115452,0.61155266,0.52408576,0.6084197
0.8269419,0.9691534,0.90620095,0.7864817,0.79216534,0.84285885,0.90362465,1.0,0.84219015,0.69375247,0.6219186,0.6791451
0.67374045,1.0,0.80155736,0.52982557,0.45355523,0.4743076,0.61171955,0.7947531,0.62322795,0.48754483,0.44901204,0.5112871
0.6271641,1.0,0.8280972,0.48811987,0.42845005,0.47496653,0.6413059,0.73617977,0.5725042,0.5873141,0.45758638,0.46216047
0.6016363,1.0,0.67576194,0.33795556,0.28449196,0.3231486,0.45945907,0.54598486,0.4568747,0.45661142,0.37647277,0.32882446
0.43878114,1.0,0.5788619,0.25176463,0.18630809,0.3161913,0.5878712,0.47593156,0.34670892,0.23516323,0.21975924,0.24961194
0.6928549,0.9980374,0.8181324,0.2925072,0.24897134,0.4790021,1.0,0.57182556,0.77488405,0.5175126,0.46224934,0.6594583
0.69578284,1.0,0.8023865,0.23000039,0.21066634,0.34333748,0.38618726,0.29891643,0.5225707,0.41993752,0.36909357,0.6157883
0.3217135,1.0,0.66518867,0.13360666,0.06752158,0.067513645,0.076533936,0.090145014,0.08836655,0.104807094,0.0883349,0.11744544
0.34154567,1.0,0.88937867,0.19734173,0.07416042,0.056849726,0.06403792,0.10184298,0.07536381,0.08881381,0.09181869,0.11170821
0.300794,0.99670845,1.0,0.2734251,0.089532495,0.06770271,0.05156608,0.0747005,0.09582336,0.09187012,0.099444285,0.12701277
0.43406826,1.0,0.88125026,0.38561505,0.13647431,0.09197178,0.06599514,0.085275464,0.11873454,0.11734485,0.16192316,0.2410464
0.8679922,1.0,0.8552098,0.4124189,0.20061356,0.14652817,0.12476743,0.16055165,0.23486137,0.36771545,0.7489977,0.9138721
0.738821,1.0,0.55699265,0.22231624,0.1461392,0.088045694,0.06980676,0.11103653,0.13941376,0.29853976,0.5111624,0.65150815
0.077311926,0.31351322,0.7437289,1.0,0.45321512,0.04868324,0.016586073,0.045376763,0.1078341,0.10505734,0.048429385,0.056841977
0.023498714,0.07846929,0.28603616,1.0,0.9539033,0.50416815,0.22894348,0.056059413,0.07176744,0.05316572,0.032132294,0.02053422
0.024643445,0.026828127,0.04007171,0.10514719,0.3253771,0.76560766,1.0,0.434052,0.061878107,0.024382424,0.018751672,0.014870447
0.0074154693,0.01029056,0.014996553,0.019973394,0.032283045,0.12612484,0.6391602,1.0,0.21468064,0.013726419,0.007220504,0.0045682983
0.00622269,0.012916387,0.01695847,0.015946854,0.0055712424,0.009383111,0.19598056,1.0,0.7529781,0.06486202,0.005609352,0.0033670883
0.011499919,0.073917985,0.09505289,0.039225604,0.007294299,0.009395014,0.025958784,0.23610052,1.0,0.46559575,0.03589039,0.009539086
0.01111678,0.10073782,0.2951564,0.110375635,0.0154668,0.009029218,0.015263675,0.051669728,0.608334,1.0,0.13234912,0.010575797
0.008089332,0.057786237,0.29861358,0.14677304,0.027749928,0.011675476,0.016935283,0.021002786,0.17840739,1.0,0.33148003,0.010060156
0.008241435,0.043325692,0.101205304,0.08072745,0.05844503,0.027798895,0.011046462,0.010125813,0.07188386,1.0,0.5798346,0.018400382
0.010150288,0.03822424,0.03980867,0.036461357,0.058570266,0.026208663,0.0076597775,0.01476047,0.1699615,1.0,0.6026898,0.038540326
0.0103023825,0.024660848,0.021971878,0.01573642,0.02884797,0.01249611,0.0061007272,0.028566683,0.3949927,1.0,0.3936606,0.05088298
0.0017887012,0.005146511,0.0074945623,0.00533872,0.0041118884,0.0018972303,0.0011084134,0.0064074546,0.2053741,1.0,0.2225806,0.004915074
0.0061019193,0.0145298615,0.015083137,0.008681581,0.00682296,0.0029836656,0.0040460657,0.014244302,0.2672295,1.0,0.20936976,0.011176883
0.07747355,0.15551707,0.10629458,0.14757286,0.046974503,0.0083969785,0.017906057,0.11107039,0.75671405,1.0,0.23279762,0.051202625
0.124002986,0.21243602,0.24073124,0.38815257,0.04300572,0.008152845,0.014920036,0.3126444,1.0,0.29325506,0.07144717,0.060720675
0.14406614,0.36175033,0.5084656,0.65321296,0.04376484,0.011984058,0.012264398,0.4443516,1.0,0.102971725,0.07476538,0.08699865
0.11710595,0.34653077,0.3935807,0.51951224,0.048504047,0.0080723595,0.010787314,0.27171457,1.0,0.14667703,0.063264236,0.06206261
0.099591866,0.20999171,0.19549006,0.1970405,0.028306365,0.013315149,0.039869264,0.33927166,1.0,0.15796529,0.03500934,0.044122737
0.06261134,0.19780126,0.18963252,0.068620324,0.013441286,0.02690241,0.10051696,0.53667384,1.0,0.23346673,0.03498114,0.024416244
0.06448737,0.06456172,0.09703241,0.07158115,0.09955732,0.2865725,0.68287635,1.0,0.86971146,0.34519818,0.07039902,0.036341634
0.022817038,0.035449915,0.0894937,0.36040038,0.8601099,1.0,0.51448524,0.3646683,0.33531675,0.068249434,0.019676456,0.01400693
0.07848242,0.35639128,0.7714536,1.0,0.61717653,0.20179865,0.18460207,0.30643123,0.62318116,0.12513894,0.03405294,0.025980445
0.28645274,0.72774,0.76985884,0.48082674,0.10368453,0.064692706,0.08601177,0.30841374,1.0,0.2835969,0.09169916,0.12578176
0.62059087,0.95989525,0.58417803,0.16198677,0.07615126,0.1187379,0.3384048,0.30988345,0.7018269,0.6977258,0.6391614,1.0
0.34220555,0.55007356,0.39343518,0.110324875,0.05377755,0.070857905,0.18091375,0.2969922,1.0,0.8943214,0.3451604,0.47605792
0.009627512,0.020755079,0.028983857,0.028605554,0.01677673,0.005340259,0.01854503,0.076670036,0.8708735,1.0,0.118804194,0.011049439
0.0028054125,0.011846749,0.0215778,0.050236322,0.050343864,0.0032595994,0.008479318,0.03030233,0.5716085,1.0,0.13453226,0.0033104436
0.008745161,0.041691676,0.04827835,0.06875066,0.071181804,0.005088709,0.005367314,0.015559626,0.44133765,1.0,0.12696369,0.005109499
0.019687675,0.05945672,0.058185138,0.04484262,0.035198174,0.0045982525,0.0067800735,0.024143545,0.6626815,1.0,0.065869406,0.003393548
0.017785247,0.026209623,0.017789735,0.013814532,0.013682497,0.0035292194,0.018768247,0.14862517,1.0,0.91397566,0.056972235,0.002370622
0.007010913,0.007773054,0.005706274,0.005209389,0.0043886867,0.007458109,0.05983194,0.42326406,1.0,0.5758163,0.05322286,0.002757909
0.010333066,0.010585972,0.012785666,0.013403491,0.011618596,0.029405992,0.17085803,1.0,0.6180189,0.22283551,0.058371212,0.01448612
0.092219554,0.11708407,0.20738299,0.117706075,0.04069117,0.06229416,0.37182,1.0,0.73489386,0.64434296,0.18693022,0.12749551
0.00889151,0.030286552,0.057426814,0.027066318,0.006166832,0.004144224,0.009870847,0.13162339,1.0,0.8226718,0.068236016,0.008026415
0.001197334,0.01041101,0.022820625,0.010506305,0.0022777633,0.00123314,0.0023700031,0.104311034,1.0,0.68388766,0.03758485,0.00100941
0.0010476344,0.009114302,0.018488482,0.010151928,0.0024142317,0.00200294,0.006277013,0.11161034,1.0,0.43911257,0.017639311,0.0005158005
0.0015292423,0.016415438,0.029964475,0.020927247,0.0045077926,0.005793546,0.017761225,0.14193471,1.0,0.30475432,0.005534173,0.00047515327
0.0016133839,0.014345288,0.03721684,0.03370866,0.004530378,0.01157207,0.023586351,0.2864995,1.0,0.18246926,0.0024732442,0.000978791
0.0035758906,0.017309286,0.09661439,0.090686694,0.004889002,0.011220013,0.027989717,0.6152096,1.0,0.08464959,0.0014059264,0.0027773227
0.0051171123,0.023240011,0.1057149,0.07967009,0.0032316279,0.006139965,0.096984304,1.0,0.68114114,0.03013951,0.0025453065,0.0052090073
0.0031747357,0.0070523047,0.0216436,0.013265285,0.0010786554,0.0067373365,0.2728472,1.0,0.24712606,0.013655105,0.002037179,0.003824431
0.0023273497,0.0031417552,0.010045069,0.0038113848,0.0015564271,0.0049736444,0.2709016,1.0,0.23606122,0.008842354,0.00081052934,0.0021876614
0.001440555,0.0061212373,0.019248493,0.005229935,0.004343477,0.0073373187,0.2858647,1.0,0.2156227,0.005443695,0.0009402045,0.002079359
0.002170415,0.025575057,0.046410736,0.008173937,0.010130949,0.020704232,0.5355781,1.0,0.09756684,0.002393382,0.001915758,0.001976618
0.011222975,0.117095895,0.103954226,0.0140241645,0.010515419,0.06647614,1.0,0.9043945,0.0477354,0.0033529992,0.0060857297,0.0041079177
0.017995737,0.11930088,0.07591978,0.012000265,0.0132376,0.17628853,1.0,0.4373171,0.018274497,0.003543976,0.0060730577,0.004031721
0.020768913,0.062979266,0.035645973,0.022695791,0.09877644,0.45938575,1.0,0.35485324,0.018696938,0.0036472848,0.005362692,0.0034863239
0.050540414,0.068895,0.05844363,0.11506758,0.7189865,1.0,0.65671855,0.61756396,0.09047225,0.012484034,0.010156352,0.010271897
0.038385943,0.053190615,0.15993364,0.5187502,1.0,0.66897416,0.3004344,0.31102866,0.052579865,0.017521242,0.013581853,0.022647122
0.12506162,0.31324226,0.915052,1.0,0.4856044,0.30126458,0.7942545,0.6451359,0.22942372,0.1515518,0.09710678,0.10360849
0.09676475,0.13098995,0.11926853,0.117088616,0.14555466,0.65169173,1.0,0.23858789,0.122074306,0.07667287,0.047505073,0.06006308
0.040834386,0.15373836,0.037427533,0.0050785807,0.042360503,0.51181036,1.0,0.21433133,0.011246513,0.0026886552,0.002049109,0.002687453
0.03306877,0.12221461,0.037972413,0.009088112,0.10131364,0.8324687,1.0,0.17096327,0.0065319845,0.00057625584,0.00038053608,0.0007316691
0.019262845,0.036389276,0.018310633,0.0932861,0.40983933,1.0,0.63832736,0.06918022,0.0043921494,0.0012126592,0.00069680135,0.0014619986
0.013443953,0.07093955,0.2860253,1.0,0.9062758,0.41726154,0.26145124,0.021497946,0.0037819112,0.002789087,0.0030569292,0.004298361
0.10000011,0.6229455,1.0,0.5294192,0.10456713,0.033827998,0.034189947,0.0074212984,0.003783113,0.0033605695,0.0029046077,0.006885018
0.30189887,1.0,0.50542104,0.073975734,0.013996563,0.014611974,0.03363933,0.015067723,0.0061627114,0.0042721382,0.0035375534,0.017994363
0.7479696,1.0,0.21541123,0.016166745,0.010398804,0.014425568,0.04199851,0.024991736,0.012275894,0.007935988,0.009490599,0.087469175
1.0,0.37623566,0.07368598,0.02984147,0.023397088,0.038242653,0.061591562,0.035553955,0.032197427,0.046660084,0.15185173,0.6839259
0.64283496,0.20207253,0.14223252,0.12680121,0.16566302,0.23622513,0.1887258,0.1368111,0.17140846,0.31505302,0.6052926,1.0
0.58260274,0.61825657,0.5639083,0.3627976,0.5386191,0.93350416,1.0,0.75841206,0.7463336,0.47914463,0.37062827,0.39925143
1.0,0.9978595,0.57442814,0.16130063,0.12918939,0.27173933,0.37024304,0.3927323,0.54621583,0.26391628,0.22153908,0.6114063
1.0,0.6901951,0.1385921,0.022488076,0.0121137155,0.021858068,0.039398037,0.04757667,0.054608807,0.030573966,0.021983383,0.25609067
1.0,0.31661597,0.021473315,0.0031097769,0.0029005317,0.0058393506,0.012737495,0.025421627,0.009274518,0.0034280438,0.009667237,0.25525692
1.0,0.39272058,0.023658728,0.0040276092,0.0027534612,0.004950171,0.0072711976,0.02071992,0.00812424,0.0036630933,0.0130169345,0.25960034
0.84901464,1.0,0.15457353,0.01467699,0.004100361,0.0046630404,0.005837905,0.01915699,0.019371409,0.004993307,0.010185214,0.11898295
0.25170776,1.0,0.3778431,0.025910849,0.0028747064,0.0034306375,0.0021988286,0.0052338466,0.014998686,0.00413183,0.0047059464,0.020080667
0.24640572,1.0,0.42275044,0.030255837,0.0036760813,0.005974435,0.0027449958,0.00357021,0.008983797,0.0029878274,0.0027793974,0.01429448
0.4460257,1.0,0.2980416,0.030849516,0.005632783,0.007143951,0.007135684,0.0067999884,0.008407872,0.0028446156,0.003779385,0.02971129
1.0,0.7137433,0.13575663,0.036458395,0.00970061,0.013743557,0.020816727,0.017697435,0.009864119,0.0041505997,0.008561878,0.13850743
1.0,0.54381526,0.09918024,0.03891492,0.006861886,0.012420629,0.019666933,0.018041242,0.008991385,0.004007105,0.011420736,0.16626734
0.5332461,1.0,0.5015755,0.13908698,0.016571073,0.009067138,0.016681744,0.019651335,0.017319785,0.009210579,0.011455,0.07336479
0.32164118,1.0,0.90564644,0.2874837,0.045879517,0.011167022,0.012740383,0.025743831,0.021057094,0.014163504,0.020556,0.07908306
0.85127187,1.0,0.7019892,0.30154228,0.088555455,0.0397971,0.037010472,0.06938331,0.06294437,0.09004801,0.27180323,0.6457748
0.5947957,0.4956804,0.3167997,0.20364577,0.15309013,0.23232667,0.3059585,0.48119095,0.62666553,0.67620766,0.8809923,1.0
0.9135822,1.0,0.68758154,0.54574394,0.542267,0.58478993,0.63977027,0.7872878,0.8350002,0.7863518,0.77785856,0.9125379
0.8230385,1.0,0.524384,0.15807106,0.106571056,0.09574644,0.13233948,0.15406682,0.18175282,0.2490819,0.55350995,0.96470207
0.7452605,1.0,0.6305173,0.111876585,0.02835243,0.029622197,0.061681803,0.08574274,0.12748797,0.16545929,0.44781446,0.9688556
0.64239055,1.0,0.85853976,0.2105251,0.06461478,0.06748741,0.15897287,0.23898475,0.2923859,0.2741262,0.47225258,0.78648573
0.15960217,0.5293373,0.84213537,0.70327604,0.23833472,0.22737327,0.901115,1.0,0.32115558,0.13808928,0.13567144,0.10031005
0.062032405,0.4781209,1.0,0.85795546,0.34692863,0.28404853,0.8687569,0.959815,0.2125307,0.031336933,0.01300621,0.017751243
0.055025548,0.36089003,0.75611556,0.69349045,0.45883024,0.32078525,0.37796086,1.0,0.98630655,0.16287655,0.013982061,0.013532088
0.026421698,0.0793562,0.17967571,0.21293448,0.18440157,0.104315616,0.070258446,0.3668504,1.0,0.23214853,0.011122537,0.009272185
0.045839544,0.03652446,0.089365795,0.15497078,0.1728702,0.08266598,0.161395,0.6962876,1.0,0.2216709,0.022285974,0.036656495
0.04200428,0.03051056,0.06286387,0.1161058,0.18288979,0.31489313,0.8298414,1.0,0.2974183,0.06660157,0.034081366,0.047992375
0.163264,0.15366718,0.15461549,0.1833477,0.27757552,0.6363548,0.9744,1.0,0.3927733,0.19769414,0.16423835,0.16339546
1.0,0.9870086,0.9355637,0.7382238,0.57928866,0.51769584,0.75907177,0.97193444,0.91748875,0.8391616,0.8300169,0.9854137
0.5830719,0.7721586,0.9475538,0.57165515,0.44082466,0.39859954,0.46009603,0.6304599,0.48750055,0.5744936,1.0,0.85855997
0.5792798,0.71383405,0.90804434,0.5210355,0.42323542,0.43460697,0.50666064,0.6679434,0.71007764,0.96477306,1.0,0.7376826
0.8419845,0.66310537,0.5792055,0.67210615,0.708528,0.7471723,0.7472271,0.85331476,0.52386755,0.7583042,1.0,0.7877546
0.37645453,0.21734217,0.12660904,0.17180258,0.121603414,0.09332772,0.108327664,0.11984307,0.09187844,0.20383154,1.0,0.79267126
0.28898147,0.13536416,0.060647212,0.08076525,0.05766777,0.03539827,0.04605988,0.058569305,0.063264735,0.10742032,0.7100261,1.0
1.0,0.5512731,0.11884697,0.1017719,0.10428588,0.0851531,0.0658417,0.09144748,0.10890347,0.24609192,0.49059662,0.9304955
1.0,0.77939874,0.13802004,0.055837926,0.049698915,0.0479435,0.04653016,0.053844903,0.043483935,0.10198995,0.20295566,0.37798142
0.9752032,1.0,0.37894952,0.14546244,0.10878863,0.121367626,0.12539637,0.1416181,0.12742971,0.15617736,0.30913398,0.6343645
0.94376117,1.0,0.6877229,0.3655739,0.3177836,0.30227503,0.34155023,0.433258,0.44265562,0.6979929,0.9026243,0.7375749
0.8213189,1.0,0.7912438,0.6414072,0.59706426,0.5954499,0.5936362,0.5904132,0.6316268,0.8184675,0.76638913,0.7171415
0.8350536,1.0,0.9270773,0.58662003,0.4722346,0.4705466,0.47958776,0.55444974,0.5922182,0.6132321,0.54061353,0.6576961
0.5563486,1.0,0.78848314,0.34724128,0.2742879,0.27608535,0.27253205,0.3397751,0.35660604,0.31535468,0.29127473,0.36757618
0.46968576,1.0,0.6399107,0.30775535,0.27839354,0.26365864,0.26181722,0.32056862,0.34250918,0.3117645,0.26076546,0.23944308
0.76937294,0.93134284,0.9159189,0.7698611,0.72761005,0.7388828,0.8015665,1.0,0.9788146,0.91402066,0.74578696,0.63032115
0.6502574,0.9327015,1.0,0.6840555,0.58688706,0.6119739,0.6903788,0.84492826,0.8482154,0.77938336,0.641584,0.572853
0.67676985,0.92333525,1.0,0.39247426,0.30873227,0.2681062,0.2700852,0.33690798,0.4502995,0.5054051,0.5250803,0.48562896
0.8397149,0.72875684,1.0,0.1959708,0.063150555,0.04544838,0.040597785,0.053831395,0.1254796,0.21825778,0.22650903,0.431865
0.28499845,0.5202436,1.0,0.16154972,0.026887683,0.0131922485,0.012585697,0.018376896,0.05870302,0.13828525,0.073821165,0.12002211
0.13331318,0.5783231,1.0,0.1734236,0.14208162,0.4066115,0.98778033,0.95577365,0.39206362,0.26329014,0.061429925,0.038227584
0.00826832,0.03999229,0.06668285,0.020463688,0.029179275,0.10169413,0.6993883,1.0,0.20718823,0.031154515,0.0058214203,0.004675645
0.0053718565,0.02556642,0.07014648,0.02380442,0.011292562,0.026321683,0.43344963,1.0,0.20168921,0.012229753,0.0032621336,0.007092459
0.02006103,0.034999836,0.16318835,0.08131893,0.011071736,0.0149679035,0.16639377,1.0,0.45471114,0.012630672,0.0052690664,0.04202124
0.05745566,0.07098722,0.2778279,0.110292695,0.01578268,0.009470037,0.10303404,1.0,0.46294826,0.01217121,0.01603723,0.11870067
0.08156787,0.07286983,0.1932751,0.07186224,0.014738621,0.01212703,0.26786736,1.0,0.3255448,0.026245013,0.030237133,0.13891816
0.03488034,0.024611134,0.050727867,0.021640934,0.0061845114,0.012584025,0.33068335,1.0,0.43572968,0.08602727,0.03415805,0.08849796
0.000735614,0.00082005595,0.0011816967,0.0010687149,0.0007386789,0.003332662,0.055270012,0.6908565,1.0,0.11682822,0.006619467,0.0021562641
0.0012647134,0.0017184663,0.004323733,0.005548181,0.0048211454,0.0016048622,0.0070346254,0.2093139,1.0,0.62531555,0.07018869,0.0042302236
0.014545325,0.038747743,0.107079014,0.11662259,0.057610247,0.0054049403,0.00634974,0.057826173,0.69197387,1.0,0.15128633,0.012553716
0.046734486,0.23174587,0.49575442,0.39215344,0.13388707,0.0058507686,0.005507647,0.08564925,1.0,0.5567935,0.046012994,0.012789731
0.111206315,0.36447567,0.78392154,0.73936236,0.22976992,0.01775856,0.020455934,0.10841556,1.0,0.31140327,0.019659437,0.03414026
0.27857807,0.46499696,1.0,0.84369236,0.23039448,0.04230534,0.041494716,0.0948494,0.5942855,0.1777275,0.023284476,0.08695751
0.28346235,0.5307755,1.0,0.5583205,0.16161159,0.0139815565,0.015814278,0.051634114,0.3778775,0.1159546,0.010792892,0.050592333
0.23430446,0.5136712,1.0,0.49624386,0.14673842,0.0086116195,0.010210308,0.073346,0.52749777,0.14702283,0.005712664,0.030550098
0.09165925,0.24757187,0.59170365,0.41228077,0.15332147,0.008380798,0.0072427006,0.12245843,1.0,0.4203016,0.017632477,0.010881262
0.004388261,0.013925134,0.045712817,0.06455139,0.04041415,0.0015916389,0.0019767804,0.054760013,1.0,0.9623242,0.047877423,0.0012234977
0.0013991896,0.0019312839,0.0026751938,0.011663076,0.0142696,0.00062557124,0.001741244,0.032211155,0.8863238,1.0,0.045631092,0.0004946361
0.0004383881,0.00038970436,0.00051546155,0.005195524,0.004553043,0.00033660338,0.0017480993,0.07072261,1.0,0.7693805,0.027218571,0.00025391876
0.00024351533,0.00049693085,0.0005879332,0.0017105559,0.00068431953,0.0003334204,0.002331217,0.15014441,1.0,0.4028639,0.010719135,0.00019675744
0.00030650015,0.0019755375,0.0019606792,0.0034184721,0.0005784317,0.0002983694,0.0045801857,0.30077076,1.0,0.16925678,0.002406998,0.00020211891
0.0003790972,0.0018717401,0.0019328201,0.0033775931,0.00046124132,0.0002232094,0.007448967,0.38721618,1.0,0.11718824,0.0020547148,0.00034122393
0.00072337023,0.0012011374,0.001652567,0.0020780978,0.00067831075,0.00028800615,0.0035246203,0.17001759,1.0,0.35280627,0.015070181,0.0008876468
0.0012859583,0.0018184053,0.0025352759,0.0051034954,0.003468821,0.00042500888,0.001036922,0.07249282,1.0,0.7875539,0.05882177,0.0026915486
0.0029691854,0.004148027,0.006609611,0.04045402,0.06275874,0.004306772,0.0010796204,0.049775746,1.0,0.9327258,0.06936353,0.005121514
0.0034007109,0.0048081717,0.010415617,0.17642958,0.33997494,0.034889456,0.0037358152,0.056916635,1.0,0.74958044,0.027934764,0.0019842426
0.0020194459,0.0031921945,0.010938216,0.12375869,0.16710469,0.022568358,0.0061667813,0.10271359,1.0,0.44614568,0.012942135,0.0016901561
0.0016591867,0.002285963,0.007502425,0.031624526,0.008605447,0.001986887,0.0058530685,0.15937443,1.0,0.29053587,0.011570399,0.0024265894
0.0010350712,0.0010740383,0.0022798353,0.00826093,0.0022520097,0.0022020089,0.009207806,0.15746461,1.0,0.29862216,0.009075913,0.0018204018
0.0008704173,0.0010023756,0.0015784723,0.0032047068,0.0011686921,0.0026916394,0.011806029,0.14885345,1.0,0.34115082,0.008715063,0.0014752721
0.003597409,0.0076600076,0.009940898,0.00321162,0.0014203446,0.0062072515,0.021889195,0.2089535,1.0,0.32289758,0.010788805,0.002808253
0.06648191,0.12478965,0.124244556,0.05526127,0.046498198,0.09180781,0.1596789,0.53510356,1.0,0.24103743,0.037219893,0.038554385
0.6362185,0.9121543,0.8297559,0.52537876,0.4431528,0.7037897,0.6761856,1.0,0.8976537,0.5306963,0.32750243,0.3718964
0.48486793,0.7110615,0.46983314,0.3231302,0.40178534,0.63875645,0.6276786,0.92889225,1.0,0.86794007,0.5674842,0.38704994
0.3758242,0.76943666,0.57296824,0.2545517,0.38187212,0.5955031,0.52427435,0.8068084,0.9662501,1.0,0.66298866,0.29628384
0.52977306,1.0,0.91606206,0.25457865,0.39932838,0.5423789,0.4484398,0.56807035,0.7551673,0.8247174,0.41463506,0.3249941
0.23648147,0.66821337,0.52713126,0.1511186,0.24761358,0.45068067,0.7679599,1.0,0.5849324,0.5695424,0.2944685,0.13409837
0.010063611,0.028241916,0.028474737,0.012585824,0.026924077,0.09207471,0.45036006,1.0,0.4210481,0.0409227,0.015829314,0.0073783593
0.0045339447,0.008079803,0.014544101,0.047020756,0.026950339,0.02169412,0.2280112,1.0,0.8767899,0.10858337,0.005521215,0.0032183698
0.0038880068,0.0061197756,0.011599166,0.1491931,0.13100234,0.0058303787,0.030086968,0.228935,1.0,0.34843752,0.008463174,0.001111146
0.0020477034,0.0038823977,0.008998493,0.09045997,0.08252463,0.0049920836,0.013062638,0.16183838,1.0,0.3898968,0.008429219,0.0007597428
0.0017139863,0.0056682196,0.011630807,0.022779085,0.006863735,0.00841394,0.07395358,0.52843976,1.0,0.22161847,0.005088853,0.000995125
0.0021397541,0.008706098,0.02449341,0.026377711,0.006710485,0.03202285,0.25603387,1.0,0.90353215,0.216985,0.009748842,0.0018092338
0.003810649,0.006049358,0.017774751,0.01445548,0.009510453,0.021031288,0.33057305,1.0,0.4166062,0.10037526,0.009449129,0.0045215255
0.020459622,0.02380144,0.021035368,0.014343367,0.020170951,0.11902924,0.66901916,1.0,0.571097,0.15496624,0.019933285,0.017779466
0.33175275,0.50990784,0.36196056,0.07848885,0.07944004,0.6913826,1.0,0.5326801,0.92171156,0.4076999,0.26247177,0.2651146
0.12040036,0.21547565,0.28403267,0.09902919,0.015622613,0.06410906,0.09992969,0.48508614,1.0,0.6391087,0.22828273,0.1103509
0.024330756,0.023552896,0.04167142,0.03742772,0.006143824,0.008908458,0.02513477,0.21685442,1.0,0.88833946,0.28484556,0.06670992
0.02786441,0.021106135,0.046647526,0.060407504,0.014125682,0.04720882,0.051998544,0.1533955,1.0,0.5566419,0.16112784,0.050925113
0.01547995,0.027337378,0.03648734,0.04053775,0.008310652,0.04139495,0.04473821,0.17343456,1.0,0.184874,0.0055747693,0.007601544
0.010102253,0.040930815,0.03521083,0.032378577,0.0044956533,0.0061073713,0.008134471,0.20887685,1.0,0.13756889,0.0017457199,0.0034769555
0.009743931,0.043810535,0.038694076,0.04081818,0.006033957,0.0036054736,0.004832116,0.22364995,1.0,0.1254691,0.0014193625,0.0035733494
0.011136919,0.051217023,0.037970778,0.034387864,0.004514499,0.0074515385,0.017564343,0.4409132,1.0,0.08585265,0.0012909967,0.003715509
0.0069426987,0.038727634,0.030232375,0.02240042,0.003441823,0.0068588983,0.0743705,1.0,0.83610463,0.0335135,0.0017906717,0.0023350557
0.0027705191,0.009199712,0.019655988,0.011555229,0.0023751569,0.007804374,0.14814658,1.0,0.40727392,0.012671339,0.0017209594,0.002754309
0.00313504,0.008314145,0.019946408,0.008622467,0.0059829443,0.13398445,0.9394695,1.0,0.2163821,0.02153053,0.007968229,0.004066752
0.0012420545,0.0027374784,0.0034768537,0.0036428808,0.018253895,0.33790955,1.0,0.46559024,0.033921532,0.01740258,0.015483259,0.0013613255
0.007405792,0.008418683,0.019806793,0.07422911,0.33729196,1.0,0.68330586,0.3038754,0.18475282,0.10912413,0.037203055,0.006686363
0.06473031,0.06712593,0.087500565,0.23660691,0.54857516,0.4631226,0.2622645,0.49189416,1.0,0.17908579,0.05723874,0.056078833
0.07760579,0.08039316,0.081498094,0.08674766,0.08736193,0.13789926,0.28841987,0.6803579,1.0,0.12553975,0.064050145,0.06685884
0.07322339,0.06947035,0.06867789,0.0632298,0.07190717,0.26423046,1.0,0.83500135,0.66307974,0.12793532,0.071617484,0.06729298
0.30101106,0.26978958,0.26049727,0.28049272,0.32267556,0.49372196,1.0,0.9208553,0.6762472,0.48206532,0.3619043,0.3143984
0.5284372,0.4996497,0.47849578,0.48094517,0.52845734,0.6561909,0.73689795,0.94655895,1.0,0.7402009,0.5607413,0.52954316
0.3662387,0.39798182,0.42259878,0.41982067,0.42666256,0.5780116,0.59446424,0.8100126,1.0,0.59938544,0.4255107,0.35913494
0.6812352,0.6668858,0.7704685,0.66167367,0.5635866,0.6366287,0.7041819,0.9268725,1.0,0.786336,0.8024951,0.7420011
0.76461875,0.85118026,1.0,0.7449146,0.57860714,0.5569871,0.6340197,0.79617816,0.8143882,0.74101317,0.6986629,0.679231
0.8050225,0.98645633,1.0,0.8874897,0.85651046,0.86337775,0.8855789,0.951806,0.8548826,0.7245415,0.65396905,0.66646403
0.6537046,0.64925313,0.6139683,0.5613924,0.5422861,0.48258224,0.57885915,0.8036908,0.9721318,1.0,0.80364096,0.64921397
0.52551746,0.5317437,0.5413228,0.57453775,0.6827117,0.7461777,0.8217006,0.96433616,1.0,0.9503164,0.707817,0.53538305
0.66002923,0.7145274,0.6880117,0.67960495,0.6810199,0.7085355,0.80334,1.0,0.96362805,0.8664316,0.7159053,0.61820567
0.6177648,1.0,0.6743924,0.45370626,0.3598555,0.33236703,0.39611733,0.5526756,0.6272124,0.669351,0.7972493,0.7169482
0.76844895,0.97718304,0.49895245,0.14699997,0.077907845,0.06851416,0.07515439,0.09985701,0.14936829,0.2638204,1.0,0.8490943
0.87649906,0.7979734,0.57210976,0.13518605,0.058977865,0.046180714,0.043090314,0.081351824,0.14280239,0.22297747,0.7627186,1.0
0.89212173,0.65826076,0.52776533,0.13415109,0.11199006,0.1547467,0.12519766,0.15164694,0.1555812,0.23382048,0.6359472,1.0
0.21327189,0.42371786,0.22832683,0.034747936,0.039807245,0.13394536,0.57344556,1.0,0.27817124,0.048868112,0.048517533,0.086658105
0.10077848,0.2353755,0.13953668,0.035432465,0.018159043,0.032444984,0.2767287,1.0,0.74161285,0.1823009,0.016299527,0.020798799
0.06936436,0.15084763,0.074422866,0.050132263,0.21106592,0.07001822,0.070603386,0.5279427,1.0,0.9213216,0.10516891,0.01086546
0.032044616,0.0879542,0.049255773,0.09239416,0.59830993,0.24941954,0.029473115,0.04499753,0.43490422,1.0,0.14576702,0.006757869
0.026807897,0.056045763,0.081578,0.12397406,0.25886863,0.15822358,0.0699482,0.24938603,1.0,0.47525468,0.036392637,0.010023075
0.0063651875,0.023553466,0.072769165,0.06388689,0.011018439,0.019585073,0.079769336,0.98293453,1.0,0.10096498,0.0072198003,0.0037924622
0.0019230439,0.0069091828,0.049148023,0.021966666,0.003544019,0.0070922337,0.095973834,1.0,0.43058288,0.0148427,0.0018900248,0.0028053285
0.0026071148,0.0047651296,0.03695157,0.015052561,0.008181234,0.048129935,0.23772551,1.0,0.44493034,0.026987672,0.005729645,0.009353091
0.0027603644,0.0034976325,0.011824506,0.009378544,0.03915499,0.4904317,1.0,0.5269049,0.2978369,0.07120132,0.016004896,0.012963337
0.00735266,0.007764092,0.010529191,0.04484068,0.369053,1.0,0.84428895,0.39688706,0.15175654,0.04083321,0.010964486,0.008922706
0.0148284035,0.008708289,0.022559771,0.04300833,0.40588093,1.0,0.5896849,0.081308424,0.065800816,0.043254793,0.008869548,0.012139824
0.008923102,0.008678752,0.024581857,0.038522493,0.22187242,1.0,0.42296034,0.02095078,0.02885822,0.033730485,0.0038514168,0.0030569474
0.008708984,0.017893225,0.052665226,0.03895954,0.1037427,1.0,0.69075894,0.033004187,0.00682679,0.012366816,0.0023384416,0.000790648
0.004950049,0.018113257,0.08157326,0.030354349,0.040064875,0.7671861,1.0,0.08656971,0.0013442182,0.0012346673,0.00080847106,0.00025321372
0.00837769,0.016628206,0.065713644,0.024497362,0.10947788,1.0,0.9775917,0.09258979,0.0014088923,0.00032938534,0.0003134489,0.0004961893
0.036247283,0.020261824,0.020517755,0.01600317,0.26554525,1.0,0.4266631,0.030668681,0.0013797033,0.0005348316,0.000305229,0.0029386699
0.14590015,0.09893396,0.027497023,0.022183675,0.3267283,1.0,0.8889253,0.46090883,0.09297898,0.01100873,0.0018567704,0.011656478
0.0090293465,0.029988712,0.047298793,0.019778913,0.0033991686,0.03824092,0.41197175,1.0,0.5621111,0.06643558,0.0020241148,0.00057341706
0.00055875257,0.0058715357,0.043781903,0.060581077,0.008237425,0.0064929277,0.09632749,0.56671184,1.0,0.25519034,0.0070773493,0.00019804762
0.00023365127,0.001810777,0.018034171,0.04841753,0.016276475,0.0020728796,0.011981526,0.117782295,1.0,0.6261739,0.021705706,0.00013918079
0.00031632953,0.0020493672,0.008703764,0.016509902,0.012052916,0.0020607326,0.006891238,0.06779314,1.0,0.7703991,0.027523827,0.00012186921
0.0005319715,0.006038362,0.012572494,0.010374182,0.0033467172,0.0031998344,0.034361713,0.32521933,1.0,0.37481055,0.01143173,0.00015596069
0.0077617727,0.03777655,0.044601206,0.011294264,0.005512573,0.13155796,0.6358784,1.0,0.6380785,0.09752525,0.0029058673,0.0006338766
0.020736914,0.057266038,0.038388725,0.005246819,0.01414827,0.37947223,1.0,0.26112413,0.028442355,0.002364929,0.00062867306,0.0013771288
0.021916982,0.09224287,0.0984658,0.015952943,0.013016804,0.27739996,1.0,0.96215105,0.565368,0.12051874,0.0112556005,0.0035427574
0.01099108,0.05371964,0.06752019,0.014851349,0.008403993,0.010981596,0.08674086,0.41886932,0.9748267,1.0,0.2966106,0.02289016
0.0038199062,0.020437002,0.015760992,0.0020940672,0.003129157,0.0022215657,0.0022440322,0.021879183,0.17472792,1.0,0.7981797,0.05885411
0.001975706,0.007693209,0.008563474,0.0018951038,0.0014545085,0.0016138754,0.0044023986,0.053108774,0.45185804,1.0,0.5403952,0.039285656
0.0012832002,0.0065373867,0.0095299855,0.0033816968,0.00087234244,0.0006084351,0.0048842565,0.20860867,1.0,0.3951941,0.0441491,0.004082055
0.00043527133,0.005482298,0.006525358,0.0032332074,0.0004909276,0.0001682489,0.00309603,0.24252345,1.0,0.18440877,0.003876795,0.0003279311
0.00036287782,0.0064804605,0.012474467,0.0038663344,0.0010823666,6.709376e-05,0.0013597197,0.13559988,1.0,0.33637753,0.0054544215,9.93097e-05
0.000338349,0.0053926124,0.015094254,0.0047829044,0.0018764554,7.644742e-05,0.0005708945,0.08483198,1.0,0.47011346,0.008131357,6.69093e-05
0.0005941603,0.0070943395,0.020071637,0.005856976,0.0020731362,0.00012500896,0.0007678747,0.078770526,1.0,0.4778204,0.008245297,9.196541e-05
0.0006202444,0.010600803,0.02388076,0.0062841233,0.0016929128,0.00015819729,0.0010963808,0.10194902,1.0,0.3846906,0.005907282,0.000101265054
0.00043506952,0.013454429,0.022161702,0.006490407,0.0013088875,0.00018986194,0.0014045925,0.14285208,1.0,0.27158406,0.0028464429,7.438451e-05
0.00030537325,0.011167018,0.016653402,0.007706328,0.0015569747,0.00022005258,0.0013887808,0.13460171,1.0,0.27203187,0.002799468,5.6337958e-05
0.00023798938,0.007649242,0.011762817,0.0073328735,0.0015257134,0.00016418393,0.0016332247,0.15256096,1.0,0.25793597,0.0026066226,5.3378175e-05
0.00022710895,0.006224454,0.008209573,0.006115416,0.0010760577,0.00015051302,0.0022211678,0.20216839,1.0,0.20728141,0.001801097,4.776839e-05
0.00027141196,0.006277109,0.008144094,0.006735068,0.0011705138,0.00015206903,0.0018826514,0.18516728,1.0,0.22058895,0.0020064267,5.5011988e-05
0.0003179894,0.00738503,0.009598594,0.007769221,0.0013330973,0.00014590591,0.0014733676,0.16283569,1.0,0.2314844,0.0021543447,6.74338e-05
0.00031666944,0.008629536,0.0113223465,0.008265581,0.0014690337,0.0001532034,0.0016576563,0.17471334,1.0,0.22106229,0.0019974962,6.96153e-05
0.00029766376,0.008580385,0.012340496,0.008642769,0.0015973127,0.00014886673,0.0016673923,0.1727413,1.0,0.23303339,0.0022378915,6.615041e-05
0.00024541377,0.0051751737,0.0075389077,0.009404698,0.0014994245,0.00015235157,0.0017150732,0.1810614,1.0,0.21114226,0.0019566913,7.04909e-05
0.00026696915,0.0034455485,0.0046761064,0.009512903,0.0012730716,0.00016851032,0.0022809242,0.22263797,1.0,0.16990909,0.0013364678,7.500388e-05
0.00027511426,0.0042039296,0.005585966,0.009329486,0.0013930362,0.00015459668,0.0021628675,0.21282233,1.0,0.18626666,0.0014945138,7.6582546e-05
0.00030002944,0.0044154897,0.005971287,0.010174687,0.0014502213,0.00016818923,0.002091436,0.20979147,1.0,0.18577474,0.0015185844,9.581004e-05
0.00031358856,0.0039729485,0.0053356793,0.011544568,0.0013055597,0.00020428108,0.0027938057,0.25437525,1.0,0.1491196,0.001453459,0.00022445265
0.00031976614,0.0038509853,0.005377519,0.0123136705,0.0014241248,0.00020369813,0.0029155242,0.26105222,1.0,0.14583617,0.00230274,0.0006793958
0.00034484582,0.0035218773,0.0052623614,0.012585375,0.001585352,0.00020460102,0.0025801638,0.24019292,1.0,0.15916522,0.0026822123,0.00077723013
0.00032598886,0.0036559068,0.0056764926,0.014709047,0.0015922909,0.00023294221,0.0030682832,0.26769093,1.0,0.14327912,0.0020060714,0.00044470557
0.00030985905,0.0029404901,0.006074117,0.018104617,0.0017711427,0.00028104303,0.0038186172,0.30505952,1.0,0.12170926,0.001546309,0.00033746133
0.00035264672,0.003255674,0.0059791626,0.01788839,0.0018379195,0.00029941445,0.0035671433,0.29212227,1.0,0.12772883,0.0016711019,0.00039112664
0.00042241748,0.0048099817,0.0067024427,0.016328432,0.0017869835,0.00026073586,0.003409924,0.2814615,1.0,0.13884424,0.0018771206,0.00048983726
0.00058187847,0.0059173736,0.008081879,0.018157557,0.002004935,0.00026649868,0.0030770693,0.26509318,1.0,0.14508408,0.0017232188,0.00039608925
0.00078808155,0.0060971337,0.009314284,0.021628216,0.0021111246,0.00033847181,0.0034472381,0.2882801,1.0,0.12963659,0.0019294532,0.00049002713
0.000752199,0.0054458864,0.008762031,0.021427095,0.0019473471,0.0003739257,0.0041776123,0.31962293,1.0,0.119097464,0.0023284303,0.0006380171
0.000873166,0.0054938956,0.008509693,0.021235589,0.0018363795,0.00042757005,0.0043024607,0.33047163,1.0,0.11117324,0.002633155,0.0008023152
0.00084082386,0.0051778182,0.007963356,0.019980935,0.0018301007,0.0005618282,0.0037554447,0.30732217,1.0,0.11766287,0.003103464,0.0008843678
0.0010695457,0.0056448295,0.008634914,0.020193897,0.0017446291,0.0007335826,0.004333804,0.32870737,1.0,0.112376675,0.0036779032,0.0010951173
0.0015815801,0.0071677947,0.011085612,0.02276956,0.0016463867,0.0010100466,0.0064918837,0.4060924,1.0,0.09006169,0.0034747547,0.0010767707
0.0024079033,0.010289891,0.013709634,0.024796829,0.00167253,0.00143611,0.007986204,0.45596048,1.0,0.0772734,0.0031972735,0.001117679
0.0024133665,0.015571059,0.015693503,0.026391398,0.0017661874,0.0015173716,0.007842294,0.45154476,1.0,0.07820946,0.0026424942,0.0010562348
0.0033309748,0.023457203,0.022259422,0.031164048,0.00185684,0.0022478546,0.010658383,0.5376852,1.0,0.06493704,0.0023859104,0.0011402305
0.004513194,0.025238315,0.038544875,0.044853386,0.0020535288,0.0033069989,0.01973602,0.74442333,1.0,0.0467082,0.0025355255,0.001457173
0.00601619,0.02689396,0.061654896,0.050725132,0.0021084002,0.0044784322,0.041021228,1.0,0.8739402,0.027471313,0.002109416,0.0015033312
0.00821162,0.024980024,0.064043835,0.032533556,0.002049199,0.004487667,0.060069952,1.0,0.55678266,0.0115909,0.0014603318,0.0012440103
0.013442521,0.03248105,0.069382325,0.034119073,0.0037494728,0.0062045986,0.059113566,1.0,0.53532284,0.010683609,0.0020747294,0.0011968457
0.012933928,0.036478706,0.074035354,0.035748962,0.0026562694,0.0051433146,0.06168217,1.0,0.5241805,0.011060192,0.0017848742,0.0011522709
0.011524663,0.031273544,0.080210835,0.02956283,0.0008126051,0.0017895341,0.07016999,1.0,0.41780373,0.0070219887,0.0011775071,0.0012685736
0.014302947,0.03346599,0.09536615,0.028419955,0.00041809003,0.000910634,0.083495684,1.0,0.3567193,0.0042122495,0.00049671135,0.00089523755
0.01718227,0.038750596,0.09001907,0.022101756,0.00030005298,0.00074120436,0.11214322,1.0,0.27067244,0.0022526786,0.0001476399,0.00044578328
0.028031852,0.03940218,0.06578752,0.011355005,0.00024227644,0.0015602121,0.17846386,1.0,0.17110702,0.0010106442,0.00015703928,0.0008239914
0.024002973,0.02819795,0.04142932,0.0045785885,0.0005236569,0.008702264,0.4447002,1.0,0.078396484,0.00036118395,0.0002581257,0.0013705295
0.0111427745,0.029085848,0.030210095,0.0022006875,0.0013406203,0.05535385,1.0,0.9529628,0.03730976,0.00028203297,0.000722487,0.0013626878
0.0032798524,0.022788195,0.023587633,0.0026046105,0.004530953,0.124997035,1.0,0.51102287,0.015001007,0.00029022864,0.000816047,0.00066767074
0.0038894454,0.031377584,0.052647967,0.006110111,0.017527688,0.1868715,1.0,0.77857506,0.044681136,0.0023506798,0.0046771932,0.0018010018
0.0036245123,0.028793449,0.03536821,0.009654061,0.08358226,0.5550349,1.0,0.7528235,0.07164579,0.026873192,0.040844366,0.0077866702
0.009209944,0.018696621,0.033495616,0.0605616,0.18795381,1.0,0.8809202,0.35921806,0.04114625,0.056436945,0.06525178,0.0100350985
0.053633302,0.15784301,0.47751337,0.69198275,0.70678943,0.91571623,1.0,0.5768809,0.10629457,0.07026937,0.0743001,0.046573833
0.16390836,0.3616889,0.73168045,0.6643153,0.34114257,0.2725568,0.6757308,1.0,0.21270558,0.1188964,0.11513314,0.10605994
0.090177104,0.07001679,0.07591437,0.07158101,0.070900336,0.25428632,0.89274365,1.0,0.17212251,0.049887285,0.049010392,0.047158547
0.09531171,0.088026814,0.0670991,0.07587947,0.10545105,0.45885748,1.0,0.46709353,0.13608184,0.07651073,0.08404348,0.078625254
0.3738947,0.4631955,0.37262774,0.26088658,0.22825925,0.38371903,1.0,0.6617285,0.2599281,0.23147105,0.21173587,0.25895458
0.8719474,1.0,0.8802736,0.69082355,0.6007496,0.7079159,0.8945022,0.84408265,0.678708,0.6504406,0.60606813,0.65184385
0.85622823,1.0,0.82542366,0.53712434,0.5386725,0.73415715,0.77974683,0.856573,0.7162883,0.72481436,0.5932231,0.62767917
0.6387465,0.9405788,0.9934987,0.8444527,0.807687,0.9372791,1.0,0.82053,0.68719155,0.7663062,0.74914145,0.6760793
0.6842771,0.817508,1.0,0.89245075,0.76324457,0.704365,0.66465276,0.7043687,0.6761861,0.57562214,0.63232046,0.66805035
0.81929344,0.96794116,1.0,0.82295066,0.78232884,0.7598252,0.696479,0.74202454,0.78092855,0.72341573,0.7549857,0.7577333
0.61002827,0.9523813,1.0,0.6612162,0.5459595,0.51798713,0.49198413,0.50950235,0.5244706,0.5176963,0.6073537,0.61368525
0.5512271,0.8116092,1.0,0.84871423,0.7458233,0.7318412,0.6968703,0.69631076,0.6828115,0.61604184,0.57590514,0.51831895
0.7121006,0.8478237,1.0,0.97783154,0.8419939,0.82629794,0.7608605,0.7336602,0.7395005,0.6831041,0.6855867,0.66826004
1.0,0.87783104,0.8881562,0.8797859,0.7481118,0.6627788,0.58676547,0.59327316,0.60392505,0.62268853,0.7913067,0.90801096
1.0,0.9906423,0.9668436,0.8390608,0.77996397,0.60792345,0.43941432,0.38391605,0.4340274,0.52637136,0.76652026,0.9239275
0.92012095,0.9714514,1.0,0.8554491,0.8113081,0.7112793,0.5520299,0.5004774,0.47127333,0.46676382,0.74654716,0.89238673
0.916009,0.9886044,1.0,0.9370888,0.8449928,0.8044219,0.7526154,0.7767905,0.76682764,0.73773795,0.7756391,0.7999431
0.57591295,1.0,0.9211868,0.59078,0.39082202,0.36073032,0.39623922,0.49904218,0.48490176,0.43591243,0.5069689,0.536371
0.7170865,0.9874936,1.0,0.8469238,0.65419996,0.6336819,0.6461543,0.71155155,0.8227515,0.8803724,0.76870507,0.68174374
0.56018156,0.8983831,1.0,0.8597619,0.5980153,0.56977075,0.5660921,0.61360097,0.58847463,0.5552074,0.52054584,0.5054451
0.42028508,0.96607345,1.0,0.6325646,0.32495978,0.33258986,0.3590005,0.43745118,0.4201063,0.37920904,0.3020307,0.28700653
0.48061246,0.9715073,1.0,0.6328998,0.28691056,0.23560499,0.23666814,0.28938103,0.3519362,0.3821902,0.3266272,0.3306135
0.5222665,0.9390709,1.0,0.74544966,0.40254748,0.3786346,0.4076973,0.4827626,0.4065631,0.31217593,0.34132814,0.40074024
0.58388,0.9363699,1.0,0.78587604,0.5117461,0.49491492,0.57549787,0.7329158,0.6753736,0.5709542,0.4703004,0.46105468
0.6838239,1.0,0.9993955,0.7283243,0.51167387,0.5121114,0.59262836,0.7661195,0.7583374,0.67402095,0.53816015,0.5138325
0.3624055,0.6312405,1.0,0.5796982,0.3678798,0.3098308,0.32570353,0.38761246,0.4135365,0.4025073,0.32056212,0.27782288
0.19020115,0.46389762,1.0,0.762865,0.24083807,0.15292345,0.24471036,0.14761539,0.062684245,0.07929598,0.085199356,0.10081823
0.092394136,0.14429773,0.22216782,0.2192669,0.22541562,0.48715776,1.0,0.64978427,0.121494286,0.04343512,0.027365042,0.046812028
0.034526773,0.0699852,0.08539279,0.035344034,0.068961754,0.23828864,0.7503868,1.0,0.6012699,0.3404089,0.041872084,0.012990941
0.0029666196,0.018189115,0.03204677,0.0076771122,0.0049151722,0.008039946,0.055803303,0.20388219,1.0,0.769179,0.05623416,0.0019183251
0.00054036966,0.0059782406,0.019433409,0.014550113,0.003076975,0.0011190433,0.013623192,0.20499825,1.0,0.4797702,0.02250735,0.0007765159
0.0029006698,0.05796337,0.3013029,0.10760854,0.004735683,0.010520264,0.21996336,1.0,0.8609354,0.1254667,0.0039316867,0.00054295984
0.0054505914,0.17851341,0.507038,0.16391149,0.014678385,0.033729546,0.7349802,1.0,0.13608731,0.007616985,0.0011917793,0.00078858936
0.004016486,0.12632062,0.21906707,0.034999497,0.011386439,0.038064875,0.7574877,1.0,0.09541301,0.0033407009,0.0021006796,0.0028583906
0.003481583,0.042424846,0.1769093,0.023099437,0.020619286,0.10141346,0.7252226,1.0,0.12316457,0.005602762,0.002703896,0.004984565
