0.043490257,0.019932343,0.010680457,0.023044039,0.1615678,1.0,0.54650384,0.12597005,0.05601919,0.10468111,0.025669565,0.012448157
0.038875014,0.01431162,0.0038769727,0.0075683673,0.10620131,1.0,0.36121476,0.0720409,0.034397308,0.10450746,0.018593388,0.004888913
0.03159524,0.018736478,0.0034579644,0.005016125,0.062238753,1.0,0.62191963,0.06512321,0.035937384,0.0840954,0.02077359,0.0028505542
0.012876714,0.020652555,0.003674029,0.0030331467,0.016657775,0.6100266,1.0,0.0824315,0.028092325,0.027158178,0.01572822,0.0013769147
0.0035252478,0.015781818,0.004683501,0.0022025274,0.005858116,0.29773858,1.0,0.16851455,0.016127376,0.0071487725,0.0069761532,0.0009992579
0.002251957,0.019781057,0.013815061,0.0039578653,0.006217102,0.12512639,1.0,0.54781973,0.030250145,0.013139029,0.009101965,0.003198214
0.0034430658,0.021936199,0.026657032,0.0047112317,0.007140806,0.07629107,0.9766149,1.0,0.06920654,0.036826536,0.020587303,0.010746603
0.004865535,0.020117206,0.017599758,0.0045039225,0.0069042305,0.10610631,1.0,0.80424374,0.15541679,0.090816,0.049212556,0.012940732
0.008098171,0.013523968,0.014199465,0.011690498,0.016758475,0.13479912,0.79807395,1.0,0.4115469,0.21618147,0.14635572,0.018050725
0.16120307,0.03817604,0.04662047,0.06910752,0.055062108,0.11803217,0.45476672,1.0,0.32005423,0.12719776,0.10373791,0.19170633
1.0,0.18013999,0.032261897,0.09575496,0.1304877,0.11620575,0.23382448,0.25397342,0.068246745,0.052446663,0.054162145,0.47159845
1.0,0.2627772,0.01089415,0.020986794,0.04987679,0.052878074,0.11810581,0.07110728,0.019510327,0.016732592,0.029702006,0.23911414
1.0,0.26806867,0.028726045,0.025841972,0.050868273,0.088317595,0.14543268,0.08032687,0.028315276,0.030985432,0.10006667,0.42333475
0.6060907,0.2480809,0.11058775,0.102097355,0.31822515,0.45846614,1.0,0.8702067,0.2470553,0.33878607,0.56798965,0.7074147
0.3559064,0.12596036,0.07108182,0.07782583,0.18681861,0.37594634,0.9291202,1.0,0.24761912,0.4979997,0.8154044,0.9641501
1.0,0.36061823,0.049412657,0.048868664,0.08704312,0.193215,0.613385,0.4419217,0.10075241,0.16972588,0.39899394,0.41440347
1.0,0.44486815,0.051173188,0.040557727,0.06615603,0.1577136,0.5572907,0.26537636,0.043444175,0.034737043,0.10286515,0.40316656
1.0,0.49474663,0.08640217,0.081793755,0.095550016,0.19505623,0.92313296,0.35964754,0.054960422,0.13715534,0.20782374,0.47263622
1.0,0.4699859,0.12563866,0.110439576,0.09442986,0.2254719,0.77269137,0.330511,0.08023058,0.34567222,0.40576723,0.39547476
0.8915679,0.8937894,0.6246594,0.30514398,0.26636842,0.4095792,0.69183564,0.4320485,0.18737632,0.48439527,1.0,0.8767482
0.5574598,0.59668183,0.49025053,0.193702,0.21014962,0.3081112,0.4875197,0.8050914,1.0,0.5764368,0.45869055,0.52183235
0.1825565,0.102436736,0.08024374,0.08126881,0.14163965,0.15827362,0.1954751,0.6176379,1.0,0.73704845,0.38399097,0.3815436
0.204273,0.20704783,0.20114511,0.19455318,0.20583512,0.18719049,0.24110605,0.5242976,0.88874686,1.0,0.52296543,0.3920031
0.222531,0.2888297,0.42242566,0.6727729,0.8804921,0.49156457,0.69686013,1.0,0.49895534,0.6001971,0.49409416,0.32375777
0.08235758,0.048205998,0.091986135,0.20195465,0.24019949,0.16426626,0.51669365,1.0,0.74692976,0.9786053,0.68436813,0.19795379
0.14590955,0.010962892,0.00914495,0.027359506,0.025908416,0.01687389,0.058250632,0.0988895,0.15626794,0.49382865,1.0,0.8218459
0.9336785,0.28126842,0.019400882,0.00511931,0.005361647,0.0032083401,0.009978062,0.010200302,0.012687896,0.077440456,0.39667237,1.0
0.7940662,1.0,0.12558132,0.002740352,0.0012180323,0.0007279289,0.0023399584,0.0058855005,0.0055991947,0.006921217,0.023147745,0.16376425
0.2541041,1.0,0.19561924,0.003319155,0.00044444972,0.00052643503,0.00022851194,0.0021670721,0.008257255,0.0031615633,0.0038212049,0.018521657
0.38863444,1.0,0.2044749,0.0036786168,0.0010395879,0.0014332284,0.0010733786,0.011875731,0.027051507,0.011176928,0.013165196,0.05417566
0.65523946,1.0,0.20994,0.008689241,0.003423528,0.003965439,0.005843505,0.040513232,0.06185088,0.046921104,0.07486927,0.12577601
0.30958414,1.0,0.19840091,0.005563152,0.0035234278,0.0036824006,0.007273337,0.008611979,0.016944682,0.02527246,0.04094709,0.08271588
0.18556699,0.41915345,0.10612342,0.008079369,0.010735461,0.012420369,0.015032084,0.04695628,0.5235083,1.0,0.2627719,0.12890257
0.019030765,0.014092639,0.0070508895,0.002484507,0.0018501945,0.0016036443,0.006442404,0.04204022,0.5013296,1.0,0.30929512,0.046963476
0.03756069,0.018954933,0.016200857,0.0034013784,0.0021179453,0.004432193,0.0654084,0.20317703,0.49336004,1.0,0.49621186,0.12646641
0.056863386,0.13470934,0.18311958,0.020649303,0.0073597566,0.01752604,0.27473316,1.0,0.5270081,0.3856744,0.22766617,0.112658955
0.3546047,0.13389133,0.09032445,0.0228258,0.025146889,0.028662108,0.056962233,0.3363825,0.49409977,0.75622696,1.0,0.64207786
0.6928672,1.0,0.29157645,0.014162957,0.009999073,0.009273383,0.0027229341,0.011844162,0.03895412,0.075778514,0.18053535,0.3115012
0.1721816,1.0,0.5518675,0.019682249,0.0025596712,0.0024198694,0.0004948739,0.0021467553,0.011997735,0.008745835,0.009531561,0.025824154
0.07949023,1.0,0.73298484,0.027525213,0.0014221928,0.0015479688,0.0007431487,0.0005551692,0.0065976065,0.00741085,0.0018923292,0.007698566
0.1579976,1.0,0.7972063,0.051928904,0.0061936798,0.0042176065,0.0024778186,0.0015744044,0.0057702535,0.006799765,0.007475694,0.024919873
0.1413039,1.0,0.49216735,0.028550008,0.0039834334,0.0021500979,0.0027543486,0.004644616,0.0043220194,0.0050335526,0.008333612,0.01669078
0.3229657,1.0,0.3550672,0.01854725,0.0015119122,0.0008072362,0.0013230541,0.0038111429,0.0059332424,0.0049914573,0.007966818,0.037990287
0.55757964,1.0,0.58526254,0.019285321,0.0014843933,0.001492677,0.007017389,0.04871098,0.20667233,0.29434186,0.25267917,0.35258353
0.12824899,0.4003146,0.29314253,0.010751869,0.0010752457,0.001542653,0.026666027,0.4584502,1.0,0.58484864,0.26635438,0.14836796
0.026473163,0.083246894,0.105972566,0.008459234,0.022663517,0.099988304,0.3317958,1.0,0.6767836,0.09640105,0.0170956,0.012030584
0.0125250975,0.019854816,0.02152837,0.013377419,0.25528303,1.0,0.81537217,0.54376394,0.176497,0.019550208,0.015830232,0.0118516255
0.008530448,0.008339875,0.0058662808,0.07077249,0.72551024,1.0,0.11879812,0.018484913,0.010747563,0.007944196,0.019614914,0.017733173
0.010296109,0.0064213234,0.005005382,0.13583353,1.0,0.7854794,0.07358048,0.0073498455,0.0052589695,0.009019206,0.017670369,0.037219003
0.014567629,0.008406896,0.007747951,0.19025035,1.0,0.42919442,0.03419353,0.0063852766,0.015365493,0.025089432,0.033167854,0.06673501
0.017001884,0.009608087,0.009351908,0.1617323,1.0,0.46609995,0.032976758,0.010067319,0.07543734,0.07603485,0.082962885,0.06223882
0.01213222,0.006035493,0.005948196,0.051682208,0.870804,1.0,0.091200486,0.0069872225,0.16237515,0.16338775,0.058581963,0.022953076
0.005814078,0.003226795,0.0051793526,0.043459542,0.7197988,1.0,0.13306275,0.015295299,0.093602635,0.11369524,0.022299219,0.010545932
0.0031950402,0.0045149536,0.007257319,0.058884405,0.6342729,1.0,0.18624596,0.046741527,0.021707986,0.023261476,0.005284922,0.002986915
0.0017699827,0.0023004808,0.0017001668,0.008662737,0.24408524,1.0,0.3046292,0.016035948,0.0028177476,0.0021542006,0.0005366378,0.00064977823
0.0012833325,0.001377045,0.0014618997,0.013649085,0.43597567,1.0,0.1600556,0.0050284746,0.0021094421,0.002363134,0.0005614143,0.0007689449
0.0015872164,0.0019851043,0.0030241986,0.043713402,0.6813904,1.0,0.15522447,0.0040546567,0.00294231,0.0034352625,0.0019353122,0.0015351792
0.021621488,0.017864903,0.020706618,0.14448176,1.0,0.8940508,0.2445171,0.050479982,0.04824469,0.071364194,0.07082595,0.047261417
0.18772836,0.17704175,0.09225808,0.20511541,0.44405875,0.9100318,0.70102817,0.48275325,0.8026202,1.0,0.7636198,0.63742924
0.22558227,0.318942,0.12891331,0.12660895,0.30103382,0.6204158,0.5586438,0.42591113,0.8559251,1.0,0.6466937,0.36629638
0.31822187,0.47425303,0.17210743,0.17269759,0.31926927,0.41944996,0.74906105,0.9139962,1.0,0.97983766,0.6651279,0.4803093
0.076752126,0.10148294,0.0589432,0.04411156,0.061777398,0.11063384,0.4542024,1.0,0.7309129,0.39817318,0.25713837,0.19890653
0.0242696,0.03689359,0.04459645,0.009846204,0.014778116,0.04557922,0.41069666,1.0,0.517506,0.1111644,0.024564868,0.014177262
0.4027889,0.180863,0.07779023,0.013604735,0.065610364,0.36516234,0.7973002,1.0,0.44664398,0.15332352,0.020523783,0.061814982
0.4627705,0.19682197,0.015874071,0.0032507656,0.043212514,0.5600374,1.0,0.28817073,0.038229167,0.025768775,0.008487245,0.072190985
0.04161993,0.051567473,0.011100804,0.0012777398,0.0056589902,0.17178437,1.0,0.8333674,0.32105556,0.10571932,0.009474015,0.007517082
0.0013632089,0.0031874962,0.0032798906,0.0016103376,0.0019812346,0.043406565,0.2193632,0.51565284,1.0,0.33283234,0.021586007,0.0010933458
0.0020119783,0.0028071685,0.0016655055,0.002452771,0.012329679,0.11330664,0.45561874,0.7952589,1.0,0.2645747,0.014168545,0.0014672138
0.0015368367,0.0046719057,0.001591579,0.0011785638,0.013068002,0.23432349,1.0,0.503413,0.07564801,0.016035782,0.0024321768,0.0005035207
0.0030202155,0.005850808,0.001149344,0.0020158556,0.061584026,0.5619681,1.0,0.19737847,0.027653037,0.01291426,0.0011044099,0.00036654473
0.0041395975,0.0033849652,0.0015741937,0.03413923,0.50662744,1.0,0.42041826,0.07335996,0.009860288,0.0056198067,0.000715662,0.0016539979
0.0020898688,0.00095267565,0.0024239207,0.095659785,1.0,0.81671196,0.071016975,0.013726056,0.0069053923,0.0027054672,0.0006271201,0.002043145
0.003021927,0.0011800142,0.0020261009,0.06339458,0.77575094,1.0,0.1640541,0.010828062,0.009795611,0.008506699,0.0018207295,0.0017885665
0.0022970575,0.0024064553,0.0010121212,0.0095186755,0.15125698,1.0,0.899478,0.106836185,0.011160293,0.012969242,0.008183276,0.0016614946
0.0028483693,0.0047404775,0.0029936759,0.0029687472,0.03987198,0.35791388,1.0,0.88111454,0.20834284,0.033494,0.026458852,0.010851441
0.0037599748,0.010979666,0.006387035,0.0018123952,0.022529894,0.059741106,0.5470756,1.0,0.21255463,0.029615942,0.06762124,0.022886494
0.010888514,0.037844785,0.009171064,0.004529839,0.018326838,0.24985342,1.0,0.5077323,0.056251522,0.049772166,0.154917,0.024490815
0.019741468,0.02187329,0.0070456425,0.014242681,0.051836565,0.8776733,1.0,0.06808741,0.008924574,0.062426556,0.06922783,0.019736039
0.021417556,0.0064170593,0.010216796,0.017060596,0.15262903,1.0,0.50334644,0.019820059,0.011148068,0.03880408,0.024013039,0.019681446
0.025276434,0.0038687056,0.0129059935,0.016419163,0.399903,1.0,0.11518489,0.0058781467,0.013668117,0.02538368,0.025306584,0.019546974
0.021664826,0.0074070175,0.0055395626,0.009549479,0.2657945,1.0,0.204268,0.006239327,0.0042335493,0.012267832,0.011852847,0.010567244
0.03671273,0.04447373,0.0064823586,0.007893384,0.10910033,1.0,0.7951472,0.07596387,0.0034820205,0.014069634,0.015901541,0.00797903
0.032067675,0.06706218,0.027201587,0.006056705,0.021732595,0.39790413,1.0,0.41652235,0.03751121,0.01993554,0.021342639,0.008920522
0.008058451,0.03262155,0.09467229,0.019736433,0.04211965,0.18931076,0.6338692,1.0,0.19745447,0.06086333,0.019161735,0.01704359
0.010204067,0.046661,0.10397718,0.029769413,0.099215224,0.4078882,1.0,0.76866686,0.2088644,0.06360899,0.018825492,0.01371222
0.025888532,0.03168371,0.016616551,0.012762979,0.20619826,0.99964076,1.0,0.25747535,0.039508633,0.019886127,0.013162948,0.0107096005
0.016887931,0.010372716,0.022036146,0.029345492,0.40414086,1.0,0.31921792,0.09061166,0.03046888,0.009777857,0.009610253,0.009880565
0.006609631,0.005957893,0.011157508,0.02192106,0.12425284,0.762855,1.0,0.29582587,0.025907328,0.0027895737,0.003798644,0.0039517097
0.0029064245,0.0064300434,0.0014995876,0.002327948,0.013476284,0.31680137,1.0,0.30227455,0.010561339,0.001052045,0.0012148676,0.0006358745
0.0012235675,0.0053852513,0.003023492,0.0007101479,0.0045344136,0.17347015,1.0,0.62200636,0.07306333,0.0050253505,0.0016782383,0.000533904
0.00054087193,0.0024170105,0.005528384,0.0024531132,0.0027811707,0.07299113,0.5700401,1.0,0.59293604,0.12805897,0.008573354,0.0011835028
0.0006675333,0.0008836588,0.0040789032,0.012557467,0.003861335,0.014173412,0.12929364,0.5344516,1.0,0.32237926,0.015692111,0.0010899303
0.0011150673,0.0015783181,0.006505502,0.030982465,0.055367786,0.2039842,0.4979853,1.0,0.42395478,0.045893144,0.0070120557,0.0005737742
0.0017517097,0.0014701665,0.0022516393,0.020635188,0.27043542,1.0,0.76890314,0.37588745,0.105061315,0.028704887,0.0033807948,0.00040617457
0.001989129,0.00043571004,0.0013335509,0.06764399,0.8237973,1.0,0.18048814,0.024718162,0.032381058,0.03209738,0.002758653,0.0018360046
0.0048426567,0.0005604281,0.0015751339,0.08905274,1.0,0.83413804,0.074709184,0.016861444,0.017468832,0.008195656,0.0006737706,0.004294858
0.004051016,0.0036962084,0.001237025,0.031484596,0.43936816,1.0,0.58506966,0.08891697,0.01087772,0.0034700558,0.0007415028,0.0017516916
0.0012336732,0.0036643792,0.001198821,0.0023977265,0.031737067,0.28278077,1.0,0.44384795,0.018217776,0.0007084174,0.00130666,0.00061743555
0.0003422046,0.001991302,0.0017186166,0.0011810339,0.014831272,0.07147805,1.0,0.97066355,0.047573097,0.0007579602,0.002088739,0.0011843276
0.0064341533,0.013174276,0.0056331474,0.00414921,0.031236237,0.097671404,0.8685761,1.0,0.09536863,0.014954699,0.014637628,0.005895403
0.01706265,0.020084042,0.0088113705,0.009466623,0.047065355,0.6238478,1.0,0.34359768,0.053683534,0.02745021,0.019247476,0.0075550945
0.024977125,0.0142657515,0.0037645109,0.006264737,0.09653127,1.0,0.9749842,0.07473689,0.0062653976,0.01658391,0.0077071986,0.007437991
0.043306068,0.01429331,0.0067619304,0.014809609,0.41488633,1.0,0.58441186,0.04608474,0.010463861,0.016271714,0.018991798,0.028118242
0.053436417,0.009892448,0.010039198,0.020290148,0.5616127,1.0,0.13961855,0.006404567,0.011066541,0.017383369,0.027279843,0.04056432
0.031513844,0.018409526,0.0044636778,0.005752793,0.11857428,1.0,0.4485305,0.012434705,0.0033370035,0.016355412,0.011709552,0.014466974
0.032054476,0.039932806,0.003968069,0.004211266,0.08090414,1.0,0.7717616,0.03878717,0.0021646623,0.01017586,0.008454194,0.009425267
0.034810673,0.059195466,0.0065668416,0.008821694,0.08346223,0.60537845,1.0,0.17884703,0.0034423228,0.004832183,0.009556735,0.007043505
0.014982686,0.032895375,0.009849272,0.015949167,0.08901053,0.4384485,1.0,0.3256065,0.009075155,0.010796725,0.019774796,0.0053839604
0.16642939,0.2412921,0.14352435,0.13561365,0.3228832,1.0,0.8687599,0.25289658,0.032754783,0.04715493,0.08117001,0.10363431
0.55688226,0.5956235,0.22428982,0.07292666,0.15718475,1.0,0.984372,0.21998419,0.08111539,0.1272219,0.266818,0.413947
0.37253898,0.47099724,0.19983214,0.08932627,0.23893191,0.93077284,1.0,0.40447134,0.14713992,0.17772783,0.37665734,0.5042392
0.43298337,0.5288554,0.20587537,0.10360304,0.22869587,0.9165148,0.9579902,0.5418821,0.257095,0.33169693,0.8186369,1.0
0.51963496,0.49696583,0.17148867,0.1012472,0.22331595,0.9075875,0.8349751,0.42738366,0.33404464,0.66717166,0.8507018,1.0
0.103192054,0.08477309,0.043818627,0.061351757,0.5132339,1.0,0.81579643,0.36599886,0.09079321,0.2786171,0.34317678,0.1902269
0.03316928,0.0112318685,0.008899012,0.07911982,0.8050168,1.0,0.4990876,0.17161338,0.04363308,0.054873906,0.071073376,0.07207164
0.069567285,0.0047506094,0.0058878884,0.085182436,1.0,0.6385358,0.09337361,0.035614517,0.018308984,0.02000684,0.10137692,0.36160293
0.09612314,0.0020356306,0.0038641682,0.076326974,1.0,0.49221033,0.014222648,0.002420596,0.01462062,0.014567129,0.16061611,0.5473369
0.05559305,0.001574863,0.0026218516,0.055108216,1.0,0.69165266,0.021070998,0.0021838853,0.02412243,0.011967431,0.037576493,0.15042642
0.041682646,0.001567924,0.0013525262,0.03500056,0.9330736,1.0,0.048173778,0.0032386393,0.023680592,0.012494314,0.0052961186,0.04785125
0.026900273,0.0039175283,0.0013997045,0.023572678,0.5707473,1.0,0.3314605,0.05706179,0.034959458,0.02745248,0.009626089,0.024646902
0.010737301,0.00959124,0.0064079943,0.017307818,0.16501537,0.5140626,1.0,0.27805397,0.06630684,0.04038192,0.01199884,0.011688945
0.10563854,0.12066264,0.091006644,0.066401534,0.24782614,0.5112752,1.0,0.45231482,0.25465477,0.14787613,0.107865274,0.15821086
0.4524645,0.3695697,0.2127018,0.22496723,0.80393493,1.0,0.9615596,0.7527384,0.6363407,0.36564574,0.36961192,0.6498542
0.56359965,0.34646824,0.2749303,0.3413615,0.9147614,0.8303075,0.8309387,1.0,0.6813361,0.4741675,0.5872268,0.9431042
0.4309236,0.330696,0.25541258,0.2477848,0.583839,0.65775317,0.64877343,1.0,0.49577972,0.35617527,0.45271763,0.62362117
0.3622186,0.44807085,0.27916846,0.3212468,0.48640117,0.38452524,0.61688054,1.0,0.6496035,0.51859814,0.4945901,0.38643882
0.5382034,0.85754794,1.0,0.7340964,0.7259283,0.6604557,0.9773186,0.860059,0.6251742,0.6837285,0.52424824,0.6263927
0.34537575,0.34757644,1.0,0.93580645,0.48871833,0.4825644,0.4535192,0.31966716,0.21943705,0.3628826,0.22551619,0.3724612
0.24211256,0.12848505,0.782457,1.0,0.41802305,0.2088165,0.11422867,0.0880813,0.06800294,0.09787759,0.09751568,0.33090016
0.2832918,0.36955622,1.0,0.83754826,0.6475647,0.18551669,0.10145926,0.12161086,0.101690315,0.13333666,0.16089426,0.5312982
0.41412827,0.6612868,0.63882965,0.73232996,1.0,0.48920375,0.21524282,0.3100354,0.32074362,0.40873682,0.3659245,0.5263744
0.27957693,0.3502806,0.52177596,0.97170556,1.0,0.39254168,0.2793186,0.29125485,0.26826647,0.25207788,0.22907895,0.24660121
0.12103011,0.16499859,0.5185876,1.0,0.42238036,0.24695568,0.18404517,0.13979764,0.1170067,0.08186821,0.11533548,0.11937907
0.5205928,0.7583935,0.96114105,1.0,0.73355794,0.69467455,0.38543308,0.3047077,0.21481577,0.17296311,0.26343182,0.30483356
0.7189661,1.0,0.541871,0.4862889,0.8713402,0.7174081,0.54681915,0.4372885,0.34088916,0.43002576,0.46062046,0.37574682
0.11828694,0.09013262,0.06122543,0.05701791,0.08401359,0.13488993,0.15142253,0.2316739,0.42993572,1.0,0.6457129,0.27856708
0.13433069,0.12453264,0.08559682,0.056742527,0.104844674,0.15678483,0.16940229,0.28886244,0.47680047,1.0,0.5931239,0.30737162
0.24894993,0.3073925,0.22758046,0.12137316,0.21672413,0.30149445,0.293396,0.5384339,0.72259945,1.0,0.6212901,0.48438516
0.5285058,0.7577565,0.35175535,0.1557048,0.59703815,0.6785376,0.45825627,0.68721646,1.0,0.6073694,0.39424986,0.5852053
0.50910205,0.74291664,0.26655474,0.16340508,0.7226252,0.8029029,0.6447413,0.88036776,1.0,0.5860589,0.3748226,0.49266872
0.42650732,0.843314,0.44302607,0.2626708,0.56792027,0.7131069,0.7358045,1.0,0.9755039,0.5796274,0.4108727,0.39368886
0.3928211,1.0,0.60232747,0.31328675,0.50671166,0.58323956,0.5119048,0.6368527,0.72132725,0.43415895,0.33163205,0.25986072
0.5397751,1.0,0.37510723,0.30067417,0.57476145,0.6176173,0.64228636,0.89996034,0.8523421,0.50642544,0.37958676,0.33552453
0.9152828,0.9618088,0.36307272,0.29674163,0.7162189,1.0,0.68931824,0.8866301,0.93216276,0.78377086,0.64159995,0.683621
0.73535687,0.61509454,0.27889362,0.28944427,0.86826605,1.0,0.46106473,0.52617085,0.4752248,0.43717715,0.37763384,0.4902218
0.8082203,1.0,0.43462005,0.40345427,0.80618656,0.7212052,0.4502603,0.5956584,0.49275595,0.36727348,0.34103188,0.43390346
0.4817323,1.0,0.41911268,0.3197092,0.37951574,0.36886066,0.38813046,0.5971446,0.4146127,0.35635915,0.40671867,0.4471734
0.3750366,0.7259576,0.44767982,0.4485373,0.5450952,0.49858177,0.6160167,1.0,0.83592474,0.5736338,0.48928893,0.48004943
0.45784587,0.7504591,0.59254056,0.4112797,0.6944897,0.6933123,0.60487384,0.9505251,1.0,0.48239756,0.30752125,0.28362802
0.53933436,0.72440815,0.4012681,0.3199199,0.9043718,1.0,0.43101972,0.3576893,0.467072,0.3595418,0.24554129,0.27706143
0.54324114,1.0,0.5436897,0.29333454,0.5305819,0.8968899,0.5478995,0.3580225,0.24090542,0.3177096,0.3000887,0.33902523
0.5781765,1.0,0.51849943,0.33080283,0.37791646,0.75162935,0.9039557,0.7196063,0.40124926,0.44292068,0.44090983,0.55670804
0.9598879,1.0,0.48890376,0.49126884,0.647627,0.8509553,0.81584835,0.9695742,0.73079586,0.68374676,0.5854271,0.99234384
0.6811648,0.86007637,0.592577,0.37748203,1.0,0.97914433,0.67842716,0.4109543,0.48058242,0.533261,0.34140524,0.5937052
0.030653423,0.039913822,0.03906081,0.025612842,0.14591332,0.8386734,1.0,0.20734173,0.05166091,0.02268653,0.039147597,0.03780827
0.016155062,0.01419739,0.017150884,0.012708009,0.0681902,0.5078771,1.0,0.43041587,0.17337991,0.04880542,0.022861363,0.02179364
0.11091972,0.08954013,0.07020282,0.06211591,0.1833654,0.50178385,0.9743619,1.0,0.6110496,0.20494184,0.081094906,0.108198486
0.09636632,0.09985753,0.062111195,0.050923213,0.15277237,0.22292362,0.43313003,1.0,0.45209494,0.12600335,0.0648226,0.08944304
0.08518027,0.11274227,0.0893936,0.055385817,0.12617598,0.20165335,0.3521458,1.0,0.8975047,0.15368696,0.061780594,0.07325878
0.19718142,0.31992128,0.27783749,0.11102799,0.2852479,0.4160675,0.30678934,0.45197022,1.0,0.3316189,0.14358751,0.1972735
0.3016384,0.46797204,0.39478168,0.24731936,0.5147377,0.58551055,0.59889084,0.7469529,1.0,0.48751697,0.24120381,0.34000582
0.41931024,0.94373804,0.63389695,0.27512148,0.3642185,0.3811931,0.6049782,1.0,0.7630935,0.33699507,0.22683945,0.401462
0.3373853,0.78229284,0.58369654,0.31397772,0.4359332,0.5979456,0.6581865,1.0,0.7906115,0.39259183,0.18281257,0.23400582
0.36289614,0.43714198,0.44643232,0.24689041,0.32630637,0.44324377,0.5695296,1.0,0.7666809,0.3347973,0.19588248,0.29589358
0.40250522,0.6949156,0.6171114,0.22411972,0.4449857,0.68816113,0.48453704,0.70149577,1.0,0.4346827,0.22015853,0.38044554
0.27801648,0.52334213,0.5180201,0.35487968,0.6013562,0.81991655,0.7228461,1.0,0.9662188,0.2870832,0.26235402,0.23909533
0.21549357,0.50704443,0.685444,0.81891525,0.8670134,0.9725488,0.6786863,0.8547281,1.0,0.46243286,0.34842572,0.19078921
0.39006954,0.62294066,0.45778888,0.6331807,0.6681093,1.0,0.5531753,0.7145353,0.8607608,0.42968303,0.9029064,0.6378525
0.4912068,0.69786316,0.36850074,0.355756,0.4723349,0.36994544,0.25155607,0.4149308,0.41159463,0.40600854,1.0,0.91693443
0.06754389,0.25336254,0.83743453,1.0,0.27205372,0.10407115,0.061221305,0.044331536,0.045128383,0.12176664,0.1629153,0.06244486
0.03986707,0.10970809,0.5032003,1.0,0.4961101,0.1881785,0.04512145,0.014262869,0.019177997,0.08073318,0.15932304,0.07249758
0.084762424,0.049356237,0.091991335,0.38550052,0.67396444,1.0,0.5174095,0.040507276,0.030280858,0.12494009,0.1774095,0.107460536
0.04023472,0.08625507,0.028988818,0.021550616,0.08221422,0.55921143,1.0,0.15473175,0.026893657,0.105109,0.19641773,0.034128927
0.027850285,0.26396543,0.3555394,0.05872935,0.050734833,0.16328196,1.0,0.4023407,0.06620674,0.07847139,0.28351006,0.07739956
0.08924371,0.5800652,0.9656444,0.17860079,0.08729321,0.105202496,1.0,0.6715918,0.08676816,0.07815569,0.28285232,0.11358305
0.22232716,1.0,0.38471666,0.06508021,0.05534015,0.09107795,0.6184309,0.5229696,0.11156253,0.05912368,0.13056795,0.04666673
0.27410874,1.0,0.20163418,0.030784685,0.036137015,0.06556111,0.2554116,0.26694384,0.082232155,0.056701154,0.08798333,0.020900285
0.48566166,1.0,0.18005224,0.0756728,0.12286347,0.37355927,0.2482028,0.13326333,0.087822005,0.24325387,0.6275173,0.5353328
0.19223422,0.12118307,0.13556166,0.07298916,0.1445546,0.6301141,0.29889244,0.026200091,0.047206126,0.30264628,1.0,0.775515
0.32569182,0.21773082,0.1703224,0.12403557,0.17889658,1.0,0.6904745,0.06736186,0.072572015,0.43074182,0.83440876,0.604931
0.52552676,0.650732,0.1982513,0.13857418,0.08996434,0.52817976,1.0,0.23110893,0.0878402,0.43031988,0.4840349,0.46483797
0.42594197,1.0,0.25953287,0.09182183,0.04880845,0.21019891,0.90524924,0.2927758,0.0889533,0.27041316,0.65438277,0.34237033
0.25612342,1.0,0.29557067,0.066886574,0.03225904,0.15877002,0.86169815,0.27803853,0.12922087,0.16715516,0.45238855,0.15504974
0.14143568,0.4167466,0.22583224,0.06914348,0.04224903,0.15599427,1.0,0.3891097,0.119392216,0.07161528,0.081669115,0.10555036
0.07994343,0.21459901,0.1508456,0.045977276,0.033021554,0.14885563,1.0,0.42019182,0.10507112,0.04966153,0.04408812,0.07439868
0.05390119,0.20049281,0.13702284,0.042679142,0.019184727,0.0984798,1.0,0.7529773,0.24582861,0.13791096,0.06429384,0.052164372
0.06642925,0.30251378,0.2383642,0.07901613,0.06112099,0.12821126,0.98876226,1.0,0.5057814,0.3845491,0.36006397,0.15490885
0.061725296,0.25805527,0.19899526,0.08585642,0.16200519,0.6908576,0.9010788,0.48629746,0.20763719,0.42279428,1.0,0.3016317
0.014753974,0.03396066,0.02842612,0.030690731,0.06809943,0.7373202,1.0,0.22955862,0.07004162,0.116253406,0.1691206,0.03695336
0.004994122,0.008154262,0.006236401,0.014062802,0.028620258,0.603588,1.0,0.10922702,0.017333604,0.018681843,0.011349978,0.0062516774
0.0030077589,0.0028307396,0.002884985,0.004315391,0.015625479,0.41785824,1.0,0.17983183,0.010137979,0.0051062056,0.0058782254,0.0048882817
0.001933361,0.00092160056,0.00097416295,0.0012806645,0.004796635,0.16327761,1.0,0.42144746,0.012563953,0.0019024318,0.0036135206,0.0033039758
0.0046295905,0.0019914086,0.0033955516,0.0052222027,0.005683249,0.1015422,1.0,0.8702172,0.06554172,0.002674578,0.015131289,0.03306214
0.02683046,0.011590855,0.019445311,0.016922502,0.009593426,0.024789304,0.30854905,1.0,0.21904102,0.009001464,0.11316941,0.24261773
0.02533297,0.025855672,0.027569834,0.023875965,0.007875624,0.017869765,0.41420934,1.0,0.17657462,0.016484736,0.16959752,0.17429101
0.028546566,0.05092615,0.038059533,0.034874186,0.01638776,0.043014098,0.7397934,1.0,0.13464956,0.042319287,0.23771258,0.10393068
0.07789093,0.1042129,0.0496767,0.038150117,0.034585778,0.1328032,1.0,0.6274925,0.11982352,0.13395053,0.4162024,0.11662698
0.07970415,0.12365283,0.052482095,0.040281788,0.040713876,0.24981576,1.0,0.23203526,0.050366156,0.24694464,0.6566886,0.117851585
0.05395749,0.07217746,0.042613387,0.035387844,0.03690868,0.17495301,1.0,0.41904774,0.061864495,0.17554832,0.4401492,0.11384724
0.055242024,0.05892751,0.03543682,0.02840526,0.035862334,0.08538587,0.7602712,1.0,0.14245564,0.15531577,0.24251065,0.17620762
0.030320086,0.030955797,0.01678526,0.010008668,0.013832779,0.022091206,0.25154057,1.0,0.15363385,0.091674544,0.079937145,0.1396171
0.016816005,0.017786492,0.018229172,0.009369001,0.009654291,0.014747562,0.24883033,1.0,0.15832211,0.066418104,0.03706919,0.07744681
0.008245782,0.014415776,0.02447984,0.010117116,0.015466248,0.06232393,0.5013826,1.0,0.16713859,0.0586749,0.027734552,0.042810142
0.008557629,0.04168298,0.026644181,0.007361319,0.023977486,0.21836309,1.0,0.51689,0.10208654,0.037048955,0.018121278,0.024797989
0.007475309,0.03166509,0.008562133,0.0017127107,0.0056571974,0.26120844,1.0,0.30612174,0.017358694,0.014554839,0.006604426,0.009612352
0.0121487025,0.042902835,0.029108891,0.0046501365,0.01030928,0.3048955,1.0,0.68353045,0.2287558,0.061281104,0.031202022,0.03114038
0.011581458,0.04430689,0.09163765,0.019282727,0.0069876076,0.039961796,0.26618472,1.0,0.4204858,0.04839528,0.059569616,0.08969793
0.020271396,0.048345316,0.20474435,0.12350942,0.021843048,0.018672073,0.23614882,1.0,0.35873193,0.041020967,0.057602547,0.084707595
0.09169139,0.1035044,0.33706808,0.32491738,0.08486512,0.023445776,0.13690409,1.0,0.45082918,0.14793982,0.16946846,0.14412841
0.08369508,0.26863983,0.3412548,0.1485144,0.06575659,0.06350395,0.64353985,1.0,0.20601858,0.10087781,0.21638113,0.18314084
0.11323653,0.56719744,0.14756645,0.020161564,0.025366567,0.25259843,1.0,0.39629155,0.18252648,0.06900927,0.118515104,0.044147883
0.1446634,1.0,0.33671233,0.016013468,0.0115140695,0.253856,0.8143365,0.16132836,0.12773384,0.04662958,0.065630816,0.015084158
0.10062916,1.0,0.725421,0.057712503,0.028936498,0.16514063,0.89056116,0.45623338,0.10544858,0.034340624,0.06494045,0.041599732
0.07009073,0.34877768,0.4928222,0.092034645,0.061333407,0.1036025,0.50029427,1.0,0.33027276,0.06842321,0.08584076,0.09881256
0.06177954,0.17191055,0.17380236,0.05888768,0.040758528,0.10407406,0.48235065,1.0,0.5507369,0.12355405,0.072983585,0.06097008
0.03870275,0.21367474,0.17669709,0.027137695,0.025050879,0.09214512,0.63552624,1.0,0.31052697,0.06734929,0.063618496,0.032596756
0.13130039,0.4214893,0.41477925,0.18422931,0.21327457,0.43001008,0.7129624,1.0,0.6032157,0.22857223,0.18182896,0.18283924
0.4144247,0.43886003,0.5517575,0.67749906,0.83104885,1.0,0.78223485,0.7528776,0.73586726,0.56102854,0.4910154,0.63758034
0.7250373,0.75587213,0.7927129,0.93483907,1.0,0.98447156,0.94038683,0.8354202,0.7406538,0.7094798,0.92604095,0.9786256
0.55949616,0.6961482,0.5656777,0.53165656,0.52249885,0.603142,0.7095924,0.83599895,0.92059076,1.0,0.8908851,0.6923873
0.19971097,0.23376854,0.2895568,0.27709144,0.39651573,0.5321939,0.6987489,1.0,0.9553536,0.8864366,0.50237364,0.29123795
0.28883627,0.3073321,0.28679198,0.23846024,0.4174462,0.67375517,0.41957143,0.3649226,0.70300233,1.0,0.53288656,0.3164983
0.20791647,0.29969695,0.3296347,0.26323792,0.37159577,0.55099744,0.5857298,0.7543611,0.91264665,1.0,0.59540206,0.3042193
0.22441421,0.2818362,0.29494178,0.25586134,0.3237948,0.43422785,0.6333041,1.0,0.944493,0.82518643,0.51038736,0.30605564
0.30801162,0.2815426,0.2917975,0.45698577,0.840883,0.90417385,0.8785824,1.0,0.5697732,0.29235992,0.34330532,0.34723985
0.17396434,0.14187773,0.20690127,0.26624253,0.5075176,0.63827676,0.72913176,1.0,0.88720495,0.7705368,0.5385529,0.29753232
0.33911878,0.29960856,0.3543488,0.3460711,0.4667353,0.6370102,0.6703562,0.8250865,0.92715603,1.0,0.7540551,0.47272068
0.71426326,0.6911811,0.68287855,0.5942995,0.7146388,0.9693417,0.8608144,0.99529684,1.0,0.9579524,0.8333214,0.7306342
0.2966343,0.3877898,0.41024148,0.3314438,0.7641218,1.0,0.5758483,0.6022875,0.6196935,0.63559866,0.47563577,0.33799368
0.30876008,0.46883518,0.5856431,0.40525943,0.81914335,1.0,0.8595227,0.7988809,0.7568091,0.7984959,0.5053979,0.31118438
0.40259755,0.46869576,0.4688431,0.36281857,0.6287269,0.8846384,1.0,0.6140194,0.53575516,0.5462627,0.49462608,0.40394387
0.40194553,0.53448087,0.54629827,0.5067831,0.7493781,1.0,0.85430586,0.6921176,0.52418333,0.44532028,0.49865755,0.4589614
0.3412647,0.50823224,0.6551629,0.7007393,0.91905767,1.0,0.781837,0.7245423,0.61481345,0.56360626,0.4411755,0.36514282
0.30293313,0.46330103,0.5615101,0.7552009,1.0,0.9323647,0.71613204,0.47364578,0.2933913,0.2716634,0.2303799,0.24387707
0.29297268,0.48183927,0.4164937,0.7147673,1.0,0.77470654,0.64725775,0.45442536,0.18704386,0.19509889,0.18563949,0.22795874
0.8449134,0.59847295,0.48889554,0.9880968,0.8260521,0.68827206,0.5370941,0.44768703,0.303252,0.25666934,0.33683753,1.0
1.0,0.63448966,0.5975112,0.63549525,0.39770737,0.2603909,0.17626184,0.12778063,0.1023692,0.103823155,0.17956884,0.834922
1.0,0.678275,0.68625444,0.75839615,0.4300287,0.30661714,0.21626371,0.12784506,0.087733924,0.116982006,0.18217775,0.7476052
1.0,0.8044441,0.95122117,0.9847805,0.6012779,0.55398995,0.48120344,0.32276836,0.19718716,0.23928502,0.29216018,0.7368654
0.9497336,0.79829484,0.7931998,1.0,0.7243425,0.56077504,0.564725,0.47281766,0.27954054,0.35281378,0.40693605,0.7689637
1.0,0.7758574,0.85682505,0.97061133,0.5694244,0.36839154,0.45071438,0.36135828,0.20010802,0.27427894,0.43897694,0.9131545
0.91808105,0.8371872,0.7555759,1.0,0.78110296,0.63218457,0.36372882,0.29616767,0.17879167,0.2565086,0.3709528,0.7034845
0.73610705,0.27803987,0.15106355,0.17176665,0.12231048,0.18953699,0.3600228,0.14955626,0.049107138,0.086298585,0.3751418,1.0
0.8501078,0.13757573,0.08024006,0.07909842,0.07103914,0.15058026,0.52758175,0.64478946,0.07604493,0.0426471,0.21339434,1.0
0.6008259,0.13849027,0.06672368,0.042003796,0.09177715,0.07536555,0.2572082,1.0,0.2293944,0.084051095,0.10184909,0.29209897
0.6573974,1.0,0.12835836,0.070580915,0.7203574,0.91873586,0.12771975,0.6210385,0.5137797,0.10907835,0.10992874,0.08220092
0.2058894,0.9877171,0.18793584,0.039743453,0.4155356,1.0,0.08634867,0.059913207,0.2696348,0.058787603,0.01917766,0.022304123
0.087377265,1.0,0.34552753,0.028382184,0.14649735,0.76013243,0.12728052,0.025887173,0.2902692,0.11490584,0.011930228,0.017353538
0.19197965,1.0,0.24050654,0.032378003,0.25216445,0.7504129,0.092375875,0.04149754,0.28541723,0.09594331,0.012633556,0.016435534
0.68665034,1.0,0.087678984,0.0680407,0.7796498,0.7104048,0.0354472,0.098649584,0.18220642,0.030155685,0.016883269,0.03242151
1.0,0.43434983,0.03528639,0.1321409,0.9660967,0.23494172,0.018197916,0.114201225,0.052687455,0.010218234,0.01628261,0.07836323
1.0,0.45490128,0.025168836,0.09433603,0.66714615,0.13308278,0.0130690625,0.09581534,0.046142336,0.0058325236,0.009444187,0.07123918
0.66047496,1.0,0.10710251,0.024542939,0.22120321,0.13702038,0.010683739,0.05269274,0.12576742,0.022302924,0.004223238,0.023847144
0.16673039,1.0,0.40160942,0.012474895,0.03427805,0.11071094,0.026261695,0.024346584,0.22208038,0.104787566,0.0033117502,0.006277219
0.054653846,1.0,0.7459238,0.021764945,0.020174118,0.11904753,0.052305408,0.013313731,0.26525226,0.21027216,0.005767945,0.0049243635
0.1503959,1.0,0.32358387,0.012735217,0.032208778,0.112196594,0.023843681,0.02379973,0.23245037,0.10508709,0.0042770337,0.005466329
0.48053017,1.0,0.093378134,0.012292148,0.0703055,0.09596171,0.008278867,0.044435225,0.13589044,0.024795078,0.004755489,0.012224109
1.0,0.7325141,0.06202489,0.027489796,0.10246786,0.05145316,0.013504356,0.07501962,0.061664633,0.010842791,0.009752987,0.041462377
1.0,0.78604215,0.06549473,0.023637386,0.11178686,0.073111326,0.015739799,0.08499423,0.1006317,0.0166722,0.007049405,0.041986376
0.39980966,1.0,0.2892899,0.036618754,0.07382417,0.22403349,0.11126808,0.05677358,0.36304337,0.1928954,0.0129792,0.01720009
0.100625806,0.7947062,0.87534714,0.09815173,0.06632083,0.3939958,0.5804651,0.083359696,0.977583,1.0,0.049629644,0.021620011
0.17231353,0.71613175,0.8902879,0.08623445,0.038731992,0.30480176,0.6791611,0.08816054,0.76739526,1.0,0.06488079,0.05843616
0.60914826,1.0,0.447388,0.031563677,0.031280804,0.2655958,0.31500491,0.03614324,0.28923813,0.34344506,0.07245796,0.19216344
1.0,0.9523037,0.17906843,0.015043182,0.021140613,0.07397671,0.08417726,0.063300945,0.2996403,0.29831877,0.029911367,0.119216524
0.7296013,1.0,0.41605446,0.039803214,0.04001343,0.095587954,0.14290485,0.12871888,0.36872366,0.37065086,0.029276518,0.076884694
0.5739113,1.0,0.72387606,0.2657118,0.20075831,0.22522922,0.20689036,0.12237391,0.1827917,0.13244206,0.040016472,0.09971826
0.07022326,0.062428795,0.120288275,0.82582134,1.0,0.26057905,0.110922255,0.29949635,0.15092675,0.046455413,0.04711919,0.049561795
0.009028854,0.0066612693,0.016838668,0.47512212,1.0,0.118133835,0.023963429,0.2851627,0.11539783,0.006702049,0.012399981,0.012348296
0.0030802267,0.0032608586,0.0065130484,0.3046217,1.0,0.13625012,0.016618475,0.22162595,0.11694587,0.0036760496,0.00497813,0.010347517
0.006125951,0.0019666355,0.0031645764,0.15126196,1.0,0.2686729,0.009096873,0.07526639,0.07802132,0.0057051913,0.0027613607,0.019324739
0.009239898,0.0012781034,0.0061901105,0.1757476,1.0,0.31158993,0.008097213,0.019957475,0.040963743,0.006136396,0.0109194,0.038080808
0.008016359,0.015134356,0.21878824,0.8920268,1.0,0.17751616,0.08804667,0.13026646,0.05805916,0.042943634,0.08662415,0.062415257
0.004865196,0.1386415,1.0,0.5354485,0.26885873,0.10732416,0.24040903,0.08922093,0.040291246,0.17330608,0.072120525,0.015243289
0.0021889855,0.14021985,1.0,0.29100433,0.11412052,0.041361976,0.08138714,0.010759149,0.019781237,0.11304371,0.029994002,0.0042211595
0.0022227967,0.059334293,0.9591998,1.0,0.09518584,0.013760982,0.018751245,0.007965552,0.0038416446,0.039077394,0.038619164,0.00431496
0.007160851,0.04540475,0.5613541,1.0,0.1625542,0.013125032,0.0048331576,0.0042687873,0.0009179189,0.0057030325,0.021111319,0.0073255035
0.026336242,0.12783922,0.71821034,1.0,0.42224976,0.05994154,0.018730007,0.007357448,0.0024364009,0.005234921,0.021014562,0.019618135
0.018060535,0.11057351,0.77312386,1.0,0.6413007,0.13785048,0.066491,0.020333732,0.009673424,0.024723407,0.044769786,0.020587042
0.048792176,0.09750246,0.47218782,1.0,0.5644459,0.23181672,0.081351794,0.033395063,0.028601605,0.063604996,0.09593615,0.0449678
0.021122549,0.027581882,0.10947121,0.17675197,0.18273024,1.0,0.90714693,0.16698602,0.0183995,0.01508527,0.02243714,0.016305832
0.0019001819,0.0026844519,0.010670883,0.009171396,0.02612203,0.3553766,1.0,0.60330486,0.09024888,0.0058933184,0.0020994807,0.0017016472
0.00041656935,0.0010552458,0.005763465,0.0043362887,0.003658092,0.07188563,0.49942827,1.0,0.31537428,0.010102914,0.0011446563,0.0013321136
0.00038773703,0.0015903849,0.0051527834,0.0027897917,0.0022960075,0.013930449,0.18864359,1.0,0.41721648,0.012982874,0.00094639417,0.0009750093
0.002632838,0.011292916,0.0117257675,0.013609267,0.050550953,0.19227101,0.73887223,1.0,0.18112499,0.007456594,0.0015795287,0.0013201318
0.06609953,0.17437933,0.07200507,0.32755738,0.51501346,0.68177956,1.0,0.738537,0.11061588,0.007615332,0.0053540706,0.0046212794
0.2625975,0.60614294,0.1634207,1.0,0.6952206,0.13575439,0.10166636,0.2492675,0.17075835,0.024461959,0.018480424,0.0186725
0.034230836,0.076684065,0.04654842,0.41957837,1.0,0.2822702,0.043647572,0.10987255,0.22617584,0.03612912,0.010058181,0.01712371
0.0042310962,0.00610026,0.020213056,0.1326644,1.0,0.81996375,0.100443274,0.05024265,0.15412855,0.1052092,0.009314178,0.005997443
0.0038373084,0.00265983,0.0071852077,0.05209625,0.7383026,1.0,0.20404974,0.05441016,0.08469789,0.14540532,0.018530441,0.0028954863
0.008271319,0.0067560365,0.008900595,0.11785215,0.96297276,1.0,0.19151463,0.088940255,0.22012103,0.21371189,0.027924642,0.0063008987
0.030047365,0.023777748,0.027098661,0.19153738,1.0,0.76233953,0.28407067,0.2598035,0.4172075,0.26082635,0.08640015,0.029497791
0.02033019,0.015574697,0.006774097,0.04054498,0.109395206,0.6595303,1.0,0.40639532,0.12699592,0.07646899,0.024774432,0.0066892975
0.018486002,0.01690668,0.00301925,0.020241842,0.024833908,0.4798302,1.0,0.30318767,0.050897513,0.029557562,0.010794236,0.0015647209
0.057623986,0.09597382,0.007015243,0.021803116,0.02666728,0.53689116,1.0,0.17747132,0.0794646,0.028056601,0.013776572,0.0016495711
0.13142829,0.3681029,0.03316465,0.0041867034,0.011736393,0.380863,1.0,0.1596907,0.056605693,0.0105997585,0.0088456115,0.0021084347
0.07216154,0.35966063,0.070079684,0.0012733084,0.006133358,0.1918523,1.0,0.377634,0.024249386,0.008156958,0.0041989107,0.0019575818
0.012580187,0.13085869,0.07040608,0.0019527851,0.002699651,0.07604015,1.0,0.92156047,0.059607547,0.022164062,0.009417014,0.0065291133
0.0014526588,0.01910109,0.029369649,0.0013751768,0.0013986367,0.022923132,0.6141477,1.0,0.082986,0.01896543,0.01182098,0.010002618
0.0023716222,0.009846135,0.012164174,0.0010996335,0.004877206,0.07207364,0.6635593,1.0,0.12515628,0.012100976,0.014443167,0.008210968
0.017765554,0.018030094,0.0053774146,0.0019017535,0.049467094,0.7514603,1.0,0.43844405,0.06845902,0.015394997,0.024082668,0.00916991
0.02443274,0.010896463,0.0015899363,0.0011951417,0.08082699,1.0,0.4896739,0.031940997,0.0064927805,0.0056028706,0.004490719,0.0060136565
0.021498514,0.017893272,0.0018686902,0.0010210557,0.05944964,1.0,0.90709835,0.06547479,0.0073748184,0.006680884,0.007947776,0.004608513
0.005648474,0.015154684,0.0027800533,0.00060337054,0.010116583,0.34679613,1.0,0.27160558,0.028350933,0.0086296275,0.026102716,0.0069437083
0.0022272652,0.0074769086,0.0052361023,0.001355213,0.0062637734,0.13455357,0.76973414,1.0,0.2591625,0.0254827,0.043488756,0.016494408
0.0017368428,0.0011814117,0.0039313873,0.0023187837,0.0054755257,0.020907324,0.13198139,1.0,0.46298096,0.047960375,0.024741018,0.005584761
0.0028523034,0.003305599,0.007597647,0.0045654266,0.0159227,0.03959815,0.34294242,1.0,0.26329336,0.050238743,0.017102655,0.003614986
0.017737564,0.010644722,0.00610394,0.0057933433,0.022467975,0.20994802,1.0,0.7898725,0.085499145,0.025036488,0.017718408,0.008186148
0.042855207,0.04938746,0.014553379,0.010667536,0.01881596,0.3651058,1.0,0.24842152,0.042387165,0.015581915,0.02004912,0.0082925595
0.034730148,0.1237778,0.108611576,0.057423856,0.014162141,0.18642841,1.0,0.9281047,0.2220502,0.02195005,0.013377159,0.008954418
0.038870934,0.0908441,0.09082048,0.07855574,0.007346717,0.040841527,0.26599228,1.0,0.54478544,0.047421347,0.012356842,0.0078103202
0.04589949,0.05971023,0.05270403,0.05561234,0.008696173,0.05388346,0.3399183,1.0,0.6376451,0.1154182,0.024350796,0.011471082
0.0898389,0.07018843,0.05743036,0.03938391,0.02796158,0.13998438,0.7728155,1.0,0.46981025,0.19884129,0.0692332,0.029815454
0.114030465,0.19624956,0.090674646,0.041890286,0.014741449,0.029930718,0.119185425,0.87813115,1.0,0.17179665,0.026869776,0.033409297
0.24982682,0.7105267,0.19008672,0.038263705,0.044397835,0.12544772,0.3560829,1.0,0.7766479,0.21919842,0.07860657,0.049256653
0.18888235,0.35169047,0.20354962,0.10819351,0.15512598,0.28826076,0.6281243,1.0,0.6244839,0.32729653,0.14963971,0.096187964
0.2814964,0.3827425,0.28608754,0.22320008,0.3385003,0.48785973,0.90737736,1.0,0.6552025,0.48257545,0.28607422,0.33103755
0.48065162,0.78788203,0.5165023,0.44442663,0.45865977,0.44725573,0.7883022,0.8951918,0.8491082,0.847208,0.7087701,1.0
0.41465583,1.0,0.6497027,0.4026574,0.32499078,0.26843902,0.4460285,0.6961215,0.8718072,0.6568059,0.54936343,0.7429202
0.36197037,1.0,0.6306311,0.21897075,0.20257556,0.22804238,0.40428448,0.47010997,0.5704575,0.4885959,0.38114783,0.38803527
0.4191747,1.0,0.8166999,0.45965928,0.32988903,0.25345713,0.42201415,0.36659667,0.7247104,0.654239,0.44404447,0.40251377
0.3006902,0.69788826,0.6141115,1.0,0.6995974,0.16859767,0.17365518,0.5136555,0.9043792,0.57584953,0.30518523,0.1996829
0.03920072,0.09721036,0.08843923,0.19123773,0.72848463,1.0,0.7901239,0.3684391,0.25811717,0.25756282,0.1068404,0.043680936
0.013216215,0.0149861025,0.009870624,0.02167072,0.1893471,0.669029,1.0,0.6693885,0.5092211,0.5436582,0.16614777,0.042914733
0.028788762,0.013601567,0.006896159,0.010321833,0.038339026,0.17820776,0.46586302,0.34506202,0.63203275,1.0,0.39217606,0.23373213
0.28137302,0.01707342,0.006144892,0.014011757,0.006274453,0.010747652,0.050024495,0.04195741,0.17153458,0.5217081,0.60569596,1.0
0.48301685,0.022442242,0.0017152015,0.008396585,0.0045660627,0.0025802744,0.034497127,0.075980715,0.053555988,0.2200908,0.2607172,1.0
0.7526474,0.0419936,0.0017862567,0.008295463,0.01192025,0.009050623,0.06308099,0.2080117,0.14172101,0.38542134,0.4045971,1.0
0.09177184,0.00761119,0.0051475186,0.004569264,0.005166977,0.021468578,0.06869209,0.2133018,0.5893531,1.0,0.6794423,0.29012808
0.0074462346,0.02116673,0.030322071,0.00394271,0.0027148938,0.016454687,0.25554878,0.91123873,1.0,0.71819514,0.22369248,0.04712655
0.0045446972,0.02104009,0.0318675,0.0048024184,0.0033831766,0.013117466,0.33138537,1.0,0.4295749,0.12287903,0.039617762,0.026358346
0.018153654,0.017378667,0.025246691,0.020690572,0.083179235,0.04585406,0.3049192,1.0,0.9433481,0.4968087,0.10879532,0.08060402
0.029291317,0.025493272,0.098316915,0.07553814,0.5081431,0.34935993,0.20206644,0.20880824,0.4508817,1.0,0.36263967,0.11558827
0.033183612,0.0822349,0.40034276,0.19257021,0.87984335,0.83116794,0.7143306,0.37061685,0.33666128,1.0,0.5641002,0.09521705
0.014233612,0.10016656,0.19785024,0.10326136,0.2250616,0.415125,0.4510113,0.25853783,1.0,0.6844769,0.17250936,0.045903653
0.0043849116,0.023429217,0.03571155,0.03308382,0.03355176,0.13070111,0.45367816,1.0,0.8874508,0.16001311,0.021478172,0.0116125755
0.0010238928,0.0028028612,0.0061128666,0.004699008,0.024753155,0.2581222,1.0,0.7642792,0.21964642,0.020779049,0.0037893995,0.0030732215
0.00080665783,0.0015397015,0.0017572279,0.0024606036,0.020637369,0.2279767,1.0,0.7002582,0.3791718,0.093270995,0.011245736,0.001645931
0.0032408386,0.0072685163,0.0022530106,0.0021144415,0.0037130252,0.052032635,0.20986246,0.33508325,0.66938287,1.0,0.36158708,0.023450717
0.004565133,0.007258283,0.00286587,0.00047963188,0.0013620357,0.01078348,0.031182844,0.02312188,0.09838934,0.69874924,1.0,0.15467604
0.0046931403,0.0052518374,0.0020682309,0.000358339,0.0008830593,0.0025622675,0.004525131,0.01445558,0.057551872,0.39887145,1.0,0.19545509
0.009013249,0.02490561,0.004412027,0.0014284626,0.0030824982,0.014138313,0.0849657,0.29474744,0.6192579,1.0,0.57650524,0.07178557
0.010363529,0.031341508,0.0038142512,0.0011851249,0.008493265,0.19356765,0.9481353,1.0,0.42629844,0.25914097,0.06448956,0.0065780017
0.020921214,0.06980249,0.00586529,0.0004723673,0.00825961,0.3141915,1.0,0.28886575,0.03851536,0.03032846,0.023549339,0.0029293129
0.020214073,0.055190813,0.0059366445,0.0014191451,0.0065507363,0.22218233,1.0,0.531447,0.11660492,0.073302716,0.052467283,0.01557085
0.07055346,0.086813554,0.15132253,0.045277674,0.030574271,0.12338021,0.4925951,0.5741,0.2676871,0.5404167,1.0,0.50256443
0.113347955,0.07809037,0.33294588,0.25944555,0.033472292,0.19783856,0.24941319,0.0420926,0.04126017,0.20237401,0.97696984,1.0
0.1495889,0.027793914,0.21018521,0.33659455,0.1730552,0.487689,0.42366108,0.027660128,0.040746335,0.16215242,0.79703444,1.0
0.097723156,0.032192864,0.07447863,0.4433812,0.930088,0.52590334,0.18106687,0.11016973,0.6848495,1.0,0.6568451,0.34828597
0.01884828,0.03482148,0.12964559,0.24823739,0.16125095,0.11741978,0.7150163,1.0,0.72863275,0.2763896,0.09014719,0.06957115
0.0036144305,0.016721012,0.026742697,0.011774335,0.008015792,0.10562657,1.0,0.68685913,0.055508737,0.011829,0.030101132,0.019172432
0.006279957,0.010736605,0.019555638,0.0075377,0.0085186325,0.0734687,0.85503453,1.0,0.21273187,0.022974301,0.03773917,0.039812658
0.014123736,0.010192318,0.017205684,0.022021985,0.010549172,0.012123373,0.18503006,1.0,0.86571467,0.16656515,0.06705529,0.05093641
0.023691118,0.04062187,0.00909603,0.02607303,0.022128897,0.011628722,0.12823732,0.52825636,1.0,0.7633646,0.27215445,0.045675132
0.0075570117,0.006084326,0.0025431092,0.0033918184,0.005160265,0.023368007,0.14465533,0.21398035,0.64059144,1.0,0.15424822,0.01829582
0.010198092,0.016036984,0.0072111916,0.005574876,0.035113253,0.18659309,0.8727783,1.0,0.59768903,0.38737035,0.070482165,0.01704122
0.012737818,0.032596726,0.02196543,0.07791207,0.33556193,0.46402,1.0,0.8128656,0.14599776,0.036640782,0.018443963,0.019486252
0.011278937,0.03354221,0.043451276,0.21234709,1.0,0.55346096,0.21718527,0.15725484,0.038199097,0.01520044,0.009201466,0.032856733
0.003974785,0.01021165,0.010477005,0.03473878,0.27442625,0.6220484,1.0,0.582114,0.043957643,0.0049411147,0.00306215,0.006607851
0.00066370756,0.0036578353,0.0033889178,0.002938304,0.016088253,0.19220786,1.0,0.8204911,0.06801572,0.007611073,0.0027801984,0.0012979029
0.00027291905,0.00070238754,0.0011837884,0.0010207718,0.006977528,0.10687361,0.51150477,1.0,0.1801127,0.011287611,0.0027105773,0.0007641249
0.00036452035,0.00069309503,0.00123333,0.007344002,0.041191943,0.4182508,1.0,0.9035725,0.13151002,0.0037707249,0.00056851975,0.00026062794
0.0012937208,0.0023271574,0.028571818,0.34178463,0.9775905,1.0,0.78418,0.38081658,0.06462933,0.006919088,0.0014506008,0.0008111981
0.00073274405,0.0016872988,0.03905784,0.4906318,1.0,0.27990246,0.1370793,0.048781555,0.010835943,0.0009253153,0.000358494,0.00043753773
0.00078534224,0.0016489765,0.025309429,0.25786552,0.8092051,1.0,0.64926845,0.0893027,0.008446644,0.0012090787,0.0009743718,0.0006505845
0.0016664958,0.0012246674,0.0019316114,0.009641634,0.1665836,0.583202,1.0,0.3186224,0.012222545,0.002055983,0.0016500409,0.0022633912
0.011091982,0.0093647465,0.0054542697,0.008054922,0.123330414,0.44398454,1.0,0.32775006,0.013244597,0.003695045,0.0022902633,0.0066585448
0.035483792,0.043355707,0.021103205,0.060275536,0.20266081,0.70409584,1.0,0.16711274,0.019348126,0.008921969,0.011921518,0.019577865
0.33512336,0.41348907,0.38009453,0.94106394,0.764778,0.70009106,0.6536952,0.4972176,0.6745484,0.50769645,1.0,0.49146774
0.18863481,0.2308832,0.16552654,0.13901311,0.10448446,0.073162675,0.10425596,0.20790423,0.32508588,0.59433264,1.0,0.6370563
0.4636129,0.27100316,0.17694516,0.20624472,0.10228565,0.09450048,0.16185448,0.2485346,0.23125757,0.6264685,0.9479775,1.0
0.61542994,0.26660314,0.16606413,0.20979238,0.18328601,0.13535447,0.14222223,0.2239318,0.21708876,0.5528175,0.6636007,1.0
0.55059457,0.3731391,0.40719333,0.7918132,0.95184666,0.54232144,0.36008567,0.29573706,0.32854596,0.5916584,0.6870272,1.0
0.04919738,0.15663381,0.24615759,0.6688872,1.0,0.25976634,0.13045855,0.099913016,0.0905628,0.17239358,0.2753787,0.10023032
0.031969078,0.08562198,0.18008693,0.21021232,1.0,0.753349,0.07997002,0.03043846,0.036506727,0.040963553,0.06409434,0.042958345
0.042603996,0.010055976,0.062066298,0.06303662,0.5994809,1.0,0.12134054,0.0021757702,0.008730814,0.01097722,0.020250369,0.02638136
0.053051174,0.007859517,0.06887966,0.101113304,0.8225241,1.0,0.105322324,0.0016687143,0.0026133931,0.0059622806,0.032343574,0.053799145
0.030941453,0.01692387,0.11900897,0.39210817,1.0,0.5368819,0.055778645,0.002425746,0.002605186,0.011477547,0.05870626,0.08556358
0.015135171,0.15570873,0.9764578,1.0,0.42529273,0.14498776,0.029083861,0.0031866466,0.007826549,0.066978775,0.09982793,0.045830905
0.010679804,0.25450492,1.0,0.32599953,0.055265415,0.07596201,0.010395886,0.0008433881,0.009458621,0.061949372,0.019677183,0.0042127282
0.015092207,0.19631815,1.0,0.5325236,0.13982555,0.08027468,0.009296128,0.0015997336,0.0072476966,0.05627783,0.024903156,0.003465799
0.03358477,0.059024084,0.5851817,1.0,0.15940873,0.03350956,0.008647491,0.019565722,0.0042267526,0.019633338,0.032316223,0.0044694114
0.13974081,0.20617563,0.7271066,1.0,0.17138809,0.03460121,0.022921799,0.07809959,0.017085789,0.03050478,0.08429927,0.03523952
0.46595243,0.9865684,1.0,0.8927632,0.24422546,0.08877176,0.047844835,0.09303714,0.024893189,0.08582026,0.20923029,0.17275286
0.29828507,0.69020367,1.0,0.45009616,0.101491824,0.084944755,0.031689797,0.012610877,0.008566443,0.027674617,0.08689931,0.14940588
0.8374112,1.0,0.47597396,0.11833445,0.027976695,0.01739409,0.011632649,0.0069837337,0.006407862,0.036614522,0.12023896,0.30088222
1.0,0.41050935,0.08351625,0.030797122,0.017245635,0.008548763,0.006519741,0.0075014406,0.008934445,0.07006146,0.112645745,0.56011456
1.0,0.20281136,0.037789296,0.014186122,0.010362828,0.007887857,0.006350415,0.010935465,0.01424536,0.10952883,0.18580158,0.6213887
1.0,0.7630347,0.0828277,0.008476883,0.014232496,0.007703311,0.0034398905,0.010136385,0.017550042,0.0810553,0.31169558,0.2600647
0.59853095,1.0,0.19001055,0.0067368443,0.00721586,0.008321685,0.0012889205,0.0045434204,0.011872453,0.022395717,0.15769094,0.14038566
0.32470298,1.0,0.36249623,0.012132047,0.0021972319,0.006281079,0.001186582,0.0014243195,0.011228851,0.01388963,0.05584031,0.10746671
0.20682868,1.0,0.4808868,0.019749604,0.0015827506,0.005199635,0.0015373895,0.0010395721,0.010769225,0.012462806,0.030482823,0.084028766
0.34473833,1.0,0.3235907,0.012014136,0.0014808069,0.0042621633,0.0007547118,0.000672473,0.0044221734,0.0074928133,0.02245641,0.057644483
0.46526256,1.0,0.22027864,0.0053117666,0.001624386,0.0029805244,0.00039955147,0.0012392272,0.0029578747,0.0136235,0.041597437,0.054457154
1.0,0.8424456,0.14725669,0.0057629193,0.0019849853,0.0014196417,0.001025802,0.004336503,0.0028693718,0.029544303,0.094889,0.19301322
1.0,0.23592916,0.04081624,0.0026582927,0.001956146,0.0007546765,0.001874333,0.006278487,0.0017175392,0.025814597,0.05623232,0.37754002
1.0,0.53034365,0.033941105,0.0019274342,0.0019459741,0.00088322395,0.0016513461,0.005232294,0.0020358479,0.015049399,0.034999955,0.23333228
0.70776796,1.0,0.18672548,0.013116824,0.0019437317,0.003225149,0.002269159,0.003329421,0.006359847,0.04653709,0.05740374,0.07592784
0.28414562,1.0,0.62521714,0.051784627,0.0020323773,0.00656342,0.0045466525,0.0029975076,0.016914135,0.0798199,0.10569003,0.038829427
0.14288892,0.959004,1.0,0.09626503,0.002966735,0.011411624,0.009302452,0.0028042528,0.038047265,0.08623115,0.08037722,0.056733668
0.19248696,1.0,0.6523621,0.05276343,0.0032270527,0.013289377,0.0067718453,0.0028830024,0.038746923,0.0612345,0.068012014,0.075003035
0.3716919,1.0,0.36861724,0.020622425,0.005006386,0.011028186,0.0045487504,0.009815131,0.03034485,0.100632824,0.23436075,0.14526153
1.0,0.7157121,0.13694283,0.0115979845,0.00860513,0.0079845,0.010217087,0.02906667,0.051070273,0.55006295,0.951563,0.33538964
1.0,0.61331725,0.21780811,0.030315649,0.02326485,0.019879745,0.011595307,0.043920573,0.095883265,0.56002545,0.934504,0.3744842
0.39029092,1.0,0.41088834,0.030983442,0.013014036,0.023703407,0.007977729,0.015741026,0.07349524,0.08824116,0.097408995,0.080541536
0.16688924,1.0,0.69453067,0.04984928,0.009631763,0.02722842,0.024523538,0.038813066,0.1458417,0.14254062,0.050281286,0.03239907
0.16066132,1.0,0.68303955,0.055791505,0.038318772,0.09279604,0.10682832,0.16355795,0.3125781,0.2359515,0.089635395,0.036388814
0.4277779,1.0,0.33379018,0.055953644,0.12032477,0.18692943,0.2357427,0.46496978,0.95525116,0.54536206,0.14067203,0.07597013
0.586674,0.49901074,0.14766477,0.06479344,0.17902623,0.2474468,0.40536356,0.6865608,1.0,0.5200384,0.18715769,0.22240104
0.27733925,0.18451566,0.07515341,0.04118624,0.050825007,0.07041793,0.2812656,0.61644137,1.0,0.49975753,0.07549595,0.1647924
1.0,0.9817286,0.2324565,0.09368156,0.14236745,0.07640001,0.24442956,0.43502945,0.787734,0.684732,0.09670418,0.20094995
0.71077794,1.0,0.2845365,0.07979509,0.21745887,0.3361652,0.10431386,0.20049468,0.31432307,0.29203823,0.061436765,0.1418477
0.19445446,1.0,0.42700014,0.032009352,0.23630886,0.79965544,0.12450088,0.066642016,0.5010191,0.29422075,0.045910127,0.058792453
0.25559202,0.9374195,0.34062222,0.033523433,0.2054385,0.3215409,0.08905419,0.28266618,1.0,0.3053306,0.031728726,0.03896764
0.4884184,0.3535256,0.05370383,0.096496314,0.34235716,0.11880228,0.18420474,1.0,0.9034026,0.092221335,0.024769435,0.094549134
0.42042708,0.0839713,0.037287433,0.30411083,0.2675984,0.104657665,0.6115901,1.0,0.2574743,0.034809064,0.035122916,0.3248597
0.37498608,0.032313105,0.04561493,0.39023468,0.14616531,0.110074915,1.0,0.7510548,0.044852994,0.016264737,0.03479982,0.5236315
0.45025072,0.1523188,0.037662365,0.09239356,0.071576245,0.03658739,0.4792254,1.0,0.2910664,0.045024913,0.017138718,0.21974702
0.3323086,0.43468523,0.38685727,0.06529616,0.045804538,0.034996286,0.1809516,0.813453,1.0,0.38807738,0.037301354,0.058049258
0.11055265,0.38050267,1.0,0.1996586,0.056080576,0.044326678,0.102917664,0.22161761,0.7695474,0.5932755,0.08748541,0.08209867
0.21307224,0.39083913,1.0,0.35718378,0.24571958,0.15805203,0.21938817,0.44539082,0.64846396,0.38604477,0.26822686,0.31120706
0.22093712,0.33459753,0.2744187,0.25845006,0.50822216,0.2765785,0.45625395,0.81575423,1.0,0.513371,0.20066811,0.15311386
0.3952871,0.33004883,0.5094147,0.43363705,0.34014314,0.2204152,0.2656528,0.8443881,1.0,0.76266545,0.26852214,0.2960001
1.0,0.3375288,0.4622195,0.3976504,0.15454745,0.107462585,0.17965415,0.5817517,0.4469696,0.25934407,0.1686023,0.57600456
1.0,0.28677663,0.48000193,0.3589691,0.15983872,0.09140509,0.27511948,0.70467305,0.58455616,0.18238378,0.12236307,0.67211413
0.45853242,0.32578826,0.45314538,0.35791057,0.25644743,0.16234516,0.28227586,0.99051553,1.0,0.30894786,0.24626945,0.49075708
0.4897595,0.36760005,0.38727412,0.2996998,0.20824744,0.22396186,0.27557173,0.78389937,1.0,0.48594135,0.34205434,0.31674284
0.88214153,0.7814749,0.62256795,0.4156974,0.3666464,0.29083708,0.3734173,0.5972411,1.0,0.8931471,0.54349697,0.47321102
0.5494701,0.62673223,0.50571996,0.36727384,0.28395578,0.2785154,0.43430915,0.5233128,1.0,0.7010789,0.4698964,0.44977242
0.51405895,0.65622544,0.39277878,0.2808143,0.31556734,0.31712618,0.5227456,0.67036146,0.7906607,1.0,0.43691242,0.40878236
0.8390114,1.0,0.7764494,0.5827313,0.74979264,0.5585312,0.66572785,0.6798835,0.7800153,0.958201,0.60308766,0.64857906
0.2278462,0.28501767,0.20506395,0.21377395,0.7314932,1.0,0.66650623,0.55434984,0.5379179,0.48802903,0.23276311,0.2272097
0.19031526,0.18567792,0.16912039,0.14840627,0.7288199,1.0,0.65101194,0.6461239,0.5535535,0.3410628,0.16484196,0.18193673
0.23447376,0.25073358,0.23964532,0.26777992,0.82768226,1.0,0.5941078,0.7631983,0.5840435,0.35231233,0.26984367,0.26301575
0.19145924,0.1926872,0.18036048,0.28433084,0.729555,1.0,0.5465749,0.8901907,0.75542754,0.5277996,0.2760944,0.18687746
0.14705737,0.14880612,0.1388449,0.24014983,0.90762645,1.0,0.44639453,0.655506,0.45152956,0.28969353,0.20683917,0.15322676
0.16732362,0.33665845,0.20550877,0.36329907,1.0,0.79995036,0.41231576,0.41387177,0.207299,0.17665488,0.1835289,0.16233397
0.44300196,0.9392085,0.4684374,0.37914103,0.7937054,0.7801671,0.65035874,1.0,0.45751536,0.31518975,0.22996807,0.29411402
0.435508,0.71023035,0.2620278,0.26322514,0.7565685,0.6306166,0.64452696,1.0,0.54609835,0.26888788,0.20086057,0.23211034
0.44267267,0.5952998,0.3728888,0.3760573,0.7690209,0.84633714,0.75068593,1.0,0.6569305,0.43918043,0.41725326,0.4345821
0.36378935,0.50225234,0.40038604,0.40285987,0.65250033,1.0,0.48607007,0.81518674,0.68000776,0.37449834,0.70302033,0.5508798
0.34554988,0.37443691,0.38250083,0.87777334,1.0,0.6577018,0.48304522,0.5934413,0.56232506,0.37095073,0.6281603,0.6008606
0.1802412,0.13824041,0.23443045,0.5955705,1.0,0.4953022,0.27468896,0.43468434,0.22952555,0.27352455,0.54314584,0.39139226
0.14128454,0.1513149,0.24831162,0.8062052,1.0,0.3504427,0.20134653,0.43512425,0.14490266,0.23047815,0.72900885,0.26327336
0.1736419,0.24081028,0.40683046,1.0,0.7092653,0.25663802,0.27386618,0.5253171,0.14250101,0.16543075,0.4100884,0.17435095
0.30877075,0.4723521,0.7011553,1.0,0.5909509,0.3278131,0.5102822,0.8021757,0.26150373,0.24883507,0.39250073,0.2492425
0.2517412,0.38100418,0.45334062,1.0,0.576467,0.19719873,0.16276765,0.18317677,0.10577279,0.12996817,0.22466534,0.17425165
0.32520074,0.36466062,0.43980578,1.0,0.36113372,0.15114641,0.09329893,0.075546265,0.043648217,0.08079813,0.1756068,0.17523861
0.55492175,0.63772726,0.777951,1.0,0.37550345,0.17559722,0.13057399,0.119718194,0.117547,0.21518798,0.3288765,0.35520923
0.6578106,1.0,0.9075821,0.62522835,0.34298426,0.18439882,0.23056355,0.25233704,0.18965559,0.24437788,0.27734628,0.42126018
0.48463026,1.0,0.9929786,0.5418461,0.3743203,0.22189645,0.3761231,0.5101344,0.5403778,0.32169744,0.25668412,0.29455483
0.43843505,0.40652016,0.32201362,0.30053914,0.56768286,0.80890036,0.5859311,0.6937188,1.0,0.6249865,0.2833729,0.22345497
0.20315446,0.23901732,0.21799552,0.12745355,0.2916348,1.0,0.960835,0.2669508,0.29056206,0.16323553,0.31353486,0.35303637
0.6163068,0.1978391,0.15423149,0.06791936,0.13416648,0.6274515,1.0,0.334943,0.17446959,0.08884147,0.24972603,0.68723375
1.0,0.12393469,0.071827985,0.04884858,0.067999884,0.16155566,0.718339,0.61918306,0.13659315,0.05260017,0.106086105,0.85701835
0.34754336,0.06556299,0.03660886,0.034604713,0.03792527,0.2659022,1.0,0.39084715,0.08014916,0.029132584,0.040623855,0.4151914
0.13320008,0.032616697,0.05147865,0.02699902,0.043125186,0.55042404,1.0,0.13769619,0.047286805,0.020341175,0.053614423,0.25484443
0.19045688,0.3955873,0.44316524,0.07461828,0.29165897,1.0,0.9308552,0.3322083,0.1596362,0.14314756,0.27017736,0.61550367
0.45793504,0.7417307,0.44060123,0.18383676,0.7301303,0.796855,0.79785895,0.40509558,0.2963788,0.6162933,0.5999125,1.0
1.0,0.79730713,0.14086974,0.2771432,0.7653565,0.9656715,0.998389,0.2590398,0.43263787,0.73279107,0.3257104,0.59513396
1.0,0.4601683,0.06010465,0.1361773,0.3048642,0.39657283,0.24523534,0.1075655,0.42321417,0.3318085,0.116365656,0.37634793
1.0,0.40331408,0.095988356,0.20512265,0.31455177,0.39357886,0.24570113,0.18881372,0.5917478,0.48216963,0.2184057,0.38091773
1.0,0.64768225,0.13593754,0.24348448,0.34259441,0.3337302,0.39994928,0.37156543,0.79126537,0.99331844,0.42801586,0.36119846
0.32994038,0.19034773,0.06758539,0.07728557,0.08386883,0.19277017,0.46387964,0.49055925,0.7267958,1.0,0.807203,0.6340579
0.17061783,0.082632735,0.029080223,0.03632251,0.03548744,0.26723295,0.63945735,0.2683829,0.31791997,1.0,0.8477199,0.47704297
0.032279562,0.022794655,0.005235293,0.004204559,0.00866416,0.16008712,1.0,0.82647544,0.18240528,0.30552182,0.27650633,0.09052123
0.0054355697,0.0043948153,0.002268689,0.0018694241,0.003579677,0.04071832,0.68461144,1.0,0.19007528,0.076970875,0.10942632,0.035164744
0.0078261625,0.012572727,0.0067699268,0.0062208693,0.011268672,0.08296413,1.0,0.9944682,0.1427055,0.104463264,0.22648399,0.042200476
0.009652046,0.023510361,0.014087998,0.011637893,0.019291084,0.1652126,1.0,0.41154233,0.04131459,0.09291712,0.16388637,0.02715862
0.008264293,0.02591737,0.015318828,0.014604973,0.03694238,0.30970764,1.0,0.28832746,0.041096456,0.05759489,0.05871072,0.012259379
0.0047914307,0.013013044,0.008498091,0.0122214,0.022398703,0.17369077,1.0,0.41877306,0.057460837,0.03749148,0.024733905,0.0051473593
0.008929306,0.010439699,0.011385483,0.011225048,0.015615402,0.17536859,1.0,0.44770268,0.06033498,0.047490604,0.0437947,0.015259762
0.10988838,0.08359201,0.044501323,0.037754416,0.10513347,0.4025798,1.0,0.28575656,0.07558315,0.13201183,0.17740083,0.19855723
0.33463907,0.3019848,0.23317732,0.16610622,0.2720692,0.25962526,0.2846813,0.13426991,0.095486335,0.15341365,0.42983192,1.0
0.3357366,0.33970127,0.25430673,0.14224361,0.0926406,0.063245445,0.07077933,0.11074343,0.13709527,0.29190344,0.6607,1.0
0.47613323,0.49861872,0.27754548,0.18873,0.106052384,0.0916668,0.13816419,0.24016687,0.26702932,0.38900444,0.78397053,1.0
0.8258592,0.7580174,0.31150484,0.21065424,0.18217017,0.20115298,0.30576882,0.37791157,0.36659646,0.5038616,0.91003853,1.0
0.61426705,0.3522852,0.15765281,0.09065632,0.10008683,0.10411502,0.13298355,0.21757713,0.23976931,0.31340873,0.59334743,1.0
0.38803527,0.22120982,0.12154481,0.07119888,0.096183375,0.11311099,0.12029196,0.20152564,0.23200388,0.28754598,0.5590675,1.0
0.050264724,0.035012815,0.023999553,0.015090336,0.02816484,0.05432486,0.272461,0.9095393,1.0,0.4027429,0.19312501,0.19575694
0.009316153,0.019745268,0.0063719004,0.005888569,0.009685059,0.0654163,0.60738444,1.0,0.57673335,0.19816785,0.08442215,0.018649658
0.012031494,0.039510444,0.008173018,0.010761972,0.02519677,0.14029695,1.0,0.5626807,0.18466891,0.12459075,0.14378414,0.019471833
0.00879923,0.028443178,0.0077964715,0.02107005,0.074056834,0.16741595,1.0,0.32236487,0.08959647,0.07386017,0.14205284,0.027562318
0.005145011,0.020674042,0.008926401,0.02717564,0.10491145,0.15658863,1.0,0.4382877,0.05761454,0.041542124,0.08868139,0.019718047
0.0059055327,0.022694828,0.013705982,0.032733016,0.12810372,0.34416223,1.0,0.4869967,0.069586515,0.03222773,0.051866136,0.013200171
0.02690307,0.048092533,0.031564005,0.062633604,0.3170641,1.0,0.9639285,0.90695685,0.23888148,0.068487376,0.103668146,0.025043195
0.023360755,0.02880455,0.021364769,0.041187275,0.37548432,1.0,0.9990217,0.94661397,0.3715599,0.07336332,0.14514098,0.02829865
0.11727048,0.22752309,0.23850313,0.23377162,0.4796086,0.9955137,1.0,0.7689866,0.32395095,0.053004023,0.1147124,0.060073845
0.27183253,0.31674394,0.3454385,0.18559377,0.19600022,0.3480605,1.0,0.65800774,0.32292596,0.22839803,0.31093103,0.2458337
0.5379931,0.9353266,0.6539754,0.2997576,0.33473444,0.36264226,0.6565457,0.6173592,0.6379968,0.5848424,1.0,0.46770284
0.45813888,0.9407537,0.7200056,0.79027236,0.9331055,1.0,0.69268167,0.29201528,0.3327418,0.33786365,0.47715452,0.29527026
0.04884913,0.0606856,0.066084616,0.15902422,0.46063733,0.948817,1.0,0.46145666,0.099633634,0.03602295,0.03766713,0.040350933
0.008050481,0.007520155,0.0051415428,0.014547489,0.06835667,0.26772153,1.0,0.92894644,0.11422189,0.016453272,0.008697031,0.006163574
0.00318676,0.002527157,0.00229246,0.0036433146,0.0076574585,0.05801961,0.6299441,1.0,0.13235793,0.013986408,0.0024145208,0.0017433737
0.003142253,0.003550696,0.0024720936,0.0021638419,0.0039642234,0.03136693,0.19489466,1.0,0.38535985,0.01211129,0.0018211498,0.0009704456
0.0016073522,0.0029171752,0.0017527961,0.0021328756,0.0036875305,0.009210923,0.12512682,1.0,0.4809866,0.016304675,0.0015020359,0.001165931
0.0029945213,0.011214374,0.004001538,0.0019133703,0.0046265516,0.04778141,0.5610051,1.0,0.18798906,0.0061390367,0.00097099465,0.0011068019
0.02659107,0.07364879,0.008077984,0.0017129908,0.012713188,0.26548657,1.0,0.5181166,0.051112473,0.0013308494,0.000829457,0.0013119793
0.08720193,0.16356781,0.009098497,0.0027985517,0.029825578,0.6817305,1.0,0.12898207,0.027504878,0.0013781006,0.00075300725,0.0025899587
0.039967824,0.053727847,0.0041429605,0.0047350037,0.041433435,0.60444415,1.0,0.14999081,0.02070184,0.0016450166,0.0011784127,0.0024097455
0.0035703287,0.008222462,0.0017990659,0.002314411,0.007969971,0.13900404,1.0,0.56893605,0.046175648,0.0012263849,0.0028568876,0.0026697642
0.006007516,0.0027286378,0.0021672447,0.0025740992,0.0069583044,0.14472759,1.0,0.857404,0.078820474,0.0133696785,0.0457987,0.06273335
0.08398478,0.036129523,0.035069313,0.018921876,0.021028334,0.1846627,0.80560154,1.0,0.2469104,0.23105979,0.47001266,0.73036224
0.01926996,0.022557696,0.020934172,0.005879318,0.005671634,0.024314137,0.30824155,1.0,0.43072435,0.06707035,0.1037739,0.13466813
0.031237049,0.11297195,0.057479754,0.0077042747,0.005943815,0.045369152,0.4271321,1.0,0.43304923,0.104384646,0.08491816,0.07793065
0.22602943,0.43298492,0.17647031,0.043013744,0.020517772,0.2555277,1.0,0.67879313,0.17474775,0.10247988,0.20640881,0.22081344
0.59735715,0.47927272,0.21408466,0.067593865,0.04138777,0.6958457,1.0,0.117995284,0.06928598,0.06141775,0.2357957,0.44265136
0.59299624,0.6299526,0.15655285,0.025063721,0.027960315,0.543936,1.0,0.1466486,0.03574999,0.03820818,0.16994785,0.38343686
0.5126578,1.0,0.3547192,0.029893868,0.015620558,0.19743884,0.9729359,0.6512387,0.11233168,0.0304508,0.15999845,0.24573065
0.19297735,0.4679063,0.2874737,0.05684327,0.017070167,0.064342,0.369234,1.0,0.391199,0.043620847,0.07943071,0.1223329
0.054685026,0.14342104,0.13595916,0.046461042,0.014706575,0.03498602,0.2027959,1.0,0.36382496,0.02554185,0.050536003,0.1171405
0.038892105,0.07028629,0.07373565,0.01688167,0.013510851,0.14594626,0.82763183,1.0,0.11905305,0.0074114455,0.0821547,0.14971183
0.03052791,0.052802533,0.019515771,0.005059755,0.05888697,0.5636222,1.0,0.3941793,0.03013623,0.0023289686,0.032323077,0.05608909
0.02686849,0.019322125,0.0033518735,0.015712893,0.35387146,1.0,0.37159374,0.041304883,0.008236365,0.0010272054,0.007711249,0.028038787
0.017466463,0.006890367,0.005306197,0.017936718,0.37568727,1.0,0.2987187,0.024273237,0.0027329728,0.0034517827,0.019054973,0.038398597
0.050777353,0.030429713,0.034752797,0.027101966,0.28381217,1.0,0.7079447,0.22814699,0.019910125,0.01790617,0.11430813,0.1642453
0.083376475,0.067641735,0.086573735,0.07526822,0.44878218,0.7548537,0.8301407,1.0,0.14711171,0.06213086,0.23259452,0.24718292
0.16023658,0.078983024,0.07092362,0.23855746,0.81532454,0.94697297,0.4952237,1.0,0.37624556,0.22286086,0.31482422,0.36309737
0.16866496,0.105885394,0.08355212,0.31365916,1.0,0.55728585,0.4033231,0.54607624,0.22031079,0.24063745,0.29050523,0.46400034
0.22288111,0.21385388,0.11336798,0.37577945,0.98231167,0.80225974,1.0,0.65236604,0.20998196,0.21934439,0.29694816,0.68740994
0.12130216,0.10321172,0.050971337,0.10356001,0.68549615,1.0,0.26518646,0.100353844,0.07924757,0.075659305,0.13631946,0.33028963
0.13348797,0.08314222,0.0439951,0.07221132,0.42496532,1.0,0.4473874,0.10610723,0.038429376,0.047275644,0.0539463,0.1618065
0.110628195,0.13749275,0.049028177,0.04650115,0.08330551,0.43994653,1.0,0.27624387,0.028548433,0.023955962,0.073882714,0.13714027
0.0802328,0.14452212,0.13625798,0.034377206,0.038742874,0.19673537,1.0,0.74682665,0.075115524,0.021156998,0.28054044,0.26978216
0.07702858,0.15914358,0.1792682,0.025545886,0.027604299,0.14915119,0.8177076,1.0,0.10342546,0.0173663,0.25159428,0.28639558
0.17180027,0.20571506,0.085876204,0.049747396,0.09946135,0.65345454,1.0,0.41407833,0.03885288,0.022241246,0.17315814,0.2888878
0.14992626,0.052598286,0.12075611,0.13796932,0.3641057,1.0,0.2640941,0.03445598,0.007575538,0.01665318,0.17084686,0.20361096
0.17114106,0.16879092,0.12957673,0.10970669,0.2416045,1.0,0.5943426,0.077357225,0.007935799,0.018417388,0.14898458,0.23251186
0.12880853,0.4314245,0.23821197,0.03894333,0.036972903,0.3255732,1.0,0.5651974,0.04652712,0.020521758,0.19967225,0.24418212
0.039964665,0.23708987,0.3120893,0.028447058,0.009342886,0.06046402,0.74569374,1.0,0.08810401,0.00962557,0.14654693,0.16234075
0.07241842,0.30595282,0.2454572,0.02368309,0.028053613,0.30932438,1.0,0.7715915,0.064567134,0.009097598,0.14142734,0.17508256
0.13150689,0.2162278,0.054692976,0.008774212,0.11598074,1.0,0.7610824,0.13499412,0.0143308,0.0070330007,0.114290245,0.28437313
0.07125543,0.07646022,0.047641873,0.019469604,0.14965515,0.9195377,1.0,0.752318,0.44933432,0.3165317,0.2147945,0.23039183
0.010954041,0.029093722,0.02568384,0.010295965,0.011868376,0.05455307,0.2682132,0.33382204,0.29277173,0.88858193,1.0,0.1670426
0.007462103,0.01334333,0.0048629763,0.0013356544,0.0022620237,0.016141001,0.031331357,0.030511213,0.078993574,0.5533224,1.0,0.16967629
0.016614502,0.03248842,0.0058385236,0.0016754123,0.0058467607,0.025375715,0.05342819,0.13928477,0.33247998,1.0,0.9364167,0.16659953
0.05588935,0.06233222,0.011402671,0.028992387,0.21323654,0.84667957,0.94778585,0.43564,0.5132516,1.0,0.37823975,0.07086676
0.01758229,0.013062972,0.009036607,0.028563766,0.43647304,1.0,0.32487333,0.0438439,0.20258653,0.13394345,0.08351469,0.027383473
0.012804224,0.009229638,0.018697036,0.027955698,0.5070084,1.0,0.13707541,0.04147662,0.14969191,0.08714044,0.058738977,0.031246867
0.009989905,0.0034620722,0.013211367,0.017533626,0.31269255,1.0,0.21555503,0.013085127,0.028451364,0.043994166,0.055419173,0.027937664
0.00728895,0.003076283,0.0032053315,0.0119691575,0.2869192,1.0,0.30688184,0.021959128,0.006293164,0.011774475,0.012804422,0.010303884
0.005595846,0.005784784,0.0034817823,0.017606363,0.2984532,1.0,0.28817564,0.04869451,0.0071203555,0.0052993046,0.0058735264,0.0037824127
0.004732805,0.00589709,0.0016287643,0.012378813,0.22267506,1.0,0.9965157,0.12014589,0.007931171,0.006902062,0.0050615217,0.0024624306
0.002833424,0.00074775855,0.0013055868,0.018287113,0.35538414,1.0,0.8758348,0.16309337,0.007866101,0.0020796787,0.003564944,0.0025472867
0.0022083493,0.00044278568,0.0027168225,0.07673184,1.0,0.9425058,0.24763605,0.05321358,0.0042760144,0.0024382032,0.0058548814,0.0030002783
0.00046665102,0.00028648623,0.0018842345,0.105036415,1.0,0.5725316,0.052565563,0.0053801066,0.0010472252,0.0023483096,0.0043473076,0.0013342239
0.00037811935,0.00028939417,0.0011050118,0.054244976,0.63449967,1.0,0.45351624,0.07502256,0.0077183223,0.0031545523,0.007709136,0.0032793144
0.00022032329,0.00036375594,0.00048967917,0.0034874603,0.054224275,0.39325348,1.0,0.5945259,0.06001111,0.002367191,0.0031816496,0.0023098972
0.00069401093,0.0021904649,0.0016231509,0.0014854922,0.024067787,0.13800913,1.0,0.99938965,0.10576506,0.0021454778,0.004311615,0.004231844
0.009689974,0.01372641,0.0032574276,0.0035215344,0.124056205,0.6332573,1.0,0.63069844,0.08355199,0.0039231963,0.007310971,0.0072247153
0.028464787,0.02898078,0.010711828,0.0751461,0.7328561,1.0,0.31961045,0.16967675,0.043780185,0.0048326524,0.0045393184,0.0086432975
0.0049048373,0.010597744,0.02923479,0.23114815,1.0,0.617249,0.14067148,0.07426355,0.055846013,0.010868076,0.0023353868,0.0060522393
0.0024520885,0.009403756,0.019650914,0.20251258,1.0,0.5330236,0.096964054,0.03777112,0.03881287,0.008873718,0.0020874906,0.0032101118
0.0007090039,0.0010734029,0.0014092324,0.031706102,0.5939661,1.0,0.18934663,0.05273613,0.008099868,0.00070321065,0.00069048366,0.00076599495
0.00036454984,0.00041771174,0.0004572135,0.0078080646,0.20945823,1.0,0.73237836,0.10219205,0.003766501,0.00023874287,0.00043601284,0.00039702115
0.00041031078,0.00048180713,0.0005042472,0.005519407,0.09062106,0.8594529,1.0,0.09651829,0.0018204034,0.00022474478,0.00034892705,0.00034760343
0.0007601943,0.000954017,0.0011877109,0.017504646,0.38787618,1.0,0.37792194,0.04170057,0.0015103541,0.00048194852,0.00053832936,0.00065092556
0.0059065036,0.008824829,0.004955197,0.06164832,0.8760484,1.0,0.23960479,0.029560909,0.005993229,0.004843281,0.00875772,0.0066363616
0.024107967,0.041680627,0.009637529,0.03326504,0.6160066,1.0,0.38200277,0.043087404,0.028750144,0.039662484,0.07830635,0.0371805
0.028531099,0.021148289,0.0037905034,0.005210699,0.13061179,0.7401644,1.0,0.358257,0.051331736,0.05710754,0.06629735,0.091858536
0.018660992,0.012983384,0.0028638782,0.0012007506,0.015329408,0.14703228,0.82383204,1.0,0.18844795,0.028032282,0.04167247,0.05629582
0.009154229,0.006317888,0.0028343436,0.0005844779,0.001169811,0.014824192,0.36098036,1.0,0.1871608,0.0079804845,0.015708802,0.029434027
0.012015618,0.008455337,0.0043369876,0.0008522272,0.0018702132,0.028948836,0.53810465,1.0,0.1216101,0.006387571,0.014757985,0.029357115
0.022208644,0.016376143,0.00854383,0.0018695256,0.0027081717,0.063724555,0.9014564,1.0,0.09573701,0.006033564,0.024390876,0.035352357
0.06852291,0.06481034,0.034340348,0.0100088185,0.007903271,0.2321961,1.0,0.468764,0.07659521,0.019930275,0.102261096,0.12415408
0.09202366,0.08920356,0.07041577,0.032311708,0.016653128,0.34316647,1.0,0.35643607,0.018762682,0.026942786,0.13169068,0.24428955
0.16874398,0.13365938,0.13772768,0.08172459,0.038455594,0.31273875,0.8076132,1.0,0.109392725,0.03521031,0.19304037,0.68664545
0.1932564,0.19830917,0.1732798,0.092706986,0.03254468,0.27063692,0.85903233,1.0,0.16023152,0.2590043,0.5515515,0.44468233
0.041875843,0.04570583,0.025864,0.014763242,0.009626222,0.15129182,1.0,0.8068509,0.103262044,0.09509985,0.23696606,0.05003864
0.01928115,0.016242249,0.010181288,0.0055580297,0.003058919,0.037881687,0.49412748,1.0,0.22360365,0.023585726,0.046443358,0.019052511
0.01679692,0.013363538,0.0079884175,0.004287672,0.00338815,0.030807106,0.42846712,1.0,0.2184478,0.030121077,0.04305791,0.022403732
0.040184427,0.042216823,0.012787915,0.008455287,0.012528421,0.24783538,1.0,0.68469995,0.10946427,0.12433882,0.18246537,0.053182133
0.073922515,0.07030608,0.017470647,0.016592957,0.040846203,0.72962594,1.0,0.15602136,0.07539672,0.29157946,0.22199555,0.06758385
0.12394611,0.09667704,0.040397502,0.0395014,0.08268336,1.0,0.904831,0.21951447,0.14430086,0.4414099,0.2975853,0.14700152
0.045688845,0.049360104,0.029383745,0.019549835,0.017668303,0.2515978,1.0,0.5682768,0.09427248,0.1046306,0.17117742,0.062790036
0.014184754,0.014318235,0.013986932,0.0071664723,0.0046001445,0.059315413,0.6830483,1.0,0.13895239,0.036097478,0.047175895,0.02267901
0.019391585,0.016335832,0.014227967,0.0077092377,0.00595805,0.07943777,0.6673137,1.0,0.14444065,0.045835,0.037574507,0.033662498
0.035283297,0.033491652,0.021190548,0.011934604,0.014966977,0.3290908,1.0,0.33275217,0.059728157,0.039154883,0.054828897,0.058328655
0.066538826,0.057945304,0.03327214,0.01407533,0.044672325,0.75247306,1.0,0.10469152,0.039447963,0.06563784,0.073003024,0.1211929
0.11197663,0.08716757,0.03764372,0.0129202,0.059916176,0.9287333,1.0,0.10921497,0.04954643,0.075466916,0.11388622,0.21854876
0.061834008,0.0918276,0.043151274,0.012484666,0.0226376,0.43850023,1.0,0.14800467,0.025630267,0.051080346,0.116376735,0.124412395
0.044545606,0.17459533,0.11637753,0.019867683,0.03398797,0.37786075,1.0,0.1448402,0.0072601526,0.041431095,0.08012129,0.04445335
0.2711979,0.35562694,0.09777396,0.030928245,0.09188272,0.6228237,1.0,0.10125797,0.010287715,0.06827211,0.074410416,0.05885452
0.30318227,0.18144476,0.025247142,0.039006203,0.63450485,1.0,0.3245719,0.026109241,0.019943796,0.0322646,0.03938201,0.13953787
0.13097008,0.015605213,0.009191364,0.044993155,1.0,0.86747634,0.040991828,0.0055933185,0.020878814,0.009928953,0.0141712865,0.18517423
0.2070872,0.014915269,0.0057265726,0.03136193,0.7725526,1.0,0.05877159,0.0035443613,0.015758235,0.008868446,0.008972404,0.15362082
0.3709631,0.03440515,0.004938618,0.0112695135,0.35254076,1.0,0.09483065,0.0068248305,0.010774446,0.010289669,0.010163814,0.11709708
0.72186494,0.11486087,0.009455382,0.010200885,0.283905,1.0,0.16813052,0.02296128,0.026007544,0.023812948,0.021606391,0.17687604
1.0,0.37730888,0.026511054,0.011551965,0.14636989,0.87485355,0.53665596,0.07161209,0.03054732,0.02339218,0.023649724,0.14607975
0.46879908,0.30162096,0.060358644,0.032982953,0.3467239,1.0,0.6588829,0.16334935,0.036380168,0.025624119,0.022974465,0.070620716
0.18748061,0.041763924,0.014250171,0.03373531,0.6004056,1.0,0.11468939,0.026983606,0.023010397,0.030417098,0.01290469,0.06262206
0.29694483,0.047636073,0.009362359,0.0327228,0.5464973,1.0,0.16529568,0.02320047,0.017929133,0.016091194,0.012319196,0.13463324
0.4266714,0.06228184,0.015276351,0.024832126,0.40483704,1.0,0.18295844,0.018597962,0.024868436,0.022417385,0.022150414,0.18951479
0.5945726,0.1803035,0.037952397,0.046777155,0.4048253,1.0,0.31193674,0.081273496,0.100688554,0.11557783,0.09313528,0.355316
0.35907844,0.18558788,0.057730228,0.0565152,0.40578806,1.0,0.52604836,0.14085168,0.1282119,0.11763863,0.086532,0.32471353
0.37394708,0.57527155,0.5570121,0.09881173,0.40170038,1.0,0.5733099,0.13676281,0.09638132,0.081028424,0.06000326,0.16741858
0.35127372,0.6295855,0.7941484,0.13462293,0.23185097,1.0,0.70426565,0.10943193,0.07731803,0.068742864,0.03686307,0.120046325
0.1258346,0.15380783,0.30280274,0.10308671,0.1965212,1.0,0.8251628,0.16833976,0.069010034,0.07020481,0.05289113,0.119059496
0.14408705,0.18063092,0.33204085,0.0945173,0.22093187,1.0,0.6751658,0.31709537,0.107541665,0.107344136,0.10398132,0.21216315
0.08933467,0.14402874,0.14805563,0.04889738,0.23001336,1.0,0.3940052,0.18797424,0.07361049,0.08343806,0.06758868,0.08766436
0.06757301,0.0915854,0.07127509,0.05405485,0.27382407,1.0,0.29407752,0.08704892,0.04053016,0.06386374,0.06677263,0.05902128
0.11197331,0.123987794,0.08369081,0.08957299,0.5892505,1.0,0.2078262,0.08811318,0.08372113,0.09989618,0.107824706,0.085630514
0.29978153,0.31373787,0.28124848,0.32513237,0.9011316,1.0,0.55008626,0.20119551,0.22672723,0.24815144,0.29018742,0.22793546
0.22401042,0.2559593,0.2810608,0.29931253,0.68534935,1.0,0.90767044,0.48436388,0.32183906,0.31719956,0.34416428,0.32158884
0.19783148,0.18452862,0.21856144,0.37548095,0.85244375,0.88849324,1.0,0.8924038,0.5435264,0.53249395,0.49010566,0.37775996
0.2358229,0.16552284,0.13933569,0.2913838,0.6311009,0.63658243,1.0,0.9701333,0.50968665,0.6348458,0.71443194,0.4806251
0.16956532,0.2144502,0.19391462,0.41810018,0.7258947,0.6232777,1.0,0.71410686,0.3408264,0.49340665,0.48585278,0.22410814
0.23013335,0.40673953,0.26490602,0.52837825,1.0,0.92217374,0.97548723,0.7275702,0.57581097,0.5894749,0.38811392,0.24645828
0.34299693,0.5115209,0.42212486,0.3872798,0.73887837,0.9261746,0.7030141,0.8906035,1.0,0.62988645,0.49079296,0.38648325
0.25768375,0.3382097,0.44920334,0.2711424,0.5131015,0.58068264,0.57334036,0.87913823,1.0,0.5093628,0.3602459,0.26031467
0.21859531,0.3383251,0.28910077,0.27205306,0.48211998,0.39352438,0.46520153,1.0,0.802049,0.4436717,0.20748614,0.19489929
0.18725067,0.3275193,0.20552431,0.2645037,0.38630173,0.28548342,0.3322937,1.0,0.92382663,0.5325999,0.288504,0.15489307
0.27432108,0.3192619,0.24026935,0.21025462,0.27700937,0.33648515,0.32492137,0.9419636,0.92494786,1.0,0.5655949,0.197673
0.45296064,0.7086284,0.59837645,0.48223284,0.58782685,0.56948537,0.4665876,0.67760706,0.5221783,1.0,0.8959303,0.41035905
0.421519,1.0,0.80966115,0.49819505,0.35889652,0.36576542,0.20980531,0.3371854,0.27601928,0.22475925,0.21204564,0.40259302
0.40208682,1.0,0.64579165,0.30650774,0.19119108,0.13012552,0.08140796,0.1574491,0.12607104,0.11551939,0.13008696,0.295483
0.49049088,1.0,0.4107416,0.22508985,0.16832091,0.15103476,0.11915704,0.25027934,0.26073068,0.14059815,0.18882039,0.30623356
0.6581279,1.0,0.3384691,0.15808508,0.16548645,0.27930441,0.3097951,0.364097,0.22551513,0.12797318,0.1616751,0.24776898
0.49516284,1.0,0.34983802,0.253341,0.36865625,0.40474713,0.40101615,0.35124293,0.22856557,0.16904943,0.12262519,0.13952318
0.40110216,1.0,0.7840139,0.5787578,0.6253294,0.61481243,0.39147162,0.27658197,0.34628746,0.2717979,0.22708258,0.208465
0.2510304,0.6298077,1.0,0.6660378,0.60461646,0.79662234,0.7165904,0.28838393,0.42596415,0.28289708,0.3683801,0.3185993
0.2118897,0.338604,0.6641997,0.61477727,0.53121805,0.8197449,1.0,0.33019155,0.51857233,0.5828738,0.4743125,0.34488633
0.36937693,0.602702,0.27498153,0.36196047,0.33542022,0.25192612,0.29581767,0.2531381,0.73968095,1.0,0.78249747,0.30522773
0.27985188,0.86011523,0.67984265,1.0,0.78244644,0.38986686,0.42260438,0.2314504,0.6817859,0.9519056,0.76338243,0.3107031
0.14661537,0.52599376,0.6440714,0.62861305,0.38163742,0.2536372,0.29559886,0.16629502,0.5138669,1.0,0.72323865,0.1855412
0.26822278,0.464569,0.7789716,1.0,0.6203331,0.5012483,0.37310857,0.28671756,0.34274712,0.5594497,0.6453886,0.19284877
0.20126078,0.2498353,0.5760994,1.0,0.58254695,0.3388355,0.29688284,0.16806932,0.1828852,0.44560152,0.46109995,0.19608735
0.7681901,0.7751997,0.6257041,1.0,0.80792236,0.3447997,0.47275,0.4769146,0.21114516,0.31264037,0.3631997,0.4971119
0.47314253,0.3212479,0.5099386,1.0,0.48840055,0.23839515,0.3407634,0.43367633,0.30775955,0.27866355,0.25310507,0.34409872
0.3836729,0.17941563,0.6386119,1.0,0.42209318,0.4113778,0.3132621,0.46795917,0.57751787,0.48938304,0.7448328,0.52564436
0.07573203,0.2593265,0.40891364,0.09289632,0.1329256,0.19753839,0.67535514,1.0,0.86345756,0.32405126,0.1957034,0.13841636
0.035963587,0.29267383,0.29284427,0.028609747,0.021579133,0.107010975,0.9423861,1.0,0.15592909,0.044451352,0.038573056,0.022112366
0.059019748,0.27467313,0.07840918,0.020692706,0.037296284,0.1884844,1.0,0.4836007,0.035043847,0.0154375145,0.027818015,0.01421325
0.09165198,0.5316261,0.1277615,0.060925987,0.1438718,0.24496688,1.0,0.2578135,0.018070124,0.022923991,0.04441566,0.025995634
0.05622916,0.45069337,0.27322674,0.053466786,0.19472669,0.19516113,1.0,0.7320232,0.047588844,0.027694881,0.050702643,0.040291127
0.021944385,0.08509519,0.08525311,0.016916487,0.04394675,0.14577153,1.0,0.779761,0.08999814,0.054632924,0.043626327,0.034980796
0.033899076,0.06150565,0.062176824,0.031684227,0.045866508,0.22536008,1.0,0.6058966,0.1450027,0.1769734,0.10940321,0.080743186
0.136498,0.20405193,0.23583747,0.10461764,0.22157487,0.6101199,1.0,0.78160226,0.33146012,0.50781834,0.45110962,0.32464138
0.013480356,0.053935006,0.07506495,0.035209063,0.033874437,0.297159,1.0,0.339801,0.042676434,0.039759707,0.027979739,0.014160179
0.006445449,0.026025863,0.02441372,0.019500263,0.019944906,0.3159908,1.0,0.23309785,0.014403226,0.012490099,0.0056496537,0.0034319253
0.0077046915,0.028499724,0.018748503,0.0082405675,0.037651658,0.5540693,1.0,0.22162475,0.015681097,0.010395117,0.008374617,0.005236784
0.033832476,0.07905587,0.0923453,0.052178442,0.117168084,0.8108427,1.0,0.48408934,0.12567465,0.06631533,0.07906045,0.053886082
0.038669404,0.081708774,0.06694332,0.06242889,0.11580593,0.26874596,1.0,0.8457261,0.21340682,0.286439,0.52633417,0.1022949
0.010111045,0.060850937,0.029253302,0.015381913,0.024535246,0.14675312,1.0,0.9406242,0.14622408,0.08533318,0.19970936,0.02224626
0.018863948,0.13529591,0.06947545,0.012583586,0.016942954,0.11715823,0.94083804,1.0,0.15621309,0.04313945,0.07482765,0.019058874
0.051896453,0.44304103,0.23576333,0.02313743,0.036521114,0.20620391,1.0,0.7286841,0.12669343,0.04220719,0.056858696,0.028324293
0.039115317,0.27252027,0.12904176,0.02355769,0.05031915,0.12518412,1.0,0.6511744,0.06200521,0.018786572,0.036750298,0.028425764
0.05998406,0.28050253,0.09244546,0.050060842,0.097810745,0.16316216,1.0,0.4242049,0.044809554,0.02182262,0.040728398,0.053218495
0.08612992,0.28260937,0.08917647,0.06738575,0.13000388,0.26606247,1.0,0.25055876,0.04318435,0.024714317,0.043399397,0.060183406
0.049648773,0.14868921,0.061696198,0.0360863,0.09995758,0.15777689,1.0,0.39884362,0.030634308,0.016198173,0.04317651,0.031572517
0.031739775,0.06853476,0.03578319,0.024420127,0.06846434,0.13476175,1.0,0.41704503,0.07555583,0.024958175,0.040238913,0.02569664
0.041943736,0.089019254,0.04114445,0.03016577,0.052754134,0.38230753,1.0,0.26366815,0.29057086,0.09986675,0.12537819,0.03939291
0.2133033,0.47377348,0.16063917,0.101378284,0.13983496,0.63395077,1.0,0.30189222,0.5440174,0.42201728,0.84478015,0.11846736
0.362571,0.74299085,0.20184915,0.13424945,0.22192363,0.5639423,1.0,0.35008824,0.19258887,0.46945816,0.93456566,0.105639026
0.03860825,0.08285696,0.030187096,0.01826477,0.062145114,0.48771715,1.0,0.27649793,0.103347585,0.05785266,0.10959175,0.022339832
0.14889845,0.12655397,0.05973899,0.044243384,0.1018819,0.71708393,1.0,0.31620196,0.13186714,0.20238239,0.55505836,0.3136119
0.68497777,0.4239782,0.14860784,0.104388654,0.11364484,0.3809045,0.69007844,0.28978208,0.20779896,0.6403458,1.0,0.9013651
0.19595428,0.28274608,0.04788868,0.06720212,0.06680106,0.19478554,1.0,0.66393816,0.23434106,0.2953015,0.43102732,0.17953876
0.18816298,0.4144357,0.056117274,0.07453558,0.06862226,0.13472217,1.0,0.7220045,0.34333804,0.196215,0.22906917,0.06291641
0.10148873,0.39669222,0.109457605,0.03652068,0.031144049,0.14103095,1.0,0.47095293,0.29261646,0.16077505,0.097956784,0.030450596
0.09768041,0.8935651,0.33697206,0.022771211,0.032489125,0.2115634,1.0,0.35077962,0.17364582,0.09446252,0.043761387,0.018413635
0.12938166,1.0,0.4238142,0.035791576,0.05523938,0.103856355,0.6761108,0.41343033,0.09377622,0.061529595,0.05610749,0.024784928
0.14085257,0.9542626,0.5478184,0.03549936,0.0347758,0.07050115,1.0,0.7941649,0.17989643,0.14633094,0.089284904,0.027177325
0.06589284,0.6194287,0.38148186,0.020464968,0.009887727,0.071483545,1.0,0.75696605,0.140712,0.11919256,0.055799995,0.01410179
0.021589352,0.27909467,0.15978146,0.0069954535,0.006123129,0.11522419,1.0,0.5390012,0.034380093,0.037784602,0.042948402,0.011006332
0.010957782,0.10632279,0.0520894,0.0024940006,0.007259042,0.14150941,1.0,0.40563878,0.011392611,0.013474753,0.018315325,0.004773058
0.01603884,0.06778575,0.015261705,0.0013391208,0.0092823105,0.30611163,1.0,0.23622584,0.005174969,0.013023935,0.018492203,0.0023399896
0.022785405,0.06127954,0.006302532,0.00088162435,0.010892495,0.44285917,1.0,0.12661158,0.0035018306,0.016989963,0.024084697,0.0022243778
0.014743095,0.056272596,0.009487222,0.0008291574,0.0068282573,0.26877928,1.0,0.23987389,0.0071280403,0.008017065,0.011812399,0.0016810481
0.010747468,0.07665687,0.019194178,0.00080362475,0.0036733467,0.18829642,1.0,0.32457227,0.007923732,0.006223673,0.0078031826,0.0016457553
0.016737293,0.15960087,0.061240625,0.0016297242,0.002677288,0.14678575,1.0,0.40681005,0.012462832,0.009424853,0.01210941,0.003333499
0.025229447,0.38345122,0.3058299,0.00929077,0.004001462,0.09809112,1.0,0.64888674,0.03242224,0.014594807,0.027047561,0.011644083
0.04144691,0.82956517,0.97580165,0.039815206,0.009543087,0.054787446,0.9909804,1.0,0.06522808,0.026972707,0.07218179,0.042169526
0.042977016,0.7290827,0.93174785,0.05004194,0.018693151,0.0458068,0.84020877,1.0,0.07005818,0.025815945,0.12361638,0.08208383
0.060209867,0.61901206,0.47094947,0.03135663,0.037642498,0.10294712,1.0,0.82838064,0.0592425,0.03169176,0.11528568,0.09623269
0.07051394,0.4366366,0.15957879,0.022198321,0.024600819,0.13878247,1.0,0.47434193,0.053179096,0.047001846,0.078466535,0.060919017
0.06823156,0.27253625,0.06688573,0.036749415,0.054414306,0.2627058,1.0,0.24070604,0.038048368,0.06773058,0.15044217,0.042214867
0.06840711,0.16896859,0.0443153,0.054346364,0.06720688,0.31754354,1.0,0.19074078,0.023996506,0.10991522,0.23682058,0.049083393
0.056347206,0.13123281,0.039317887,0.05655281,0.078273855,0.2748723,1.0,0.2217032,0.027549015,0.1812106,0.40019095,0.057783138
0.039156966,0.073116034,0.036966063,0.048628576,0.08733435,0.18592224,1.0,0.34927693,0.040017966,0.13109946,0.29924998,0.060487673
0.04446346,0.093384095,0.051071838,0.03838774,0.07211951,0.1258234,1.0,0.54122186,0.06845599,0.11437463,0.19067603,0.082085125
0.057821088,0.12442378,0.11269724,0.038862303,0.049971752,0.07431806,0.95909613,1.0,0.13057803,0.118798226,0.20033394,0.14450331
0.032980658,0.112381026,0.13530804,0.020571472,0.026047911,0.05315758,0.84625274,1.0,0.08353997,0.045085832,0.10658795,0.094838895
0.04935963,0.363154,0.23308288,0.027740948,0.035461735,0.08320607,1.0,0.820479,0.05144745,0.055553917,0.1176338,0.08206212
0.105456375,0.59826905,0.23395526,0.06602797,0.060943063,0.16074246,1.0,0.35788378,0.023535997,0.05159655,0.078618005,0.07672592
0.15244138,0.582547,0.16196865,0.07602096,0.06729075,0.25751984,1.0,0.20930272,0.01924855,0.027097862,0.047943715,0.072483234
0.10111535,0.40223855,0.115097545,0.05104067,0.0574533,0.21575378,1.0,0.28105056,0.023849225,0.022091445,0.03432807,0.04832619
0.07664598,0.1793708,0.07686899,0.03475003,0.036193725,0.16364525,1.0,0.51278067,0.060758073,0.034024294,0.037315466,0.037685663
0.05311436,0.070315085,0.05344379,0.033915572,0.03659572,0.2466374,1.0,0.57550776,0.10705564,0.05597993,0.07573449,0.050030157
0.046972394,0.06681034,0.046175368,0.03402472,0.114559054,0.56345856,1.0,0.4565688,0.097292736,0.09463837,0.13668028,0.056457378
0.14236414,0.25840682,0.13162154,0.07484188,0.3025867,0.64633554,1.0,0.5021584,0.14736511,0.16998138,0.14808005,0.072855875
0.14758538,0.2654547,0.15272363,0.090154655,0.20361896,0.8001494,1.0,0.4705463,0.11985271,0.07984669,0.07877338,0.0666391
0.07215339,0.15513937,0.10124415,0.06520643,0.20982894,0.89885813,1.0,0.32243678,0.0894955,0.06297478,0.06346783,0.043923512
0.05320567,0.09517725,0.06377252,0.05162355,0.14801699,0.37597662,1.0,0.71491814,0.09212703,0.047570895,0.045872554,0.026493683
0.10826512,0.16918847,0.07785245,0.05452107,0.066221,0.29150614,1.0,0.6538455,0.1941904,0.13281898,0.11363684,0.1027686
0.54807454,0.6426757,0.34119186,0.13289915,0.16546881,0.28904346,0.5023258,1.0,0.98616964,0.7875778,0.8202604,0.556696
0.082946554,0.15345179,0.11156432,0.052435957,0.056608625,0.26056424,1.0,0.62638026,0.31058255,0.17670158,0.2103927,0.11088109
0.060184892,0.16506349,0.051836766,0.0345742,0.041327175,0.25836462,1.0,0.36468768,0.07600656,0.038131822,0.047948424,0.029146014
0.24909462,0.49265385,0.09215848,0.08061284,0.118082836,0.39381552,1.0,0.25154954,0.06708701,0.047975063,0.053736955,0.037782237
0.4864631,1.0,0.11365622,0.10039278,0.15459368,0.25659746,0.34579298,0.04552969,0.040922634,0.06074774,0.06702797,0.034686502
0.34881228,1.0,0.11718418,0.06508631,0.1417204,0.14636555,0.25488043,0.046650153,0.027729975,0.054355733,0.053807054,0.037895225
0.2949495,1.0,0.14856514,0.08174274,0.2417522,0.27423808,0.56243664,0.13632269,0.0800623,0.08728703,0.06276125,0.061477106
0.20099802,0.83083576,0.14356256,0.062266067,0.25503263,0.38638213,1.0,0.29660314,0.14973795,0.08813538,0.06713097,0.06336179
0.10507266,0.46019238,0.09385837,0.021443598,0.100054614,0.31465656,1.0,0.26947862,0.07900097,0.03408031,0.030087138,0.026117861
0.18593049,0.4974443,0.06985943,0.023903163,0.1164731,0.6148848,1.0,0.2464962,0.09078194,0.043775667,0.02760699,0.026555898
0.19535962,0.4234526,0.073294185,0.065580875,0.35468534,1.0,0.9913102,0.32522628,0.110210896,0.08240741,0.06278048,0.032976706
0.06466243,0.10701778,0.03389986,0.047104735,0.12187506,0.3260547,1.0,0.30497107,0.053450864,0.09337434,0.050469212,0.018809276
0.101242855,0.117882684,0.036587354,0.023578655,0.10018634,0.79211783,1.0,0.12863387,0.057138626,0.20064175,0.07157574,0.032416705
0.12564163,0.099920966,0.01771361,0.009144388,0.04992829,0.87312174,1.0,0.101190016,0.050430708,0.08472506,0.0391706,0.03599198
0.13009165,0.28703722,0.03962433,0.007166465,0.025705652,0.60675704,1.0,0.11980202,0.04562343,0.046016548,0.031819,0.025116123
0.121208675,0.54245543,0.18007019,0.01222935,0.021344133,0.294419,1.0,0.28885913,0.0554774,0.03274224,0.043130226,0.03144144
0.081647694,0.67393863,0.5341417,0.0455555,0.076184176,0.14751412,1.0,0.76759523,0.122782685,0.05723949,0.0753377,0.08359157
0.08697889,0.73628503,0.65132767,0.06412215,0.14276354,0.1758588,1.0,0.819927,0.16614251,0.089559436,0.09855787,0.11043562
0.06778216,0.6572195,0.5586027,0.07830675,0.081494555,0.093490854,1.0,0.72792816,0.07567418,0.047324423,0.065436155,0.0553351
0.121363245,0.8366459,0.3504417,0.1478521,0.104407035,0.13872273,1.0,0.51144415,0.07516243,0.04846229,0.06893032,0.07452211
0.18887594,1.0,0.21707146,0.109358594,0.09147808,0.22357595,0.90480524,0.25139657,0.062151324,0.04723499,0.065681614,0.0733545
0.25625762,1.0,0.13107318,0.04541278,0.05155135,0.27350464,0.9050492,0.14574172,0.052782264,0.040807605,0.059869714,0.062198237
0.27822763,1.0,0.12849727,0.035451747,0.029108578,0.18234618,0.5367429,0.08225924,0.055122465,0.027736258,0.044016004,0.049515612
0.33420658,1.0,0.1189226,0.023283668,0.022548553,0.12609583,0.25272307,0.044655398,0.032589782,0.02486644,0.033989448,0.04403789
0.22238566,1.0,0.23505095,0.020146037,0.020421943,0.0852446,0.19897154,0.049188156,0.029138105,0.027839392,0.029139828,0.039244346
0.10515159,1.0,0.38679835,0.023001108,0.022042261,0.07299566,0.25632823,0.095743746,0.04011103,0.026248956,0.023564987,0.04292367
0.08540742,1.0,0.51173604,0.02981153,0.03688502,0.079772204,0.3230367,0.15706456,0.040154412,0.03494772,0.037336282,0.052663524
0.1111282,1.0,0.33770886,0.034621656,0.03885793,0.084469974,0.25125706,0.10581211,0.042708397,0.04639389,0.041041538,0.049926583
0.17665745,1.0,0.2497816,0.03128712,0.03906789,0.10962499,0.21903852,0.06484636,0.02702471,0.036267404,0.037388522,0.04677561
0.64090365,1.0,0.19129233,0.04025102,0.04297889,0.21200882,0.29408407,0.06938311,0.028966578,0.038252518,0.05186355,0.085195966
0.921715,1.0,0.09937393,0.030579228,0.032663133,0.24713615,0.28661388,0.05765495,0.04410282,0.040979996,0.053743847,0.081995346
0.55943555,1.0,0.07097925,0.013251702,0.014638656,0.13123494,0.18805581,0.026782796,0.015517837,0.018168412,0.022707855,0.03271647
0.30282024,1.0,0.11964844,0.015933122,0.014522617,0.08021566,0.19567622,0.03945314,0.01793332,0.014609466,0.021306667,0.02582302
0.16682765,1.0,0.27458894,0.026563289,0.021699658,0.058877826,0.19221684,0.06426643,0.024478931,0.018529076,0.024817098,0.032094415
0.1282848,1.0,0.39768538,0.037441365,0.027039379,0.05982735,0.18909924,0.08040956,0.021467462,0.025056561,0.027051082,0.033688664
0.18959332,1.0,0.34661064,0.039691493,0.032792438,0.08229499,0.24899915,0.0805257,0.027615063,0.034117233,0.03256772,0.04420134
0.20668869,1.0,0.23022816,0.033010878,0.027463803,0.08351744,0.21982239,0.06376933,0.025746578,0.02287564,0.032517742,0.047985837
0.4633634,1.0,0.16347696,0.03105511,0.023734195,0.13189214,0.22933036,0.06106813,0.03922179,0.029754892,0.039969455,0.06257566
1.0,0.695534,0.0930727,0.022852236,0.024587475,0.17083615,0.15522173,0.055281557,0.047640096,0.03627327,0.046391424,0.111398175
1.0,0.8687213,0.07514526,0.016866086,0.026488597,0.119346246,0.1309919,0.04910175,0.032138094,0.029367855,0.032548673,0.09212753
0.37908766,1.0,0.1287796,0.0083944695,0.010284588,0.062263973,0.14992926,0.032557216,0.010182709,0.009794682,0.013672166,0.032587137
0.18289454,1.0,0.20983647,0.0073509677,0.007343891,0.043242224,0.14222817,0.03714233,0.004837787,0.005642272,0.01014662,0.022647554
0.3633986,1.0,0.18804486,0.013005045,0.011994297,0.069576986,0.1143242,0.031578448,0.0073374533,0.009429129,0.013731179,0.035455026
0.9536228,1.0,0.18283166,0.03261416,0.03967929,0.20201634,0.17006105,0.054105975,0.029220304,0.023306215,0.03307946,0.19502819
0.83394617,1.0,0.2940973,0.06313259,0.118150175,0.29099938,0.2036001,0.09961961,0.075885594,0.04954423,0.07185217,0.55203825
0.48388553,1.0,0.26348728,0.07415878,0.14249048,0.3092409,0.18669923,0.09824613,0.09203374,0.07042928,0.08567095,0.3038054
0.28336596,1.0,0.5145103,0.095746875,0.13388155,0.2520149,0.21829396,0.14043851,0.13248694,0.13554825,0.1043519,0.1515825
0.5376098,1.0,0.32251295,0.07006558,0.1237612,0.29933903,0.3156094,0.13151099,0.122564964,0.13490522,0.123906635,0.1655353
0.6692754,1.0,0.23563506,0.09858054,0.1120963,0.31225803,0.415633,0.21959394,0.15897757,0.09934709,0.08147695,0.12936488
0.61322045,1.0,0.62541205,0.5021037,0.38567638,0.5546216,0.59832525,0.46387944,0.38211906,0.20141107,0.111969836,0.18427886
0.5860758,0.8783918,0.6158228,0.9500273,1.0,0.9366089,0.73149264,0.83546907,0.88465977,0.26477802,0.128383,0.2228003
0.17482203,0.33328164,0.17943974,0.36095816,0.5021857,0.6336191,0.4640684,0.99327826,1.0,0.18805301,0.07831817,0.074309275
0.18015508,0.22723989,0.116075605,0.16810541,0.37446976,0.46683997,0.341915,0.7612328,1.0,0.2999573,0.13042344,0.08944582
0.3036835,0.37433374,0.15258734,0.22762541,0.5390572,0.6757919,0.46490422,0.6543985,1.0,0.43238467,0.2663951,0.25306946
0.25970557,0.32799637,0.156511,0.27992228,0.56591237,0.39855185,0.28847352,0.66001904,1.0,0.39145952,0.2962355,0.40421638
0.3646123,0.23619427,0.17377879,0.30938968,0.740964,0.52869326,0.23940787,0.80382675,1.0,0.3596096,0.26777002,0.45830756
0.37739053,0.3768808,0.29232466,0.49362034,0.6968463,0.4585127,0.28019905,0.946514,1.0,0.32082915,0.26516715,0.4405345
0.6266032,0.27196026,0.2730551,1.0,0.8780236,0.38665977,0.28880805,0.49169797,0.56832856,0.26824436,0.35466957,0.5329183
1.0,0.6570399,0.14237456,0.30183533,0.37945935,0.15087445,0.10844603,0.1560104,0.18104814,0.14427355,0.25392148,0.38663495
0.7076177,1.0,0.110134766,0.10531553,0.1465734,0.08169686,0.0468666,0.080097176,0.09431256,0.04935477,0.0854988,0.188798
1.0,0.9606005,0.1658766,0.298854,0.18937781,0.06275046,0.06024312,0.09161051,0.058381643,0.037291624,0.07886018,0.40110365
1.0,0.6518283,0.26895905,0.52031213,0.341249,0.15221332,0.15243883,0.2329483,0.17289115,0.1680876,0.23356277,0.76896733
0.6984728,0.47353953,0.22021809,0.30791,0.3926246,0.23558676,0.24664493,0.3150316,0.26054677,0.5215147,0.6479849,1.0
1.0,0.71679515,0.2293984,0.27132985,0.25615692,0.15498607,0.2105165,0.21470755,0.16878602,0.34158295,0.6275778,0.8533924
1.0,0.9132497,0.12481727,0.10509512,0.08891291,0.059180807,0.08609302,0.10486585,0.051710878,0.06642578,0.11351222,0.20371711
1.0,0.7287987,0.21847491,0.16345693,0.15524523,0.13434653,0.1511851,0.20310178,0.15103684,0.10586137,0.09130963,0.29576188
0.69935226,1.0,0.99226564,0.8491174,0.48305666,0.3329306,0.17458159,0.15210715,0.20618476,0.16698869,0.14301535,0.3618927
0.63636225,1.0,0.93921375,0.656885,0.3300383,0.4115589,0.39866805,0.43967324,0.4315126,0.46150452,0.3928231,0.4841747
0.8611956,0.72091115,0.49042687,0.3995873,0.5492281,0.49057958,0.7153429,1.0,0.9718644,0.7845639,0.5725888,0.9320814
0.41334143,0.3025727,0.17674473,0.12126626,0.1328099,0.18915595,0.17354937,0.17276704,0.22411361,0.22221075,0.30346492,1.0
0.46027824,0.39895126,0.23230208,0.15425228,0.26135775,0.30374324,0.329199,0.2073146,0.22112073,0.24232267,0.31113172,1.0
0.5558346,0.6930521,0.4716127,0.29352123,0.60672027,0.881294,1.0,0.9274787,0.93761116,0.859353,0.6441179,0.7077538
0.08368297,0.064201124,0.04488773,0.07344222,0.10640177,0.12828265,0.2896822,0.8170966,1.0,0.8278472,0.3365448,0.09158871
0.013177285,0.004128565,0.0059118206,0.00851389,0.006081416,0.022595627,0.35927254,1.0,0.46667612,0.14777651,0.03345846,0.016754864
0.0021563398,0.0016889632,0.0028047955,0.0012082917,0.0013923079,0.022255354,0.5485793,1.0,0.134366,0.015132456,0.0051449453,0.0025903424
0.0010649086,0.002509771,0.0035363834,0.0011733006,0.0013578621,0.02861638,0.6730235,1.0,0.10436613,0.0094669955,0.003607677,0.0017545046
0.0019832968,0.00797106,0.008189806,0.0042710146,0.0030953726,0.09711631,1.0,0.7900865,0.09486127,0.015137004,0.0085479515,0.0038948897
0.0016894571,0.008123306,0.009746146,0.00848139,0.007994043,0.14972536,1.0,0.40007976,0.024651045,0.007900877,0.008880092,0.005556404
0.0007531347,0.0030887101,0.0033789407,0.0038521679,0.004036569,0.08475511,1.0,0.71291393,0.027744846,0.0026299441,0.002837207,0.0016070623
0.0010987591,0.0045802593,0.0030334094,0.0027162356,0.0026121861,0.06675657,1.0,0.8739126,0.047996998,0.0018814732,0.002911524,0.0016182829
0.0025330582,0.0075630355,0.0026348613,0.0027642346,0.008602918,0.23476867,1.0,0.3980021,0.03174668,0.0050110216,0.0052275243,0.002205909
0.004710296,0.008120161,0.0020808836,0.004820527,0.020294428,0.5324271,1.0,0.10903796,0.0064504943,0.013565629,0.008298885,0.0035092973
0.003371641,0.0065494436,0.0023775666,0.0043736654,0.021947062,0.23912764,1.0,0.5282926,0.116472274,0.015147065,0.009191361,0.0027055799
0.0011203628,0.003449642,0.0021605662,0.0009947445,0.0056046317,0.05740545,0.8000476,1.0,0.14034858,0.0078107025,0.009833032,0.0032483311
0.00094083627,0.003021426,0.00283084,0.00065313454,0.001870683,0.03205042,0.76318693,1.0,0.091876656,0.012176233,0.01542291,0.0072800815
0.0020552024,0.0044115786,0.0043275473,0.00095442636,0.0016303594,0.027926981,0.7586262,1.0,0.08211723,0.017666752,0.028281834,0.021201609
0.019513221,0.016497351,0.010896147,0.0032471681,0.0029797677,0.035892483,0.8262044,1.0,0.08445321,0.03078913,0.050781373,0.061150342
0.1917857,0.26325712,0.06332302,0.010185751,0.016849633,0.20362647,1.0,0.5732828,0.08460155,0.03599807,0.049799323,0.080926366
0.29092476,0.5082588,0.16838449,0.041634936,0.051005978,0.5988779,1.0,0.143649,0.0543446,0.024645384,0.034729987,0.07688996
0.06120792,0.12765643,0.050910104,0.034131054,0.07235137,0.5879504,1.0,0.16813846,0.021000832,0.01956523,0.04119765,0.028762108
0.0197438,0.04495531,0.016980276,0.031897146,0.12567435,0.54120624,1.0,0.2987299,0.039450657,0.023708068,0.03769268,0.020309195
0.062891886,0.051949613,0.020831317,0.036634967,0.11491459,0.36286053,1.0,0.28318298,0.061819497,0.029852912,0.02824795,0.033944637
0.18229519,0.09813457,0.029750708,0.012061934,0.043625727,0.58458006,1.0,0.26475608,0.0375012,0.036004096,0.04373325,0.10528286
0.18361962,0.19228052,0.08049453,0.06389965,0.06484972,0.47497734,1.0,0.48032683,0.13398401,0.19988142,0.21599722,0.17052844
0.120174535,0.12127318,0.07567436,0.119374916,0.16177224,0.55850214,1.0,0.46073964,0.24465413,0.47681415,0.42322883,0.24366383
0.12719819,0.11494849,0.05347753,0.061293647,0.080628484,0.29015628,0.39513126,0.35521293,0.5854667,1.0,0.6846873,0.24406277
0.14291094,0.13401902,0.07081537,0.059592217,0.07051236,0.099353984,0.17909528,0.28817073,0.58603185,1.0,0.51122683,0.33598772
0.14100201,0.16020806,0.116267346,0.12380614,0.1015653,0.32101497,0.6275743,0.47706482,0.80017036,1.0,0.6195237,0.3425807
0.013799559,0.040694598,0.0199313,0.014700914,0.012590723,0.20049696,1.0,0.7023909,0.12433803,0.07582445,0.055246048,0.017054578
0.008515417,0.080566,0.050194062,0.0032987997,0.0041856905,0.099112906,1.0,0.86764246,0.067695536,0.010628317,0.011958692,0.0035053394
0.0060145254,0.09521199,0.12403277,0.027990254,0.0041593695,0.059745055,0.7294877,1.0,0.22967726,0.036379315,0.012709708,0.004677584
0.0035268443,0.03255045,0.12233057,0.12197146,0.036543828,0.030918134,0.17894395,0.9423317,1.0,0.17956984,0.02045951,0.007798192
0.0072493395,0.009484462,0.019773358,0.12278248,0.12063246,0.020041991,0.09898806,0.2945134,1.0,0.5598162,0.045637175,0.016862955
0.021145815,0.03392711,0.02801514,0.060830258,0.08323897,0.12006439,0.27634612,0.4339384,1.0,0.5473774,0.055233058,0.019646585
0.017753739,0.047331244,0.03978019,0.03553401,0.066746466,0.34498474,1.0,0.86533666,0.35611123,0.139189,0.024761094,0.011844414
0.00742856,0.016205054,0.013340333,0.011926538,0.052854773,0.5384846,1.0,0.33143005,0.26604792,0.15760212,0.010465444,0.005160111
0.01816602,0.02290837,0.007584529,0.010675458,0.07313165,0.95775354,1.0,0.3889126,0.122419365,0.116616115,0.047304012,0.0076817037
0.011379251,0.024859136,0.0031501509,0.0025723036,0.018785479,0.38018045,1.0,0.331057,0.028767038,0.03137724,0.03801385,0.004606402
0.00612865,0.011382563,0.0026489862,0.0006767304,0.0056328783,0.14019516,1.0,0.6284892,0.03415213,0.0066108215,0.01715563,0.0059468313
0.01730086,0.00923897,0.0031899076,0.00061993336,0.002612795,0.051457617,0.75204885,1.0,0.087901466,0.0029030999,0.019944755,0.029054776
0.0335288,0.01418053,0.0027540277,0.0010172467,0.0036536497,0.031246599,0.5215893,1.0,0.11108334,0.0068651005,0.05980255,0.08156586
0.019946633,0.007693026,0.0026240195,0.0043411604,0.016110186,0.2116865,1.0,0.726678,0.058499306,0.017684834,0.08405946,0.06009432
0.017777009,0.006967204,0.017177863,0.029037068,0.16844684,1.0,0.9808838,0.18190195,0.02733847,0.058410265,0.06881824,0.045532174
0.020100178,0.005465849,0.030764049,0.035326168,0.36646315,1.0,0.25860837,0.033680055,0.017809609,0.03684436,0.051226303,0.04668907
0.027494544,0.018977031,0.01046185,0.013821778,0.21718729,1.0,0.5897478,0.047188543,0.008208895,0.02115236,0.058131233,0.069845766
0.022009477,0.026615323,0.0042869733,0.0037336051,0.06227613,0.52280986,1.0,0.28180373,0.016036382,0.017345801,0.060775295,0.045509648
0.0054547377,0.006853844,0.0028979008,0.0033208458,0.05059614,0.30200243,1.0,0.42372072,0.025207346,0.009886892,0.039826382,0.026762726
0.009416511,0.0073020915,0.0048241946,0.009629552,0.21109039,1.0,0.9640142,0.26750737,0.07023485,0.07536641,0.027891343,0.015766226
0.03754699,0.038767,0.026745792,0.047683008,0.5819721,1.0,0.41835034,0.66563904,0.41468742,0.30819687,0.080566965,0.03229607
0.13512476,0.23775044,0.36980143,0.5759495,0.8329306,1.0,0.87059647,0.672239,0.27236488,0.107464835,0.066952795,0.085029416
0.103162855,0.24837635,0.4563914,0.75117487,1.0,0.89915264,0.5145014,0.26570475,0.17425448,0.109493025,0.05544191,0.047680758
0.16340292,0.2295964,0.36755866,0.6326905,1.0,0.9228348,0.33413005,0.17322892,0.2056112,0.21250552,0.19387059,0.15813504
0.20049787,0.15046212,0.20606022,0.3374073,0.7536466,1.0,0.4907174,0.33171752,0.3500964,0.38561264,0.40005448,0.28869724
0.3545695,0.25326866,0.28463587,0.29361108,0.7227235,0.8150185,1.0,0.9223641,0.5826923,0.37465703,0.32747146,0.33554885
0.044026572,0.049746655,0.14892617,0.15634802,0.45246685,0.7280132,1.0,0.31099892,0.15343498,0.15264796,0.10622837,0.06771642
0.0016717978,0.005364504,0.03058683,0.07191165,0.5718851,1.0,0.28944674,0.033544943,0.0072765374,0.005962312,0.0027485916,0.0014992094
0.00085781526,0.0015079599,0.0051353006,0.03041385,0.49613118,1.0,0.16406643,0.004980477,0.001496191,0.001614646,0.001061001,0.00079043035
0.00047226466,0.000490383,0.00047141896,0.005035174,0.23009627,1.0,0.36412665,0.01127835,0.00047191372,0.00059733243,0.0005386068,0.00040484298
0.0010609648,0.0015030805,0.0003389113,0.0023367996,0.10501714,1.0,0.7891729,0.04144796,0.00047669737,0.0004114636,0.0004090191,0.0003020968
0.0034892666,0.0042804694,0.0003610833,0.0008727559,0.043884337,0.84317386,1.0,0.0683576,0.0007691625,0.00084627036,0.0009860313,0.00065012614
0.006834602,0.0045620603,0.00049185206,0.0044780895,0.13070332,1.0,0.63537174,0.03324043,0.00082202867,0.0013461765,0.002179099,0.0020202878
0.009270946,0.0016531852,0.0007319458,0.027591528,0.5537128,1.0,0.14688477,0.0041917465,0.00056802365,0.0013873094,0.0040853294,0.005754013
0.009427766,0.0007423187,0.0012486574,0.06614835,1.0,0.94022846,0.06786157,0.0016674924,0.0004455453,0.0020441834,0.008415433,0.013776073
0.024541613,0.0016242944,0.0022171827,0.08905722,1.0,0.6142382,0.050983652,0.002390382,0.00060763257,0.0033118555,0.01288907,0.03758671
0.05077525,0.019706434,0.002201742,0.030119816,0.62210464,1.0,0.20273697,0.0078732725,0.0009508517,0.0033028678,0.017959394,0.027650503
0.035441402,0.024417683,0.0017898727,0.007963921,0.2707415,1.0,0.31779933,0.008555925,0.0008666016,0.0033030342,0.0081026275,0.009048084
0.01780873,0.011267631,0.0051667118,0.026116885,0.29789528,1.0,0.3254743,0.009614214,0.0050887517,0.014577242,0.004289129,0.0058791297
0.012014041,0.01099611,0.015271506,0.087697245,0.64294404,1.0,0.23857991,0.025451545,0.020866912,0.045059297,0.0054715187,0.004791237
0.034196626,0.03135113,0.0148206,0.056599695,0.31823125,1.0,0.6703107,0.35289022,0.08563609,0.07806075,0.01918332,0.013440919
0.011459967,0.015855322,0.002274231,0.0060068555,0.09376363,0.6826394,1.0,0.2936444,0.0146582285,0.011872797,0.0050521865,0.001986188
0.01876598,0.07254833,0.011475692,0.0014974371,0.02317523,0.33114958,1.0,0.29003954,0.0063578403,0.0037398692,0.0028089245,0.0008421164
0.031497452,0.18269643,0.045168977,0.0016178052,0.0038542459,0.15969819,1.0,0.54065776,0.056877878,0.01876109,0.006038054,0.001160947
0.03134398,0.16430724,0.06568036,0.007033986,0.003231348,0.10879089,0.6100194,1.0,0.8727008,0.2762722,0.04230317,0.004498898
0.0022231725,0.0059547047,0.0054562357,0.0028408158,0.00231061,0.012863544,0.03389353,0.2625606,1.0,0.3173581,0.022974905,0.0023049624
0.0006883691,0.0017535377,0.0013708102,0.0018038377,0.002580103,0.031171888,0.15496655,0.8712663,1.0,0.1783967,0.011317566,0.0014480025
0.0017860886,0.0036963637,0.0021836816,0.0017145396,0.0081131635,0.09745385,0.5417798,1.0,0.4960083,0.06660349,0.007653104,0.0012218131
0.052867204,0.018623076,0.0021663255,0.0049195066,0.0988822,0.6775827,1.0,0.27876574,0.14325231,0.0497618,0.0055686687,0.014653133
0.04614106,0.09335401,0.014391414,0.0016513584,0.036329277,0.4967319,1.0,0.23836245,0.02226892,0.004362353,0.0032962232,0.0060084467
0.043237202,0.16973817,0.055583738,0.005662146,0.013335984,0.24222218,1.0,0.63221407,0.3443526,0.3606998,0.25177154,0.05257936
0.009956988,0.024140004,0.021265965,0.0029348794,0.004188807,0.036753092,0.114891686,0.13681453,0.17884327,0.5784371,1.0,0.21861333
0.0047786045,0.0064381035,0.014026395,0.0016997579,0.0044235275,0.0159548,0.012700389,0.0069874804,0.06987892,0.45326045,1.0,0.19507767
0.005894938,0.013030738,0.017019039,0.005665492,0.0124603,0.0325009,0.101545855,0.18829939,0.45588592,1.0,0.6701902,0.10187452
0.026916908,0.091751136,0.016944537,0.0028963746,0.013802671,0.33470535,1.0,0.46631604,0.19335248,0.19532296,0.104860574,0.02574136
0.020852694,0.10173308,0.026410632,0.0014817151,0.0059511103,0.2638612,1.0,0.34953988,0.0596555,0.046462666,0.045448925,0.011632289
0.0068970555,0.05696614,0.05563609,0.013076637,0.0038970506,0.14197133,0.8381957,1.0,0.58956903,0.12490122,0.028842248,0.009118198
0.0017251284,0.0063313404,0.018578622,0.018280644,0.0041915267,0.036568034,0.13767463,0.4482638,1.0,0.3162302,0.03698658,0.005696344
0.047725342,0.07963006,0.04452762,0.016129287,0.013505711,0.11655923,0.5720603,1.0,0.6757184,0.14424494,0.031439297,0.027271435
0.339953,0.27468294,0.05008871,0.012959141,0.18388529,0.83058107,1.0,0.59850806,0.27346566,0.043763652,0.030201172,0.075417206
0.2348186,0.061297953,0.009585975,0.02352199,0.49840292,1.0,0.22685939,0.074116394,0.056364466,0.02428792,0.013219208,0.087538496
0.14429264,0.08281741,0.015528367,0.014259301,0.2615185,1.0,0.746367,0.29918426,0.10755968,0.014675897,0.01514762,0.0842359
0.06427117,0.07219592,0.025217604,0.010831435,0.03759658,0.23329817,0.5976297,1.0,0.8512936,0.12911768,0.02117274,0.075607926
0.015848039,0.007445538,0.019201506,0.012861384,0.0061065806,0.03714732,0.12240225,0.6694874,1.0,0.14501598,0.018822078,0.031693123
0.012288087,0.012983864,0.055235587,0.01504751,0.00882842,0.07382465,0.539122,1.0,0.38582587,0.02961204,0.01559816,0.0466588
0.004781835,0.014354794,0.024589252,0.004377406,0.01688528,0.3199545,1.0,0.4700448,0.059448294,0.0075712646,0.0047026374,0.012683885
0.0027150006,0.0067459396,0.0028498105,0.00069123885,0.010020026,0.32466388,1.0,0.41640937,0.058991183,0.00571917,0.0010962428,0.0020562334
0.009170884,0.017599823,0.007373217,0.0026347283,0.003218325,0.11059918,0.77145404,1.0,0.5129137,0.29988658,0.12520222,0.029208086
0.038369935,0.05357448,0.011387401,0.002063695,0.0032953348,0.021195622,0.0840289,0.22705872,0.355548,1.0,0.84399986,0.22495382
0.044775084,0.04467601,0.012911394,0.0012458512,0.0032017266,0.014068311,0.02262376,0.03262971,0.19425502,0.94232035,1.0,0.31145018
0.01755018,0.013391686,0.008368239,0.008953882,0.102051355,0.6863643,1.0,0.46165374,0.20574427,0.22144493,0.11511643,0.04717628
0.016696457,0.00895109,0.010315601,0.021107877,0.30838946,1.0,0.57429725,0.17575511,0.14986098,0.16581145,0.051349606,0.025955612
0.020854885,0.008329193,0.013740331,0.02939882,0.32003492,1.0,0.25138217,0.025403744,0.08181215,0.11826612,0.030793358,0.025172692
0.020484924,0.012415857,0.0066907266,0.026945112,0.20546827,1.0,0.410493,0.023241304,0.010966785,0.04492635,0.024196161,0.017958103
0.021605195,0.020453636,0.004298762,0.024508601,0.28784263,1.0,0.44313502,0.060754113,0.018708967,0.017939657,0.017417293,0.012874084
0.028915407,0.08809819,0.010444885,0.0045973053,0.05920223,0.36302078,1.0,0.46483716,0.08227355,0.028463265,0.0345997,0.010731664
0.021789487,0.1088077,0.020111244,0.0020377382,0.016388983,0.26788285,1.0,0.31189945,0.021611787,0.014002501,0.026161488,0.0074859923
0.01085392,0.11700291,0.065350704,0.004529302,0.012283434,0.15388896,1.0,0.45425364,0.016617674,0.004931367,0.019385524,0.008647929
0.0045505324,0.1109791,0.17125778,0.012479222,0.012775872,0.067303814,0.77403915,1.0,0.0744979,0.0042125746,0.014894424,0.011305331
0.0053769615,0.10852874,0.16436727,0.01179603,0.007548745,0.046401374,0.7190074,1.0,0.07812142,0.007409404,0.009087034,0.008635766
0.029758984,0.16396575,0.079606675,0.007635544,0.0145554915,0.21218877,1.0,0.5075109,0.02931826,0.006706275,0.011911095,0.008034407
0.084462285,0.14471607,0.016115753,0.007357637,0.04974528,0.86112565,1.0,0.093859695,0.0050874613,0.010915091,0.0114533575,0.01568673
0.09570348,0.117076285,0.0077008777,0.006609283,0.05246482,1.0,0.84741825,0.037080504,0.0018293001,0.010640704,0.008529669,0.014906993
0.104742385,0.23743254,0.02362921,0.005493311,0.016609522,0.49450096,1.0,0.15149163,0.0040076035,0.0076319524,0.014740729,0.01747735
0.032715984,0.13881658,0.04687762,0.0061680987,0.0071106227,0.17263846,1.0,0.49298835,0.018316654,0.003750508,0.020398764,0.013579289
0.015310592,0.064559735,0.08956977,0.00914724,0.0106864795,0.060993537,0.7843784,1.0,0.05867243,0.0029871485,0.032586038,0.03209578
0.017150179,0.079788476,0.09103267,0.009780663,0.013117345,0.078125454,0.912715,1.0,0.05563564,0.0051668654,0.056700863,0.03834298
0.026073776,0.081897594,0.02889452,0.010997882,0.019789524,0.31360677,1.0,0.31623766,0.013238881,0.020347036,0.0643771,0.030352619
0.066816196,0.07406879,0.0145345675,0.025336336,0.061846994,1.0,0.967046,0.06410825,0.0038959312,0.031549454,0.062382657,0.08892326
0.07693144,0.06807197,0.025051495,0.028888673,0.063549,1.0,0.83718985,0.04622861,0.0029772168,0.017627988,0.052433934,0.14146729
0.052247513,0.100473285,0.03312165,0.0146748675,0.018682783,0.375512,1.0,0.24207091,0.008106785,0.018841758,0.058885872,0.07581037
0.025847211,0.09260407,0.08830241,0.02238752,0.013514889,0.113195695,1.0,0.81606245,0.038248345,0.013853458,0.060666908,0.042650368
0.015127322,0.06420971,0.08349427,0.016975565,0.018144924,0.07278298,0.67582816,1.0,0.089503326,0.017260449,0.047109414,0.036543317
0.014263731,0.07816353,0.07849027,0.025669863,0.061816793,0.28519747,0.7368028,1.0,0.15599649,0.030345345,0.056561667,0.03824686
0.047706973,0.1013879,0.07592248,0.053531777,0.22357348,1.0,0.6295838,0.8514221,0.25372866,0.11241292,0.15047261,0.08546071
0.17668764,0.13046472,0.07824364,0.061167546,0.19963148,0.4476155,0.48794484,1.0,0.49383605,0.28892174,0.60066473,0.25909594
0.2768864,0.20585829,0.07666443,0.077823564,0.2465827,0.5442112,0.5858214,1.0,0.77192724,0.4122612,0.6273897,0.40054697
0.24246535,0.2389581,0.098432325,0.09453878,0.3261935,1.0,0.8806548,0.7523105,0.6725856,0.43943638,0.45173007,0.43926305
0.25713307,0.2955326,0.2398553,0.2791799,0.46563044,1.0,0.9148177,0.5348788,0.32590774,0.15800437,0.15878987,0.18177041
0.6217652,0.4556252,0.34980777,0.43603373,0.5534321,0.6581926,1.0,0.7266595,0.49032784,0.5989803,0.7364107,0.9012821
0.6153675,0.39797014,0.12848198,0.12502837,0.21524757,0.46134442,0.7145832,0.64574766,0.50667787,0.6886855,0.5981035,1.0
0.32173604,0.10265228,0.019058116,0.017729996,0.24960619,1.0,0.46211618,0.21163015,0.14468452,0.1809957,0.09883609,0.14773
0.24737781,0.030896641,0.0035801285,0.0058902977,0.33786935,1.0,0.13094233,0.01630709,0.011867636,0.018018728,0.009550155,0.0755792
0.12701184,0.00892776,0.0007148298,0.0037452069,0.31884557,1.0,0.10062382,0.001424091,0.002623217,0.0033892824,0.00089326233,0.048106916
0.051648285,0.0060543735,0.00038750088,0.0018412041,0.18902685,1.0,0.18817924,0.0045278785,0.0015301346,0.002155206,0.0005144795,0.015440463
0.06711427,0.029053925,0.0012006144,0.0018765382,0.08592388,1.0,0.4416825,0.014952689,0.0031119087,0.0040350426,0.0010439283,0.005305094
0.21618962,0.15440935,0.0068082493,0.003400385,0.04606978,1.0,0.9664813,0.058330994,0.010752168,0.009378597,0.0040679257,0.011239053
0.13913503,0.14930744,0.012826846,0.0023995314,0.02088956,0.5677844,1.0,0.12182457,0.013967994,0.005710802,0.0042929235,0.0074525396
0.034653023,0.04888236,0.023452483,0.00854614,0.06851383,0.75681984,1.0,0.17753685,0.03269474,0.011161833,0.00939639,0.0155671425
0.045087744,0.034959327,0.005723075,0.0038604122,0.10756228,1.0,0.50202423,0.043435156,0.010933766,0.006099495,0.006085591,0.011650588
0.100890346,0.054010894,0.0055703563,0.0036511316,0.0911659,1.0,0.5332635,0.035011567,0.0084641185,0.0052789603,0.0052124225,0.016294304
0.32103753,0.15391296,0.021798884,0.01347289,0.18190965,1.0,0.3073296,0.052150633,0.03132821,0.029612293,0.030966299,0.0478395
0.19380717,0.09369638,0.024613274,0.02436513,0.21217898,1.0,0.67269343,0.09426017,0.051870577,0.03983374,0.03720828,0.043709837
0.21984093,0.08428557,0.030426783,0.03341486,0.12264285,1.0,0.988329,0.15559301,0.10501287,0.056718294,0.04625598,0.0659593
0.24817528,0.21410723,0.15999167,0.1348318,0.24642244,1.0,0.9492076,0.9217412,0.58404636,0.26039287,0.15670618,0.10832968
0.20102258,0.30936366,0.337749,0.23445539,0.27891675,0.8524359,0.9527019,1.0,0.91261345,0.36058855,0.14010665,0.0801912
0.118125185,0.18196686,0.21626782,0.19102414,0.18843456,0.4891672,1.0,0.84743124,0.479468,0.21663412,0.08272324,0.06786702
0.33739403,0.13319202,0.10899644,0.13270493,0.13902222,0.39609182,0.9992702,1.0,0.20765483,0.11731719,0.08689356,0.2768654
0.48395246,0.17920212,0.2040604,0.14286768,0.15819357,0.27677593,0.8520361,1.0,0.2550123,0.2615464,0.33971983,0.6322041
0.33793333,0.39239636,0.5023469,0.31990805,0.32995072,0.3177646,0.9523073,1.0,0.5329073,0.59832543,0.71283984,0.64173585
0.3295033,0.3558411,0.3325782,0.34722745,0.3722431,0.31640932,0.8898441,1.0,0.4827188,0.43604463,0.8575104,0.84863734
0.41515672,0.3772468,0.3390392,0.2876794,0.39042673,0.268996,0.5071155,0.62621045,0.38884395,0.25681922,0.58414793,1.0
0.8031886,0.47378275,0.4254223,0.3444088,0.37245157,0.47059384,0.5985748,0.64213717,0.6191262,0.7605412,0.79302806,1.0
0.5754037,0.34162417,0.4278888,0.50122434,0.44888857,0.51220816,0.6611238,0.88562304,1.0,0.6918493,0.71019137,0.9751387
0.30252138,0.30103588,0.3080864,0.26833954,0.32124412,0.31963688,0.31395414,0.4329079,0.8400282,0.96317226,1.0,0.7593319
0.14764148,0.14298241,0.09395658,0.072857626,0.1564275,0.12193573,0.061918907,0.07709777,0.18354714,0.47394305,1.0,0.4151928
0.6592443,0.48030144,0.2266625,0.24327534,0.27295062,0.23672846,0.2451482,0.32182086,0.3300679,0.46600005,0.94292,1.0
0.11239669,0.14349712,0.17482392,0.664499,1.0,0.3941081,0.1364578,0.17230651,0.24514624,0.27585262,0.2022963,0.12004154
0.023044456,0.032711282,0.25325492,1.0,0.7982376,0.27390206,0.06691349,0.15757851,0.11663166,0.25132635,0.20660467,0.040742934
0.009095898,0.010946803,0.15985315,1.0,0.9154714,0.2139836,0.024790576,0.030112755,0.035301793,0.13891919,0.10970822,0.039041243
0.002759292,0.0025596896,0.021493431,0.3140343,1.0,0.38145414,0.02774166,0.0036964787,0.008642421,0.06884816,0.05646653,0.017405499
0.0022513845,0.0015580724,0.0039220504,0.05605136,0.74713546,1.0,0.13987945,0.0032860984,0.002890802,0.026900774,0.031073553,0.0050065317
0.0022889334,0.0011884619,0.0009752168,0.012869024,0.3050339,1.0,0.28495806,0.0057586976,0.0018726947,0.012235005,0.017963128,0.0028016318
0.010540086,0.0067467378,0.0016079454,0.007207834,0.16558473,1.0,0.3771552,0.008044211,0.0019927532,0.01382419,0.019053452,0.010699432
0.12327541,0.1859391,0.03931403,0.018182466,0.14170636,1.0,0.41889638,0.009833128,0.004727804,0.04140656,0.046365548,0.0829132
0.15337394,0.21620595,0.061775524,0.026248302,0.15301949,1.0,0.45395067,0.015219215,0.0046681026,0.027523585,0.05913018,0.13676181
0.085996695,0.04898124,0.016344877,0.016988678,0.20653386,1.0,0.40059227,0.015610817,0.004999042,0.024429694,0.066293426,0.13974594
0.073854186,0.03825114,0.010477753,0.015177831,0.18113251,1.0,0.41193062,0.011472794,0.0054301564,0.02335452,0.058020078,0.13389386
0.14220263,0.11032081,0.017731937,0.015159429,0.14098795,1.0,0.79918987,0.057415932,0.014195531,0.037133504,0.0799149,0.21328323
0.07977727,0.06692815,0.020544745,0.014949356,0.03797016,0.27058417,1.0,0.28645596,0.020090735,0.025985546,0.091060765,0.17733432
0.030731237,0.018601118,0.009823011,0.008762378,0.013462468,0.1735975,1.0,0.40597293,0.013546953,0.012940098,0.06223628,0.107703716
0.030518904,0.026843013,0.014693605,0.014408328,0.015024089,0.1568779,1.0,0.41201204,0.01585947,0.023179095,0.076574534,0.103805535
0.024221262,0.03754848,0.026309866,0.024480458,0.03350767,0.13375826,1.0,0.61511636,0.036674015,0.037223913,0.1391284,0.08513051
0.018286152,0.09235819,0.08276208,0.026775997,0.07527236,0.09166462,0.95904016,1.0,0.07233158,0.050258536,0.22851284,0.09890533
0.04106411,0.37843075,0.33377302,0.028419303,0.09694988,0.06943607,0.87152416,1.0,0.070039794,0.06691534,0.21628541,0.10323275
0.101045646,0.57542104,0.52992165,0.041410163,0.106721185,0.08620611,1.0,0.9623848,0.061841745,0.12596236,0.32251716,0.14479691
0.115545064,0.34559363,0.31491104,0.03962624,0.10421938,0.092977434,0.95092666,1.0,0.069733165,0.1326317,0.3334555,0.1582325
0.05728745,0.100307554,0.09553996,0.025591284,0.077777684,0.06939569,0.6758071,1.0,0.08320895,0.07392361,0.18307725,0.12190981
0.02342413,0.03268296,0.035405885,0.013230629,0.034069538,0.047757156,0.60982966,1.0,0.089131154,0.041334115,0.10405545,0.080620274
0.013093,0.023541108,0.024155578,0.007538055,0.01811432,0.15577787,1.0,0.947375,0.08813977,0.028233403,0.06324432,0.051157422
0.00805297,0.016665978,0.011990717,0.0043674596,0.018641964,0.34428576,1.0,0.3440249,0.052118134,0.022448592,0.03241386,0.018734677
0.0030966788,0.0033916316,0.001837035,0.0012618958,0.005231519,0.1674113,1.0,0.47522724,0.023752058,0.0043550367,0.007839537,0.0052010287
0.0042301505,0.0061919536,0.0022547178,0.0012531774,0.0027569258,0.089285456,1.0,0.72492486,0.026645854,0.0038663435,0.008467923,0.004074815
0.0075420043,0.008756716,0.0053909095,0.0054702368,0.007944935,0.043166466,0.64249545,1.0,0.1510654,0.020023769,0.013682606,0.013770779
0.004332557,0.008646379,0.011200842,0.0035240066,0.002994327,0.017008042,0.45058215,1.0,0.19743975,0.015285784,0.020844705,0.022935554
0.0057402095,0.02011501,0.03212293,0.0045086076,0.0026689153,0.018269524,0.5461994,1.0,0.12106773,0.0052181673,0.022076508,0.02424999
0.00925745,0.042296667,0.09390305,0.011302953,0.0053488757,0.019853368,0.49508876,1.0,0.10465745,0.0033577078,0.020180719,0.021587856
0.008202065,0.058121238,0.14185852,0.017111609,0.005713928,0.012424594,0.42265198,1.0,0.11893276,0.0077828667,0.02925221,0.025227884
0.008567965,0.06735207,0.15831485,0.01473214,0.003277615,0.00977395,0.4275151,1.0,0.1145579,0.010146693,0.048033852,0.05178815
0.014600599,0.03856453,0.09040304,0.009666303,0.0020293826,0.008766397,0.42191294,1.0,0.11867928,0.011557693,0.04969565,0.064423
0.013123225,0.020626355,0.04535975,0.0056847613,0.0018325855,0.010502032,0.45562726,1.0,0.11202976,0.010747372,0.03877793,0.059033047
0.008370318,0.015491793,0.032478828,0.0044190446,0.0016473199,0.010607135,0.45247367,1.0,0.11233002,0.009420218,0.032194972,0.04817208
0.008148926,0.013881988,0.026662609,0.003460036,0.0012949058,0.01241053,0.50808114,1.0,0.096381426,0.005997438,0.034800008,0.047288608
0.004010887,0.015020974,0.02654086,0.002901908,0.00081700296,0.018105417,0.6311782,1.0,0.07769616,0.002277626,0.024686316,0.025659155
0.0031355445,0.021490112,0.030435532,0.0033336869,0.00095634966,0.02602416,0.7681139,1.0,0.060494777,0.0017414447,0.026551548,0.020789687
0.0030178528,0.04028133,0.05763741,0.003992487,0.0010605867,0.030765697,0.8397501,1.0,0.052476212,0.0019420151,0.027400447,0.02054385
0.0026851073,0.121491045,0.27022558,0.018387683,0.0011747576,0.029774334,0.8224836,1.0,0.05271636,0.0013752425,0.018163629,0.014090547
0.0029486984,0.24517246,0.68569744,0.07303341,0.0024749222,0.034096424,0.86794424,1.0,0.05082291,0.0014128438,0.008281992,0.006366641
0.0040533342,0.21860126,0.37167338,0.037747648,0.0044921828,0.03737751,0.90480614,1.0,0.045858867,0.0040199487,0.009638592,0.0058246017
0.0057427464,0.18859616,0.19066112,0.00820285,0.0038585444,0.05346302,0.9082329,1.0,0.05297473,0.004870475,0.025161542,0.014604501
0.007372482,0.0662306,0.05803012,0.0043773833,0.01531931,0.24906036,1.0,0.51521254,0.031374414,0.015779987,0.044878174,0.016656125
0.017835338,0.042739507,0.01636576,0.0035155383,0.04205689,0.5642168,1.0,0.1656307,0.013825254,0.042595938,0.05660584,0.014736616
0.111794576,0.115907095,0.045670018,0.014775352,0.07583349,0.56726426,1.0,0.23580521,0.034387432,0.09733858,0.16123967,0.13832991
0.8833148,0.40214762,0.31667474,0.33297798,0.46734878,0.46781442,0.57963777,0.21773405,0.2642946,0.41972598,0.89540774,1.0
1.0,0.8888354,0.4014436,0.30974883,0.30036306,0.41515893,0.6534893,0.34818754,0.38878584,0.52368325,0.82613844,0.9799647
0.9392854,0.66777945,0.18741387,0.16564187,0.17382284,0.2665353,0.5806751,0.5258741,0.5578349,0.7439783,0.9005188,1.0
0.49750975,0.3504151,0.14421834,0.109421775,0.14877675,0.25905883,0.3936357,0.5429189,0.5459199,0.9242874,1.0,0.7396512
0.25925845,0.25516173,0.096585624,0.09233239,0.15379025,0.17957652,0.22369958,0.4417075,0.38998848,1.0,0.9590732,0.4971885
0.19270247,0.19679835,0.08798326,0.10826135,0.21886985,0.24870864,0.29008842,0.41743577,0.37945366,1.0,0.69190747,0.38612336
0.15217942,0.2045824,0.12394811,0.14532045,0.33893755,0.55307585,0.4160158,0.42058608,0.4374709,1.0,0.91869426,0.35792994
0.103556715,0.1020881,0.06240872,0.079247296,0.2883787,0.8904507,1.0,0.78417337,0.5552113,0.5016125,0.39343274,0.19271559
0.07792868,0.03793591,0.019695472,0.02839958,0.09078373,0.31856683,0.87135124,0.98886377,0.8641606,1.0,0.55561894,0.17943008
0.5649711,0.26975343,0.034612756,0.023549194,0.048321437,0.05020927,0.19677578,0.33136323,0.51528895,1.0,0.8675084,0.41980878
0.69680774,0.21940805,0.01768733,0.011889223,0.023787713,0.038052812,0.07902298,0.5195253,0.75117785,1.0,0.85110533,0.7043652
0.058697373,0.015348024,0.0079345,0.0057144323,0.0077303695,0.015807094,0.2274439,1.0,0.9076819,0.6212699,0.3530615,0.17972404
0.005394581,0.011819601,0.012822028,0.0069221114,0.0100030005,0.026331656,0.54071826,1.0,0.22859867,0.10336794,0.049076162,0.022054128
0.0031529083,0.011578992,0.016921975,0.009501247,0.012639088,0.0286737,0.6918543,1.0,0.08992368,0.03027912,0.024783323,0.017668922
0.0024409376,0.008538199,0.019141937,0.009561194,0.009099606,0.01745097,0.5076062,1.0,0.10673468,0.020253703,0.01599933,0.018480059
0.0024967452,0.0076835775,0.019833537,0.008929874,0.006601977,0.012698155,0.45997566,1.0,0.111360416,0.0088605415,0.012897056,0.01670114
0.0020394598,0.008547524,0.018026251,0.008280374,0.007968542,0.017593259,0.5484118,1.0,0.09652264,0.008635631,0.014927139,0.015364717
0.0015277079,0.012469085,0.020843655,0.01292559,0.0123807,0.034346983,0.75570995,1.0,0.07533861,0.011651397,0.021664776,0.015304274
0.0014582322,0.015924165,0.019385085,0.019458253,0.023545958,0.14069074,1.0,0.73476595,0.040259592,0.013912274,0.024100063,0.010579531
0.0041599693,0.019015035,0.01425168,0.020510493,0.06652078,0.4298414,1.0,0.46476924,0.04856281,0.012688271,0.017170005,0.0058596726
0.009664204,0.024134351,0.011009316,0.01703446,0.080436245,0.42402557,1.0,0.5102867,0.116838194,0.01675273,0.013055518,0.0080984095
0.008986157,0.017203514,0.009777668,0.0077179386,0.028038278,0.5697098,1.0,0.521029,0.08200849,0.020535218,0.010888322,0.011548785
0.015639426,0.05551734,0.025427302,0.011300236,0.04643442,0.38978907,1.0,0.34304857,0.07159166,0.035268467,0.02941721,0.0121774245
0.0036180168,0.03223702,0.026065344,0.004878455,0.013565933,0.0683729,0.68673587,1.0,0.24155772,0.0412045,0.019133778,0.006652736
0.0010004134,0.014491647,0.0127954325,0.0027539225,0.008495918,0.04966935,0.6490374,1.0,0.21632846,0.032823686,0.0123553695,0.0052363547
0.0011196814,0.019603964,0.016489385,0.005187879,0.03249541,0.04678391,0.80707574,1.0,0.14503892,0.044194367,0.02315399,0.009685282
0.0019760106,0.036198713,0.028904974,0.017270708,0.13117173,0.07742886,1.0,0.919521,0.09192706,0.04802318,0.052115012,0.02074023
0.002848679,0.042800393,0.03214871,0.027620923,0.20019528,0.10299418,1.0,0.70887566,0.06922284,0.043193664,0.06177472,0.022586644
0.00483309,0.032892067,0.025516806,0.02797611,0.1601197,0.09340106,1.0,0.7041502,0.043307733,0.025386382,0.055835035,0.020338502
0.0089126425,0.030193087,0.028979415,0.032062832,0.10563663,0.07802246,1.0,0.74848956,0.043136187,0.027266145,0.046152636,0.018928587
0.011372658,0.032456942,0.030651612,0.032339107,0.057095625,0.13071309,1.0,0.6917759,0.053991184,0.028866276,0.034659054,0.014096372
0.013710187,0.045606036,0.033659466,0.036166724,0.08882693,0.37020364,1.0,0.56576115,0.08290613,0.03479458,0.042793166,0.012585409
0.03023734,0.085160814,0.04606447,0.050562285,0.17576505,0.59615546,1.0,0.40135035,0.12146531,0.050318617,0.07690599,0.0213061
0.016663035,0.027320558,0.019418702,0.012486435,0.04620414,0.55605507,1.0,0.26488572,0.042264935,0.018328207,0.015575872,0.012480067
0.084008336,0.09335994,0.04125082,0.020622449,0.077105924,0.5900011,1.0,0.31561834,0.082508445,0.053571317,0.08903902,0.1125261
0.08476258,0.10939545,0.04751272,0.025699152,0.054827392,0.13515536,0.80916655,1.0,0.3862914,0.14352311,0.28444892,0.15983571
0.0064009884,0.018413045,0.010951911,0.005892627,0.016204212,0.0934428,0.92777425,1.0,0.22188234,0.04139505,0.05853675,0.021272939
0.0028760664,0.01854763,0.010920191,0.004096515,0.01041975,0.072695576,1.0,0.7499052,0.0737811,0.012301558,0.015753936,0.005393651
0.0018207473,0.024663046,0.017697554,0.0052381237,0.0077962875,0.06467792,1.0,0.61711043,0.025468312,0.0050647953,0.0063875257,0.002448196
0.0030185373,0.056294557,0.05134446,0.0123063745,0.011867985,0.053220797,1.0,0.80095637,0.037171915,0.008855627,0.018696684,0.009738673
0.0058763153,0.11491849,0.1277073,0.01727057,0.012287602,0.03906348,0.9402492,1.0,0.052034974,0.010219087,0.043825142,0.026471937
0.019862225,0.35759994,0.2909086,0.010465069,0.004671495,0.038831554,0.94723713,1.0,0.043978732,0.0072152293,0.026295425,0.017823167
0.06412787,0.5886032,0.26194456,0.0050246147,0.004303579,0.072814666,1.0,0.8222016,0.03355282,0.005373378,0.0067111733,0.004722807
0.038122047,0.21443848,0.066013835,0.002380414,0.01745282,0.24269281,1.0,0.47867295,0.020272663,0.0045802374,0.0031824477,0.0020546627
0.022606572,0.06965753,0.025758676,0.006216445,0.09767212,0.68634933,1.0,0.27747756,0.015762042,0.0075153857,0.006438776,0.003609363
0.03965557,0.14256889,0.084567495,0.016845675,0.20695285,1.0,0.7987731,0.25122213,0.024326896,0.0149601735,0.014890785,0.012825207
0.020188306,0.12689035,0.073144525,0.009819151,0.09934109,1.0,0.77936876,0.09501294,0.02110324,0.010579118,0.010043401,0.015318744
0.035403438,0.09074408,0.060425583,0.038806733,0.18499011,0.69518095,1.0,0.2629613,0.13980225,0.03410654,0.020179482,0.041356355
0.0055914195,0.021778433,0.00747263,0.0035256578,0.01330068,0.18758877,1.0,0.5545936,0.058410663,0.0046592187,0.0023678269,0.002968063
0.0015570577,0.011202052,0.005229505,0.00062645966,0.0015057127,0.09628206,1.0,0.72046053,0.040843155,0.002000362,0.00089902565,0.0005557941
0.0013400926,0.011831163,0.01139652,0.0013048494,0.0012817857,0.05958946,1.0,0.9018308,0.038495842,0.0013646075,0.0023133527,0.001426622
0.0025428094,0.014470372,0.020163596,0.0023011027,0.0017891619,0.0244901,0.76288533,1.0,0.050484333,0.0022720501,0.005462337,0.0038083585
0.0041942713,0.011929144,0.019595604,0.0026441312,0.002476716,0.014691241,0.6116528,1.0,0.062697604,0.005876277,0.0087362975,0.0051236846
0.0038250003,0.009146683,0.015565324,0.0025389749,0.0035432233,0.015102018,0.59592277,1.0,0.06560399,0.008640662,0.01197716,0.006222898
0.003316524,0.00810137,0.013561256,0.0030030173,0.004793971,0.017366903,0.64076877,1.0,0.060380567,0.0098129455,0.014058503,0.0066073844
0.0027039852,0.011789472,0.015572078,0.004902661,0.0063576885,0.030377086,0.8665589,1.0,0.04741573,0.009585179,0.019336686,0.009010509
0.001967599,0.012184131,0.0114192795,0.0049924757,0.0049711126,0.052973833,1.0,0.70680344,0.021162298,0.005801132,0.019600267,0.0076371366
0.0027777664,0.012145856,0.007649164,0.003965681,0.003945856,0.08656881,1.0,0.42097843,0.008585532,0.0043815235,0.011555025,0.0035205234
0.008283684,0.022952905,0.016582755,0.011063232,0.0063726366,0.13273863,1.0,0.27844748,0.011885893,0.010081514,0.011967135,0.007182581
0.015316002,0.030109596,0.023234969,0.016181787,0.009497122,0.13565749,1.0,0.2950314,0.01784318,0.013569987,0.015583587,0.012183059
0.011062142,0.022105062,0.015009334,0.008650099,0.007379362,0.10305981,1.0,0.34474394,0.0099619655,0.0066316416,0.009465791,0.0058804187
0.004485984,0.014979371,0.012652786,0.006183197,0.0070352457,0.07104779,1.0,0.6010368,0.016444707,0.0074329567,0.013440737,0.0064270166
0.0029091798,0.013522067,0.020238293,0.010821365,0.0072900257,0.02990931,0.83686423,1.0,0.04056055,0.006825311,0.018284062,0.011067846
0.0030258757,0.013795625,0.026429811,0.01006375,0.0058377814,0.013348271,0.54208326,1.0,0.058904465,0.006078974,0.016746536,0.013533841
0.0038119685,0.015853921,0.031983215,0.011218682,0.005899038,0.013398178,0.5052135,1.0,0.06568022,0.0063904235,0.015204125,0.015467465
0.0037997651,0.019174919,0.03115119,0.0125928465,0.007302339,0.028962584,0.81373554,1.0,0.048985407,0.0071426816,0.021363983,0.017890174
0.0029555876,0.019518053,0.017913153,0.007865082,0.0045947633,0.07343398,1.0,0.5420363,0.014276922,0.0058275685,0.026231455,0.012576102
0.0043400307,0.01881035,0.009705052,0.004506446,0.0035150275,0.1771522,1.0,0.22299133,0.0038490659,0.0062408117,0.019417932,0.0043479414
0.0058804103,0.017441874,0.0056296764,0.002437423,0.0052628387,0.33313635,1.0,0.09704829,0.0029505151,0.00830983,0.014345964,0.0018341852
0.005494461,0.015293217,0.004013372,0.0016646782,0.006157924,0.37811527,1.0,0.07740784,0.0030316538,0.009297032,0.013824282,0.00135606
0.003195568,0.0121760955,0.004072747,0.002132965,0.0040879874,0.25522846,1.0,0.1470709,0.002359154,0.0050882227,0.010218335,0.0017916356
0.0029079288,0.012374099,0.009015778,0.006727818,0.0044419235,0.123330094,1.0,0.45001298,0.010116189,0.0032913217,0.011647694,0.005700244
0.0026605623,0.009321759,0.017103368,0.011965458,0.0056758323,0.036616527,0.76646096,1.0,0.053210333,0.005827178,0.016605237,0.01429807
0.0052475417,0.0076059806,0.019527866,0.009581617,0.0050552087,0.011598641,0.32719997,1.0,0.119894974,0.012412618,0.01409523,0.014470857
0.012966551,0.012381179,0.022380352,0.015498889,0.011232473,0.012830672,0.24338667,1.0,0.1572537,0.024439082,0.017955532,0.016102424
0.017659431,0.027626365,0.025207158,0.015417453,0.010196147,0.031834647,0.5481281,1.0,0.104330204,0.028097931,0.037168596,0.03125323
0.014558667,0.032484263,0.019068811,0.011512799,0.008794038,0.18537346,1.0,0.4518713,0.037998773,0.026256653,0.038387287,0.024357384
0.023054006,0.031872373,0.008043246,0.0059184725,0.03024194,0.6681787,1.0,0.10530095,0.014619687,0.032008402,0.025777621,0.0064359824
0.030762296,0.018293155,0.004989913,0.004549009,0.09134786,1.0,0.50676125,0.026562909,0.01042882,0.034678567,0.011943187,0.0052604806
0.03191421,0.015898123,0.004954909,0.004943651,0.09160894,1.0,0.4215681,0.017989334,0.008872058,0.039445333,0.012047867,0.005460869
0.019022755,0.02462706,0.0049454686,0.0035855228,0.02902953,0.77889836,1.0,0.07510596,0.00756835,0.027357958,0.01908588,0.0030961405
0.009764025,0.02484222,0.008229181,0.0034391999,0.008793077,0.35193503,1.0,0.24023327,0.011961472,0.012382763,0.01659933,0.0081972005
0.009910898,0.028256604,0.025774945,0.0071777487,0.011605045,0.122847565,1.0,0.7707906,0.044404577,0.030075675,0.033353746,0.031045081
0.016826576,0.035925988,0.037787445,0.016917711,0.018635336,0.05634256,0.9735219,1.0,0.083971985,0.060784604,0.06534398,0.05092364
0.03375421,0.055165917,0.038282607,0.020976583,0.014761208,0.08232808,1.0,0.7870179,0.10037683,0.0893459,0.07723862,0.061125834
0.044255074,0.082660176,0.037763212,0.0146317175,0.02243806,0.3766216,1.0,0.32077265,0.109331064,0.13049385,0.093306236,0.03266452
0.058628596,0.05850453,0.021803467,0.008999197,0.110790215,1.0,0.7205606,0.27056283,0.1221071,0.10193143,0.06249281,0.02758863
0.045460362,0.026113879,0.01184431,0.0069160815,0.1143256,1.0,0.5653434,0.32336485,0.09889464,0.0472846,0.025092524,0.02236982
0.02311699,0.021005617,0.015106902,0.014031623,0.030432254,0.52476865,1.0,0.31072745,0.058125243,0.035377212,0.022383336,0.01638607
0.022537744,0.062628135,0.11179217,0.039998334,0.01549694,0.21091431,1.0,0.6892131,0.090123445,0.06173749,0.04428103,0.02241776
0.08330944,0.15978773,0.2683585,0.097078204,0.024559718,0.09695224,0.4895404,1.0,0.16333097,0.075291485,0.0752678,0.0594889
0.19543652,0.13215342,0.13677312,0.12416273,0.067021444,0.20659548,0.73644644,1.0,0.18420593,0.065317854,0.10967651,0.14915313
0.09159729,0.10211685,0.08021857,0.056186512,0.053564023,0.23806328,0.7930083,1.0,0.18786661,0.05992538,0.05595157,0.06874568
0.28592995,0.26665428,0.19870454,0.12751706,0.0590524,0.251868,0.8359832,1.0,0.33113867,0.16249757,0.18108043,0.26453683
0.5531606,0.37011802,0.2359857,0.20981997,0.14609134,0.48777977,1.0,0.9685576,0.44418466,0.28086138,0.29973724,0.5244565
0.17115821,0.20414457,0.19849397,0.13900849,0.13146164,0.5570097,1.0,0.5967167,0.2996702,0.20972371,0.15850987,0.17214154
0.14023224,0.18282565,0.15719803,0.12108817,0.17210023,0.61777526,1.0,0.6372567,0.36609036,0.24717286,0.18316768,0.17770284
0.25100634,0.4499159,0.24492536,0.17692389,0.33152378,0.8079224,1.0,0.6247041,0.34092915,0.2555941,0.21926467,0.21430391
0.41045228,0.8864557,0.4823335,0.33821127,0.53453374,0.905615,1.0,0.5052065,0.34654588,0.40112472,0.2677517,0.2117484
0.34804568,0.6533372,0.53379,0.45194024,0.40682316,0.50262904,1.0,0.6469148,0.49952284,0.36346343,0.23162058,0.21055144
0.29785386,0.35157433,0.33063236,0.4002988,0.4340593,0.59133184,1.0,0.5723675,0.42062682,0.37575316,0.27621424,0.2654776
0.26582253,0.30519813,0.37604824,0.570175,0.5639188,0.9353581,1.0,0.36918724,0.71758825,0.86593604,0.369444,0.3355388
0.29073808,0.2685333,0.28088385,0.33673295,0.3601199,0.6329786,0.49789694,0.31029978,0.96155465,1.0,0.26916414,0.30754423
0.4863204,0.3941482,0.26608405,0.2360825,0.34806672,0.60134375,0.47568962,0.43822345,0.8928397,1.0,0.35165945,0.51439315
0.60405827,0.49730843,0.45065522,0.518846,0.6686873,0.8084023,0.5887577,0.42716315,0.7263292,1.0,0.7384524,0.8809867
0.8819959,0.49865067,0.69797105,0.77253526,0.58231974,0.3266181,0.27724606,0.28063664,0.37335873,0.47482842,0.50216514,1.0
1.0,0.89697593,0.9680538,0.7788454,0.6700627,0.4974497,0.4517721,0.4858569,0.60977286,0.46019346,0.44625515,0.8527087
0.32837695,1.0,0.7394598,0.27819005,0.16090196,0.15783046,0.19670118,0.14600265,0.13090113,0.09853169,0.17242736,0.2733387
0.44228888,1.0,0.53202873,0.16235377,0.09562806,0.13379149,0.16839741,0.12460977,0.07988112,0.04516818,0.14045638,0.38766006
0.5648827,1.0,0.4870317,0.1967781,0.1315243,0.17755729,0.28801516,0.26303732,0.17490588,0.116454884,0.22542603,0.57452106
0.49714813,1.0,0.86944807,0.42934278,0.50622,0.5133959,0.693308,0.7605504,0.6274753,0.652569,0.36719128,0.34346145
0.6695454,0.8179237,0.67444485,0.5220075,0.58301324,0.6341565,1.0,0.756086,0.6107334,0.5246983,0.2495947,0.35152438
0.71048903,1.0,0.46245176,0.33746606,0.41320392,0.49385768,0.68736345,0.52383256,0.44671392,0.33208558,0.15109253,0.19700591
0.51662475,1.0,0.61708957,0.47084746,0.49972636,0.48954347,0.44477347,0.22575034,0.3086891,0.35981333,0.3413501,0.22009222
0.6387511,0.5651406,0.3016751,0.5250913,1.0,0.51356167,0.09809637,0.037931267,0.055913687,0.12570578,0.4083699,0.73783404
1.0,0.3077554,0.117887,0.10620759,0.37420374,0.67850536,0.14703071,0.012193506,0.020385528,0.028112574,0.042862076,0.33481488
1.0,0.7146213,0.12669858,0.083007835,0.076286785,0.6027128,0.32402545,0.0148656815,0.017960574,0.022615507,0.019086186,0.07766917
1.0,0.61415917,0.100797825,0.089008816,0.095895745,0.66639686,0.29603007,0.01877275,0.013139152,0.02043956,0.020613762,0.075593576
0.90866905,0.33775386,0.13288051,0.14834675,0.37215665,1.0,0.16288973,0.029459905,0.023311442,0.02968451,0.020986527,0.16569297
0.3511066,0.12352557,0.0942341,0.13837057,0.6840235,1.0,0.08625639,0.019573161,0.02674538,0.021334067,0.013194596,0.14536506
0.41887107,0.1983387,0.10418083,0.4118959,0.9527401,1.0,0.15302655,0.031370793,0.031199507,0.026197363,0.031149857,0.099944524
0.66975516,0.33031538,0.091350526,0.3225755,0.57685786,1.0,0.75106716,0.26481375,0.057098962,0.03226686,0.03467282,0.07349226
0.06986595,0.033604514,0.0041665747,0.0070740185,0.016733835,0.2068042,1.0,0.65782315,0.05269535,0.017354624,0.016980145,0.017178657
0.01689838,0.008559858,0.0015345716,0.0018343892,0.0045523215,0.07114992,1.0,0.9948527,0.060230765,0.0039038206,0.0040778946,0.004622492
0.0025741847,0.002354719,0.0020528417,0.0020024756,0.0041594817,0.033131383,0.72600806,1.0,0.075435355,0.0014494415,0.0011312077,0.001366903
0.0038278208,0.0046305684,0.0033803664,0.0039758,0.00809216,0.030267553,0.6597826,1.0,0.09861468,0.0037954163,0.0026642485,0.0014599804
0.040876612,0.11269578,0.11116441,0.041855063,0.031029731,0.052614767,0.46088478,1.0,0.43191674,0.17304844,0.07279368,0.044627048
0.041825637,0.2321539,0.36414066,0.0534976,0.029550565,0.040278483,0.6170514,1.0,0.28681365,0.11808376,0.08973652,0.06676274
0.031267438,0.18513896,0.16795698,0.03742806,0.039705396,0.08999273,1.0,0.65047586,0.041669026,0.018048272,0.036276054,0.02432066
0.0654267,0.15767157,0.029854618,0.032801878,0.030500818,0.20247585,1.0,0.33267176,0.023059929,0.014558318,0.016719675,0.008283968
0.3693389,0.26251763,0.043384515,0.058590025,0.050836183,0.6098255,1.0,0.21435696,0.062458828,0.045889884,0.024575438,0.042664308
1.0,0.45068696,0.10329817,0.057253245,0.058498178,0.5768006,0.34159338,0.13035965,0.1167895,0.09368049,0.029442435,0.11570604
0.8144559,1.0,0.13695402,0.037136715,0.031421464,0.53188974,0.94718045,0.14410017,0.07360208,0.05390602,0.031661022,0.075871564
0.16432287,0.6792983,0.34831077,0.045367766,0.020569934,0.20535633,1.0,0.5827455,0.06476255,0.033224896,0.033839677,0.034901462
0.028302966,0.15869358,0.32776618,0.07473817,0.02654713,0.043099593,0.4210928,1.0,0.13990673,0.040087726,0.032801446,0.042660937
0.031565532,0.066925175,0.2893059,0.16129656,0.06307836,0.06345661,0.20320511,1.0,0.24527396,0.04841036,0.044260766,0.045595676
0.110517256,0.20457824,0.9603279,0.7276777,0.3355583,0.31578097,0.17886151,1.0,0.47770008,0.108095,0.17543294,0.16803417
0.08327094,0.22480933,1.0,0.5669468,0.16060483,0.1386031,0.23339975,0.8510072,0.29764524,0.064110644,0.14634883,0.137392
0.13077882,0.30172786,0.37673548,0.15809076,0.07575513,0.43532068,1.0,0.78102815,0.13039081,0.02335933,0.10317558,0.11894754
0.27320263,0.32086545,0.08887749,0.08878915,0.20353787,1.0,0.61441106,0.15391676,0.039834496,0.017443392,0.08657846,0.11470058
0.18618272,0.096452646,0.051040486,0.05247005,0.24360836,1.0,0.23689586,0.053525016,0.021389581,0.015307441,0.09210456,0.11020957
0.17985684,0.1911253,0.11017156,0.07889842,0.1281934,1.0,0.9023015,0.119824424,0.01700315,0.014370627,0.07266987,0.12995912
0.09007829,0.27755636,0.41172448,0.115885414,0.036535077,0.3124669,1.0,0.5899126,0.09181123,0.016559478,0.11004427,0.16218847
0.058617763,0.16163214,1.0,0.9812961,0.10539759,0.09054801,0.39630893,0.83381236,0.50035036,0.09238048,0.20825233,0.27276677
0.022415653,0.041508466,0.51277643,1.0,0.15955122,0.024474299,0.032137267,0.12326159,0.46423033,0.15675054,0.141888,0.07658473
0.047826614,0.29283687,1.0,0.92100245,0.18063018,0.029166834,0.041612588,0.17129365,0.5606597,0.20040531,0.22770979,0.12558725
0.06505409,0.37219,1.0,0.34088045,0.032003913,0.017316595,0.08348557,0.22558239,0.13180038,0.047523182,0.085518144,0.06945635
0.1570042,0.7883733,1.0,0.15672393,0.02624587,0.14188541,0.42213526,0.31267723,0.07759684,0.064372085,0.08988469,0.06344145
0.38512084,0.5427991,0.20173085,0.44948012,1.0,0.6512892,0.5004727,0.08735573,0.042974003,0.29636744,0.31347275,0.26667064
0.18081453,0.076197684,0.038687102,0.26203838,1.0,0.38143736,0.07217223,0.019272257,0.042765744,0.1699753,0.15392102,0.24773164
0.7099956,0.6615091,0.15518391,0.11211997,0.59197116,1.0,0.7299397,0.21511032,0.1303772,0.320308,0.22371487,0.25907278
0.49138173,0.95198804,0.5956078,0.29431385,0.10657783,0.47485772,1.0,0.7928758,0.4842052,0.37381974,0.34326002,0.18085371
0.08840919,0.2885395,1.0,0.47503135,0.14391269,0.078710005,0.14603412,0.26408938,0.49663344,0.36891678,0.2749227,0.14428546
0.0819197,0.31117025,1.0,0.24831337,0.0920046,0.050351694,0.10436717,0.13528892,0.30058655,0.30487615,0.25930274,0.20842336
0.2287909,0.58444023,1.0,0.2373757,0.06515743,0.11939783,0.1644134,0.20974061,0.2845094,0.441132,0.4752716,0.37707376
1.0,0.6308279,0.70731676,0.45079765,0.18531314,0.5803874,0.53757054,0.1508783,0.36416107,0.6961139,0.6687297,0.7611576
1.0,0.1885876,0.0575698,0.035691872,0.13781552,0.48568702,0.20653945,0.048667114,0.04769571,0.053006455,0.09587712,0.49199173
1.0,0.5042446,0.07729539,0.016368624,0.07859446,0.66433334,0.9323682,0.32374072,0.11524399,0.040158413,0.061540253,0.2889809
0.42113438,0.44771644,0.16565819,0.088157974,0.034032736,0.3471712,1.0,0.65872204,0.42155856,0.23008128,0.14277358,0.15548821
1.0,0.9529693,0.29246536,0.15042011,0.052694887,0.040210657,0.06698169,0.0793682,0.1325538,0.17155436,0.19625519,0.37466094
0.98999065,1.0,0.35100946,0.100397855,0.033861917,0.01988884,0.0267246,0.026494676,0.030649707,0.064130604,0.12248265,0.34504616
0.8541298,1.0,0.5299524,0.14344978,0.05938317,0.15823652,0.23460013,0.1584484,0.20513372,0.35512623,0.36856917,0.5732223
0.44241288,0.54544556,0.2533408,0.22435895,0.4019666,0.71316355,1.0,0.84704113,0.5030117,0.39182377,0.44064206,0.34577528
0.1934065,0.22414774,0.12750189,0.12381219,0.2618208,0.5493782,1.0,0.9250765,0.5064181,0.39656442,0.46726918,0.29163283
0.31982118,0.4034483,0.18187341,0.16296376,0.27161112,0.4817998,0.9473366,1.0,0.62740195,0.53281486,0.57161903,0.35005486
0.67826915,1.0,0.3966096,0.32676455,0.30300057,0.3410972,0.6754286,0.74922985,0.5523802,0.5355492,0.58031464,0.40135399
0.45697653,1.0,0.5724037,0.32813302,0.26944968,0.18065557,0.35195217,0.3243303,0.19680081,0.1833073,0.23454942,0.23086943
0.3446113,1.0,0.6478981,0.14907502,0.17740346,0.1228896,0.24164255,0.23128934,0.1391104,0.15278202,0.16270544,0.15904643
0.7451219,1.0,0.3577166,0.15079896,0.32742792,0.15343963,0.16063611,0.14319195,0.14170592,0.21040785,0.22120702,0.33127722
0.37531975,0.62996864,0.59172744,0.2614461,0.39111844,0.3670167,0.6712339,1.0,0.6923106,0.423037,0.324585,0.324822
0.09731989,0.3943701,0.45541367,0.1015336,0.08272603,0.12996456,0.75262034,1.0,0.2575246,0.11759512,0.048815392,0.041845337
0.112914786,0.27841815,0.42236584,0.22072673,0.10541563,0.12074706,0.5264686,1.0,0.4526209,0.22046462,0.18181004,0.13344479
0.28386295,0.8918137,1.0,0.5295561,0.13918017,0.05643956,0.040138952,0.0688973,0.08701916,0.113795176,0.21144861,0.21614309
0.25425133,1.0,0.6840085,0.14025131,0.038782194,0.0125658475,0.0069887643,0.007894857,0.010194341,0.010394573,0.035867218,0.074519224
0.413218,1.0,0.48831147,0.04657812,0.010126099,0.005737983,0.004958187,0.009000679,0.013550319,0.0138044935,0.04146741,0.118063904
0.29970554,1.0,0.4303806,0.0739318,0.034885257,0.08507146,0.23838171,0.29823953,0.10160615,0.07283031,0.09006767,0.14089486
0.057395127,0.28369296,0.103139,0.022170207,0.0073148357,0.14129096,1.0,0.7660715,0.05037214,0.0098541975,0.015008431,0.012203133
0.01620842,0.04571305,0.028177515,0.008366251,0.003578152,0.07319912,0.76941407,1.0,0.19683369,0.019143615,0.008979033,0.0051483773
0.023465173,0.03364507,0.025443355,0.0080957925,0.0038484202,0.0274753,0.31206235,1.0,0.7973642,0.5705843,0.1367019,0.010074448
0.007148733,0.012435077,0.008892653,0.0023430344,0.0015532647,0.0018520721,0.019840704,0.06346913,0.20906837,1.0,0.43870902,0.019418433
0.007867316,0.0114613725,0.002421665,0.0013743198,0.0019081642,0.003055159,0.024538616,0.08985437,0.24540994,1.0,0.38854703,0.017439505
0.01710896,0.027171588,0.006232998,0.0035476147,0.021076918,0.25402245,0.8750433,1.0,0.6278525,0.8411342,0.18997203,0.008008604
0.0037217368,0.006535982,0.002057019,0.004538881,0.11989558,0.845239,1.0,0.3581497,0.053895775,0.04646529,0.026008638,0.0018515559
0.003289347,0.004274688,0.0022633558,0.0057759834,0.23690347,1.0,0.34656814,0.039542444,0.025144346,0.022685122,0.005887871,0.0018399026
0.0040172893,0.0046062614,0.0022486546,0.0044546933,0.15919113,0.85866153,1.0,0.49460343,0.104912646,0.034719992,0.01155977,0.0038075594
0.0067044236,0.00879467,0.0018730313,0.0025641648,0.03034979,0.14264597,0.62376255,1.0,0.9001258,0.48238716,0.045614846,0.0032744475
0.0285809,0.05581053,0.002748035,0.0009742543,0.0067889425,0.03490028,0.052599188,0.1284304,0.65520096,1.0,0.10060682,0.0017885041
0.04940272,0.101126164,0.0047423285,0.0009352839,0.0066785635,0.021660933,0.04276724,0.2798377,0.9760186,1.0,0.09158416,0.0019875187
0.020101277,0.040356886,0.0026288866,0.0026045565,0.024125133,0.24004939,0.6524677,1.0,0.80034626,0.3401467,0.021710219,0.0013390556
0.00223954,0.0039430954,0.0011290901,0.023514291,0.35364684,1.0,0.85561776,0.4001611,0.1286505,0.06578557,0.003285156,0.0007547981
0.00088859396,0.0010386336,0.0014539096,0.030074975,0.47930154,1.0,0.3092735,0.046538424,0.032317556,0.017869243,0.002021348,0.0013036741
0.0061619314,0.0024907116,0.0018211661,0.006720755,0.105162956,0.57721144,1.0,0.8528869,0.30408835,0.036608994,0.014665778,0.023070838
0.040713564,0.0070594638,0.0016515901,0.0028917417,0.009917993,0.067383535,0.42847428,1.0,0.95385647,0.21852478,0.023455855,0.04944891
0.061195694,0.016543346,0.0016990359,0.0071154013,0.005203494,0.021179613,0.054587744,0.24208744,1.0,0.515484,0.025568262,0.026912633
0.035682827,0.014647052,0.020634381,0.03752069,0.014302019,0.020932151,0.047995873,0.19354735,1.0,0.5651843,0.027552102,0.013145547
0.024203176,0.05634586,0.11920383,0.081508435,0.0238052,0.18526188,0.66897714,1.0,0.60407645,0.21313442,0.02794908,0.034379236
0.023873273,0.036771704,0.0304649,0.03259425,0.16393903,1.0,0.741208,0.22876163,0.05840104,0.033402994,0.013148575,0.017457437
0.01568477,0.012410605,0.018241994,0.033787884,0.18437883,1.0,0.44443008,0.04032094,0.010545084,0.012574564,0.009634435,0.010174774
0.0112768095,0.042363163,0.053244397,0.026702745,0.07826902,0.63463396,1.0,0.41928157,0.06386441,0.011323735,0.020408727,0.016160341
0.00988989,0.03663829,0.19599216,0.09224546,0.011709453,0.1170219,0.543552,1.0,0.30338398,0.019121185,0.020650571,0.0324731
0.0137070315,0.041792583,0.19983655,0.099902935,0.021995846,0.15423506,0.5442926,1.0,0.30038056,0.02037928,0.021714173,0.031995907
0.027664829,0.040678248,0.059829745,0.30747834,1.0,0.85442895,0.66814744,0.30040658,0.038387604,0.0106385825,0.03244935,0.03569475
0.004484772,0.004080747,0.021869328,0.3876989,1.0,0.17942081,0.016504457,0.0047012046,0.0040354906,0.006684149,0.0152652655,0.020395502
0.006156115,0.002106821,0.0057854746,0.17296642,1.0,0.44758505,0.03255735,0.0044834837,0.0028018104,0.0045494735,0.0065364013,0.013667016
0.012831517,0.007906066,0.010924002,0.079008095,1.0,0.92979187,0.1896763,0.06265728,0.02186932,0.012008338,0.008297684,0.011424874
1.0,0.99636537,0.20563686,0.18037386,0.7303637,0.929398,0.49368396,0.33033082,0.20842943,0.18991831,0.18960467,0.24612267
0.9712727,1.0,0.15166986,0.02594263,0.05376342,0.05193719,0.01656532,0.008686706,0.01628181,0.034281965,0.0759411,0.20216285
1.0,0.96181697,0.19016498,0.056172144,0.15590319,0.06585988,0.022422165,0.016522307,0.04790268,0.1058393,0.15740417,0.42687005
0.52947867,0.81181395,0.1673334,0.2606878,0.97394687,1.0,0.6204376,0.48805168,0.27628863,0.25176066,0.06997639,0.13965294
0.06987684,0.07188258,0.058319118,0.07273463,0.9960734,1.0,0.16344695,0.06429268,0.023652684,0.027638756,0.051452573,0.03598909
0.016414056,0.007792969,0.02012377,0.03677071,0.8814029,1.0,0.05207072,0.0029989,0.006036112,0.008101455,0.016179921,0.018640613
0.025869746,0.005607796,0.006939705,0.016849466,0.55103934,1.0,0.07294748,0.001166688,0.004636894,0.008557307,0.0064957594,0.013808275
0.046038605,0.011217973,0.0040373513,0.007171568,0.2347586,1.0,0.15770203,0.0016466338,0.006430035,0.026951745,0.006471407,0.009955981
0.059344612,0.019113794,0.0028394745,0.0075310008,0.19247001,1.0,0.22548784,0.0025154524,0.0055281073,0.038778007,0.007139115,0.0064130947
0.051797397,0.018554732,0.0040192963,0.031024657,0.36905733,1.0,0.18807307,0.0028719353,0.0033073516,0.023338836,0.004709463,0.005672498
0.038214084,0.028093167,0.024019381,0.11029653,0.4263157,1.0,0.32860422,0.014329282,0.0060905507,0.023239022,0.009874061,0.008019845
0.03888491,0.047769763,0.03325012,0.08206566,0.42068872,1.0,0.45380333,0.0666683,0.018846076,0.026661657,0.01899851,0.015368553
0.021067023,0.017268997,0.014359847,0.04746663,0.30252275,1.0,0.30631208,0.020619128,0.009207967,0.011903877,0.008692908,0.011018152
0.024906414,0.010997551,0.008255608,0.033239864,0.23809822,1.0,0.24686144,0.024114443,0.006753496,0.010259017,0.0054703,0.008447658
0.020394985,0.010360506,0.01112448,0.0435577,0.18359782,1.0,0.92689925,0.169789,0.009369078,0.026735647,0.015770245,0.021392131
0.014174178,0.018350601,0.0056545297,0.012687021,0.03871953,0.44693303,1.0,0.22960249,0.008957152,0.02047135,0.02659297,0.017855804
0.01710979,0.02901729,0.011899509,0.0075812503,0.011424978,0.18027818,1.0,0.3958478,0.019496566,0.016388724,0.04072086,0.019110894
0.03294286,0.038118556,0.0416858,0.017104281,0.012398381,0.10909373,0.9613149,1.0,0.104293466,0.0503657,0.061842564,0.06569498
0.061945945,0.048578218,0.0620852,0.027328258,0.016180996,0.030039897,0.4029945,1.0,0.161386,0.093210466,0.090883106,0.15089096
0.111292176,0.12331355,0.08797285,0.040575176,0.035641406,0.10549731,0.8951825,1.0,0.13978563,0.09612032,0.18924099,0.16761282
0.1714087,0.28101808,0.07737059,0.031267565,0.049867053,0.36957362,1.0,0.31692222,0.08809828,0.14526895,0.21607849,0.11532034
0.6444463,0.43692273,0.068316095,0.038540613,0.16521558,1.0,0.6659796,0.13983366,0.25571597,0.783361,0.2659355,0.2567734
0.71251255,0.4436363,0.07864584,0.069322206,0.18187082,1.0,0.34013036,0.119246036,0.2947627,0.9009438,0.20421682,0.23819284
0.22244357,0.20840202,0.06458376,0.08006159,0.09400686,0.9818352,1.0,0.17518009,0.12242016,0.26273793,0.14083606,0.19259
0.036632948,0.08292153,0.037168182,0.026535084,0.019789523,0.2782831,1.0,0.35313797,0.054688126,0.03297054,0.05672375,0.048032477
0.020184943,0.04982863,0.062031902,0.021906547,0.03028081,0.13726723,0.7095169,1.0,0.12754944,0.02207217,0.04473167,0.03562441
0.01308053,0.040278852,0.06346776,0.018099222,0.03639044,0.100060284,0.38297203,1.0,0.13392648,0.018411802,0.022290863,0.01704415
0.031437833,0.13709901,0.07014946,0.022136044,0.04994434,0.1629561,1.0,0.9707217,0.08369304,0.023448836,0.042505983,0.023864996
0.13821925,0.2372179,0.04519754,0.036789026,0.070348285,0.40076283,1.0,0.32165426,0.040782683,0.04573307,0.050856642,0.044071913
0.38776276,0.20958368,0.05941247,0.11940657,0.87767977,1.0,0.5050946,0.09178682,0.09901899,0.1227241,0.10968604,0.34417072
0.19010839,0.04938756,0.02577125,0.058856003,0.73800653,1.0,0.1986971,0.026108678,0.072310574,0.07841762,0.05029911,0.19158696
0.11705537,0.0980947,0.015809068,0.016640523,0.17367667,1.0,0.8024212,0.06793925,0.024705097,0.04309836,0.024186958,0.038730647
0.055533614,0.10397534,0.024314307,0.013242824,0.03452216,0.51554286,1.0,0.26131132,0.026475642,0.01899485,0.014033249,0.013405891
0.057801705,0.10707604,0.08676814,0.03180118,0.051191185,0.29061538,1.0,0.9417059,0.11304984,0.036500327,0.03016068,0.042740777
0.070283204,0.07450119,0.057375427,0.026054807,0.076170355,0.37599558,1.0,0.7485416,0.10554918,0.027320387,0.046457864,0.07920337
0.033366367,0.04124507,0.028674057,0.035000324,0.20277818,0.95741606,1.0,0.29407564,0.056414858,0.015181528,0.024356741,0.029393129
0.05950888,0.11040027,0.12052617,0.20333378,0.75936365,1.0,0.5931798,0.25188792,0.047058422,0.034115702,0.048236694,0.052118134
0.3169862,0.4760514,0.38353133,0.35645086,0.58626205,1.0,0.8536429,0.4180217,0.22614406,0.16092683,0.20902762,0.22300799
0.3610762,0.41485742,0.3018687,0.20411785,0.28262627,0.6854427,1.0,0.59717417,0.5378506,0.3262196,0.29756126,0.41812626
0.53097606,0.56922483,0.42228007,0.24895553,0.37024802,0.72852314,1.0,0.4254354,0.7097399,0.52354974,0.4081462,0.65015316
0.07029303,0.05252407,0.037178144,0.03767038,0.06901076,0.056560766,0.077632084,0.4098623,1.0,0.79253817,0.23120447,0.10497161
0.025255164,0.018097905,0.04838369,0.16094357,0.11989184,0.060839973,0.11313188,0.45655075,0.9314954,1.0,0.38313642,0.084853254
0.036921065,0.030496525,0.16087186,1.0,0.4678296,0.08079468,0.12701139,0.23329033,0.33817157,0.5467919,0.32989776,0.11048063
0.04215783,0.01691174,0.08405559,1.0,0.9041791,0.08817742,0.014755855,0.019775482,0.07482957,0.11729461,0.14445631,0.21153398
0.28975645,0.010053795,0.0107833,0.24689355,1.0,0.4125292,0.022752503,0.009961484,0.024437832,0.053592116,0.14124374,0.7283693
0.57539976,0.0322702,0.003609664,0.052329022,0.62452364,1.0,0.12850013,0.0037437105,0.010152149,0.025637826,0.077669755,0.6541629
0.26183674,0.0487057,0.0029027448,0.014303025,0.18302718,1.0,0.36281836,0.010758976,0.011332705,0.074719794,0.033539686,0.088744596
0.113146976,0.04042209,0.0035118044,0.026446633,0.12244475,1.0,0.60915726,0.039842516,0.021364026,0.19708091,0.083096825,0.037032735
0.062412005,0.011328317,0.006977725,0.1306035,0.71730447,1.0,0.2798726,0.03165252,0.012315964,0.10858486,0.097775124,0.15519337
0.08646561,0.010694511,0.078865245,0.52996254,1.0,0.94252145,0.18147701,0.016453443,0.010745959,0.06259414,0.1820677,0.41798833
0.10747124,0.11253337,0.42505252,0.94098186,0.77375215,1.0,0.29478663,0.025744328,0.05229077,0.09386883,0.1772889,0.26311308
0.33929604,0.2884131,0.24805151,0.38925874,0.69530535,1.0,0.47240883,0.09971556,0.14793676,0.15978408,0.1366261,0.22112024
0.3851418,0.367931,0.4497491,0.27902952,0.6390774,1.0,0.85561025,0.52302474,0.37776783,0.21206395,0.124952905,0.19290335
0.09229854,0.13240111,0.22712149,0.19127905,0.42107823,1.0,0.9211532,0.2646975,0.16867486,0.07558687,0.03905418,0.035989374
0.08458481,0.06288467,0.06732823,0.05050329,0.16645731,0.7612596,1.0,0.20348786,0.073294446,0.028285561,0.014040182,0.023142947
0.70732915,0.3039209,0.054783247,0.04328902,0.08814479,0.61175907,1.0,0.29629737,0.15833293,0.051622815,0.020810533,0.13884285
1.0,0.44623154,0.059082486,0.044432536,0.09782704,0.2724836,0.36351576,0.20757751,0.116255775,0.040013842,0.052693695,0.30763942
1.0,0.4839709,0.16078986,0.11057613,0.32513088,0.7940356,0.97920364,0.51822805,0.24822034,0.22479258,0.44520044,0.8766963
0.54617906,0.42312092,0.22371188,0.12784626,0.2496716,0.73457474,0.7748712,0.60521257,0.2498407,0.3946462,0.72059923,1.0
0.9481238,0.5317828,0.19813192,0.1860659,0.2513953,0.70300335,0.64436626,0.3569596,0.23822077,0.29339978,0.7884584,1.0
1.0,0.66584504,0.104680985,0.10521852,0.17798416,0.28878954,0.24065703,0.14904374,0.105534814,0.09533001,0.22359322,0.35262573
1.0,0.90611964,0.25554028,0.22778547,0.27453724,0.35224444,0.3720777,0.24400584,0.13692313,0.102646425,0.17843552,0.52695084
0.44422388,0.6474832,0.8456781,1.0,0.97170496,0.85029095,0.6494527,0.4126265,0.261965,0.18666147,0.15871929,0.22723916
0.38003477,0.80569685,1.0,0.9726853,0.7933124,0.78065246,0.5750815,0.2972751,0.3078552,0.2475373,0.113576114,0.15744287
0.30117545,0.6350916,0.5862997,0.40658796,0.46091688,0.7483083,0.68044364,1.0,0.8956714,0.6447461,0.37955785,0.23921366
0.31883392,0.4171718,0.3876333,0.41441137,0.55871314,0.73398864,0.84044194,1.0,0.68562025,0.48174423,0.39880255,0.38693324
0.8021164,1.0,0.40330625,0.33123282,0.35847053,0.4170307,0.46490774,0.4684898,0.477977,0.59215635,0.5599541,0.59526414
0.22606425,1.0,0.33803517,0.028948057,0.019928863,0.026980914,0.0077714627,0.036056392,0.07568639,0.055508338,0.07339459,0.07799276
0.083034016,0.875012,1.0,0.16928677,0.008278129,0.004087013,0.0013728495,0.0046826648,0.01933168,0.02055077,0.008440698,0.008303247
0.012221027,0.23299205,1.0,0.5055124,0.020398593,0.0010961758,0.0010618896,0.000833522,0.0069782035,0.027202873,0.00945954,0.0013291795
0.002704491,0.052391026,0.99249357,1.0,0.04233011,0.0007714484,0.0010918244,0.00087453896,0.0021873326,0.030467873,0.024888657,0.0011991402
0.0027908394,0.023668049,0.77425003,1.0,0.047031716,0.00058566534,0.00095493376,0.0010982328,0.0006531496,0.01334275,0.019405147,0.0010586283
0.0070899376,0.11110501,1.0,0.66191274,0.023271192,0.0007607296,0.0014024042,0.0011010028,0.0049232105,0.020071056,0.01333546,0.0016166434
0.028385151,0.28986946,1.0,0.32733333,0.007920423,0.0015780802,0.0020423715,0.0022713253,0.023381682,0.036511313,0.01839174,0.010781534
0.08202199,0.42927212,1.0,0.9192585,0.041013267,0.00665407,0.00782242,0.016467288,0.19054328,0.20263138,0.19075665,0.075021155
0.021540634,0.18436114,1.0,0.8591196,0.03230509,0.0025903683,0.0038167986,0.018389132,0.16604093,0.22979769,0.09616051,0.026033128
0.032320984,0.22503191,1.0,0.79653144,0.029810697,0.0013552919,0.0015231263,0.008758492,0.07293736,0.376908,0.25647345,0.03299942
0.32125527,0.29358524,1.0,0.54202294,0.021571126,0.060940426,0.112324536,0.021774923,0.02173876,0.19598639,0.32661024,0.3861726
0.6921284,0.3926285,1.0,0.7001085,0.32230586,0.6908896,0.51057696,0.07739525,0.021727793,0.1581889,0.5308741,0.8764846
0.038798716,0.08685584,1.0,0.69433373,0.18893705,0.16342074,0.06391744,0.017551392,0.015906343,0.11756918,0.19168103,0.05914678
0.0165503,0.121629365,1.0,0.40796506,0.028519234,0.016462063,0.019019926,0.0068542697,0.014107752,0.071784854,0.075989634,0.01641134
0.025031384,0.38920397,1.0,0.17275472,0.009473346,0.020069694,0.02672146,0.010929254,0.05132223,0.08113998,0.03356926,0.013644036
0.120781615,1.0,0.87014294,0.15687701,0.063961715,0.06309628,0.03460038,0.08503224,0.25478196,0.10224157,0.023987522,0.018072108
0.38535097,1.0,0.4776204,0.2434553,0.17535786,0.22744721,0.23016624,0.8766097,0.85014373,0.25289202,0.049432777,0.05554852
0.04218432,0.13146517,0.16551779,0.0442281,0.02101051,0.057218306,0.16610648,0.7088116,1.0,0.24556933,0.021103112,0.014363902
0.020066876,0.11304723,0.16420361,0.04693163,0.0041910787,0.018495822,0.22834271,1.0,0.8059786,0.08558097,0.007019812,0.0028538401
0.003327089,0.034630515,0.09262129,0.03729868,0.0033619017,0.08359189,0.8429306,1.0,0.16614538,0.012738021,0.002396477,0.0005817902
0.00333221,0.019004436,0.04007847,0.013653899,0.0067845574,0.23795383,1.0,0.44450828,0.035837337,0.008322377,0.002261627,0.0011473766
0.0108837895,0.016055485,0.016031055,0.00976603,0.026233787,0.5850676,1.0,0.18692438,0.06452719,0.10527633,0.033815693,0.008037926
0.030726675,0.03748518,0.04913738,0.055443753,0.3196389,0.98705083,0.69330764,0.32578847,0.43180066,1.0,0.2524165,0.057821408
0.08239194,0.19266367,0.27154747,0.42066976,0.83889943,0.827292,0.32933694,0.636261,1.0,0.9932476,0.35652116,0.15657951
0.11640871,0.2663198,0.17617619,0.16456622,0.2201581,0.31106275,0.41077703,1.0,0.81957734,0.41670948,0.18694746,0.11869219
0.12881845,0.22200581,0.092227295,0.07183717,0.21844514,0.38819188,0.47376284,0.9986819,1.0,0.7701368,0.29154253,0.13648672
0.11218422,0.14844562,0.078607455,0.06808571,0.15447712,0.3544402,0.45162538,0.8519658,0.97205323,1.0,0.37375295,0.105755314
0.07950367,0.08799464,0.064868,0.065880105,0.09302938,0.19725637,0.3820345,1.0,0.8378224,0.8536501,0.3828191,0.13048688
0.058563434,0.05585615,0.070831925,0.09805178,0.09416465,0.15457791,0.40433657,1.0,0.75627416,0.58365524,0.20983744,0.103322275
0.04306505,0.05034981,0.077302866,0.116094895,0.2597954,0.87599176,1.0,0.8554383,0.44155645,0.25151646,0.08473077,0.06493749
0.024380032,0.10234632,0.035467934,0.010398319,0.060034614,0.3822195,1.0,0.6415772,0.09839272,0.020975595,0.007477657,0.0067979186
0.014180032,0.081475675,0.04180325,0.0042266627,0.00744836,0.066239186,0.6867299,1.0,0.13330455,0.021797229,0.0033003143,0.0021029173
0.0028260297,0.01510431,0.01683107,0.0034851753,0.0044591553,0.053238194,0.59440047,1.0,0.12129147,0.021263175,0.0027207066,0.0014561209
0.0012168834,0.0063441135,0.0049780104,0.0032938367,0.0067341467,0.19744419,1.0,0.42589477,0.043734044,0.012491292,0.0026105542,0.0008416599
0.0012677213,0.003357933,0.0020999138,0.002725419,0.021455228,0.4542386,1.0,0.13208793,0.011586189,0.012739895,0.006192841,0.00073232263
0.0021628835,0.0021971348,0.0015908938,0.011886103,0.14755207,0.73405975,1.0,0.14350753,0.009929941,0.040948518,0.013634752,0.0011322892
0.0068052323,0.003931207,0.009417179,0.17977127,0.92887354,1.0,0.81773794,0.14463243,0.031497084,0.09229753,0.02249578,0.0053755622
0.006297718,0.0071472595,0.018137272,0.27864525,1.0,0.7540828,0.7809782,0.1932809,0.02763753,0.021453025,0.02498268,0.012616697
0.007512204,0.012260551,0.018284062,0.11982942,1.0,0.7019238,0.20445308,0.06421751,0.015878918,0.009399294,0.011153089,0.011132499
0.014563204,0.019755073,0.023221763,0.16338982,1.0,0.60931134,0.16903016,0.03714673,0.012240544,0.009713731,0.008704046,0.008924515
0.041702572,0.038562946,0.018808456,0.05809209,0.37679985,1.0,0.6388285,0.111928225,0.027905492,0.039366692,0.023825262,0.022561407
0.11979774,0.23228128,0.019632421,0.023341473,0.060328055,0.6101175,1.0,0.24952638,0.14017048,0.0702513,0.057967186,0.022148166
0.10134101,0.22378689,0.017796535,0.017041389,0.016487602,0.33051857,1.0,0.23317984,0.1841017,0.039080605,0.038274232,0.014636605
0.093004696,0.14897737,0.012348112,0.029344616,0.020027388,0.329256,1.0,0.18093094,0.071306184,0.01576159,0.014143475,0.009934227
0.1086488,0.22198893,0.024154177,0.06399694,0.031247022,0.42618623,1.0,0.10675231,0.023315748,0.011365068,0.01245752,0.0116914855
0.14128926,0.52734226,0.06945068,0.07678803,0.049374994,0.36218074,1.0,0.09157953,0.010199344,0.01850214,0.026652811,0.024440566
0.2878162,1.0,0.11826199,0.06680121,0.072389774,0.24059808,0.6154266,0.06656367,0.012238298,0.02982396,0.0343582,0.033540614
0.5443796,1.0,0.083562985,0.07193222,0.06327739,0.4192682,0.6330908,0.04657672,0.020491304,0.050662722,0.04639648,0.04779976
1.0,0.71165895,0.05806653,0.11614764,0.17034547,0.9782774,0.71173304,0.04264214,0.0380938,0.08062315,0.06709328,0.11554465
0.685788,0.2181041,0.031698685,0.11039375,0.5622806,1.0,0.24044602,0.036872078,0.029542273,0.049246415,0.061744325,0.17096572
0.29593483,0.08983552,0.020759134,0.090613514,0.55018276,1.0,0.25896305,0.047100354,0.026441494,0.045651637,0.046127975,0.10762396
0.09499497,0.041542564,0.006500653,0.016466824,0.18022232,1.0,0.37314156,0.07024316,0.03885209,0.056317184,0.018217053,0.019176198
0.038712174,0.02020197,0.0044627204,0.010122594,0.19202445,1.0,0.32492673,0.0768845,0.053091567,0.09533438,0.019736776,0.012967769
0.01497249,0.013338457,0.0047190716,0.010623888,0.14344174,1.0,0.41044164,0.072212055,0.05942127,0.16921814,0.032729577,0.010172337
0.026569812,0.011213914,0.006472984,0.014512734,0.17026165,1.0,0.3727608,0.065744735,0.08004556,0.2601118,0.0455537,0.021312747
