0.45942673,0.42560273,0.15844865,0.1865456,0.22064282,0.34564158,0.42343998,0.1955406,0.09268744,0.5479302,1.0,0.2885192
0.26640064,0.16954188,0.14111444,0.17928527,0.15946782,0.26890266,0.31549668,0.22834902,0.4598615,0.6723372,1.0,0.4658002
0.3226057,0.7367194,0.3043984,0.09082634,0.099288754,0.11801535,0.19708492,0.22240838,1.0,0.9305733,0.88062835,0.64589006
0.49292272,1.0,0.29576617,0.057422455,0.079869784,0.1278377,0.1376263,0.17994756,0.797788,0.5764503,0.38909835,0.9204959
0.56137174,0.20001036,0.226346,0.05054347,0.0561167,0.089147255,0.16508858,0.0684931,0.19674239,0.1549488,0.12192559,1.0
1.0,0.23637943,0.49754623,0.110385925,0.08189559,0.09271994,0.21225901,0.114667885,0.18747061,0.58052075,0.3300937,0.9787664
0.2507181,0.12631032,0.35233003,0.07517225,0.020373037,0.02003386,0.05155591,0.086453505,0.20943065,1.0,0.38130563,0.14337975
0.12449327,0.1655784,0.3352291,0.054798152,0.021990549,0.032194793,0.037718512,0.14307228,0.34323522,1.0,0.19383098,0.082066275
0.2231038,0.31635657,0.18416223,0.054618094,0.044670675,0.058178723,0.044728093,0.24530786,0.6889264,1.0,0.1691374,0.115234055
0.81969774,0.67098093,0.114835545,0.081011295,0.23750043,0.13131598,0.057814542,0.53614426,1.0,0.732981,0.23660927,0.16474466
1.0,0.21849158,0.06501995,0.30260047,0.29257262,0.04714664,0.13121177,0.40893456,0.2175572,0.17764646,0.16072795,0.7097447
0.24563377,0.029124383,0.18018946,0.25391513,0.06292555,0.034229033,0.083782926,0.06540846,0.016995465,0.057315413,0.57770234,1.0
0.058945913,0.099094786,0.26759183,0.098616205,0.040685136,0.07418828,0.0476592,0.038573,0.030153112,0.24481454,1.0,0.59976405
0.23671837,0.36282098,0.273951,0.121827774,0.15467507,0.1279875,0.08745799,0.19428483,0.37760442,0.9864497,1.0,0.21543601
0.60340303,0.502114,0.52129626,0.36800873,0.20373513,0.15855192,0.28209445,0.7075208,1.0,0.5992569,0.3022619,0.27116644
0.9359489,1.0,0.6645181,0.5659642,0.3538772,0.25687063,0.44480634,0.78323215,0.8554372,0.41677275,0.363995,0.5026867
1.0,0.60175145,0.36930284,0.58276474,0.25033423,0.14736803,0.1837338,0.4288223,0.6995435,0.6224121,0.88689446,0.9705471
0.2740271,0.300834,0.36038077,0.52463603,0.120430335,0.068992116,0.06282583,0.13900183,0.30204684,0.41486204,1.0,0.77096105
0.2886355,0.488144,0.6875164,0.5301715,0.19793078,0.12932587,0.056716964,0.06984244,0.1404844,0.39214247,1.0,0.90058297
0.46643665,0.63218915,1.0,0.70282435,0.21060504,0.16483468,0.060095042,0.05631872,0.1442706,0.4809202,0.4195905,0.54893714
0.81720537,0.54465574,0.8858502,1.0,0.1860478,0.089769386,0.037335735,0.022486942,0.07650027,0.17632166,0.21530196,0.34634465
1.0,0.71811604,0.4277648,0.5439484,0.4297219,0.16500333,0.11631632,0.18612646,0.26189324,0.38726273,0.5031017,0.6675415
1.0,0.7399016,0.39405924,0.61575776,0.60878503,0.29697543,0.2942344,0.50130874,0.4519038,0.5778235,0.62627375,0.762805
0.99660724,0.9618344,0.7768628,1.0,0.9109679,0.52425796,0.5158147,0.90610266,0.8478312,0.8417795,0.782956,0.81623745
0.727032,0.55661213,0.5860654,1.0,0.9122601,0.70429,0.5122663,0.6837621,0.731163,0.7195694,0.7751092,0.7425677
0.37312016,0.29983044,0.29131255,0.43081397,0.4206963,0.34584025,0.24869248,0.30206096,0.46760374,1.0,0.6120187,0.44827396
0.1422381,0.23043656,0.19005933,0.1380258,0.06708367,0.11096828,0.08770692,0.09474727,0.28003845,1.0,0.53017294,0.14651568
0.28511313,0.39920324,0.34144405,0.20540185,0.08107667,0.13189389,0.108042374,0.08557167,0.24339253,1.0,0.77363634,0.22368391
0.22854532,0.34044543,0.31471792,0.23894152,0.14471248,0.103870966,0.072046526,0.056434747,0.13816369,0.90263295,1.0,0.21240713
0.10710902,0.115780376,0.08172575,0.060039308,0.073444046,0.09907016,0.062202252,0.034967057,0.15622857,0.9401202,1.0,0.13066621
0.13409044,0.13687183,0.12596513,0.12818,0.12731238,0.14384292,0.075848304,0.14445439,0.833808,1.0,0.79707855,0.19050789
0.18362007,0.31187823,0.08956211,0.07391675,0.33209425,0.6492156,0.15824895,0.14303084,0.6078963,1.0,0.44309503,0.12231664
0.107682675,0.13699052,0.04251149,0.02299096,0.11234482,0.6445226,0.36518165,0.07111856,0.15937221,1.0,0.90143615,0.15750767
0.11271457,0.09047606,0.048180208,0.036616206,0.057585485,0.71830755,0.5233374,0.13084523,0.1986854,0.86235964,1.0,0.3053409
0.15347245,0.20757298,0.11436323,0.085406825,0.11297093,0.98384875,0.796201,0.65505105,0.6247453,0.5646242,1.0,0.5013102
0.1511079,0.14376545,0.08676155,0.12012531,0.32719073,1.0,0.6891199,0.45889685,0.21008794,0.28116605,0.41616595,0.3506696
0.59518075,0.26532224,0.13443753,0.07599933,0.13448258,0.21148911,0.19643535,0.30839702,0.5987047,1.0,0.9224554,0.87338257
0.5747984,0.1802092,0.051134348,0.014483192,0.01700424,0.05198454,0.11943174,0.2649412,0.3544893,0.54852116,0.88138855,1.0
0.15196906,0.02738178,0.005722896,0.0017614375,0.0027869842,0.007860147,0.013826164,0.0262512,0.029125893,0.058265213,0.5311533,1.0
0.09412505,0.003761785,0.0005429728,0.00025733118,0.00037609643,0.0016432344,0.0037463421,0.0009650774,0.0010037743,0.0054627485,0.3537017,1.0
0.08806952,0.0013571015,0.00036592598,0.00037527896,0.0001781578,0.0017449885,0.0057110596,0.0008776035,0.0006366116,0.0032505668,0.30643022,1.0
0.12957616,0.0012502524,0.0003173692,0.00043929668,0.00014197464,0.0013160716,0.0070798653,0.0011617972,0.00044981603,0.0017658055,0.20083079,1.0
0.08730461,0.001457343,0.00032067604,0.00029491523,0.00010975524,0.0010582138,0.004207042,0.0005391443,0.0002984567,0.0035976951,0.3200789,1.0
0.053265456,0.0013505849,0.00026303876,0.00017045658,7.167853e-05,0.00091474364,0.00226717,0.0001845235,0.00022151814,0.005459266,0.4538667,1.0
0.042802338,0.0017864474,0.00025704928,0.00012098802,7.0093505e-05,0.00092578214,0.0017966088,0.00013257843,0.00033477644,0.007903506,0.56863344,1.0
0.03030776,0.0021944954,0.00030926985,0.00012380796,0.00015749251,0.0013025095,0.0016018663,0.00016412491,0.0007186594,0.022349594,0.898022,1.0
0.011765142,0.001608974,0.00018923456,9.440603e-05,0.00021850309,0.0015290183,0.0008651756,0.00023024334,0.0008893214,0.060542695,1.0,0.5191181
0.005661753,0.0010064839,0.00014553478,7.808477e-05,0.00029020855,0.001810102,0.00056503527,0.00044731944,0.0012495789,0.11954799,1.0,0.22176453
0.0050550117,0.0007886221,0.000120436736,5.042609e-05,0.00044366944,0.0021831524,0.0005677484,0.0006870574,0.002010167,0.19588514,1.0,0.13343714
0.0039137597,0.00052617403,0.00014967551,0.00010799945,0.0010522347,0.0022733873,0.0005443709,0.0008439737,0.011349126,0.47294575,1.0,0.07624054
0.0028955129,0.00059717667,0.00019348857,0.00040198423,0.0027790426,0.0017689953,0.0005429437,0.0016089899,0.07735952,1.0,0.6964842,0.027952345
0.0032999762,0.0021292449,0.0004112851,0.0013960957,0.0047543584,0.0014454466,0.0012587826,0.004492289,0.21612515,1.0,0.18407297,0.005879546
0.007777102,0.004635437,0.00045388486,0.003468141,0.00644814,0.0010930407,0.0023102104,0.014197701,0.52218056,1.0,0.080691226,0.006548549
0.019541787,0.0058199186,0.0006334406,0.007213038,0.004936248,0.0007198159,0.0017323677,0.068189174,1.0,0.58943105,0.032981604,0.0057560666
0.026021678,0.003268697,0.0019458374,0.0066730706,0.0015397635,0.00044080813,0.0045839064,0.23379014,1.0,0.21141829,0.0067352266,0.015098396
0.047593236,0.002990558,0.00761636,0.0072003664,0.00081895076,0.0024203036,0.10945898,0.9908012,1.0,0.072984725,0.03592066,0.12919581
0.019914329,0.004062131,0.0063069165,0.0015986025,0.000463148,0.01922007,0.5540218,1.0,0.18718214,0.016681073,0.16664238,0.20615575
0.0057557044,0.0040503806,0.003030006,0.0010559282,0.000795914,0.08676638,1.0,0.5068937,0.026664002,0.02346696,0.17030744,0.11672674
0.008170961,0.0031529786,0.0036295033,0.0035628125,0.0045554326,0.21278994,1.0,0.20610064,0.03913257,0.048782412,0.071657725,0.08508946
0.017701905,0.0061480575,0.005147395,0.0074709826,0.08120325,0.7925961,1.0,0.113872685,0.12245473,0.1739415,0.09784572,0.102948345
0.022762055,0.008975247,0.004417355,0.06402083,0.6044817,1.0,0.2928692,0.08763944,0.15888292,0.25321808,0.07986975,0.039253347
0.023763949,0.01011846,0.043814864,0.50459474,1.0,0.30111104,0.12390806,0.17582798,0.17408371,0.22068565,0.2830925,0.12980449
0.037593786,0.04748844,0.24662916,0.6224965,0.36007398,0.2976044,0.7967538,0.36095205,0.2563308,0.9750056,1.0,0.153571
0.07265505,0.14826035,0.15737264,0.09931115,0.27852866,1.0,0.90491354,0.27428827,0.56303704,0.90882236,0.4832001,0.092266
0.22810118,0.15754914,0.04263736,0.20615429,1.0,0.85013396,0.3027062,0.5277164,0.58055973,0.48152357,0.66195107,0.14736024
0.16594923,0.026924197,0.021022724,0.3034502,0.520586,0.35690957,0.49526402,0.22427507,0.32674852,1.0,0.6825661,0.28463617
0.015128805,0.0030794984,0.0074405475,0.061441183,0.5047973,1.0,0.40921834,0.045566734,0.14003186,0.4867552,0.547192,0.15991601
0.00047949568,0.0004515479,0.004157474,0.15975147,1.0,0.5656758,0.029513685,0.009276265,0.06468,0.37777913,0.24776584,0.013042949
0.00037214803,0.0036344111,0.080940045,0.6210237,1.0,0.1771216,0.009168256,0.09816794,0.35808668,0.26914382,0.043073818,0.001523914
0.0015498715,0.059390154,0.5395755,1.0,0.45900017,0.040272467,0.062453028,0.70617795,0.8662531,0.14628974,0.009648375,0.0034905884
0.02041028,0.36605954,0.6853169,0.22863577,0.05942775,0.07271435,0.44192702,1.0,0.32215634,0.04183171,0.023346573,0.011851703
0.15270846,0.7069639,0.38962403,0.17609522,0.25775096,0.3752345,1.0,0.7179829,0.25678226,0.081327274,0.02875157,0.025738463
0.26365492,0.3538485,0.21609269,0.25723985,0.6118477,0.5772916,0.50069165,0.95081776,1.0,0.26162684,0.11548541,0.07477385
0.115565956,0.119012505,0.18984134,0.33182734,0.23005807,0.31945935,0.9340363,1.0,0.48036626,0.39093983,0.22703601,0.12848452
0.07372003,0.055197943,0.09411004,0.13895763,0.12975924,0.20517299,1.0,0.9112204,0.63664293,0.37745926,0.21214175,0.1512662
0.03426856,0.025314804,0.029912489,0.028549943,0.12838277,0.26408544,0.8516986,1.0,0.7266922,0.49074683,0.2081193,0.10680865
0.012870776,0.011554554,0.008599942,0.011545826,0.05187848,0.11427435,0.31425706,0.5527503,0.89279044,1.0,0.28799525,0.045618776
0.032510128,0.032581493,0.008412383,0.0062538497,0.017282432,0.032590024,0.16665073,0.19939663,0.56425387,1.0,0.30760086,0.039976586
0.15547435,0.101645656,0.011953871,0.012652542,0.022151876,0.02500031,0.18935071,0.21368167,0.6260925,1.0,0.4139857,0.099744156
0.101634525,0.041374657,0.007715995,0.008941558,0.01349723,0.016930167,0.16780351,0.2094257,0.4416514,1.0,0.3203409,0.09004704
0.066775106,0.069089726,0.011054673,0.004899215,0.0064077624,0.007451737,0.058632866,0.19678594,0.38378343,1.0,0.48518226,0.050489254
0.21605961,0.09473528,0.007601608,0.0050689355,0.0023208691,0.0021414077,0.014182441,0.15601657,0.40260622,1.0,0.5737608,0.110468544
0.1703799,0.050276432,0.004375102,0.0024608106,0.0012885358,0.0018825688,0.010777563,0.09334416,0.28661817,1.0,0.5205477,0.14568043
0.08180439,0.021613855,0.0019268299,0.00030046736,0.0003436975,0.0010245097,0.0055948496,0.04106688,0.16520944,1.0,0.4552683,0.08027836
0.05516577,0.01525901,0.0017262913,0.000508934,0.00039469608,0.00082930695,0.0061087604,0.018552471,0.19897883,1.0,0.41151556,0.086861774
0.0762938,0.022710456,0.0034711382,0.0014853749,0.0013019157,0.0013796866,0.0034969966,0.02008469,0.22201474,1.0,0.34316656,0.06840514
0.1158421,0.06276344,0.033269513,0.015555694,0.010290693,0.011728913,0.016170885,0.034381825,0.24978489,1.0,0.42156237,0.12757766
0.31129292,0.27343324,0.29398942,0.11301718,0.06543228,0.077710465,0.0880094,0.13750514,0.8079307,1.0,0.78951174,0.44827604
0.9649173,0.8613202,0.44609278,0.16856904,0.054818023,0.0814077,0.11668302,0.14014146,0.78484786,1.0,0.93806225,0.7011716
0.76705444,0.5855564,0.22055387,0.17325594,0.08930664,0.074192666,0.06720497,0.08995468,0.71303225,1.0,0.54239506,0.39707583
0.48470178,0.398774,0.18335398,0.116216816,0.052782115,0.044104483,0.045157224,0.06525899,0.6683801,1.0,0.34343532,0.27689233
0.122706905,0.110531546,0.052200306,0.023600738,0.010693488,0.010128041,0.013396144,0.03156765,0.5126353,1.0,0.17682838,0.11634354
0.062492635,0.051948667,0.011387641,0.007028831,0.0056421347,0.013789203,0.04127954,0.084650464,0.8924512,1.0,0.2308416,0.06552633
0.013312358,0.01765683,0.006403172,0.0039056006,0.0036139023,0.009042037,0.02285789,0.07642777,1.0,0.52199805,0.08512537,0.02315193
0.013156018,0.0104658175,0.004677648,0.0020517153,0.0032701604,0.009332097,0.008016793,0.07427112,1.0,0.48706487,0.067691185,0.02415271
0.013911306,0.0066678436,0.003281267,0.0031651256,0.004469611,0.010391419,0.00857004,0.08853444,1.0,0.4854167,0.08028104,0.026081609
0.10325668,0.026788548,0.0066822846,0.0084691355,0.010928977,0.017566487,0.039192606,0.18338212,1.0,0.60201836,0.76737344,0.5124158
0.34834743,0.06677178,0.0053530615,0.016736338,0.043196205,0.024883516,0.029915588,0.17186745,0.57130307,0.51288044,1.0,0.6147268
0.19027029,0.024440737,0.0014806875,0.010792088,0.07198172,0.10013399,0.088470586,0.08432178,0.22348143,0.673379,1.0,0.54981756
0.6658393,0.10367977,0.0029109067,0.002535134,0.02112694,0.040921662,0.19680537,0.35031256,0.08762467,0.25177947,0.7466095,1.0
1.0,0.21257316,0.005094913,0.00086352153,0.00348903,0.007958039,0.25003847,0.75995106,0.13484648,0.047994196,0.21680033,0.57820666
0.93965,0.26914725,0.011705313,0.0068707904,0.012195807,0.02185934,0.31692562,1.0,0.51455605,0.16497181,0.09000708,0.37664926
0.028807733,0.009980475,0.017046338,0.0226935,0.008121701,0.024760691,0.05527676,0.28564033,1.0,0.30619335,0.07557092,0.046426017
0.0098839495,0.0035242143,0.002752571,0.004739974,0.002192602,0.0027302313,0.009798552,0.22202484,1.0,0.5213544,0.052850023,0.00776193
0.013400141,0.0071169226,0.0044748853,0.0047755125,0.0046964646,0.008066928,0.014696286,0.2233297,1.0,0.99344784,0.2526625,0.028686747
0.042770132,0.04033268,0.019547021,0.01161023,0.011827825,0.031771857,0.045028616,0.15023598,0.40290463,1.0,0.7412881,0.12146177
0.23475443,0.24947512,0.115887,0.043149296,0.04299197,0.13440028,0.30839056,0.34929636,0.561148,0.9260735,1.0,0.30513963
0.13806234,0.3012836,1.0,0.51336735,0.25975886,0.19017985,0.18751684,0.3035437,0.8828798,0.94787043,0.51270664,0.17041083
0.1457498,1.0,0.6493458,0.30313435,0.07237949,0.047076605,0.096899144,0.10600641,0.10238481,0.046383876,0.029704304,0.03611816
0.19246283,1.0,0.47411668,0.76115453,0.21865985,0.058551416,0.17257774,0.08722166,0.050282467,0.03042915,0.04045772,0.058055833
0.036460925,0.117190585,0.14015572,1.0,0.696944,0.08787353,0.054199323,0.026386604,0.019874852,0.012423353,0.0320119,0.023528507
0.028446574,0.03897084,0.12819336,1.0,0.7792515,0.15208013,0.090062745,0.07428208,0.07271767,0.046232082,0.11411987,0.02950466
0.117544875,0.0847473,0.41177553,0.984594,0.5338445,0.3653681,0.35872826,0.70063525,0.522518,0.674125,1.0,0.13355649
0.12148884,0.072250076,0.46678048,0.48356843,0.41026968,0.3015378,0.23292059,0.9837401,0.41736865,1.0,0.86468583,0.16263157
0.115378894,0.08931268,0.46003172,0.3685738,0.25507692,0.191597,0.4104004,1.0,0.2427402,0.9396126,0.35461947,0.1420583
0.08542536,0.07887186,0.23177364,0.14388427,0.078451686,0.049994465,0.33193216,0.6882897,0.28596136,1.0,0.16165227,0.082295835
0.08772176,0.038784232,0.18014075,0.054428577,0.024937395,0.0251602,0.11075117,0.10985169,0.18510975,1.0,0.20062132,0.07298012
0.11244139,0.042531244,0.285888,0.067988746,0.018954948,0.029642142,0.13653608,0.051999006,0.12289428,1.0,0.25480857,0.06913292
0.12686585,0.051012434,0.35087347,0.079436004,0.017045125,0.049617022,0.23289248,0.044504657,0.09537422,1.0,0.28603205,0.077244855
0.2256272,0.057714734,0.3629747,0.08977345,0.018201206,0.10482968,0.4862314,0.070519134,0.0899051,1.0,0.29350922,0.11733288
0.3564631,0.08105014,0.4577447,0.15340245,0.02026366,0.17035118,0.9812326,0.17246461,0.07801652,1.0,0.35390365,0.14096136
0.24770612,0.07338887,0.3815406,0.1104052,0.010711587,0.16724105,1.0,0.16959696,0.07008107,0.6516866,0.1879179,0.093608096
0.22200795,0.07190312,0.23089388,0.04022695,0.007906109,0.2155403,1.0,0.13091284,0.12867288,0.82553744,0.14260337,0.11655923
0.22712162,0.06723282,0.14386861,0.01732326,0.008019312,0.23590292,0.74862415,0.07578202,0.20566547,1.0,0.13060054,0.17081842
0.25855443,0.07681893,0.16562442,0.01977031,0.010634959,0.26422998,0.49202156,0.037800923,0.25922447,1.0,0.10418878,0.2533614
0.33542666,0.06309544,0.20289992,0.029857634,0.009611087,0.28203487,0.6181201,0.048470784,0.2070623,1.0,0.13095354,0.2537384
0.36804795,0.06348608,0.21765618,0.03413655,0.0074554323,0.2865765,0.73486364,0.057411566,0.1814905,1.0,0.1416291,0.2351859
0.35772085,0.058676288,0.2058624,0.037622415,0.0061897975,0.23507985,0.80577016,0.08241296,0.16539238,1.0,0.1531297,0.18670434
0.23770568,0.048672628,0.14356594,0.020562163,0.004818236,0.19549088,0.6695226,0.07374454,0.21620934,1.0,0.12237496,0.14982812
0.147293,0.0674142,0.15098332,0.012636386,0.0054466445,0.18618953,0.32141462,0.027915297,0.34304404,1.0,0.08188837,0.19684497
0.33684218,0.10029142,0.24821235,0.025313562,0.010550505,0.25850508,0.34615344,0.02772451,0.35658395,1.0,0.09334461,0.45507723
0.5684693,0.106347315,0.34229407,0.054527957,0.023618652,0.42265818,0.56115943,0.062457073,0.25084183,1.0,0.16777065,0.82038224
0.26341903,0.06201282,0.3558798,0.098709226,0.02749429,0.28328234,0.23786227,0.08945218,0.15524691,1.0,0.25951838,0.54578775
0.22524136,0.10639981,0.6979103,0.21670434,0.070963025,0.28960165,0.124184705,0.103091516,0.10487552,1.0,0.40213865,0.6321098
0.13655743,0.5560824,1.0,0.15025467,0.07244507,0.12958129,0.031299226,0.04155413,0.04769426,0.3577732,0.22366504,0.4491313
0.089849904,1.0,0.9970593,0.057187073,0.010218608,0.01842058,0.013577922,0.013571959,0.11669928,0.23119073,0.04992601,0.06453245
0.036594305,0.57408214,1.0,0.07843851,0.0035530555,0.01160928,0.00850718,0.0103234,0.2051511,0.36027545,0.031455223,0.009071346
0.017537054,0.32924336,1.0,0.14488253,0.012756022,0.036117136,0.019565202,0.03169726,0.15806298,0.4724216,0.06903975,0.029592017
0.012076864,0.22292627,1.0,0.21818845,0.024310997,0.03493045,0.036153477,0.0989105,0.1248091,0.5577046,0.10441474,0.041668024
0.012778222,0.3750485,1.0,0.12644759,0.070486665,0.08524626,0.035174247,0.05417585,0.055091035,0.1833778,0.03044637,0.018883942
0.0077206446,0.2529217,1.0,0.18761155,0.060819447,0.06235826,0.023522265,0.021770496,0.02154947,0.08604412,0.017392868,0.010868438
0.004300754,0.20139867,1.0,0.20406212,0.019362696,0.018742178,0.012144537,0.010517444,0.009538947,0.05518709,0.012258351,0.004031221
0.0032738985,0.19367737,1.0,0.21401605,0.0057601235,0.006394617,0.0036211761,0.001809295,0.010680717,0.07821405,0.01678991,0.0016115607
0.0032516585,0.21181402,1.0,0.2154723,0.0052595497,0.007962177,0.0046006166,0.0011313587,0.012823588,0.07716311,0.013960527,0.0012509982
0.0058561754,0.22709048,1.0,0.24000825,0.00516568,0.0074066743,0.012200722,0.0018831987,0.009970755,0.063456446,0.012775397,0.0035485823
0.009506656,0.22232504,1.0,0.33007282,0.011739772,0.0071024816,0.025475888,0.006251883,0.011028366,0.09244436,0.023202125,0.0066303243
0.0074503296,0.19465435,1.0,0.35067555,0.014446578,0.013760069,0.05897601,0.00966075,0.012740413,0.100091085,0.022066757,0.0031985168
0.007850275,0.21979693,1.0,0.22786707,0.0070586824,0.022972045,0.077898316,0.008139844,0.008531407,0.06422313,0.014835545,0.0050587943
0.008824532,0.1932901,1.0,0.2513024,0.0054416535,0.017448459,0.057966217,0.005776746,0.0040074354,0.027469175,0.007129164,0.004662941
0.0061233267,0.19430907,1.0,0.2464506,0.0045375926,0.014280899,0.054257434,0.007226183,0.006966087,0.04592621,0.010754681,0.001660139
0.004621673,0.12798436,1.0,0.3464951,0.0063682175,0.010894623,0.07136774,0.016480686,0.013144507,0.12480525,0.036709726,0.0016084308
0.0034556342,0.112861045,1.0,0.33136007,0.004791365,0.005522936,0.04789826,0.014897153,0.019450024,0.19576055,0.06269439,0.0029785205
0.0031513344,0.18861343,1.0,0.18189144,0.0018379547,0.002973715,0.016257344,0.0064770216,0.06993574,0.37472337,0.061063092,0.0024671608
0.002820529,0.23061873,1.0,0.17993104,0.0024901435,0.0034576447,0.009675331,0.006438007,0.16725686,0.57628804,0.05343652,0.00094155356
0.0030720453,0.193895,0.9775796,0.25236985,0.0053440537,0.0070188167,0.012929649,0.007639297,0.2562164,1.0,0.10211963,0.0024068027
0.0066359015,0.08170054,0.2970672,0.06813917,0.0028457735,0.014777617,0.02538973,0.006782502,0.23438285,1.0,0.11116979,0.0071151005
0.03727236,0.08568188,0.21973544,0.019558184,0.0015314083,0.04861836,0.0835744,0.011727326,0.3070759,1.0,0.084705964,0.0425933
0.14690311,0.16371018,0.35225752,0.026099373,0.0031550408,0.119596586,0.17424148,0.021290453,0.44674715,1.0,0.065327965,0.18149835
0.20793146,0.14436361,0.31760505,0.024213409,0.0076997243,0.10675678,0.16696571,0.02452881,0.39136156,1.0,0.08103835,0.23273632
0.06963948,0.068128526,0.16242054,0.0150800655,0.00934985,0.03576159,0.053345885,0.03440975,0.28722957,1.0,0.10648168,0.083674364
0.042347856,0.07128943,0.12109828,0.009623437,0.0071922615,0.015160113,0.033227555,0.030733997,0.42363596,1.0,0.091368556,0.038095832
0.12525445,0.20120007,0.19011764,0.011209858,0.01606882,0.02792547,0.08852554,0.07019189,0.9493078,1.0,0.0860666,0.09135909
0.14551671,0.22319487,0.18646777,0.011387158,0.01853388,0.022201158,0.089327775,0.08174161,0.9874717,1.0,0.08676521,0.087566964
0.094349176,0.14593835,0.20070012,0.0124087045,0.008437683,0.013261519,0.06393627,0.05300438,0.5930749,1.0,0.07103826,0.06432028
0.053333677,0.11844836,0.22310007,0.01378972,0.0044085197,0.010779592,0.0472054,0.031967282,0.41462633,1.0,0.07599966,0.052136257
0.03238748,0.079295516,0.18184589,0.013309583,0.002655574,0.005938643,0.02607243,0.023815863,0.3382921,1.0,0.08200583,0.027638238
0.0239193,0.056276165,0.16328916,0.014502563,0.001494693,0.0037317947,0.013494556,0.01598737,0.291958,1.0,0.09046276,0.017356848
0.011970089,0.062356297,0.2049565,0.01829222,0.00087497174,0.004470002,0.011182714,0.0062411604,0.28144705,1.0,0.09451104,0.012960249
0.006758068,0.106799245,0.3376745,0.027758723,0.0011854689,0.0049798246,0.008425055,0.003605707,0.29468125,1.0,0.094527714,0.010247382
0.007244794,0.1983012,0.67981696,0.06842747,0.0017733773,0.004050857,0.007249153,0.0031085035,0.26389235,1.0,0.11349176,0.011575998
0.009563666,0.3544252,1.0,0.113807514,0.0021545885,0.0016155283,0.0032376004,0.001537086,0.135016,0.6058161,0.08734686,0.0075655486
0.019385558,0.44338518,1.0,0.16673484,0.0069500767,0.0018986966,0.0018361405,0.0014767328,0.04768892,0.49337786,0.34029856,0.015218159
0.0035937624,0.04387933,0.33916953,0.19610897,0.0065863985,0.001223641,0.0009569566,0.001059765,0.031360954,1.0,0.936333,0.026201125
0.0008397864,0.017453123,0.2597026,0.14675327,0.004797319,0.0010595898,0.00065726385,0.0004758383,0.03998927,1.0,0.67952776,0.012790604
0.0009803342,0.045608632,0.39803526,0.14421545,0.008322992,0.002130927,0.0009633612,0.00076667924,0.072725,1.0,0.41630444,0.0052966666
0.0040090634,0.16429392,0.60575986,0.10714225,0.028444365,0.0047477763,0.002178448,0.0018994709,0.17011432,1.0,0.22788563,0.0031466426
0.008871775,0.25223097,0.71941763,0.11261595,0.06902792,0.009494656,0.001994404,0.0015630046,0.17807627,1.0,0.16752698,0.0033548234
0.008159868,0.18101224,0.73855454,0.20844069,0.15473944,0.03811047,0.001996664,0.0011884425,0.13758536,1.0,0.22987612,0.0050322395
0.003711435,0.06357737,0.64915526,0.4702462,0.19967484,0.11856734,0.0034205352,0.0010260345,0.051240828,1.0,0.78773725,0.021187644
0.0022234279,0.035029504,0.64388126,0.5009099,0.11642443,0.09766722,0.0033634957,0.00095775764,0.032568503,1.0,0.87175375,0.022629311
0.0033803885,0.09567339,0.8134492,0.36225298,0.1377073,0.05785337,0.0025511933,0.0011041958,0.07074038,1.0,0.49494776,0.00960428
0.007024288,0.3098128,1.0,0.18718322,0.1631578,0.026319409,0.0025384019,0.0019268655,0.17717186,0.8458446,0.15329671,0.0026476935
0.009235354,0.34399515,0.98341346,0.18739842,0.16007023,0.022151561,0.0029828644,0.002313079,0.21394694,1.0,0.12724817,0.0020678963
0.0046620527,0.1281945,0.6534006,0.25460723,0.14386167,0.040433872,0.0022868332,0.0012545005,0.108673334,1.0,0.3268673,0.0056533352
0.001752495,0.03583619,0.4342011,0.33829027,0.068853565,0.0384482,0.0016655708,0.0008683065,0.039614372,1.0,0.73244786,0.014581244
0.00082139054,0.015599195,0.28152078,0.26921806,0.02368684,0.012451421,0.0009150302,0.0012735255,0.052140832,1.0,0.73398346,0.017241782
0.0021458424,0.02287439,0.26871055,0.2692805,0.02727598,0.008810216,0.001530862,0.0032665837,0.08921553,1.0,0.6762978,0.020496974
0.029785331,0.13534725,0.36806503,0.2821251,0.07938493,0.040800437,0.014972638,0.025947234,0.14882089,1.0,0.62521195,0.029644612
0.010613032,0.06547651,0.49311984,1.0,0.35962793,0.026618494,0.004787904,0.0056851725,0.015496806,0.14825888,0.29557645,0.09880933
0.07184622,0.010727153,0.1444638,1.0,0.9947794,0.10084467,0.0037024363,0.0008504375,0.0013233596,0.030362412,0.36465973,0.5369242
0.56143516,0.011973512,0.010171621,0.20315519,0.65402603,0.24558452,0.009452143,0.00027413026,0.0003228571,0.0026065903,0.106793165,1.0
0.8746379,0.022655088,0.00094254507,0.015359863,0.20222563,0.20471561,0.010758247,0.00016880647,0.00015258673,0.00026278434,0.0340402,1.0
0.74640435,0.021368492,0.00386258,0.06983522,0.30012697,0.18679102,0.010418607,0.0002193555,0.00023387274,0.01021106,0.19151348,1.0
0.06039252,0.0018916166,0.046767674,0.3410956,0.24387325,0.031658,0.0010548269,0.00016951242,0.0019118646,0.16351192,1.0,0.52161545
0.004674371,0.0011000431,0.08940319,0.54193664,0.15741035,0.006389666,0.0003391014,0.00014734507,0.0035550396,0.2457479,1.0,0.18411352
0.030547306,0.002188561,0.10870146,1.0,0.9445056,0.16386983,0.005584536,0.00029749644,0.0031137955,0.1302808,0.566392,0.22071767
0.100916825,0.0044471608,0.013544917,0.20451361,1.0,0.69649386,0.038283076,0.0009341969,0.00064976,0.008976192,0.05056253,0.14947
0.059199523,0.0033868423,0.006165879,0.14289115,1.0,0.7508356,0.04374927,0.0010765591,0.0006485086,0.007709748,0.03619608,0.08384364
0.0116936155,0.00062167255,0.009354051,0.35805273,1.0,0.17546986,0.0048595425,0.00061015855,0.0005442105,0.003374016,0.043839414,0.09529413
0.094251536,0.02261715,0.008927266,0.30874866,1.0,0.23622829,0.01056274,0.0009151445,0.00053951785,0.0016647681,0.026653336,0.11495445
1.0,0.7309905,0.2375395,0.14408402,0.9116707,0.75781375,0.24881971,0.09289532,0.021555906,0.0047218855,0.011403395,0.2647938
0.8140136,1.0,0.60600084,0.088324666,0.23140074,0.3890728,0.70538753,0.64341646,0.16746807,0.013748016,0.0050372435,0.11321702
0.071078986,0.24444547,0.3617072,0.085646346,0.19601724,0.26114106,0.7216139,1.0,0.32974777,0.028881667,0.008951603,0.014972289
0.015839566,0.061072722,0.586873,1.0,0.40467775,0.13032006,0.14148551,0.13707276,0.11402452,0.1385505,0.111722335,0.0144086145
0.0074795675,0.043850288,0.72208035,1.0,0.10500492,0.024226995,0.04868184,0.032685254,0.021131357,0.10794287,0.13833709,0.010906558
0.006857298,0.04076696,0.6924707,1.0,0.09902628,0.013345244,0.02532297,0.009292088,0.003563136,0.08876239,0.18024614,0.018670542
0.016755486,0.013255248,0.09815349,0.45860806,1.0,0.33151135,0.038539592,0.009272237,0.006719286,0.03691269,0.4030994,0.28550136
0.014878814,0.0011995299,0.0040282137,0.19667761,1.0,0.43359435,0.055167384,0.004687441,0.001049119,0.0055581443,0.124318905,0.1668568
0.048211787,0.0018607895,0.0021452014,0.14918256,1.0,0.32010373,0.04252502,0.0040527587,0.00075422757,0.0018899591,0.06987654,0.2822236
0.16443057,0.0036697474,0.0027420898,0.116840154,1.0,0.23891944,0.01449224,0.002943546,0.0012173378,0.00060665427,0.067656346,0.66911155
0.15071876,0.0027666492,0.003789868,0.15297273,0.7544965,0.13841283,0.010188091,0.0021348791,0.0011436553,0.0027303584,0.23095308,1.0
0.053269237,0.0018119302,0.016969994,0.3440627,0.47031417,0.037222724,0.008131442,0.0021061313,0.0014501902,0.042455703,0.8812124,1.0
0.0081227645,0.0012817554,0.043654464,0.26527008,0.10139804,0.0067095966,0.0022997314,0.0015612358,0.0022628272,0.16379184,1.0,0.30171865
0.0019577392,0.0013801312,0.066110946,0.1823508,0.019422658,0.0015476419,0.0007773131,0.0010423006,0.0035683513,0.33916336,1.0,0.08893576
0.0027952215,0.0009900366,0.042484865,0.15778162,0.029098,0.0020184717,0.0008453569,0.00095047674,0.002332641,0.2534887,1.0,0.1607905
0.027353734,0.00089968776,0.017414147,0.20409776,0.16243729,0.011934462,0.0033107188,0.0013469595,0.0013081459,0.09119728,1.0,0.703084
0.089707814,0.0007715893,0.00328048,0.12862287,0.34582248,0.03622657,0.004291261,0.0010796438,0.0014270532,0.011504455,0.38797662,1.0
0.085634,0.0007518034,0.004254671,0.1597383,0.41229784,0.04147608,0.0038301707,0.0013358727,0.0019885139,0.01721607,0.42779168,1.0
0.02448186,0.001010824,0.033348303,0.26801473,0.22529484,0.018268881,0.0030107484,0.0020551493,0.002441419,0.11602845,1.0,0.6298825
0.0021438866,0.0019303825,0.09772056,0.22170696,0.027893584,0.0047532716,0.0015549383,0.0016982566,0.005526637,0.40314123,1.0,0.10916569
0.00081492425,0.002186034,0.109201975,0.21535581,0.015098713,0.0014472015,0.0011906824,0.0014164031,0.0069076396,0.48416215,1.0,0.05955689
0.007372294,0.0015030296,0.060852945,0.26048365,0.09215522,0.004890111,0.0007326325,0.001715302,0.0036310893,0.2479054,1.0,0.25991586
0.11258378,0.0030415684,0.02202031,0.3264807,0.73171383,0.12390438,0.0017931102,0.0019109579,0.002785166,0.0713917,0.8093096,1.0
0.10689025,0.0020341102,0.010852111,0.25154653,1.0,0.20217529,0.0026373544,0.0005015225,0.0012134231,0.004756364,0.07033324,0.40104696
0.023421125,0.0023692236,0.067679144,0.8048886,1.0,0.09278782,0.001594384,0.00054769556,0.0007119772,0.003511468,0.038727444,0.120870955
0.0044940733,0.0044994145,0.1307648,1.0,0.5919431,0.02775807,0.0009508763,0.00049911084,0.00082594814,0.018241217,0.109334484,0.080395155
0.006786586,0.00484233,0.0980003,0.5017525,0.1998282,0.025530566,0.002258106,0.0007511873,0.0074100103,0.2808069,1.0,0.2109941
0.00478308,0.0037051472,0.11659474,0.718234,0.2735021,0.026905695,0.0020603435,0.0008415965,0.0058825356,0.23058188,1.0,0.23205967
0.04606159,0.0058478927,0.10173019,1.0,0.79208314,0.20677714,0.026886424,0.0050711716,0.0016809185,0.03176653,0.61520153,0.49880284
0.0916685,0.02785787,0.039487824,0.19154164,0.53389305,0.96160537,1.0,0.2528038,0.013485149,0.021839706,0.1002654,0.16336371
0.0057761334,0.009013522,0.0072979387,0.03223235,0.056218866,0.24692057,1.0,0.45053628,0.025972929,0.010029852,0.011476401,0.006705073
0.0012279392,0.003945415,0.009753049,0.039159395,0.07862256,0.27673528,1.0,0.8452031,0.11883532,0.03514224,0.0104532605,0.0028715783
0.01074093,0.014728671,0.02709547,0.061599165,0.09747731,0.25532067,0.45645645,1.0,0.48765755,0.16100605,0.0701865,0.02476333
0.095537215,0.07852192,0.09413662,0.16449367,0.25937608,0.43036953,1.0,0.9625285,0.91713446,0.5324801,0.2947884,0.19392513
0.17701067,0.09823777,0.08111696,0.13195482,0.22322468,0.7063762,0.99215955,1.0,0.66125345,0.5771701,0.36084452,0.2684451
0.15500298,0.09128074,0.07703923,0.070557356,0.20099477,0.71112394,1.0,0.7855316,0.4138856,0.384167,0.3168921,0.2155871
0.118989974,0.10351581,0.07074872,0.084673084,0.25875986,0.5458833,1.0,0.7386076,0.37899384,0.33117306,0.3446428,0.13263425
0.07594161,0.07848746,0.052374665,0.056157127,0.15797976,0.28606975,1.0,0.54118687,0.2179258,0.25332186,0.23249504,0.088284574
0.07835427,0.058386564,0.047710348,0.02655784,0.06534252,0.22292699,1.0,0.3250613,0.1778946,0.33798668,0.34415832,0.11799255
0.1585651,0.1525968,0.06060315,0.03689988,0.07160876,0.2615105,0.7176808,0.19999497,0.19446723,0.69463265,1.0,0.3021716
0.32286605,0.361681,0.30513978,0.20104322,0.17778018,0.2594012,0.33513168,0.24757282,0.21812266,0.6500658,1.0,0.42908692
0.30961826,0.36220178,0.5024573,0.86869764,1.0,0.4235282,0.10713155,0.071134396,0.054584187,0.118639156,0.35694262,0.49050283
0.25291407,0.17358254,0.20981453,0.59694946,1.0,0.7234508,0.37872502,0.3012664,0.083345585,0.061263613,0.23207742,0.48896053
0.026841298,0.010377444,0.008407411,0.029653518,0.082834244,0.116936445,0.2951918,1.0,0.56123847,0.049594093,0.022739908,0.044283137
0.00090501644,0.00079534395,0.0014770266,0.005679412,0.020521207,0.049825612,0.24614407,1.0,0.59626555,0.04549252,0.0046290224,0.0011525219
0.004583414,0.008603615,0.092557415,0.31691077,0.3777197,0.3983885,0.7142454,1.0,0.43272772,0.071561486,0.02223894,0.0055639497
0.0041147275,0.013741686,0.3611334,1.0,0.274878,0.08368986,0.05695332,0.046528112,0.019956356,0.041529916,0.038691793,0.008108428
0.0033669323,0.0068934187,0.1939794,1.0,0.8658564,0.20509422,0.026359575,0.014693769,0.005441191,0.008367282,0.016982421,0.013244578
0.0051561412,0.0013606307,0.020146487,0.21898988,1.0,0.93159956,0.085097775,0.008223208,0.0031996323,0.0014625274,0.002367417,0.0072688973
0.0025690321,0.00070576393,0.003231799,0.023850668,0.5703613,1.0,0.10975918,0.004608387,0.002465687,0.0006987107,0.00040756562,0.001292814
0.0008482409,0.0018414169,0.026471397,0.23772298,1.0,0.6942908,0.056775022,0.0054996796,0.0012441982,0.000783423,0.00040611374,0.0006593541
0.0009681804,0.03562027,0.47522792,1.0,0.78840786,0.1852039,0.012855502,0.002983278,0.00054149644,0.0002667987,0.00049901713,0.00069629616
0.0040536234,0.13936137,1.0,0.5445449,0.072191685,0.032303214,0.0054072225,0.001084076,0.00034580866,0.00019816966,0.0005028988,0.0017635927
0.004610739,0.083937936,0.7275825,1.0,0.3245499,0.031763017,0.004396129,0.0013255993,0.00054753956,0.00040890253,0.0011123952,0.0019965626
0.0008973292,0.008976828,0.18933229,0.86946064,1.0,0.26442033,0.016773403,0.0020571603,0.00047339022,0.00026607994,0.0003428663,0.00031499873
0.002444704,0.0035988218,0.029505525,0.254906,1.0,0.95618165,0.13168709,0.004055872,0.00063543103,0.00034114864,0.00017403363,0.0005399079
0.009100906,0.004767627,0.011033807,0.065919004,0.39145756,1.0,0.24957219,0.0064400346,0.0010114355,0.00068834744,0.00063362566,0.0016394384
0.008933918,0.029268498,0.17414436,0.62292945,1.0,0.56178325,0.08107877,0.0041701435,0.003312218,0.006576235,0.0049240096,0.0031464999
0.028334757,0.56245404,1.0,0.79223394,0.48084012,0.14324147,0.01781791,0.004057131,0.05262507,0.06718315,0.019513534,0.009648138
0.01840257,0.39126042,1.0,0.6329653,0.13284482,0.023319477,0.003265885,0.00229032,0.026357295,0.02645106,0.0056729596,0.0063084303
0.003398469,0.04700303,0.37375048,1.0,0.6070037,0.08429112,0.006163235,0.0017538515,0.0016303718,0.0019527774,0.001057378,0.0012958988
0.0013847981,0.004561958,0.065386206,0.449192,1.0,0.38761857,0.0182741,0.0010155526,0.0005673521,0.00037797535,0.00065643986,0.0012872844
0.0017891822,0.0021340202,0.018784525,0.18299931,1.0,0.6317293,0.033191912,0.0015768287,0.0014505736,0.00085651054,0.0008186314,0.0019516984
0.00457951,0.05320343,0.284739,0.83751065,1.0,0.23654263,0.02431431,0.0036356638,0.0013724307,0.00059760956,0.001008046,0.002336625
0.081217624,0.8772063,1.0,0.4874201,0.154296,0.023248022,0.008029149,0.0023778323,0.0028638295,0.002556559,0.004660491,0.010946734
0.036671765,0.57966644,1.0,0.56738836,0.50555116,0.41654772,0.21311545,0.06279223,0.014437624,0.019896658,0.017867055,0.010284455
0.01337592,0.0606236,0.16755436,0.20916672,0.6223905,1.0,0.8158958,0.5825331,0.31568596,0.31858033,0.16092186,0.023395134
0.0675939,0.032489553,0.018371893,0.032355245,0.2419799,0.4607337,0.41654065,0.9732533,1.0,0.9574825,0.7193031,0.12713653
0.04780142,0.021776935,0.008428883,0.009423032,0.02806041,0.04405745,0.08397347,0.40869826,0.867832,1.0,0.8652156,0.13987838
0.008737462,0.012083169,0.047816344,0.1909666,0.19307923,0.1483004,0.1490127,0.27512497,0.8562082,1.0,0.47091156,0.07765921
0.007310377,0.07253928,0.6946506,1.0,0.55029595,0.285747,0.08206995,0.023919817,0.022822652,0.1257904,0.08692814,0.012598785
0.0034293223,0.11188615,1.0,0.5785334,0.1512877,0.088597834,0.065851115,0.0135328965,0.019989438,0.16456954,0.073138446,0.0037155394
0.0025959834,0.08753393,1.0,0.7701304,0.09923805,0.04579198,0.0333564,0.0045511415,0.0077137104,0.15290694,0.16390368,0.0063974904
0.004032949,0.115156114,1.0,0.8874289,0.096254915,0.014599135,0.0045884554,0.0018525438,0.012407119,0.2899546,0.4267142,0.020924566
0.019268487,0.35176647,0.9055881,0.31810233,0.048517358,0.0056140297,0.0051047,0.020820335,0.4394333,1.0,0.64541537,0.0421226
0.014408408,0.47170267,1.0,0.12432613,0.004260284,0.0009086531,0.0009964212,0.011437406,0.32629007,0.45181096,0.034160573,0.0065127015
0.018249704,0.4626169,1.0,0.17031404,0.007040025,0.0038912618,0.0013869904,0.007335215,0.12474635,0.110732295,0.007206863,0.0029283
0.034118395,0.69324297,1.0,0.30595413,0.02730348,0.009659838,0.0031021726,0.017269408,0.22640806,0.08764971,0.0034497133,0.0032149937
0.057689574,0.9947893,0.7920339,0.2732497,0.04964209,0.016191192,0.006565029,0.052250654,1.0,0.604222,0.013316679,0.0038664604
0.019492162,0.3673772,0.4470175,0.03569026,0.003381746,0.015899256,0.017265823,0.0217571,0.7526668,1.0,0.03797067,0.0056951614
0.040405426,0.22925277,0.46407315,0.033409297,0.0066359136,0.04832953,0.09489087,0.04281677,0.42974514,1.0,0.069601856,0.039204072
0.06496048,0.1290197,0.37902123,0.040610176,0.011856876,0.06715155,0.15304182,0.09593589,0.24219555,1.0,0.11635193,0.06775846
0.061336286,0.13212495,0.50733256,0.07922962,0.013127642,0.05052205,0.09913756,0.082628824,0.19052763,1.0,0.14668155,0.04351005
0.0681858,0.42366,1.0,0.14160396,0.011667272,0.024836846,0.031350017,0.024837447,0.097046115,0.64119214,0.12386837,0.013988639
0.07200217,0.7319432,1.0,0.09570147,0.004673128,0.004546244,0.0031558261,0.0018133286,0.028707221,0.1899919,0.036944315,0.0053038322
0.025667667,0.3867776,1.0,0.12802735,0.003058213,0.0014181643,0.0007053735,0.0006904056,0.029789666,0.16144928,0.023704221,0.0029712748
0.0038818002,0.20372899,1.0,0.1877369,0.0084735565,0.0020641352,0.0016707765,0.000839324,0.016771583,0.103433415,0.016776742,0.0014898755
0.0076514455,0.23116446,1.0,0.20992686,0.054621477,0.010781092,0.018265443,0.0039655217,0.011793517,0.079268396,0.014810146,0.0012806229
0.03533081,0.41231823,1.0,0.17091253,0.13286588,0.030244606,0.05910478,0.012771039,0.01980026,0.088754475,0.012952483,0.0027523318
0.044539303,0.56704617,1.0,0.18732017,0.21945253,0.029665185,0.027509077,0.00780327,0.014780773,0.035237502,0.0036238632,0.0030851676
0.032553017,0.5686575,1.0,0.16437705,0.2406673,0.024514947,0.013063972,0.004642382,0.005690531,0.010582065,0.0012025464,0.0023013896
0.022307474,0.3827672,1.0,0.172658,0.3437351,0.036433496,0.009774511,0.0020017403,0.0027562103,0.008071736,0.001146287,0.0023151326
0.02608545,0.337037,1.0,0.22756737,0.61861855,0.062351655,0.009660988,0.0017563216,0.0044053867,0.018172227,0.0025394512,0.0041699447
0.03454841,0.27939156,0.940994,0.32791018,1.0,0.15657775,0.01269315,0.0028921866,0.0052223885,0.02773883,0.005312985,0.006971779
0.05039994,0.18499349,0.90650344,0.42206007,1.0,0.29991198,0.022299752,0.010964508,0.012845914,0.066644154,0.021053607,0.010251922
0.055625,0.2403787,0.91603696,0.37349868,1.0,0.25789025,0.028202165,0.009983512,0.017289238,0.08497165,0.028497951,0.013797398
0.03964462,0.41771626,0.8130339,0.38694477,1.0,0.11897319,0.012499248,0.0022811617,0.0050777863,0.024095511,0.007297499,0.008585326
0.05242407,0.8917863,1.0,0.64117175,0.77350926,0.03585667,0.0064743715,0.002456671,0.010678365,0.02067822,0.0047019445,0.0056945174
0.045579743,0.7372836,1.0,0.5716584,0.7018221,0.032385584,0.0038499665,0.0021426259,0.013856484,0.04133122,0.010225149,0.006465856
0.054451745,0.29142883,1.0,0.47042406,0.44659606,0.06301257,0.0061822487,0.0021556756,0.01048747,0.04696895,0.01117571,0.009137029
0.09920518,0.1284337,1.0,0.7572917,0.15205364,0.07225029,0.0088960035,0.003325591,0.0051071243,0.042147003,0.015800584,0.00932846
0.07274394,0.14062226,1.0,0.5700382,0.21529025,0.065395914,0.010028644,0.004875709,0.014585325,0.07901676,0.030212814,0.011330448
0.0549718,0.55186915,1.0,0.6410395,0.849998,0.06623936,0.012235165,0.0073856125,0.059703384,0.13210782,0.020046826,0.012705963
0.056723185,0.8246314,0.93327004,0.9173522,1.0,0.046348568,0.013882339,0.003246401,0.028658018,0.054051824,0.004625127,0.005768742
0.03615693,0.51068723,1.0,0.56261915,0.7126361,0.052987617,0.016052384,0.0020300585,0.014567791,0.046728928,0.0085253725,0.0051546064
0.015718484,0.2329267,1.0,0.46529058,0.26061428,0.047176074,0.013439163,0.0045961263,0.022965508,0.102933004,0.036484115,0.0042458936
0.048789114,0.36304393,1.0,0.6805918,0.16341226,0.04987146,0.01612966,0.008946662,0.023101958,0.12143334,0.060135975,0.00677255
0.40514952,1.0,0.9539447,0.6119062,0.34485528,0.14179319,0.03243476,0.019678922,0.059714507,0.19991715,0.13516104,0.1259248
0.29378644,0.41620317,1.0,0.46329907,0.11905966,0.07614576,0.07192934,0.11099504,0.23737499,0.47554168,0.6070079,0.5432816
0.24737924,0.31219319,0.6260399,0.6928494,1.0,0.44688094,0.27677524,0.18838108,0.2894494,0.35026136,0.28676292,0.20416325
0.3445608,0.57684547,0.57494384,0.6598075,1.0,0.47070932,0.38754812,0.43432283,0.5427685,0.44436637,0.33533874,0.24704216
1.0,0.7096754,0.33801004,0.34106588,0.39267814,0.21539095,0.20289624,0.31962782,0.5920719,0.45741752,0.4136351,0.7545434
0.38641545,0.69256866,1.0,0.63506764,0.24688227,0.061880473,0.014010532,0.020791136,0.042642854,0.049450446,0.079562314,0.19381613
0.065382496,0.28758246,0.7280537,1.0,0.768313,0.1890196,0.0071658785,0.0010957702,0.00250956,0.0036834823,0.0062919557,0.023616085
0.0061693946,0.044703603,0.1769786,0.38506564,1.0,0.49554858,0.019517653,0.00024192323,0.00028176446,0.00025361453,0.00055574626,0.0026932482
0.0066711823,0.0045789047,0.016625447,0.06072463,1.0,0.98580635,0.053377237,0.00052019197,0.0003291765,0.0001999959,0.00061626907,0.007375649
0.007338953,0.0017272102,0.01786244,0.268576,1.0,0.48982537,0.023345688,0.0004987562,0.0014221106,0.0015494183,0.005725616,0.015804559
0.0068368944,0.033095025,0.25494182,0.9735734,1.0,0.15762119,0.004374214,0.0033363504,0.016059982,0.050305888,0.044892162,0.017478645
0.15176336,0.6981421,0.9782209,0.8732416,0.25050417,0.059305992,0.02708083,0.2726534,1.0,0.42498407,0.11158017,0.022063034
0.09061445,0.28347835,0.15211214,0.050170787,0.0367323,0.024184376,0.03485489,0.32079926,1.0,0.26660958,0.044632755,0.012892754
0.009899173,0.025964549,0.024981482,0.017688546,0.018625593,0.016062409,0.026629603,0.15381446,0.60224515,1.0,0.46430242,0.023926467
0.0004245709,0.0002956449,0.00027079202,0.00039682124,0.0013342809,0.0014553707,0.0019491856,0.012931957,0.1081013,0.95784646,1.0,0.056961488
0.00028055123,0.00020103791,0.00023234676,0.00017555285,0.0004194525,0.00043197162,0.00012578664,0.0006862962,0.019026399,0.6618406,1.0,0.058973555
0.00045365692,0.00044166006,0.00023713517,7.407973e-05,0.00026666827,0.0003919455,0.00010905938,0.000415692,0.01385663,0.5363821,1.0,0.07183813
0.00055727165,0.00019927691,0.00010561676,6.85228e-05,0.000322453,0.00052405667,7.206561e-05,0.0002750553,0.010140351,0.44904694,1.0,0.08753579
0.0006187755,0.00017117523,0.00011045133,6.130744e-05,0.0002350977,0.000481799,0.00016529212,0.0005169315,0.027455835,0.6648423,1.0,0.08075925
0.0011045685,0.00047773973,0.00032953583,7.6890006e-05,0.00012367322,0.00038739204,0.00064432767,0.0025607126,0.15613464,1.0,0.53174716,0.032648075
0.00051505765,0.00016780947,0.00013828614,6.0828235e-05,8.698702e-05,0.00021461456,0.00047111133,0.004979865,0.283233,1.0,0.17774218,0.005212727
0.0006123542,0.0001033896,7.359375e-05,9.6587224e-05,7.487773e-05,7.049932e-05,0.000115494106,0.0026710571,0.1545826,1.0,0.5647738,0.04019548
0.0016209208,4.918038e-05,3.282305e-05,4.5160712e-05,3.4091332e-05,5.137589e-05,5.7500412e-05,0.00046440604,0.018274965,0.3878405,1.0,0.15670013
0.0012919449,2.0055277e-05,1.555381e-05,1.0378633e-05,1.3818323e-05,1.8224006e-05,2.6694426e-05,8.430234e-05,0.005668497,0.28864047,1.0,0.16188283
0.0008093898,0.00025590358,6.335491e-05,9.787106e-06,1.3456415e-05,2.2299972e-05,8.6600136e-05,0.0010639795,0.032170396,0.6355881,1.0,0.102282606
0.00049337116,0.000827695,0.00015851349,3.6926063e-05,7.978979e-05,0.0001150193,0.0014450131,0.019728405,0.29611567,1.0,0.48219234,0.027046163
0.00017662604,0.00034017922,0.00011067268,8.9850946e-05,0.00023552674,0.00042447986,0.007969626,0.26209676,1.0,0.57158613,0.07734616,0.0033938137
0.00012656843,6.1598985e-05,5.345921e-05,0.00010509236,0.00020690722,0.0003316222,0.008002884,0.38725865,1.0,0.16657017,0.020356677,0.0014161165
0.0009117921,0.0001706806,9.109397e-05,0.00012501563,0.00017127521,0.0003537647,0.0029984133,0.1508715,0.9567555,1.0,0.30580285,0.028898919
0.0050555314,0.00023298808,3.6677782e-05,3.6386074e-05,0.00016948198,0.0011408,0.0005644961,0.005672846,0.09947988,0.5341443,1.0,0.22253543
0.006022987,0.00013154987,9.398937e-06,1.18832195e-05,0.000242988,0.0027718733,0.00097083923,0.00035137948,0.0025401546,0.14747025,1.0,0.32423246
0.0049343244,5.8646954e-05,7.646914e-06,1.0011394e-05,0.00024572664,0.0026307518,0.00083739526,8.233072e-05,0.002209738,0.164674,1.0,0.2990653
0.0022286463,0.00010296634,2.0630017e-05,1.5062261e-05,0.0003173285,0.0013521044,0.00030369931,0.00024049623,0.011804158,0.40273237,1.0,0.16582006
0.0014344499,0.0005741987,0.00017347072,5.4669294e-05,0.00043498646,0.001077606,0.003681115,0.03076308,0.14645453,1.0,0.9573702,0.07707724
0.006126711,0.0052326387,0.004213683,0.0010003437,0.0021362945,0.012001513,0.20668054,0.86547005,0.93386316,1.0,0.48984894,0.036001388
0.015035488,0.012408615,0.0062221796,0.0016823177,0.0016038972,0.01467093,0.2235857,0.93957,1.0,0.8423554,0.39206955,0.07832903
0.010632998,0.002060088,0.00045155967,0.00015223907,0.00020715273,0.00094346533,0.0047994154,0.045513563,0.17177226,0.5473108,1.0,0.2586283
0.06376132,0.004658027,0.00025330475,0.00011040915,0.00013619648,0.0009321567,0.00075895165,0.0017466035,0.012302174,0.1642288,1.0,0.5760947
0.532597,0.046154328,0.0013871647,0.00022320196,0.00032639474,0.00075607194,0.00075391645,0.0021867657,0.0095568765,0.06795738,0.6951242,1.0
0.41685316,0.03656402,0.0013397298,0.00013585541,0.00017689042,0.00056674314,0.00054641184,0.0013477751,0.0074768383,0.16377984,1.0,0.8810572
0.026611092,0.0014699573,0.00015347055,2.922469e-05,7.298129e-05,0.0003217747,0.00032044496,0.0012096722,0.02364525,0.377227,1.0,0.29624218
0.044199422,0.002133021,0.00051071733,0.00013175413,0.00021550647,0.0003088539,0.0025953702,0.026237445,0.1800265,0.84302294,1.0,0.26737043
0.29188925,0.10682193,0.042653624,0.0066499664,0.004445615,0.0075283824,0.043729484,0.47208837,1.0,0.7603299,0.59675944,0.7365951
0.031131404,0.014582596,0.008264604,0.0027850259,0.0034333647,0.0043774713,0.034368157,0.18855926,0.6514651,1.0,0.6230967,0.07159914
0.021117091,0.002430202,0.0005762373,0.000398073,0.00069212506,0.0012579206,0.0040888684,0.036335927,0.17754117,0.59875566,1.0,0.2735691
0.034929425,0.00075917045,0.00019549728,8.943645e-05,0.00012306102,0.0011259889,0.0013354156,0.0027981214,0.013135734,0.14882432,1.0,0.5729448
0.06855559,0.00057422917,0.000106658714,3.836617e-05,6.453863e-05,0.001136731,0.0020982346,0.0006997517,0.001607393,0.042840667,0.7942475,1.0
0.05145366,0.0010154824,0.0005229575,0.00017155061,0.00011282057,0.0007798516,0.001086378,0.00028656388,0.00085184316,0.04722268,0.9141415,1.0
0.059214514,0.030733703,0.011729642,0.001496695,0.00041216664,0.0014413728,0.00086148444,0.00066319195,0.0018609123,0.10684824,1.0,0.7699795
0.46642908,0.2780137,0.08865916,0.019041037,0.007346686,0.00717267,0.0051213363,0.006026362,0.012118492,0.16414522,0.6051317,1.0
1.0,0.9583867,0.43837264,0.32945555,0.16928431,0.14041635,0.09485365,0.2357471,0.16208892,0.3999438,0.4609538,0.5593636
0.4511318,1.0,0.6743858,0.1383247,0.010832141,0.009506292,0.010904251,0.022740193,0.022578605,0.041453384,0.05801572,0.08587359
0.099037066,0.46999797,1.0,0.4442472,0.020134412,0.0008156481,0.0012304393,0.0021815253,0.00403431,0.009976209,0.010288913,0.0154931145
0.009088988,0.1358032,0.96358246,1.0,0.08064963,0.0013783735,0.0003070316,0.00020918703,0.0007480377,0.0051106014,0.0068363086,0.0020973769
0.0026690208,0.053646583,0.6906783,1.0,0.1365065,0.003692078,0.001074223,0.00051449117,0.0006344513,0.0024691022,0.007871327,0.0023817061
0.020595955,0.21711822,1.0,0.33602846,0.04212553,0.01239277,0.011790696,0.005056096,0.0033088906,0.0143648,0.02502113,0.013580985
0.071224794,0.30113584,1.0,0.29401976,0.03726731,0.011038756,0.01987025,0.01237693,0.008906544,0.025287002,0.029855907,0.02094776
0.03655435,0.2004075,1.0,0.643288,0.06539941,0.009588967,0.013268154,0.011244595,0.033968177,0.17765284,0.18705785,0.039997023
0.11655744,0.26718867,0.695522,0.446328,0.02726752,0.010863909,0.015038042,0.070091784,0.56453717,1.0,0.29748917,0.16115987
0.07935071,0.17430875,0.23839281,0.11482875,0.012386942,0.0071656117,0.006268268,0.04557243,0.6873294,1.0,0.36809215,0.22919694
0.0071315663,0.0032815475,0.00570851,0.0039388957,0.0005603895,0.000300834,0.0002213533,0.0018055083,0.09172299,0.7964176,1.0,0.1711718
0.0012554084,0.00024794502,0.0011422612,0.0008129572,0.00024427116,0.00023657957,4.726688e-05,0.0002715757,0.030240916,0.73744744,1.0,0.076929234
0.0002640471,0.00020183488,0.00040885707,0.0002145524,0.0004058878,0.00034021994,4.1416137e-05,0.00020665044,0.037135784,0.9022234,1.0,0.047337998
0.0028227246,0.0019034182,0.0006554689,0.00012822737,0.00048116513,0.00025414283,5.1746614e-05,0.00023213902,0.04502377,0.85213596,1.0,0.067019805
0.3529447,0.049082417,0.005184075,0.000955,0.0006153805,0.0002721843,9.2881855e-05,0.00067106483,0.040009268,0.4881553,1.0,0.58663654
1.0,0.17638563,0.03897409,0.01749361,0.0030642601,0.0009413347,0.0014046599,0.0023367417,0.0034326408,0.01910407,0.14297414,0.90817136
0.7271029,1.0,0.66726714,0.103823505,0.006990494,0.002661909,0.0031776782,0.005842625,0.008175916,0.01406122,0.043314636,0.22688176
0.28225404,0.685272,1.0,0.17713884,0.0082062865,0.0020437008,0.0013627547,0.0013631913,0.0021236904,0.0035200757,0.0050953096,0.053347584
0.2089283,0.84823304,1.0,0.169719,0.021061126,0.01077097,0.00993174,0.01057558,0.009515013,0.008481704,0.014649912,0.037873905
0.27843955,0.9445159,1.0,0.28605315,0.17470258,0.15833955,0.19347171,0.17414251,0.10117518,0.051460452,0.096984185,0.107424796
0.58481413,0.52930075,1.0,0.5594719,0.426241,0.5576571,0.8860717,0.5545045,0.4676019,0.26626265,0.45179522,0.5754166
0.38800538,0.35926872,0.86007684,0.7967333,0.22704555,0.17210741,0.4038562,0.5397582,0.7245366,0.9167392,1.0,0.44726574
0.26064214,0.11624904,0.5912632,0.92285854,0.60215867,0.2681235,0.10916705,0.191929,0.2969443,0.57610166,1.0,0.6994957
0.69620526,0.063153915,0.17646544,0.39672288,0.93055964,1.0,0.12203245,0.053784683,0.059165753,0.12959425,0.3779107,0.76373714
0.60910213,0.052802324,0.058198083,0.3228488,1.0,0.89655966,0.118857086,0.011114539,0.016947407,0.07626123,0.3559277,0.72829187
0.06141826,0.021670159,0.3893493,0.70232743,0.39918223,0.094519526,0.036226742,0.010921354,0.03449014,0.6066821,1.0,0.3669398
0.010534571,0.015294758,0.44190612,0.714088,0.0671101,0.016961697,0.01671247,0.013571677,0.024225071,0.7142108,1.0,0.07420565
0.015911845,0.042433318,0.29812172,1.0,0.22221413,0.030227087,0.012949365,0.0324936,0.01321891,0.19206385,0.6451402,0.12129908
0.04588823,0.17043467,0.5903781,1.0,0.19199662,0.016234268,0.016527131,0.07379482,0.014894882,0.01778056,0.115250416,0.051976502
0.1084501,0.36341614,0.9107752,1.0,0.18895383,0.026587974,0.04032756,0.15850246,0.033586267,0.044532396,0.07252267,0.04320495
0.039431527,0.35928354,1.0,0.4352895,0.12201527,0.08111501,0.08149904,0.086862564,0.22007151,0.48681515,0.117768176,0.03953553
0.22940475,1.0,0.88680845,0.19600265,0.080204815,0.09113842,0.049645953,0.10025205,0.6184807,0.5348137,0.15523888,0.20775886
0.56694245,1.0,0.789165,0.19036964,0.087176174,0.11338993,0.05927115,0.20222983,0.5464955,0.2926945,0.39477578,0.53631705
0.3890982,0.33906928,0.40350434,0.29315197,0.1608426,0.1979137,0.2599308,0.3680898,0.29507634,0.5606536,1.0,0.77812964
0.059355285,0.08301174,0.1197992,0.34101215,0.5290278,0.8240566,0.9894461,1.0,0.43062454,0.33030084,0.20987885,0.073046215
0.04676245,0.06634346,0.15852287,0.4467403,0.59584147,0.9425362,1.0,0.8955226,0.4929543,0.30728564,0.17918801,0.06419137
0.14131236,1.0,0.9726815,0.26140806,0.124451794,0.42409244,0.3628774,0.1593195,0.2896475,0.4017458,0.0904316,0.03746685
0.10424846,0.95602006,1.0,0.08890145,0.00888149,0.026492145,0.030471614,0.03533317,0.5369322,0.589761,0.043134112,0.011022748
0.03788849,0.55151355,0.45266548,0.020104578,0.0007929739,0.0017533591,0.00268649,0.06251809,1.0,0.5121176,0.01122619,0.0022967209
0.010176134,0.25990325,0.30063236,0.015269205,0.00029565077,0.00033015298,0.00059175433,0.051899835,1.0,0.85621095,0.039301008,0.0005484203
0.0041952273,0.13604596,0.2134735,0.012372506,0.00030053174,0.00046704704,0.00065744406,0.012110801,0.37937257,1.0,0.15957348,0.0034558561
0.01399813,0.3607621,0.42078128,0.01811967,0.0007368693,0.0012301865,0.0013765758,0.0039878753,0.2674399,1.0,0.25346896,0.013001488
0.05654638,0.9997804,1.0,0.055520415,0.0051094145,0.004090018,0.0025570993,0.0062161246,0.18426238,0.25681016,0.0481446,0.009198752
0.056206163,0.8082645,1.0,0.1492521,0.014005035,0.012518964,0.009682725,0.011842222,0.11595905,0.36882514,0.1372247,0.012042051
0.006836793,0.11697812,0.48018438,0.23338965,0.015242538,0.0059169866,0.0061969506,0.006333181,0.07270155,1.0,0.81960636,0.024394274
0.0020354814,0.035818346,0.28775212,0.16755295,0.009843123,0.0027372364,0.0036440375,0.0015695648,0.0396861,1.0,0.8527114,0.024140257
0.0038626003,0.095503144,0.36488163,0.0989198,0.00807801,0.0041418006,0.009228116,0.0019787753,0.11205944,1.0,0.39766893,0.00956886
0.027640136,0.47007328,0.65289044,0.07204732,0.014445849,0.014740796,0.017347528,0.012267379,0.45535177,1.0,0.10119144,0.003488612
0.07363352,1.0,0.8418281,0.054729577,0.0071191704,0.011764059,0.008435559,0.032332707,0.74026954,0.57481563,0.028290825,0.0034630466
0.052868735,0.92100054,1.0,0.08633977,0.0047781453,0.005500468,0.008135186,0.023344113,0.5795283,0.8729215,0.091326244,0.0020454016
0.0057434756,0.18666054,0.49833646,0.084927425,0.0022371935,0.0023376816,0.008064086,0.0029003262,0.1941269,1.0,0.14489411,0.0010319409
0.0023479569,0.08673402,0.30119082,0.073869735,0.0029202222,0.0041310783,0.014504506,0.0019840794,0.16005127,1.0,0.1530578,0.0010658553
0.007891552,0.13908754,0.30556127,0.055435907,0.007135598,0.010981885,0.023530943,0.0037547403,0.24991031,1.0,0.11373829,0.0009868938
0.015996603,0.26684442,0.3453329,0.039178886,0.009629161,0.019989638,0.020456733,0.005599969,0.42349175,1.0,0.062285475,0.00048105096
0.01807573,0.36022627,0.4261899,0.0418126,0.0131091885,0.019068088,0.016303306,0.005745611,0.46354344,1.0,0.054842047,0.0007144695
0.02044998,0.3468708,0.3867362,0.034065068,0.009378334,0.0047790003,0.004762675,0.007769599,0.5588609,1.0,0.046908215,0.00102707
0.010634775,0.13523075,0.18594615,0.02439177,0.0030711999,0.0016519204,0.003223695,0.007530968,0.44795173,1.0,0.059567533,0.0007787764
0.011295152,0.278537,1.0,0.24208117,0.006503454,0.0020638367,0.0052002594,0.008585108,0.24708143,0.6225107,0.040330894,0.0033618463
0.013090257,0.415372,1.0,0.15269992,0.0016075551,0.0004862834,0.0010446082,0.0025012828,0.06534189,0.07202584,0.0029982254,0.0013836534
0.026363347,0.75456923,1.0,0.10956984,0.0018800072,0.0023510698,0.0016527775,0.006480733,0.15221614,0.09548402,0.0027897612,0.002039231
0.04793902,1.0,0.722997,0.041843675,0.0029540472,0.009278721,0.0083989,0.022471828,0.47545922,0.28359258,0.0076245824,0.0038699312
0.048206486,0.991918,1.0,0.07478325,0.002566623,0.0064718486,0.010402716,0.024375735,0.74585044,0.89922774,0.05282317,0.003650162
0.008208735,0.28217143,1.0,0.1799083,0.0020002744,0.0009892778,0.0019860424,0.0031033792,0.18338898,0.69010496,0.105521016,0.0017188226
0.03332377,0.24830171,1.0,0.2721056,0.006875343,0.002608849,0.0028431534,0.0014497163,0.069355875,0.41481942,0.094329484,0.0076211323
0.12481521,0.6695908,1.0,0.38143682,0.030007089,0.01881429,0.010929924,0.010748227,0.0780767,0.14364609,0.05006645,0.02164644
0.12736286,1.0,0.6230539,0.20920734,0.0317403,0.019288082,0.0053938986,0.11260768,0.66353536,0.1564374,0.006631173,0.005865259
0.0788301,0.41359106,0.105748065,0.017041907,0.0040678973,0.0057050604,0.0017855711,0.1883283,1.0,0.15468568,0.0032816909,0.0028197337
0.034225956,0.24701902,0.1369028,0.007396971,0.001669704,0.0020474307,0.0015449665,0.1337859,1.0,0.39506498,0.015031333,0.0021489677
0.008932309,0.27728003,0.76894456,0.15159285,0.0054783104,0.001982313,0.002422338,0.02827998,0.5343528,1.0,0.17664072,0.0036981767
0.0029589098,0.10818075,1.0,0.5767132,0.019542998,0.0016296465,0.0016697604,0.0015540686,0.0764297,0.80125415,0.56908494,0.017509341
0.0035385436,0.06195864,1.0,0.9448876,0.041197013,0.0018109577,0.001644664,0.0017730639,0.032189406,0.65688944,0.8404693,0.03590472
0.017687341,0.340563,1.0,0.34439194,0.012471181,0.0022456965,0.0018753911,0.0060119694,0.124265596,0.41079405,0.22426541,0.0119765485
0.08542446,1.0,0.62472993,0.05422709,0.0019613632,0.005304122,0.0020230128,0.03210997,0.36867106,0.22546256,0.025883462,0.0030946597
0.06539051,1.0,0.8971121,0.08978869,0.002599506,0.004613906,0.0020436298,0.025148163,0.43196142,0.42526028,0.05215181,0.0023845555
0.007870372,0.25658128,1.0,0.51033145,0.022752367,0.0014076565,0.001097885,0.002395177,0.079735264,0.39837027,0.23875721,0.009065195
0.0019203727,0.03701337,0.75640583,1.0,0.05901149,0.0011724383,0.0009743444,0.00077324733,0.011684193,0.31084907,0.46383047,0.022704009
0.0067041107,0.1536197,1.0,0.7112178,0.035779558,0.0025126715,0.0034099899,0.0047778166,0.09114399,0.3501439,0.28531072,0.013594533
0.064970985,0.79484874,1.0,0.22480118,0.006302787,0.009666339,0.0066473577,0.05166198,0.62176186,0.41656315,0.055136964,0.0035854736
0.060435075,0.9626979,1.0,0.14379038,0.005173003,0.008766019,0.0062960647,0.039602287,0.60144305,0.53397596,0.050233215,0.0019927423
0.0063814376,0.21423653,1.0,0.55708426,0.021598617,0.0025204082,0.0068084197,0.003568758,0.08030919,0.3528831,0.16261254,0.0044199848
0.017696036,0.1363545,1.0,0.7463745,0.03151708,0.0050191483,0.013490669,0.005178989,0.018836254,0.24431075,0.19662827,0.009983225
0.10494754,0.33009318,1.0,0.56486464,0.029700875,0.023590155,0.040321518,0.02484427,0.040789943,0.18402493,0.1143029,0.0303532
0.22090173,0.27104667,1.0,0.50111455,0.09658497,0.11962298,0.1950414,0.17866597,0.12766372,0.23230998,0.32069725,0.1801017
0.07371744,0.09815046,0.24876535,0.13205965,0.2957767,0.094634354,0.03983429,0.038534246,0.31527132,1.0,0.38080868,0.09166042
0.09766001,0.16591612,0.03539121,0.07293663,0.24395157,0.041718606,0.0030992578,0.010524376,0.3280195,1.0,0.17780235,0.012115216
0.14690207,0.20131378,0.08453634,0.13594788,0.14438209,0.02178181,0.012917707,0.08507227,0.5401536,1.0,0.20776056,0.021094896
0.20833309,0.61474675,1.0,0.5132616,0.22312231,0.16979814,0.41156146,0.6138782,0.6651582,0.5419596,0.46130577,0.122889645
0.09913632,0.4988753,0.44028914,0.14189942,0.0846829,0.13405031,0.5423696,0.5347721,0.15095463,0.32290053,1.0,0.2953226
0.09597281,0.1955039,0.4853378,0.23301621,0.0520062,0.04230625,0.28350958,0.8451145,1.0,0.5918657,0.69919866,0.45485762
0.036778707,0.02875174,0.12278903,0.12059461,0.041848812,0.038892858,0.044937473,0.14774418,0.5899697,1.0,0.63459617,0.14339624
0.058685265,0.018699814,0.30531737,0.443531,0.04321359,0.11103823,0.16033223,0.0407114,0.14144146,0.66683745,1.0,0.55492276
0.07690291,0.034239274,0.83065325,1.0,0.051103152,0.19989216,0.33176926,0.032027688,0.008112311,0.030502414,0.36046517,0.79275525
0.028074834,0.09243421,1.0,0.568138,0.040113892,0.2506167,0.23504724,0.011790711,0.00097594294,0.01584355,0.25472757,0.33492777
0.012037653,0.2394563,1.0,0.29288387,0.10249159,0.25389996,0.1403457,0.012107064,0.0035628737,0.028300397,0.18005863,0.08607843
0.06625485,0.53201705,1.0,0.27553457,0.48083743,0.90953344,0.5490295,0.07399623,0.055337485,0.20807146,0.49569163,0.2615533
0.055678047,0.19193786,0.6486663,0.2621543,0.2044445,1.0,0.44522226,0.059311762,0.11572674,0.23578395,0.29072332,0.11271804
0.15240058,0.31670925,0.6557976,0.38962388,0.19790672,0.3727582,0.2770618,0.16202329,0.21377626,0.61925125,1.0,0.23434871
0.15161152,0.19999194,0.52083546,0.37044677,0.22530296,0.6025435,0.26161635,0.23993503,0.31033948,0.6520634,1.0,0.28314462
0.056398835,0.058078308,0.09958875,0.13149214,0.3036217,0.35041112,0.16185993,0.46061873,1.0,0.29706952,0.19447109,0.07694958
0.12454715,0.11892897,0.05049106,0.053948984,0.34097877,0.5396596,0.20404345,0.43975738,1.0,0.52361643,0.38929507,0.08900667
0.17456774,0.12090999,0.046959605,0.027725596,0.09810824,0.4827423,0.36788025,0.35507917,0.671999,1.0,0.7769059,0.14571662
0.14111535,0.13428475,0.07770667,0.040561482,0.052842736,0.47523838,0.46805558,0.49638963,0.86385,1.0,0.8113489,0.15881267
0.06863209,0.20027529,0.16917416,0.101033494,0.29002184,0.42830437,0.21584879,0.631453,1.0,0.6323617,0.74214214,0.16046166
0.11349922,0.09847943,0.09254429,0.10381247,0.5516065,1.0,0.15596762,0.03850474,0.2331316,0.32197875,0.38497585,0.36644992
0.23371401,0.22281417,0.14896631,0.09945926,0.31670624,0.6153888,0.13473213,0.101579934,0.24174452,1.0,0.845895,0.23961914
0.4752776,0.6083461,0.4402905,0.31116188,0.6423273,1.0,0.38171196,0.29275864,0.38821992,0.49706456,0.5311354,0.32038748
0.5811594,0.54413617,0.517997,0.52927184,0.5948923,0.84897345,0.583111,0.3529958,0.44963923,0.538049,1.0,0.81098807
0.45499656,0.55102724,0.3740085,0.24998374,0.2967301,0.4100424,0.3259747,0.21687493,0.26893425,0.48838273,1.0,0.6950449
0.26892555,1.0,0.5230982,0.15729396,0.1763211,0.1423994,0.1182814,0.09157779,0.14453818,0.1990514,0.18301074,0.20235369
0.25285688,1.0,0.44053757,0.08644832,0.12351508,0.10399197,0.07026263,0.06462342,0.09982557,0.08707265,0.1108095,0.25244254
0.22154273,1.0,0.99852854,0.13680184,0.11282629,0.12679881,0.06893742,0.06252802,0.08496427,0.08227782,0.18117894,0.2298595
0.10012645,0.7233051,1.0,0.124163814,0.0819282,0.06763181,0.03441892,0.047004182,0.09203491,0.100929625,0.3289598,0.33867237
0.09634916,0.8191969,1.0,0.15503195,0.08576019,0.058234636,0.028824935,0.03730281,0.071556896,0.08442731,0.11930252,0.2128086
0.17187203,0.8389897,1.0,0.27721608,0.2099483,0.20964324,0.14107761,0.23232256,0.34672967,0.1670292,0.120993406,0.3021963
0.34154734,0.8106992,1.0,0.76471484,0.645845,0.502279,0.4729205,0.47488227,0.59865195,0.24232605,0.21422048,0.46750396
0.44051298,0.7313229,0.91341937,1.0,0.69811136,0.6305778,0.5132948,0.40302098,0.48464495,0.38358855,0.271243,0.3530971
0.7185747,1.0,0.8587508,0.972859,0.62496036,0.42146465,0.4268962,0.48918548,0.63885874,0.5272212,0.34649915,0.39432672
0.6420227,1.0,0.8453244,0.70612305,0.3525773,0.26909673,0.2866227,0.22877586,0.25918275,0.20597212,0.24055627,0.3418381
0.50310785,1.0,0.8325533,0.50465983,0.30065277,0.2680396,0.25902995,0.15176478,0.14838602,0.1662714,0.18421927,0.27400386
0.506825,0.9995752,1.0,0.662625,0.21801172,0.13191593,0.194304,0.16199443,0.1484924,0.14815168,0.15524337,0.26800442
0.33471575,0.97321755,1.0,0.5800083,0.13605174,0.10773269,0.17618443,0.14348906,0.16206428,0.21787657,0.20580171,0.23150466
0.5775834,1.0,0.8702798,0.42690974,0.14237586,0.12980387,0.20264418,0.17267314,0.121495105,0.11699268,0.12178529,0.28905335
0.49674347,1.0,0.8404373,0.36955035,0.17607692,0.13308045,0.15958928,0.13142921,0.14090616,0.15184584,0.17296413,0.35672614
0.6124951,1.0,0.78698087,0.40983433,0.13773222,0.08789624,0.10596355,0.11812029,0.120094,0.11050166,0.16830912,0.35019362
0.6975899,1.0,0.75736827,0.41470516,0.12804076,0.09696958,0.16985862,0.19639604,0.13397789,0.13225064,0.1934844,0.4033801
0.7601217,1.0,0.85909796,0.59697,0.15759154,0.19652063,0.63517964,0.27353063,0.38559464,0.51648873,0.23973751,0.48469657
0.5631557,0.8037166,0.7488541,0.4721463,0.14263901,0.26652166,0.7998338,0.3565114,0.66537595,1.0,0.32745,0.44844744
0.2512636,0.69909215,1.0,0.4578784,0.12485719,0.25717065,0.31223163,0.15741242,0.19184856,0.23585138,0.13896637,0.16144718
0.15468362,0.4219822,1.0,0.45613775,0.060693707,0.1391834,0.099789634,0.05242151,0.05691151,0.056430593,0.05100573,0.08070466
0.16476509,0.5574188,1.0,0.6469348,0.13938983,0.20419171,0.16567059,0.11194616,0.1402295,0.13847052,0.13033316,0.123421825
0.6125992,0.9807024,1.0,0.71347725,0.34913674,0.38829282,0.32962877,0.3291882,0.35345286,0.35030153,0.30243564,0.40692225
0.93358105,1.0,0.96029764,0.7867153,0.45722657,0.49517483,0.4713448,0.51351756,0.6797385,0.85239434,0.58760315,0.74349755
0.42817545,0.3725183,0.39787564,0.5109949,0.3246386,0.2759647,0.24734563,0.32744816,0.64758366,1.0,0.39292124,0.39034483
0.7618627,0.8562592,0.846888,0.7955312,0.45643806,0.39655718,0.3741855,0.495024,0.8041107,1.0,0.5359161,0.6593609
1.0,0.8531751,0.9666102,0.9204606,0.6149829,0.4405633,0.39317298,0.4118822,0.6199899,0.67443323,0.512945,0.6968392
1.0,0.53431594,0.470025,0.5141422,0.42323416,0.2739968,0.25670108,0.1985866,0.25878078,0.3277223,0.34997645,0.73994523
1.0,0.6943784,0.78409946,0.60345834,0.39394957,0.3539357,0.3479191,0.30544,0.3676119,0.42240626,0.5380263,0.9162651
0.8757795,1.0,0.7215614,0.6609889,0.35118338,0.30541423,0.36670846,0.26400584,0.33059728,0.44409713,0.58860534,0.5282311
0.7294336,1.0,0.7261939,0.47306454,0.26248327,0.22628358,0.31323755,0.17114957,0.1738827,0.23690143,0.36119944,0.30212376
0.4639954,0.803153,1.0,0.61761314,0.24668567,0.14583233,0.15101807,0.103231475,0.1357901,0.15883334,0.17301275,0.26324666
0.09374159,0.2788997,1.0,0.85514134,0.24893418,0.14572409,0.06732007,0.0324944,0.010229175,0.008737254,0.025074938,0.07030586
0.086137734,0.26664048,1.0,0.90483475,0.27004763,0.16251773,0.07181007,0.034542486,0.010344909,0.009876078,0.023021143,0.06646383
0.08225828,0.27838343,0.9872568,1.0,0.64651555,0.40058258,0.123789474,0.06937891,0.014955744,0.014816231,0.024835497,0.046951838
0.09607043,0.30984813,0.7803472,1.0,0.8551508,0.56959504,0.20701852,0.1345216,0.08130335,0.13332233,0.053560626,0.04137329
0.12899905,0.2581191,0.7759918,1.0,0.7417115,0.30100492,0.25012648,0.16274978,0.2789303,0.621263,0.12901768,0.0774333
0.15688457,0.29072508,0.6650427,1.0,0.5874138,0.2576591,0.22155643,0.11170229,0.12001867,0.20708132,0.0501907,0.06594939
0.6743529,1.0,0.84018564,0.88383985,0.51060164,0.29487383,0.15712623,0.071692824,0.05932502,0.05351626,0.037236806,0.10957533
0.5294692,1.0,0.73521996,0.37489393,0.22829401,0.1765706,0.07898583,0.036426928,0.019279227,0.018475862,0.022732876,0.09163462
0.32688656,1.0,0.511407,0.1331616,0.06290452,0.058710676,0.027709913,0.0132272765,0.010819044,0.011534956,0.020226348,0.055964157
0.40306628,1.0,0.34578514,0.09595973,0.06877315,0.043555543,0.01554964,0.010642221,0.012931666,0.016097143,0.022932194,0.08313538
0.46024376,1.0,0.42433894,0.204374,0.17079745,0.08060458,0.03720466,0.04611169,0.05733022,0.04758985,0.07031211,0.19014242
0.5897409,1.0,0.4916957,0.23637678,0.21644633,0.1562531,0.124882035,0.098679535,0.13223283,0.16784607,0.12762393,0.19812584
0.8247697,1.0,0.6286029,0.40609393,0.33641306,0.33515343,0.31187794,0.20313026,0.2578017,0.42037305,0.2911726,0.40206316
0.6574457,1.0,0.819244,0.6319981,0.48818624,0.51320046,0.4591711,0.32338473,0.29652768,0.36044982,0.34790528,0.45016617
0.37613213,0.44335952,0.78729546,0.39005768,0.4468807,0.3099122,0.22003657,0.18107253,0.26223898,0.48888382,0.87243277,1.0
0.18921447,0.862049,1.0,0.15930435,0.09551001,0.07397301,0.07802237,0.059732568,0.06099555,0.22624572,0.3460208,0.3044997
0.26188222,0.97152925,1.0,0.21253048,0.069542594,0.04369988,0.069476224,0.08438928,0.07795746,0.17105867,0.202292,0.13458295
0.29156333,0.7375529,1.0,0.42725837,0.12336035,0.061239112,0.068938754,0.065800294,0.06216879,0.10811805,0.14844573,0.09867098
0.31034577,0.68640506,1.0,0.4146258,0.12066195,0.07663528,0.04855983,0.020480102,0.033526465,0.07697692,0.14875698,0.2517655
0.6673449,1.0,0.95177674,0.6570597,0.45531532,0.26623717,0.13743573,0.013680275,0.047668934,0.4037394,0.68097913,0.56567
0.18096796,0.16231045,0.23474598,0.42570108,0.3976732,0.13860513,0.049248554,0.012965031,0.026884012,0.5098249,1.0,0.24191679
0.35656604,0.28552887,0.8595293,1.0,0.41970414,0.27370244,0.067975335,0.023406493,0.06327376,0.46481204,0.9027953,0.43046725
0.23876598,0.36093923,0.3351354,0.41373447,0.19986229,0.14745219,0.046556108,0.036912464,0.0978739,0.4191184,1.0,0.46153882
0.16457267,0.27372348,0.2511111,0.29116756,0.16266462,0.071010865,0.07080475,0.23150507,0.7605338,0.7526291,1.0,0.47272885
0.042897567,0.041742653,0.07039111,0.10047679,0.064220145,0.034023933,0.024655461,0.14806412,1.0,0.4571929,0.28254765,0.0651575
0.07358987,0.054029252,0.038760483,0.0627625,0.075367995,0.055637237,0.016656693,0.11943313,1.0,0.5018185,0.3149185,0.06061488
0.20394692,0.09700138,0.05262984,0.26413926,0.18838474,0.08771327,0.045920856,0.100720085,0.9047277,1.0,0.8417449,0.35452285
0.16478102,0.058696017,0.029282048,0.06608745,0.051200192,0.026428992,0.02460894,0.024203492,0.2623989,0.75995934,1.0,0.57682675
0.5196418,0.17138572,0.042229503,0.036852583,0.029189475,0.037469465,0.033891253,0.033295494,0.19637987,0.59276056,1.0,0.7598091
0.93292,0.53258675,0.11323792,0.07507765,0.09659049,0.21002781,0.29910836,0.29699573,0.20568424,0.35959762,1.0,0.57416725
0.5419886,0.1580805,0.22598407,0.23934598,0.35081264,0.31586987,0.52317,0.6374405,0.49339575,0.41013858,0.8617143,1.0
0.44813305,0.11950989,0.37736654,0.4071639,0.44876724,0.53983283,0.75077796,0.5263225,0.45241305,0.42422447,0.9882415,1.0
0.54051495,0.58704835,1.0,0.92176414,0.62233156,0.5192335,0.6597393,0.5337423,0.50808907,0.39823925,0.8451348,0.6862676
0.10338816,0.16154571,0.28039214,0.6673582,1.0,0.41604534,0.24507783,0.17330916,0.586162,0.4793902,0.24152565,0.11410221
0.3992664,0.9278715,1.0,0.6584142,0.8153033,0.94383925,0.89716935,0.60652643,0.7175332,0.7063582,0.4930684,0.5825955
0.37399513,1.0,0.93554026,0.34168863,0.17879525,0.28259665,0.4241337,0.44771966,0.36791638,0.3968775,0.30752102,0.30474946
0.26485717,0.33892626,0.40559065,0.2408279,0.13327263,0.08918183,0.13770771,0.26453525,0.2746215,0.47030053,1.0,0.7608004
0.8965563,0.11067974,0.08471541,0.09215126,0.13434102,0.123272836,0.10647386,0.25260392,0.30872175,0.28686622,0.5335894,1.0
1.0,0.4025936,0.027271705,0.023928069,0.033740267,0.08681707,0.08768226,0.2218674,0.23970531,0.15188502,0.10215157,0.26839298
0.8737307,1.0,0.06642307,0.039648872,0.027487898,0.08377205,0.17448826,0.3259349,0.41134596,0.17842497,0.13709088,0.15197247
0.29310825,1.0,0.16405082,0.05741066,0.028433746,0.06425291,0.3176769,0.3292386,0.5298229,0.22389936,0.14421195,0.1084447
0.16667248,1.0,0.2745778,0.1037979,0.03624739,0.06017498,0.44214487,0.44120812,0.58389854,0.305617,0.14793475,0.13213183
0.19212268,1.0,0.36345938,0.12731984,0.058592245,0.07420392,0.4481778,0.4465736,0.55215573,0.41380656,0.18673083,0.20378636
0.24186428,1.0,0.4052101,0.14078662,0.07949111,0.117601156,0.61591625,0.56109375,0.6471796,0.61816734,0.39833066,0.3449916
0.22605392,0.7481678,0.25791922,0.08598045,0.07120868,0.20136662,1.0,0.6187346,0.4719118,0.59917086,0.88425785,0.27381495
0.16254582,0.46504036,0.1316792,0.042622253,0.19675216,0.6645884,1.0,0.6499477,0.33578834,0.5242502,0.7198739,0.12783912
0.104716435,0.24818364,0.058543567,0.051620997,0.4816304,1.0,0.52656287,0.32665363,0.19644839,0.19853045,0.21713421,0.04695321
0.17814232,1.0,0.37333384,0.1910318,0.551263,0.69783527,0.8830435,0.3145652,0.19786099,0.23226947,0.20120658,0.122739784
0.21800064,1.0,0.35408875,0.15107845,0.22673464,0.5155634,0.8238556,0.41916758,0.13486277,0.12368184,0.23769306,0.2505723
0.46378022,0.54350567,0.19662048,0.19156551,0.2094211,0.3936681,0.91853684,1.0,0.65969574,0.32244393,0.24301954,0.37659863
0.65166587,1.0,0.34173888,0.23400801,0.21716711,0.2966355,0.52257556,0.706135,0.7921173,0.4031876,0.4723574,0.3335878
1.0,0.7018469,0.23255403,0.35777834,0.23121013,0.13596268,0.58304477,0.99913377,0.38559133,0.16771542,0.36501992,0.3706005
1.0,0.3754426,0.0912347,0.26939425,0.25401518,0.11468135,0.41445506,0.8667636,0.34588766,0.10482895,0.39703834,0.85534525
0.43415248,0.090994716,0.021184992,0.03729604,0.122933574,0.091540314,0.12174334,0.17622569,0.16623795,0.05403423,0.17168804,1.0
0.4545814,0.08244735,0.018420402,0.016417839,0.08987949,0.07638465,0.070356436,0.09477287,0.15915437,0.07838746,0.13622497,1.0
0.26397255,0.06677549,0.026988933,0.056152392,0.1281189,0.057119876,0.058373254,0.14408885,0.28059873,0.13017759,0.29902747,1.0
0.2653918,0.15023006,0.33895883,0.46584186,0.29597002,0.0965241,0.1235024,0.3990338,0.5216781,0.27047133,0.6520911,1.0
0.07436026,0.08898391,0.86164194,1.0,0.15024589,0.04412051,0.059819546,0.07633175,0.101706795,0.35268778,0.6026133,0.17205997
0.05223147,0.043929312,0.3678655,1.0,0.6421998,0.12131266,0.058469538,0.05276772,0.085722685,0.24940786,0.78959364,0.2545549
0.13169378,0.071808904,0.09777331,0.34174103,0.9492128,1.0,0.1782009,0.09469119,0.108920746,0.13065381,0.23837285,0.15895055
0.15601641,0.12425332,0.072894484,0.09800449,0.6893933,1.0,0.13618046,0.08153547,0.11742088,0.06203689,0.055775892,0.06715639
0.098144926,0.16180186,0.29455268,0.7734621,1.0,0.37060967,0.19218376,0.20313303,0.12992184,0.043884777,0.08610823,0.09324526
0.049973115,0.21853945,1.0,0.9311374,0.24793202,0.120033406,0.36259404,0.20140268,0.03433788,0.06268455,0.1020013,0.04500977
0.040256213,0.21856348,1.0,0.38290375,0.036044188,0.12127597,0.21291375,0.043722667,0.009332548,0.046247337,0.031952314,0.017833764
0.053784978,0.19550885,1.0,0.74253595,0.1558087,0.13027523,0.14473417,0.025719509,0.012148609,0.056665633,0.052889705,0.04886222
0.07754058,0.06710365,0.43987602,1.0,0.6604066,0.18067293,0.11925528,0.02906918,0.008414363,0.02351066,0.053277887,0.10233235
0.20740102,0.06078012,0.12625273,0.2830074,1.0,0.80322874,0.1586619,0.042520095,0.012923738,0.01636126,0.030820476,0.15194029
0.21704215,0.10702795,0.09968521,0.22516744,0.95723,1.0,0.17521016,0.036507957,0.023899784,0.02646439,0.021145806,0.092587285
0.08782945,0.12237377,0.18430679,0.5346909,1.0,0.36359656,0.08474059,0.027029714,0.016880019,0.0110991,0.015690044,0.04808133
0.05703532,0.081600256,0.44867098,1.0,0.61781114,0.12076801,0.06815502,0.047506876,0.024908207,0.027785715,0.07323463,0.08172473
0.11096665,0.03752972,0.09767434,0.61779344,1.0,0.3936232,0.19991402,0.33974025,0.0794427,0.067112,0.10588993,0.14571412
0.21908526,0.11413571,0.044290368,0.2218155,0.8273386,0.9420618,0.61008644,1.0,0.25965485,0.17552027,0.1476986,0.1086751
0.13243361,0.1862089,0.04431854,0.079252705,0.13530216,0.6691634,1.0,0.5565984,0.21624948,0.16505641,0.20432167,0.031472392
0.031781305,0.06741413,0.023269441,0.028111184,0.036883708,0.25791925,0.81375885,1.0,0.348513,0.08134454,0.0983871,0.054233767
0.007858595,0.0058350936,0.0069959946,0.0058309445,0.010706781,0.044907805,0.32963225,1.0,0.3577725,0.039366227,0.04623368,0.04106549
0.012062231,0.010975234,0.0069551873,0.01258178,0.044162516,0.20028302,0.73074275,1.0,0.41232425,0.081169926,0.096384235,0.042731863
0.35707283,0.33951733,0.30450246,0.3654077,0.47328073,0.6704979,0.72360635,0.7559167,0.5995667,0.9930406,1.0,0.51943195
0.48195267,0.34465027,0.39736962,0.3082688,0.30020514,0.3348076,0.68954486,1.0,0.7080846,0.87633526,0.8293784,0.45037434
0.49637517,0.34534457,0.4166917,0.3242379,0.2818665,0.3015718,0.5034942,0.63481027,0.63667357,0.9300493,1.0,0.5960056
0.6616128,0.5059421,0.57027686,0.46577537,0.32765692,0.34375447,0.4069224,0.4708938,0.51838714,0.7766847,1.0,0.89123183
1.0,0.9351148,0.84141827,0.6752992,0.5646884,0.6223794,0.5690979,0.57729524,0.6369578,0.36608833,0.6131066,0.8705011
0.88863254,0.8040792,0.71481913,0.836542,0.79213405,1.0,0.98926735,0.66716456,0.6913312,0.3943604,0.4972087,0.6222841
0.37133402,0.35994855,0.4657557,0.5925738,0.49200276,0.77138495,1.0,0.43434477,0.25789914,0.25981733,0.29567882,0.21156624
0.46111828,0.8527227,1.0,0.5456771,0.28992924,0.63033277,0.6280977,0.21773724,0.17126068,0.1543364,0.24385652,0.28967708
0.14390914,0.14940529,0.28915587,0.63888466,0.9830533,1.0,0.6632255,0.23761512,0.1136401,0.064323105,0.061532825,0.1059199
0.036281493,0.064797,0.24790289,0.3688405,0.36553407,0.41927496,1.0,0.98748666,0.37950438,0.05633944,0.029798333,0.028344432
0.0267897,0.037816156,0.2006589,0.6049002,1.0,0.6909835,0.49080184,0.6740423,0.5685832,0.25482735,0.10126857,0.03327717
0.008760056,0.007802894,0.011103204,0.050697383,0.34984732,1.0,0.41336504,0.026276318,0.035779256,0.051221408,0.111032896,0.040333606
0.007199997,0.0054093315,0.0036814432,0.003641221,0.06658108,1.0,0.8181975,0.022658486,0.0048163,0.009060966,0.09442835,0.04722922
0.008860607,0.007177588,0.005601299,0.003292743,0.06037286,1.0,0.82048917,0.030470079,0.009566673,0.016406791,0.109000206,0.04701014
0.027476592,0.050269015,0.02062147,0.09557537,0.60034823,1.0,0.5339911,0.17651927,0.1744625,0.41906577,0.35125145,0.094104245
0.026870439,0.07931857,0.019745352,0.38759646,1.0,0.1013808,0.075250514,0.10554243,0.39073697,0.9368246,0.12438666,0.009016237
0.010110376,0.018566007,0.0136691,0.5946947,1.0,0.047966205,0.012157649,0.011617402,0.26391348,0.5126186,0.027526358,0.0016061957
0.012378897,0.019924562,0.010538487,0.57326865,1.0,0.046975434,0.010155815,0.00884906,0.10976613,0.26766753,0.018914184,0.0011938357
0.0162179,0.033391193,0.009778626,0.41120702,1.0,0.07600577,0.015952215,0.018823141,0.108875655,0.4516548,0.05199056,0.0024392966
0.035242397,0.07802639,0.011580855,0.14215584,0.6314193,0.071595915,0.041808575,0.046961825,0.243671,1.0,0.1056348,0.0056055915
0.0493264,0.08391388,0.014123972,0.13031133,0.3900862,0.033119433,0.05468179,0.044373333,0.3383544,1.0,0.078164734,0.00405126
0.046354458,0.081544355,0.013806049,0.093644194,0.29437044,0.025636388,0.04276585,0.038117666,0.31379712,1.0,0.08250819,0.004682529
0.047988266,0.07952016,0.02340917,0.07343505,0.24611636,0.026415642,0.032747142,0.035694674,0.2741887,1.0,0.098667756,0.01057155
0.05981086,0.10110073,0.019002652,0.08168647,0.24453373,0.023353709,0.046029005,0.042646833,0.333808,1.0,0.07844244,0.0064286552
0.08266583,0.11279467,0.014735877,0.11848289,0.27138555,0.01889647,0.051197316,0.038382802,0.4528986,1.0,0.057382993,0.0040841824
0.061522365,0.092458084,0.012092859,0.09702631,0.25966585,0.018464698,0.028737871,0.02398354,0.40871358,1.0,0.0611586,0.0038519353
0.04082868,0.06963541,0.008999352,0.06360531,0.20086719,0.01612513,0.015996536,0.016448513,0.3572385,1.0,0.07041364,0.004021068
0.030274194,0.056589928,0.006937136,0.050344437,0.17259736,0.015745172,0.010341383,0.012423632,0.31897843,1.0,0.08203138,0.0043266513
0.016907189,0.041793227,0.005411184,0.028112063,0.13747217,0.017922763,0.0057977773,0.009096186,0.21941458,1.0,0.11875223,0.003379351
0.007331434,0.021158263,0.003921843,0.01574841,0.1238813,0.02574765,0.003289939,0.007080806,0.15313968,1.0,0.17167038,0.0040957537
0.0059077614,0.016862325,0.0039959154,0.017616265,0.19769362,0.056387845,0.0030777205,0.007660745,0.10511083,1.0,0.25503653,0.007789167
0.008657742,0.02681016,0.006793589,0.033002768,0.3130267,0.07942899,0.0046511986,0.011445525,0.107441716,1.0,0.2558883,0.008673039
0.009898329,0.026799256,0.006995963,0.040694553,0.30808005,0.05894721,0.005542333,0.01174281,0.15050387,1.0,0.174144,0.005707892
0.0097222645,0.023641048,0.006213464,0.03583205,0.24915317,0.042253748,0.004710673,0.0093291495,0.16275886,1.0,0.15518898,0.005334814
0.009293045,0.02346195,0.005158645,0.042018835,0.25690877,0.038177975,0.0036444785,0.0068630506,0.1736664,1.0,0.14470606,0.0038620473
0.008481176,0.022533992,0.0038869947,0.042051543,0.26211873,0.037661187,0.0040775174,0.0077589657,0.16999167,1.0,0.14835428,0.0031410425
0.007869218,0.020806959,0.0036232828,0.044781435,0.27979326,0.041436784,0.004096693,0.008012692,0.17642517,1.0,0.14571504,0.0037119577
0.010060533,0.021540016,0.003760541,0.08593174,0.42760867,0.05024338,0.0043607047,0.0079196645,0.21926646,1.0,0.12100742,0.0045022266
0.011785655,0.023821544,0.0037567483,0.13070291,0.6689942,0.07738066,0.0045410357,0.0071807527,0.22676723,1.0,0.11318717,0.0051145526
0.010550123,0.025430402,0.0037970287,0.109650835,0.76582694,0.11584117,0.004067709,0.0064367508,0.17189458,1.0,0.14738782,0.0048669684
0.009748743,0.02871687,0.00522375,0.11718717,0.9439525,0.16217378,0.003769404,0.0065054405,0.1495443,1.0,0.16894482,0.003865238
0.007155229,0.02566529,0.0055925786,0.10379601,1.0,0.21393433,0.0039683576,0.0073056705,0.115697876,0.89016986,0.17955403,0.003242672
0.0057763318,0.018152282,0.0036339278,0.09116993,1.0,0.23522519,0.003368761,0.005631362,0.077936724,0.67046803,0.15127385,0.0031366453
0.004844394,0.013905256,0.003093322,0.08437634,1.0,0.24947253,0.0035866473,0.0041845064,0.054486375,0.5007069,0.124259956,0.0036020365
0.0045361607,0.0123737315,0.0026583637,0.08927535,1.0,0.24448963,0.0065178964,0.005284188,0.046178084,0.41996872,0.099608846,0.003909586
0.004807419,0.010736119,0.002044559,0.12155347,1.0,0.1775177,0.0039989166,0.0042951377,0.054623604,0.38112906,0.069711894,0.0037355572
0.0037589548,0.00867881,0.0017406881,0.13058324,1.0,0.16419175,0.0020229968,0.0026186116,0.06511556,0.39692667,0.064902075,0.0033430743
0.0032291233,0.007237822,0.0016396475,0.15308535,1.0,0.14663018,0.0016725245,0.002083325,0.058323286,0.31674957,0.04700976,0.0032821314
0.0031284876,0.0067892764,0.0015213877,0.15575285,1.0,0.1371748,0.0012213817,0.0014965154,0.047219068,0.2460137,0.033315495,0.0034488486
0.0034509755,0.006635723,0.0016395091,0.13567157,1.0,0.15393607,0.0013043832,0.0015501187,0.043367084,0.247222,0.03597091,0.0043623885
0.00373313,0.007259411,0.0017444659,0.14454585,1.0,0.14721747,0.0018947566,0.0021766096,0.053578287,0.29467025,0.041763116,0.005285962
0.0049146707,0.009141101,0.0022377567,0.19804324,1.0,0.117717445,0.0023349198,0.0026900033,0.08314975,0.34633017,0.039593942,0.006948297
0.007555626,0.012048451,0.0025297918,0.23348854,1.0,0.093832485,0.0021174413,0.0027210142,0.116053626,0.4264836,0.041563153,0.00870628
0.007900208,0.014307339,0.0025620814,0.19893853,1.0,0.10985761,0.0016628181,0.0025981984,0.12388097,0.51846236,0.057923,0.010007415
0.007987332,0.017826157,0.0027791224,0.14413908,1.0,0.14777021,0.0016998248,0.002515199,0.10061707,0.55450064,0.079717,0.014429442
0.010894047,0.023692923,0.0041825487,0.12474188,1.0,0.17453128,0.0019725277,0.0028501665,0.09359514,0.60540503,0.10106814,0.021894239
0.020597808,0.042710997,0.006617921,0.13457121,1.0,0.17874885,0.0033020978,0.004887524,0.13815136,0.8571755,0.1446627,0.033956267
0.022785189,0.047404896,0.006516026,0.12248577,0.7128817,0.09805201,0.00461787,0.0060467427,0.1891882,1.0,0.13842463,0.031341996
0.018881697,0.044626784,0.0068170754,0.08315651,0.5565916,0.09238053,0.0054349336,0.005089231,0.16503999,1.0,0.15775087,0.024567453
0.019672597,0.052354828,0.007373438,0.068220414,0.43888935,0.07533456,0.0062293233,0.0048297164,0.16329503,1.0,0.15699248,0.013699565
0.02281684,0.06479488,0.007161002,0.06420797,0.35559064,0.05055799,0.0050767735,0.0050110095,0.18081856,1.0,0.14127076,0.0056314943
0.019178292,0.06819148,0.007902176,0.047450617,0.3276844,0.05555315,0.0038106958,0.0051980163,0.16404584,1.0,0.15640338,0.006157148
0.019895842,0.080470234,0.010191608,0.04228436,0.31005478,0.052417565,0.003309743,0.0062068454,0.1578345,1.0,0.16219144,0.0072399587
0.021433564,0.10076676,0.015447437,0.043351486,0.32324758,0.0619862,0.0035395175,0.0077693746,0.1371062,1.0,0.19361475,0.0070178546
0.026728282,0.12965316,0.022279149,0.03890669,0.26731622,0.058292966,0.0040132394,0.009662901,0.12848094,1.0,0.20663255,0.008755961
0.037132744,0.15511198,0.021479804,0.0309103,0.19181314,0.034441,0.0034718201,0.007876795,0.14645585,1.0,0.18285725,0.016276231
0.03830652,0.19730829,0.029466199,0.021893803,0.16662921,0.040326316,0.0027679044,0.0069713164,0.11727353,1.0,0.23720233,0.020751392
0.053476837,0.28052318,0.039943013,0.030744951,0.23297633,0.053639986,0.003133818,0.007858391,0.11013694,1.0,0.23856346,0.033838376
0.065013885,0.2783533,0.033163317,0.027904183,0.19470266,0.03774467,0.0028654414,0.006794945,0.12681973,1.0,0.20432065,0.054906357
0.062269464,0.23373526,0.02735876,0.023286486,0.13614573,0.024083406,0.002543752,0.0055615115,0.13434258,1.0,0.19519503,0.06885705
0.057660293,0.20780465,0.02462803,0.018860806,0.1115952,0.021408673,0.0027076097,0.005278705,0.13511966,1.0,0.19470951,0.07519037
0.055758145,0.20414007,0.025358034,0.01614851,0.097404055,0.019461727,0.0022769917,0.0047032344,0.12791747,1.0,0.19911039,0.07737711
0.0582361,0.20501326,0.02362606,0.014648785,0.088600695,0.016743926,0.0015927065,0.0035576173,0.13685003,1.0,0.18793598,0.076919705
0.053032827,0.18143173,0.020197267,0.012762614,0.08553259,0.016173834,0.001609216,0.0035646213,0.13369732,1.0,0.18527938,0.0804114
0.048637405,0.17521046,0.021121763,0.011151648,0.083280236,0.017385237,0.0014653356,0.0031951494,0.11985391,1.0,0.20540963,0.07734491
0.05335058,0.18857366,0.023269106,0.012508103,0.08643482,0.017716063,0.0010072022,0.0024248522,0.1219967,1.0,0.20441893,0.08213228
0.050701972,0.13793376,0.013378905,0.011456994,0.06676015,0.01085859,0.00065084174,0.0017790059,0.15142122,1.0,0.16707091,0.09313852
0.03405311,0.058077864,0.005542726,0.0067401524,0.04517303,0.008029989,0.00051937083,0.0013142953,0.14466467,1.0,0.16993323,0.10768473
0.025273032,0.028736964,0.0026739072,0.00487045,0.03104794,0.005263895,0.00035786242,0.0010930867,0.15974213,1.0,0.15648848,0.113889106
0.031842835,0.058942597,0.0045365677,0.0037780565,0.020574331,0.002807978,0.00014425429,0.0009523497,0.17672178,1.0,0.14374557,0.116882585
0.035343505,0.08275285,0.007560831,0.006048653,0.034178715,0.0053654527,0.00027175868,0.0009840411,0.16751125,1.0,0.1517181,0.0964735
0.045216884,0.11103842,0.008805603,0.013589361,0.072137915,0.009499571,0.00049864646,0.0014495972,0.17973398,1.0,0.14814952,0.07994789
0.060874596,0.14128757,0.008921614,0.020294793,0.09410311,0.009541412,0.000683027,0.0021972198,0.23398297,1.0,0.11507871,0.07300597
0.07603757,0.19622003,0.012832832,0.026921473,0.13724388,0.015132605,0.00084409077,0.0021816145,0.2227076,1.0,0.117913604,0.07568376
0.064450465,0.18665917,0.014355094,0.024791298,0.14133683,0.018216785,0.0011698102,0.002267355,0.19082473,1.0,0.13649505,0.061214533
0.06666656,0.17251366,0.01203809,0.024808692,0.12800823,0.015021942,0.0016461645,0.003278122,0.22112353,1.0,0.11962567,0.055548627
0.06919065,0.16001838,0.009615244,0.026036948,0.11182927,0.010616919,0.0021161458,0.0041426853,0.25430405,1.0,0.10396043,0.05171788
0.053580683,0.12704256,0.0081849275,0.023409521,0.10191765,0.010030295,0.0026514984,0.0048987027,0.25118217,1.0,0.101786755,0.03907837
0.04182431,0.098957025,0.0065421206,0.024719121,0.10772402,0.010388553,0.002535437,0.004606082,0.2553517,1.0,0.10069827,0.03461645
0.03453604,0.085433885,0.0064835995,0.028515674,0.13365573,0.013915903,0.0020937426,0.004084112,0.23924597,1.0,0.10647228,0.025880616
0.026235586,0.07123103,0.005944756,0.035255056,0.1806777,0.020510724,0.0014439322,0.0032209477,0.2214412,1.0,0.11285567,0.012467551
0.013749676,0.047195263,0.00484628,0.033322968,0.2385529,0.038610246,0.001071691,0.0022865194,0.16853544,1.0,0.15251279,0.0048005753
0.0085814465,0.03683896,0.0048413253,0.039874494,0.3515888,0.06619803,0.00095350575,0.0017917379,0.13135095,1.0,0.18533638,0.0051440056
0.01085833,0.044020053,0.0062698545,0.057330165,0.5408295,0.11011087,0.0012595428,0.0019777333,0.12468374,1.0,0.19784178,0.010191736
0.0095359385,0.037863,0.005693752,0.07644373,0.7414917,0.15277842,0.0018122428,0.0027365228,0.11685616,1.0,0.2102991,0.0130278915
0.0070768977,0.021785695,0.0034047181,0.11213962,0.92656755,0.1599735,0.0021683488,0.00359827,0.13299309,1.0,0.18275818,0.014077201
0.0042358763,0.009754139,0.0018974814,0.15079147,1.0,0.14274062,0.0020248014,0.003220742,0.11349341,0.8029535,0.13747975,0.0111121815
0.0026378692,0.006407845,0.0015990651,0.16444361,1.0,0.13316798,0.001983273,0.0022260325,0.10285455,0.7401663,0.13404179,0.006732078
0.005479907,0.0092693735,0.0018404222,0.1203168,1.0,0.1898144,0.0019768225,0.0019656164,0.09734231,0.94303286,0.22534528,0.016516672
0.011067743,0.011568684,0.0021223591,0.06257728,0.74424314,0.19777647,0.0018072868,0.0018946507,0.08374055,1.0,0.30043364,0.032048672
0.022722432,0.008404778,0.0021547773,0.02570888,0.466448,0.22075514,0.0030288468,0.0014126331,0.04765583,1.0,0.58658427,0.047527555
0.02828925,0.0034685933,0.0017148773,0.004352955,0.16740125,0.18793023,0.006316408,0.0005856499,0.017341334,0.787564,1.0,0.063689105
0.017700085,0.0025516304,0.002057989,0.0009847122,0.048329193,0.15107568,0.031665348,0.00083105237,0.0058112037,0.36726713,1.0,0.17000574
0.032179527,0.007920379,0.0044477344,0.00355089,0.0169262,0.2040971,0.21256763,0.009120232,0.0018572384,0.118101574,1.0,0.684642
0.060640614,0.013168296,0.008581126,0.010827158,0.009747032,0.3118535,0.6286782,0.03413798,0.0010442613,0.022807904,0.53882575,1.0
0.025412515,0.0049102125,0.011278351,0.009172484,0.06734303,1.0,0.893265,0.029438056,0.00799871,0.07084389,0.4818995,0.4837206
0.004862416,0.002549132,0.006224304,0.008234261,0.20088282,1.0,0.43290776,0.013265495,0.05431577,0.24164402,0.41362488,0.10933132
0.019614803,0.005092775,0.008363391,0.054626234,0.693494,0.93213534,0.20537706,0.063124135,0.3998286,1.0,0.9930724,0.4441571
0.027025767,0.0015653099,0.004338852,0.016925814,0.08898596,0.18839741,0.06631207,0.029151335,0.04300393,0.21535839,1.0,0.8799754
0.04366203,0.009009719,0.07497626,0.6584261,1.0,0.3650427,0.04440964,0.014387019,0.013939096,0.11281196,0.96429414,0.78676647
0.0046749203,0.00095594884,0.02132033,0.51388997,1.0,0.17994063,0.007284221,0.0009845968,0.0005007249,0.0055939066,0.10853001,0.09580304
0.018316474,0.0007780644,0.010974536,0.45603466,1.0,0.11130795,0.0050265295,0.0006674507,0.0005535172,0.003361662,0.13625178,0.26153296
0.052341707,0.00096208765,0.0057306807,0.35576105,1.0,0.09496547,0.003938826,0.0009490458,0.0009975792,0.0046543353,0.20654488,0.59488547
0.046644613,0.0018342563,0.05047554,0.54248554,0.8145727,0.066311024,0.004686526,0.0011363588,0.0042761117,0.18418553,1.0,0.81249547
0.0035969345,0.005152855,0.12966448,0.24981149,0.11325757,0.007320899,0.0011385562,0.00042281253,0.019595359,0.639484,1.0,0.1595829
0.0010461212,0.0065742237,0.1451212,0.1621719,0.0321975,0.0023063398,0.00040772665,0.0006449667,0.02781057,0.8523202,1.0,0.082101844
0.002713432,0.001469176,0.042485543,0.16897593,0.07170168,0.006070026,0.0007840643,0.0039181453,0.007490886,0.3113178,1.0,0.18246564
0.013813696,0.018273111,0.08376162,0.37055004,0.15836187,0.012847405,0.0032448769,0.028741824,0.022895468,0.13654357,1.0,0.34966516
0.08813113,0.22606947,0.5742129,1.0,0.22453855,0.015211531,0.008844674,0.06256872,0.056018416,0.11324698,0.6005998,0.28624865
0.16213667,0.44357425,0.59451485,0.6057768,0.10679184,0.015488725,0.008676862,0.041857757,0.22345558,0.6013143,1.0,0.21091488
0.0063612857,0.06279872,0.06695612,0.03438738,0.017820548,0.006569124,0.0019347628,0.02820341,0.7382626,1.0,0.5797819,0.07311039
0.0057681226,0.081160665,0.09575023,0.029590936,0.013541488,0.0035627922,0.0027512198,0.015573204,0.72655976,1.0,0.266537,0.05536484
0.008641596,0.09269839,0.1319186,0.037866507,0.05113262,0.010162822,0.007932037,0.012843545,0.56829023,1.0,0.1435414,0.039904993
0.006695035,0.061918844,0.1036407,0.09839646,0.18364257,0.020293208,0.010094453,0.011489108,0.51304126,1.0,0.095423065,0.023500694
0.004751691,0.03585295,0.08909216,0.11353907,0.1264657,0.01340619,0.008338566,0.014508017,0.655219,1.0,0.04781512,0.0065936386
0.0061602453,0.047736708,0.14658618,0.11434976,0.04336804,0.0075525534,0.0073456857,0.009236295,0.43000096,1.0,0.07439894,0.007244128
0.0068249763,0.05333173,0.20643741,0.15686882,0.037457675,0.007510205,0.012336541,0.0069865407,0.26334918,1.0,0.10388533,0.00790886
0.028721731,0.089022756,0.4529392,0.5922193,0.13023409,0.030029608,0.037477735,0.018888904,0.21471763,1.0,0.1393891,0.016598893
0.16334198,0.1889189,0.7361575,1.0,0.18844385,0.08013101,0.065061755,0.030125363,0.0650231,0.42315656,0.09917061,0.072853796
0.2971339,0.29264972,1.0,0.59875643,0.24690442,0.14203474,0.09398775,0.043482736,0.026420422,0.15564762,0.117905855,0.21138339
0.27102432,0.36919224,1.0,0.24903382,0.26357085,0.2317771,0.4048887,0.35651442,0.27936292,0.10218048,0.12610027,0.28082976
0.16931418,0.49166766,1.0,0.12184865,0.086341545,0.11999661,0.3275635,0.41374937,0.8977867,0.6707557,0.19303492,0.2090473
0.06335585,0.21519461,0.5124069,0.05035574,0.024162449,0.021309672,0.0659867,0.10499285,0.31159467,1.0,0.26099548,0.08239028
0.07809806,0.13618699,0.4322844,0.06569569,0.054867644,0.020553889,0.04473283,0.07368744,0.23102799,1.0,0.2607628,0.08793713
0.15038839,0.102500536,0.5211415,0.11431447,0.105379134,0.03399087,0.04894755,0.037476078,0.27562356,1.0,0.31917226,0.133842
0.24898715,0.29775354,1.0,0.14382924,0.13760968,0.036072012,0.039841693,0.044379234,0.22488695,0.7558421,0.35387146,0.21827991
0.13419221,0.44830105,1.0,0.0957044,0.060251843,0.045840267,0.02637995,0.035961434,0.13906193,0.39305392,0.25339535,0.16044913
0.16406015,0.40924487,1.0,0.17344333,0.067253776,0.0876434,0.04123176,0.02955069,0.10530364,0.3861085,0.19579542,0.17050338
0.3217967,0.2309607,1.0,0.48012045,0.15578064,0.10683742,0.093556195,0.036471132,0.12115058,0.5259624,0.24804448,0.26685825
0.23168744,0.14076881,1.0,0.49548545,0.12788595,0.07892134,0.062875204,0.024369877,0.020171195,0.096502505,0.0959189,0.17996043
0.18036886,0.23147188,1.0,0.29007223,0.05727358,0.03025686,0.029697662,0.025447166,0.018872524,0.029749986,0.06521002,0.14168595
0.25219646,0.6162743,1.0,0.34957927,0.08482973,0.051562507,0.056742635,0.11824049,0.121724635,0.11640508,0.0832749,0.21516585
0.30793163,0.64547306,1.0,0.45879784,0.11458717,0.07865881,0.06555233,0.1563315,0.114234805,0.08885356,0.105522886,0.29715335
0.33094975,0.40085492,1.0,0.66046405,0.13489845,0.1249253,0.08140272,0.124728836,0.055628,0.040524706,0.13425414,0.2966041
0.17453676,0.30196744,0.8497209,1.0,0.19300264,0.080605716,0.06752317,0.061071105,0.026773047,0.015403347,0.041252665,0.11793433
0.42105886,0.63530016,0.6906115,1.0,0.36027363,0.11755713,0.16111325,0.12688476,0.11570483,0.09271932,0.11682899,0.24869186
0.6189289,1.0,0.5483118,0.5818631,0.48633656,0.31297514,0.418721,0.3339697,0.31954333,0.3211584,0.46415013,0.36577755
0.52262914,0.2781688,0.21867484,0.18767963,0.16215053,0.2661015,0.31600663,0.17654133,0.21165718,0.33108863,1.0,0.9173716
0.91206306,0.4098894,0.27660912,0.15347631,0.13827755,0.22801444,0.20929994,0.15906578,0.75683665,1.0,0.5151611,0.61265
0.35244662,0.48995042,0.35729858,0.27160224,0.29303697,0.28282657,0.34778267,0.1537158,0.75044304,1.0,0.3634471,0.299508
0.27512258,0.75505036,0.60490984,0.6197302,1.0,0.8797737,0.9570568,0.51017046,0.5888323,0.6634522,0.9749303,0.49543592
0.24073073,0.4198481,0.5678114,0.47224107,0.60791934,1.0,0.8001982,0.2968553,0.1588431,0.17181043,0.43029314,0.2479333
0.28827626,0.5176928,0.30952463,0.41902414,0.50769293,0.8633531,1.0,0.42218807,0.11826781,0.10063288,0.1086627,0.16171353
0.25614277,1.0,0.14775462,0.12040229,0.60562813,0.49377576,0.6613195,0.8633547,0.124340184,0.07898554,0.0852402,0.10011619
0.296716,1.0,0.10462272,0.06433225,0.27496648,0.24950565,0.56340015,0.8157516,0.10858452,0.047172673,0.03590364,0.037927374
0.5796253,1.0,0.100509845,0.1479244,0.49629208,0.34033814,0.85886496,0.66920006,0.29633602,0.098939426,0.06015288,0.0781018
0.6470264,0.32517192,0.049578797,0.31150642,0.24633859,0.26181865,1.0,0.24293548,0.13545997,0.060107302,0.05083347,0.098322794
0.63047606,0.13404304,0.24072142,1.0,0.29075062,0.49378306,0.9870007,0.10669011,0.05767061,0.02069546,0.04165357,0.19857085
0.30852312,0.07313614,0.4432707,1.0,0.15098163,0.41929385,0.33643138,0.040413193,0.058757085,0.016008921,0.024077995,0.24819195
0.3035966,0.10121716,0.6267795,1.0,0.106319964,0.6378431,0.3232477,0.05609137,0.09191546,0.025993474,0.023423176,0.30350825
0.4215638,0.12750328,0.5479707,1.0,0.08590455,0.8911092,0.6518253,0.075256266,0.13111332,0.041675054,0.027520807,0.31692404
0.6669629,0.1037833,0.35208723,0.8725466,0.0945724,1.0,0.82962275,0.07057032,0.1639766,0.06253235,0.056639954,0.5750646
0.81684655,0.24332887,0.89403975,1.0,0.15973182,0.9658177,0.68728274,0.24853505,0.2818292,0.08197442,0.10977434,0.99090767
0.04483211,0.2510057,1.0,0.283254,0.11500166,0.3361926,0.11844392,0.32525757,0.16730793,0.032737326,0.030365542,0.067777745
0.07086293,0.44602966,1.0,0.29455912,0.04407706,0.08114657,0.17083816,0.6503899,0.38143948,0.05713291,0.061716657,0.07710716
0.09709266,1.0,0.8207568,0.12899745,0.02238361,0.033194594,0.3963176,0.54159576,0.11141703,0.028607767,0.2509431,0.18157479
0.08892221,1.0,0.9492192,0.20962293,0.03825946,0.044283483,0.5522712,0.46483642,0.02470472,0.03868795,0.7479759,0.4934708
0.079704486,0.28989595,0.38385653,0.20115642,0.08551286,0.0729424,0.4569113,0.54338944,0.039135117,0.039225884,1.0,0.9010872
0.18339251,0.08665298,0.10529841,0.09848589,0.08384045,0.10915998,0.31820068,0.35173133,0.05884322,0.052860107,1.0,0.9819951
0.12238822,0.035096344,0.015216137,0.014714805,0.0075945677,0.02652132,0.5416541,1.0,0.19206367,0.04324609,0.22731574,0.20989655
0.010150347,0.00561422,0.00265324,0.0042823907,0.0040921983,0.020107064,0.44042194,1.0,0.1716949,0.012384434,0.026974244,0.020974996
0.0028827025,0.002218238,0.0026642918,0.0046437597,0.004576241,0.058245007,0.7132089,1.0,0.12007925,0.00683109,0.03599114,0.024235738
0.0050887996,0.003283806,0.004733855,0.007946309,0.009087936,0.09146526,0.96156406,1.0,0.08401242,0.01543455,0.123244934,0.09634329
0.08741658,0.028018408,0.0180525,0.016530596,0.012090361,0.06640838,0.4035923,0.9201211,1.0,0.8200014,0.25062245,0.17130886
0.018420875,0.008253197,0.0016657473,0.001298258,0.0011132403,0.0010767953,0.0026891364,0.028230485,0.2280827,1.0,0.58448064,0.03691149
0.006408521,0.004658047,0.0012009807,0.0006929104,0.0005923871,0.0007874851,0.0013870705,0.0034808542,0.058909908,0.9160788,1.0,0.0919522
0.011063019,0.008135964,0.009834305,0.0068690116,0.004782453,0.0072871298,0.009880008,0.049708303,0.26858318,0.8915048,1.0,0.1439765
0.016182309,0.014502548,0.07730383,0.2338364,0.32317698,0.22178924,0.06670839,0.027415654,0.23725273,1.0,0.80678004,0.122790895
0.01993408,0.009940107,0.05075742,0.286269,0.64641696,0.7990373,1.0,0.910593,0.17718187,0.25000474,0.29573447,0.07118688
0.00067345734,0.0010424213,0.0064287665,0.0097078085,0.020881353,0.04523081,0.29241848,1.0,0.2541314,0.010057366,0.002851957,0.0009970114
0.000744978,0.001351337,0.006032339,0.0043998747,0.01634783,0.052363798,0.35318923,1.0,0.24453303,0.007346306,0.0007096977,0.0010119135
0.015117752,0.013274959,0.10062208,0.40185368,0.934118,1.0,0.95340455,0.80970925,0.16041973,0.08055329,0.1609796,0.07332495
0.00792128,0.059787802,0.4606076,1.0,0.86207604,0.34526697,0.08152287,0.012183744,0.08943623,0.7522754,0.53273,0.07041292
0.0062656417,0.10264053,0.57643354,0.46973252,0.16251017,0.017717488,0.0027917593,0.0034918357,0.16016628,1.0,0.37940708,0.025380842
0.01040136,0.073852785,0.39989376,1.0,0.9636461,0.33778122,0.03874811,0.008054978,0.077826105,0.5085258,0.36845094,0.06646786
0.0049209367,0.005718287,0.04329096,0.3816181,0.87150985,1.0,0.23852862,0.009668566,0.0024183712,0.01248485,0.024248987,0.014558852
0.001041806,0.0023490295,0.017375063,0.045244165,0.289895,1.0,0.36691973,0.013710403,0.00090908917,0.0010959441,0.0004674804,0.0005157835
0.0015323968,0.0027383952,0.020117732,0.10951427,0.68698615,1.0,0.3380049,0.019473383,0.0018961238,0.001009062,0.0008393765,0.0014331912
0.021535669,0.13723229,0.6195474,1.0,0.45844126,0.11316184,0.049116135,0.026196053,0.008400864,0.009713669,0.012666561,0.006914882
0.0024583032,0.021353694,0.30969113,1.0,0.5757344,0.11500901,0.03560917,0.01410822,0.003062036,0.0043883338,0.0045200707,0.0011893952
0.0014595346,0.011626823,0.24079148,1.0,0.79250544,0.23060215,0.04498026,0.009442445,0.0048355875,0.0026172497,0.0020478994,0.0010748026
0.0048265373,0.041110937,0.37431273,1.0,0.7755064,0.28033906,0.05250483,0.008401674,0.007327287,0.0028438917,0.0016858858,0.0025771337
0.24096705,1.0,0.6536164,0.16276439,0.06212402,0.1920217,0.13704975,0.09635836,0.08256925,0.030928878,0.027703999,0.07748999
0.18152794,1.0,0.7308954,0.14886732,0.040542632,0.08126503,0.1825191,0.07093469,0.05145001,0.050889783,0.023854533,0.04835539
0.10712385,0.52813333,1.0,0.42769983,0.086757556,0.105127886,0.52572507,0.12000382,0.029191041,0.073932245,0.03536944,0.0467015
0.17301275,0.4969579,1.0,0.7174548,0.22954105,0.14584185,0.6998339,0.19097055,0.031495187,0.06566864,0.05120014,0.06938475
0.76335907,1.0,0.6075603,0.61797863,0.60681605,0.29714197,0.32300073,0.20355956,0.11132609,0.09659859,0.1335923,0.32362875
0.18549828,0.09794243,0.22234568,0.49812096,0.3794216,0.88325745,1.0,0.34307617,0.054974824,0.017198086,0.02056001,0.11581965
0.016017137,0.029586567,0.019646252,0.14608346,0.17182781,0.2992502,1.0,0.5568021,0.059149217,0.0033351223,0.0024247842,0.0057993405
0.0032411446,0.02461216,0.011102379,0.04865393,0.12648664,0.13743521,1.0,0.67467284,0.040695526,0.0015076309,0.00067769986,0.0004975386
0.088877864,0.08572589,0.017679224,0.012794983,0.07360455,0.15014063,1.0,0.64105797,0.032836776,0.00228212,0.0020451467,0.02546071
0.68900305,0.16249667,0.01643816,0.055026647,0.19650497,0.34433782,0.42419744,0.1683495,0.013872068,0.062197533,0.5100004,1.0
0.12954141,0.013114767,0.037989374,0.12368845,0.102754556,0.04338021,0.009280934,0.0017544501,0.012661587,0.40885577,1.0,0.53941375
0.005725468,0.0040184893,0.09837232,0.24269585,0.053636294,0.005717298,0.0013529018,0.00066088757,0.030428812,0.765521,1.0,0.11656132
0.020837126,0.0055652205,0.16309227,1.0,0.9088348,0.1285137,0.009522208,0.0024559114,0.025192043,0.4830588,0.8272677,0.25515422
0.040736157,0.0017352157,0.015522783,0.23550983,1.0,0.40995607,0.019762397,0.00164233,0.0011336696,0.012175073,0.0547081,0.14144692
0.037945185,0.0017207105,0.00471493,0.13553949,1.0,0.48431063,0.015418598,0.0009775006,0.0008639441,0.007896683,0.021479819,0.09193723
0.014593599,0.007111094,0.121102646,0.6215535,1.0,0.20626657,0.0053812764,0.00073629624,0.004685267,0.071161985,0.16011195,0.12125653
0.010302043,0.18454565,0.8303725,0.9680857,0.3790221,0.045877866,0.004583522,0.010253969,0.31582105,1.0,0.4748306,0.06422117
0.014798814,0.34209687,0.49223357,0.08882422,0.0102667175,0.003717643,0.0018558081,0.022550376,0.7078737,1.0,0.09585175,0.0029070966
0.018806169,0.37174058,0.78994066,0.34209725,0.038317908,0.0054738633,0.0012318582,0.02409579,0.6341246,1.0,0.13440417,0.007888849
0.005509934,0.071482845,0.48861095,1.0,0.37599486,0.030682597,0.0021854895,0.0033410797,0.057542596,0.30414423,0.21218279,0.026562516
0.0021954703,0.013534811,0.08223082,0.5989112,1.0,0.18300593,0.005907203,0.0018097645,0.008677544,0.016093843,0.030371632,0.012475899
0.007833211,0.011892823,0.06295594,0.3262353,1.0,0.29607984,0.015206275,0.0037908198,0.0032392778,0.017736737,0.08201128,0.047740396
0.021531388,0.0986789,0.4803544,1.0,0.9126863,0.20548373,0.034607925,0.013135043,0.032457966,0.36143872,0.81147546,0.2258256
1.0,0.9911292,0.8083084,0.7368929,0.5752137,0.42651856,0.37885317,0.67196846,0.81823784,0.74256516,0.8183251,0.90292937
1.0,0.98098564,0.78897244,0.7302174,0.58190084,0.42978132,0.38720796,0.6988235,0.8296538,0.7155671,0.7938523,0.90628856
1.0,0.99008274,0.8230001,0.7707928,0.60970396,0.44606942,0.40518823,0.7329352,0.84802395,0.72177327,0.8067944,0.9156455
0.019687619,0.039881937,0.19499809,0.36661685,1.0,0.7319437,0.08271444,0.03942284,0.031425554,0.022634657,0.01810713,0.0222609
0.022647822,0.03343874,0.17615618,0.61664283,1.0,0.5024667,0.039198853,0.03592127,0.03518491,0.019270662,0.018300606,0.02970679
0.07252075,0.5797937,1.0,0.5276885,0.13533479,0.041652806,0.016771168,0.016215485,0.012281726,0.0064307014,0.023065846,0.06743203
0.1478027,1.0,0.999862,0.12256056,0.024505103,0.006113999,0.0078266,0.0047936467,0.018353753,0.010325824,0.006450331,0.020989701
0.057729136,0.46477047,1.0,0.73189986,0.19031662,0.025987927,0.0065406375,0.0034557125,0.009929707,0.012984618,0.0062465887,0.0060882163
0.009775652,0.052357692,0.2991364,1.0,0.70924664,0.101744495,0.006193716,0.0018613829,0.0014714977,0.0041424963,0.0060568717,0.008853824
0.009822716,0.07434959,0.33753985,1.0,0.72349626,0.1045432,0.004750642,0.001635249,0.005867027,0.03165059,0.022684423,0.008583537
0.03803976,0.43193173,1.0,0.43186814,0.09458389,0.016974622,0.0056079575,0.005134489,0.023242498,0.057281908,0.033617333,0.013548302
0.2571048,1.0,0.5925009,0.14587656,0.023895243,0.010419602,0.0049076206,0.013861638,0.026832772,0.012066583,0.012469266,0.045610495
0.23895441,0.9421484,0.9055565,0.990333,1.0,0.48289815,0.07687981,0.015881307,0.016059956,0.007760984,0.013357759,0.030180303
0.018956544,0.057188477,0.14824466,0.39803115,1.0,0.713598,0.14324413,0.028166842,0.0071471864,0.0026054932,0.0033646014,0.0040282942
0.009700799,0.042411704,0.06805293,0.29214987,1.0,0.9053196,0.19365078,0.070382036,0.041462183,0.0125103025,0.007112823,0.007291809
0.03946134,0.4561309,1.0,0.74782133,0.20436068,0.10109523,0.040851615,0.017854422,0.03786108,0.08720315,0.029561369,0.012155603
0.13928168,0.962895,1.0,0.32371506,0.15859225,0.077920265,0.054646578,0.0062848153,0.046903163,0.08692146,0.010931319,0.016955523
0.13115788,1.0,0.6871225,0.7786913,0.66895425,0.06777446,0.030472899,0.00759051,0.04868676,0.04087881,0.007633099,0.01622673
0.03014428,0.4222434,0.7695263,0.7028681,1.0,0.08263315,0.039829247,0.003969781,0.02076861,0.035948247,0.0042327577,0.008024698
0.02482679,0.46429998,1.0,0.31445786,0.7258297,0.08414275,0.047831867,0.0036562057,0.029422646,0.07110071,0.006166312,0.017710622
0.029760098,0.5779488,1.0,0.21807325,0.42672086,0.047350034,0.02899115,0.0028163488,0.053768538,0.097702555,0.0063837473,0.02922187
0.039788317,0.7076693,1.0,0.19228086,0.2557288,0.028434604,0.016358912,0.0070831394,0.06557951,0.09581019,0.0067808283,0.029741615
0.0647023,1.0,0.7632705,0.10808227,0.09919829,0.024973048,0.010410031,0.019006226,0.06698804,0.0883757,0.018150378,0.0182526
0.08427672,1.0,0.40050587,0.03704351,0.023967875,0.02405292,0.009861785,0.018815244,0.05683461,0.064577565,0.0135332635,0.009972579
0.07052043,1.0,0.5869425,0.044307556,0.033670448,0.019278176,0.018891256,0.06084396,0.10160547,0.14038043,0.027141824,0.0066825324
0.02788064,0.3565439,0.5961578,0.10795609,0.077420644,0.03681881,0.042388987,0.08258647,0.266171,1.0,0.20552279,0.009807062
0.074120186,0.052452385,0.2890638,0.22201914,0.072565794,0.061436716,0.06291928,0.109615244,0.24023256,1.0,0.25003648,0.029421708
0.25445068,0.14904837,1.0,0.6609117,0.16982208,0.15507387,0.36502317,0.2775213,0.46593225,0.94438285,0.39289904,0.24116777
0.16166309,0.65508986,1.0,0.39669093,0.22532386,0.28231424,0.5862816,0.21146534,0.40047118,0.6238888,0.37688297,0.16632034
0.2107143,1.0,0.5017014,0.36745584,0.14781055,0.11791202,0.1253101,0.14346911,0.33903447,0.25535595,0.14096329,0.07404081
0.22123729,1.0,0.58343726,0.3238548,0.1692271,0.06818639,0.06450775,0.098517865,0.30365235,0.34409574,0.07830451,0.060768746
0.1606703,0.9296721,1.0,0.2666765,0.14099973,0.06136803,0.08223575,0.044583715,0.25751525,0.45593107,0.088040195,0.033586696
0.39592272,1.0,0.8206968,0.33628786,0.1888097,0.110819586,0.1275888,0.14079519,0.20922455,0.37633064,0.22061235,0.21849759
0.91147876,1.0,0.78614956,0.59743035,0.49012256,0.3574933,0.3694492,0.46514574,0.46841317,0.5508206,0.619736,0.70087266
0.98981875,1.0,0.82183534,0.6325386,0.5138631,0.4107233,0.4396313,0.5232147,0.5650868,0.7166513,0.674089,0.75281554
0.25526616,0.2077466,0.12274517,0.062274035,0.059740365,0.178233,0.94014615,1.0,0.6418269,0.25459597,0.15654053,0.25804844
0.123512566,0.06852061,0.030261666,0.018750738,0.02984005,0.20387164,1.0,0.7141971,0.37034583,0.08700009,0.0501537,0.121299475
0.15983193,0.0874376,0.028230041,0.022334987,0.06355012,0.38022453,1.0,0.57871306,0.23209505,0.099493824,0.073615916,0.14651875
0.52235353,0.42681682,0.20918876,0.17847003,0.23991829,0.7232865,1.0,0.803043,0.28998765,0.22015071,0.21853323,0.3877622
0.17748931,0.16827531,0.18112507,0.24776433,0.21304296,0.081835836,0.062912114,0.16482452,0.35014755,0.5587521,1.0,0.82930726
0.11146268,0.0755747,0.09495036,0.2757787,0.4155725,0.29425865,0.36626622,0.2014241,0.18599655,0.29144692,1.0,0.9649461
0.046200827,0.02723133,0.023630898,0.07106339,0.18026036,0.5944839,1.0,0.37488788,0.12558779,0.04432518,0.16961603,0.20263539
0.06554916,0.09171974,0.02140537,0.040757567,0.119206764,0.61097336,1.0,0.47873393,0.2711438,0.10201773,0.015558762,0.021703187
0.2929175,0.596189,0.08680458,0.14524592,0.2261988,0.3481377,0.50729257,0.7351975,1.0,0.44984072,0.047877517,0.03408972
0.062500834,0.067806765,0.09619835,0.122960284,0.22317772,0.5943301,1.0,0.7336949,0.47825155,0.13726923,0.13220833,0.13912904
0.2692877,0.39464203,0.60464203,1.0,0.7176387,0.4191327,0.44609827,0.3671322,0.17463236,0.23896334,0.49685642,0.3882913
0.120551184,0.26527718,0.12692042,0.8635875,1.0,0.23038831,0.07296989,0.06357208,0.02095568,0.023289189,0.09897029,0.06899418
0.01624766,0.028107762,0.017306328,0.13372214,1.0,0.8990664,0.10523269,0.006324845,0.00601166,0.0017398875,0.0113673,0.02989052
0.02997928,0.005882398,0.0059202313,0.031041944,0.5534595,1.0,0.16140227,0.0060088155,0.0058299773,0.003180027,0.001982576,0.021986144
0.10762336,0.0067676343,0.008651715,0.07558246,0.57371765,1.0,0.16754088,0.007997694,0.00741336,0.007508777,0.03812591,0.15094115
0.1002991,0.016567802,0.25538036,0.96860534,1.0,0.25715026,0.02247554,0.0050257514,0.01989827,0.29142296,0.82805324,0.6530352
0.004756268,0.043875296,0.6908531,0.6259633,0.14511572,0.035808712,0.008902813,0.0025088037,0.062943354,1.0,0.7499027,0.11769699
0.004751176,0.03420883,0.6157884,0.49725783,0.13627267,0.044699162,0.0058457297,0.0016690457,0.05713694,1.0,0.6869519,0.0711933
0.052326307,0.027535776,0.19758086,0.60511273,1.0,0.71561545,0.28051028,0.032754727,0.014992127,0.34047472,0.60102606,0.23595668
0.043682653,0.04636878,0.022097353,0.09141042,0.61858726,1.0,0.8104207,0.14259398,0.0035924655,0.02058383,0.04529681,0.061328996
0.05204071,0.083781585,0.054154094,0.07183615,0.20778352,0.49792844,1.0,0.26588652,0.006789553,0.029168619,0.04493801,0.021883009
0.069411404,0.073245,0.5867199,1.0,0.59694993,0.30318552,0.17809527,0.019075107,0.0057087424,0.10231305,0.15648524,0.05768123
0.004491178,0.072493955,1.0,0.917418,0.159854,0.04491798,0.031261947,0.0048496868,0.0063704685,0.14502884,0.14080422,0.015652983
0.0094167385,0.03571642,0.70311874,1.0,0.32554257,0.08935375,0.034622096,0.0050802086,0.0050282166,0.10889652,0.112543255,0.021755757
0.0630509,0.043434616,0.27361515,0.5882484,0.72697496,1.0,0.89892507,0.13129319,0.011014466,0.029648976,0.04129391,0.04475442
0.023739042,0.025013676,0.027417034,0.19180441,0.3442757,0.8374713,1.0,0.2624453,0.041791994,0.00977184,0.013976572,0.0136973625
0.02029594,0.021878088,0.25865698,1.0,0.5812182,0.18015344,0.117518455,0.073431335,0.03575166,0.07222101,0.1306426,0.05402661
0.032995313,0.10619021,0.79323596,1.0,0.14037739,0.014357731,0.012884613,0.024706766,0.020563671,0.14643662,0.21642046,0.08355645
0.020102808,0.10645612,0.62705916,1.0,0.63252395,0.2329505,0.050665755,0.0132557675,0.013545511,0.08988989,0.10470863,0.036706116
0.01211109,0.022086438,0.11796719,0.46742114,1.0,0.49930233,0.112304285,0.0192128,0.012265838,0.021505456,0.0152398385,0.014341895
0.024312032,0.17257912,0.8788865,1.0,0.7000844,0.34597313,0.1560029,0.06681072,0.025352255,0.027975526,0.0132175675,0.011803963
0.02318946,0.4130404,1.0,0.19524868,0.073753,0.114151865,0.20274094,0.032248832,0.015274754,0.018965408,0.005713202,0.009686575
0.018175267,0.39386073,1.0,0.29988566,0.05109464,0.10181857,0.29375452,0.030308638,0.005724344,0.009194919,0.0035794687,0.0052653328
0.04453871,0.46578795,1.0,0.37528577,0.091629654,0.059214428,0.1456494,0.019930037,0.0025345583,0.005009794,0.0043919375,0.009492066
0.13214484,0.74416214,1.0,0.34275135,0.3233062,0.13234597,0.040404286,0.009338696,0.0030179976,0.0046261945,0.009907604,0.02865308
0.12261831,0.70077956,1.0,0.25975856,0.6134084,0.31434107,0.03240021,0.03219851,0.03720874,0.018561374,0.033209693,0.03512021
0.16024785,0.63033354,1.0,0.7920573,0.4283571,0.26562664,0.41842237,0.30027398,0.18243937,0.059106335,0.043759674,0.038029917
0.07574617,0.5299283,1.0,0.77271193,0.45408234,0.2953278,0.29174092,0.19546175,0.069373876,0.029286241,0.020192778,0.00874867
0.046016276,0.40624362,1.0,0.9022007,0.33910596,0.4708943,0.21052185,0.11810204,0.033701573,0.026009155,0.021482022,0.0064512943
0.024597235,0.25945207,1.0,0.8537006,0.34721437,0.7481825,0.2659686,0.11455189,0.02536399,0.03886121,0.029962014,0.0050148885
0.014068646,0.103238516,1.0,0.5904532,0.22308578,0.2840032,0.28525066,0.09613777,0.021436792,0.032689862,0.019635849,0.0033297106
0.016357867,0.13126674,1.0,0.5118597,0.16822062,0.14144751,0.36927766,0.09648564,0.02457541,0.031090995,0.016301123,0.0039832536
0.048651606,0.47072056,1.0,0.37742063,0.26691526,0.2931095,0.5605412,0.15045495,0.042905513,0.034082472,0.011637865,0.009921577
0.10900166,0.7320367,1.0,0.31025368,0.17592943,0.45928392,0.42085898,0.10295111,0.03368587,0.02588493,0.006338469,0.011626594
0.1017193,0.8121852,1.0,0.22353286,0.15470786,0.60815126,0.3363774,0.06555193,0.025261614,0.014993256,0.004948517,0.015433062
0.039791822,0.3762776,1.0,0.19562146,0.19591868,0.23788758,0.16854642,0.029990619,0.01358233,0.010725065,0.004448145,0.010603708
0.038579553,0.1434668,1.0,0.47726473,0.5052954,0.38838232,0.12995137,0.046415456,0.013039238,0.018621871,0.012464299,0.0075135697
0.027496882,0.09012641,1.0,0.7125031,0.77187306,0.61256826,0.12326283,0.05278667,0.008475897,0.022472175,0.017229622,0.004939352
0.012729662,0.16375661,1.0,0.45417085,0.70620686,0.29818547,0.04068049,0.0145592475,0.0050528813,0.009065414,0.004797544,0.0032928272
0.02801776,0.5383329,1.0,0.24353722,0.44225636,0.07084609,0.007650252,0.006472113,0.04798326,0.11292274,0.020050554,0.0073398063
0.028023656,0.6045409,1.0,0.20157221,0.15664236,0.0138625065,0.0022127128,0.0043734885,0.17003152,0.4975759,0.057706896,0.009945128
0.010744203,0.3511715,1.0,0.18189283,0.09978643,0.011658117,0.001581282,0.002014864,0.18100652,0.81128854,0.098178744,0.003206325
0.0075490596,0.27232534,0.85424095,0.14480655,0.06912225,0.009838347,0.0016464043,0.002144352,0.20329787,1.0,0.11966858,0.0023640005
0.010935419,0.32103527,0.8171421,0.13533078,0.0605326,0.0068931933,0.0018456007,0.004141679,0.29728463,1.0,0.08358067,0.0024144687
0.016118648,0.29306197,0.8997383,0.16257513,0.18361692,0.05916243,0.0057377545,0.005457895,0.27996978,1.0,0.11455147,0.005287123
0.027455168,0.1142864,0.66389626,0.3460601,0.46589735,0.28134048,0.020516189,0.007417062,0.09645252,1.0,0.47696492,0.013973582
0.102943465,0.066664994,0.66049063,0.5219051,0.30022213,0.27601486,0.023939885,0.00941181,0.037121307,1.0,0.8400423,0.036023177
0.042001292,0.23431157,1.0,0.24909216,0.033137675,0.036479235,0.00917516,0.0030434257,0.069469765,0.40808225,0.18272673,0.0137445545
0.01769143,0.5002595,1.0,0.14553557,0.019450108,0.021976333,0.006988537,0.0027009808,0.06583288,0.09969455,0.012264303,0.0015496893
0.02333451,0.73145926,1.0,0.084810704,0.01928927,0.014238316,0.0044296607,0.0020720563,0.069087006,0.09238468,0.006801818,0.0011281349
0.0111015,0.4139681,1.0,0.13093728,0.0029800758,0.0019497945,0.0022510178,0.0011759864,0.072144754,0.26487407,0.046760317,0.00247688
0.0058591585,0.11428664,1.0,0.53320086,0.014647652,0.0010253165,0.0022963812,0.0009241629,0.036638327,0.45172507,0.23726816,0.0068242913
0.0026596307,0.04083213,1.0,0.8411563,0.025020294,0.0010190284,0.002892444,0.0015241351,0.018300805,0.53945816,0.4473662,0.011059328
0.002195298,0.06922365,1.0,0.6222123,0.0153663205,0.0012294503,0.0047023827,0.002438831,0.072394066,0.8680908,0.44227126,0.00770331
0.005582043,0.18523331,0.541325,0.16760688,0.0038201208,0.0010526065,0.0024992162,0.0087702405,0.4221649,1.0,0.1755281,0.0025614933
0.010089964,0.29932258,0.38124523,0.02899248,0.00070328783,0.0010545115,0.0009403819,0.018601125,0.7587805,1.0,0.06471732,0.0011282391
0.0089277495,0.15431206,0.49608308,0.09330852,0.0015829073,0.0006595441,0.00095073436,0.0048238453,0.28127074,1.0,0.20410614,0.0038219169
0.0757082,0.32306015,0.6873281,0.20768113,0.004782321,0.0014535241,0.0022460422,0.0012673681,0.12242397,1.0,0.38366544,0.023121862
0.29389006,1.0,0.99180484,0.38969848,0.015681129,0.0048246607,0.005405228,0.0034539083,0.092177875,0.632507,0.39619935,0.07930578
0.017619845,0.20467205,1.0,0.2808326,0.007700787,0.0069044256,0.0046754954,0.003894679,0.09206475,0.6749012,0.26679245,0.013322183
0.022690177,0.16709705,1.0,0.288916,0.028492585,0.03460124,0.019471044,0.0064023463,0.041112434,0.24409837,0.13912813,0.014864513
0.045533556,0.3193144,1.0,0.3111447,0.08161763,0.048112348,0.01705081,0.017467406,0.14521366,0.5615227,0.21100388,0.021675305
0.026347611,0.10297523,0.14886218,0.04240199,0.00805104,0.0062802914,0.004722894,0.018777117,0.37035137,1.0,0.18029065,0.023789044
0.03449009,0.07707416,0.10963833,0.023466539,0.005267249,0.0068005593,0.013591311,0.020905344,0.3523061,1.0,0.24955665,0.07195742
0.09482684,0.21586947,0.09303223,0.025010502,0.02985118,0.04341969,0.11939074,0.087188974,0.23147184,1.0,0.7193372,0.23387061
0.28162327,0.5540481,0.16727643,0.10466326,0.09072953,0.34480768,0.9737112,0.26942962,0.36585307,0.64732075,1.0,0.28908312
0.21308158,0.9279158,0.2652455,0.07921284,0.08473629,0.329457,1.0,0.1926213,0.25061417,0.13804244,0.21612516,0.08511836
0.15361296,1.0,0.4037661,0.07341557,0.08275014,0.21700208,0.7528316,0.17450894,0.17932692,0.16073166,0.4553056,0.3976497
0.1874044,0.82146704,0.9601929,0.15313424,0.057332654,0.08783418,0.38418117,0.3048815,0.07619645,0.14220692,0.71765333,1.0
0.08439778,0.42464745,1.0,0.14981712,0.037993114,0.067883864,0.16346098,0.27773118,0.05380513,0.04405493,0.248027,0.4865806
0.07289356,0.686065,1.0,0.12389667,0.06724637,0.096015796,0.3041496,0.5858249,0.12540793,0.072866,0.43625525,0.5077569
0.15403068,1.0,0.7170292,0.09691963,0.054667395,0.040953957,0.20801356,0.2652366,0.11530066,0.17768975,0.5956963,0.44363907
0.23224132,0.740612,0.4551027,0.12211162,0.056938715,0.06106877,0.26963314,0.09271066,0.08610246,0.4492904,1.0,0.34417623
0.8392735,0.97394395,0.4367525,0.3883396,0.09157555,0.33821332,0.6165179,0.21425328,0.14276128,0.9312765,1.0,0.37218174
1.0,0.50929046,0.52598435,0.29574943,0.0824657,0.42359015,0.27954862,0.18705611,0.115645565,0.34739885,0.17681111,0.30609685
1.0,0.28492126,0.52402294,0.121714756,0.069893494,0.36288694,0.2758149,0.21294154,0.16062269,0.48261613,0.22521096,0.7194618
0.635434,0.2788835,0.24146767,0.097521946,0.11386818,0.21054967,0.16979721,0.1865337,0.14500366,0.3515807,0.31459892,1.0
0.8088519,0.9901247,0.56432664,0.218261,0.110078685,0.07861111,0.11461392,0.07514814,0.06137772,0.08139016,0.41373503,1.0
0.33071467,1.0,0.452255,0.09378295,0.054516036,0.104143746,0.04693586,0.02156293,0.020671126,0.052718893,0.26574227,0.30820465
0.81133085,1.0,0.41051024,0.10000843,0.1451248,0.5502912,0.14363052,0.03132838,0.027046895,0.27464187,0.85482734,0.44570413
1.0,0.6699145,0.19097377,0.037063465,0.065731995,0.23669752,0.09028016,0.041325197,0.031939074,0.30043748,0.62527734,0.45420197
1.0,0.32234204,0.12495292,0.023056464,0.049514886,0.091422945,0.06612346,0.032107268,0.06601765,0.41275162,0.29632434,0.38220248
1.0,0.21785612,0.17943278,0.045302067,0.032053307,0.043379273,0.098682284,0.049969513,0.25325924,0.9343843,0.24144189,0.6462239
0.9216266,0.2762755,0.21928602,0.08469832,0.03491349,0.07530753,0.09736089,0.057284757,0.26779187,1.0,0.23235995,0.77525216
0.8135752,0.4174762,0.45993364,0.1758852,0.17856638,0.6409072,0.44817388,0.35079038,0.27497363,0.5367356,0.45226493,1.0
0.84481364,0.6164399,0.41828042,0.2276684,0.21352744,0.50483775,0.42537206,0.49357444,0.25560158,0.36549613,0.4701714,1.0
1.0,0.8305895,0.75231344,0.21516517,0.13857432,0.12967268,0.11715601,0.06891428,0.1092974,0.83353335,0.6315188,0.87693727
1.0,0.8793119,0.92438596,0.21845658,0.13469565,0.1611722,0.115077026,0.07946319,0.12501894,0.59931016,0.5187683,0.9262977
0.5629877,0.57293224,1.0,0.18322161,0.15742019,0.17422064,0.11386415,0.061111033,0.060669057,0.10420472,0.14404784,0.365525
0.49147797,0.552228,1.0,0.4043022,0.42374566,0.4696322,0.48967105,0.32356954,0.17861342,0.13387679,0.19033581,0.2802141
0.4436353,0.86358345,0.8131473,0.78332436,1.0,0.93162155,0.7253253,0.4810152,0.2735952,0.22211501,0.27727756,0.3726256
0.8367177,1.0,0.80989057,0.76135445,0.8600653,0.7729844,0.483804,0.4407566,0.43878442,0.48683652,0.45102555,0.64069027
0.94454056,1.0,0.74987686,0.57663816,0.4433459,0.38716355,0.40715963,0.44976023,0.378825,0.4314577,0.46318665,0.7211424
0.94905216,1.0,0.8215054,0.54600984,0.3780029,0.5724815,0.7783018,0.74172395,0.51904243,0.5005002,0.5057028,0.6438889
0.03227998,0.029824387,0.022759141,0.018712336,0.019281605,0.11980056,0.5120503,1.0,0.32775846,0.18090145,0.107135735,0.053332794
0.10231643,0.08123145,0.047134314,0.047474395,0.048091836,0.17124186,0.5542428,1.0,0.45747346,0.309646,0.24347045,0.14250895
0.43308216,0.30228463,0.18168306,0.26888224,0.3085402,0.5291861,0.9453547,0.8600379,0.6748332,0.6856772,1.0,0.6540742
0.34448344,0.38992906,0.6525157,1.0,0.98024416,0.3350226,0.13749479,0.29190895,0.59695846,0.8070347,0.61755365,0.45793995
0.051468775,0.02078931,0.036937155,0.17235063,1.0,0.5554658,0.031044537,0.014766089,0.03103889,0.05432298,0.053037528,0.06303092
0.08121339,0.006478312,0.003112649,0.05914904,1.0,0.98157144,0.046144955,0.0027108311,0.0023593307,0.0050528315,0.00712207,0.06054752
0.09925399,0.0038202375,0.00025651164,0.01342074,0.5728401,1.0,0.061362114,0.000609822,0.0008029884,0.0010368752,0.0034887292,0.092855744
0.12247451,0.0023070527,0.0020879179,0.08455283,0.94020826,1.0,0.057450574,0.0009483792,0.0011801373,0.0031277752,0.08305783,0.37280637
0.073038764,0.0014691387,0.049919993,0.6508392,1.0,0.26762107,0.011886754,0.0013638897,0.0012308871,0.0563406,0.8234183,0.759192
0.004206203,0.0050200787,0.1727462,0.6086403,0.16079941,0.03658962,0.00304413,0.0012395644,0.0031918348,0.18617105,1.0,0.2142959
0.0030401847,0.025160449,0.37498146,0.6153419,0.09609914,0.05450987,0.005293405,0.0027163073,0.012246392,0.38122442,1.0,0.11155836
0.019221416,0.11095064,0.7141067,0.76740575,0.35468566,0.30496177,0.022152124,0.013744344,0.03249281,0.5958004,1.0,0.114268586
0.12642495,0.09286452,0.5744319,0.5612789,0.88426673,1.0,0.09224051,0.012990056,0.017106416,0.081381835,0.35762662,0.26706773
0.20688693,0.05611018,0.18932235,0.25890774,0.63368666,1.0,0.24458304,0.018158354,0.027490614,0.35849229,0.96248263,0.4712568
0.032524124,0.030756503,0.1945764,0.44234934,1.0,0.70091546,0.052722167,0.006552093,0.010385372,0.28340292,0.90385675,0.22811952
0.005153983,0.018831152,0.0768436,0.16175528,1.0,0.91896284,0.04030338,0.008434645,0.0025167482,0.019803144,0.11409184,0.05277131
0.0022245373,0.018267024,0.1753092,0.25853178,0.747132,1.0,0.052185833,0.016531207,0.004242009,0.00933107,0.014647548,0.0068458878
0.00951211,0.022281623,0.3179182,0.6512739,0.92670673,1.0,0.05754857,0.015689418,0.011579125,0.021472102,0.024892194,0.012752264
0.07366245,0.024723174,0.06043643,0.12645903,0.11684702,0.07274403,0.049231514,0.046744514,0.31595665,1.0,0.33918577,0.08105716
0.97026455,1.0,0.24328579,0.25309712,0.26530534,0.3068498,0.29737458,0.26893625,0.22085306,0.3833772,0.4105608,0.3844004
0.36898088,1.0,0.5470913,0.061487313,0.0059630736,0.0049525006,0.008789122,0.011982783,0.011000063,0.013639448,0.013739684,0.03439762
0.15757312,0.81628156,1.0,0.39097992,0.02639835,0.0004184168,0.00073878455,0.0016103811,0.0026285443,0.010938106,0.010072751,0.013193798
0.013206347,0.1321265,0.6568052,1.0,0.07993138,0.00038402464,4.3888907e-05,9.7058735e-05,0.00043795002,0.006036029,0.008895311,0.0029512818
0.0017576303,0.017150708,0.4899399,1.0,0.1109965,0.0010782088,5.9251324e-05,0.00012551113,0.0005824278,0.0033333097,0.010628977,0.004796056
0.01320769,0.033709586,0.5372018,1.0,0.18200669,0.00393006,0.00037869703,0.00070190465,0.0028487605,0.0055802944,0.016960751,0.012642333
0.17358817,0.21048892,1.0,0.76798046,0.098281436,0.010508783,0.0049093077,0.0057057003,0.011512753,0.04636857,0.032812454,0.027061136
0.08471964,0.30574158,1.0,0.74862677,0.085468695,0.0016680888,0.0009674998,0.00067107537,0.00026068644,0.001343154,0.002402119,0.009394763
0.036064163,0.13940474,0.59395295,1.0,0.13296139,0.0031300082,0.0017132033,0.00039285637,8.523277e-05,0.0001637793,0.00059233565,0.0015450559
0.066225216,0.42467245,0.92171663,1.0,0.09343946,0.0027004983,0.0025967306,0.0007235881,0.0001275988,0.00021332961,0.00068353256,0.002014867
0.06438794,0.51706845,1.0,0.73635256,0.058632623,0.0049617793,0.0024584937,0.0012567538,0.00031529364,0.00042068656,0.00062146236,0.001937224
0.017155865,0.22676307,0.9715783,1.0,0.075320855,0.0035220566,0.0010793627,0.00087519863,0.00022770147,0.00018061807,0.00030594852,0.000954865
0.01431832,0.09351147,0.6729236,1.0,0.09461766,0.0037710562,0.0012532993,0.0012948276,0.0006218551,0.00059832365,0.0009531622,0.0030361696
0.057808135,0.25259617,0.5725889,1.0,0.18897577,0.036260687,0.026787413,0.019766228,0.015233637,0.015265641,0.017607842,0.029373555
0.2112588,0.53434473,0.87998915,1.0,0.36436245,0.3870667,0.2831537,0.17968921,0.14840159,0.11277786,0.08300372,0.12598313
0.23555964,0.25971755,0.79491603,1.0,0.41721496,0.40773946,0.3831308,0.32089397,0.2565951,0.17878309,0.17145783,0.26803228
0.0731261,0.13885918,0.22122587,0.14876504,0.2882418,1.0,0.7620307,0.46968186,0.18369755,0.1296466,0.08636288,0.090315536
0.05550799,0.06963902,0.1528424,0.088867396,0.3216195,1.0,0.67800283,0.30505165,0.09831781,0.080129944,0.026586393,0.026652778
0.49448934,0.72831833,0.5396948,0.4679149,0.45465186,1.0,0.9303702,0.54370296,0.31420285,0.2819977,0.24857563,0.19256149
1.0,0.8383,0.43100646,0.5268237,0.34412155,0.4179401,0.5871426,0.36625513,0.29437786,0.360092,0.44966173,0.37790868
1.0,0.84402937,0.438429,0.9800039,0.7387754,0.7721142,0.75009423,0.49918517,0.28086436,0.37855008,0.4871835,0.45419884
0.51411957,0.501938,0.30047637,0.5537751,0.5152399,0.76423603,1.0,0.5834684,0.25624135,0.22715738,0.15289882,0.21330002
0.74745303,0.57384944,0.22200143,0.2339671,0.33009565,0.6768107,1.0,0.38912603,0.12286921,0.13004625,0.17272389,0.2693365
1.0,0.47229695,0.09106858,0.20140813,0.35728544,0.942081,0.89020354,0.22051011,0.05332232,0.104162194,0.28204903,0.4049004
0.40954125,0.21457545,0.087207444,0.11785815,0.37304533,0.9713752,1.0,0.39977747,0.0497596,0.046185557,0.09869731,0.23303299
0.32337844,0.24134141,0.10761591,0.1052935,0.20686792,0.9659395,1.0,0.43033907,0.15775737,0.13668895,0.1135571,0.23409407
0.6737061,0.50820994,0.23447165,0.15701078,0.14655808,0.49861792,0.5744518,0.42765346,0.34943298,0.43718517,0.6612475,1.0
0.5601514,0.29942027,0.13658373,0.091881506,0.07955568,0.22154526,0.33518165,0.3492284,0.27393258,0.35014302,0.73744684,1.0
0.5297941,0.34547502,0.13503915,0.091111526,0.07622229,0.25655565,0.4005041,0.5490417,0.6669006,0.75681865,1.0,0.84013164
0.39234173,0.1726932,0.14044817,0.2365812,0.5533981,0.95958483,0.53522015,0.41248342,0.9511089,1.0,0.61838335,0.8328142
0.1816468,0.1804478,0.15281466,0.10639836,0.32640493,0.88146585,0.980779,0.7782898,0.82385886,0.51302075,0.7569365,1.0
0.10124561,0.15430392,0.13171342,0.02186926,0.07100918,0.29544318,0.7769559,1.0,0.507416,0.729477,0.8046543,0.52408195
0.02923708,0.031306077,0.028249174,0.013290359,0.017467098,0.09717268,0.6982704,1.0,0.24372771,0.1462095,0.12522085,0.07097112
0.008973743,0.006167634,0.007135198,0.008833251,0.013022476,0.07375652,0.49832585,1.0,0.41775918,0.08028948,0.021115791,0.013082745
0.0053396393,0.0014455693,0.003059094,0.005459114,0.009785976,0.038354248,0.17884849,0.6704833,1.0,0.42837712,0.038892012,0.009751995
0.0059856134,0.003344433,0.00467128,0.02630632,0.06103062,0.16852716,0.5606099,0.7299886,1.0,0.5957778,0.10316638,0.020334939
0.015557435,0.007917023,0.015778147,0.07458391,0.17943946,0.45552486,0.896137,1.0,0.46610838,0.07908326,0.019399121,0.020912666
0.20348196,0.123234585,0.19503295,0.32463607,0.75210494,0.65849566,0.46401596,0.8795908,1.0,0.4033502,0.22680683,0.20812917
0.11726312,0.090942845,0.18461354,0.5444332,1.0,0.60970324,0.37562817,0.2827058,0.10388778,0.045896444,0.06501174,0.09468756
0.069202445,0.05874141,0.11022654,0.3675401,0.7161488,0.47385013,0.48954782,0.910202,1.0,0.48889756,0.09496239,0.05475896
0.013036858,0.00888906,0.014883983,0.041671503,0.06615262,0.04493018,0.06736024,0.33165947,0.7770959,1.0,0.33931848,0.031508774
0.015478596,0.009926156,0.011521342,0.016631966,0.0043528257,0.002969036,0.012167433,0.039058004,0.22101867,1.0,0.5923367,0.0708575
0.0137383,0.008307765,0.009107498,0.012183073,0.0039334227,0.0058321035,0.019978318,0.11728414,0.5400961,1.0,0.5112487,0.09571632
0.007295894,0.0075272014,0.0075883837,0.005862704,0.0035375438,0.02387332,0.12112099,0.73562735,1.0,0.31130302,0.08305577,0.02670752
0.0041543795,0.005898873,0.0063849157,0.0036369003,0.0038327,0.042256057,0.44011933,1.0,0.2757002,0.02273758,0.0072040446,0.009392512
0.0029164902,0.0021655362,0.002745925,0.0064404975,0.005969433,0.031800505,0.40133956,1.0,0.30013078,0.023263205,0.0054215994,0.003939115
0.030453095,0.021694258,0.02945908,0.07675926,0.05905247,0.03925507,0.20645975,0.9021077,1.0,0.57655066,0.1658422,0.050064635
0.06592639,0.045410752,0.05304293,0.039750982,0.029726397,0.025343306,0.036669157,0.029476877,0.19420381,1.0,0.48691502,0.14879507
0.038316604,0.04372795,0.043612875,0.03537665,0.021393804,0.039343223,0.12794895,0.31928098,0.8051863,1.0,0.2708485,0.05942795
0.006352848,0.010142069,0.011896171,0.012980594,0.0068031647,0.033488642,0.25332594,1.0,0.6503951,0.110202774,0.020433253,0.005892748
0.0059696804,0.0036396547,0.0071230438,0.0059182,0.0035485802,0.021616086,0.25429538,1.0,0.52736527,0.050305795,0.012445288,0.0086453855
0.010225956,0.0068309093,0.010482946,0.0130437575,0.008022255,0.015112674,0.080231704,0.61691326,1.0,0.24498533,0.022402704,0.02862467
0.5304176,0.33066446,0.20895432,0.22396393,0.2694721,0.30685297,0.40188468,0.5167517,0.9445481,1.0,0.6124509,0.7191802
0.5298146,1.0,0.7205954,0.2191854,0.20773843,0.32814002,0.481598,0.6830472,0.8417264,0.48000398,0.36502147,0.47658166
0.14711434,0.79950863,1.0,0.29263797,0.15726379,0.29875225,0.26488146,0.27347264,0.69461584,0.43422252,0.17274153,0.090455964
0.09339309,0.5050907,0.97517216,0.4250572,0.22816719,0.40778637,0.2990748,0.25591826,1.0,0.7362381,0.34126005,0.16402036
0.39296058,0.61364675,0.35295513,0.23266242,0.1349109,0.3010085,0.19800742,0.35030147,1.0,0.4121858,0.40827262,0.4292382
0.28799832,1.0,0.5013429,0.086080216,0.091931194,0.17109053,0.064610176,0.07669714,0.21091981,0.06180386,0.033538558,0.081105396
0.14529955,1.0,0.70082134,0.17446534,0.1383586,0.11129354,0.045886192,0.023726346,0.060379513,0.029812325,0.0063565164,0.028892705
0.16835803,1.0,0.7530626,0.31215388,0.20184875,0.09759742,0.036345303,0.017468195,0.043433767,0.02532488,0.0103499405,0.028443197
0.24039921,1.0,0.44663998,0.29048246,0.11452794,0.08428891,0.024645466,0.01966903,0.040746026,0.014204654,0.03235184,0.051488485
0.13914715,1.0,0.80394346,0.18028206,0.076288916,0.0390381,0.011778426,0.006789894,0.014458618,0.016388016,0.01364364,0.03177157
0.06360435,0.57458895,1.0,0.30232382,0.05396238,0.017517185,0.008857125,0.0053593903,0.009780978,0.03030621,0.01173839,0.016051149
0.03532162,0.14737235,1.0,0.65744746,0.056315668,0.010426558,0.0069608185,0.0071683577,0.007520777,0.041941985,0.021573715,0.007756306
0.027340213,0.32661897,1.0,0.41380468,0.07821808,0.010827637,0.006433298,0.0025342584,0.012760669,0.047102768,0.011861578,0.008405068
0.06074937,0.8485798,1.0,0.2223902,0.17192738,0.014923995,0.0063661053,0.0015632475,0.037755195,0.052485596,0.004181375,0.011662382
0.07081896,0.8789268,1.0,0.2289368,0.19058174,0.016426975,0.008357086,0.0014777147,0.042817194,0.062819,0.0035755138,0.0077199126
0.030830126,0.4818896,1.0,0.23075143,0.13455454,0.021015408,0.019715825,0.0019270747,0.036190365,0.12591432,0.012766185,0.0064159143
0.03152368,0.26201418,1.0,0.3403767,0.09623888,0.03960455,0.06407541,0.01965041,0.058821745,0.27387163,0.069346614,0.021641549
0.03521331,0.09970989,0.56823176,1.0,0.27947637,0.041559216,0.044250615,0.047927022,0.035981845,0.11977805,0.13931756,0.043283015
0.014942659,0.073129736,0.15072598,1.0,0.7767397,0.05599379,0.018693242,0.03822891,0.021209482,0.015791532,0.11020377,0.08701958
0.009626664,0.05369566,0.059769873,0.76589835,1.0,0.085953236,0.048280984,0.031131333,0.028296916,0.0072577726,0.076711945,0.11576675
0.018906226,0.064329654,0.1684186,1.0,0.7346437,0.07497951,0.05150267,0.03974621,0.018595584,0.031853117,0.13413996,0.086121485
0.03990073,0.17064705,0.85719657,1.0,0.24400283,0.03580279,0.05864031,0.040986303,0.03032655,0.205351,0.16237417,0.027701277
0.03665395,0.2697616,1.0,0.3547066,0.1368928,0.038705662,0.06591942,0.01787767,0.05355677,0.28976634,0.06824861,0.012950621
0.034968987,0.17917654,0.76243156,1.0,0.47127584,0.10118747,0.08389571,0.10142187,0.0667089,0.19284354,0.15164016,0.054434877
0.023054982,0.02886856,0.1348668,0.41585562,1.0,0.35784733,0.024643889,0.04920853,0.080554955,0.022115706,0.039722446,0.0678698
0.01945335,0.01582969,0.10443893,0.3910751,1.0,0.3867617,0.033779014,0.063043736,0.06496269,0.012664503,0.013210752,0.041181136
0.055555757,0.25062656,0.7416928,1.0,0.54256266,0.15198426,0.10122601,0.13305469,0.05141338,0.02609476,0.028638016,0.026039187
0.17350273,0.8958419,1.0,0.39190125,0.12353793,0.10182662,0.15789726,0.05332124,0.028581176,0.034829993,0.022812037,0.024093958
0.10655591,0.44491467,0.7479425,1.0,0.7794501,0.43266207,0.34373927,0.118003294,0.03221032,0.037995595,0.0630981,0.05942961
0.097368255,0.1253222,0.13787909,0.41712064,0.8012565,1.0,0.8543402,0.39271614,0.12359141,0.055821914,0.042012844,0.0548464
0.025602173,0.043896526,0.02856737,0.016929237,0.07145577,0.22443372,0.6151274,0.7109667,1.0,0.898859,0.26635292,0.049957875
0.0039858827,0.0053129126,0.005512074,0.0036838143,0.006096251,0.022470692,0.10438716,0.3441428,1.0,0.73884195,0.15657397,0.021936478
0.0051877853,0.0124871805,0.018460395,0.023613092,0.030359203,0.051999368,0.26169506,0.89710975,1.0,0.24046682,0.024275554,0.0045039915
0.14193329,1.0,0.79112124,0.2766219,0.21854773,0.15858917,0.24141566,0.4194317,0.42462292,0.3047448,0.063908294,0.02476799
0.07512542,0.67167705,1.0,0.9430771,0.46273026,0.12445713,0.06401604,0.037844278,0.082017094,0.15192392,0.11046884,0.060225673
0.045708846,0.08231956,0.18248004,0.4890115,0.5437042,0.36055738,0.56167376,1.0,0.7447725,0.19976017,0.06010383,0.06782551
0.004801383,0.005136615,0.019002737,0.025042575,0.03307875,0.054375444,0.18210618,1.0,0.8736572,0.11981084,0.0051403446,0.003953525
0.020289993,0.010317778,0.01420898,0.021962464,0.08795244,0.23850584,0.41007546,1.0,0.67274153,0.07301714,0.007705983,0.016922586
0.09976186,0.042573333,0.2066654,0.78137666,1.0,0.9503517,0.7203204,0.47512338,0.1789831,0.11614217,0.38744068,0.19895269
0.005462133,0.017824829,0.27582672,1.0,0.29828915,0.057502195,0.016200079,0.0149449995,0.014144052,0.13663001,0.66356593,0.14742193
0.030964091,0.008432485,0.120315075,1.0,0.8600258,0.15334095,0.049384195,0.02380853,0.019401073,0.051212303,0.533766,0.44897532
0.08268333,0.0038398588,0.01570086,0.31186563,1.0,0.26742217,0.030001592,0.008360185,0.006576021,0.004139307,0.09861159,0.42875004
0.078809805,0.004416445,0.008578061,0.22626293,1.0,0.3094087,0.024726609,0.0054810056,0.0063392087,0.0019078696,0.05062991,0.32040048
0.022712708,0.005322272,0.10432554,0.8255994,1.0,0.21779726,0.039433766,0.0049321856,0.0050555803,0.019818528,0.16700165,0.21431679
0.0018980866,0.023088528,0.5550439,1.0,0.25155905,0.10397397,0.022600917,0.0027614494,0.004339767,0.09530362,0.1853328,0.043759495
0.0017086489,0.043033466,0.8986114,1.0,0.11130185,0.045689818,0.008358165,0.0032695003,0.0049209557,0.1342786,0.14361277,0.014184642
0.0069527864,0.024014838,0.38621953,1.0,0.6151978,0.1352657,0.013851928,0.005438865,0.003397927,0.048429567,0.13398422,0.071745
0.025840381,0.004986439,0.046724588,0.26159543,1.0,0.6091267,0.049941223,0.005446165,0.0013749202,0.0028640926,0.024424173,0.04906652
0.032438505,0.0034381645,0.014478879,0.110043265,1.0,0.77219474,0.05102054,0.0033653113,0.0019661284,0.0018150278,0.005812441,0.037343252
0.011844555,0.009631099,0.098604485,0.5271305,1.0,0.3140863,0.02629302,0.019892367,0.00456069,0.007769641,0.03647605,0.037442718
0.00543301,0.055852223,0.67900676,1.0,0.36192524,0.09774627,0.09633401,0.07441166,0.0082701435,0.07327478,0.0987546,0.016382577
0.005170652,0.05108249,0.7194083,1.0,0.1459597,0.03665128,0.13209146,0.119373,0.009256873,0.08729887,0.12056674,0.013371688
0.007060467,0.022723136,0.22240308,1.0,0.797006,0.112406,0.052159764,0.10050187,0.015029341,0.020706972,0.08295327,0.05627179
0.0038331123,0.008515289,0.0236982,0.50084835,1.0,0.14153977,0.0066504604,0.009200674,0.0045617665,0.0010164023,0.014608713,0.035971407
0.0031908036,0.020783523,0.18254729,1.0,0.9681585,0.13680871,0.008685201,0.0076373103,0.002145229,0.0012600052,0.016979702,0.02659479
0.0042112144,0.017835947,0.29100975,1.0,0.51970446,0.26683915,0.17213668,0.106019,0.047339913,0.0153417345,0.010741973,0.006978434
0.009779306,0.013758655,0.10577723,0.43551236,0.57867146,0.56870145,0.73393553,1.0,0.798396,0.8803686,0.5579533,0.0825592
0.00460714,0.0030550591,0.004532938,0.011096511,0.037670463,0.06280057,0.13744922,0.42466968,0.6577149,1.0,0.61404604,0.07839827
0.006159565,0.007314631,0.037748836,0.10184805,0.19590539,0.20026873,0.25463793,0.6662375,1.0,0.7819706,0.27517855,0.041712064
0.056798957,0.2875461,0.946021,1.0,0.7808516,0.6575925,0.51030684,0.467543,0.39263147,0.17519367,0.049918417,0.039796144
0.05842384,0.62736595,1.0,0.14294505,0.070706084,0.44261682,0.38224024,0.018717552,0.019104412,0.028019028,0.010498155,0.03960343
0.049275484,0.44005042,1.0,0.2511219,0.051142942,0.16689722,0.18103336,0.014133808,0.012391569,0.033131395,0.011794366,0.02850806
0.02926152,0.25611228,1.0,0.5417163,0.06414015,0.043337483,0.07717975,0.015441031,0.00877375,0.054842465,0.033526476,0.008940321
0.043740585,0.42955285,1.0,0.47905403,0.09821465,0.031359635,0.033605922,0.010467284,0.034866814,0.15369655,0.053684022,0.006108081
0.005386428,0.067898124,0.50131893,0.41222185,0.06502328,0.00627273,0.0026937192,0.0025212946,0.077872775,1.0,0.4662249,0.009667426
0.0006096535,0.021788055,0.26991454,0.22613615,0.020330878,0.0007418382,0.00035342597,0.0007854738,0.05494034,1.0,0.5609777,0.009886759
0.00070888473,0.027930995,0.3765056,0.20526454,0.006664274,0.000931865,0.00047099942,0.00063775806,0.060622383,1.0,0.47339612,0.006676806
0.0016944815,0.10097955,1.0,0.3723858,0.0075161764,0.002070807,0.0014072591,0.0017635295,0.057012763,0.8811682,0.3845707,0.00916974
0.0039065303,0.20780826,1.0,0.23437205,0.006037371,0.0012690614,0.0009119263,0.0019202142,0.04642816,0.36451593,0.19009563,0.008444906
0.008072249,0.31203273,1.0,0.13376562,0.020794287,0.0034113696,0.000297777,0.0018975324,0.08559723,0.28072244,0.056676943,0.0026231676
0.0076776575,0.3848764,1.0,0.116773635,0.02186049,0.0043953666,0.00025259235,0.0014760491,0.16871941,0.8385132,0.11896785,0.0013872252
0.0077994955,0.30625212,0.5496288,0.0455027,0.004780776,0.0025172797,0.0007011949,0.0019292932,0.21936135,1.0,0.15191568,0.0010209205
0.034530457,0.88092786,0.8101811,0.030731084,0.0022450325,0.010232382,0.003485877,0.008964263,0.38869527,1.0,0.14421932,0.0013154851
0.047366697,1.0,0.77456343,0.02892035,0.0023129939,0.008184967,0.004930156,0.007255546,0.14682305,0.12201771,0.010779626,0.0005087557
0.04098086,0.8093413,1.0,0.078260325,0.009420696,0.0073718256,0.0096505275,0.0026259448,0.039999906,0.090155415,0.023098893,0.0015021975
0.03897808,0.39293945,1.0,0.30045334,0.11903428,0.045955185,0.02240528,0.0061092325,0.029145034,0.40691498,0.42063594,0.02701373
0.0251818,0.29243785,1.0,0.38801703,0.08651153,0.02550517,0.00941796,0.0057070567,0.13363586,0.87373,0.44746533,0.023747915
0.020011859,0.5788324,1.0,0.13217805,0.041536767,0.006632387,0.0023944017,0.005185231,0.24456514,0.5631578,0.06430509,0.0036925748
0.02203684,0.6475977,1.0,0.10554426,0.041899152,0.0046599023,0.0020851812,0.0043259356,0.21954189,0.36734945,0.0183739,0.0016445422
0.012390775,0.4019214,1.0,0.14098476,0.029501371,0.0041960552,0.0014319236,0.00244752,0.12758529,0.44477051,0.05493302,0.0012531695
0.0068325475,0.18946496,1.0,0.29243907,0.029476142,0.0072981203,0.0009417159,0.0011382115,0.08635807,0.77479875,0.21725981,0.0029427125
0.007281323,0.25708598,1.0,0.28013018,0.033186726,0.0068350937,0.00058296765,0.00086626364,0.092345335,0.75562465,0.2003918,0.0028628742
0.0094239265,0.36837524,1.0,0.17562784,0.03584418,0.004315959,0.00049196044,0.0012681894,0.15304326,0.6974319,0.07944858,0.0009066373
0.0121888025,0.36960062,1.0,0.1867181,0.031994037,0.0036269624,0.0005565723,0.0015227123,0.17944767,0.82612115,0.09168485,0.0011547649
0.0089354385,0.26427907,0.85369205,0.18973516,0.031077202,0.004571233,0.0014705692,0.0042182393,0.21850282,1.0,0.11207564,0.0018622275
0.019776225,0.25635496,0.61162734,0.12961641,0.033344615,0.02044072,0.011081779,0.022764945,0.40760446,1.0,0.091589086,0.00690932
0.14288802,1.0,0.7035363,0.09190963,0.07682882,0.24717858,0.046075255,0.054651223,0.50663626,0.5023293,0.035861544,0.020017965
0.1763242,1.0,0.3189449,0.040998667,0.106430866,0.45927426,0.06009666,0.016995773,0.05582884,0.03372045,0.013816497,0.017583776
0.09050759,1.0,0.77275044,0.055012308,0.047997005,0.23443957,0.05719684,0.022723723,0.016682016,0.017376292,0.013421334,0.01334529
0.056585595,0.5129448,1.0,0.1438967,0.10377702,0.06520285,0.03737291,0.025267428,0.01691264,0.026843937,0.016082287,0.024462132
0.12096234,0.17526455,1.0,0.38100788,0.3081712,0.14719693,0.061083402,0.02225466,0.014539673,0.049022604,0.034375854,0.051667992
0.09849631,0.55460244,1.0,0.19300291,0.15519342,0.07768464,0.035456214,0.02893634,0.01630914,0.024498245,0.014897384,0.034869295
0.10061057,1.0,0.5240127,0.02892876,0.03260199,0.105143845,0.023704918,0.023711013,0.014424579,0.00851077,0.004074439,0.008365696
0.08330952,1.0,0.5033923,0.01988529,0.02287586,0.093843415,0.021285584,0.019014675,0.012145061,0.0074957293,0.0043734927,0.007687195
0.039795905,0.68948656,1.0,0.082404934,0.053644262,0.028297365,0.022707282,0.02234664,0.012757598,0.014648037,0.0055899406,0.014478806
0.036318433,0.24934815,1.0,0.19540484,0.11451132,0.03293783,0.043441176,0.011795241,0.0096095605,0.023719512,0.009346865,0.017997624
0.037042394,0.13530606,1.0,0.28527617,0.17504053,0.047399368,0.044280317,0.008494379,0.007816947,0.01982536,0.010592655,0.017262064
0.03611879,0.17183113,1.0,0.33481342,0.33980724,0.09055013,0.037010517,0.007945351,0.0060546906,0.013029393,0.009015455,0.015176776
0.041511375,0.31086805,1.0,0.37808326,0.62773615,0.14238295,0.04251209,0.0125205275,0.0083616935,0.014401768,0.009644978,0.016099652
0.063344516,0.38551998,1.0,0.2827737,0.24647772,0.055431373,0.022703309,0.016134173,0.006439251,0.00529277,0.004113872,0.010870936
0.027915154,0.22983462,1.0,0.47574696,0.35888186,0.12997158,0.06312497,0.031680316,0.014345363,0.0062167863,0.005191889,0.010591402
0.017765272,0.047347646,0.21851037,1.0,0.6912007,0.2507053,0.2183001,0.07177069,0.026932469,0.011048452,0.0072357804,0.008707601
0.049109697,0.21001439,0.21789885,1.0,0.5300309,0.9500655,0.29025048,0.12521859,0.0354725,0.016298303,0.008072288,0.010329774
0.084086105,0.33019406,0.1963997,0.62324023,0.32403857,1.0,0.22336435,0.0780919,0.021580968,0.011883373,0.00889014,0.013572303
0.12352961,0.6435672,0.68130976,0.5526709,0.32221353,1.0,0.5107464,0.08904274,0.03388422,0.019842561,0.015805032,0.028984902
0.09353334,0.56010276,1.0,0.2661839,0.19615813,0.6905646,0.83607936,0.07237282,0.02392771,0.015298802,0.02005917,0.04242675
0.10010088,0.36197504,1.0,0.16569568,0.15371594,0.33825484,0.74555266,0.060732476,0.0181926,0.017191242,0.026891062,0.060135834
0.14129817,0.37858057,1.0,0.19014147,0.19669439,0.2568319,0.5456244,0.048988562,0.019545121,0.030654874,0.06339224,0.115317315
0.17085537,0.74586296,1.0,0.1490362,0.16023357,0.49546897,0.44042373,0.028335577,0.022815535,0.038162336,0.07052405,0.1265062
0.23951443,1.0,0.90867835,0.1537085,0.13630879,0.42960387,0.24319552,0.03097903,0.026021155,0.028748326,0.043820634,0.09497459
0.230946,0.8550011,1.0,0.14942093,0.1362391,0.2341928,0.15328328,0.03300553,0.03286772,0.054355137,0.06774467,0.15134971
0.26342034,0.3480174,1.0,0.17345427,0.09794934,0.056324504,0.066818155,0.00938743,0.020265944,0.0804569,0.06396155,0.22332393
0.29833648,0.1780739,1.0,0.2749204,0.07770881,0.02421606,0.025730498,0.0045895,0.018163612,0.122846834,0.047022004,0.18386453
0.061503,0.5496762,1.0,0.115825266,0.025830071,0.012372208,0.014132714,0.0021607643,0.025806775,0.07290511,0.0116680125,0.02003228
0.06330376,1.0,0.7135421,0.022179322,0.0030854656,0.0042538666,0.002290485,0.0012242816,0.018141411,0.014832342,0.0021325517,0.0019661481
0.06847291,1.0,0.5381514,0.011922901,0.00063103065,0.0019450636,0.0006262911,0.0010546977,0.010853089,0.004321915,0.0008978805,0.00077446736
0.045331217,0.9727563,1.0,0.053553242,0.0011813632,0.007841072,0.006491873,0.00083844824,0.009210073,0.008990928,0.00112241,0.00065685017
0.006955177,0.34236616,1.0,0.13376057,0.0023562214,0.00885367,0.011700458,0.0005631136,0.0033726164,0.013182312,0.0020358493,0.0003431919
0.00263207,0.19489366,1.0,0.1887361,0.003934285,0.0038515197,0.007781099,0.000559746,0.0057707434,0.02661955,0.003606254,0.00028561612
0.017796693,0.57467204,1.0,0.121561974,0.003579325,0.0047233463,0.005476746,0.0008661607,0.024210522,0.050578374,0.0037677356,0.00021683853
0.05194369,1.0,0.9469163,0.052413628,0.0022057479,0.0032509824,0.0025104173,0.000664975,0.01628767,0.025813194,0.0045953174,0.0009267327
0.093657136,0.94904995,1.0,0.26240277,0.05241926,0.0042666313,0.0022188053,0.0013763402,0.0074861697,0.03253302,0.050919004,0.026433041
0.09293996,0.21809487,0.66702795,1.0,0.8537883,0.14344715,0.067215115,0.025093209,0.031077148,0.10306216,0.29564032,0.47772357
0.06199507,0.14479013,0.3501364,0.79684573,1.0,0.24968095,0.54046214,0.43133476,0.09673403,0.08013586,0.31490386,0.48736668
0.011932151,0.09243509,0.5790398,1.0,0.2687996,0.14576714,0.4940426,0.47985905,0.17489219,0.08314957,0.27817473,0.112190984
0.004949122,0.04656758,0.93742466,1.0,0.058530886,0.060637865,0.10725264,0.09775449,0.12881716,0.11527825,0.12534621,0.010133438
0.004983927,0.03847262,0.7305004,1.0,0.13509041,0.028142506,0.078202225,0.116351165,0.088304706,0.10739115,0.14756307,0.019610176
0.0060366616,0.029470347,0.26342887,1.0,0.63844514,0.060669094,0.12869014,0.16185822,0.08807276,0.049187176,0.12126554,0.06294051
0.008081011,0.01144206,0.06552104,0.8059137,1.0,0.10237383,0.069185115,0.056261443,0.03131525,0.0107198935,0.052922,0.06813035
0.004703386,0.017735774,0.2117393,1.0,0.5861222,0.05504668,0.03680398,0.026341442,0.02406707,0.02744543,0.09157826,0.037662115
0.005899675,0.05377014,0.7490308,1.0,0.1292853,0.020200927,0.08261097,0.046186093,0.017431678,0.088552855,0.11398458,0.014242133
0.0065615987,0.036349185,0.6360888,1.0,0.17046182,0.017945386,0.06535437,0.056877468,0.013257399,0.09087359,0.12723868,0.022442736
0.008844093,0.01743111,0.21564277,1.0,0.7869544,0.10430622,0.0393999,0.039104346,0.013127585,0.022487417,0.07992807,0.05124377
0.0131562995,0.033363808,0.11502253,0.62448007,1.0,0.22077733,0.06885126,0.02178431,0.006657696,0.0042104884,0.012853525,0.035569843
0.024495253,0.087253414,0.27269432,0.849743,1.0,0.33034685,0.12611468,0.029533667,0.006404139,0.004740243,0.007898941,0.022229763
0.052077543,0.10423886,0.28753108,1.0,0.7347635,0.12598856,0.08805509,0.03687498,0.015556841,0.011928638,0.016169285,0.019229764
0.38300356,0.58710104,0.59341824,0.8073822,1.0,0.78533053,0.6887627,0.5239015,0.4960931,0.36115307,0.4980704,0.32279035
0.3080745,0.369429,0.44575223,0.5745897,0.83580464,1.0,0.90166587,0.68279344,0.6280662,0.654001,0.72319674,0.38418907
0.30672356,0.4102925,0.3771602,0.3821081,0.3707559,0.38943845,0.4382911,0.43508887,0.5419923,0.6967845,1.0,0.57844007
0.29669738,0.3802106,0.3171695,0.4283571,0.3789637,0.26883072,0.3524072,0.38840637,0.43339807,0.61426365,1.0,0.5597491
0.3588433,0.40893513,0.30575728,0.44942713,0.52728796,0.44246185,0.45788717,0.42953494,0.44404784,0.61666715,1.0,0.596759
0.4568982,0.4808397,0.3301493,0.3977418,0.654837,0.82150024,0.5765172,0.6529646,1.0,0.8934018,0.7617092,0.56021535
0.3102869,0.52767473,0.8582128,0.92266685,0.946833,1.0,0.8197858,0.91069794,0.8714835,0.726001,0.38132507,0.32800677
0.06884894,0.19879454,0.42182782,0.13837908,0.21006297,0.5079979,0.87669224,1.0,0.18554959,0.054443836,0.029074393,0.026550977
0.01629712,0.053550586,0.14918123,0.012329043,0.00993666,0.118431695,0.71795136,1.0,0.13069984,0.0029833906,0.00121052,0.0009441261
0.008589593,0.019921325,0.043415815,0.0029315848,0.0025470417,0.036584955,0.6621427,1.0,0.106672704,0.0012689807,0.00022964505,0.00052664493
0.03496335,0.030313345,0.024881551,0.0035526846,0.0071775,0.0210724,0.483951,1.0,0.12586042,0.0012027366,0.00026372186,0.0015760418
0.07191859,0.058367345,0.033858746,0.009412055,0.024193456,0.06432651,0.55242974,1.0,0.11233058,0.0020343421,0.0022313008,0.0076498943
0.02412112,0.019277219,0.009457068,0.073701136,0.5416288,1.0,0.42801163,0.09332937,0.015695361,0.0044909175,0.014052429,0.028731966
0.030759128,0.010146384,0.008097302,0.17744704,0.9638148,1.0,0.36462533,0.06472218,0.020815222,0.0065693636,0.048833624,0.088434696
0.21000132,0.111383215,0.0179719,0.16577394,1.0,0.93445885,0.42016307,0.07508,0.03135626,0.02394705,0.06800997,0.13047971
0.14546229,0.21039413,0.071871325,0.019431857,0.17932063,0.45149702,1.0,0.5512552,0.035862807,0.013546995,0.03155995,0.038979612
0.0077363313,0.035819918,0.07199592,0.008845406,0.005022888,0.024524996,0.40048593,1.0,0.12389386,0.001677843,0.006547242,0.008838823
0.0011479023,0.006708274,0.046012223,0.009344497,0.0015524407,0.004555782,0.14789258,1.0,0.20523377,0.0016599331,0.0011051212,0.0043814047
0.00084968033,0.006998812,0.045406826,0.0077458685,0.0010057216,0.0025954226,0.14757672,1.0,0.18421608,0.0012425554,0.0008587631,0.0035175392
0.0012669421,0.020125242,0.06896737,0.0065060942,0.0009905996,0.0029726555,0.22821933,1.0,0.12995628,0.0006411178,0.0015628871,0.0036065257
0.0029449384,0.07545037,0.16159104,0.008242237,0.001489133,0.00755564,0.47953647,1.0,0.07245333,0.00049574673,0.003656156,0.004996043
0.0025206038,0.08206658,0.18534695,0.009982912,0.0014290286,0.0076140193,0.50393254,1.0,0.053690206,0.0004120136,0.0038471033,0.005391181
0.00068000756,0.025093222,0.105042316,0.0123255,0.0010541977,0.0029787652,0.26664248,1.0,0.108393334,0.0005349101,0.0012445571,0.002681964
0.00026531247,0.0081263315,0.05504143,0.009454945,0.000499862,0.002034414,0.22203234,1.0,0.12730156,0.0005499007,0.00046599592,0.0015857356
0.0004006049,0.01416055,0.037842333,0.0040688757,0.0013672807,0.013062891,0.46978787,1.0,0.08842992,0.00038914394,0.0007267882,0.0014083689
0.0014387757,0.049732756,0.04795256,0.0015068697,0.002098951,0.05884554,1.0,0.72459555,0.034577403,0.00043447895,0.0009834967,0.00076606375
0.0044316263,0.1555874,0.14594434,0.0043456997,0.0021447903,0.07005152,1.0,0.5900774,0.017024735,0.0008058419,0.00073822506,0.000353243
0.013716106,0.5283857,0.54228866,0.018333664,0.009100708,0.047110956,1.0,0.7859213,0.031040939,0.0009893294,0.0006803798,0.0005446865
0.007172625,0.42040026,1.0,0.098789304,0.036747847,0.074183226,0.5243988,0.72269875,0.053859167,0.00095341995,0.0007085946,0.0011728675
0.0017122534,0.11540465,1.0,0.27388608,0.06586386,0.23475018,0.18650278,0.6075894,0.15071915,0.0026649085,0.00084073737,0.0038010704
0.0012909983,0.06202688,0.8685493,0.31443563,0.13419859,0.5612972,0.29064193,1.0,0.29213807,0.005577709,0.00092958356,0.0044184756
0.0027436449,0.08688255,0.3871572,0.08825256,0.15216899,0.38806638,0.55046976,1.0,0.15736714,0.0039121346,0.0009934012,0.0011635869
0.014364994,0.13987657,0.08431344,0.018350814,0.07004021,0.17806412,1.0,0.5133388,0.029779425,0.0017812204,0.0011442145,0.00070386013
0.015934411,0.1327985,0.04828705,0.023542874,0.10550103,0.17247449,1.0,0.38328966,0.014986769,0.0015663517,0.0017929289,0.0011184006
0.006501579,0.05522384,0.09121024,0.037566483,0.2544057,0.2595402,0.6540824,1.0,0.21381943,0.008720952,0.0018229637,0.0024015424
0.0063435477,0.009865303,0.090922296,0.104948044,0.11951642,0.19153953,0.19849432,1.0,0.9853267,0.1005186,0.0029143682,0.003948817
0.009161141,0.0027331105,0.035196368,0.10286206,0.022624925,0.14731771,0.1743878,0.41466102,1.0,0.15522142,0.004236704,0.005183351
0.0098659815,0.023133352,0.07492885,0.0820093,0.05889574,0.3378708,0.49744672,1.0,0.8032821,0.09487416,0.014087075,0.016205724
0.04431674,0.10915949,0.04516171,0.059830975,0.07562385,0.39588043,1.0,0.5736828,0.12012415,0.046863012,0.052503232,0.013702704
0.07472009,0.16468388,0.03429304,0.114975624,0.16085052,0.5154085,1.0,0.2105383,0.02504005,0.064582646,0.06812618,0.012173853
0.031011311,0.117807165,0.098307714,0.085216545,0.35034847,0.67148906,0.847402,1.0,0.36239108,0.053163722,0.05067036,0.039007705
0.05642936,0.05432983,0.07801239,0.09701987,0.123324335,0.57301426,0.39277536,0.5677791,1.0,0.27804145,0.038195383,0.05048818
0.16898637,0.15449409,0.1602012,0.17298448,0.10822248,0.29351613,0.3782361,0.3038025,1.0,0.4735895,0.12616286,0.1370213
0.10086728,0.14455713,0.17838582,0.14565909,0.16519527,0.87107766,0.73281413,0.845143,1.0,0.30573034,0.09230973,0.0848048
0.14043511,0.44272402,0.15091832,0.11598399,0.19405471,0.7481882,1.0,0.6062833,0.21319889,0.058068287,0.040520415,0.0121880835
0.18688218,0.41813612,0.050791543,0.1161021,0.10804822,0.5397744,1.0,0.14897904,0.01945985,0.045791168,0.04604117,0.0063600456
0.102977976,0.364624,0.11763313,0.08948053,0.17976129,0.44009313,1.0,0.9366633,0.3096587,0.049617596,0.04606728,0.0200774
0.022307392,0.04104289,0.053671554,0.059961423,0.09349758,0.6265731,0.5149252,0.8493598,1.0,0.111699395,0.01876195,0.01876256
0.01497988,0.040531144,0.06294116,0.045068316,0.094922,0.6686332,0.6383392,1.0,0.97482526,0.12679888,0.022492373,0.022561202
0.020626605,0.12379864,0.06845757,0.033949368,0.10887015,0.2673792,1.0,0.7244916,0.15654872,0.033175837,0.03658597,0.019215781
0.020890636,0.120235555,0.032250028,0.029162204,0.06142751,0.1928396,1.0,0.28538522,0.03421762,0.015728872,0.026581984,0.009649327
0.09666337,0.13537563,0.0753278,0.030775186,0.076802105,0.19499859,0.840562,1.0,0.65278226,0.13959688,0.064823575,0.07208354
0.16992705,0.089550674,0.044683844,0.024919178,0.031084143,0.11117141,0.21972094,0.60264254,1.0,0.19211431,0.06802826,0.11443138
0.1283127,0.040035397,0.03836786,0.08813476,0.20436591,0.23001567,0.3371918,0.72908664,1.0,0.23172216,0.117645144,0.17144164
0.0029138224,0.0020165849,0.008140517,0.2847237,1.0,0.49992996,0.071417935,0.010461408,0.005988373,0.0034617512,0.044152763,0.04616523
0.0072368565,0.0016867821,0.007418988,0.3892593,1.0,0.34035018,0.07537894,0.01227054,0.003073708,0.0028105602,0.10372515,0.15177432
0.037785534,0.0011191404,0.0041742395,0.3141762,1.0,0.15594491,0.01723366,0.0053184587,0.0028449497,0.001534897,0.09903258,0.30459628
0.069655634,0.00092464965,0.0011776322,0.12649006,1.0,0.26974714,0.006831695,0.0015421974,0.0012381695,0.0004179078,0.02587286,0.22719796
0.07594419,0.0011660301,0.007903234,0.21223597,1.0,0.27227765,0.010521902,0.0021689138,0.00086414197,0.0067079617,0.13872069,0.34384942
0.024969302,0.001955281,0.10359743,0.84632975,0.60517234,0.086409725,0.016520422,0.006060437,0.003230778,0.12664796,1.0,0.4551485
0.0043692715,0.0015780706,0.1023613,0.5844729,0.16293284,0.008568344,0.0023540233,0.0021416554,0.001910228,0.1593055,1.0,0.2387833
0.045261204,0.0024401767,0.050930906,0.67166483,1.0,0.1310126,0.005681947,0.0016765114,0.0015191942,0.08255729,0.9061494,0.7359085
0.026188621,0.020570071,0.09796339,0.6045637,1.0,0.16324097,0.009045711,0.0014989984,0.0007012408,0.0016907053,0.05423468,0.17422052
0.02333259,0.06956482,0.27384338,1.0,0.8305615,0.094082676,0.009644483,0.0014494336,0.0007018275,0.0010820741,0.017196486,0.04816294
0.05136934,0.20060962,0.6276845,1.0,0.5548184,0.06703379,0.06374304,0.015543802,0.008582293,0.04411917,0.06495554,0.05250022
0.0032458927,0.1940481,1.0,0.30225185,0.027099669,0.012604254,0.044368222,0.008116938,0.009717736,0.06527884,0.024609048,0.010040078
0.06976868,0.44859344,1.0,0.16380757,0.010214082,0.008391959,0.0137074,0.0074829794,0.012985657,0.044970687,0.01014822,0.013055371
0.46314535,1.0,0.62268305,0.07436112,0.020143159,0.048858512,0.07353698,0.050494738,0.02222863,0.050154205,0.14880414,0.23738138
0.42560682,0.52302575,0.31772554,0.10789474,0.06259312,0.2514508,0.21243173,0.06662221,0.038248282,0.19503549,1.0,0.7733226
0.40919176,0.04565496,0.055475343,0.035066057,0.018374145,0.10162317,0.1287598,0.023427902,0.012074345,0.05242465,0.47103402,1.0
0.8278943,0.05694011,0.0151178045,0.013167064,0.0073780376,0.022578377,0.04051658,0.019262688,0.0029415186,0.0058790646,0.1105608,1.0
0.57084817,0.046907883,0.017016916,0.011383756,0.0071155173,0.013264686,0.010120966,0.007197665,0.017960051,0.10152523,0.41986632,1.0
0.24188322,0.07009893,0.024015347,0.040228076,0.051641244,0.016018346,0.009904717,0.016814336,0.31561628,0.90757704,1.0,0.5786227
0.39229,0.17829266,0.03560055,0.10890231,0.11260966,0.015891861,0.013809177,0.06657905,1.0,0.9334862,0.19987574,0.28617433
0.097324304,0.04234714,0.014595142,0.033236675,0.026536854,0.0043922593,0.0068710404,0.071870424,1.0,0.68768054,0.038943987,0.038177356
0.03322971,0.023093367,0.0031863663,0.005096357,0.005821766,0.0012218494,0.0016342498,0.056306988,1.0,0.8987319,0.047115076,0.008983083
0.027090365,0.030982308,0.0021483074,0.002521644,0.005386919,0.0015269129,0.00063486415,0.020220757,0.56008244,1.0,0.09690782,0.0031850606
0.018801285,0.034833644,0.0022876218,0.006096075,0.01334126,0.0020037538,0.00088394765,0.006816788,0.34184763,1.0,0.1293692,0.0028283834
0.06905848,0.05000086,0.0042025954,0.020995669,0.024361098,0.0022671376,0.0022194588,0.0372513,0.6827077,1.0,0.100801624,0.007559043
0.13203795,0.03726309,0.012866871,0.052843623,0.021947207,0.002530477,0.005201111,0.14741287,1.0,0.47988698,0.02808214,0.026790239
0.12830597,0.01919588,0.028302493,0.06259813,0.008162358,0.0017462187,0.008348008,0.32534978,1.0,0.15672798,0.0075913924,0.057225846
0.088632055,0.010178426,0.02674116,0.053468525,0.0072146095,0.001200053,0.008885452,0.3933504,1.0,0.1455253,0.0094332015,0.045296103
0.052019868,0.020784296,0.009127074,0.019235909,0.007861685,0.004765833,0.009808056,0.28587487,1.0,0.66345567,0.27481368,0.05505573
0.015251402,0.0105783,0.0043138666,0.0031027799,0.0048270957,0.019510292,0.009557039,0.04129823,0.20392239,0.5471693,1.0,0.31836638
0.01029297,0.0034457347,0.0037318578,0.00205941,0.0032131234,0.01328443,0.006397855,0.013864449,0.06622668,0.29256842,1.0,0.33816072
0.010686878,0.00469862,0.009270777,0.00788095,0.0046721124,0.0074412734,0.04575689,0.477901,1.0,0.8102793,0.46452215,0.09239688
0.005541278,0.0013284885,0.006627766,0.0041417633,0.0014683431,0.003448205,0.1134121,1.0,0.7677152,0.11299486,0.012734252,0.014081368
0.01760644,0.0026270645,0.0029373702,0.0021319874,0.0006119487,0.0013184833,0.08732237,1.0,0.83148366,0.1018738,0.011496358,0.019631349
0.032674957,0.009132661,0.0019037751,0.0016514192,0.00084477506,0.0010849084,0.042398825,0.5412151,1.0,0.45731014,0.2087915,0.06154862
0.025881967,0.0066985805,0.0018610506,0.0015534795,0.0016522955,0.0031674614,0.01303906,0.0813024,0.2871825,0.40659344,1.0,0.4784196
0.016600577,0.0020715,0.0013318253,0.0014609296,0.002189203,0.0028063348,0.019079987,0.08898245,0.24556126,0.5315758,1.0,0.41100377
0.015440387,0.0020128884,0.002109727,0.0025194283,0.0017303895,0.0014320235,0.044772256,0.6422861,1.0,0.2873467,0.100202136,0.040208116
0.017098276,0.0016038303,0.0016073454,0.001996573,0.0004753908,0.000502368,0.029779224,0.6926305,1.0,0.087298475,0.004564646,0.014653992
0.025636462,0.008592637,0.0017564145,0.0011681475,0.00026390486,0.0007692105,0.0178306,0.40620285,1.0,0.48759118,0.070995614,0.010510017
0.016518624,0.019432737,0.004159788,0.0074788807,0.009893256,0.004455777,0.0111483615,0.05926801,0.30021402,1.0,0.22126897,0.009113591
0.04758382,0.02999864,0.024550935,0.036931545,0.04228798,0.039307848,0.06737912,0.27169365,0.6918079,1.0,0.23106661,0.03585223
0.15247728,0.13379627,0.09275776,0.08917216,0.089425616,0.09495766,0.23130324,0.74291915,1.0,0.74111325,0.3145549,0.21142821
0.56422454,1.0,0.9515142,0.5742309,0.22055675,0.1827093,0.21533503,0.30876142,0.39626577,0.4107019,0.34203246,0.46281964
0.15793636,0.55292845,1.0,0.7910644,0.28747052,0.1915129,0.111081645,0.05808891,0.072404474,0.0629127,0.07153881,0.09781205
0.14041966,0.42842835,0.6948945,1.0,0.7442899,0.4022514,0.21498393,0.18672661,0.14014252,0.11434583,0.078830235,0.0964604
0.37331495,1.0,0.79015654,0.8348859,0.8794148,0.6044565,0.58571756,0.9791907,0.8668907,0.5219435,0.42898366,0.3490361
0.25549713,0.39726803,0.38684055,0.4923213,1.0,0.58425987,0.3097759,0.6603488,0.8151445,0.44635338,0.24018541,0.19637044
0.698173,1.0,0.55387723,0.42864308,0.5725382,0.6324553,0.2377212,0.2159324,0.33452773,0.23680466,0.16081508,0.35320726
0.43864188,0.9699861,1.0,0.52961034,0.669458,0.5008393,0.16200827,0.04535949,0.045184344,0.02984003,0.022728542,0.17449552
0.24840948,0.35283533,0.8066664,0.4178342,1.0,0.28309822,0.049593862,0.010057741,0.0067216107,0.0076869032,0.004843435,0.09031269
0.120581806,0.1608579,0.4396024,0.21574557,1.0,0.22526437,0.011820866,0.003355212,0.0024760354,0.003561518,0.002051649,0.033613715
0.054952294,0.2092374,0.39854696,0.21406478,1.0,0.1682378,0.0088730445,0.0038151813,0.0030099414,0.0026179084,0.0012352973,0.016389286
0.12254151,0.6570772,0.5919148,0.42935324,1.0,0.098016344,0.008736933,0.0077901985,0.0050443197,0.0025583284,0.0022762052,0.011457429
0.38500735,1.0,0.40473437,0.4154539,0.36628056,0.04991964,0.012118384,0.008645262,0.0054458026,0.0034077114,0.009327996,0.047321692
0.04197312,0.1957998,0.21237706,0.5676693,1.0,0.0966858,0.0123985745,0.0042350064,0.0028254695,0.0012642983,0.0020583156,0.0129049495
0.015621036,0.18039763,0.51152325,0.5248337,1.0,0.17431661,0.021443423,0.004625514,0.0018039111,0.0007561204,0.0005487942,0.0018353384
0.034468852,0.17949331,0.9226239,0.9719965,1.0,0.32337108,0.109776065,0.016053535,0.00643958,0.003616391,0.0016673018,0.00502733
0.027756331,0.15934195,0.78399587,0.71663153,1.0,0.47337675,0.49170592,0.04326166,0.013119513,0.008572472,0.003720201,0.0068220943
0.026440423,0.28943893,0.8854756,0.39510188,0.98357487,0.55804104,1.0,0.07300732,0.014411953,0.011606714,0.0045978185,0.007950739
0.032453142,0.3213968,0.83221036,0.27505714,0.7413076,0.4727768,1.0,0.07399931,0.018007543,0.019311994,0.005158808,0.018587727
0.07283359,0.5421776,1.0,0.33906236,0.68554085,0.7668126,0.94649273,0.06117793,0.05151951,0.06846309,0.019243278,0.10909648
0.066935286,0.9975587,1.0,0.15447158,0.16189498,0.38293475,0.20000643,0.01939855,0.06741384,0.056546032,0.017851336,0.084614865
0.042432904,1.0,0.9842387,0.05024918,0.023770558,0.036880817,0.0179191,0.010525213,0.025421474,0.01679216,0.0025304263,0.0063140676
0.030044211,0.8529127,1.0,0.050246198,0.007347711,0.011304215,0.004936735,0.0032868062,0.012030073,0.0081029795,0.0007048635,0.0008519985
0.013536421,0.4920784,1.0,0.10253465,0.0037628126,0.00424473,0.002087803,0.0008408456,0.0059939297,0.01330441,0.0016945526,0.00029359534
0.0029834835,0.17366058,1.0,0.3243152,0.006628556,0.0011337947,0.0009042271,0.0003402143,0.0035756268,0.030164594,0.009303168,0.00026864157
0.00063954445,0.06499417,1.0,0.5438647,0.010813994,0.0008283333,0.00061545934,0.00017665296,0.0025593508,0.0430853,0.019347351,0.0004106801
0.00096194504,0.08432812,1.0,0.44016087,0.008033897,0.0006109886,0.0011024765,0.00021219495,0.0062847105,0.062206462,0.01922682,0.0006226455
0.004991962,0.22044317,1.0,0.26716375,0.0052963397,0.0009891355,0.0022097332,0.0006536835,0.042133085,0.17200351,0.02274202,0.0022840241
0.025146136,0.7502972,1.0,0.059345778,0.0019793438,0.001582489,0.001755967,0.0023949658,0.14399831,0.28615382,0.020310156,0.0074496646
0.036673374,1.0,0.98346007,0.036353588,0.0009903843,0.0008359856,0.00060479436,0.0025688221,0.11828908,0.1435971,0.0074010994,0.0064019393
0.031276982,0.9623098,1.0,0.034877017,0.0004387911,0.00036680448,0.00027682018,0.0015546737,0.09304707,0.14775226,0.007827896,0.003046391
0.01579672,0.6277603,1.0,0.06636672,0.0004748735,0.00010253887,9.597942e-05,0.0007261349,0.076685145,0.26588,0.034353178,0.0013345416
0.0064313705,0.3170191,1.0,0.24454163,0.004648706,7.562536e-05,3.4479486e-05,0.0003911146,0.06687188,0.5802274,0.2471,0.0069349823
0.0037409354,0.118435115,0.9302651,1.0,0.051981464,0.0009385509,0.00023421049,0.00031153057,0.03048199,0.71069634,0.84450245,0.03849425
0.0033024682,0.053827845,0.56964636,1.0,0.098074734,0.0050714356,0.0012143909,0.0006970429,0.0072143427,0.2008674,0.43628725,0.038254593
0.01820066,0.23087668,1.0,0.94568646,0.18344253,0.046320383,0.009076957,0.0041878885,0.07821266,0.71294916,0.53493637,0.05329092
0.026976371,0.70771325,1.0,0.15299751,0.06345785,0.01739055,0.0042978674,0.006798231,0.3045316,0.6872643,0.15051976,0.014119037
0.036560703,0.8734936,1.0,0.09175436,0.030908998,0.004819712,0.002482598,0.00856727,0.33459553,0.4151304,0.02907754,0.0027496782
0.022480154,0.5208895,1.0,0.13561323,0.031129416,0.0048622456,0.0022692683,0.004019346,0.23612691,0.74735725,0.09507151,0.00365799
0.033748362,0.37445396,0.91876864,0.20505862,0.028802482,0.0076295123,0.0044314363,0.005275998,0.20983191,1.0,0.16402884,0.006682392
0.4962051,1.0,0.4259752,0.045698244,0.018043132,0.020313533,0.028068911,0.025901465,0.118902326,0.16039659,0.036117356,0.12046362
0.83030474,1.0,0.32901677,0.21549796,0.22107126,0.10632904,0.061861992,0.07775318,0.14222515,0.1532519,0.094993055,0.2639188
0.6851617,0.4159748,0.39093953,1.0,0.7222871,0.3042884,0.1453172,0.45731223,0.63631654,0.33638766,0.25088415,0.48159882
0.6491838,0.58374614,0.8009473,1.0,0.4290977,0.43055302,0.2772716,0.513725,0.8223703,0.48801005,0.46978018,0.59616953
0.5380135,1.0,0.5070995,0.2060368,0.08165613,0.12818512,0.14049801,0.053843424,0.16719222,0.482655,0.613871,0.4771566
0.06045839,0.112911165,0.08744254,0.06662451,0.037530854,0.039259575,0.038464803,0.0079616355,0.052969374,0.89010876,1.0,0.15196869
0.04414394,0.03876861,0.019657409,0.050852474,0.06989473,0.020337688,0.0067127026,0.0033584554,0.085755154,1.0,0.8404214,0.060599912
0.18661223,0.0692058,0.0626044,0.17280783,0.1290592,0.036316663,0.020623678,0.031181136,0.16959637,1.0,0.6262694,0.15403397
0.40899423,0.4199261,0.47632715,0.4150531,0.1848635,0.19995038,0.369943,0.56576896,0.5203256,0.9538612,1.0,0.8908998
0.22295208,0.32223433,0.4417334,0.31523758,0.1064816,0.21557966,0.56273067,0.47647077,0.3871778,1.0,0.9002146,0.43849528
0.31604606,0.17671539,0.26179475,0.26525903,0.12951264,0.257313,0.48331535,0.3417053,0.3918985,0.46100447,1.0,0.35240662
0.55387837,0.23271717,0.36613077,0.42709553,0.35659388,0.7886465,0.5303829,0.40917474,0.78312063,0.42107326,1.0,0.53208035
0.3267294,0.16094622,0.09617683,0.070800826,0.27606833,1.0,0.5231443,0.26901904,0.57466,0.19168736,0.54355204,0.29972
0.45717686,0.22357628,0.07036017,0.050969586,0.18097757,1.0,0.7888432,0.576427,0.8743988,0.38504127,0.7519953,0.30899107
0.12639739,0.076285414,0.034337725,0.025194718,0.03972553,0.24203923,0.31091818,0.5166178,1.0,0.27916294,0.33427638,0.14398049
0.13539049,0.061568066,0.051330775,0.045254372,0.10293407,0.29077306,0.38287225,0.41056502,1.0,0.736298,0.5350851,0.28820586
0.20484494,0.08131441,0.13034046,0.18587072,0.25436193,0.8901534,0.5094286,0.2771233,0.5393828,1.0,0.9206074,0.44336376
0.6046742,0.41528964,0.26947603,0.2696261,0.34213752,0.47163498,0.53141093,0.33967838,0.30870825,0.6866119,1.0,0.5859747
1.0,0.76075315,0.45296636,0.5250581,0.63792974,0.7163872,0.83698326,0.7800684,0.9118533,0.6204499,0.48711142,0.5673258
0.94964063,0.95991844,0.55045474,0.3602171,0.3310196,0.3929401,0.69311184,0.9372139,1.0,0.596257,0.6342509,0.84080726
0.9510095,1.0,0.38832256,0.1497775,0.29261965,0.54196924,0.7262832,0.55182505,0.562919,0.9725509,0.93730134,0.6201727
0.37663984,0.406714,0.10340795,0.034780838,0.16903561,0.45947883,0.42678723,0.20771149,0.26170346,0.7257041,1.0,0.39846593
